date,event_type,description,hard_aspects,Jupiter_Saturn,Jupiter_Saturn_angle,Saturn_Uranus,Saturn_Uranus_angle,Uranus_Neptune,Uranus_Neptune_angle,Neptune_Pluto,Neptune_Pluto_angle,Saturn_Pluto,Saturn_Pluto_angle,Jupiter_Pluto,Jupiter_Pluto_angle,Jupiter_Uranus,Jupiter_Uranus_angle,Saturn_Neptune,Saturn_Neptune_angle,Jupiter_Neptune,Jupiter_Neptune_angle,Uranus_Pluto,Uranus_Pluto_angle
1756-05-17,war_start,Seven Years War begins,2,trine,121.29777422762211,none,38.27229076362107,none,139.68173052336107,none,129.33995084446263,none,52.706027868555225,none,68.59174635906689,none,159.57006499124319,opposition,177.95402128698214,sextile,60.748204485395746,square,90.9783186321763
1757-06-23,battle,Battle of Plassey,2,none,102.78168761234633,none,31.451977772913835,none,138.2015497933344,trine,127.71154436721687,sextile,62.63492806653488,none,40.14675954581145,none,134.23366538526017,none,169.65352756624824,square,87.56478482140542,square,94.08690583944872
1759-09-13,battle,Battle of Quebec,1,sextile,59.56798357069857,none,17.268164676772074,none,138.99319227927407,trine,124.09928103785455,none,79.6393620060993,none,20.07137843540073,none,76.83614824747065,none,156.26135695604614,none,144.17065947325528,square,96.90752668287138
1763-02-10,war_end,Treaty of Paris ends Seven Years War,2,none,14.174375726928066,conjunction,9.738543382737882,none,134.70339312673633,trine,127.9640397242533,none,107.07111053174825,trine,121.2454862586763,none,23.91291910966595,trine,124.96484974399846,none,110.7904740170704,square,97.33256714901034
1775-04-19,war_start,Battles of Lexington and Concord,1,none,132.0411720048746,trine,123.1848253786905,none,109.85489756017537,trine,126.29383061763892,trine,112.96390279912379,trine,114.99492519600162,conjunction,8.856346626184084,none,13.32992781851513,trine,118.71124418635947,trine,123.85127182218571
1776-07-04,political,US Declaration of Independence,0,none,98.95543541987215,trine,125.89304296821659,none,103.51248099707355,trine,125.1476749261293,none,102.76711295498626,none,158.2774516251416,none,26.937607548344445,none,22.380561971143038,none,76.57487344872911,none,131.33984407679714
1777-10-17,battle,Battle of Saratoga,1,none,72.47980674247026,none,139.76827551121104,none,102.8556448549829,trine,119.85848779147915,square,82.945857135251,none,155.42566387772126,none,67.28846876874078,none,36.912630656228146,none,35.567176086242114,none,137.28586735353795
1781-10-19,battle,Siege of Yorktown ends,1,none,17.082377937986394,none,163.44984875704506,square,93.52090346806811,trine,118.02315243413534,none,48.09420714515841,sextile,65.1765850831448,none,146.36747081905867,none,69.92894528897693,none,52.84656735099054,none,148.45594409779653
1783-09-03,war_end,Treaty of Paris recognizes USA,3,none,16.99511035952105,opposition,174.94257081177602,square,87.86318060794372,trine,119.21331517491012,none,32.13392497107782,none,15.138814611556768,none,168.06231882870293,square,87.0793902038323,none,104.07450056335335,none,152.92350421714616
1792-04-20,war_start,France declares war on Austria,4,opposition,177.09388255910912,none,111.7718327067416,none,73.55325192916789,trine,114.89696293798946,sextile,59.777952426101024,trine,117.31593013300807,none,71.13428473414928,opposition,174.6749153640905,conjunction,2.4189671950186096,opposition,171.54978513284266
1793-01-21,political,Louis XVI executed,4,none,148.40403917530867,trine,116.60539003587094,none,69.47687845986485,none,110.48997997889609,sextile,63.42775152536814,square,84.97628764994053,square,94.9905707888204,opposition,173.91773150426422,none,25.513692328955557,opposition,179.96685843876094
1794-07-27,political,Thermidorian Reaction,3,none,153.12955932296825,square,89.42841746661347,sextile,64.19167259916128,trine,114.18326257185575,square,92.1966473623695,sextile,60.932911960598744,trine,117.44202321041828,none,153.62009006577475,none,53.250350611257005,opposition,178.37493517101703
1796-03-02,military,Napoleon commands Army of Italy,3,none,102.14059349634113,square,88.33075213500271,sextile,62.73807556555468,none,109.29924588736881,none,99.63192641207377,conjunction,2.5086670842673016,none,169.5286543686562,none,151.0688277005574,none,106.79057880310151,opposition,172.0373214529235
1798-08-01,battle,Battle of the Nile,1,sextile,55.56948762068219,sextile,56.64573775911917,sextile,54.595429690328956,none,111.02191797484909,none,137.73691457570277,square,82.16742695502057,trine,112.21522537980135,none,111.24116744944813,none,166.8106550701303,none,165.61734766517804
1799-11-09,political,Napoleon coup of 18 Brumaire,2,none,39.418095213379814,none,45.74152962277162,none,49.0187573850873,none,106.05947118209855,none,159.18024181004253,trine,119.76214659666272,square,85.15962483615144,square,94.76028700785892,none,134.17838222123873,none,155.07822856718585
1802-03-25,war_end,Treaty of Amiens,4,conjunction,4.97667881038538,none,32.78105771670212,none,46.652406037413954,none,104.7519655952064,opposition,175.81457065067752,opposition,170.83789184029214,none,37.7577365270875,none,79.43346375411608,square,84.41014256450146,none,151.40437163262035
1803-05-18,war_start,Napoleonic Wars resume,1,none,12.11649660410481,none,23.79622391485404,none,44.623449903638544,none,106.00374006286961,opposition,174.4234138813622,none,162.30691727725738,none,11.679727310749229,none,68.41967381849258,sextile,56.30317721438777,none,150.62718996650815
1805-10-21,battle,Battle of Trafalgar,3,none,46.45198500247761,conjunction,1.5516437033263912,none,35.04871538406337,none,102.16405584105564,none,138.7644149284454,square,92.31242992596779,none,44.90034129915122,none,36.60035908738976,conjunction,9.851625915087851,none,137.212771225119
1805-12-02,battle,Battle of Austerlitz,2,none,50.7693107633888,conjunction,0.7612727012699168,none,34.17460295952992,none,100.43458102180196,none,133.84791128006196,square,83.07860051667316,none,51.53058346465872,none,33.413330258260004,none,17.355980505128798,none,134.60918398133188
1806-10-14,battle,Battles of Jena-Auerstedt,1,sextile,62.07157768758603,conjunction,4.287921840593356,none,32.9703001095026,none,101.66584179904763,none,130.34822006795687,none,68.27664238037084,none,66.35949952817938,none,28.682378268909247,none,33.38919941867678,none,134.63614190855023
1807-06-14,battle,Battle of Friedland,2,square,97.65319513729148,conjunction,7.779494747501559,none,34.111278968691835,none,102.87319070884175,none,129.20497493003202,none,31.551779792740547,none,105.43268988479304,none,26.331784221190276,none,71.3214109161012,none,136.98446967753358
1812-06-24,war_start,Napoleon invades Russia,1,opposition,170.504257260268,none,45.02094431778954,none,21.618884469688425,none,98.04335712355262,none,74.6412972754515,trine,114.8544454642805,trine,125.48331294247843,none,23.402059848101118,none,147.10219741216684,trine,119.66224159324105
1812-09-07,battle,Battle of Borodino,1,none,150.90101565832722,none,41.319502747552804,none,20.621872628196286,square,97.80299915311667,none,77.10536903376016,none,131.99361530791262,none,109.58151291077442,none,20.697630119356518,none,130.2033855389707,trine,118.42487178131296
1813-10-19,battle,Battle of Leipzig,2,none,129.88563756396368,none,47.27718637845689,none,17.3063581690715,square,95.30775486516939,sextile,65.336926655784,none,164.77743578025232,square,82.6084511855068,none,29.970828209385388,none,99.9148093545783,trine,112.61411303424089
1814-04-11,political,Napoleon abdicates,2,none,149.54526896992783,sextile,58.120922348277304,none,15.667178851828623,square,93.31788002168776,none,50.864136525239076,none,159.5905945048331,square,91.42434662165053,none,42.45374349644868,none,107.09152547347915,none,108.98505887351638
1815-03-20,political,Napoleon returns (Hundred Days),1,trine,123.09338352319486,sextile,62.32299601375365,none,13.029550118607403,square,91.59995432073862,none,42.30650842559237,none,165.39989194878723,sextile,60.77038750944121,none,49.29344589514625,none,73.79993762804861,none,104.62950443934602
1815-06-18,battle,Battle of Waterloo,2,none,130.85792071610967,none,67.75427748801826,none,14.307720250483953,square,94.67017892926128,none,41.223621691726976,opposition,172.08154240783665,sextile,63.103643228091414,none,53.44655723753431,none,77.41136347857537,none,108.97789917974524
1815-11-20,war_end,Second Treaty of Paris,1,none,98.65459688952652,sextile,60.450029092538045,none,12.258282694624086,square,92.09572202784796,none,43.903975629933996,none,142.5585725194605,none,38.20456779698847,none,48.19174639791396,none,50.462850491612556,none,104.35400472247204
1810-09-16,revolution,Mexican War of Independence begins,4,opposition,171.79210333936877,none,27.959134772854952,none,24.855893152456844,none,99.3739037747965,square,96.2706621543984,none,75.5214411849704,none,160.24876188777628,conjunction,3.1032416203981086,opposition,174.89534495976687,trine,124.22979692725335
1811-07-05,political,Venezuela declares independence,3,opposition,178.77096976601672,none,36.99975902750049,none,24.04067745267929,none,99.27011201987318,square,86.31103044505198,square,92.45993932096474,none,144.2292712064828,none,12.959081574821198,none,168.26994865916208,trine,123.31078947255247
1816-07-09,political,Argentina declares independence,1,trine,112.61122864106753,none,75.15672132540624,none,12.119211235045043,square,94.09531802787018,none,31.057807937508983,none,143.6690365785765,none,37.45450731566129,sextile,63.037510090361195,none,49.57371855070633,none,106.21452926291522
1818-02-12,political,Chile declares independence,4,sextile,61.8979306700553,none,77.28924893865627,conjunction,6.507627607749839,square,88.08522248948685,none,17.30360115858042,none,79.20153182863572,none,15.391318268600969,none,70.78162133090643,conjunction,8.88369066085113,square,94.59285009723669
1819-08-07,battle,Battle of Boyaca,5,none,48.21460485292408,none,99.47448412908528,conjunction,5.436274416269271,square,91.14203021149513,conjunction,2.896179501320887,none,45.318425351603196,none,51.2598792761612,square,94.03820971281601,none,45.82360485989193,square,96.5783046277644
1821-09-15,political,Central America independence,4,conjunction,3.586744838568272,trine,116.3742973007831,conjunction,1.138030357955472,square,88.63532183193502,none,26.60094511089261,none,30.18768994946089,trine,119.96104213935138,trine,115.23626694282763,trine,118.8230117813959,square,89.77335218989049
1822-09-07,political,Brazil declares independence,3,none,26.083029888313092,trine,126.54037239188716,conjunction,0.9136481546537425,square,87.73946037601331,none,39.714560170527555,sextile,65.79759005884065,none,152.62340228020025,trine,127.4540205465409,none,153.537050434854,square,86.82581222135957
1824-12-09,battle,Battle of Ayacucho,2,none,70.15228650040258,none,139.0442033553345,conjunction,5.7388298759966005,square,82.5805088241201,sextile,62.20252440721097,none,132.35481090761354,none,150.80351014426293,none,144.7830332313311,none,145.06468026826633,none,76.8416789481235
1821-03-25,revolution,Greek War of Independence begins,7,conjunction,9.098855138215171,none,101.91582387083946,conjunction,0.01897714643268955,square,85.335772382593,none,16.599028634679144,conjunction,7.500173496463958,square,92.81696873262428,none,101.93480101727215,square,92.83594587905696,square,85.31679523616032
1827-10-20,battle,Battle of Navarino,4,square,94.99967347097012,opposition,175.74584595199042,none,10.791406516189681,none,81.39562082426409,none,105.14163164391603,none,159.85869488511386,square,89.25448057703946,opposition,173.4627475318199,none,78.46307406084978,none,70.6042143080744
1829-09-14,war_end,Treaty of Adrianople,0,trine,114.7192779923038,none,169.36537568232475,none,14.902764682343616,none,79.96614959608416,trine,125.57123940393468,trine,119.70948260376153,sextile,54.64609769002095,none,154.46261099998114,none,39.743333007677336,sextile,65.06338491374055
1846-04-25,war_start,Mexican-American War begins,1,none,79.93400707332546,none,42.50666617356944,none,43.7861070088872,sextile,56.8511772602547,sextile,55.571736424936944,none,24.36227064838851,none,37.42734089975602,conjunction,1.2794408353177573,none,81.21344790864322,none,13.065070251367507
1847-09-14,battle,Fall of Mexico City,2,trine,127.49955933379906,none,38.602514495976436,none,48.86268602187039,sextile,58.17024534079758,none,47.910073814903626,none,79.58948551889542,square,88.89704483782262,none,10.260171525893952,none,137.759730859693,conjunction,9.307559318927215
1848-02-02,war_end,Treaty of Guadalupe Hidalgo,1,trine,120.56570205606553,none,33.328573993448686,none,45.56870482137231,sextile,55.62502098999738,none,43.3848901620737,none,77.18081189399183,square,87.23712806261688,none,12.240130827923679,none,132.8058328839892,none,10.056316168625045
1853-10-16,war_start,Crimean War begins,1,none,160.16675111800416,none,19.629279337614705,sextile,59.95227887753538,none,50.62961438259481,none,28.95194383255524,none,131.21480728544893,none,140.53747178038947,none,79.5815582151501,none,80.58519290285409,conjunction,9.322664494940536
1854-10-25,battle,Charge of the Light Brigade,1,none,144.87310227902,none,30.022996570661142,sextile,61.77269989327908,none,49.328331614128615,none,42.46736484981164,none,102.40573742920839,trine,114.85010570835885,square,91.7956964639402,none,53.07740581507977,none,12.444368279150495
1855-09-11,battle,Fall of Sevastopol,1,trine,124.14470564629596,none,38.42236905918195,sextile,63.98140910491412,none,47.70819506931866,sextile,54.69558309477746,none,69.44912255151849,square,85.722336587114,none,102.40377816409608,none,21.74092748219988,none,16.273214035595508
1856-03-30,war_end,Treaty of Paris ends Crimean War,3,square,92.91536719790349,none,35.70026674530876,sextile,59.85436125171856,none,44.89996872071657,none,50.65465927631072,none,42.26070792159277,sextile,57.215100452594754,square,95.5546279970273,conjunction,2.6392607991238037,none,14.954392531001957
1861-04-12,war_start,Fort Sumter attacked,1,none,16.078698306485023,square,83.73394157104948,none,69.39636598479251,none,38.62488824821071,trine,114.50541930763131,none,98.42672100114629,none,67.65524326456446,none,153.130307555842,none,137.05160924935697,none,30.77147773658183
1862-09-17,battle,Battle of Antietam,4,conjunction,9.156815646386576,square,95.03928607911848,none,77.97795560464505,none,38.47830548826144,none,134.5389361955021,none,143.69575184188867,none,104.19610172550506,opposition,173.01724168376353,opposition,177.8259426698499,none,39.4996501163836
1863-01-01,political,Emancipation Proclamation,1,none,19.50679164984959,none,107.59214824223962,none,76.5933645714227,none,38.32691118510765,none,145.85860162855465,none,165.36539327840427,trine,127.0989398920892,opposition,175.8144871863377,none,156.3076955364881,none,38.26645338631505
1863-07-03,battle,Battle of Gettysburg ends,2,none,18.36906769799188,square,97.5428175923014,none,75.95986474379693,none,35.966600654534226,none,137.5360816815641,none,155.90514937955598,trine,115.91188529029328,opposition,173.50268233609833,none,168.1282499659098,none,39.993264089262695
1864-09-02,battle,Fall of Atlanta,2,none,35.04189081241742,none,107.13655479394576,none,81.37482417699948,none,35.55350195065247,none,152.95787702029278,opposition,172.0002321672898,none,142.1784456063632,opposition,171.48862102905474,none,136.44673021663732,none,45.821322226347014
1865-04-09,war_end,Lee surrenders at Appomattox,1,sextile,61.374075994673404,trine,121.58435136413173,none,77.53976333863791,none,33.754004638067265,none,165.37011006470237,none,133.25581394062422,opposition,177.04157264119488,none,160.87588529723035,none,99.50180930255692,none,43.785758700570646
1865-04-14,assassination,Lincoln assassinated,1,sextile,61.8066005216842,trine,121.03949734265522,none,77.5198810524395,none,33.67598694926437,none,164.88339144583037,none,133.31000803248543,opposition,177.1539021356606,none,161.44062160490526,none,99.63402108322106,none,43.84389410317514
1870-07-19,war_start,Franco-Prussian War begins,2,opposition,173.01397542215773,none,150.51583740045652,square,90.69856911145422,none,26.958456434662533,none,145.7440499227518,none,27.269925499405907,none,36.47018717738578,trine,118.78559348808926,sextile,54.22838193406844,sextile,63.74011267679169
1870-09-02,battle,Battle of Sedan,2,opposition,178.31096311002347,none,146.91460075345913,square,93.60063244296684,none,27.459405729415103,none,146.9441725329891,none,34.744864356987414,none,31.396362356564325,trine,119.48476680357402,sextile,62.204270086402516,none,66.14122671355173
1871-01-18,political,German Empire proclaimed,1,none,163.25572704832058,none,159.61150961857078,square,95.27532215227663,none,27.87547644398626,none,132.98864467313888,none,30.267082375181715,none,37.132763333108656,none,105.11316822915262,sextile,58.142558819167974,none,67.39984570829037
1871-01-28,war_end,Paris surrenders,1,none,161.577412879885,none,161.12583602442032,square,94.70914084064694,none,27.710627083296473,none,131.87565021822923,none,29.70176266165577,none,37.2967510956947,none,104.16502313493274,sextile,57.41238974495224,none,66.99851375735048
1871-05-10,war_end,Treaty of Frankfurt,1,none,167.60612849662726,none,166.3439645930883,square,90.64098399391497,none,25.87206939292911,none,128.88712080592583,none,38.71900769070141,none,26.04990691028445,none,103.01505141299674,sextile,64.59107708363052,sextile,64.76891460098585
1904-02-08,war_start,Russo-Japanese War begins,4,none,42.57276847452334,none,43.85262716177198,opposition,175.1783046808031,none,14.687318031981007,trine,126.28175012544392,square,83.70898165092058,square,86.42539563629532,none,140.9690681574249,none,98.3962996829016,opposition,170.1343772872159
1905-05-27,battle,Battle of Tsushima,1,none,75.93945144621887,sextile,59.32860484317848,opposition,176.6517368203848,none,15.8554345006998,none,108.16422383573692,none,32.22477238951808,none,135.26805628939732,trine,124.01965833643672,none,48.08020689021788,none,167.4928286789154
1905-09-05,war_end,Treaty of Portsmouth,3,square,97.28652754856341,sextile,58.292961481394684,opposition,170.24622551294476,none,17.319839243092716,trine,114.14097376256785,none,16.854446214004454,none,155.5794890299581,none,131.46081300566055,none,34.17428545709717,opposition,172.43393524396254
1914-06-28,assassination,Archduke Franz Ferdinand killed,1,trine,121.79405181509665,none,132.68884539039485,none,166.1751865007846,none,26.337785009655278,conjunction,7.148556100734481,none,128.94260791583113,none,10.894793575298195,none,33.48634111038976,none,155.2803929254864,none,139.83740149112933
1914-07-28,war_start,Austria declares war on Serbia,2,none,128.22090873686255,none,137.4263380493058,none,168.35298133089034,none,26.747605655106113,conjunction,4.179037626478419,none,132.39994636334097,conjunction,9.205429312443243,none,30.926643281584532,none,159.1475520184471,none,141.60537567578422
1914-08-04,war_start,Britain declares war on Germany,2,none,129.8697724458801,none,138.47430260947507,none,168.88882850503683,none,26.863442232239976,conjunction,3.551083663321762,none,133.42085610920185,conjunction,8.604530163594973,none,30.414525895561738,none,160.28429834144185,none,142.02538627279682
1914-09-05,battle,First Battle of the Marne,3,none,136.64280992132322,none,142.50616176498264,opposition,171.13159419315662,none,27.44678654825465,conjunction,1.1786458799193156,none,137.82145580124254,conjunction,5.863351843659416,none,28.625432428173966,none,165.2682423494972,none,143.68480764490195
1915-04-25,battle,Gallipoli Campaign begins,1,none,99.7043542025408,none,132.92909410416078,none,162.33090905196264,none,27.260696247205885,conjunction,2.1411187005959817,none,101.84547290313674,none,33.22473990162001,none,29.401814947801867,none,129.10616915034262,none,135.07021280475675
1916-02-21,battle,Battle of Verdun begins,3,square,97.84810723649915,none,143.30003702257227,none,163.90689216166743,none,29.151326128531878,conjunction,8.544470989436718,square,89.30363624706243,none,45.45192978607315,none,20.60685513909516,trine,118.4549623755943,none,134.75556603313555
1916-07-01,battle,Battle of the Somme begins,1,none,77.77720549036296,none,149.48092649582793,none,162.35055973024848,none,28.52913925074502,none,15.659506016324471,sextile,62.11769947403849,none,71.70372100546496,none,12.869633234420547,square,90.6468387247835,none,133.82142047950344
1917-04-06,war_start,USA enters WWI,1,none,73.2608899566284,none,151.15153415752798,none,159.47660250417016,none,29.688375835656913,none,21.36330748901473,none,51.89758246761367,none,77.89064420089954,conjunction,8.325068346642183,none,81.58595830327059,none,129.78822666851323
1917-11-20,battle,Battle of Cambrai,2,none,66.89529283273502,opposition,174.52988498154295,none,167.09770075911004,none,31.916582120031265,none,39.348766342464174,none,27.54652649027085,none,107.63459214880794,conjunction,7.432184222432909,sextile,59.463108610302115,none,135.18111863907876
1918-03-21,battle,German Spring Offensive,1,sextile,61.97983398180679,none,162.23365422441026,none,158.77164533402353,none,31.041192825566398,none,34.503201715953125,none,27.476632265853667,none,100.25382024260347,conjunction,3.462008890386727,sextile,58.517825091420065,trine,127.73045250845712
1918-08-08,battle,Hundred Days Offensive begins,2,none,42.098650350187455,opposition,171.50404884756384,none,160.97599724216644,none,31.15144937468969,none,41.67950098008707,conjunction,0.419149370100385,none,129.40539849737638,none,10.52805160539738,none,31.570598744790075,none,129.82454786747678
1918-11-11,war_end,WWI Armistice,2,none,41.78532265961121,opposition,176.308297744085,none,165.51117979486008,none,32.901589815945954,none,51.082112277000874,conjunction,9.296789617389663,none,141.9063795963038,none,18.18052246105492,none,23.60480019855629,none,132.60958997891413
1918-07-17,political,Romanov family executed,2,none,43.96488101921611,none,167.94472153720233,none,159.37882815492063,none,30.8219358712646,none,39.3878292535463,conjunction,4.5770517656698075,trine,123.97984051798622,conjunction,8.5658933822817,none,35.39898763693441,none,128.55689228365603
1919-01-19,battle,Red Army captures Kiev,2,none,48.29046674071634,opposition,179.25590624556725,none,162.13620949835615,none,33.04272023811629,none,51.65060449419289,conjunction,3.3601377534765504,none,132.4536270137164,none,18.607884256076602,none,29.682582484639738,none,129.09348926023986
1920-11-14,battle,White Army evacuates Crimea,1,conjunction,7.39252606672855,none,159.2030464187639,none,162.00672144894418,none,35.08416752253001,none,73.87439965482193,none,66.48187358809338,none,166.59557248549245,none,38.79023213229192,none,31.39770606556337,trine,126.92255392641417
1922-12-30,political,USSR established,1,none,23.66669057375941,none,141.0662927926282,none,157.39787711300846,none,37.56740294546255,none,99.1032330398259,trine,122.7699236135853,trine,117.39960221886878,sextile,61.53583009436335,square,85.20252066812276,trine,119.8304741675459
1936-07-17,war_start,Spanish Civil War begins,3,square,96.83166681884748,none,46.88310525155413,trine,125.45685171495268,none,47.820729344391566,trine,124.51922762211521,none,138.6491055590373,none,143.71477207040158,opposition,172.33995696650678,square,90.82837621464574,none,77.63612237056111
1937-04-26,battle,Bombing of Guernica,1,sextile,63.38475369340472,none,39.22289128463702,trine,127.07801439525039,none,49.87922954030563,trine,116.42167613958179,opposition,179.80642983298648,none,102.60764497804172,none,166.30090567988742,none,130.3143406267079,none,77.19878485494476
1939-04-01,war_end,Spanish Civil War ends,1,none,28.453584940172846,none,26.026424267089393,trine,125.7083751011885,none,52.1998163528481,none,99.53498301542977,trine,127.98856795560263,sextile,54.48000920726224,none,151.7347993682779,opposition,179.81161569154926,none,73.50855874834039
1939-09-01,war_start,Germany invades Poland,1,none,23.97640387508249,none,20.984967407275242,trine,120.54009499784152,none,50.40873469549176,square,91.11632770962501,trine,115.0927315847075,none,44.96137128235773,none,141.52506240511676,none,165.50146628019925,none,70.13136030234976
1939-09-03,war_start,Britain and France declare war,1,none,24.11730196209666,none,21.043015737305115,trine,120.62075478606084,none,50.43477265784752,square,91.22899786551845,trine,115.34629982761511,none,45.16031769940177,none,141.66377052336597,none,165.78107248546263,none,70.18598212821334
1940-05-10,battle,Germany invades Western Europe,3,conjunction,7.721767360212553,none,15.477515117430535,trine,121.02356470841723,none,52.10443002435713,square,84.39664980149064,square,92.11841716170318,none,23.199282477643088,none,136.50107982584777,none,144.2228471860603,none,68.9191346840601
1940-05-26,battle,Dunkirk evacuation begins,3,conjunction,6.049425503616156,none,14.44253088891979,trine,119.96431566107364,none,51.73767276544352,square,82.66917378454991,square,88.71859928816606,none,20.491956392535947,none,134.40684654999342,none,140.45627205360958,none,68.2266428956301
1940-06-22,war_end,France surrenders,2,conjunction,3.4476529539996505,none,12.945973336875944,trine,118.59312240907227,none,51.24088523681115,none,80.29821050913705,square,83.74586346313671,none,16.393626290875595,none,131.5390957459482,none,134.98674869994787,none,67.35223717226111
1940-07-10,battle,Battle of Britain begins,1,conjunction,1.9177608657433254,none,12.177167774699626,trine,118.05273357762246,none,51.033683393791605,none,79.1962179585305,none,81.11397882427381,none,14.094928640442951,none,130.2299013523221,none,132.14766221806542,none,67.01905018383087
1941-06-22,war_start,Operation Barbarossa,2,none,12.736766458855108,conjunction,4.710722035860513,trine,116.7832031244603,none,52.01828616923882,none,69.47563899108198,sextile,56.73887253222688,conjunction,8.026044422994595,trine,121.4939251603208,none,108.7571587014657,sextile,64.76491695522148
1941-12-07,war_start,Pearl Harbor attack,1,none,23.032043329601613,conjunction,4.14394940743594,trine,122.04166166906043,sextile,54.11812657265287,none,72.0674845038435,none,49.03544117424188,none,18.888093922165673,trine,126.18561107649637,none,103.15356774689475,none,67.92353509640756
1942-06-04,battle,Battle of Midway,2,none,25.219089183999515,conjunction,2.257303837247406,trine,115.91300976343562,none,53.127588232489686,sextile,60.52811769369853,none,35.30902850969902,none,27.47639302124692,trine,113.65570592618822,square,88.4366167421887,sextile,62.78542153094594
1942-08-23,battle,Battle of Stalingrad begins,1,none,34.62586508926648,conjunction,7.1175479366421115,trine,114.05713124061909,none,52.43281371516099,sextile,54.506769588815985,none,19.8809044995495,none,41.743413025908595,none,106.93958330397697,none,72.31371821471049,sextile,61.624317525458096
1943-02-02,battle,Germans surrender at Stalingrad,1,none,41.78577685782909,conjunction,5.012731023375608,trine,121.232704189405,sextile,55.864852895084326,sextile,60.355120270945065,none,18.569343413115973,none,46.7985078812047,trine,116.21997316602939,none,74.4341963082003,sextile,65.36785129432067
1943-07-10,battle,Allied invasion of Sicily,1,none,41.90236514144486,none,13.056614082684888,trine,112.39897019289904,none,53.250455930086176,none,46.09190018012798,conjunction,4.189535038683118,sextile,54.95897922412975,none,99.34235611021415,sextile,57.439990968769294,sextile,59.14851426281287
1943-09-08,war_end,Italy surrenders,2,none,49.363121612964505,none,16.91853004148804,trine,112.33412121824314,none,53.241388608342646,none,42.174202568412454,conjunction,7.188919044552051,none,66.28165165445255,square,95.4155911767551,none,46.052469563790595,sextile,59.092732609900494
1944-06-06,battle,D-Day Normandy invasion,1,none,52.990204175865514,none,18.872465223330934,trine,112.13461543931501,sextile,54.56468399668883,none,38.69746621929525,none,14.292737956570264,none,71.86266939919645,square,93.26215021598408,none,40.271946040118564,sextile,57.569931442626185
1944-08-25,battle,Liberation of Paris,2,sextile,58.6356616929432,none,24.93355430830944,none,109.92679595607768,none,53.767320987670956,none,31.225920660097287,none,27.409741032845915,square,83.56921600125264,square,84.99324164776824,none,26.35757995482504,sextile,56.15947496840673
1944-12-16,battle,Battle of the Bulge,2,none,78.04954947990605,none,27.775138424139342,trine,115.73057054051233,sextile,56.29715503273488,none,31.65827708363811,none,46.39127239626794,none,105.82468790404539,square,87.95543211637299,conjunction,9.905882636466941,sextile,59.433415507777454
1945-04-30,political,Hitler suicide,2,none,71.31817518053997,none,25.25644639652093,trine,112.90760001878172,sextile,56.23710465343511,none,31.414048968825682,none,39.904126211714285,square,96.5746215770609,square,87.6511536222608,none,16.332978441720826,sextile,56.67049536534661
1945-05-08,war_end,VE Day,2,none,70.31206513859824,none,25.58408898461694,trine,112.3203507815746,sextile,56.028915538563595,none,30.707346258394068,none,39.604718880204175,square,95.89615412321518,square,86.73626179695766,none,16.42419665835942,sextile,56.29143524301101
1945-08-06,military,Hiroshima atomic bomb,1,none,68.10167068146107,none,31.765960438752458,none,107.85862320079025,sextile,54.38773257465513,none,21.704930187382658,none,46.396740494078415,none,99.86763112021353,none,76.09266276203779,conjunction,7.990992080576717,none,53.470890626135116
1945-08-09,military,Nagasaki atomic bomb,1,none,68.29448821688428,none,32.0184752630705,none,107.82765931073341,sextile,54.379024156760806,none,21.430159890902104,none,46.86432832598217,none,100.31296347995477,none,75.80918404766291,conjunction,7.514695830778635,none,53.4486351539726
1945-09-02,war_end,Japan surrenders,1,none,70.37965880268352,none,34.039228356760546,none,107.92071418035212,sextile,54.445427740116315,none,19.43605808347526,none,50.94360071920826,none,104.41888715944407,none,73.88148582359158,conjunction,3.5018270209080526,none,53.475286440235806
1950-06-25,war_start,North Korea invades South,1,opposition,173.45377464724243,none,68.91787495209896,none,99.49948772670662,sextile,58.071045478928454,none,27.48943270432079,none,159.05679264843678,trine,117.62835040065863,none,30.581612774607663,none,142.87216187263476,none,41.428442247778165
1950-09-15,battle,Inchon Landing,1,none,157.3507652018177,none,73.52210687230267,square,97.08426158107959,sextile,57.29785572706001,none,33.735701018283095,none,168.9135337798992,none,129.12712792587962,none,23.562154708776916,none,133.78861049304078,none,39.78640585401958
1950-10-19,battle,China enters Korean War,2,none,150.888230323405,none,77.25455390368343,square,97.92577039610698,sextile,57.80971301668606,none,37.13849652426251,opposition,171.9732731523325,none,131.85721577291156,none,20.671216492423554,none,130.21701383098144,none,40.11605737942092
1953-07-27,war_end,Korean Armistice signed,3,trine,123.85114189164896,square,91.73671641929458,square,91.53032010453411,sextile,58.96058820876178,sextile,59.166984523522245,sextile,64.68415736812672,none,32.114425472354384,conjunction,0.20639631476046816,trine,123.6447455768885,none,32.569731895772335
1955-11-01,war_start,Vietnam War begins,4,square,83.74684787825726,none,109.65565772951173,square,86.04777347727465,sextile,59.96786328829904,square,83.57574754053613,conjunction,0.17110033772112843,none,25.908809851254475,none,23.607884252237085,sextile,60.13896362602017,none,26.079910188975603
1964-08-02,military,Gulf of Tonkin incident,4,none,79.92219758801036,opposition,174.75293936609452,none,66.54068183116806,sextile,62.26908942344977,opposition,170.48134695837624,none,109.59645545361337,none,105.32486304589509,none,108.21225753492647,opposition,171.86554487706314,conjunction,4.271592407718288
1965-03-08,war_start,US ground troops arrive,4,none,72.33861712587543,opposition,176.23218823630307,none,67.34482801824231,sextile,64.97356517515519,opposition,173.86092539321595,trine,113.80045748090859,none,111.42919463782147,none,108.88736021806076,opposition,178.77402265606378,conjunction,2.3712628430871234
1968-01-30,battle,Tet Offensive,3,none,145.50602286852546,opposition,170.91642212445262,sextile,57.406604830279804,sextile,63.7800680555855,none,164.54295889914692,none,19.03693603062146,none,25.41039925592716,none,131.67697304526757,square,82.81700408620696,conjunction,6.373463225305699
1969-06-08,military,Nixon begins troop withdrawal,3,none,141.83134808600835,none,145.20962937968875,sextile,56.9200764069154,sextile,64.37216650396559,none,137.75753928263856,conjunction,4.073808803369815,conjunction,3.3782812936803737,none,157.87029421339588,sextile,60.29835770059577,conjunction,7.452090097050188
1973-01-27,war_end,Paris Peace Accords,2,none,139.91345270472752,none,129.15592346678622,none,43.907072294157786,sextile,62.66980019268868,none,110.39319556825532,none,109.69335172701716,square,90.93062382848626,opposition,173.062995760944,none,47.023551534328476,none,18.762727898530898
1975-04-30,war_end,Fall of Saigon,3,square,93.75853312014489,none,106.14501822023446,none,41.18361347431696,sextile,64.17845512693913,square,83.15017656761229,opposition,176.90870968775718,none,160.09644865962065,none,147.3286316945514,trine,118.91283518530369,none,22.99484165262217
1967-06-05,war_start,Six-Day War begins,1,none,111.77860769039938,none,159.84660470475472,sextile,62.103640018486004,sextile,64.4247453567744,none,157.52549936646633,none,45.746891676066966,none,48.067997014355356,none,138.04975527675927,none,110.17163703284136,conjunction,2.3211053382883904
1967-06-10,war_end,Six-Day War ends,1,trine,112.32413969689927,none,159.52325777361995,sextile,61.93777689280461,sextile,64.2797306059548,none,157.18130406046976,none,44.857164363570504,none,47.199118076720694,none,138.53896533357545,none,109.1368949695253,conjunction,2.3419537131501897
1973-10-06,war_start,Yom Kippur War begins,1,none,152.25357303357413,none,108.13029011559924,none,42.570894220115946,sextile,60.72091043283757,square,89.98027390287761,trine,117.76615306354824,none,99.61613685082662,none,150.7011843357152,sextile,57.045242630710675,none,18.150016212721624
1973-10-25,war_end,Yom Kippur ceasefire,1,none,151.23078129037063,none,109.28161788212714,none,41.9325030039266,sextile,60.577128303700874,square,90.63699258235286,trine,118.13222612727651,none,99.48760082750223,none,151.21412088605373,sextile,57.555097823575636,none,18.644625299774276
1979-12-24,war_start,Soviet invasion of Afghanistan,1,none,16.61697348357754,sextile,56.817362176670116,none,26.9756070211902,sextile,59.1614995705595,none,24.631469627300817,none,41.248443110878355,none,73.43433566024765,square,83.79296919786032,none,100.40994268143785,none,32.1858925493693
1989-02-15,war_end,Soviet withdrawal complete,3,none,136.68147458298853,conjunction,6.389502874008258,conjunction,7.3393809350322385,sextile,56.31636476555565,sextile,55.36648670453167,none,167.9520387124798,none,143.0709774569968,conjunction,0.9498780610239805,none,135.73159652196455,none,48.97698383052341
1982-04-02,war_start,Argentina invades Falklands,1,none,18.841846970636425,none,44.95798436272881,none,22.65641903464413,sextile,61.11793039897145,conjunction,6.496472998401487,none,12.345373972234938,none,26.116137392092384,none,67.61440339737294,none,48.772556426736514,none,38.46151136432732
1982-06-14,war_end,Argentina surrenders,2,none,15.190625308914889,none,46.2500652026182,none,23.980842220280664,sextile,61.51415745855667,conjunction,8.716749964342199,conjunction,6.47387534457269,none,31.059439893703313,none,70.23090742289887,sextile,55.04028211398398,none,37.533315238276
1990-08-02,war_start,Iraq invades Kuwait,3,opposition,174.10411980931224,none,14.340265088786168,conjunction,6.138252006293612,sextile,57.48438771576181,sextile,65.68640079825437,none,108.41771901105787,none,159.76385472052607,conjunction,8.202013082492556,none,165.90210672681968,none,51.3461357094682
1991-01-17,war_start,Operation Desert Storm begins,1,none,167.5080656589645,none,16.900330673505096,conjunction,4.030550034234011,sextile,54.73759793941028,none,67.60737857868136,none,99.90068708028315,none,150.60773498545942,none,12.869780639271085,none,154.63828501969343,none,50.70704790517627
1991-02-28,war_end,Gulf War ceasefire,2,opposition,177.42436024035675,none,19.5662585192631,conjunction,3.2863785579642695,sextile,55.74188228515297,none,72.0217622464518,none,105.40259799390496,none,157.85810172109365,none,16.279879961298832,none,161.14448027905792,none,52.4555037271887
1991-06-27,war_start,Slovenian War begins,3,opposition,171.8581297320907,none,23.441273689981358,conjunction,3.5598838303341154,sextile,57.832963108534244,none,77.71435296818149,square,94.14377676390922,none,148.41685604210934,none,19.881389859647243,none,151.97673987244346,sextile,54.27307927820013
1991-08-25,war_start,Croatian War begins,1,none,155.30462171955176,none,21.38322636168084,conjunction,4.1636335682633785,sextile,56.474439427646956,none,73.69403222106442,none,81.61058949848734,none,133.92139535787092,none,17.219592793417462,none,138.0850289261343,none,52.31080585938358
1992-04-06,war_start,Bosnian War begins,2,none,160.83458376254626,none,28.45105965053915,conjunction,0.9889592836655083,sextile,56.42052149781978,square,83.88262186469342,none,76.95196189785284,none,132.3835241120071,none,27.462100366873642,none,133.37248339567262,sextile,55.43156221415427
1995-07-11,massacre,Srebrenica massacre,2,none,108.45422947186964,sextile,55.82741895489909,conjunction,4.5859023701294745,sextile,56.28801272270411,trine,116.70133404773267,conjunction,8.247104575863034,none,52.62681051697055,sextile,60.41332132502856,none,48.040908146841076,sextile,60.873915092833585
1995-12-14,war_end,Dayton Agreement,2,square,82.96014961755884,none,50.03774278758584,conjunction,4.353242996040763,none,52.735799443700074,none,107.12678522732668,none,24.166635609767837,none,32.922406829973,sextile,54.390985783626604,none,28.569163833932237,sextile,57.08904243974084
1999-03-24,war_start,NATO bombing of Yugoslavia,1,none,23.33313506669652,none,77.08294189983951,none,11.589209866839042,none,53.39411745796602,none,142.0662692246446,trine,118.73313415794809,none,53.749806833143,square,88.67215176667855,sextile,65.33901669998204,sextile,64.98332732480506
1999-06-10,war_end,Kosovo War ends,2,none,15.270084251462706,square,85.49264151553149,none,12.579425712829163,sextile,55.213691458500506,none,153.28575868686116,none,138.01567443539847,none,70.22255726406877,none,98.07206722836065,square,82.80198297689793,none,67.79311717132967
2001-10-07,war_start,US invades Afghanistan,1,none,29.72178480181647,trine,113.73409746883121,none,15.111714103467193,none,52.94189647871781,opposition,178.2122919489838,none,148.4905071471673,none,143.4558822706477,none,128.8458115722984,none,158.56759637411488,none,68.053610582185
2003-03-20,war_start,US invades Iraq,2,none,45.629513123331094,trine,112.25418577419666,none,18.171822441555378,none,52.39645506363644,opposition,177.17753672061153,none,131.54802359728043,none,157.88369889752775,none,130.42600821575203,opposition,176.05552133908313,none,70.56827750519182
2003-12-13,military,Saddam Hussein captured,1,none,66.94251340965315,none,131.82021676909042,none,18.285323645239885,none,51.32081249147626,none,158.57364709419343,square,91.63113368454029,none,161.23726982125643,none,150.1055404143303,none,142.95194617601655,none,69.60613613671615
2011-05-02,military,Osama bin Laden killed,3,none,169.16495313590295,opposition,170.98177653131486,none,32.146030905281236,none,53.282263988379725,square,85.55348163765393,none,105.28156522644312,none,19.853270332782195,none,138.83574562603366,none,51.999301238063424,square,85.42829489366096
2011-12-18,war_end,US troops leave Iraq,2,opposition,176.85092313060045,none,153.358587653551,none,32.111514146511354,none,51.71681199929884,none,69.53026150774082,trine,113.61881536165873,none,29.79048921584856,trine,121.24707350703966,sextile,61.90200336235989,square,83.8283261458102
2021-08-30,war_end,US withdrawal from Afghanistan,1,none,17.648518330929846,square,96.52538479356497,none,52.55736606129375,sextile,57.560244624243126,none,13.592225891971907,none,31.240744222901753,none,78.87686646263512,none,43.96801873227122,none,26.319500401341372,none,110.11761068553687
2008-08-07,war_start,Russo-Georgian War,1,trine,125.57111101621484,none,166.49633445335354,none,28.941824764027217,sextile,54.30293563172296,none,110.25890515089628,none,15.31220586531856,none,67.93255453043162,none,164.56184078261924,none,38.9907297664044,square,83.24476039575018
2014-02-27,war_start,Crimea annexation begins,3,none,132.78870232879126,none,137.3006897076355,none,35.423777220337,none,52.15140616038849,none,49.72550632691002,opposition,177.48579134429872,square,89.91060796357321,none,101.87691248729851,trine,125.33438518391023,square,87.57518338072549
2022-02-24,war_start,Russia invades Ukraine,2,none,24.4977384381678,square,83.12127280476687,none,49.16552222387145,sextile,54.58036953369435,none,20.624618952798926,none,45.12235739096673,sextile,58.623534366599074,none,33.955750580895426,conjunction,9.458012142727625,none,103.7458917575658
1688-11-05,revolution,Glorious Revolution begins,2,none,81.95894119897216,none,158.67427061266497,none,72.97841824902537,none,136.92065434027282,square,94.73203452141752,opposition,176.69097572038967,trine,119.36678818836288,none,128.34731113830966,none,46.38836993933751,sextile,63.942236091247445
1689-02-13,political,William and Mary crowned,2,square,96.16551903717672,none,168.03443720089825,none,69.00688019685111,none,133.3195900057783,none,103.72172739197109,none,160.1127535708522,square,95.800043761925,trine,122.9586826022506,none,26.793163565073883,sextile,64.31270980892717
1789-05-05,political,Estates-General convenes,2,trine,123.06993946486199,none,130.616039021816,none,80.19641711531678,trine,117.84781221495493,none,31.339731647912288,none,154.40967111277428,conjunction,7.546099556954033,none,149.18754386286722,square,87.74251667227081,none,161.95577066972828
1789-06-20,political,Tennis Court Oath,1,none,128.480737787985,none,129.8616837161157,none,77.58032612896334,trine,118.42824473848651,none,34.129745416434446,none,162.61048320441944,conjunction,1.3809459281307,none,152.55799015492096,none,78.96127205709404,none,163.99142913255014
1789-07-14,revolution,Storming of the Bastille,1,none,133.47339022047572,none,131.18727533039396,none,76.20738660720892,trine,118.023724237665,none,34.58161382473213,none,168.05500404520785,conjunction,2.2861148900817767,none,152.60533806239712,none,73.92127171712714,none,165.7688891551261
1789-08-26,political,Declaration of Rights of Man,2,none,144.93708335696732,none,135.85347819375545,none,74.36487112792263,trine,116.33880191554888,none,33.44284876277305,opposition,178.37993211974037,conjunction,9.083605163211885,none,149.78165067832194,sextile,65.28126596471074,none,169.2963269565285
1791-06-21,political,Flight to Varennes,1,none,155.6525853963727,trine,114.31614342619606,none,73.05201726217078,trine,116.98131450384108,sextile,55.65052480779207,none,148.69688979583523,none,41.33644197017662,opposition,172.63183931163314,none,31.715575291994156,none,169.96666823398814
1792-09-22,political,First French Republic,4,opposition,177.90446297562966,none,110.94263188132629,none,66.68882942758984,trine,113.09638334317964,none,69.27215534790423,none,108.63230762772542,none,71.15290514304405,opposition,177.63146130891613,conjunction,4.464075715454214,opposition,179.78521277076948
1793-01-21,political,Louis XVI guillotined,4,none,148.40403917530867,trine,116.60539003587094,none,69.47687845986485,none,110.48997997889609,sextile,63.42775152536814,square,84.97628764994053,square,94.9905707888204,opposition,173.91773150426422,none,25.513692328955557,opposition,179.96685843876094
1793-10-16,political,Marie Antoinette executed,2,none,161.5337894360559,none,103.66389674738107,sextile,64.00179167645246,none,111.2955300104208,none,81.03878156574564,none,80.49500787031025,square,94.80231381656301,none,167.66568842383353,none,30.80052214011056,opposition,175.29732168687326
1794-07-27,political,Fall of Robespierre,3,none,153.12955932296825,square,89.42841746661347,sextile,64.19167259916128,trine,114.18326257185575,square,92.1966473623695,sextile,60.932911960598744,trine,117.44202321041828,none,153.62009006577475,none,53.250350611257005,opposition,178.37493517101703
1848-01-12,revolution,Sicilian Revolution,1,trine,125.2796939031906,none,35.001746740843714,none,45.767374763661564,sextile,56.2421644981892,none,45.47653647537135,none,79.80315742781923,square,90.27794716234686,none,10.76562802281785,none,136.04532192600846,none,10.474789734527638
1848-02-22,revolution,French Revolution of 1848,2,trine,116.76351656140764,none,31.76281109760214,none,45.60580876799702,sextile,55.11666215921883,none,41.273664488823954,none,75.48985207258369,square,85.00070546380552,none,13.84299767039488,none,130.60651423180252,conjunction,9.51085339122182
1848-03-13,revolution,Austrian Revolution,2,trine,114.12340419720672,none,30.306475248679988,none,45.85829189077941,sextile,54.729765633658815,none,39.17794899155939,none,74.94545520564735,square,83.81692894852671,none,15.551816642099425,none,129.67522083930615,conjunction,8.871473742879367
1848-03-18,revolution,Berlin Revolution,2,trine,113.669421995108,none,29.96733384222796,none,45.952934037360706,sextile,54.65589901608877,none,38.67029882095602,none,74.99912317415195,square,83.70208815288002,none,15.985600195132747,none,129.65502219024074,conjunction,8.702964978728069
1848-03-22,revolution,Milan Five Days,2,trine,113.36617497940182,none,29.70439577523655,none,46.03707816894462,sextile,54.60385304370703,none,38.271170649998965,none,75.09500432940283,square,83.66177920416528,none,16.33268239370807,none,129.6988573731099,conjunction,8.566774874762451
1848-04-10,revolution,Chartist movement peak,2,trine,112.64346802836599,none,28.57009668121566,none,46.53104153972794,sextile,54.44622678350686,none,36.48528192499458,none,76.15818610337136,square,84.0733713471503,none,17.960944858512278,none,130.60441288687826,conjunction,7.915185243778929
1848-06-23,revolution,June Days uprising Paris,3,trine,119.85850644776016,none,26.612172688485202,none,49.26780341800463,sextile,55.19539067430537,none,32.53975994478594,square,87.31874650297422,square,93.24633375927499,none,22.65563072951943,none,142.5141371772796,conjunction,5.927587256300761
1848-12-02,political,Franz Joseph becomes Emperor,2,none,153.83693418558346,none,29.92828670612397,none,48.624388093118284,sextile,56.22889602631551,none,37.532794639321196,trine,116.30413954626226,trine,123.90864747945946,none,18.696101386994314,opposition,172.53303557257777,conjunction,7.604507933197194
1859-06-24,battle,Battle of Solferino,2,none,37.012650898512334,sextile,65.05155748933875,none,68.09611972497157,none,41.04390517776392,square,92.1037720365464,sextile,55.09112113803407,none,28.038906590826414,none,133.1476772143103,square,96.13502631579797,none,27.052214547207655
1860-05-11,military,Garibaldi lands in Sicily,0,none,28.969818031794745,none,72.77339614989185,none,68.0891778729108,none,39.60326119168269,none,101.25931283111993,none,72.28949479932518,none,43.80357811809711,none,140.86257402280262,none,111.89275599100787,none,28.485916681228076
1861-03-17,political,Kingdom of Italy proclaimed,1,none,16.447848600423413,square,86.11860554273522,none,69.42856349030086,none,39.067955554412436,trine,116.47921347862366,none,100.03136487820025,none,69.67075694231181,none,155.54716903303608,none,139.09932043261267,none,30.36060793588844
1866-07-03,battle,Battle of Sadowa,2,square,83.78583756470314,trine,121.12213321571747,none,81.75489002234801,none,32.07086568331583,opposition,170.80615755474966,none,105.4080048805472,none,155.0920292195794,none,157.12297676193452,none,73.33713919723135,none,49.684024339032185
1867-03-30,political,Alaska Purchase,3,square,93.45748832417536,none,139.09006063412926,square,82.05478215650477,none,31.469492706189527,opposition,170.32464991555548,none,76.86716159138012,trine,127.45245104169538,none,138.85515720936598,none,45.397668885190626,none,50.585289450315244
1871-01-18,political,German Empire proclaimed,1,none,163.25572704832058,none,159.61150961857078,square,95.27532215227663,none,27.87547644398626,none,132.98864467313888,none,30.267082375181715,none,37.132763333108656,none,105.11316822915262,sextile,58.142558819167974,none,67.39984570829037
1868-01-03,revolution,Meiji Restoration begins,2,square,93.46488697000368,none,141.00235365956826,square,88.47387525806711,none,31.945990234433246,none,162.46976131679787,none,69.00487434679417,trine,125.53275937042804,none,130.52377108236462,none,37.05888411236094,sextile,56.52788502363386
1899-11-02,revolution,Boxer Rebellion begins,3,none,32.629454730364614,none,14.411937229957573,none,159.86227815833178,none,10.398690190837371,opposition,175.3270944208733,none,152.0434508487621,none,18.21751750040704,opposition,174.27421538828935,none,141.64476065792473,opposition,170.26096834916913
1905-01-22,revolution,Bloody Sunday Russia,1,sextile,61.667668977876474,none,48.99696650592881,opposition,175.8138289015776,none,16.11643718695676,trine,119.07276740553684,sextile,57.40509842766036,none,110.66463548380528,none,135.18920459249358,none,73.52153561461712,none,168.06973391146565
1905-10-30,political,October Manifesto Russia,2,none,98.35692313145063,sextile,54.889409614121746,opposition,170.97006213289083,none,17.846605552935102,trine,116.29392270005232,none,17.936999568601678,none,153.24633274557237,none,134.14052825298742,none,35.78360512153678,opposition,171.18333231417407
1911-10-10,revolution,Wuchang Uprising China,2,opposition,177.7106153967393,trine,113.60658576536858,opposition,178.2984982648078,none,24.722943508537497,none,39.9689689909017,none,137.74164640583763,none,68.68279883789211,sextile,64.6919124994392,trine,113.01870289730012,none,153.57555475627026
1912-02-12,political,Qing Dynasty ends,1,none,152.13743601826286,none,103.29687092248145,opposition,170.8966546655432,none,24.521842833979846,none,43.07794090908189,none,164.78462307265528,none,48.840565095781386,none,67.59978374306174,none,140.26278023867542,none,146.37481183156336
1917-02-23,revolution,February Revolution begins,3,square,82.67079470760933,none,153.959538466609,none,162.1628817020212,none,30.27647234835014,none,22.073129112937934,sextile,60.597665594671405,none,71.28874375899966,conjunction,8.203343235412206,square,90.87413794302154,none,131.88640935367104
1917-03-02,political,Tsar Nicholas II abdicates,2,none,81.04798801470618,none,153.23461826596647,none,161.61710479917033,none,30.170829594613622,none,21.788343061409762,sextile,59.259644953296416,none,72.18663025126028,conjunction,8.38248653320386,square,89.43047454791004,none,131.4462752045567
1917-04-16,political,Lenin arrives in Petrograd,1,none,71.25350406980725,none,151.0838636807029,none,159.1019846728725,none,29.58357866963088,none,21.565457677461268,none,49.68804639234598,none,79.83035961089564,conjunction,8.018120992169614,none,79.27162506197686,none,129.51840600324164
1917-07-04,revolution,July Days uprising,2,sextile,60.276878557782915,none,158.0001118227949,none,160.53326592671414,none,29.62156697514169,none,27.08841287122246,none,33.188465686560455,square,97.72323326501203,conjunction,2.5331541039192302,sextile,62.810032661702145,none,130.91169895157248
1917-11-07,revolution,October Revolution,2,sextile,64.98412714629498,opposition,174.39504899649535,none,167.28834551455276,none,31.769834212110226,none,38.87653769405283,none,26.107589452242152,none,109.41092185020037,conjunction,7.106703481942603,sextile,57.87742366435238,none,135.5185113024425
1917-11-08,political,Soviet government formed,2,sextile,65.13197561217906,opposition,174.42149927600215,none,167.28221074202196,none,31.782753969186402,none,38.92204250316658,none,26.209933109012482,none,109.2895236638231,conjunction,7.139288533980178,sextile,57.992687078198884,none,135.49945677283557
1919-01-15,political,Rosa Luxemburg murdered,2,none,48.051770187307284,opposition,178.79447835358738,none,162.45339151096138,none,33.07700769938383,none,51.829137834835066,conjunction,3.7773676475277824,none,133.15375145910534,none,18.75213013545124,none,29.299640051856045,none,129.37638381157757
1920-08-31,political,Polish-Soviet War ends,1,none,13.142106159488321,none,169.45387101059134,none,158.73871009646504,none,33.63590583562686,sextile,65.44332472857047,none,52.30121856908215,opposition,177.40402282992034,none,31.807418892943616,none,18.665312733455295,trine,125.10280426083818
1922-10-28,political,Mussolini March on Rome,1,none,16.807696775755574,none,146.31853663989924,none,158.14334425554335,none,36.8549086395507,square,92.39302774410811,none,109.20072451986368,none,129.51083986414366,sextile,55.53811910455741,none,72.34581588031298,trine,121.28843561599265
1923-11-08,revolution,Beer Hall Putsch,1,none,30.698106378824747,none,138.0322309818428,none,156.5902643744349,none,38.06802388803389,none,103.44552853175621,none,134.14363491058094,none,107.33412460301804,sextile,65.37750464372232,square,96.07561102254706,trine,118.52224048640102
1927-04-12,massacre,Shanghai Massacre,0,none,102.61516459435515,trine,113.51438714431274,none,143.68671407104864,none,40.520782309962684,none,143.31968109460132,trine,114.06515431104356,none,10.899222549957585,none,102.79889878463862,none,154.58593662100623,none,103.16593176108594
1931-04-14,political,Spanish Republic proclaimed,5,none,169.7073707954616,square,82.82669840156217,none,137.4306230894262,none,44.51951300229848,opposition,175.73780848868986,conjunction,6.030437693228251,square,86.88067239389947,none,139.74267850901165,none,50.54995069552673,square,92.91111008712772
1933-01-30,political,Hitler becomes Chancellor,1,none,135.03035686140274,none,72.39816348008532,none,139.66388083914956,none,47.580850065609795,none,164.48119425362506,sextile,60.488448884972215,none,152.57147965851198,none,147.93795568076516,none,12.90759881936242,square,92.08303077353976
1934-06-30,political,Night of the Long Knives,1,none,133.9425616074553,sextile,63.083068414208014,none,129.13551361173995,none,46.17717221481696,none,146.04140981113102,none,80.01602858141369,none,162.97436997833668,none,167.78141797405203,none,33.83885636659673,square,82.95834139692298
1934-08-02,political,Hitler becomes Fuhrer,2,none,128.86445929230408,sextile,65.45274529699287,none,129.4695325666067,none,46.19048899455892,none,148.7317888690406,square,82.40375183865531,none,165.68279541070308,none,165.07772213640047,none,36.21326284409639,square,83.27904357204775
1938-03-12,military,Anschluss Austria,0,none,46.83683258992971,none,35.02316210398094,none,128.84411350211923,none,51.710397876467624,trine,112.15687772963253,none,158.99371031956224,none,81.85999469391066,none,163.86727560610015,none,149.29589180397014,none,77.13371562565159
1938-11-09,political,Kristallnacht,1,none,49.16240228888074,none,33.46932222461873,trine,126.95513582895592,none,51.232502503086096,none,109.19195555048856,none,158.3543578393693,square,82.63172451349948,none,160.42445805357465,none,150.4131396575446,none,75.72263332586982
1945-08-17,political,Indonesia declares independence,1,none,68.88351634962811,none,32.69448592809199,none,107.79136218636351,sextile,54.37430299486607,none,20.72257326340545,none,48.16094308622266,none,101.5780022777201,none,75.09687625827152,conjunction,6.213359908643412,none,53.417059191497444
1946-07-04,political,Philippines independence,0,none,81.77170563696986,none,37.21285889966295,none,106.87794705239486,sextile,55.395350462579074,none,14.269737690152837,none,67.50196794681702,trine,118.9845645366328,none,69.66508815273191,none,12.106617484237944,none,51.482596589815785
1947-08-15,political,India independence,3,square,95.37446516048658,none,48.48466202578989,none,103.64562516857079,sextile,55.59739015689789,conjunction,0.4364270141169868,square,95.81089217460357,none,143.85912718627645,sextile,55.1609631427809,none,40.21350201770568,none,48.0482350116729
1947-08-14,political,Pakistan created,3,square,95.4162886767673,none,48.395613317662495,none,103.65714937579362,sextile,55.59990614670346,conjunction,0.33837008857233286,square,95.75465876533963,none,143.81190199442977,sextile,55.26153605813113,none,40.15475261863617,none,48.05724322909016
1948-05-14,political,Israel declares independence,2,none,131.23967801125207,none,52.064087665362806,none,106.22618929805655,sextile,57.935521506165145,conjunction,3.773419873471397,none,135.01309788472346,opposition,176.6962343233851,sextile,54.16210163269375,none,77.07757637855832,none,48.29066779189141
1949-10-01,political,PRC established,1,none,129.42957873911328,none,68.19278658806488,none,99.6751069008304,sextile,57.00460592651572,none,25.5222856137502,none,154.95186435286348,none,162.37763467282184,none,31.482320312765523,square,97.94725842634776,none,42.67050097431468
1954-05-07,battle,Fall of Dien Bien Phu,1,none,128.70229094233022,none,105.51225393302067,square,94.38381817385624,sextile,61.572225162443516,none,72.70066092160795,sextile,56.001630020722274,none,23.19003700930955,none,11.128435759164432,trine,117.57385518316579,none,32.811593011412725
1954-11-01,war_start,Algerian War begins,3,none,102.1115469349962,none,103.95138743042627,square,88.56820017967588,sextile,59.65937531478815,none,75.04256256553853,none,27.068984369457667,conjunction,1.8398404954300673,none,15.383187250750382,square,86.72835968424582,none,28.908824864887734
1956-03-20,political,Tunisia independence,3,none,100.06017300664936,trine,124.42529694478034,square,91.4905458094994,sextile,63.200184181631414,square,96.13493531691236,conjunction,3.9252376897370027,none,24.365123938130978,none,32.93475113528095,none,67.12542187136842,none,28.29036162786798
1957-03-06,political,Ghana independence,1,none,75.73064544725796,none,130.66430872785054,square,88.9381391456527,sextile,63.518054740475606,none,105.24422432267346,none,29.513578875415504,sextile,54.9336632805926,none,41.726169582197855,none,34.0044758650601,none,25.420084405177093
1960-06-30,political,Congo independence,0,none,18.204100912720435,none,146.8257326385347,none,77.64963458964527,sextile,62.33908557098579,none,131.51518361987522,trine,113.31108270715478,none,128.62163172581427,none,69.17609804888943,none,50.971997136168994,none,15.310549018659486
1962-07-03,political,Algeria independence,2,none,32.65860272017568,none,162.11400410160596,none,72.90356666159437,sextile,62.7981317941107,none,152.0085692341223,opposition,175.33282804570203,none,165.22739317821836,square,89.21043744001159,trine,121.86904016018727,none,10.105434867483666
1948-02-25,political,Czech Communist coup,2,trine,127.35683760307211,sextile,55.82329344243581,none,110.41610460528292,sextile,59.26361311228297,conjunction,4.670801949435855,none,132.02763955250796,opposition,176.81986895449208,sextile,54.59281116284711,none,72.764026440225,none,51.15249149299996
1949-04-04,political,NATO established,0,none,149.06105511161093,sextile,63.025061050078065,none,106.88254894996662,sextile,59.53746876719376,none,15.679980867305204,none,164.74103597891613,none,147.913883838311,none,43.857487899888554,none,105.20356721172237,none,47.34508018277286
1955-05-14,political,Warsaw Pact signed,4,trine,112.66929990056072,trine,113.08867986304053,square,91.7803699829886,sextile,61.861061163452035,square,83.16937104350396,none,29.49992885705676,conjunction,0.4193799624798089,none,21.308309880051922,square,91.3609900205088,none,29.919308819536568
1956-10-23,revolution,Hungarian Revolution,2,none,69.04275703552898,trine,114.50727135231016,square,83.3431146032077,sextile,60.08949592487761,square,91.25365267398007,none,22.210895638451092,none,45.46451431678118,none,31.16415674910246,none,37.87860028642652,none,23.253618678330085
1956-11-04,military,Soviet invasion of Hungary,2,none,68.15269032974777,trine,115.68189761935007,square,83.63744863422262,sextile,60.33845353646197,square,92.38290252158941,none,24.230212191841645,none,47.5292072896023,none,32.044448985127445,none,36.108241344620325,none,23.298995097760653
1959-01-01,revolution,Cuban Revolution succeeds,0,none,35.46344483943682,none,133.87161488620126,none,80.91728628989924,sextile,62.508467734015625,trine,115.46279633031764,none,79.99935149088083,none,98.40817004676444,none,52.95432859630202,none,17.490883756865202,none,18.408818555883613
1961-04-17,military,Bay of Pigs invasion,2,conjunction,5.47052941621007,none,157.73960455138624,none,78.58696386583236,sextile,64.54976262186679,none,143.70240330742067,none,149.17293272363074,none,163.2101339675963,none,79.15264068555388,square,84.62317010176395,none,14.03720124396557
1961-08-13,political,Berlin Wall construction,1,conjunction,5.085458101671179,none,149.00314835405487,none,72.91018269353205,sextile,61.44626945017407,none,137.5392351106969,none,142.62469321236807,none,154.08860645572605,none,76.09296566052282,none,81.178423762194,none,11.463913243357979
1962-10-22,political,Cuban Missile Crisis,4,none,28.00063611195668,none,150.7049731536206,none,68.48433959363626,sextile,61.24205865134829,none,143.46269221133264,opposition,171.46332832328932,opposition,178.7056092655773,square,82.22063355998435,none,110.22126967194103,conjunction,7.242280942287977
1968-01-05,political,Prague Spring begins,2,none,149.21201380172658,opposition,172.91113153316223,sextile,56.55040276607767,sextile,62.93581498798463,none,166.52571931125527,none,17.31370550952869,none,23.69911773143565,none,130.5384657007601,none,80.24952049751332,conjunction,6.385412221906961
1968-08-20,military,Soviet invasion of Czechoslovakia,2,none,136.78498478109495,none,152.202407690227,sextile,56.222992700261614,sextile,62.081771042269594,none,146.34362934821903,conjunction,9.558644567124077,none,15.417422909132057,none,151.57459960951138,none,71.64041560939367,conjunction,5.85877834200798
1968-05-13,revolution,May 1968 France protests,2,trine,126.4981088722232,none,155.20826663237528,sextile,59.99022207812442,sextile,64.97788117045641,none,150.22060754004326,none,23.722498667820076,none,28.71015776015207,none,144.8015112895003,square,88.70037983827649,conjunction,4.987659092331995
1980-08-14,political,Solidarity founded Poland,2,none,11.101775893074546,sextile,56.12515697869404,none,28.387214503119225,sextile,60.41913546899153,none,24.093236012821734,none,35.19501190589628,none,67.22693287176858,square,84.51237148181326,square,95.6141473748878,none,32.0319209658723
1981-12-13,political,Martial law in Poland,2,none,12.84571832999282,none,41.423701696527786,none,22.801258123046694,sextile,58.168241745311946,conjunction,6.056718074262534,conjunction,6.789000255730286,none,28.577983366534966,sextile,64.22495981957448,none,51.37924148958166,none,35.36698362226525
1985-03-11,political,Gorbachev becomes Soviet leader,1,none,69.01771136990871,none,19.81497939261706,none,15.520906807520817,sextile,59.01889189704701,none,23.683005696909134,square,92.70071706681784,none,49.20273197729165,none,35.33588620013788,none,33.68182516977083,none,43.497985089526196
1989-04-17,political,Solidarity legalized,3,none,142.7838163646564,conjunction,8.597437241356772,conjunction,7.075404618135792,sextile,58.117275390986634,sextile,59.639308014207614,none,157.576875621136,none,151.38125360601316,conjunction,1.52203262322098,none,144.30584898787737,none,51.04187077285084
1989-06-04,massacre,Tiananmen Square massacre,3,none,154.82153305480506,conjunction,8.407913053839422,conjunction,7.581609392416567,sextile,58.75680735460631,sextile,59.583111016029164,none,145.59535592916578,none,163.22944610864448,conjunction,0.8263036614228554,none,155.6478367162279,none,51.17519796218974
1989-06-04,political,Poland first free elections,3,none,154.82153305480506,conjunction,8.407913053839422,conjunction,7.581609392416567,sextile,58.75680735460631,sextile,59.583111016029164,none,145.59535592916578,none,163.22944610864448,conjunction,0.8263036614228554,none,155.6478367162279,none,51.17519796218974
1989-09-10,political,Hungary opens border,6,opposition,179.9749069494472,conjunction,5.964233166269935,conjunction,8.30283621463849,sextile,56.59663111474478,sextile,54.25802806637623,trine,125.76706498417659,opposition,174.06085988428288,conjunction,2.3386030483685545,opposition,177.63630390107863,none,48.29379490010629
1989-11-09,political,Berlin Wall falls,6,opposition,179.35807549572888,conjunction,7.191196833080426,conjunction,7.437496545509873,sextile,55.069135667717916,sextile,54.82283595528847,trine,124.53523954044043,opposition,172.16687866264846,conjunction,0.24629971242944748,opposition,179.60437520815833,none,47.63163912220804
1989-11-17,revolution,Velvet Revolution begins,6,opposition,179.51067202811475,conjunction,7.525808581112244,conjunction,7.267864474862961,sextile,54.9636694218172,sextile,55.221613528066484,trine,125.26771444381875,opposition,172.963519390773,conjunction,0.2579441062492833,opposition,179.76861613436404,none,47.69580494695424
1989-12-22,revolution,Romanian Revolution,6,opposition,172.01988862047307,conjunction,9.299097407355475,conjunction,6.476991866244873,sextile,54.86319597042288,sextile,57.68530151153348,none,130.29480986799342,opposition,178.68101397217146,conjunction,2.822105541110602,opposition,174.84199416158367,none,48.386204104178006
1989-12-25,political,Ceausescu executed,6,opposition,171.26422587313164,conjunction,9.468691327710019,conjunction,6.409014644403442,sextile,54.88261932329624,sextile,57.94229600660282,none,130.79347812026555,opposition,179.26708279915835,conjunction,3.059676683306577,opposition,174.3239025564382,none,48.4736046788928
1990-03-11,political,Lithuania declares independence,3,none,158.14072214149365,none,13.909325123406234,conjunction,5.106001495107762,sextile,56.55194846877143,sextile,65.3552720970699,none,136.50400576143645,opposition,172.0500472648999,conjunction,8.803323628298472,none,166.94404576979213,none,51.445946973663666
1990-10-03,political,German reunification,3,none,160.09540606892298,none,13.041755596045107,conjunction,6.073556444696294,sextile,55.56691400936333,sextile,62.53511316071214,square,97.56029290821084,none,147.05365047287788,conjunction,6.968199151348813,none,153.12720691757417,none,49.493357564667036
1991-06-12,political,Yeltsin elected Russian President,3,opposition,175.37984757226485,none,23.61186143259937,conjunction,3.360071415050072,sextile,57.92126597903234,none,78.17305599658164,square,97.20679157568321,none,151.76798613966548,none,20.251790017549297,none,155.12805755471555,sextile,54.56119456398227
1991-08-19,political,Soviet coup attempt,2,none,156.98495634609372,none,21.620527750383133,conjunction,4.135387313603758,sextile,56.66069298572313,none,74.1458334225025,square,82.83912292359122,none,135.3644285957106,none,17.485140436779375,none,139.49981590931435,none,52.52530567211937
1991-12-26,political,Soviet Union dissolved,1,none,140.6534681690943,none,21.897600456243595,conjunction,2.6562305221119686,sextile,54.089601065633815,none,73.33097099976544,none,67.32249716932887,trine,118.75586771285072,none,19.241369934131626,trine,121.41209823496268,none,51.433370543521846
2003-11-23,revolution,Rose Revolution Georgia,1,sextile,63.793391476459675,none,133.51111859730324,none,18.312597125555385,none,51.62399522259142,none,156.55228905454996,square,92.75889757809028,none,162.6954899262371,none,151.82371572285862,none,144.3828928006817,none,69.9365923481468
2004-11-22,revolution,Orange Revolution Ukraine,0,none,74.65030096129946,none,144.23304833125525,none,20.077186378637577,none,51.588158520860304,none,144.10160676924687,none,69.45130580794742,none,141.1166507074453,none,164.31023470989282,trine,121.03946432880772,none,71.66534489949788
2011-01-14,revolution,Tunisian Revolution,2,none,161.4746198880136,none,160.22266552433126,none,30.175305816319167,none,51.340789855718015,none,78.70656985229408,square,82.76805003571951,conjunction,1.25195436368233,none,130.0473597080121,none,31.427260180001497,none,81.51609567203718
2011-01-25,revolution,Egyptian Revolution begins,2,none,163.2843855587041,none,160.49505498807756,none,30.19236323800186,none,51.349847368347525,none,78.95284438172817,square,84.33154117697592,conjunction,2.7893305706265323,none,130.3026917500757,none,32.98169380862839,none,81.54221060634939
2011-02-11,political,Mubarak resigns,2,none,166.9040209319825,none,161.48293422920324,none,30.317547738844155,none,51.468662797564434,none,79.69672369279465,square,87.20729723918788,conjunction,5.4210867027792915,none,131.16538649035908,none,35.73863444162345,none,81.78621053640859
2011-02-17,revolution,Libyan Civil War begins,2,none,168.39123799196435,none,161.98237968342445,none,30.38929035744536,none,51.53971774465441,none,80.05337158132468,square,88.33786641063966,conjunction,6.408858308539891,none,131.5930893259791,none,36.79814866598525,none,81.92900810209977
2011-03-15,revolution,Syrian Civil War begins,4,opposition,175.79275677247546,none,164.8516591779817,none,30.84793431890847,none,52.0035594116506,square,82.00016544742266,square,93.7925913250528,none,10.941097594493769,none,134.00372485907326,none,41.7890319134022,square,82.85149373055907
2011-10-20,political,Gaddafi killed,1,none,164.55007426593565,none,160.64358388153718,none,33.383964493652115,none,53.06892914808037,none,74.19069023980467,trine,121.25923549425968,none,34.80634185252717,trine,127.25961938788504,none,68.19030634617934,square,86.45289364173249
2013-07-03,political,Egyptian military coup,2,trine,123.14076998811436,none,157.60333032605243,none,37.24543198183443,sextile,54.940646556313595,sextile,65.4172517879044,opposition,171.44197822398124,none,79.25589968583321,trine,120.357898344218,trine,116.50133166766764,square,92.18607853814802
2014-02-22,revolution,Euromaidan Ukraine,3,none,132.58315479297715,none,137.1026791843751,none,35.366404778330605,none,52.07976772792409,none,49.656506678120365,opposition,177.76033852890248,square,90.31416602264778,none,101.73627440604446,trine,125.68057080097839,square,87.4461725062547
2019-10-17,revolution,Lebanon protests,2,none,23.87545997349514,none,110.44908840471626,none,48.67556086272333,sextile,55.69142195739846,conjunction,6.082105584594501,none,29.95756555808964,none,134.3245483782114,sextile,61.77352754199296,square,85.6489875154881,none,104.36698282012176
2020-08-09,revolution,Belarus protests,3,conjunction,8.013757820609044,none,103.43671149237667,none,50.27550753012076,sextile,57.237567114633976,conjunction,4.076363152378065,conjunction,3.9373946682309793,none,111.45046931298569,none,53.16120396225591,sextile,61.174961782864955,none,107.51307464475471
1720-09-01,economic_crisis,South Sea Bubble bursts,2,none,41.95212750576826,none,36.647639214142174,none,140.51994889993205,trine,115.80507704513175,sextile,61.36251106894247,none,19.410383563174207,conjunction,5.304488291626086,opposition,177.16758811407422,none,135.21546060830596,none,24.714871854800293
1825-12-05,economic_crisis,Panic of 1825,2,square,84.59474873469203,none,150.90730712370396,conjunction,7.495202536186753,none,81.7318915437649,none,76.67061811612582,none,161.26536685081786,trine,124.49794414160402,none,158.4025096598907,trine,117.00274160541727,none,74.23668900757815
1837-05-10,economic_crisis,Panic of 1837,3,square,93.33604737822176,trine,114.64107484505578,none,29.832747819569647,none,67.94105696343411,none,152.74938398892027,trine,113.91456863285796,none,152.02287777672245,square,84.80832702548614,opposition,178.1443744037079,none,38.10830914386446
1857-08-24,economic_crisis,Panic of 1857,1,none,67.68459311586658,sextile,54.29172970383392,none,67.34805270703174,none,44.74127447298741,none,76.89850793787824,conjunction,9.213914822011652,none,13.392863412032654,trine,121.63978241086565,none,53.95518929499906,none,22.606778234044306
1866-05-11,economic_crisis,Overend Gurney crisis,2,square,83.99480180395827,trine,126.59895776694631,none,79.80999486947516,none,32.11578735553665,opposition,174.29316528088484,none,101.7120329151569,none,149.40624042909542,none,153.59104736357853,none,69.59624555962023,none,47.694207513938515
1873-09-18,economic_crisis,Panic of 1873,1,none,131.1218158986473,none,167.1126239926208,none,101.1004022806639,none,23.641481152566747,trine,115.42845487928207,trine,113.44972922207064,none,35.9908080939735,square,91.7869737267153,none,137.0912103746374,none,77.45892112809715
1884-05-14,economic_crisis,Panic of 1884,1,none,47.88418180238365,none,103.15168363933871,trine,123.23247597804189,conjunction,9.626653292331547,none,10.45413904637163,sextile,58.33832084875528,sextile,55.26750183695506,none,20.080792338703176,none,67.96497414108683,trine,113.60582268571034
1893-05-05,economic_crisis,Panic of 1893,2,none,147.22507417687564,none,31.497214674652156,none,148.40093534551676,conjunction,1.2835216882193095,trine,118.18724235908391,none,29.03783181779174,opposition,178.72228885152782,trine,116.9037206708646,none,30.32135350601105,none,149.68445703373607
1896-08-03,political,Cross of Gold speech,4,square,84.57398026758753,conjunction,7.7354613035092825,none,150.81116960851125,conjunction,6.17276276434265,none,149.24847106934465,sextile,64.6744908017571,square,92.30944157109681,none,143.07570830500197,sextile,58.50172803741445,none,156.98393237285393
1907-10-22,economic_crisis,Panic of 1907,2,none,139.55043409415163,none,72.435944371081,opposition,174.32588038272445,none,20.203323169028295,square,93.03485207716625,none,46.51558201698538,none,148.01362153476737,trine,113.23817524619454,none,26.312258847957082,none,165.47079644824726
1929-09-03,economic,Dow Jones peak,1,opposition,170.85424959490996,none,106.59812849178789,none,140.95940364237467,none,42.28658669731951,none,154.72905456315695,none,34.41669584193309,sextile,64.25612110312208,trine,112.44246786583744,none,76.7032825392526,none,98.67281694505517
1929-10-24,economic_crisis,Black Thursday,0,none,169.44069211324125,none,102.19819183468826,none,144.52052856060146,none,43.4484439200107,none,156.72972352472098,none,33.82958436203775,none,67.242500278553,trine,113.28127960471028,none,77.27802828204845,none,101.07208464059075
1929-10-29,economic_crisis,Black Tuesday,0,none,168.66190315596734,none,101.59487423108675,none,144.8069364710978,none,43.56942926866962,none,157.16761856648503,none,34.170478277547616,none,67.06702892488057,trine,113.59818929781542,none,77.73990754621724,none,101.23750720242819
1930-06-17,economic,Smoot-Hawley Tariff,3,none,168.26390584543577,square,95.34085598988707,none,136.22776011737645,none,42.614476105032296,opposition,171.04585999776873,none,20.69023415679547,none,72.9230498555487,none,128.43138389273645,sextile,63.304710261827765,square,93.61328401234417
1931-05-11,economic_crisis,Credit-Anstalt collapses,6,opposition,173.26166818920964,square,84.04345946205126,none,135.72597275263936,none,44.00238797863554,opposition,175.76704423605509,conjunction,2.5053760468454414,square,89.21820872715837,none,140.23056778530938,none,46.50776402548098,square,91.72358477400381
1931-09-21,economic_crisis,UK abandons gold standard,3,none,152.59288795411993,square,91.53257598854054,none,138.16696058000966,none,44.39751353481941,opposition,174.69797696626924,none,22.105089012149307,trine,115.87453605733955,none,130.30046343144983,none,22.292424522670103,square,93.76944704519025
1932-07-21,political,Ottawa Conference,2,none,156.0443425216223,none,81.7089695185889,none,132.92993718039705,none,44.40569977234297,opposition,170.233206926643,none,33.722450551734724,trine,122.2466879597888,none,145.36109330101405,none,10.683249220608246,square,88.52423740805409
1933-03-04,political,FDR inaugurated,1,none,142.3302679181981,none,69.86998280608032,none,137.51663322532139,none,47.259619078515556,none,160.12699695288615,sextile,57.54273512891575,none,147.79974927572158,none,152.6133839685983,none,10.283116050400196,square,90.25701414680583
1933-03-06,economic,US bank holiday,1,none,142.80287007547346,none,69.75353668258003,none,137.3643837883685,none,47.22764772015128,none,159.89027275079727,sextile,57.30685717372927,none,147.4435932419465,none,152.88207952905145,none,10.079209453577988,square,90.13673606821725
1933-06-16,economic,Glass-Steagall Act,2,none,150.77818991706943,none,70.48884267864281,none,131.08174909020116,none,45.38685141454724,none,156.18374035429673,none,53.03806972863384,none,138.73296740428776,none,158.42940823115603,conjunction,7.651218314086606,square,85.69489767565392
1935-08-14,political,Social Security Act,2,trine,112.98859276218158,sextile,57.437216630679586,trine,127.92265116294132,none,47.11396257464877,none,138.24590521897215,none,108.76550201884625,opposition,170.4258093928612,opposition,174.64013220637906,sextile,61.65153944419748,none,80.80868858829255
1936-06-26,economic,Tripartite Agreement,3,square,94.89065380272893,none,46.13015630210401,trine,125.64372192386776,none,47.928359523267886,trine,123.84551870270391,none,141.26382749456715,none,141.02081010483298,opposition,171.7738782259718,square,93.33546797129927,none,77.71536240059987
1944-07-22,economic,Bretton Woods Conference,1,sextile,55.17746431243853,none,22.326931034322584,none,110.1120177042789,none,53.815136333362176,none,33.96995033659414,none,21.207513975844392,none,77.50439534676111,square,87.78508666995631,none,32.60762235751778,sextile,56.29688137091672
1949-09-18,economic_crisis,Sterling devaluation,0,none,130.7468698300197,none,66.79766251724129,none,99.38605614111765,sextile,56.833753680587165,none,24.24536005671081,none,154.9922298867305,none,162.455467652739,none,32.58839362387636,none,98.15847620614335,none,42.552302460530484
1967-11-18,economic_crisis,Sterling crisis,2,none,148.02178984562048,opposition,172.18158161976706,sextile,55.91436384062945,sextile,61.6622335484827,none,166.4337119119138,none,18.41192206629333,none,24.159791774146584,none,131.9040545396035,none,80.07415561477603,conjunction,5.747869707853255
1971-08-15,economic,Nixon ends gold standard,3,opposition,171.83360715161928,trine,125.4169401651417,none,49.41934806674763,sextile,62.13766188653847,trine,112.69862634535086,sextile,59.1349808062684,none,46.416666986477566,opposition,174.83628823188934,conjunction,3.002681080270065,none,12.718313819790836
1973-10-17,economic_crisis,OPEC oil embargo,1,none,151.87936925448975,none,108.71442090346686,none,42.186399642441614,sextile,60.61542696749444,square,90.28539357841403,trine,117.83523716709624,none,99.40620984204341,none,150.90082054590846,sextile,57.219810199601795,none,18.42902732505283
1974-10-03,economic_crisis,Franklin National failure,1,none,128.62428809887922,none,98.8112096881256,none,40.399407084141444,sextile,60.57216271184001,none,78.63845406042704,none,152.73725784069376,none,132.5645022129952,none,139.21061677226703,square,92.16509512885375,none,20.172755627698564
1979-10-06,economic,Volcker shock begins,1,none,19.09256859121814,sextile,58.555665297478924,none,29.08239555369667,sextile,59.21641433315378,none,28.421646518021817,none,47.514215109239956,none,77.64823388869706,square,87.6380608511756,none,106.73062944239373,none,30.134018779457108
1982-08-12,economic_crisis,Mexican debt crisis,2,none,15.49795571232849,none,42.69898222619619,none,23.850257009525592,sextile,59.89187139828749,conjunction,6.657367837434293,conjunction,8.840587874894197,none,27.201026513867703,none,66.54923923572179,none,51.051283523393295,none,36.0416143887619
1984-05-17,economic_crisis,Continental Illinois crisis,0,sextile,60.44287242395464,none,30.16111391726102,none,18.723168690205455,sextile,60.8886667906082,none,12.004384183141724,none,72.44725660709636,none,30.28175850669362,none,48.884282607466474,none,11.558589816488166,none,42.16549810040274
1985-09-22,economic,Plaza Accord,1,none,73.21106759594045,none,20.254593713265564,none,16.517814473842208,sextile,57.57059631914288,none,20.798188132035108,square,94.00925572797556,none,52.956473882674885,none,36.77240818710777,none,36.43865940883268,none,41.05278184530067
1987-10-19,economic_crisis,Black Monday,1,trine,127.16916854246824,conjunction,6.28731972481927,none,11.840934457434344,sextile,56.18761344860434,none,38.059359266350725,none,165.22852780881897,trine,120.88184881764897,none,18.128254182253613,none,109.04091436021463,none,44.346678991169995
1989-04-17,economic_crisis,Junk bond market crash,3,none,142.7838163646564,conjunction,8.597437241356772,conjunction,7.075404618135792,sextile,58.117275390986634,sextile,59.639308014207614,none,157.576875621136,none,151.38125360601316,conjunction,1.52203262322098,none,144.30584898787737,none,51.04187077285084
1992-09-16,economic_crisis,Black Wednesday UK,1,none,137.70098210549378,none,28.46841608670934,conjunction,2.1536708929049837,sextile,55.43919906436213,none,81.75394425816648,sextile,55.947037847327294,none,109.23256601878444,none,26.314745193804356,none,111.38623691168942,none,53.285528171457145
1994-12-20,economic_crisis,Mexican peso crisis,4,square,94.75731418206695,none,42.293716260761016,conjunction,2.6779588986655654,none,53.020915100715825,square,97.9925902601424,conjunction,3.235276078075458,none,52.46359792130593,none,44.97167515942658,none,49.78563902264037,sextile,55.69887399938139
1995-02-26,economic_crisis,Barings Bank collapse,2,square,90.44967227670767,none,45.41605872431853,conjunction,4.077725179090578,none,53.993935945001994,none,103.4877198484111,none,13.03804757170343,none,45.03361355238914,none,49.49378390340911,none,40.95588837329856,sextile,58.07166112409257
1997-07-02,economic_crisis,Asian financial crisis,1,sextile,58.44249865988621,none,71.85708902369026,conjunction,8.667301129022633,sextile,55.78662562593243,none,136.31101577864533,none,77.86851711875912,none,13.414590363804052,none,80.5243901527129,none,22.081891492826685,sextile,64.45392675495506
1998-08-17,economic_crisis,Russian financial crisis,2,none,37.03554762971805,square,83.41854042305533,none,10.078449883096084,sextile,54.832211796309196,none,148.32920210246058,none,111.29365447274256,none,46.38299279333728,square,93.49699030615142,sextile,56.461442676433364,sextile,64.91066167940528
1998-09-23,economic_crisis,LTCM bailout,3,none,40.303176102934344,square,83.31031762206442,conjunction,9.598360780371365,none,53.77532748971032,none,146.6840058921461,none,106.38082978921176,none,43.00714151913007,square,92.90867840243578,none,52.60550229950144,sextile,63.373688270081686
2000-03-10,economic_crisis,Dot-com bubble peak,4,conjunction,8.701333908996013,square,84.58849103008373,none,12.99702741066534,none,52.764490602449,none,150.35000904319804,none,141.64867513420205,none,75.88715712108768,square,97.58551844074907,square,88.88418453175302,sextile,65.76151801311434
2001-12-02,economic_crisis,Enron bankruptcy,1,none,32.66970313450902,none,110.212475746824,none,14.795670107178694,none,51.63812117056918,opposition,176.64626702457184,none,150.68402984091912,none,142.882178881333,trine,125.00814585400269,none,157.6778489885117,none,66.43379127774787
2002-07-21,economic_crisis,WorldCom bankruptcy,1,none,33.79708454603667,trine,115.73986857321952,none,18.070229624996273,sextile,54.66491460055917,opposition,171.52498720122503,none,137.72790265518836,none,149.5369531192562,none,133.8100981982158,none,167.60718274425247,none,72.73514422555544
2007-08-09,economic_crisis,BNP Paribas freezes funds,2,none,102.99325274424092,none,159.06711559373244,none,27.129456392983343,sextile,54.233142666896526,trine,119.57028534638769,none,16.577032602146772,square,97.93963166202664,opposition,173.80342801328422,none,70.8101752690433,none,81.36259905987987
2008-03-16,economic_crisis,Bear Stearns rescued,0,none,134.58164596498324,none,164.4488548925642,none,26.113047696095066,none,51.89524977842376,trine,117.54284763291696,none,17.03879833206628,sextile,60.96949914245255,none,169.43809741134072,none,34.85645144635748,none,78.00829747451883
2008-09-07,economic_crisis,Fannie Mae Freddie Mac takeover,2,trine,120.18486771112634,opposition,171.45176397801816,none,28.656171850045155,none,53.744702685865036,none,106.14736148607165,none,14.037506225054699,none,68.36336831085549,none,159.89206417193668,none,39.70719646081034,square,82.40087453591019
2008-09-15,economic_crisis,Lehman Brothers bankruptcy,2,trine,119.2656919910132,opposition,172.77522499586374,none,28.524673122061984,none,53.546908116016084,none,105.1531937660582,none,14.112498224955004,none,67.95908301312306,none,158.70010188207428,none,39.43440989106108,square,82.07158123807807
2008-09-16,economic_crisis,AIG bailout,2,trine,119.16582955875933,opposition,172.939902686924,none,28.506957148913045,none,53.52110385741656,none,105.03203630674639,none,14.133793252012936,none,67.89426775431667,none,158.55314016416295,none,39.38731060540363,square,82.02806100632961
2008-10-03,economic,TARP passed,1,trine,117.9886483209051,opposition,175.66944105275695,none,28.17268738324867,none,53.056646966985,none,103.10122459700938,none,14.887423723895722,none,66.34191062633795,none,156.15787156399438,none,38.16922324308928,none,81.22933435023367
2010-05-06,economic_crisis,Flash Crash,5,opposition,176.54342314443292,opposition,179.12059135049506,none,30.67581952071282,none,53.32643895375651,square,96.87715017503561,none,79.66627296939731,conjunction,4.335985505072017,none,150.20358912879212,none,26.339834015640804,square,84.00225847446933
2009-12-08,economic_crisis,Greek debt crisis begins,2,none,138.56314745810496,none,169.22998302330828,none,28.711718784885818,none,51.550254663135036,square,88.96800957528743,none,49.59513788281754,none,30.666835565203314,none,140.51826423842246,conjunction,1.9551167803174963,none,80.26197344802085
2010-05-02,economic,Greek bailout,5,opposition,175.58661085351372,opposition,179.46894920009208,none,30.557475195079917,none,53.214168781109436,square,96.75940682371856,none,78.82720402979515,conjunction,4.944439946394198,none,149.973575604828,none,25.61303524868572,square,83.77164397618935
2011-08-05,economic_crisis,US credit downgrade,3,none,153.34926974970347,opposition,171.5919121474187,none,34.299964016911645,sextile,54.67689076355896,square,82.6150573669481,trine,124.03567288334844,none,35.058818102877844,none,137.29194813050705,none,69.35878211978945,square,88.9768547804706
2012-06-09,economic_crisis,Spanish bank bailout,2,none,143.4783187118777,none,165.11302265404373,none,34.937430350416435,sextile,54.38557384508107,none,75.79001845854626,none,140.731662829576,none,51.408658634078535,none,130.17559230362733,square,86.34608898449494,square,89.3230041954975
2012-07-26,economic,Draghi whatever it takes,2,none,134.24961510010763,none,164.91803429620148,none,35.97568866404447,sextile,54.88509869161618,none,74.05724694054084,none,151.69313795935153,sextile,60.83235060369091,none,128.94234563215701,square,96.80803926773535,square,90.86078735566065
2013-03-25,economic_crisis,Cyprus banking crisis,2,none,149.71745235150678,none,147.75339941480098,none,34.2842710107451,none,52.502544007718086,sextile,60.96658439633782,none,149.31596325215543,sextile,62.52914823369224,trine,113.46912840405591,square,96.81341924443734,square,86.78681501846319
2015-07-05,economic_crisis,Greek referendum,2,square,96.47474704902874,none,141.43928800675803,none,40.64858286840848,sextile,55.3851224280844,none,45.40558271026515,none,141.8803297592939,trine,122.08596494421323,none,100.79070513834955,none,162.7345478126217,square,96.03370529649288
2015-08-11,economic_crisis,China yuan devaluation,3,square,88.34452483870285,none,142.04767196484383,none,41.44207586457253,sextile,55.518818486629584,none,45.086777613641715,none,133.43130245234457,none,129.60780319645332,none,100.6055961002713,opposition,171.04987906102585,square,96.96089435120211
2016-06-24,economic_crisis,Brexit market shock,4,square,85.36583477518545,none,132.40446976620245,none,41.99745254447697,sextile,55.47343558532555,none,34.933581636399964,trine,120.29941641158541,none,142.2296954586121,square,90.40701722172551,opposition,175.77285199691096,square,97.47088812980252
2018-02-05,economic_crisis,Volatility spike,1,none,43.58547122301536,none,109.77781280609241,none,42.12795821117237,none,52.97138861891659,none,14.678465976003451,sextile,58.26393719901881,none,153.36328402910777,none,67.64985459492004,none,111.2353258179354,square,95.09934683008896
2020-03-09,economic_crisis,Oil price war,4,conjunction,7.904297475872909,square,95.08918159484256,none,45.61479451229195,none,53.97484955438773,conjunction,4.5004624718371815,conjunction,3.4038350040357273,none,102.99347907071547,none,49.47438708255055,sextile,57.37868455842346,none,99.58964406667974
2020-03-12,economic_crisis,COVID market crash,4,conjunction,7.663750292218538,square,94.96204947600262,none,45.6366431135703,sextile,54.02496958245649,conjunction,4.699563220024174,conjunction,2.9641870721943633,none,102.62579976822116,none,49.32540636243232,sextile,56.989156654650856,none,99.6616126960268
2020-03-23,economic,Fed unlimited QE,4,conjunction,6.841152063368895,square,94.61864481516,none,45.75792916112459,sextile,54.236366541801885,conjunction,5.375650887766483,conjunction,1.4655011756024123,none,101.45979687852889,none,48.8607156540354,sextile,55.7018677174043,none,99.99429570292648
2022-05-09,economic_crisis,Terra Luna collapse,1,none,35.025462325430055,none,80.35146025716296,none,50.248477049903386,sextile,56.212265339371015,none,26.109282132111446,sextile,61.1347444575415,none,45.3259979317329,none,30.10298320725957,conjunction,4.922479118170486,none,106.4607423892744
2022-11-11,economic_crisis,FTX bankruptcy,2,none,40.158404527803214,square,87.91249005691014,sextile,54.03445802455212,sextile,56.39647351437401,none,22.518441482015987,sextile,62.6768460098192,none,47.75408552910693,none,33.87803203235802,conjunction,6.280372495445192,none,110.4309315389261
2023-03-10,economic_crisis,Silicon Valley Bank collapse,0,none,43.68822704303034,none,75.51178512358769,none,50.94725542679663,sextile,55.17799099352732,none,30.61346129673626,none,74.3016883397666,none,31.823558080557387,none,24.564529696791055,none,19.123697346239283,none,106.12524642032395
1712-01-01,tech,Newcomen steam engine,1,none,150.93790062160065,none,23.70045499339156,trine,127.08282834935804,trine,122.53870814433057,none,19.15633478836409,none,131.78156583323656,trine,127.23744562820909,none,103.38237335596648,none,105.67972602243287,conjunction,4.544120205027468
1769-01-05,tech,Watt steam engine patent,1,trine,122.85260431156165,none,71.21799665315717,trine,125.98025709094748,trine,124.13819168207166,opposition,178.900452119862,sextile,56.04784780830033,none,165.9293990352812,sextile,54.76226043779032,none,68.09034387377133,none,109.88155122698086
1793-03-14,tech,Cotton gin patent,3,none,148.34448636683396,none,110.13991126235712,none,71.21177216631636,trine,112.3623858405222,none,66.28593073080435,square,82.05855563602964,none,101.51560237080892,opposition,178.64831657132652,none,30.303830204492556,opposition,176.42584199316144
1804-02-21,tech,First steam locomotive,0,none,33.489940487981954,none,13.47363823102134,none,40.16566768855671,none,101.77637955303541,none,155.41568547261346,trine,121.9257449846315,none,20.016302256960614,none,53.63930591957805,none,20.149365431596095,none,141.94204724159212
1807-08-17,tech,Fulton steamboat voyage,2,square,90.04417850430079,conjunction,8.004016600609361,none,32.69073064527569,none,102.97475192523666,trine,127.66146596990299,none,37.6172874656022,none,98.04819510491015,none,24.68671404466633,sextile,65.35746445963446,none,135.66548257051235
1825-09-27,tech,First public railway,2,none,71.20850245038262,none,155.90895732921393,conjunction,6.946912376079581,square,84.15780868513843,none,78.69806102015508,none,149.9065634705377,none,132.88254022040343,none,162.85586970529351,trine,125.93562784432385,none,77.21089630905885
1831-08-29,tech,Faraday electromagnetic induction,1,none,159.86593436401571,none,156.4386993880427,none,19.067197670251403,none,77.72189649058197,none,144.90660179162677,sextile,55.227463844357544,conjunction,3.427234975973022,none,137.3715017177913,none,22.494432646224425,sextile,58.654698820330566
1837-01-06,tech,Telegraph patent,1,square,88.78038683074664,none,106.8043746906203,none,26.986951454978737,none,68.90437132185752,none,148.7217945574991,trine,122.49781861175428,none,164.41523847863306,none,79.81742323564157,none,168.5978100663882,none,41.91741986687879
1844-05-24,tech,First telegraph message,1,none,51.31989166039534,sextile,58.08457425004218,none,41.63466704687187,sextile,59.63123921898364,none,76.08114642215395,none,24.761254761758607,conjunction,6.7646825896468386,none,16.449907203170312,none,34.86998445722503,none,17.996572172111794
1859-08-27,tech,First oil well,0,none,31.207531142806346,none,70.61840498141447,none,71.2502848448288,none,42.12518194899718,none,99.7435078772461,none,68.53597673443976,none,39.410873838608126,none,141.86868982624327,none,110.66115868343692,none,29.12510289583163
1866-07-27,tech,Transatlantic cable,2,none,80.5289262942654,trine,119.96989839342012,square,83.12897011151344,none,32.30306060687849,opposition,170.79580789805507,none,108.67526580767952,none,159.50117531231447,none,156.90113149506644,none,76.37220520080103,none,50.82590950463496
1869-05-10,tech,Transcontinental railroad,1,none,137.17187117454907,none,151.2394959168239,square,86.16922912817147,none,28.366154372901764,none,150.95742932790642,none,13.78555815335735,none,71.58863290862706,trine,122.59127495500465,none,14.580596219544415,sextile,57.803074755269705
1876-03-10,tech,Bell telephone patent,2,square,89.25584070874916,none,165.46798380149318,none,105.41138753059256,none,20.668429080500804,none,80.72502535140143,none,169.9808660601506,none,105.27617548975766,sextile,60.05659627090063,none,149.3124369796498,square,84.74295845009175
1877-12-06,tech,Edison phonograph,1,sextile,65.65028091486045,none,165.52681616012833,trine,114.29927899610112,none,18.999369372328083,none,70.22690653635527,none,135.87718745121575,none,128.82290292501122,none,51.22753716402724,trine,116.87781807888766,square,95.29990962377303
1879-10-21,tech,Edison light bulb,2,none,38.190405033748675,none,146.55802769194662,trine,116.6810598490224,none,15.926022891176878,none,45.802990734101094,square,83.99339576784979,opposition,175.2515672743047,none,29.876967842924216,none,68.06737287667289,none,100.75503695784552
1885-01-29,tech,Benz automobile patent,2,none,75.8843551668622,none,105.10011908637156,none,132.16957209937678,conjunction,9.698751803780716,none,17.370701209224507,square,93.25505637608671,none,29.215763919509357,none,27.069453013005223,none,102.95380817986742,trine,122.47082029559607
1888-08-08,tech,Eastman Kodak camera,3,none,105.96138196365146,sextile,63.230681514476146,none,132.02029648934936,conjunction,3.71514397611147,sextile,65.07447099876175,opposition,171.03585296241323,none,42.730700449175316,none,68.78961497487322,opposition,174.75099693852468,none,128.30515251323789
1895-12-28,tech,Lumiere first film screening,2,none,98.72656025584158,conjunction,6.71824876194691,none,156.77044218524463,conjunction,4.801334315434659,none,154.85352773873237,sextile,56.12696748289079,none,105.44480901778849,none,150.0521934232977,none,51.32563316745613,none,161.57177650067928
1896-12-10,tech,Marconi radio patent,3,none,75.03237653180216,conjunction,1.3487944184006722,none,157.35115166289825,conjunction,6.271524743359578,none,162.27388198785715,square,87.241505456055,none,76.38117095020283,none,156.00235724449757,none,80.96998071269542,none,163.62267640625782
1901-12-12,tech,First transatlantic radio,2,conjunction,1.495714001645581,none,28.190901829181655,none,166.90346610834592,none,12.723623968677956,none,152.18200809379448,none,150.6862940921489,none,29.686615830827236,none,164.90563206247242,none,163.40991806082684,opposition,179.62709007702387
1903-12-17,tech,Wright Brothers first flight,3,none,39.27522075187994,none,40.76243106058598,opposition,170.89730352023923,none,15.225454555391664,none,133.1148108637831,square,93.83959011190314,none,80.03765181246592,none,148.34026541917478,none,109.06504466729484,opposition,173.8772419243691
1905-06-30,tech,Einstein special relativity,2,square,83.42354246658351,sextile,60.66150060060903,opposition,174.1153528396124,none,16.27978458145718,none,108.9433619783214,none,25.51981951173792,none,144.08504306719252,trine,125.22314655977857,none,41.7996040931951,none,169.60486257893044
1908-10-01,tech,Ford Model T introduced,2,none,147.27909115850247,square,83.67572596884838,opposition,175.95663872703324,none,21.169454265043655,none,79.19818103907475,none,68.08091011942771,none,129.04518287264918,none,100.36763530411841,none,46.91145585438406,none,162.8739070079231
1912-04-15,disaster,Titanic sinks,0,none,154.72628574302803,none,106.5748703332718,none,167.79798315338059,none,23.869927039268106,none,37.353185780840676,none,167.92052847613127,none,48.151415409756225,sextile,61.22311282010878,none,144.0506014368632,none,143.9280561141125
1915-11-25,tech,Einstein general relativity,1,trine,117.05452874466914,none,153.64004125793213,opposition,170.34720597145954,none,29.72369862901337,none,13.016533915485951,none,104.03799482918319,none,36.585512513262984,none,16.70716471352742,none,133.76169345819656,none,140.62350734244617
1919-06-14,tech,First transatlantic flight,1,none,34.33690876273765,opposition,171.91090728081124,none,155.7090694974496,none,31.588662351922864,none,47.79050013528452,none,13.453591372546867,none,137.5739985180736,none,16.201837783361654,none,18.135070979375996,trine,124.12040714552671
1926-01-27,tech,First television demonstration,1,none,70.15880515525112,trine,117.99348016203908,none,150.98109419901994,none,40.654210539306916,none,131.6796361782479,none,158.16155866650098,none,47.83467500678796,square,91.02542563894099,none,161.1842307941921,none,110.32688365971302
1927-05-21,tech,Lindbergh transatlantic flight,1,trine,112.7808578431264,trine,117.71862705802042,none,141.78126358302382,none,39.93093089399753,none,140.4310402529533,none,106.7881019039203,conjunction,4.93776921489399,none,100.50010935895577,none,146.71903279791783,none,101.8503326890263
1928-09-15,tech,Fleming discovers penicillin,0,none,146.7929474375291,trine,112.73989985453329,none,143.858127352388,none,41.63935394114954,none,145.04132673422822,none,68.16572582824264,none,34.05304758299582,none,103.4019727930787,none,109.80507976939218,none,102.21877341123846
1932-02-27,tech,Chadwick discovers neutron,1,none,165.21894197545402,none,76.7259420036628,none,139.50714368850237,none,46.3803124602058,none,169.85277323195936,none,24.928284792586624,trine,118.05511602088318,none,143.76691430783484,none,21.452027667619177,square,93.12683122829655
1938-12-22,tech,Nuclear fission discovered,0,none,42.62147871946814,none,32.95672283681945,none,129.09402408524446,none,52.32441731019742,none,109.72632961186649,none,152.34780833133462,none,75.57820155628758,none,162.05074692206392,none,155.32777435846796,none,76.76960677504704
1939-08-02,tech,Einstein letter to FDR,1,none,22.384258870068187,none,20.5302518703767,trine,119.82124926397975,none,50.19643275401478,square,90.15506838034167,trine,112.53932725040987,none,42.91451074044488,none,140.35150113435645,none,162.73576000442463,none,69.62481650996497
1942-12-02,tech,First nuclear reactor,1,none,45.60486267825479,conjunction,6.708777089318069,trine,119.49325860610324,sextile,54.633529015330296,sextile,58.15095250145487,none,12.546089823200077,none,52.31363976757286,trine,112.78448151678516,none,67.17961883853037,sextile,64.85972959077293
1945-07-16,tech,Trinity nuclear test,1,none,67.19238644326511,none,30.03994052259948,none,108.33092883250251,sextile,54.55105968328195,none,23.73992862662108,none,43.45245781664403,square,97.23232696586459,none,78.29098830990303,none,11.098601866637921,none,53.77986914922056
1947-10-14,tech,Sound barrier broken,2,square,97.66397794888076,sextile,54.27412154317874,none,104.80008579278136,sextile,56.21499745373728,conjunction,5.68903320413466,none,103.35301115301542,none,151.9380994920595,none,50.52596424960262,none,47.13801369927813,none,48.58508833904408
1948-06-21,tech,First stored-program computer,2,trine,124.03513288780289,none,52.699324075865604,none,103.66987040052732,sextile,56.94348164238701,conjunction,5.972935317725302,none,130.0080682055282,opposition,176.7344569636685,none,50.97054632466171,none,73.06458656314118,none,46.7263887581403
1952-11-01,tech,First hydrogen bomb,4,none,153.67054146871362,square,92.0081586877466,square,93.59080215241323,sextile,58.959306263525406,sextile,57.376662798858774,square,96.29387866985485,sextile,61.66238278096702,conjunction,1.5826434646666314,none,155.25318493338025,none,34.63149588888783
1953-04-25,tech,DNA structure published,3,none,146.3718983427865,none,98.18093334260232,square,97.24628922371409,sextile,61.365995936511325,sextile,62.300640055399555,square,84.07125828738693,none,48.190965000184164,conjunction,0.9346441188882295,none,145.43725422389826,none,35.88029328720276
1954-06-27,tech,First nuclear power plant,2,trine,115.06997721132007,none,100.49724246097908,square,91.08748473239056,sextile,60.11495469993892,none,69.52471242852744,none,45.54526478279263,none,14.572734750340985,conjunction,9.409757728588517,none,105.66021948273155,none,30.972530032451644
1957-10-04,tech,Sputnik launched,0,sextile,58.00299928197143,trine,119.08181399231785,none,80.73433244532134,sextile,60.10475309081707,none,98.45223463781358,none,40.44923535584215,sextile,61.07881471034642,none,38.347481546996505,none,19.65551773497492,none,20.629579354504273
1958-01-31,tech,Explorer 1 launched,2,none,51.29320178164642,none,133.04443498974703,square,85.21787892582176,sextile,63.20991789299757,none,111.03647395692283,sextile,59.74327217527642,none,81.75123320810062,none,47.82655606392527,conjunction,3.46664571772115,none,22.0079610328242
1958-10-01,tech,NASA established,1,none,45.57550464693395,trine,125.08591136650719,none,78.35367785461628,sextile,60.34433512479853,none,107.07656863668944,sextile,61.501063989755494,none,79.51040671957324,none,46.73223351189091,conjunction,1.1567288649569605,none,18.009342729817746
1960-05-16,tech,First laser,0,none,15.586037563153809,none,150.9926635371145,none,80.13245525812783,sextile,63.693889400065075,none,134.55409767905175,trine,118.96806011589794,none,135.4066259739607,none,70.86020827898668,sextile,55.27417071583287,none,16.43856585806276
1961-04-12,tech,Gagarin first human in space,2,conjunction,5.078068550674061,none,157.47826798167168,none,78.65337623263741,sextile,64.60397578556089,none,143.42886753459516,none,148.50693608526922,none,162.55633653234574,none,78.82489174903426,square,83.90296029970833,none,14.049400447076522
1962-07-10,tech,Telstar satellite,3,none,32.99419838839157,none,161.32918393333588,none,72.50044796522926,sextile,62.5797180499662,none,151.40845401807283,opposition,175.5973475935356,none,165.67661767827255,square,88.82873596810663,trine,121.8229343564982,conjunction,9.920729915263053
1963-11-22,assassination,JFK assassinated,2,none,52.526213846659175,none,157.49235811823206,none,66.10535357265036,sextile,61.84935807467076,none,153.23636262025246,none,154.2374235330884,none,149.9814280351088,square,91.3870045455817,none,143.91321839224085,conjunction,4.2559954979795975
1964-10-16,tech,China first nuclear test,3,square,85.92389398884859,none,165.549853901673,sextile,63.647274207468115,sextile,61.349818434136296,none,163.25239812834118,none,110.82370788281025,none,108.52625210947843,none,101.90257969420489,opposition,172.17352631694655,conjunction,2.2974557733318193
1966-01-17,disaster,Palomares H-bomb incident,5,none,98.73843519660892,opposition,174.4869143413697,sextile,62.431139411461714,sextile,63.54454062085475,opposition,175.60031555076273,square,85.66124925262834,square,86.77465046202137,trine,112.05577492990798,none,149.20578987348307,conjunction,1.1134012093930323
1967-01-27,disaster,Apollo 1 fire,3,trine,122.38321379566702,opposition,177.96106070435386,sextile,60.06274975849115,sextile,63.79741841393641,opposition,174.2263920489086,none,51.843178253241575,sextile,55.57784690868684,trine,121.976189537155,trine,115.64059666717799,conjunction,3.7346686554452617
1967-12-03,tech,First heart transplant,2,none,149.59309244627863,opposition,173.06780327521247,sextile,55.944887840576826,sextile,61.9733947918084,none,167.0392963239809,none,17.44620387770226,none,23.474710828933837,none,130.9873088842107,none,79.41959866951066,conjunction,6.028506951231577
1968-12-24,tech,Apollo 8 lunar orbit,3,none,166.21735598655042,none,165.20099204618705,none,53.64126572970744,sextile,62.43874468422953,none,156.40351309166496,conjunction,9.813842894885454,conjunction,1.0163639403633624,none,141.1577422241055,none,52.62490178934408,conjunction,8.797478954522091
1969-07-20,tech,Moon landing Apollo 11,3,none,142.6162502492926,none,142.5977651665187,sextile,55.348715552827855,sextile,63.02708228659051,none,134.91939843275605,conjunction,7.696851816536537,conjunction,0.018485082773878503,none,162.05351928065343,sextile,55.330230470053976,conjunction,7.678366733762658
1969-10-29,tech,ARPANET first message,1,none,165.21299183164052,none,150.91967419752342,none,51.26160464005255,sextile,61.23615225173694,none,140.94512658583903,none,24.267865245801516,none,14.29331763411713,none,157.81872116242403,none,36.96828700593542,conjunction,9.974547611684386
1970-04-17,tech,Apollo 13 returns safely,1,opposition,171.47485952944538,none,145.74093376831934,sextile,54.476579137850024,sextile,65.10594196727749,none,135.11157093889187,none,36.36328859055351,none,25.733925761126045,none,159.78248709383064,none,28.74265337672398,none,10.629362829427464
1971-11-15,tech,First microprocessor Intel 4004,3,opposition,171.96376824649806,none,132.39670351646922,none,46.14227598969799,sextile,61.061062780035996,trine,117.47791672613121,none,70.55831502737072,sextile,55.63952823703272,opposition,178.5389795061672,conjunction,9.497252247334728,none,14.918786790338004
1973-04-03,tech,First mobile phone call,1,none,128.44370737884992,trine,125.58690808608449,none,45.913280028363346,sextile,64.48442582369987,none,107.01576229074797,trine,124.5405303304021,none,105.96938453506559,opposition,171.50018811444784,sextile,60.05610450670224,none,18.57114579533652
1975-07-17,tech,Apollo-Soyuz mission,3,square,89.32914963136655,square,95.65734044350194,none,40.932106194559196,sextile,62.603034685429975,none,73.98641195263116,none,163.31556158399772,opposition,175.0135099251315,none,136.58944663806113,none,134.0814037305723,none,21.67092849087078
1976-03-26,tech,Apple Computer founded,2,square,86.01243282272901,none,100.27784845324202,none,37.63533560937702,sextile,63.471370731808776,none,74.44181333081026,none,160.45424615353926,opposition,173.709718724029,none,137.91318406261905,none,136.07438311465197,none,25.836035122431753
1977-08-20,tech,Voyager 2 launched,0,none,51.32588050826239,none,76.89682138103393,none,35.16012101608527,sextile,61.025254779697065,none,51.031687617422136,none,102.35756812568452,none,128.22270188929633,trine,112.0569423971192,none,163.3828229053816,none,25.865133763611794
1978-07-25,tech,First IVF baby,1,none,38.684135828456306,none,72.44052756276761,none,33.512236994654415,sextile,61.6666075527948,none,44.28615700462723,square,82.97029283308353,none,111.12466339122392,none,105.95276455742203,none,144.63690038587833,none,28.154370558140386
1979-03-28,disaster,Three Mile Island,0,none,39.52419360979489,none,72.01875615977016,none,29.93110283043015,sextile,62.33881296944466,none,39.61104602075565,none,79.13523963055054,none,111.54294976956506,none,101.94985899020031,none,141.47405259999522,none,32.40771013901451
1981-04-12,tech,Space Shuttle Columbia,1,conjunction,1.8591263519779204,sextile,54.30264309885354,none,25.29249036632183,sextile,61.80646425932176,none,17.78866920585361,none,19.64779555783153,sextile,56.16176945083146,none,79.59513346517537,none,81.45425981715329,none,36.51397389299993
1981-08-12,tech,IBM PC introduced,1,conjunction,1.4291472135187462,none,49.47822825658787,none,26.13400967560537,sextile,60.1958735025419,none,15.416364429651338,none,13.987217216132592,none,48.04908104306912,none,75.61223793219324,none,74.18309071867449,none,34.06186382693653
1983-01-01,tech,Internet TCP/IP,2,none,28.33654061548296,none,34.0231679561922,none,20.30538259009711,sextile,58.01977060664544,conjunction,3.6912200603561303,none,32.02776067583909,conjunction,5.6866273407092365,sextile,54.32855054628931,none,25.992009930806347,none,37.71438801654833
1984-01-24,tech,Macintosh introduced,1,none,45.470280720764094,none,26.763236116597767,none,17.857734907006517,sextile,58.078265087274474,none,13.45729406367019,sextile,58.927574784434285,none,18.707044604166327,none,44.620971023604284,conjunction,0.8493096971598106,none,40.22053018026796
1986-01-28,disaster,Challenger disaster,0,none,76.77808747313304,none,13.265057690121182,none,13.617258575594178,sextile,57.24666288213646,none,30.364346616421102,none,107.14243408955414,sextile,63.51302978301186,none,26.88231626571536,none,49.89577120741768,none,43.629404306542284
1986-04-26,disaster,Chernobyl disaster,2,square,95.94244125504733,none,13.438748844699575,none,13.712152910315922,sextile,59.740161890505306,none,32.58926013548981,none,128.53170139053714,square,82.50369241034775,none,27.150901755015497,none,68.79153950003183,none,46.028008980189384
1989-03-12,tech,World Wide Web proposed,3,none,137.6490303144586,conjunction,7.550742475441325,conjunction,7.094018579507235,sextile,57.07280732877891,sextile,57.529531224713,none,164.8214384608284,none,145.19977278989992,conjunction,0.4567238959340898,none,138.1057542103927,none,49.97878874927167
1990-04-24,tech,Hubble Space Telescope,3,none,160.63377707094827,none,15.70752293270698,conjunction,5.015064978125508,sextile,57.804236120257144,none,68.49669407483862,none,130.86952885421312,opposition,176.34130000365525,none,10.69245795458147,opposition,171.32623502552974,none,52.789171142131636
1990-08-06,tech,First web page,3,opposition,172.9596073165132,none,14.197002263175193,conjunction,6.168933199918968,sextile,57.3723149062875,sextile,65.40038396954373,none,107.55922334696946,none,158.762605053338,conjunction,8.028069063256225,none,164.93153825325697,none,51.20338170636853
1993-04-22,tech,Mosaic browser released,2,none,141.44535381908543,none,36.26704888957721,conjunction,1.0325792682021984,sextile,56.40727003189852,square,93.70689818967793,none,47.7384556294075,none,105.17830492950822,none,37.29962815777941,none,104.14572566130602,sextile,57.43984930010072
1994-04-07,political,Rwandan genocide begins,1,trine,115.48678677463803,none,41.89819869420279,conjunction,2.8531347746214237,sextile,55.56522150328129,none,100.31655497210551,none,15.170231802532527,none,73.58858808043524,none,44.751333468824214,none,70.73545330581382,sextile,58.41835627790272
1995-07-16,tech,Amazon.com launches,2,none,108.68483704472555,sextile,55.9616800947349,conjunction,4.523025121133685,sextile,56.22038425278831,trine,116.7050894686569,conjunction,8.020252423931339,none,52.72315694999065,sextile,60.48470521586859,none,48.20013182885697,sextile,60.74340937392199
1996-02-10,tech,Deep Blue beats Kasparov game,1,none,74.94140891219524,none,51.418836985649364,conjunction,5.5139025809849045,none,53.246224270929105,none,110.17896383756337,none,35.23755492536813,none,23.52257192654588,sextile,56.93273956663427,none,18.008669345560975,sextile,58.76012685191401
1996-07-05,tech,Dolly the sheep cloned,2,square,84.6150415948332,sextile,63.87184347157557,conjunction,6.657663199896945,sextile,56.04490889848455,trine,126.57441556995707,none,41.95937397512387,none,20.743198123257628,none,70.52950667147252,none,14.085534923360683,sextile,62.702572098381495
1997-05-11,tech,Deep Blue beats Kasparov match,1,sextile,54.66251276667725,none,66.57639206958129,conjunction,8.739264725352143,sextile,55.3252090638407,none,130.64086585877413,none,75.97835309209688,none,11.913879302904036,none,75.31565679493343,none,20.65314402825618,sextile,64.06447378919285
1998-09-04,tech,Google founded,3,none,38.713724334477604,square,83.72135793895592,conjunction,9.827098032663116,sextile,54.344043119187006,none,147.89249909080604,none,109.17877475632844,none,45.007633604478315,square,93.54845597161903,sextile,54.83473163714143,sextile,64.17114115185012
1999-02-07,tech,Pluto no longer furthest planet,1,none,29.392527185092092,none,75.11714944819511,none,10.614340015113783,none,52.30401172480899,none,138.03550118811785,none,108.64297400302578,none,45.724622263103015,square,85.73148946330889,sextile,56.3389622782168,sextile,62.91835173992277
2000-06-26,tech,Human genome sequenced,2,conjunction,3.0385068960200243,square,95.734672493951,none,14.44189210145214,sextile,55.0841854573554,none,165.2607500527585,none,168.29925694877855,none,98.773179389971,none,110.17656459540314,trine,113.21507149142315,none,69.52607755880754
2001-01-15,tech,Wikipedia launched,2,conjunction,7.2101481301604196,square,94.74722025024118,none,13.541671011087942,none,51.603384341166276,none,159.89227560249537,none,167.1024237326558,none,101.95736838040159,none,108.28889126132913,trine,115.49903939148953,sextile,65.14505535225422
2001-09-11,disaster,9/11 attacks,1,none,26.83435532252311,trine,112.9113362958787,none,15.4960695127495,none,53.70615217181967,opposition,177.88644201955213,none,151.05208669702904,none,139.7456916184018,none,128.4074058086282,none,155.2417611311513,none,69.20222168456917
2003-02-01,disaster,Columbia disaster,2,none,50.682442162227744,trine,114.667713905591,none,17.14828916327491,none,51.44301049462308,opposition,176.740986436511,trine,126.05854427428326,none,165.35015606781874,none,131.8160030688659,opposition,177.50155476890635,none,68.59129965789799
2004-02-04,tech,Facebook launched,1,none,70.13504429592355,trine,125.43924841444118,none,18.834752156177103,none,51.35665096703076,none,164.36934846235096,square,94.23430416642739,none,164.42570728963526,none,144.27400057061828,none,145.59095513345815,none,70.19140312320786
2004-12-26,disaster,Indian Ocean tsunami,0,none,81.37549850365345,none,141.64660198834065,none,20.03445508671001,none,51.14765463527664,none,147.1712882896727,sextile,65.79578978601924,none,136.9778995080059,none,161.68105707505066,trine,116.94344442129588,none,71.18210972198665
2005-02-14,tech,YouTube founded,1,square,87.09797139065127,none,135.3826613601184,none,20.658069064028666,none,51.414380691567544,none,152.5448888842854,sextile,65.44691749363415,none,137.51936724923036,none,156.04073042414706,trine,116.86129818520169,none,72.07244975559621
2006-03-21,tech,Twitter first tweet,1,none,103.84435347416438,none,142.72811600512313,none,23.038599664867547,none,52.07814237718071,none,142.15514195282861,none,38.31078847866425,trine,113.42753052071251,none,165.76671566999067,square,90.38893085584496,none,75.11674204204826
2007-01-09,tech,iPhone announced,2,none,105.88820184741704,none,162.16626122920437,none,23.457501044646733,none,51.061275199149804,trine,123.3149625269991,none,17.42676067958206,square,91.9455369233786,opposition,174.3762377261489,none,68.48803587873186,none,74.51877624379654
2008-11-04,political,Obama elected president,1,trine,118.42415163237953,opposition,179.99273947298875,none,27.491881966471,none,52.16548644972971,none,100.34989211081054,none,18.07425952156899,sextile,61.58310889463172,none,152.51537856054026,none,34.09122692816072,none,79.65736841620071
2010-04-20,disaster,Deepwater Horizon explosion,5,opposition,172.460354066312,opposition,179.31031141890656,none,30.205463016039403,none,52.872906450757,square,96.23194195211016,none,76.22841211420183,conjunction,6.849957352594572,none,149.10484840286716,none,23.35550566344483,square,83.0783694667964
2011-03-11,disaster,Fukushima disaster,3,opposition,174.5742623481628,none,164.35180523351167,none,30.762978699275664,none,51.917357084633466,none,81.67146944960254,square,92.90279289856028,none,10.222457114651093,none,133.588826534236,none,40.985435813926756,square,82.68033578390913
2012-08-06,tech,Curiosity Mars landing,1,none,133.00533366130247,none,164.1241462203283,none,36.084592388584724,sextile,54.841570342489604,none,73.19798348925394,none,153.79668284944358,sextile,62.87052011836926,none,128.03955383174355,none,98.95511250695398,square,90.92616273107433
2012-07-04,tech,Higgs boson discovered,2,none,137.8333003518054,none,165.6757018775275,none,35.58732229279116,sextile,54.78237545838721,none,75.30600412634914,none,146.86069552184546,sextile,56.490997770667086,none,130.08837958473634,square,92.07832006345825,square,90.36969775117836
2014-11-12,tech,Rosetta comet landing,2,square,93.70195399864099,none,137.96961871182148,none,38.39564355985192,none,53.172273260286886,none,46.40170189168268,none,140.10365589032367,none,128.32842728953753,none,99.57397515196956,none,166.72407084938945,square,91.5679168201388
2015-07-14,tech,New Horizons Pluto flyby,2,square,94.39528285884572,none,141.8830048723777,none,40.89479154457928,sextile,55.48229412771167,none,45.505919200086765,none,139.90120205893248,trine,123.72171226877657,none,100.98821332779843,none,164.61650381335585,square,96.37708567229095
2015-09-14,tech,Gravitational waves detected,3,square,82.38032732193366,none,139.815199515634,none,41.526451254276935,sextile,55.03873987394934,none,43.25000838740772,trine,125.63033570934138,none,137.80447316243237,none,98.28874826135706,opposition,179.33092441670928,square,96.56519112822627
2016-03-09,tech,AlphaGo beats Lee Sedol,4,square,88.0254388479056,trine,122.52100304459253,none,38.85700351451618,none,52.7691607769612,none,30.894838753115152,trine,118.92027760102076,none,149.45355810750186,square,83.66399953007635,opposition,171.68943837798196,square,91.62616429147738
2017-10-16,tech,Neutron star merger detected,1,none,51.99884976334096,trine,123.37213247940178,none,44.819200707118455,sextile,54.90404446623518,none,23.648887306048152,none,75.64773706938911,opposition,175.37098224274274,none,78.55293177228333,none,130.5517815356243,none,99.72324517335363
2019-04-10,tech,First black hole image,2,none,25.857402431569824,none,101.60833880643918,none,44.40202769717348,sextile,54.3119338860792,conjunction,2.8943772231864955,none,28.75177965475632,trine,127.46574123800903,sextile,57.2063111092657,square,83.06371354083552,none,98.71396158325274
2019-12-31,disaster,COVID-19 first reported,1,none,14.781379970224236,none,101.36204565294162,none,46.44357593597147,none,53.88586256370428,conjunction,1.0326071532658716,none,15.813987123490108,trine,116.14342562316585,sextile,54.91846971697015,none,69.69984968719439,none,100.32943849967575
2020-05-30,tech,SpaceX Crew Dragon,4,conjunction,4.8148421129640155,square,96.82615540405749,none,47.67523251146429,sextile,56.092548330886245,conjunction,6.941625438293045,conjunction,2.126783325329029,none,101.6409975170215,none,49.1509228925932,none,53.965765005557216,none,103.76778084235053
2020-12-08,tech,First COVID vaccine approved UK,3,conjunction,1.459584770619017,none,98.16957790870379,none,49.094912594298535,sextile,54.71953264362077,conjunction,5.644867329215515,conjunction,4.185282558596498,none,99.6291626793228,none,49.07466531440525,none,50.53425008502427,none,103.8144452379193
2021-02-18,tech,Perseverance Mars landing,3,conjunction,6.878539515113573,square,89.94092186809007,none,47.38514671587029,sextile,54.121826543562975,none,11.566051391343194,none,18.444590906456767,square,83.0623823529765,none,42.55577515221978,none,35.67723563710621,none,101.50697325943327
2021-07-11,tech,Branson space flight,1,none,19.755654866298983,square,92.4223570475915,none,51.02740474999575,sextile,57.418619145973935,none,16.023666848378184,none,35.77932171467717,none,72.66670218129252,none,41.39495229759575,none,21.639297431296768,none,108.44602389596966
2021-07-20,tech,Bezos space flight,1,none,19.67400724314001,square,93.2911027899255,none,51.37328235575217,sextile,57.5392480192059,none,15.621427585032563,none,35.295434828172574,none,73.61709554678549,none,41.917820434173336,none,22.243813191033325,none,108.91253037495807
2022-11-30,tech,ChatGPT released,2,none,39.053146208692965,square,86.242164066138,none,53.413622322103606,sextile,55.8784209204656,none,23.049879176431205,sextile,62.10302538512417,none,47.18901785744504,none,32.828541744034396,conjunction,6.224604464658569,none,109.2920432425692
2022-12-13,tech,Nuclear fusion ignition,2,none,38.704962809355095,square,84.86583186922735,none,52.94230101491786,sextile,55.56589942012374,none,23.64236856581425,sextile,62.34733137516935,none,46.160869059872255,none,31.92353085430949,conjunction,6.781431955045605,none,108.50820043504163
1755-11-01,disaster,Lisbon earthquake,1,none,105.82743415114078,none,48.211873154837406,none,149.38813730675093,trine,123.78295851052232,none,38.61703102788934,none,67.21040312325144,none,154.03930730597818,none,162.39998953841166,sextile,56.57255538727088,square,86.82890418272675
1811-12-16,disaster,New Madrid earthquake,2,opposition,176.23048068048027,none,37.22726267688782,none,20.199679540634378,square,94.79419406322074,none,77.7666109269673,none,106.00290839255243,none,139.00321800359245,none,17.02758313625344,none,159.20289754422683,trine,114.99387360385512
1906-04-18,disaster,San Francisco earthquake,2,square,85.57628528645137,sextile,62.90941420730485,opposition,179.37334130579444,none,16.801166109427783,none,99.66276098906184,none,14.086475702610443,none,148.48569949375621,trine,116.46392709848959,none,30.887641812038225,none,162.5721751963667
1923-09-01,disaster,Tokyo earthquake,2,none,25.67403132416092,none,148.1406141849884,none,152.787544462353,none,36.63069996769447,square,95.70254132035306,trine,121.37657264451398,trine,122.46658286082749,sextile,59.071841352658595,square,84.74587267681952,trine,116.15684449465851
1960-05-22,disaster,Chile earthquake 9.5,0,none,15.894273299386214,none,150.6549602083346,none,79.84976976889092,sextile,63.531035692753306,none,134.33622613219697,trine,118.44195283281076,none,134.76068690894837,none,70.80519043944366,sextile,54.91091714005745,none,16.318734076137616
1964-03-27,disaster,Alaska earthquake 9.2,2,sextile,55.90484137688293,opposition,173.52115707353548,none,70.62625090036067,sextile,65.13268825737904,none,168.02759443055385,none,136.06756419256322,none,130.5740015495816,none,102.8949061731748,none,158.79974755005773,conjunction,5.4935626429816296
1976-07-28,disaster,Tangshan earthquake,1,none,69.51147606412619,square,86.75052824833627,none,38.20466184130143,sextile,62.01229972416067,sextile,62.94289036547703,none,132.45436642960323,none,156.26200431246247,trine,124.9551900896377,none,165.53333384623613,none,23.80763788285924
1985-09-19,disaster,Mexico City earthquake,1,none,73.57973411643528,none,20.429428059216775,none,16.576968019989778,sextile,57.659767643969076,none,20.653371564762523,square,94.2331056811978,none,53.1503060572185,none,37.00639607920655,none,36.57333803722872,none,41.0827996239793
1989-10-17,disaster,Loma Prieta earthquake,6,opposition,177.69781147635848,conjunction,6.4277019074572195,conjunction,7.870402943541194,sextile,55.523538294660426,sextile,54.08083725857645,trine,123.61697421778202,opposition,171.27010956890126,conjunction,1.4427010360839745,opposition,179.14051251244246,none,47.65313535111923
1994-01-17,disaster,Northridge earthquake,2,none,106.67821146451158,none,36.14645641357663,conjunction,1.4698158504590992,none,53.54773351414585,square,91.16400577818158,none,15.514205686330001,none,70.53175505093495,none,37.61627226403573,none,69.06193920047585,sextile,55.017549364604946
1995-01-17,disaster,Kobe earthquake,3,square,91.63171326116819,none,43.07672790604539,conjunction,3.2478352964906207,none,53.188310824311145,none,99.51287402684716,conjunction,7.88116076567897,none,48.554985355122795,none,46.32456320253601,none,45.307150058632175,sextile,56.436146120801766
2004-12-26,disaster,Sumatra earthquake tsunami,0,none,81.37549850365345,none,141.64660198834065,none,20.03445508671001,none,51.14765463527664,none,147.1712882896727,sextile,65.79578978601924,none,136.9778995080059,none,161.68105707505066,trine,116.94344442129588,none,71.18210972198665
2008-05-12,disaster,Sichuan earthquake,1,none,140.59581341719644,none,159.91620982394653,none,27.642133425495842,none,53.448943265936066,trine,118.99271348462156,none,21.603099932574878,sextile,59.48797675885703,opposition,172.44165675055763,none,31.845843333361188,none,81.09107669143191
2010-01-12,disaster,Haiti earthquake,2,none,144.12008787087186,none,168.77867149265458,none,28.488279696777226,none,51.22375782474319,square,89.06663397113417,sextile,55.05345389973769,none,24.658583621782725,none,140.29039179587735,conjunction,3.8296960749945015,none,79.71203752152041
2010-02-27,disaster,Chile earthquake,2,none,156.52665181033868,opposition,172.58652510268402,none,28.932615728756616,none,51.60294339336804,square,92.05096598055937,sextile,64.47568582977931,none,16.059873292345344,none,143.6539093739274,none,12.872742436411272,none,80.53555912212465
2011-03-11,disaster,Tohoku earthquake tsunami,3,opposition,174.5742623481628,none,164.35180523351167,none,30.762978699275664,none,51.917357084633466,none,81.67146944960254,square,92.90279289856028,none,10.222457114651093,none,133.588826534236,none,40.985435813926756,square,82.68033578390913
2015-04-25,disaster,Nepal earthquake,2,none,110.53424374439254,none,133.96276798867083,none,38.31422823915284,none,53.68082078653606,none,41.967718962981905,none,152.50196270737445,trine,115.50298826693663,square,95.64853974951797,none,153.8172165060895,square,91.9950490256889
2023-02-06,disaster,Turkey-Syria earthquake,0,none,40.60513143936123,none,78.52577112361729,none,51.26452010475646,sextile,54.929969332328994,none,27.668718313468162,none,68.27384975282939,none,37.9206396842561,none,27.261251018860833,none,13.343880420500398,none,106.19448943708548
1815-04-10,disaster,Tambora eruption,1,trine,127.4048798163546,sextile,64.30008457950638,none,13.26480217507762,square,92.20958705101253,none,41.17430464658378,none,168.57918446293837,sextile,63.10479523684822,none,51.035282404428756,none,76.36959741192584,none,105.47438922609015
1883-08-27,disaster,Krakatoa eruption,1,none,45.09735391644385,none,102.94697284504207,trine,121.38021468407146,none,10.118174872998402,conjunction,8.315066966030983,none,53.412420882474834,sextile,57.84961892859822,none,18.433241839029385,sextile,63.530595755473236,none,111.26203981107305
1902-05-08,disaster,Mount Pelee eruption,2,none,18.176967632819924,none,37.23581864645172,opposition,170.9723578755864,none,12.149994393945008,none,139.64182908401688,trine,121.46486145119695,sextile,55.41278627927164,none,151.79182347796188,none,133.61485584514196,opposition,176.8776477304686
1980-05-18,disaster,Mount St Helens eruption,2,none,19.231168949713037,sextile,63.173069739461084,none,28.56117727884208,sextile,62.52362900225168,none,29.210618016051484,none,48.44178696576452,square,82.40423868917412,square,91.73424701830317,none,110.9654159680162,none,33.9624517234096
1985-11-13,disaster,Nevado del Ruiz eruption,1,none,70.21910135695063,none,17.02547227232779,none,15.256457600395947,sextile,56.520273385465714,none,24.238343512741977,square,94.45744486969261,none,53.19362908462284,none,32.28192987272374,none,37.937171484226894,none,41.26381578506977
1991-06-15,disaster,Mount Pinatubo eruption,3,opposition,174.71994627003153,none,23.595428317474784,conjunction,3.398895394932879,sextile,57.91400862266627,none,78.11054154520818,square,96.60940472482335,none,151.12451795255674,none,20.196532922541905,none,154.52341334748962,sextile,54.515113227733394
2010-04-14,disaster,Eyjafjallajokull eruption,5,opposition,170.77110633243402,opposition,178.61418869977845,none,30.033342443665333,none,52.70288435682454,square,95.87796189928858,none,74.89314443314544,conjunction,7.8430823673444365,none,148.58084625611312,none,22.190260076320897,square,82.73622680048987
1900-09-08,disaster,Galveston hurricane,3,none,24.948009294048177,none,19.806361545509475,none,159.5562196524262,none,11.415107164793326,none,169.222311637271,none,165.82967906868083,conjunction,5.141647748538702,opposition,179.3625811979357,none,154.41457190388752,opposition,170.97132681721953
1970-11-13,disaster,Bhola cyclone,1,opposition,178.40339029051717,none,142.6720636422639,none,48.577755189314416,sextile,61.218157222139354,none,130.03166160943897,none,48.371728681078196,none,35.73132664825326,none,168.75018116842168,none,12.846428541061158,none,12.640402032824937
1992-08-24,disaster,Hurricane Andrew,2,none,143.98801151927185,none,29.493600580241207,conjunction,2.0908943398997053,sextile,56.166686352719154,square,83.56939259306066,sextile,60.418618926211195,trine,114.49441093903064,none,27.4027062403415,trine,116.58530527893035,sextile,54.07579201281945
2005-08-29,disaster,Hurricane Katrina,0,none,72.5009776321701,none,146.65035492831578,none,23.236693715233343,none,53.82284077256185,none,136.29011058388903,sextile,63.789132951718926,none,140.84866743951412,none,169.88704864354912,trine,117.61197372428077,none,77.05953448779519
2008-05-02,disaster,Cyclone Nargis,1,none,140.61044714142332,none,160.21557629441168,none,27.369101947070703,none,53.17720275195285,trine,119.23811900656477,none,21.37232813485855,sextile,59.173976564165,opposition,172.41532175851762,none,31.8048746170943,none,80.54630469902355
2012-10-29,disaster,Hurricane Sandy,1,none,137.48954190754597,none,152.57441356479305,none,35.00827167573817,none,53.01559517394878,sextile,64.55054671510607,none,157.95991137734796,none,69.93604452766097,trine,117.56614188905485,none,104.94431620339918,square,88.02386684968695
2013-11-08,disaster,Typhoon Haiyan,1,trine,113.96996004409175,none,144.73139043449495,none,36.62265859274163,none,52.99779128426104,sextile,55.110940557492285,none,169.08090060158403,none,101.29864952141331,none,108.10873184175333,none,137.92130811415493,square,89.62044987700267
2017-08-25,disaster,Hurricane Harvey,2,sextile,60.352419309163764,trine,127.14483368351915,none,45.18281889148426,sextile,56.01211801322813,none,25.94989677880676,square,86.30231608797052,opposition,172.50274700731708,none,81.96201479203489,none,142.31443410119866,none,101.19493690471239
2017-09-20,disaster,Hurricane Maria,1,sextile,55.93718425974345,trine,125.91992986637953,none,45.20920238650859,sextile,55.56569746904512,none,25.14503001082585,none,81.0822142705693,opposition,178.14288587387702,none,80.71072747987097,none,136.64791173961441,none,100.77489985555371
1845-09-13,disaster,Irish Potato Famine begins,1,square,87.30802539006561,sextile,55.75459404828558,none,45.12472725543711,sextile,60.70748205487337,none,71.33734884772184,none,15.970676542343732,none,31.553431341780033,none,10.629866792848475,none,76.67815859721713,none,15.5827547994363
1876-01-01,disaster,Great Famine India,6,square,89.08877627228071,opposition,176.2137447100518,none,109.11124740458386,none,21.6053563213576,square,88.70785362682551,opposition,177.79662989910625,square,94.69747901766749,none,67.10249730546792,none,156.19127357774863,square,87.50589108322626
1932-01-01,disaster,Soviet famine begins,2,none,152.01589853549626,none,81.64541759834162,none,142.40176212560806,none,46.555505715144164,opposition,177.49167400880552,none,30.49242745569822,trine,126.3386838661621,none,135.95282027605032,none,16.063078259445945,square,95.84625641046388
1942-01-01,disaster,Bengal famine,1,none,21.300061459834588,conjunction,4.738934425186642,trine,123.06667660159457,sextile,54.71834707161405,none,73.08726395516717,none,51.78720249533258,none,16.561127034647946,trine,127.80561102678121,none,106.50554956694663,none,68.34832952998053
1959-01-01,disaster,Great Chinese Famine,0,none,35.46344483943682,none,133.87161488620126,none,80.91728628989924,sextile,62.508467734015625,trine,115.46279633031764,none,79.99935149088083,none,98.40817004676444,none,52.95432859630202,none,17.490883756865202,none,18.408818555883613
1983-01-01,disaster,Ethiopian famine,2,none,28.33654061548296,none,34.0231679561922,none,20.30538259009711,sextile,58.01977060664544,conjunction,3.6912200603561303,none,32.02776067583909,conjunction,5.6866273407092365,sextile,54.32855054628931,none,25.992009930806347,none,37.71438801654833
1817-08-01,epidemic,First cholera pandemic,4,square,93.46218685583713,square,82.48972970567999,conjunction,9.88594862290708,square,93.26511481446386,none,20.661333731690945,trine,114.12352058752808,none,10.97245715015714,none,72.60378108277291,none,20.85840577306422,none,103.15106343737094
1855-01-01,epidemic,Third plague pandemic,2,trine,127.27787462817349,none,27.404229442567768,sextile,59.284970593102116,none,48.214457827806655,none,38.474742207863244,square,88.80313242031025,none,99.87364518560571,square,86.6892000356699,none,40.588674592503594,none,11.070512765295476
1889-05-01,epidemic,Russian flu pandemic,1,none,144.52215257658685,sextile,65.37128043575203,none,137.8389832528373,conjunction,3.6695096731079957,none,68.79819314397726,none,146.6796542794359,none,79.15087214083482,none,72.46770281708525,none,143.0101446063279,none,134.1694735797293
1918-03-04,epidemic,Spanish flu first wave,1,sextile,65.06790680184628,none,163.94177362291765,none,159.96815591462916,none,31.299188260271634,none,35.27280596856011,none,29.795100833286163,none,98.87386682107137,conjunction,3.9736177082884723,sextile,61.0942890935578,none,128.66896765435754
1918-09-01,epidemic,Spanish flu second wave,2,none,40.71590292433439,opposition,175.50115547930952,none,162.77055495858377,none,31.595203259731065,none,44.32580378045682,conjunction,3.6099008561224366,none,134.78525255497513,none,12.730600520725758,none,27.985302403608628,none,131.1753516988527
1957-02-01,epidemic,Asian flu pandemic,1,none,70.87211655055725,trine,127.63192589149773,square,87.97289806462553,sextile,62.97725917069636,none,102.63628699756856,none,31.76417044701131,sextile,56.75980934094048,none,39.659027826872205,none,31.213088723685047,none,24.99563889392917
1968-07-13,epidemic,Hong Kong flu,1,none,129.5284692703213,none,150.78502874731876,sextile,58.07391365792486,sextile,63.23770669132816,none,145.62123571391547,none,16.092766443594172,none,21.256559476997467,none,151.14105759475638,none,79.33047313492233,conjunction,5.163793033403294
1976-08-01,epidemic,Ebola discovered,1,none,69.4455959865864,square,86.30137357117655,none,38.089508032346714,sextile,61.87568882330663,sextile,62.51519278021664,none,131.96078876680303,none,155.74696955776295,trine,124.39088160352327,none,166.16352240989033,none,23.786180790959918
1981-06-05,epidemic,AIDS first reported,2,conjunction,2.436509774438292,sextile,54.40029397620691,none,26.3329320157016,sextile,62.008179891647956,none,18.725046100260556,none,21.16155587469885,sextile,56.8368037506452,none,80.73322599190851,square,83.1697357663468,none,35.675247875946354
2003-03-12,epidemic,SARS outbreak,2,none,46.42245870793997,trine,112.35564468238115,none,17.98118362958479,none,52.188937518258456,opposition,177.4742341697756,none,131.05177546183563,none,158.77810339032112,none,130.33682831196595,opposition,176.7592870199059,none,70.17012114784325
2009-04-24,epidemic,Swine flu pandemic,2,none,157.68314419781368,opposition,170.45715908817962,none,28.73656168135153,none,52.95258728096286,none,107.85369194950599,none,49.82945224830769,none,31.859696714006702,none,160.80627923046885,conjunction,3.1231350326551706,none,81.68914896231439
2014-03-23,epidemic,Ebola West Africa,3,none,132.04726798985405,none,138.95203068698316,none,35.840084156298474,none,52.61941596769594,none,50.49253056298875,opposition,177.4602014471572,square,89.00070132316277,none,103.11194653068469,trine,124.84078547946126,square,88.45950012399442
2015-01-01,epidemic,Zika virus outbreak,2,none,99.19490005588725,none,131.70114928048125,none,37.22092495209944,none,52.21459882561919,none,42.26562550276259,none,141.46052555864983,none,129.1039506636315,square,94.48022432838178,none,166.32487561573097,square,89.43552377771863
2020-01-30,epidemic,COVID-19 WHO emergency,2,none,11.527995497307302,square,97.94330870174912,none,45.78280258057191,none,53.66391756457796,conjunction,1.5034114434007506,none,10.024584053906551,none,109.47130419905642,none,52.16050612117721,sextile,63.68850161848451,none,99.44672014514987
2020-03-11,epidemic,COVID-19 pandemic declared,4,conjunction,7.74321100222636,square,95.00286146783122,none,45.62881880111803,sextile,54.00789095854526,conjunction,4.6338482918320665,conjunction,3.1093627103942936,none,102.74607247005758,none,49.374042666713194,sextile,57.117253668939554,none,99.63670975966329
1793-01-21,political,Louis XVI executed,4,none,148.40403917530867,trine,116.60539003587094,none,69.47687845986485,none,110.48997997889609,sextile,63.42775152536814,square,84.97628764994053,square,94.9905707888204,opposition,173.91773150426422,none,25.513692328955557,opposition,179.96685843876094
1793-07-13,assassination,Marat assassinated,5,opposition,171.98110942781412,square,97.96828243179502,none,67.2189200949544,trine,115.2404607050949,none,79.57233676815571,square,92.40877265965844,square,90.05060814039086,none,165.18720252674942,none,22.831688045436465,opposition,177.5406191999507
1865-04-14,assassination,Lincoln assassinated,1,sextile,61.8066005216842,trine,121.03949734265522,none,77.5198810524395,none,33.67598694926437,none,164.88339144583037,none,133.31000803248543,opposition,177.1539021356606,none,161.44062160490526,none,99.63402108322106,none,43.84389410317514
1881-03-13,assassination,Alexander II assassinated,1,conjunction,4.058342759195547,none,134.0577555074927,trine,119.0052468335131,none,14.346412098117746,none,29.398920772097338,none,33.45726353129288,none,138.11609826668823,none,15.052508673979592,none,19.11085143317514,none,104.65883473539535
1881-07-02,assassination,Garfield shot,3,conjunction,8.258604868503227,trine,120.46663127600019,trine,114.58939783211676,none,12.801652988527714,none,18.678886432411126,none,10.4202815639079,trine,112.20802640749696,conjunction,5.877233443883412,conjunction,2.3813714246198145,none,101.78774484358905
1894-06-24,assassination,Sadi Carnot assassinated,3,trine,119.94208119155478,none,23.106391741092295,none,147.51632136803707,conjunction,3.2059292859364064,trine,127.61585891288118,conjunction,7.6737777213264025,none,143.0484729326471,trine,124.40992962694477,conjunction,4.467848435389996,none,150.72225065397348
1898-09-10,assassination,Empress Elisabeth assassinated,3,none,52.95476252035431,conjunction,6.479184602759631,none,155.27330233935498,conjunction,8.997608384073132,opposition,170.75009532618776,trine,117.79533280583345,none,46.47557791759468,none,161.75248694211461,none,108.79772442176032,none,164.27091072342813
1900-07-29,assassination,Umberto I assassinated,3,none,28.369687166203136,none,20.777344445310547,none,160.4460480892742,none,10.89528321920838,none,167.88132424620687,none,163.74898858759,conjunction,7.592342720892589,opposition,178.77660746541525,none,152.8537053683816,opposition,171.34133130848258
1901-09-06,assassination,McKinley shot,4,conjunction,6.5452292111670545,none,26.865296908081547,none,161.70962933354414,none,12.596687520909427,none,158.82838623746488,none,165.37361544863194,none,20.320067696914492,opposition,171.4250737583743,opposition,177.97030296954136,opposition,174.30631685445357
1914-06-28,assassination,Franz Ferdinand assassinated,1,trine,121.79405181509665,none,132.68884539039485,none,166.1751865007846,none,26.337785009655278,conjunction,7.148556100734481,none,128.94260791583113,none,10.894793575298195,none,33.48634111038976,none,155.2803929254864,none,139.83740149112933
1922-06-24,assassination,Rathenau assassinated,2,conjunction,8.280065004010595,none,162.40345223933073,none,150.54536081694394,none,34.75600922739244,none,81.80719617111777,square,90.08726117512836,none,154.12338723532014,none,47.05118694372533,sextile,55.33125194773592,trine,115.7893515895515
1934-07-25,assassination,Dollfuss assassinated,1,none,130.4274162608135,sextile,64.85477394859493,none,129.27490950971526,none,46.15145435417047,none,147.9782291041397,none,81.59435463504683,none,164.71780979059162,none,165.87031654168985,none,35.44290028087636,square,83.12345515554478
1935-09-08,assassination,Huey Long shot,1,none,108.02591938428654,sextile,58.99809167945864,none,129.13835384807717,none,47.45687239708174,none,140.67957313045406,none,111.29450748525939,none,167.02401106374518,opposition,171.8635544724642,sextile,63.83763508817765,none,81.68148145099542
1948-01-30,assassination,Gandhi assassinated,2,trine,121.05674746700248,sextile,57.518548856415634,none,110.42279631026514,sextile,59.05371333736514,conjunction,6.1494658835156315,trine,127.20621335051811,opposition,178.57529632341812,none,52.90424745384951,none,68.15250001315297,none,51.3690829729
1963-11-22,assassination,JFK assassinated,2,none,52.526213846659175,none,157.49235811823206,none,66.10535357265036,sextile,61.84935807467076,none,153.23636262025246,none,154.2374235330884,none,149.9814280351088,square,91.3870045455817,none,143.91321839224085,conjunction,4.2559954979795975
1965-02-21,assassination,Malcolm X assassinated,4,none,71.97750691311137,opposition,173.75162735852297,none,66.76574318286146,sextile,64.65433432739448,opposition,171.640218503056,trine,116.38227458383264,trine,114.27086572836566,none,106.98588417566151,opposition,178.96339108877288,conjunction,2.1114088554669763
1968-04-04,assassination,MLK assassinated,2,none,131.01439667474054,none,161.13673491152616,sextile,59.74479269680751,sextile,65.23375971912512,none,155.64776788920855,none,24.633371214468013,none,30.122338236785623,none,139.11847239166633,square,89.86713093359313,conjunction,5.48896702231761
1968-06-05,assassination,RFK assassinated,2,trine,126.260395473163,none,152.66345623666072,sextile,59.54220019739128,sextile,64.44267244030226,none,147.76298399374974,none,21.502588520586755,none,26.403060763497734,none,147.794343565948,square,85.94526096088902,conjunction,4.900472242910979
1972-09-05,terrorism,Munich Olympics massacre,2,opposition,171.24738234151897,trine,116.57383357278408,none,46.11747873518172,sextile,61.44432864219027,none,101.24698366577553,square,87.5056339927055,none,72.17878408569695,none,162.6913123079658,none,26.061305350515227,none,15.326849907008551
1975-11-20,assassination,Franco dies,2,none,107.50838976597518,square,91.3935303904405,none,36.6567626494022,sextile,60.13660417638829,none,67.91368886345441,opposition,175.4220786294296,none,161.09807984358432,none,128.0502930398427,trine,124.44131719418212,none,23.479841526986093
1978-05-09,assassination,Aldo Moro killed,0,none,49.22409992687186,none,80.38466531676244,none,33.49304592087057,sextile,63.263913361780226,none,50.61379787585278,none,99.83789780272464,none,129.6087652436343,trine,113.87771123763301,none,163.10181116450485,none,29.770867440909655
1979-08-27,assassination,Mountbatten assassinated,2,none,22.37336236751497,sextile,61.86642991370354,none,30.363836911491234,sextile,60.296588240538,none,31.933678584656775,sextile,54.30704095217175,square,84.23979228121851,square,92.23026682519478,trine,114.60362919270975,none,29.932751329046766
1980-12-08,assassination,John Lennon shot,1,conjunction,1.225303610873965,none,48.810673525172604,none,25.060623241219105,sextile,58.52817982093407,none,15.343116945457638,none,16.568420556331603,none,50.03597713604657,none,73.87129676639171,none,75.09660037726567,none,33.467556579714966
1981-03-30,assassination,Reagan shot,1,conjunction,1.2391346461757564,none,53.653787402212714,none,25.023708453546732,sextile,61.51397800476056,none,17.163517850998886,none,18.402652497174643,sextile,54.89292204838847,none,78.67749585575945,none,79.9166305019352,none,36.49026955121383
1981-05-13,assassination,Pope John Paul II shot,2,conjunction,2.671667491289412,sextile,54.91950902127542,none,25.954036900158968,sextile,62.139480668376876,none,18.73406525305751,none,21.40573274434692,sextile,57.59117651256483,none,80.87354592143438,square,83.5452134127238,none,36.18544376821791
1981-10-06,assassination,Sadat assassinated,2,conjunction,6.209635281026834,none,44.807104269055344,none,24.703092976384482,sextile,58.56086721246717,none,10.949330032972654,conjunction,4.7396947519458195,none,38.59746898802851,none,69.51019724543983,sextile,63.30056196441299,none,33.85777423608269
1984-10-31,assassination,Indira Gandhi assassinated,1,none,50.97081750214892,none,23.943335619741788,none,17.638794077779778,sextile,57.044742967621374,none,15.462613270099808,none,66.43343077224873,none,27.02748188240713,none,41.582129697521566,conjunction,9.388687804627352,none,39.405948889841596
1986-02-28,assassination,Olof Palme assassinated,1,square,82.4746767009947,none,12.64876193172526,none,13.35984418085826,sextile,58.16262178597228,none,32.154015673388756,trine,114.62869237438346,none,69.82591476926945,none,26.00860611258352,sextile,56.466070588411185,none,44.80277760511402
1988-12-21,terrorism,Lockerbie bombing,3,none,143.22390772260422,conjunction,3.230468336890226,conjunction,8.403859491602589,sextile,55.27012889001324,none,50.09673773530088,none,166.67935454209487,none,146.45437605949445,conjunction,5.1733911547123625,none,138.05051656789186,none,46.86626939841065
1991-05-21,assassination,Rajiv Gandhi assassinated,2,opposition,179.38867964605592,none,23.45101916902979,conjunction,3.1136485565120893,sextile,57.81456796928467,none,78.15193858180237,none,101.23674106425355,none,155.93766047702613,none,20.337370612517702,none,159.05130903353822,sextile,54.70091941277258
1993-02-26,terrorism,WTC bombing 1993,4,none,129.5056268204984,none,32.1568234917836,conjunction,0.4533351162835402,sextile,54.81227193830915,square,87.42243054637629,none,42.083196274122116,square,97.34880332871481,none,32.61015860806714,square,96.89546821243127,sextile,55.26560705459269
1995-03-20,terrorism,Tokyo sarin attack,2,square,91.61737218217075,none,47.160131198086276,conjunction,4.46695178658166,sextile,54.61974545967726,none,106.2468284443452,none,14.629456262174443,none,44.45724098408448,none,51.627082984667936,none,39.99028919750282,sextile,59.08669724625892
1995-04-19,terrorism,Oklahoma City bombing,2,square,95.31843749799313,none,49.83211457235865,conjunction,4.838730960837779,sextile,55.493877434478975,none,110.1647229676754,none,14.846285469682272,none,45.48632292563448,sextile,54.67084553319643,none,40.6475919647967,sextile,60.332608395316754
1995-11-04,assassination,Rabin assassinated,2,square,91.53241216941649,none,51.37680669097301,conjunction,3.8512470158738665,none,53.27333581166519,none,108.50138951851207,none,16.96897734909558,none,40.155605478443476,sextile,55.22805370684688,none,36.30435846256961,sextile,57.12458282753906
1998-08-07,terrorism,US embassy bombings Africa,2,none,36.18532235678833,square,82.96939190390015,none,10.218793635661655,sextile,55.06287277302209,none,148.25105831258392,trine,112.06573595579556,none,46.78406954711181,square,93.1881855395618,sextile,57.00286318277347,sextile,65.28166640868375
2001-09-11,terrorism,9/11 attacks,1,none,26.83435532252311,trine,112.9113362958787,none,15.4960695127495,none,53.70615217181967,opposition,177.88644201955213,none,151.05208669702904,none,139.7456916184018,none,128.4074058086282,none,155.2417611311513,none,69.20222168456917
2002-10-12,terrorism,Bali bombings,1,none,44.838041142838335,trine,123.96312315958303,none,16.90821713394422,none,52.719041021641004,none,166.40961868483174,trine,121.5715775419934,none,168.80116430242137,none,140.87134029352725,opposition,174.2906185636344,none,69.62725815558522
2004-03-11,terrorism,Madrid train bombings,1,none,66.71670703489663,trine,122.46611013177801,none,19.596515134687195,none,52.03846149104146,none,165.89891324249334,none,99.18220620759672,opposition,170.81718283332538,none,142.0626252664652,none,151.22066769863818,none,71.63497662572865
2005-07-07,terrorism,London bombings,0,none,71.58210582263013,none,138.27957505734483,none,23.54218736626956,sextile,54.43950137569823,none,143.73873620068738,none,72.15663037805726,none,150.13831912002505,none,161.8217624236144,trine,126.59613175375549,none,77.98168874196779
2011-07-22,terrorism,Norway attacks,3,none,153.7298911432615,opposition,172.8007285393533,none,34.173379262286915,sextile,54.722795389154044,square,83.9045538879123,trine,122.36555496882619,none,33.46938031738522,none,138.62734927706634,none,67.64275957967214,square,88.89617465144096
2013-04-15,terrorism,Boston Marathon bombing,1,none,144.75687478969726,none,150.30065344788005,none,34.83648286095723,none,53.054963961782164,sextile,62.40920662514063,none,152.8339185851621,sextile,64.94247176242268,trine,115.46417058692279,none,99.77895462337995,square,87.8914468227394
2015-01-07,terrorism,Charlie Hebdo attack,2,none,100.28086162745186,none,131.18392361988575,none,37.134068862579454,none,52.162294154402844,none,41.88756060290342,none,142.16842223035528,none,128.5352147526624,square,94.04985475730626,none,165.66928361524188,square,89.2963630169823
2015-11-13,terrorism,Paris attacks,2,none,76.78213274570265,none,131.78011269467964,none,40.26101714955752,none,53.452892766500554,none,38.06620277862157,trine,114.84833552432423,none,151.4377545596177,square,91.51909554512213,none,168.30122829082478,square,93.71390991605807
2016-03-22,terrorism,Brussels bombings,4,square,89.88419818136367,trine,123.01277668949666,none,39.07465138392121,none,53.033209870692076,none,30.904915434883378,trine,120.78911361624705,none,147.10302512913967,square,83.93812530557545,opposition,173.82232348693913,square,92.10786125461328
2017-05-22,terrorism,Manchester Arena bombing,2,none,72.48104296041583,trine,120.36208595648642,none,42.45367846949006,sextile,54.93880400156269,none,22.96960348543371,square,95.45064644584954,none,167.15687108309774,none,77.9084074869964,none,150.38945044741223,square,97.39248247105274
2019-03-15,terrorism,Christchurch attack,3,none,25.58118718235073,none,101.55195376102245,none,43.94562748262621,none,53.72396277984723,conjunction,3.8823634985490116,none,29.463550680899743,trine,127.13314094337315,sextile,57.60632627839624,square,83.18751346074697,square,97.66959026247343
