date,event_type,description,Global_Index,Jupiter-Saturn,Jupiter-Saturn_angle,Jupiter-Uranus,Jupiter-Uranus_angle,Jupiter-Neptune,Jupiter-Neptune_angle,Jupiter-Pluto,Jupiter-Pluto_angle,Saturn-Uranus,Saturn-Uranus_angle,Saturn-Neptune,Saturn-Neptune_angle,Saturn-Pluto,Saturn-Pluto_angle,Uranus-Neptune,Uranus-Neptune_angle,Uranus-Pluto,Uranus-Pluto_angle,Neptune-Pluto,Neptune-Pluto_angle
1756-05-17,war_start,Seven Years War begins,-1.6247643567732295,-0.5194859182771555,121.29777422762211,-0.9370997450676458,159.57006499124319,0.48864858322420324,60.748204485395746,0.3650109021298717,68.59174635906689,0.7850760146762825,38.27229076362107,-0.9993624990856464,177.95402128698214,0.6059047082073579,52.706027868555225,-0.7624620539086953,139.68173052336107,-0.01707405157577137,90.9783186321763,-0.6339202970960305,129.33995084446263
1757-06-23,battle,Battle of Plassey,-1.211391220987167,-0.2212368174016757,102.78168761234633,-0.6975862189536458,134.23366538526017,0.04248972746736545,87.56478482140542,0.7643954717783118,40.14675954581145,0.8530777948877025,31.451977772913835,-0.9837396883743805,169.65352756624824,0.45965847838074075,62.63492806653488,-0.7454940284445423,138.2015497933344,-0.07126949112693347,94.08690583944872,-0.6116864492001096,127.71154436721687
1759-09-13,battle,Battle of Quebec,-0.3533956127781542,0.5065156509216182,59.56798357069857,0.22773658799460877,76.83614824747065,-0.8107641623863127,144.17065947325528,0.9392658068656086,20.07137843540073,0.9549258828752788,17.268164676772074,-0.9153912920868104,156.26135695604614,0.17984339244159425,79.6393620060993,-0.7546316238373456,138.99319227927407,-0.1202672517608792,96.90752668287138,-0.5606286038055148,124.09928103785455
1763-02-10,war_end,Treaty of Paris ends Seven Years War,-0.3172141068588483,0.9695549612559995,14.174375726928066,0.9141625802637657,23.91291910966595,-0.3549515336020858,110.7904740170704,-0.5187059068948064,121.2454862586763,0.9855899017527573,9.738543382737882,-0.5730737887411853,124.96484974399846,-0.29355836141932756,107.07111053174825,-0.7034367959986265,134.70339312673633,-0.12762838479192007,97.33256714901034,-0.6151667786834193,127.9640397242533
1775-04-19,war_start,Battles of Lexington and Concord,-2.037559409911515,-0.6696644477982423,132.0411720048746,0.988077452096136,8.856346626184084,-0.48039562643955,118.71124418635947,-0.4225379865547269,114.99492519600162,-0.5473415896853595,123.1848253786905,0.9730585760794583,13.32992781851513,-0.390151119112543,112.96390279912379,-0.33963926310872117,109.85489756017537,-0.5570390091824564,123.85127182218571,-0.5919263962055096,126.29383061763892
1776-07-04,political,US Declaration of Independence,-1.3134327423876466,-0.15566619513765603,98.95543541987215,0.8915003704428508,26.937607548344445,0.23217448335021862,76.57487344872911,-0.9289869881980275,158.2774516251416,-0.58627399463757,125.89304296821659,0.9246752614268905,22.380561971143038,-0.22098873789058704,102.76711295498626,-0.23365717402400848,103.51248099707355,-0.6605239451690482,131.33984407679714,-0.5756858225507092,125.1476749261293
1777-10-17,battle,Battle of Saratoga,-0.7050360413706187,0.3010419077083528,72.47980674247026,0.386091702634335,67.28846876874078,0.8134341173321629,35.567176086242114,-0.9094224779749992,155.42566387772126,-0.7634385237253871,139.76827551121104,0.7995522784972151,36.912630656228146,0.12280721643657037,82.945857135251,-0.2224954443218586,102.8556448549829,-0.7347472971082794,137.28586735353795,-0.4978595208487307,119.85848779147915
1781-10-19,battle,Siege of Yorktown ends,-0.18390584508877078,0.9558834055157533,17.082377937986394,-0.832606923245815,146.36747081905867,0.6039515326867608,52.84656735099054,0.4198230264654683,65.1765850831448,-0.9585707677400993,163.44984875704506,0.34318522916727695,69.92894528897693,0.6679078052225017,48.09420714515841,-0.061412689317155114,93.52090346806811,-0.8522381524538031,148.45594409779653,-0.46982831138965925,118.02315243413534
1783-09-03,war_end,Treaty of Paris recognizes USA,-0.73945462009253,0.9563297035771114,16.99511035952105,-0.9783731611517797,168.06231882870293,-0.24318334698041924,104.07450056335335,0.9652959324553646,15.138814611556768,-0.9961068390087731,174.94257081177602,0.050952184938644285,87.0793902038323,0.8468071305086329,32.13392497107782,0.03728588912879432,87.86318060794372,-0.8903996060557741,152.92350421714616,-0.48806250750433144,119.21331517491012
1792-04-20,war_start,France declares war on Austria,-2.125400994325585,-0.9987139497094605,177.09388255910912,0.3233512402703947,71.13428473414928,0.9991089128369,2.4189671950186096,-0.4588966019098565,117.31593013300807,-0.3709113359096592,111.7718327067416,-0.9956841620374178,174.6749153640905,0.5033524847064148,59.777952426101024,0.2831240744891977,73.55325192916789,-0.9891439237247591,171.54978513284266,-0.4209877333373391,114.89696293798946
1793-01-21,political,Louis XVI executed,-1.9430513679472978,-0.8517638714128667,148.40403917530867,-0.08699179702871206,94.9905707888204,0.9024823766620049,25.513692328955557,0.08756801899698978,84.97628764994053,-0.4478432024092295,116.60539003587094,-0.9943707823918504,173.91773150426422,0.4473259468198781,63.42775152536814,0.3505853439887643,69.47687845986485,-0.9999998327097408,179.96685843876094,-0.35004356846253537,110.48997997889609
1794-07-27,political,Thermidorian Reaction,-2.1668421039803167,-0.8920308253787229,153.12955932296825,-0.4608508232662173,117.44202321041828,0.5983196974303111,53.250350611257005,0.48583338616123295,60.932911960598744,0.009975831685905942,89.42841746661347,-0.8958676110724237,153.62009006577475,-0.03832933758668155,92.1966473623695,0.4353619476118893,64.19167259916128,-0.9995978046848073,178.37493517101703,-0.40965656488080315,114.18326257185575
1796-03-02,military,Napoleon commands Army of Italy,-2.359681359012662,-0.21031126004374934,102.14059349634113,-0.9833459229672946,169.5286543686562,-0.28887438012613365,106.79057880310151,0.9990416118836374,2.5086670842673016,0.029129750064526207,88.33075213500271,-0.875201463187894,151.0688277005574,-0.16731813850390045,99.63192641207377,0.4580589280180871,62.73807556555468,-0.9903585135359575,172.0373214529235,-0.330501970613983,109.29924588736881
1798-08-01,battle,Battle of the Nile,-1.9506050921077451,0.5654063304566828,55.56948762068219,-0.3780868078501061,112.21522537980135,-0.973621351548748,166.8106550701303,0.13627879743824625,82.16742695502057,0.5498141270094832,56.64573775911917,-0.3622943583581397,111.24116744944813,-0.7400645505388058,137.73691457570277,0.5793461907591205,54.595429690328956,-0.9686584135322769,165.61734766517804,-0.3587250559432016,111.02191797484909
1799-11-09,political,Napoleon coup of 18 Brumaire,-1.183882964443936,0.772533073704701,39.418095213379814,0.08438003063295096,85.15962483615144,-0.6968945618503759,134.17838222123873,-0.49640054902620534,119.76214659666272,0.6978963474097324,45.74152962277162,-0.08298713169679156,94.76028700785892,-0.9347031637874623,159.18024181004253,0.6558119184276964,49.0187573850873,-0.9068839622829671,155.07822856718585,-0.2766349659752146,106.05947118209855
1802-03-25,war_end,Treaty of Amiens,0.4775597764786112,0.9962300907052106,4.97667881038538,0.7906069001404481,37.7577365270875,0.09740672193709136,84.41014256450146,-0.9872417845994337,170.83789184029214,0.840745649112913,32.78105771670212,0.18337723323666266,79.43346375411608,-0.9973330698757656,175.81457065067752,0.6864226562253951,46.652406037413954,-0.8780194967656803,151.40437163262035,-0.2546351236382301,104.7519655952064
1803-05-18,war_start,Napoleonic Wars resume,1.4112336282497715,0.9777228428427377,12.11649660410481,0.9792945005751145,11.679727310749229,0.5547982923660489,56.30317721438777,-0.9526981799982114,162.30691727725738,0.9149862615633787,23.79622391485404,0.36780527093229237,68.41967381849258,-0.9952671940677607,174.4234138813622,0.7117386105470903,44.623449903638544,-0.871446673567374,150.62718996650815,-0.2757001029435448,106.00374006286961
1805-10-21,battle,Battle of Trafalgar,3.2667160088805343,0.6889622119979822,46.45198500247761,0.7083356329804791,44.90034129915122,0.9852541325480573,9.851625915087851,-0.040348559949940056,92.31242992596779,0.9996333242376575,1.5516437033263912,0.8028137384806754,36.60035908738976,-0.7520056671532216,138.7644149284454,0.8186640684227557,35.04871538406337,-0.7338812936918578,137.212771225119,-0.2107115789920542,102.16405584105564
1805-12-02,battle,Battle of Austerlitz,3.4153532564229065,0.632444294121182,50.7693107633888,0.6220968057045136,51.53058346465872,0.9544697954589068,17.355980505128798,0.12050761681820124,83.07860051667316,0.9999117328989023,0.7612727012699168,0.834719767529001,33.413330258260004,-0.6927464746322235,133.84791128006196,0.8273296432025257,34.17460295952992,-0.7022671751367856,134.60918398133188,-0.18111274954131606,100.43458102180196
1806-10-14,battle,Battles of Jena-Auerstedt,3.235652529599509,0.4683681600391173,62.07157768758603,0.40099667867409394,66.35949952817938,0.8349516171900022,33.38919941867678,0.37012550356865587,68.27664238037084,0.9972009171576827,4.287921840593356,0.8772938184254203,28.682378268909247,-0.6474314112442505,130.34822006795687,0.8389527748258864,32.9703001095026,-0.7026020559559027,134.63614190855023,-0.20220347308119527,101.66584179904763
1807-06-14,battle,Battle of Friedland,1.902071291973661,-0.1331766076568083,97.65319513729148,-0.26610613512854076,105.43268988479304,0.3202590042692279,71.3214109161012,0.8521676197179076,31.551779792740547,0.9907963474773848,7.779494747501559,0.8962405034489523,26.331784221190276,-0.6320965878668289,129.20497493003202,0.8279499539110233,34.111278968691835,-0.7311688155113627,136.98446967753358,-0.22279399068729416,102.87319070884175
1812-06-24,war_start,Napoleon invades Russia,-0.6424225829977855,-0.9862978623813138,170.504257260268,-0.5804658247474096,125.48331294247843,-0.8396406957854281,147.10219741216684,-0.4203145108602774,114.8544454642805,0.706848252970574,45.02094431778954,0.9177403471748692,23.402059848101118,0.2648611542167404,74.6412972754515,0.9296551029439908,21.618884469688425,-0.4948861253196851,119.66224159324105,-0.13992242120984563,98.04335712355262
1812-09-07,battle,Battle of Borodino,-0.28967047898733794,-0.8737808439621262,150.90101565832722,-0.3351475874931913,109.58151291077442,-0.6455028183894201,130.2033855389707,-0.6690477906793953,131.99361530791262,0.7510394338938144,41.319502747552804,0.9354586505339598,20.697630119356518,0.2231587727749038,77.10536903376016,0.9359251522045827,20.621872628196286,-0.47600601483064353,118.42487178131296,-0.13576743303982225,97.80299915311667
1813-10-19,battle,Battle of Leipzig,0.7900084221139558,-0.6412573047504555,129.88563756396368,0.12864932267621274,82.6084511855068,-0.17218371770874813,99.9148093545783,-0.9649131643173953,164.77743578025232,0.6784522391117149,47.27718637845689,0.8662798634221475,29.970828209385388,0.4172814610543028,65.336926655784,0.9547277936415355,17.3063581690715,-0.3845227151382779,112.61411303424089,-0.09250535587708081,95.30775486516939
1814-04-11,political,Napoleon abdicates,0.35875111190082254,-0.8620298937571323,149.54526896992783,-0.02485697779805521,91.42434662165053,-0.2938989522101616,107.09152547347915,-0.9372247563712279,159.5905945048331,0.5281282857145602,58.120922348277304,0.7378225195652781,42.45374349644868,0.6311614390148816,50.864136525239076,0.9628465984427407,15.667178851828623,-0.3253215787611104,108.98505887351638,-0.05787557193895073,93.31788002168776
1815-03-20,political,Napoleon returns (Hundred Days),1.8035808320914337,-0.5460052181980898,123.09338352319486,0.4883107510437035,60.77038750944121,0.2789921514108452,73.79993762804861,-0.9677086951153965,165.39989194878723,0.46448665011306217,62.32299601375365,0.6521851230881738,49.29344589514625,0.739554640389725,42.30650842559237,0.9742539174008392,13.029550118607403,-0.2525676462605427,104.62950443934602,-0.02792084178088615,91.59995432073862
1815-06-18,battle,Battle of Waterloo,1.3143314140137186,-0.654185521736686,130.85792071610967,0.45237800226909075,63.103643228091414,0.21794968342326654,77.41136347857537,-0.9904651346654983,172.08154240783665,0.3785795189143739,67.75427748801826,0.5955723271150175,53.44655723753431,0.7521432829082608,41.223621691726976,0.9689824410271929,14.307720250483953,-0.3252034133980463,108.97789917974524,-0.08141977184325305,94.67017892926128
1815-11-20,war_end,Second Treaty of Paris,3.050977651444632,-0.15047745690121664,98.65459688952652,0.7858075892455946,38.20456779698847,0.6365783934414027,50.462850491612556,-0.7939752522828574,142.5585725194605,0.4931824594199556,60.450029092538045,0.6666398510383943,48.19174639791396,0.7205029962960606,43.903975629933996,0.9772004237855854,12.258282694624086,-0.24791225854788748,104.35400472247204,-0.03656909405039942,92.09572202784796
1810-09-16,revolution,Mexican War of Independence begins,-0.7223731188695094,-0.9897565639986751,171.79210333936877,-0.941168712948713,160.24876188777628,-0.9960338398370184,174.89534495976687,0.25001768702488847,75.5214411849704,0.883282210752393,27.959134772854952,0.998533609113833,3.1032416203981086,-0.10922534697109434,96.2706621543984,0.9073678629575106,24.855893152456844,-0.56251342878736,124.22979692725335,-0.1628765961752737,99.3739037747965
1811-07-05,political,Venezuela declares independence,-0.7926737171454763,-0.9997699441824267,178.77096976601672,-0.8113625556842028,144.2292712064828,-0.9791163150465839,168.26994865916208,-0.04292085148511162,92.45993932096474,0.7986380411319016,36.99975902750049,0.9745304676192508,12.959081574821198,0.06434019075428071,86.31103044505198,0.9132564625277076,24.04067745267929,-0.5491802006685438,123.31078947255247,-0.16108901211174778,99.27011201987318
1816-07-09,political,Argentina declares independence,2.445513751976563,-0.3844762430233719,112.61122864106753,0.7938364449888501,37.45450731566129,0.6484691488307912,49.57371855070633,-0.8056082325759526,143.6690365785765,0.25617598022862587,75.15672132540624,0.45340708316975004,63.037510090361195,0.856647222590767,31.057807937508983,0.9777128968375405,12.119211235045043,-0.27923461167697955,106.21452926291522,-0.07141593739345813,94.09531802787018
1818-02-12,political,Chile declares independence,5.061374394614968,0.47104374035376395,61.8979306700553,0.9641356315032312,15.391318268600969,0.9880038643126524,8.88369066085113,0.18735505262386995,79.20153182863572,0.22002925116710068,77.28924893865627,0.32916955580580287,70.78162133090643,0.9547421069893488,17.30360115858042,0.9935567764827706,6.507627607749839,-0.08007453632196629,94.59285009723669,0.03341295169839432,88.08522248948685
1819-08-07,battle,Battle of Boyaca,4.316870158982825,0.6663424246998886,48.21460485292408,0.6257889905988165,51.2598792761612,0.6968696890561008,45.82360485989193,0.7031660853797507,45.318425351603196,-0.16460836106455135,99.47448412908528,-0.07042171897902758,94.03820971281601,0.9987227285153627,2.896179501320887,0.9955021843577845,5.436274416269271,-0.11456099602398141,96.5783046277644,-0.019930867557317926,91.14203021149513
1821-09-15,political,Central America independence,1.9320434135423876,0.9980412280691222,3.586744838568272,-0.4994110366074745,119.96104213935138,-0.48210558747372184,118.8230117813959,0.8643828562998035,30.18768994946089,-0.44423332109456937,116.3742973007831,-0.4263519414520167,115.23626694282763,0.8941468507986399,26.60094511089261,0.9998027494802079,1.138030357955472,0.003955740212281536,89.77335218989049,0.023815875310115062,88.63532183193502
1822-09-07,political,Brazil declares independence,0.18530500141705109,0.8981578394542541,26.083029888313092,-0.8880032782233479,152.62340228020025,-0.8952227092123568,153.537050434854,0.4099613985353116,65.79759005884065,-0.5953890616346685,126.54037239188716,-0.6081245726734724,127.4540205465409,0.7692372046653009,39.714560170527555,0.9998728625491092,0.9136481546537425,0.05537169354229914,86.82581222135957,0.03944362441462174,87.73946037601331
1824-12-09,battle,Battle of Ayacucho,-1.7810278520723812,0.3395213283726333,70.15228650040258,-0.8729519636582802,150.80351014426293,-0.819799023253352,145.06468026826633,-0.6737197593396539,132.35481090761354,-0.7552155012340439,139.0442033553345,-0.8169741659270376,144.7830332313311,0.4663476659416487,62.20252440721097,0.9949880315503994,5.7388298759966005,0.22764259450979835,76.8416789481235,0.12913294096550618,82.5805088241201
1821-03-25,revolution,Greek War of Independence begins,3.588256534333147,0.9874169668062341,9.098855138215171,-0.04914557432847629,92.81696873262428,-0.0494763850846651,92.83594587905696,0.9914444661249207,7.500173496463958,-0.2064744208162699,101.91582387083946,-0.20679848617983446,101.93480101727215,0.9583274177517445,16.599028634679144,0.999999945148747,0.01897714643268955,0.08164635863433167,85.31679523616032,0.08131624627641437,85.335772382593
1827-10-20,battle,Battle of Navarino,-1.6009162920062796,-0.08715006542600909,94.99967347097012,0.013011401409326597,89.25448057703946,0.19999943407630302,78.46307406084978,-0.9388462602898359,159.85869488511386,-0.997244809478411,175.74584595199042,-0.9934980434101036,173.4627475318199,-0.2612059611660578,105.14163164391603,0.9823153439891474,10.791406516189681,0.3320917536088153,70.6042143080744,0.14961091468054558,81.39562082426409
1829-09-14,war_end,Treaty of Adrianople,-0.4708676419965832,-0.4181727308364602,114.7192779923038,0.5786251685852223,54.64609769002095,0.7689162326090393,39.743333007677336,-0.4956024224700197,119.70948260376153,-0.9828240063417535,169.36537568232475,-0.9023041573748286,154.46261099998114,-0.5817147470074665,125.57123940393468,0.9663636708165837,14.902764682343616,0.4216153772888748,65.06338491374055,0.17422997273422486,79.96614959608416
1846-04-25,war_start,Mexican-American War begins,6.5777974006061655,0.17478235774958037,79.93400707332546,0.7941246971984646,37.42734089975602,0.15275388470885012,81.21344790864322,0.9109554931889552,24.36227064838851,0.7371987291443359,42.50666617356944,0.9997506857464449,1.2794408353177573,0.5653739569231333,55.571736424936944,0.7219280366740668,43.7861070088872,0.9741139617803467,13.065070251367507,0.5468155974919868,56.8511772602547
1847-09-14,battle,Fall of Mexico City,3.4587566922916846,-0.6087553272497944,127.49955933379906,0.019249010178984727,88.89704483782262,-0.7403323085911008,137.759730859693,0.1806996396868963,79.58948551889542,0.781493091940368,38.602514495976436,0.9840090924244816,10.260171525893952,0.6702961534858335,47.910073814903626,0.657865865850595,48.86268602187039,0.9868343866169841,9.307559318927215,0.5273970879484364,58.17024534079758
1848-02-02,war_end,Treaty of Guadalupe Hidalgo,3.8708891551845745,-0.5085260740292552,120.56570205606553,0.048202526278318274,87.23712806261688,-0.6795159966643449,132.8058328839892,0.22187505844395958,77.18081189399183,0.83553345412632,33.328573993448686,0.9772676394732706,12.240130827923679,0.7267558419630068,43.3848901620737,0.7000534838947332,45.56870482137231,0.9846365980904287,10.056316168625045,0.5646066236081375,55.62502098999738
1853-10-16,war_start,Crimean War begins,1.9115640968933236,-0.9406840400944395,160.16675111800416,-0.7720404172741329,140.53747178038947,0.1635809191914247,80.58519290285409,-0.6588838891322669,131.21480728544893,0.9418859070448787,19.629279337614705,0.18083571791127737,79.5815582151501,0.8750260278720038,28.95194383255524,0.5007211310031048,59.95227887753538,0.9867917135658072,9.322664494940536,0.6343310268056661,50.62961438259481
1854-10-25,battle,Charge of the Light Brigade,2.8211276976956983,-0.8178796888840031,144.87310227902,-0.42024578205938146,114.85010570835885,0.6007355286153737,53.07740581507977,-0.21483312715179406,102.40573742920839,0.8658246510964825,30.022996570661142,-0.03133568517855497,91.7956964639402,0.7376620271726541,42.46736484981164,0.47297063181476057,61.77269989327908,0.9765057003747767,12.444368279150495,0.6517234418953842,49.328331614128615
1855-09-11,battle,Fall of Sevastopol,4.011289825454911,-0.5612849267919091,124.14470564629596,0.07458997151693729,85.722336587114,0.9288682172587734,21.74092748219988,0.35103898830526103,69.44912255151849,0.7834508929817644,38.42236905918195,-0.2147997298406112,102.40377816409608,0.5779205383368812,54.69558309477746,0.4386627575061205,63.98140910491412,0.9599363996880308,16.273214035595508,0.6729067164936626,47.70819506931866
1856-03-30,war_end,Treaty of Paris ends Crimean War,5.7556081388980616,-0.0508608029751009,92.91536719790349,0.5414866579442411,57.215100452594754,0.9989392511746564,2.6392607991238037,0.740092456944736,42.26070792159277,0.8120808101579357,35.70026674530876,-0.09679475778297615,95.5546279970273,0.6339930487575344,50.65465927631072,0.5021997112560426,59.85436125171856,0.966131540342585,14.954392531001957,0.7083402230784077,44.89996872071657
1861-04-12,war_start,Fort Sumter attacked,1.2572434116598135,0.9608821890958008,16.078698306485023,0.3801787734717416,67.65524326456446,-0.7319677157701217,137.05160924935697,-0.14654437905238632,98.42672100114629,0.10914547718561503,83.73394157104948,-0.8920367276959906,153.130307555842,-0.41477930927076934,114.50541930763131,0.35190101776954413,69.39636598479251,0.8592146892204772,30.77147773658183,0.7812493967059027,38.62488824821071
1862-09-17,battle,Battle of Antietam,-1.082204592964337,0.9872564885916647,9.156815646386576,-0.24524142645487398,104.19610172550506,-0.9992801954028089,177.8259426698499,-0.8058843856032305,143.69575184188867,-0.08783878445021627,95.03928607911848,-0.9925827801291968,173.01724168376353,-0.7013938023254384,134.5389361955021,0.20828801504920594,77.97795560464505,0.771628467662017,39.4996501163836,0.7828438100985402,38.47830548826144
1863-01-01,political,Emancipation Proclamation,-1.8696070366827233,0.9426019161224253,19.50679164984959,-0.6031932304463082,127.0989398920892,-0.9157165716706215,156.3076955364881,-0.967556743768891,165.36539327840427,-0.30223926359190445,107.59214824223962,-0.9973329635560717,175.8144871863377,-0.827655035594423,145.85860162855465,0.23186055918814952,76.5933645714227,0.7851391159158045,38.26645338631505,0.7844851807191172,38.32691118510765
1863-07-03,battle,Battle of Gettysburg ends,-1.4238893489426805,0.9490462829646574,18.36906769799188,-0.4369883809386598,115.91188529029328,-0.9786105361462185,168.1282499659098,-0.9128708716861592,155.90514937955598,-0.13126707034387422,97.5428175923014,-0.9935771542637649,173.50268233609833,-0.7377026395644185,137.5360816815641,0.2426015209396786,75.95986474379693,0.7661200063921134,39.993264089262695,0.8093594937039649,35.966600654534226
1864-09-02,battle,Fall of Atlanta,-2.2000627287243404,0.8187324649525608,35.04189081241742,-0.789924383815502,142.1784456063632,-0.7247340715549043,136.44673021663732,-0.9902686326744835,172.0002321672898,-0.2946500627353314,107.13655479394576,-0.9889864888334389,171.48862102905474,-0.8906725165621916,152.95787702029278,0.14996978953990264,81.37482417699948,0.6968982612826709,45.821322226347014,0.8135729116763768,35.55350195065247
1865-04-09,war_end,Lee surrenders at Appomattox,-2.036930710070209,0.47908906044534694,61.374075994673404,-0.9986672457744901,177.04157264119488,-0.16507875098795607,99.50180930255692,-0.6852568963537596,133.25581394062422,-0.5237532625826207,121.58435136413173,-0.94481110868317,160.87588529723035,-0.9675775398237604,165.37011006470237,0.21576201128799352,77.53976333863791,0.7219322432228994,43.785758700570646,0.8314307791793077,33.754004638067265
1865-04-14,assassination,Lincoln assassinated,-2.0391199642010718,0.47244923483939594,61.8066005216842,-0.9987665115271992,177.1539021356606,-0.16735418192784068,99.63402108322106,-0.6859454648014832,133.31000803248543,-0.5156288482010205,121.03949734265522,-0.9479943078022937,161.44062160490526,-0.9653970768454205,164.88339144583037,0.21610083613550923,77.5198810524395,0.721229767800376,43.84389410317514,0.8321865881289051,33.67598694926437
1870-07-19,war_start,Franco-Prussian War begins,0.4280345969594646,-0.9925758481355808,173.01397542215773,0.8041662570621001,36.47018717738578,0.5845558361237702,54.22838193406844,0.8888578549467253,27.269925499405907,-0.8704917758398177,150.51583740045652,-0.481533319388902,118.78559348808926,-0.8265312982570657,145.7440499227518,-0.012192028978883846,90.69856911145422,0.4424434536829574,63.74011267679169,0.8913354657441616,26.958456434662533
1870-09-02,battle,Battle of Sedan,0.20286747495018098,-0.9995655182307946,178.31096311002347,0.853583873859996,31.396362356564325,0.466320713819063,62.204270086402516,0.8216980256627356,34.744864356987414,-0.837857853248234,146.91460075345913,-0.49219214172673714,119.48476680357402,-0.8381394882795906,146.9441725329891,-0.06280153595620012,93.60063244296684,0.40448363793748604,66.14122671355173,0.887337761112457,27.459405729415103
1871-01-18,political,German Empire proclaimed,0.5275216946247046,-0.9576001629239737,163.25572704832058,0.7972388672047828,37.132763333108656,0.5278075800297627,58.142558819167974,0.8636852697806617,30.267082375181715,-0.9373519919910247,159.61150961857078,-0.2607263953267888,105.11316822915262,-0.6818534012581388,132.98864467313888,-0.09194171061081158,95.27532215227663,0.38429780876967295,67.39984570829037,0.8839658309505619,27.87547644398626
1871-01-28,war_end,Paris surrenders,0.5894630685925708,-0.9487515028740565,161.577412879885,0.7955078415890505,37.2967510956947,0.5385885989527943,57.41238974495224,0.8686162716130518,29.70176266165577,-0.9462313246758391,161.12583602442032,-0.2447155311858303,104.16502313493274,-0.6675161747745528,131.87565021822923,-0.08209750888850008,94.70914084064694,0.3907550060951265,66.99851375735048,0.8853073927413266,27.710627083296473
1871-05-10,war_end,Treaty of Frankfurt,0.6211433872648678,-0.9766952413625682,167.60612849662726,0.8984118666236277,26.04990691028445,0.42907580846303295,64.59107708363052,0.7802229421549655,38.71900769070141,-0.9717305662416392,166.3439645930883,-0.225207010393147,103.01505141299674,-0.6277881049122079,128.88712080592583,-0.011187047790014051,90.64098399391497,0.426270136063702,64.76891460098585,0.8997706046591162,25.87206939292911
1904-02-08,war_start,Russo-Japanese War begins,-0.899461661150564,0.7364187094307149,42.57276847452334,0.06234815053480708,86.42539563629532,-0.14601913836295166,98.3962996829016,0.10957849703945999,83.70898165092058,0.7211241782787219,43.85262716177198,-0.7768061017457919,140.9690681574249,-0.5917564441740484,126.28175012544392,-0.9964611027989412,175.1783046808031,-0.9852123057493334,170.1343772872159,0.9673238963967986,14.687318031981007
1905-05-27,battle,Battle of Tsushima,-0.32712092857747055,0.24294714131103692,75.93945144621887,-0.7104072047514007,135.26805628939732,0.6680896417134143,48.08020689021788,0.845962692784007,32.22477238951808,0.5101135741783166,59.32860484317848,-0.5594773155776886,124.01965833643672,-0.3117416838468631,108.16422383573692,-0.9982929732919118,176.6517368203848,-0.9762689092057316,167.4928286789154,0.9619541081093506,15.8554345006998
1905-09-05,war_end,Treaty of Portsmouth,-0.820685386698964,-0.12683137238461636,97.28652754856341,-0.9105357176964495,155.5794890299581,0.827332755922091,34.17428545709717,0.9570444083386006,16.854446214004454,0.5255761652735723,58.292961481394684,-0.6621076509466517,131.46081300566055,-0.4089831483391245,114.14097376256785,-0.9855449006438688,170.24622551294476,-0.991293699433818,172.43393524396254,0.954657773211301,17.319839243092716
1914-06-28,assassination,Archduke Franz Ferdinand killed,-0.7726248403721258,-0.526867560697869,121.79405181509665,0.9819758916040024,10.894793575298195,-0.9083651268749947,155.2803929254864,-0.628541623246885,128.94260791583113,-0.6780165804158222,132.68884539039485,0.8340173760613095,33.48634111038976,0.9922268337733178,7.148556100734481,-0.9710308854255922,166.1751865007846,-0.7642172072007675,139.83740149112933,0.896194042051175,26.337785009655278
1914-07-28,war_start,Austria declares war on Serbia,-0.9917807768522373,-0.6186951340229879,128.22090873686255,0.9871211103991544,9.205429312443243,-0.9345002234285136,159.1475520184471,-0.6743016962885776,132.39994636334097,-0.7364081595257808,137.4263380493058,0.8578260096078657,30.926643281584532,0.9973412055812169,4.179037626478419,-0.979409909085735,168.35298133089034,-0.7837517319748839,141.60537567578422,0.8929977518860046,26.747605655106113
1914-08-04,war_start,Britain declares war on Germany,-1.04667600597372,-0.6410448087372322,129.8697724458801,0.9887445547545282,8.604530163594973,-0.9413781299747093,160.28429834144185,-0.6873519441076186,133.42085610920185,-0.7486584576795077,138.47430260947507,0.862385349429254,30.414525895561738,0.9980799721726256,3.551083663321762,-0.98125510752796,168.88882850503683,-0.7882834598690798,142.02538627279682,0.8920860255659799,26.863442232239976
1914-09-05,battle,First Battle of the Marne,-1.262739499684597,-0.7270878420896195,136.64280992132322,0.9947683629247775,5.863351843659416,-0.9671269523725585,165.2682423494972,-0.7410560864870525,137.82145580124254,-0.7934188037864668,142.50616176498264,0.8777704073864058,28.625432428173966,0.9997884192710602,1.1786458799193156,-0.9880450263802512,171.13159419315662,-0.8057712777066788,143.68480764490195,0.8874392995557864,27.44678654825465
1915-04-25,battle,Gallipoli Campaign begins,0.24947214592062772,-0.16856428778172447,99.7043542025408,0.836527801636527,33.22473990162001,-0.6307593622328433,129.10616915034262,-0.20527286729944597,101.84547290313674,-0.6810927576094297,132.92909410416078,0.8711982604157609,29.401814947801867,0.9993018388348816,2.1411187005959817,-0.9528253577345491,162.33090905196264,-0.707972770234294,135.07021280475675,0.888931647925745,27.260696247205885
1916-02-21,battle,Battle of Verdun begins,0.4322279975617205,-0.13654738578160647,97.84810723649915,0.7015074229088774,45.45192978607315,-0.4764678144779342,118.4549623755943,0.012153541063407004,89.30363624706243,-0.8017760304085081,143.30003702257227,0.9360174330339689,20.60685513909516,0.9889008409465789,8.544470989436718,-0.9608125056393442,163.90689216166743,-0.7040837125214869,134.75556603313555,0.873336208437768,29.151326128531878
1916-07-01,battle,Battle of the Somme begins,1.2915459338418174,0.21171363412229063,77.77720549036296,0.3139307960099434,71.70372100546496,-0.011289225667518223,90.6468387247835,0.4676567842758079,62.11769947403849,-0.861460155491482,149.48092649582793,0.9748793798514372,12.869633234420547,0.9628827537478104,15.659506016324471,-0.9529293993427702,162.35055973024848,-0.6924129612531393,133.82142047950344,0.8785743275894374,28.52913925074502
1917-04-06,war_start,USA enters WWI,1.5982911023145352,0.28801426155578974,73.2608899566284,0.20977822184286515,77.89064420089954,0.14632546894295903,81.58595830327059,0.6170690784490328,51.89758246761367,-0.8758988566765324,151.15153415752798,0.989462534885543,8.325068346642183,0.9312892938884515,21.36330748901473,-0.9365290992968206,159.47660250417016,-0.639951816462912,129.78822666851323,0.8687320151861592,29.688375835656913
1917-11-20,battle,Battle of Cambrai,1.418377415513186,0.3924126837362794,66.89529283273502,-0.30294532151021303,107.63459214880794,0.5080930402389183,59.463108610302115,0.8866355822184843,27.54652649027085,-0.995446055275445,174.52988498154295,0.9915986587898024,7.432184222432909,0.7733008379815629,39.348766342464174,-0.974752234530165,167.09770075911004,-0.7093384915046267,135.18111863907876,0.8488187153685884,31.916582120031265
1918-03-21,battle,German Spring Offensive,1.8838708888041866,0.4697822989504154,61.97983398180679,-0.178009156790472,100.25382024260347,0.5222332775077015,58.517825091420065,0.8871990807568476,27.476632265853667,-0.9523087868821206,162.23365422441026,0.9981750584500694,3.462008890386727,0.8240945362800315,34.503201715953125,-0.9321447254642223,158.77164533402353,-0.6119474863599444,127.73045250845712,0.8567967923558806,31.041192825566398
1918-08-08,battle,Hundred Days Offensive begins,1.9701546654519968,0.7419916332272223,42.098650350187455,-0.6348033185427145,129.40539849737638,0.8519957046826678,31.570598744790075,0.9999732415817127,0.419149370100385,-0.9890263059511049,171.50404884756384,0.9831655685090492,10.52805160539738,0.746876137544448,41.67950098008707,-0.9453821032937715,160.97599724216644,-0.640438804972082,129.82454786747678,0.8558029126665698,31.15144937468969
1918-11-11,war_end,WWI Armistice,1.636605318071377,0.745646719454512,41.78532265961121,-0.7870037209182162,141.9063795963038,0.9163291853968041,23.60480019855629,0.9868647698020436,9.296789617389663,-0.9979249535667202,176.308297744085,0.9500781740075367,18.18052246105492,0.6282059942899808,51.082112277000874,-0.9681964771529301,165.51117979486008,-0.6769991657074153,132.60958997891413,0.8396047924657816,32.901589815945954
1918-07-17,political,Romanov family executed,2.056123190508419,0.7197654503678106,43.96488101921611,-0.558901172543346,123.97984051798622,0.8151380309601564,35.39898763693441,0.996810919958063,4.5770517656698075,-0.9779465541585136,167.94472153720233,0.9888452201779889,8.5658933822817,0.7728683852631416,39.3878292535463,-0.9359294598704886,159.37882815492063,-0.6232914263921392,128.55689228365603,0.858763796745746,30.8219358712646
1919-01-19,battle,Red Army captures Kiev,1.681576631523336,0.665354576155727,48.29046674071634,-0.6749932626630105,132.4536270137164,0.86878209026231,29.682582484639738,0.9982808474001005,3.3601377534765504,-0.9999156715817924,179.25590624556725,0.9477245102491896,18.607884256076602,0.6204553682510742,51.65060449419289,-0.951788455525081,162.13620949835615,-0.6305876182220638,129.09348926023986,0.8382642471968825,33.04272023811629
1920-11-14,battle,White Army evacuates Crimea,0.660365801223471,0.9916879546545685,7.39252606672855,-0.9727579670539364,166.59557248549245,0.8535716561021102,31.39770606556337,0.399039175198128,66.48187358809338,-0.9348445561252279,159.2030464187639,0.7794447779334904,38.79023213229192,0.2777439116412184,73.87439965482193,-0.9510927609716053,162.00672144894418,-0.6007349668884215,126.92255392641417,0.8183085767331467,35.08416752253001
1922-12-30,political,USSR established,-1.089403436719223,0.9158961146110197,23.66669057375941,-0.46019362103415373,117.39960221886878,0.08363400358626281,85.20252066812276,-0.5412668953850677,122.7699236135853,-0.7778735821068339,141.0662927926282,0.47660909597352014,61.53583009436335,-0.15821378398895855,99.1032330398259,-0.9231959778120049,157.39787711300846,-0.49743543308028865,119.8304741675459,0.7926366425172817,37.56740294546255
1936-07-17,war_start,Spanish Civil War begins,-2.2589563599810143,-0.11895275255175766,96.83166681884748,-0.8060808890482254,143.71477207040158,-0.014457388705593268,90.82837621464574,-0.7506775738393394,138.6491055590373,0.683489046183748,46.88310525155413,-0.9910763980997003,172.33995696650678,-0.5666827696711719,124.51922762211521,-0.5800896972801474,125.45685171495268,0.21411953729466274,77.63612237056111,0.6714525257365105,47.820729344391566
1937-04-26,battle,Bombing of Guernica,-1.7960181893984737,0.44799700486006727,63.38475369340472,-0.21827345606499068,102.60764497804172,-0.6469806483846632,130.3143406267079,-0.9999942930879979,179.80642983298648,0.774691913276892,39.22289128463702,-0.9715528635995807,166.30090567988742,-0.4449740130348661,116.42167613958179,-0.602901893489003,127.07801439525039,0.22156917881223945,77.19878485494476,0.6444008813134292,49.87922954030563
1939-04-01,war_end,Spanish Civil War ends,0.009990173273696223,0.879203368475739,28.453584940172846,0.5809869694590791,54.48000920726224,-0.9999945947747269,179.81161569154926,-0.6155042337958395,127.98856795560263,0.898591778128884,26.026424267089393,-0.8807651349911902,151.7347993682779,-0.16564977027655506,99.53498301542977,-0.5836599098807734,125.7083751011885,0.2838721146369025,73.50855874834039,0.6129095862921765,52.1998163528481
1939-09-01,war_start,Germany invades Poland,0.8293994845460977,0.9137128865477839,23.97640387508249,0.7075833506410246,44.96137128235773,-0.9681540476402279,165.50146628019925,-0.4240845408864988,115.0927315847075,0.9336744187311768,20.984967407275242,-0.7828803832510727,141.52506240511676,-0.019482361391655708,91.11632770962501,-0.5081411978733179,120.54009499784152,0.33986484145082424,70.13136030234976,0.6373065182180608,50.40873469549176
1939-09-03,war_start,Britain and France declare war,0.8144333134345472,0.9127108295313383,24.11730196209666,0.7051254802520225,45.16031769940177,-0.9693642603302258,165.78107248546263,-0.42808829881157595,115.34629982761511,0.9333111128559862,21.043015737305115,-0.7843843127276079,141.66377052336597,-0.02144841441105116,91.22899786551845,-0.5093531769803872,120.62075478606084,0.33896810412796213,70.18598212821334,0.636956249928086,50.43477265784752
1940-05-10,battle,Germany invades Western Europe,1.856318391369336,0.9909322252264028,7.721767360212553,0.9191402725679557,23.199282477643088,-0.8112970114163038,144.2228471860603,-0.03696493103735648,92.11841716170318,0.9637352527580987,15.477515117430535,-0.7253873439692576,136.50107982584777,0.09764109252344091,84.39664980149064,-0.5153905686068311,121.02356470841723,0.3596852158668015,68.9191346840601,0.6142241874563851,52.10443002435713
1940-05-26,battle,Dunkirk evacuation begins,2.069362824516096,0.9944313551450432,6.049425503616156,0.9367213447335905,20.491956392535947,-0.7711389059508457,140.45627205360958,0.022362797119947517,88.71859928816606,0.968398290784223,14.44253088891979,-0.6997487113162953,134.40684654999342,0.12759824819726645,82.66917378454991,-0.49946053446823124,119.96431566107364,0.3709360437017362,68.2266428956301,0.6192628965696613,51.73767276544352
1940-06-22,war_end,France surrenders,2.3720277824219056,0.9981901575080362,3.4476529539996505,0.9593453768918926,16.393626290875595,-0.7069432234572787,134.98674869994787,0.1089386416463513,83.74586346313671,0.9745817476342491,12.945973336875944,-0.6631309434722169,131.5390957459482,0.16852016547380355,80.29821050913705,-0.4785864643954208,118.59312240907227,0.3850647942559139,67.35223717226111,0.6260475303365758,51.24088523681115
1940-07-10,battle,Battle of Britain begins,2.5208536264737385,0.9994398902954292,1.9177608657433254,0.9698935743184334,14.094928640442951,-0.6710436088990164,132.14766221806542,0.15446934269811063,81.11397882427381,0.9775000290814825,12.177167774699626,-0.645856207426157,130.2299013523221,0.18744615405132425,79.1962179585305,-0.47028400632763284,118.05273357762246,0.3904250496831174,67.01905018383087,0.628863408998647,51.033683393791605
1941-06-22,war_start,Operation Barbarossa,3.6084426600478605,0.9753932687284572,12.736766458855108,0.9902047037817369,8.026044422994595,-0.3215577750005513,108.7571587014657,0.5484556351075015,56.73887253222688,0.9966220358185404,4.710722035860513,-0.5224081597924964,121.4939251603208,0.3506056037004804,69.47563899108198,-0.45061585016150785,116.7832031244603,0.42633325056552124,64.76491695522148,0.6154099473001784,52.01828616923882
1941-12-07,war_start,Pearl Harbor attack,3.4407722794142597,0.9202861885910696,23.032043329601613,0.9461526485240932,18.888093922165673,-0.2275618110608932,103.15356774689475,0.6555920664403683,49.03544117424188,0.9973856465343607,4.14394940743594,-0.5904029937533708,126.18561107649637,0.3078966004480224,72.0674845038435,-0.5305357680968217,122.04166166906043,0.3758436459494477,67.92353509640756,0.5861160558379834,54.11812657265287
1942-06-04,battle,Battle of Midway,4.345549384191304,0.9046851457413821,25.219089183999515,0.887201007318706,27.47639302124692,0.02728279952127444,88.4366167421887,0.8160465227494859,35.30902850969902,0.9992240234373466,2.257303837247406,-0.40123977853290715,113.65570592618822,0.491996376958665,60.52811769369853,-0.43700603357974216,115.91300976343562,0.45732421739403406,62.78542153094594,0.6000351031830583,53.127588232489686
1942-08-23,battle,Battle of Stalingrad begins,4.772052767085238,0.8228799424176201,34.62586508926648,0.7461339228079213,41.743413025908595,0.3038049583665491,72.31371821471049,0.9404015162640176,19.8809044995495,0.9922940360110657,7.1175479366421115,-0.29136314743141845,106.93958330397697,0.5806067625955638,54.506769588815985,-0.4076473627105459,114.05713124061909,0.4752508250177112,61.624317525458096,0.6096913137467549,52.43281371516099
1943-02-02,battle,Germans surrender at Stalingrad,4.154893457728828,0.745641437172671,41.78577685782909,0.6845660897787925,46.7985078812047,0.2683449205687535,74.4341963082003,0.947938936185193,18.569343413115973,0.9961753076441067,5.012731023375608,-0.44181860799229716,116.21997316602939,0.49462278952680694,60.355120270945065,-0.518515163271745,121.232704189405,0.41679089977971434,65.36785129432067,0.5611468483368316,55.864852895084326
1943-07-10,battle,Allied invasion of Sicily,5.089353885258492,0.7442839777993706,41.90236514144486,0.5741627592394513,54.95897922412975,0.5381826438852718,57.439990968769294,0.9973278374015319,4.189535038683118,0.9741473145408507,13.056614082684888,-0.16233331350185662,99.34235611021415,0.6935036845949022,46.09190018012798,-0.3810537589378698,112.39897019289904,0.5128145156472462,59.14851426281287,0.5983182245895947,53.250455930086176
1943-09-08,war_end,Italy surrenders,5.07517731428499,0.6512627868570164,49.363121612964505,0.40224098695223925,66.28165165445255,0.6939993318751839,46.052469563790595,0.9921389221018723,7.188919044552051,0.9567195179560802,16.91853004148804,-0.09437921953303405,95.4155911767551,0.741106963462452,42.174202568412454,-0.3800070801347691,112.33412121824314,0.5136500847810512,59.092732609900494,0.598445019966898,53.241388608342646
1944-06-06,battle,D-Day Normandy invasion,5.054342996745325,0.6019515565769646,52.990204175865514,0.31129566446652657,71.86266939919645,0.7629849285077437,40.271946040118564,0.9690470299005449,14.292737956570264,0.9462409153796169,18.872465223330934,-0.05690450649641416,93.26215021598408,0.7804580565660283,38.69746621929525,-0.37678395985562585,112.13461543931501,0.5362698205227737,57.569931442626185,0.5797834911771647,54.56468399668883
1944-08-25,battle,Liberation of Paris,5.072589101399936,0.520478269024862,58.6356616929432,0.11200284984102424,83.56921600125264,0.8960407090247644,26.35757995482504,0.887737132315815,27.409741032845915,0.9067972862297362,24.93355430830944,0.08727324878323521,84.99324164776824,0.8551298167701886,31.225920660097287,-0.34081926472345997,109.92679595607768,0.5568832276552307,56.15947496840673,0.5910658264785406,53.767320987670956
1944-12-16,battle,Battle of the Bulge,4.010131336873115,0.20706570959864096,78.04954947990605,-0.2726948272548669,105.82468790404539,0.9850916687654475,9.905882636466941,0.6897298455182324,46.39127239626794,0.8847832647242408,27.775138424139342,0.03567686852684527,87.95543211637299,0.8511935334528118,31.65827708363811,-0.43413979841639866,115.73057054051233,0.5085393353060134,59.433415507777454,0.5548857366521479,56.29715503273488
1945-04-30,political,Hitler suicide,4.447356057913854,0.32031250350080787,71.31817518053997,-0.11449713764064183,96.5746215770609,0.9596435861795503,16.332978441720826,0.7671189552020954,39.904126211714285,0.9044071461208337,25.25644639652093,0.040983621162119954,87.6511536222608,0.8534230196584071,31.414048968825682,-0.3892461376779864,112.90760001878172,0.5494531467093954,56.67049536534661,0.5557573546992726,56.23710465343511
1945-05-08,war_end,VE Day,4.516456554962995,0.3368969994790615,70.31206513859824,-0.10272576890714101,95.89615412321518,0.9591946529946813,16.42419665835942,0.7704607419249785,39.604718880204175,0.9019524816723313,25.58408898461694,0.05693217716755213,86.73626179695766,0.8597868045560215,30.707346258394068,-0.37978475910879117,112.3203507815746,0.5549687844204657,56.29143524301101,0.5587744407638361,56.028915538563595
1945-08-06,military,Hiroshima atomic bomb,4.772056400742512,0.3729607277398969,68.10167068146107,-0.17137254173481828,99.86763112021353,0.9902899369991132,7.990992080576717,0.6896607401126312,46.396740494078415,0.8502056086935547,31.765960438752458,0.24035234945067818,76.09266276203779,0.9291007521244071,21.704930187382658,-0.30666933298563676,107.85862320079025,0.5952311129949375,53.470890626135116,0.5822970473477488,54.38773257465513
1945-08-09,military,Nagasaki atomic bomb,4.761652577369264,0.36983613696690393,68.29448821688428,-0.17902481984828694,100.31296347995477,0.9914113500161473,7.514695830778635,0.6837282316167644,46.86432832598217,0.8478771773938556,32.0184752630705,0.24515198851970357,75.80918404766291,0.9308636196092737,21.430159890902104,-0.3061549060200552,107.82765931073341,0.5955431937959738,53.4486351539726,0.5824206053189842,54.379024156760806
1945-09-02,war_end,Japan surrenders,4.633234753016557,0.3357859986567269,70.37965880268352,-0.24900916042108517,104.41888715944407,0.9981328512272511,3.5018270209080526,0.6300850721077049,50.94360071920826,0.8286545190311364,34.039228356760546,0.2776250985928891,73.88148582359158,0.9430134314534478,19.43605808347526,-0.307700628248296,107.92071418035212,0.5951694613891846,53.475286440235806,0.5814781092275983,54.445427740116315
1950-06-25,war_start,North Korea invades South,0.03287763258302101,-0.9934802017179223,173.45377464724243,-0.46373447886155067,117.62835040065863,-0.7972907558518635,142.87216187263476,-0.9339351888261809,159.05679264843678,0.3597057307773495,68.91787495209896,0.860905343039394,30.581612774607663,0.8870959802826106,27.48943270432079,-0.16503878761689816,99.49948772670662,0.7497826948226829,41.428442247778165,0.5288672965353992,58.071045478928454
1950-09-15,battle,Inchon Landing,-0.010001737937204935,-0.9228796477405499,157.3507652018177,-0.6310431726806428,129.12712792587962,-0.6919996855248064,133.78861049304078,-0.9813381120412988,168.9135337798992,0.28364537476247004,73.52210687230267,0.9166269701616026,23.562154708776916,0.8316082369103844,33.735701018283095,-0.1233288911703812,97.08426158107959,0.7684353760630502,39.78640585401958,0.5402718133229673,57.29785572706001
1950-10-19,battle,China enters Korean War,-0.06383289358237065,-0.8736723017773551,150.888230323405,-0.6672765728225357,131.85721577291156,-0.6456844664842762,130.21701383098144,-0.9902030407210748,171.9732731523325,0.2206199135188802,77.25455390368343,0.935621486871074,20.671216492423554,0.797178458748238,37.13849652426251,-0.1378900417440602,97.92577039610698,0.7647408525674194,40.11605737942092,0.5327328182613199,57.80971301668606
1953-07-27,war_end,Korean Armistice signed,2.9773999429521547,-0.5570371258741668,123.85114189164896,0.8469881032572096,32.114425472354384,-0.5540418566303643,123.6447455768885,0.42760783137642294,64.68415736812672,-0.03030677830473541,91.73671641929458,0.9999935117414586,0.20639631476046816,0.51253773723766,59.166984523522245,-0.02670594893288245,91.53032010453411,0.842736900233368,32.569731895772335,0.5156275688481846,58.96058820876178
1955-11-01,war_start,Vietnam War begins,4.665728591612981,0.10892156260004601,83.74684787825726,0.899490605280678,25.908809851254475,0.49789809698061654,60.13896362602017,0.9999955411162446,0.17110033772112843,-0.33636653596144583,109.65565772951173,0.9163076303932727,23.607884252237085,0.11188956952913107,83.57574754053613,0.06892467622433403,86.04777347727465,0.8981817778982725,26.079910188975603,0.5004856675518319,59.96786328829904
1964-08-02,military,Gulf of Tonkin incident,-1.8485782556818438,0.17498529573737107,79.92219758801036,-0.26429158709560663,105.32486304589509,-0.9899387470032537,171.86554487706314,-0.33539328966147,109.59645545361337,-0.995809620445181,174.75293936609452,-0.3125381430095992,108.21225753492647,-0.9862318168692046,170.48134695837624,0.3980978265595438,66.54068183116806,0.9972221858617453,4.271592407718288,0.46531964024381106,62.26908942344977
1965-03-08,war_start,US ground troops arrive,-1.9737322138315905,0.30339090189528845,72.33861712587543,-0.36535114950820174,111.42919463782147,-0.9997710856288101,178.77402265606378,-0.40355260187902203,113.80045748090859,-0.997838542893792,176.23218823630307,-0.32370869838940786,108.88736021806076,-0.9942652428778077,173.86092539321595,0.38518413369628995,67.34482801824231,0.9991437074974701,2.3712628430871234,0.42303636425640273,64.97356517515519
1968-01-30,battle,Tet Offensive,0.5075101836061079,-0.8241857240613703,145.50602286852546,0.9032574257192532,25.41039925592716,0.125038790936129,82.81700408620696,0.9453084998927402,19.03693603062146,-0.9874590974793974,170.91642212445262,-0.6649302299073526,131.67697304526757,-0.963830550780431,164.54295889914692,0.538673666855399,57.406604830279804,0.993819439863325,6.373463225305699,0.4418179625678128,63.7800680555855
1969-06-08,military,Nixon begins troop withdrawal,1.1870247307299173,-0.7861951236610147,141.83134808600835,0.9982622370533373,3.3782812936803737,0.495483566276,60.29835770059577,0.9974733618154602,4.073808803369815,-0.8212451141585037,145.20962937968875,-0.926333447698181,157.87029421339588,-0.7403065946698694,137.75753928263856,0.54580839135742,56.9200764069154,0.9915536588648106,7.452090097050188,0.4325237955504581,64.37216650396559
1973-01-27,war_end,Paris Peace Accords,-0.28273384636058774,-0.7650726161902617,139.91345270472752,-0.01624173574113538,90.93062382848626,0.6816976781859179,47.023551534328476,-0.33698601332250705,109.69335172701716,-0.6314329659259953,129.15592346678622,-0.9926795450131252,173.062995760944,-0.34846073350077184,110.39319556825532,0.7204655162623583,43.907072294157786,0.9468587003674227,18.762727898530898,0.4591178685175099,62.66980019268868
1975-04-30,war_end,Fall of Saigon,-1.3797119551236148,-0.06555174067346153,93.75853312014489,-0.9402670276006687,160.09644865962065,-0.4834784894018051,118.91283518530369,-0.9985448794570513,176.90870968775718,-0.2780694673384613,106.14501822023446,-0.8417806443202192,147.3286316945514,0.11926738929632126,83.15017656761229,0.7526032625335234,41.18361347431696,0.9205400273022796,22.99484165262217,0.4355696145359277,64.17845512693913
1967-06-05,war_start,Six-Day War begins,-0.057576728194551785,-0.3710211444140981,111.77860769039938,0.6682481920462091,48.067997014355356,-0.34483357717138874,110.17163703284136,0.6978293185439846,45.746891676066966,-0.938773579731404,159.84660470475472,-0.74372561380108,138.04975527675927,-0.9240497534690572,157.52549936646633,0.46787366741414377,62.103640018486004,0.9991795444732579,2.3211053382883904,0.43169621791488116,64.4247453567744
1967-06-10,war_end,Six-Day War ends,-0.02373665495052224,-0.37984593259912536,112.32413969689927,0.6794525980922664,47.199118076720694,-0.3278263202653912,109.1368949695253,0.7088673654613199,44.857164363570504,-0.9368142699098734,159.52325777361995,-0.74940617780427,138.53896533357545,-0.9217366539675647,157.18130406046976,0.4704301651526012,61.93777689280461,0.9991647415327324,2.3419537131501897,0.4339778293567823,64.2797306059548
1973-10-06,war_start,Yom Kippur War begins,0.01888467943272132,-0.8850166720224965,152.25357303357413,-0.16704643718345033,99.61613685082662,0.5439766234411599,57.045242630710675,-0.4658640011994359,117.76615306354824,-0.31117888797627286,108.13029011559924,-0.8720793880540105,150.7011843357152,0.0003442853365523008,89.98027390287761,0.7364408394959636,42.570894220115946,0.9502441652569951,18.150016212721624,0.4890641523377164,60.72091043283757
1973-10-25,war_end,Yom Kippur ceasefire,-0.011469755980252239,-0.8765653684410897,151.23078129037063,-0.16483416349639132,99.48760082750223,0.5364883224107682,57.555097823575636,-0.4715079607335162,118.13222612727651,-0.3302115774832741,109.28161788212714,-0.8764253844907873,151.21412088605373,-0.011117388848681192,90.63699258235286,0.7439325754733104,41.9325030039266,0.9475196984261454,18.644625299774276,0.4912514912032636,60.577128303700874
1979-12-24,war_start,Soviet invasion of Afghanistan,5.629102140172751,0.9582378991864443,16.61697348357754,0.28511402186250273,73.43433566024765,-0.18068982417504184,100.40994268143785,0.7518577235005797,41.248443110878355,0.5473096360526822,56.817362176670116,0.10812134779999673,83.79296919786032,0.909007330265263,24.631469627300817,0.8911997243480032,26.9756070211902,0.8463243460520665,32.1858925493693,0.5126199352802553,59.1614995705595
1989-02-15,war_end,Soviet withdrawal complete,1.5437694361049221,-0.7275509742993346,136.68147458298853,-0.7993804196877652,143.0709774569968,-0.7160777752852409,135.73159652196455,-0.9779732188436283,167.9520387124798,0.9937883246395947,6.389502874008258,0.9998625798220555,0.9498780610239805,0.5683251146305853,55.36648670453167,0.9918068733687888,7.3393809350322385,0.656362148878157,48.97698383052341,0.5546067828817096,56.31636476555565
1982-04-02,war_start,Argentina invades Falklands,7.751151394563033,0.9464136352837194,18.841846970636425,0.8979036310012851,26.116137392092384,0.6590497767745551,48.772556426736514,0.9768765639445953,12.345373972234938,0.7076251203460885,44.95798436272881,0.38083794572835517,67.61440339737294,0.9935788223338119,6.496472998401487,0.9228313547849197,22.65641903464413,0.7830261565783154,38.46151136432732,0.4830083877873875,61.11793039897145
1982-06-14,war_end,Argentina surrenders,7.590130082684565,0.965059380745191,15.190625308914889,0.8566325277837653,31.059439893703313,0.5730003852774114,55.04028211398398,0.9936233686718872,6.47387534457269,0.6915122337313666,46.2500652026182,0.33823032575092005,70.23090742289887,0.9884496246742099,8.716749964342199,0.9136814056125251,23.980842220280664,0.7929992354110585,37.533315238276,0.4769415950262297,61.51415745855667
1990-08-02,war_start,Iraq invades Kuwait,1.3079453663676723,-0.9947102057646844,174.10411980931224,-0.9382750032277719,159.76385472052607,-0.9698809721873092,165.90210672681968,-0.31594246657817926,108.41771901105787,0.9688419115132962,14.340265088786168,0.9897712190410347,8.202013082492556,0.4117306693505114,65.68640079825437,0.9942667781533113,6.138252006293612,0.6246140355081039,51.3461357094682,0.5375294005593593,57.48438771576181
1991-01-17,war_start,Operation Desert Storm begins,1.5976071989454501,-0.9763264661496875,167.5080656589645,-0.8712800756608398,150.60773498545942,-0.9036217054816316,154.63828501969343,-0.17194091351403512,99.90068708028315,0.9568119063000637,16.900330673505096,0.9748788068218409,12.869780639271085,0.38095130969750424,67.60737857868136,0.9975267143974434,4.030550034234011,0.6332856784088963,50.70704790517627,0.5773219441258959,54.73759793941028
1991-02-28,war_end,Gulf War ceasefire,1.2442898411991417,-0.9989897663183366,177.42436024035675,-0.9262532643154574,157.85810172109365,-0.9463365396487374,161.14448027905792,-0.2655998327196387,105.40259799390496,0.9422548368287162,19.5662585192631,0.9599037919744392,16.279879961298832,0.30865573909381583,72.0217622464518,0.9983554736157594,3.2863785579642695,0.6093773687028657,52.4555037271887,0.5629220339857155,55.74188228515297
1991-06-27,war_start,Slovenian War begins,1.3882171481472216,-0.9899204264126086,171.8581297320907,-0.8518810504953046,148.41685604210934,-0.882756930702247,151.97673987244346,-0.0722595166891906,94.14377676390922,0.9174682974243576,23.441273689981358,0.9403986354850882,19.881389859647243,0.2127856232751369,77.71435296818149,0.9980704471595591,3.5598838303341154,0.5839227086239244,54.27307927820013,0.5323893604785064,57.832963108534244
1991-08-25,war_start,Croatian War begins,2.127704406408679,-0.9085418814939257,155.30462171955176,-0.6936708477171122,133.92139535787092,-0.7441370198295543,138.0850289261343,0.14590018715843045,81.61058949848734,0.9311625955445344,21.38322636168084,0.9551771863146232,17.219592793417462,0.28076667821368256,73.69403222106442,0.9973607616383067,4.1636335682633785,0.6113778062737611,52.31080585938358,0.5523089403059332,56.474439427646956
1992-04-06,war_start,Bosnian War begins,1.9138052517033084,-0.9445747022717649,160.83458376254626,-0.6740900106030046,132.3835241120071,-0.6867384902122229,133.37248339567262,0.2257679095035778,76.95196189785284,0.8792243668274203,28.45105965053915,0.8873160735189294,27.462100366873642,0.10656565478902078,83.88262186469342,0.9998510396169369,0.9889592836655083,0.5673902222690901,55.43156221415427,0.5530931882653255,56.42052149781978
1995-07-11,massacre,Srebrenica massacre,4.593353126634599,-0.31654699028739236,108.45422947186964,0.6070040413816985,52.62681051697055,0.6685998439328223,48.040908146841076,0.9896586369103745,8.247104575863034,0.5616875132362222,55.82741895489909,0.49373969481024854,60.41332132502856,-0.4493397993294365,116.70133404773267,0.9967985812332172,4.5859023701294745,0.4867331301175164,60.873915092833585,0.5550184746293281,56.28801272270411
1995-12-14,war_end,Dayton Agreement,5.828554088896073,0.12255964995074925,82.96014961755884,0.8394073794960802,32.922406829973,0.8782404766894347,28.569163833932237,0.9123586672619945,24.166635609767837,0.6422828492745962,50.03774278758584,0.5822508862698906,54.390985783626604,-0.29448711715138093,107.12678522732668,0.9971150278328663,4.353242996040763,0.5433350135410197,57.08904243974084,0.6054912557308224,52.735799443700074
1999-03-24,war_start,NATO bombing of Yugoslavia,2.902841104753441,0.9182174774714206,23.33313506669652,0.591312367205674,53.749806833143,0.41724831025947434,65.33901669998204,-0.48073067087307125,118.73313415794809,0.22354031202689986,77.08294189983951,0.02317324913313507,88.67215176667855,-0.788722310376178,142.0662692246446,0.9796130998962661,11.589209866839042,0.42288197313586146,64.98332732480506,0.5963072968739584,53.39411745796602
1999-06-10,war_end,Kosovo War ends,1.6544068356734527,0.9646950625633762,15.270084251462706,0.33836747062893247,70.22255726406877,0.12529889691944268,82.80198297689793,-0.7433278520649513,138.01567443539847,0.07858712895620865,85.49264151553149,-0.14041856003282566,98.07206722836065,-0.8932596789886793,153.28575868686116,0.9759950318671334,12.579425712829163,0.3779520070940565,67.79311717132967,0.570517328730759,55.213691458500506
2001-10-07,war_start,US invades Afghanistan,-1.8058082393437065,0.8684430700860293,29.72178480181647,-0.803398609030242,143.4558822706477,-0.9308493109246861,158.56759637411488,-0.8525535842863846,148.4905071471673,-0.4024926282493365,113.73409746883121,-0.627226740627633,128.8458115722984,-0.9995132760710163,178.2122919489838,0.9654193506394004,15.111714103467193,0.3737388810819523,68.053610582185,0.6026246080382099,52.94189647871781
2003-03-20,war_start,US invades Iraq,-2.020970707564064,0.699295221992526,45.629513123331094,-0.9264215545957281,157.88369889752775,-0.9976311780110053,176.05552133908313,-0.6632475675224301,131.54802359728043,-0.37871623220460743,112.25418577419666,-0.6484655185986642,130.42600821575203,-0.9987869086267305,177.17753672061153,0.9501255401940463,18.171822441555378,0.33268330747207636,70.56827750519182,0.6101941823364525,52.39645506363644
2003-12-13,military,Saddam Hussein captured,-1.9234911246777409,0.3916545020552293,66.94251340965315,-0.946858687566654,161.23726982125643,-0.7981304884977259,142.95194617601655,-0.0284648080204094,91.63113368454029,-0.6667954693502333,131.82021676909042,-0.8669449478852668,150.1055404143303,-0.9308878941432976,158.57364709419343,0.9495058758850041,18.285323645239885,0.3484716663688058,69.60613613671615,0.6249591264768072,51.32081249147626
2011-05-02,military,Osama bin Laden killed,0.17184033887823624,-0.9821724489746688,169.16495313590295,0.9405654232320578,19.853270332782195,0.6156710856198475,51.999301238063424,-0.2635626923788826,105.28156522644312,-0.9876385351654021,170.98177653131486,-0.75282570487418,138.83574562603366,0.07752850847136337,85.55348163765393,0.846694727287163,32.146030905281236,0.07970666622926678,85.42829489366096,0.5978733094316713,53.282263988379725
2011-12-18,war_end,US troops leave Iraq,0.4509134065397866,-0.9984899826600185,176.85092313060045,0.8678479363563946,29.79048921584856,0.470981037128075,61.90200336235989,-0.4006499353314147,113.61881536165873,-0.8938303711905108,153.358587653551,-0.5187295912034863,121.24707350703966,0.3497126168926663,69.53026150774082,0.8470151145425996,32.111514146511354,0.10750784969167251,83.8283261458102,0.6195487323138091,51.71681199929884
2021-08-30,war_end,US withdrawal from Afghanistan,5.27569159027051,0.9529342778463759,17.648518330929846,0.19291815401086224,78.87686646263512,0.8963355808638013,26.319500401341372,0.8549956641133046,31.240744222901753,-0.11364340289277645,96.52538479356497,0.7197274315708712,43.96801873227122,0.971992896602599,13.592225891971907,0.6079667975075924,52.55736606129375,-0.34394832253248636,110.11761068553687,0.5364125131803661,57.560244624243126
2008-08-07,war_start,Russo-Georgian War,0.829436933523061,-0.5817129243646845,125.57111101621484,0.3756977639339363,67.93255453043162,0.7772477728685586,38.9907297664044,0.9645011830255271,15.31220586531856,-0.9723549835403578,166.49633445335354,-0.9639183289974544,164.56184078261924,-0.3462628705375276,110.25890515089628,0.8751115073793633,28.941824764027217,0.11762821143375679,83.24476039575018,0.5834996023219433,54.30293563172296
2014-02-27,war_start,Crimea annexation begins,-1.078630837860854,-0.6792966130543272,132.78870232879126,0.0015601847277486847,89.91060796357321,-0.5783473127588947,125.33438518391023,-0.9990373737852858,177.48579134429872,-0.7349227585584267,137.3006897076355,-0.20580987542510057,101.87691248729851,0.6464501988416019,49.72550632691002,0.8148873291992582,35.423777220337,0.04230840157311782,87.57518338072549,0.6135769813794545,52.15140616038849
2022-02-24,war_start,Russia invades Ukraine,6.0036039079300485,0.9099776388150252,24.4977384381678,0.5206589900441675,58.623534366599074,0.9864062879271837,9.458012142727625,0.7055951155983624,45.12235739096673,0.11976823913601248,83.12127280476687,0.8294691888667447,33.955750580895426,0.9359082693855282,20.624618952798926,0.6538760079734139,49.16552222387145,-0.2376162441994268,103.7458917575658,0.5795604143830372,54.58036953369435
1688-11-05,revolution,Glorious Revolution begins,-2.2919323319827933,0.13988270241771875,81.95894119897216,-0.4903986673258838,119.36678818836288,0.6897665239966752,46.38836993933751,-0.9983327377014812,176.69097572038967,-0.9315280111357073,158.67427061266497,-0.6204268378502462,128.34731113830966,-0.08249572360348671,94.73203452141752,0.29273189778415254,72.97841824902537,0.4392770614038016,63.942236091247445,-0.7304085399683363,136.92065434027282
1689-02-13,political,William and Mary crowned,-1.9100475313420835,-0.10740104984141238,96.16551903717672,-0.10105705706253336,95.800043761925,0.8926396100392033,26.793163565073883,-0.940363869413217,160.1127535708522,-0.9782723878182525,168.03443720089825,-0.5440341074534232,122.9586826022506,-0.23720655456843492,103.72172739197109,0.35825584067463784,69.00688019685111,0.43345918979423714,64.31270980892717,-0.6860671456928882,133.3195900057783
1789-05-05,political,Estates-General convenes,-2.3202461173734963,-0.5456623722981757,123.06993946486199,0.991339520527197,7.546099556954033,0.03939032343713784,87.74251667227081,-0.901905446503916,154.40967111277428,-0.6509867374211464,130.616039021816,-0.8588485582043878,149.18754386286722,0.8540983651925995,31.339731647912288,0.17027111947779502,80.19641711531678,-0.9508176880727404,161.95577066972828,-0.4671246435078594,117.84781221495493
1789-06-20,political,Tennis Court Oath,-2.3082170711765166,-0.622251497193338,128.480737787985,0.9997095595752213,1.3809459281307,0.19147246311367572,78.96127205709404,-0.9542950269707196,162.61048320441944,-0.6409364500747881,129.8616837161157,-0.887477723386099,152.55799015492096,0.8277691642533319,34.129745416434446,0.21507067819838355,77.58032612896334,-0.9612204526307637,163.99142913255014,-0.4760577860614204,118.42824473848651
1789-07-14,revolution,Storming of the Bastille,-2.314005262379591,-0.6880176171077448,133.47339022047572,0.9992040913475768,2.2861148900817767,0.2769579338874186,73.92127171712714,-0.9783467455459008,168.05500404520785,-0.6585223420194163,131.18727533039396,-0.8878582566081751,152.60533806239712,0.823318546807135,34.58161382473213,0.23840825636673024,76.20738660720892,-0.9693120083466177,165.7688891551261,-0.46983712116059695,118.023724237665
1789-08-26,political,Declaration of Rights of Man,-2.316506370967642,-0.8185217047750246,144.93708335696732,0.9874590222897797,9.083605163211885,0.41816410692082495,65.28126596471074,-0.9996002741564526,178.37993211974037,-0.7175610086585201,135.85347819375545,-0.8641136624390766,149.78165067832194,0.8344359517264823,33.44284876277305,0.26951029895008016,74.36487112792263,-0.9826008920501055,169.2963269565285,-0.4436782087756297,116.33880191554888
1791-06-21,political,Flight to Varennes,-2.1501582349257005,-0.9110624196169528,155.6525853963727,0.7508441991525817,41.33644197017662,0.8506682337090954,31.715575291994156,-0.8544306276605058,148.69688979583523,-0.41177113555401784,114.31614342619606,-0.9917425810822718,172.63183931163314,0.5642391787644148,55.65052480779207,0.29150338156825883,73.05201726217078,-0.9847065667081489,169.96666823398814,-0.4536998974981541,116.98131450384108
1792-09-22,political,First French Republic,-1.9980116442452527,-0.999331245058074,177.90446297562966,0.323043694402221,71.15290514304405,0.9969663313945117,4.464075715454214,-0.31949368097930086,108.63230762772542,-0.35743301094022,110.94263188132629,-0.9991456735376538,177.63146130891613,0.35392940991282734,69.27215534790423,0.3957245583522428,66.68882942758984,-0.9999929734661605,179.78521277076948,-0.39227905432564647,113.09638334317964
1793-01-21,political,Louis XVI guillotined,-1.9430513679472978,-0.8517638714128667,148.40403917530867,-0.08699179702871206,94.9905707888204,0.9024823766620049,25.513692328955557,0.08756801899698978,84.97628764994053,-0.4478432024092295,116.60539003587094,-0.9943707823918504,173.91773150426422,0.4473259468198781,63.42775152536814,0.3505853439887643,69.47687845986485,-0.9999998327097408,179.96685843876094,-0.35004356846253537,110.48997997889609
1793-10-16,political,Marie Antoinette executed,-1.986986824537616,-0.9485106165548876,161.5337894360559,-0.08371808535000293,94.80231381656301,0.8589552306155547,30.80052214011056,0.1651335394106719,80.49500787031025,-0.23622590594512147,103.66389674738107,-0.9769178260065859,167.66568842383353,0.15576589658869716,81.03878156574564,0.43834304069780744,64.00179167645246,-0.9966335554822222,175.29732168687326,-0.363178542511527,111.2955300104208
1794-07-27,political,Fall of Robespierre,-2.1668421039803167,-0.8920308253787229,153.12955932296825,-0.4608508232662173,117.44202321041828,0.5983196974303111,53.250350611257005,0.48583338616123295,60.932911960598744,0.009975831685905942,89.42841746661347,-0.8958676110724237,153.62009006577475,-0.03832933758668155,92.1966473623695,0.4353619476118893,64.19167259916128,-0.9995978046848073,178.37493517101703,-0.40965656488080315,114.18326257185575
1848-01-12,revolution,Sicilian Revolution,3.614049504304616,-0.5775683422055358,125.2796939031906,-0.004851074102670054,90.27794716234686,-0.7198890616968161,136.04532192600846,0.1770305034800953,79.80315742781923,0.8191345576397588,35.001746740843714,0.9823994847991415,10.76562802281785,0.7012012928183057,45.47653647537135,0.6975732114655134,45.767374763661564,0.9833349964021676,10.474789734527638,0.5556839357046556,56.2421644981892
1848-02-22,revolution,French Revolution of 1848,4.06703484643913,-0.45030908983402834,116.76351656140764,0.08714347692830424,85.00070546380552,-0.6508605382538105,130.60651423180252,0.25055147334947514,75.48985207258369,0.8502345444987265,31.76281109760214,0.9709549988139382,13.84299767039488,0.7515674182105769,41.273664488823954,0.6995909021578344,45.60580876799702,0.9862543193012948,9.51085339122182,0.571907341266818,55.11666215921883
1848-03-13,revolution,Austrian Revolution,4.184126051101502,-0.40870330108339664,114.12340419720672,0.10770561329606776,83.81692894852671,-0.6384350094547145,129.67522083930615,0.25973847578903553,74.94545520564735,0.8633385262017315,30.306475248679988,0.9633883765306104,15.551816642099425,0.775187675810387,39.17794899155939,0.6964353677713924,45.85829189077941,0.9880367700776868,8.871473742879367,0.5774335561627019,54.729765633658815
1848-03-18,revolution,Berlin Revolution,4.199525663975528,-0.40145904233946766,113.669421995108,0.10969808596897698,83.70208815288002,-0.6381636337452681,129.65502219024074,0.25883382711617836,74.99912317415195,0.8663103290215504,29.96733384222796,0.9613309398637666,15.985600195132747,0.7807544178574578,38.67029882095602,0.6952490420231644,45.952934037360706,0.9884860579432394,8.702964978728069,0.5784856402659299,54.65589901608877
1848-03-22,revolution,Milan Five Days,4.207844557554439,-0.3966060176927276,113.36617497940182,0.1103973368381965,83.66177920416528,-0.6387524735599688,129.6988573731099,0.2572170513775466,75.09500432940283,0.8685934999206549,29.70439577523655,0.9596450392294122,16.33268239370807,0.7850881235811048,38.271170649998965,0.6941927142615755,46.03707816894462,0.9888429285234337,8.566774874762451,0.5792263550752109,54.60385304370703
1848-04-10,revolution,Chartist movement peak,4.200079134791484,-0.38499561486028366,112.64346802836599,0.1032548214302628,84.0733713471503,-0.6508326939603378,130.60441288687826,0.2392421182454737,76.15818610337136,0.8782326905625153,28.57009668121566,0.9512669339261389,17.960944858512278,0.8040096314979442,36.48528192499458,0.6879614834855806,46.53104153972794,0.9904730011790644,7.915185243778929,0.5814667632851253,54.44622678350686
1848-06-23,revolution,June Days uprising Paris,3.576658684801528,-0.4978598032395415,119.85850644776016,-0.05662890238927488,93.24633375927499,-0.7935035221115485,142.5141371772796,0.04677962321372937,87.31874650297422,0.8940590886784106,26.612172688485202,0.922836654537507,22.65563072951943,0.8430183880366569,32.53975994478594,0.6525243241026945,49.26780341800463,0.9946532083979245,5.927587256300761,0.5707796255749699,55.19539067430537
1848-12-02,political,Franz Joseph becomes Emperor,1.9248924309032545,-0.8975427881230528,153.83693418558346,-0.5578703738814512,123.90864747945946,-0.9915199552979129,172.53303557257777,-0.44313595965749,116.30413954626226,0.8666505418175422,29.92828670612397,0.9472320912259844,18.696101386994314,0.793004770876174,37.532794639321196,0.6609925187555628,48.624388093118284,0.9912051314787312,7.604507933197194,0.5558764537091669,56.22889602631551
1859-06-24,battle,Battle of Solferino,3.8655938533051284,0.7985026099243742,37.012650898512334,0.8826285955393571,28.038906590826414,-0.10687191462383584,96.13502631579797,0.5722729617182885,55.09112113803407,0.4218025515502958,65.05155748933875,-0.6838811228736285,133.1476772143103,-0.03670949886950783,92.1037720365464,0.3730506181086582,68.09611972497157,0.8905924255566704,27.052214547207655,0.7542066272744563,41.04390517776392
1860-05-11,military,Garibaldi lands in Sicily,2.8757711498100376,0.8748749712296908,28.969818031794745,0.7217170023900205,43.80357811809711,-0.372870471579948,111.89275599100787,0.3042077266209532,72.28949479932518,0.2961515775646615,72.77339614989185,-0.775634279980201,140.86257402280262,-0.19524973585191607,101.25931283111993,0.37316302725649403,68.0891778729108,0.8789343718706111,28.485916681228076,0.7704769602896714,39.60326119168269
1861-03-17,political,Kingdom of Italy proclaimed,1.0786103681977317,0.9590778522852766,16.447848600423413,0.34741429328480644,69.67075694231181,-0.7558457034377014,139.09932043261267,-0.17418725546975836,100.03136487820025,0.06769131108450041,86.11860554273522,-0.9103023607325313,155.54716903303608,-0.44587310761800036,116.47921347862366,0.35137495379570544,69.42856349030086,0.8628613742808455,30.36060793588844,0.7763990107245886,39.067955554412436
1866-07-03,battle,Battle of Sadowa,-1.5652478532207215,0.10824508775894014,83.78583756470314,-0.9069854325437273,155.0920292195794,0.2867395977630993,73.33713919723135,-0.26569081013069884,105.4080048805472,-0.5168640641424946,121.12213321571747,-0.921341378034096,157.12297676193452,-0.9871534417403519,170.80615755474966,0.14340815770119567,81.75489002234801,0.647002407561989,49.684024339032185,0.8473920225854231,32.07086568331583
1867-03-30,political,Alaska Purchase,-0.6075103040375002,-0.060307938006196694,93.45748832417536,-0.6081028267204734,127.45245104169538,0.7021820216413177,45.397668885190626,0.22720949316054423,76.86716159138012,-0.7557398768550361,139.09006063412926,-0.7530486639666975,138.85515720936598,-0.9857758657334603,170.32464991555548,0.13822621346888742,82.05478215650477,0.634928889713448,50.585289450315244,0.8529182492601667,31.469492706189527
1871-01-18,political,German Empire proclaimed,0.5275216946247046,-0.9576001629239737,163.25572704832058,0.7972388672047828,37.132763333108656,0.5278075800297627,58.142558819167974,0.8636852697806617,30.267082375181715,-0.9373519919910247,159.61150961857078,-0.2607263953267888,105.11316822915262,-0.6818534012581388,132.98864467313888,-0.09194171061081158,95.27532215227663,0.38429780876967295,67.39984570829037,0.8839658309505619,27.87547644398626
1868-01-03,revolution,Meiji Restoration begins,-0.4390823787985475,-0.060436833191721384,93.46488697000368,-0.5811683385400717,125.53275937042804,0.7980165900708426,37.05888411236094,0.35828852538708666,69.00487434679417,-0.7771718127221496,141.00235365956826,-0.6497634724324428,130.52377108236462,-0.95355811606262,162.46976131679787,0.02663275208687068,88.47387525806711,0.5515310798445102,56.52788502363386,0.8485472467611476,31.945990234433246
1899-11-02,revolution,Boxer Rebellion begins,-1.8394661363077605,0.8421753133213038,32.629454730364614,0.9498765144547722,18.21751750040704,-0.7841784717307753,141.64476065792473,-0.8833033675584052,152.0434508487621,0.9685313270697831,14.411937229957573,-0.9950107726950358,174.27421538828935,-0.9966760230250824,175.3270944208733,-0.9388677932362084,159.86227815833178,-0.9855884602192438,170.26096834916913,0.9835755973111313,10.398690190837371
1905-01-22,revolution,Bloody Sunday Russia,-0.6102531568480987,0.47458497175690617,61.667668977876474,-0.35289739494144684,110.66463548380528,0.2836549355870073,73.52153561461712,0.5386958177955062,57.40509842766036,0.6560989857616992,48.99696650592881,-0.709437960002192,135.18920459249358,-0.48592002293334013,119.07276740553684,-0.9973321249365488,175.8138289015776,-0.9783999226888108,168.06973391146565,0.960699557753121,16.11643718695676
1905-10-30,political,October Manifesto Russia,-0.8638125636367497,-0.14533921957400658,98.35692313145063,-0.8929501327323064,153.24633274557237,0.8112311682681714,35.78360512153678,0.9513957255510497,17.936999568601678,0.5751564666432492,54.889409614121746,-0.6964205901327312,134.14052825298742,-0.4429760990080432,116.29392270005232,-0.9876064665157651,170.97006213289083,-0.988183835134994,171.18333231417407,0.9518804189986263,17.846605552935102
1911-10-10,revolution,Wuchang Uprising China,-1.9601392744119235,-0.9992018133277327,177.7106153967393,0.3635309235639266,68.68279883789211,-0.3910315854312361,113.01870289730012,-0.7401200900705655,137.74164640583763,-0.40045435965842646,113.60658576536858,0.42748547355732797,64.6919124994392,0.7663924602018464,39.9689689909017,-0.9995590822171566,178.2984982648078,-0.8955219751273211,153.57555475627026,0.9083407740974139,24.722943508537497
1912-02-12,political,Qing Dynasty ends,-1.9886219039665483,-0.8840711782375473,152.13743601826286,0.6581565894728537,48.840565095781386,-0.7689844444471302,140.26278023867542,-0.9649460939093815,164.78462307265528,-0.22999658891413033,103.29687092248145,0.38107386595004383,67.59978374306174,0.7304252854754736,43.07794090908189,-0.9874045706768202,170.8966546655432,-0.8326778801912734,146.37481183156336,0.9098031115113632,24.521842833979846
1917-02-23,revolution,February Revolution begins,1.1860566630793874,0.12757018894980646,82.67079470760933,0.3207990718762555,71.28874375899966,-0.015255993366801866,90.87413794302154,0.4909392491234422,60.597665594671405,-0.898484250215162,153.959538466609,0.9897679067581185,8.203343235412206,0.9267049726777743,22.073129112937934,-0.9519311523751391,162.1628817020212,-0.6676559848505269,131.88640935367104,0.8636026545016204,30.27647234835014
1917-03-02,political,Tsar Nicholas II abdicates,1.261276316772302,0.1556071730266511,81.04798801470618,0.3059174723529273,72.18663025126028,0.009939930624397915,89.43047454791004,0.5111484096314353,59.259644953296416,-0.8928580769490253,153.23461826596647,0.9893169396044569,8.38248653320386,0.9285613631778152,21.788343061409762,-0.9489702016649332,161.61710479917033,-0.6619174802859906,131.4462752045567,0.8645307872545676,30.170829594613622
1917-04-16,political,Lenin arrives in Petrograd,1.6750342967568863,0.3213815527702531,71.25350406980725,0.17656321466930697,79.83035961089564,0.1861532179203371,79.27162506197686,0.646948880782612,49.68804639234598,-0.8753283845461526,151.0838636807029,0.9902240028027436,8.018120992169614,0.9299982508275805,21.565457677461268,-0.934216830835309,159.1019846728725,-0.6363260682683876,129.51840600324164,0.8696364606339023,29.58357866963088
1917-07-04,revolution,July Days uprising,1.888959660700958,0.4958091602407721,60.276878557782915,-0.1343880150770031,97.72323326501203,0.45694218059501096,62.810032661702145,0.8368745274115144,33.188465686560455,-0.9271845856757006,158.0001118227949,0.999022814042493,2.5331541039192302,0.890304912869228,27.08841287122246,-0.9428351404465576,160.53326592671414,-0.6548951341775606,130.91169895157248,0.8693089409187618,29.62156697514169
1917-11-07,revolution,October Revolution,1.4570321032152023,0.422869323191668,64.98412714629498,-0.3323409250696904,109.41092185020037,0.5317323308850334,57.87742366435238,0.8979692931308321,26.107589452242152,-0.9952189639997632,174.39504899649535,0.99231746998904,7.106703481942603,0.7785002306800304,38.87653769405283,-0.975489805036489,167.28834551455276,-0.7134768639162408,135.5185113024425,0.8501700133607819,31.769834212110226
1917-11-08,political,Soviet government formed,1.453722776292751,0.4205295449642907,65.13197561217906,-0.33034181643199934,109.2895236638231,0.5300275001650346,57.992687078198884,0.897181814326863,26.209933109012482,-0.9952639462561628,174.42149927600215,0.9922469492957178,7.139288533980178,0.7780015045997278,38.92204250316658,-0.9754662388304473,167.28221074202196,-0.7132438037294723,135.49945677283557,0.8500512681891985,31.782753969186402
1919-01-15,political,Rosa Luxemburg murdered,1.6696023125630077,0.6684588571999346,48.051770187307284,-0.6839584672972336,133.15375145910534,0.8720723468526221,29.299640051856045,0.9978275692384463,3.7773676475277824,-0.9997786605921285,178.79447835358738,0.9469181784037394,18.75213013545124,0.6180086669765587,51.829137834835066,-0.9534720195950088,162.45339151096138,-0.6344119537798478,129.37638381157757,0.8379377951559254,33.07700769938383
1920-08-31,political,Polish-Soviet War ends,1.1416520864044817,0.9738091402560937,13.142106159488321,-0.9989737523376315,177.40402282992034,0.9474042055014444,18.665312733455295,0.6115102122716843,52.30121856908215,-0.983107870589655,169.45387101059134,0.8498244534608328,31.807418892943616,0.41559314610265385,65.44332472857047,-0.9319364342279942,158.73871009646504,-0.5750452945345583,125.10280426083818,0.8325742805016115,33.63590583562686
1922-10-28,political,Mussolini March on Rome,-0.6598886362458006,0.9572806620742963,16.807696775755574,-0.6362241935665088,129.51083986414366,0.30327117951959043,72.34581588031298,-0.32887858859430685,109.20072451986368,-0.8321335848520747,146.31853663989924,0.5658578172583907,55.53811910455741,-0.0417540713396153,92.39302774410811,-0.928118153622014,158.14334425554335,-0.5193466402532245,121.28843561599265,0.8001569371296661,36.8549086395507
1923-11-08,revolution,Beer Hall Putsch,-1.4076865437089587,0.8598691445320488,30.698106378824747,-0.29794346411467626,107.33412460301804,-0.10584080391986025,96.07561102254706,-0.6964595002244218,134.14363491058094,-0.7435211184338553,138.0322309818428,0.416637742659693,65.37750464372232,-0.2325208201223908,103.44552853175621,-0.9176871295738637,156.5902643744349,-0.4774998544910292,118.52224048640102,0.7872792599793971,38.06802388803389
1927-04-12,massacre,Shanghai Massacre,-2.243328001521508,-0.2184015316929205,102.61516459435515,0.9819612784540255,10.899222549957585,-0.9032299825517607,154.58593662100623,-0.4077752247109251,114.06515431104356,-0.39897933292262194,113.51438714431274,-0.22152975536999947,102.79889878463862,-0.801980881117023,143.31968109460132,-0.805790982669497,143.68671407104864,-0.2277719369003478,103.16593176108594,0.7601703479595622,40.520782309962684
1931-04-14,political,Spanish Republic proclaimed,-1.0093679107672995,-0.9839080317403591,169.7073707954616,0.05441564663897787,86.88067239389947,0.6354052731638647,50.54995069552673,0.9944662255490411,6.030437693228251,0.12487091931393444,82.82669840156217,-0.7631498991647545,139.74267850901165,-0.9972343935700271,175.73780848868986,-0.7364587543943861,137.4306230894262,-0.05078659839853513,92.91111008712772,0.7130117018349443,44.51951300229848
1933-01-30,political,Hitler becomes Chancellor,-1.760411952981752,-0.707481326313914,135.03035686140274,-0.8875861997304273,152.57147965851198,0.9747315772021442,12.90759881936242,0.4925990181460574,60.488448884972215,0.3024004435199283,72.39816348008532,-0.847473761318814,147.93795568076516,-0.9635426877386101,164.48119425362506,-0.762260443015284,139.66388083914956,-0.03634773713937341,92.08303077353976,0.6745491634065408,47.580850065609795
1934-06-30,political,Night of the Long Knives,-1.8163567161745435,-0.6939368912341584,133.9425616074553,-0.9561738741603553,162.97436997833668,0.8306070143613937,33.83885636659673,0.173372669409687,80.01602858141369,0.452698226352914,63.083068414208014,-0.9773473065471239,167.78141797405203,-0.8294415057034392,146.04140981113102,-0.6311567026721543,129.13551361173995,0.12259097137176471,82.95834139692298,0.6924306826469286,46.17717221481696
1934-08-02,political,Hitler becomes Fuhrer,-1.889356871983122,-0.6274801908003069,128.86445929230408,-0.968941519666017,165.68279541070308,0.8068235769495533,36.21326284409639,0.13219148325952462,82.40375183865531,0.4154435922301039,65.45274529699287,-0.9662760273692935,165.07772213640047,-0.8547469384229976,148.7317888690406,-0.635667813571915,129.4695325666067,0.11703399006026399,83.27904357204775,0.692262975347962,46.19048899455892
1938-03-12,military,Anschluss Austria,-1.2714208646537601,0.6840783470567644,46.83683258992971,0.14159245612035573,81.85999469391066,-0.8598156626695627,149.29589180397014,-0.9335410808037944,158.99371031956224,0.8189201062329392,35.02316210398094,-0.9606206096322029,163.86727560610015,-0.37714384596784306,112.15687772963253,-0.6272036580344638,128.84411350211923,0.22267648045633803,77.13371562565159,0.6196366025877089,51.710397876467624
1938-11-09,political,Kristallnacht,-1.1820924808471691,0.6539172063419982,49.16240228888074,0.12824649130253019,82.63172451349948,-0.8696081824697176,150.4131396575446,-0.9294829406896727,158.3543578393693,0.8341812251421725,33.46932222461873,-0.9422005623585683,160.42445805357465,-0.3287340510432233,109.19195555048856,-0.6011894851523572,126.95513582895592,0.24661620699749512,75.72263332586982,0.6261616110821738,51.232502503086096
1945-08-17,political,Indonesia declares independence,4.72770421221191,0.36026519832615317,68.88351634962811,-0.2007018153828001,101.5780022777201,0.9941257542621265,6.213359908643412,0.6670404852717996,48.16094308622266,0.8415627700797614,32.69448592809199,0.25718547918869433,75.09687625827152,0.9353046970038976,20.72257326340545,-0.3055517600923901,107.79136218636351,0.5959858184220129,53.417059191497444,0.5824875851326555,54.37430299486607
1946-07-04,political,Philippines independence,4.032330732643912,0.14311769728717835,81.77170563696986,-0.48457398040697713,118.9845645366328,0.977759019945361,12.106617484237944,0.38265169950913,67.50196794681702,0.7963942077028117,37.21285889966295,0.34750706788627733,69.66508815273191,0.9691460554214457,14.269737690152837,-0.2903338978310848,106.87794705239486,0.62275232264688,51.482596589815785,0.5679105404828894,55.395350462579074
1947-08-15,political,India independence,2.9928222178895583,-0.09366461484989586,95.37446516048658,-0.8075693661827525,143.85912718627645,0.7636439023131302,40.21350201770568,-0.10124542646595856,95.81089217460357,0.6628205185322056,48.48466202578989,0.5712729019441023,55.1609631427809,0.999970990122866,0.4364270141169868,-0.235916020162126,103.64562516857079,0.6685047455863308,48.0482350116729,0.5650045870516563,55.59739015689789
1947-08-14,political,Pakistan created,2.993604271048205,-0.09439133885840127,95.4162886767673,-0.8070829806512447,143.81190199442977,0.7643055185336508,40.15475261863617,-0.10026896296127015,95.75465876533963,0.6639834636611177,48.395613317662495,0.5698313188442453,55.26153605813113,0.9999825615689953,0.33837008857233286,-0.23611147339050553,103.65714937579362,0.6683878093010656,48.05724322909016,0.5649683550005525,55.59990614670346
1948-05-14,political,Israel declares independence,0.9737158192072413,-0.6592103584382516,131.23967801125207,-0.9983380311510621,176.6962343233851,0.22363158731718574,77.07757637855832,-0.7072684081771976,135.01309788472346,0.6147796682166607,52.064087665362806,0.585494026193249,54.16210163269375,0.9978321060940311,3.773419873471397,-0.2794300170203399,106.22618929805655,0.6653519565829706,48.29066779189141,0.5308732895899956,57.935521506165145
1949-10-01,political,PRC established,0.6060621836985316,-0.6351293495181781,129.42957873911328,-0.9530725655133538,162.37763467282184,-0.13826148639205663,97.94725842634776,-0.9059524148462959,154.95186435286348,0.37148472691911244,68.19278658806488,0.8528013504901459,31.482320312765523,0.9024177656297752,25.5222856137502,-0.16806110849915512,99.6751069008304,0.7352636517116516,42.67050097431468,0.5445716137168859,57.00460592651572
1954-05-07,battle,Fall of Dien Bien Phu,2.641394197033777,-0.6252738609450829,128.70229094233022,0.9192038267323319,23.19003700930955,-0.46289160056530604,117.57385518316579,0.5591693177651366,56.001630020722274,-0.2674444630336294,105.51225393302067,0.9811969949501105,11.128435759164432,0.29736386064570175,72.70066092160795,-0.07643743130546729,94.38381817385624,0.8404569790987846,32.811593011412725,0.47605057369119774,61.572225162443516
1954-11-01,war_start,Algerian War begins,4.123890935510259,-0.20981561329035014,102.1115469349962,0.9994844773296193,1.8398404954300673,0.05706987081418168,86.72835968424582,0.8904592719572391,27.068984369457667,-0.2410985617989352,103.95138743042627,0.9641732869369574,15.383187250750382,0.2581014290841752,75.04256256553853,0.024987020250724315,88.56820017967588,0.8753900800384126,28.908824864887734,0.505139674188234,59.65937531478815
1956-03-20,political,Tunisia independence,3.5951304604240475,-0.1746823436431528,100.06017300664936,0.9109349496161707,24.365123938130978,0.3887151861633117,67.12542187136842,0.9976542226211815,3.9252376897370027,-0.5653312483143548,124.42529694478034,0.8392902630129395,32.93475113528095,-0.10687033548964883,96.13493531691236,-0.02601199774360535,91.4905458094994,0.880557092798956,28.29036162786798,0.45087467140224957,63.200184181631414
1957-03-06,political,Ghana independence,3.719644865636332,0.2464806858298421,75.73064544725796,0.5745244611633256,54.9336632805926,0.8289938866686991,34.0044758650601,0.8702389690425276,29.513578875415504,-0.6516260125564314,130.66430872785054,0.7463342635288798,41.726169582197855,-0.2629339581350934,105.24422432267346,0.018531907202059782,88.9381391456527,0.9031848788744022,25.420084405177093,0.4459157840181207,63.518054740475606
1960-06-30,political,Congo independence,1.0580562657955148,0.9499496938978206,18.204100912720435,-0.62417461125887,128.62163172581427,0.6297001398787713,50.971997136168994,-0.395723149997635,113.31108270715478,-0.8370101502535494,146.8257326385347,0.3554969106163355,69.17609804888943,-0.6628185013274989,131.51518361987522,0.21388916818860323,77.64963458964527,0.9645088190943943,15.310549018659486,0.46423794695714315,62.33908557098579
1962-07-03,political,Algeria independence,-1.735021167797747,0.8419008960695549,32.65860272017568,-0.9669454070124888,165.22739317821836,-0.5279795147783642,121.86904016018727,-0.9966841705090607,175.33282804570203,-0.9516694988465749,162.11400410160596,0.01378003017177952,89.21043744001159,-0.8830177977841424,152.0085692341223,0.2939808265588081,72.90356666159437,0.9844865409009259,10.105434867483666,0.457126927431816,62.7981317941107
1948-02-25,political,Czech Communist coup,0.9488942159897727,-0.6067772142966894,127.35683760307211,-0.99846006185515,176.81986895449208,0.2963077699855052,72.764026440225,-0.6694890224398575,132.02763955250796,0.561747084065534,55.82329344243581,0.5793834409524795,54.59281116284711,0.9966790134432021,4.670801949435855,-0.3488354832585653,110.41610460528292,0.6272498072354011,51.15249149299996,0.5110888821579129,59.26361311228297
1949-04-04,political,NATO established,0.09963590358339136,-0.8577156450538351,149.06105511161093,-0.8472506643184466,147.913883838311,-0.26224925966364143,105.20356721172237,-0.9647461603454139,164.74103597891613,0.4536007319967465,63.025061050078065,0.7210654008885194,43.857487899888554,0.9627862353977515,15.679980867305204,-0.2904107554821562,106.88254894996662,0.6775812309681962,47.34508018277286,0.5069747891956705,59.53746876719376
1955-05-14,political,Warsaw Pact signed,3.426855911685191,-0.3854116746068374,112.66929990056072,0.9999732121317958,0.4193799624798089,-0.023751523200543866,91.3609900205088,0.870356307371025,29.49992885705676,-0.39215537644588094,113.08867986304053,0.9316385337289302,21.308309880051922,0.11893476702877265,83.16937104350396,-0.031068317868828244,91.7803699829886,0.8667287081094148,29.919308819536568,0.4716112754373426,61.861061163452035
1956-10-23,revolution,Hungarian Revolution,4.726471326428458,0.3576711644520779,69.04275703552898,0.7013508758090881,45.46451431678118,0.7893134625250909,37.87860028642652,0.9257987160650042,22.210895638451092,-0.41480872162673343,114.50727135231016,0.8556881615217193,31.16415674910246,-0.021878621006585608,91.25365267398007,0.11592335138625112,83.3431146032077,0.9187662771425906,23.253618678330085,0.4986466601599544,60.08949592487761
1956-11-04,military,Soviet invasion of Hungary,4.663990757112239,0.3721343684453433,68.15269032974777,0.67521428287374,47.5292072896023,0.8079051263616187,36.108241344620325,0.9119038360493282,24.230212191841645,-0.43337437113688354,115.68189761935007,0.8476367396338519,32.044448985127445,-0.04157750633101718,92.38290252158941,0.11081937977579619,83.63744863422262,0.9184533186161449,23.298995097760653,0.49487558282431643,60.33845353646197
1959-01-01,revolution,Cuban Revolution succeeds,2.843472683101133,0.8144858457160119,35.46344483943682,-0.14622409158958233,98.40817004676444,0.9537647835122189,17.490883756865202,0.17365932431990486,79.99935149088083,-0.6930447723097727,133.87161488620126,0.6024514373272168,52.95432859630202,-0.42992493352185535,115.46279633031764,0.15786015467483858,80.91728628989924,0.9488274179673697,18.408818555883613,0.4616175170047824,62.508467734015625
1961-04-17,military,Bay of Pigs invasion,-0.6724233194466989,0.9954453657901111,5.47052941621007,-0.9573706039298079,163.2101339675963,0.09370570578807325,84.62317010176395,-0.8587179053377222,149.17293272363074,-0.9254717887459455,157.73960455138624,0.1881931855168948,79.15264068555388,-0.8059531139037495,143.70240330742067,0.19788036995343233,78.58696386583236,0.9701384457005109,14.03720124396557,0.4297270197215037,64.54976262186679
1961-08-13,political,Berlin Wall construction,-0.14741061029441888,0.9960635950583968,5.085458101671179,-0.899470901011098,154.08860645572605,0.15335796890408868,81.178423762194,-0.7946763122881098,142.62469321236807,-0.8571956003095147,149.00314835405487,0.240347217843673,76.09296566052282,-0.7377397958313453,137.5392351106969,0.2938704555937153,72.91018269353205,0.9800500786981023,11.463913243357979,0.4779826830476727,61.44626945017407
1962-10-22,political,Cuban Missile Crisis,-1.1517046757028355,0.882942380614766,28.00063611195668,-0.9997448256251349,178.7056092655773,-0.3456465680269801,110.22126967194103,-0.9889210566343285,171.46332832328932,-0.8721117465185366,150.7049731536206,0.13535877200408472,82.22063355998435,-0.8034693750924017,143.46269221133264,0.36675552002060496,68.48433959363626,0.992021942577294,7.242280942287977,0.4811102809777964,61.24205865134829
1968-01-05,political,Prague Spring begins,0.5658478112600085,-0.859067243397997,149.21201380172658,0.9156687826203587,23.69911773143565,0.1693577518604017,80.24952049751332,0.9546896382544325,17.31370550952869,-0.9923559326876229,172.91113153316223,-0.6499584028569068,130.5384657007601,-0.9724746129385767,166.52571931125527,0.5512032073072247,56.55040276607767,0.9937962674710308,6.385412221906961,0.45498835562766354,62.93581498798463
1968-08-20,military,Soviet invasion of Czechoslovakia,0.9588561785671266,-0.7287892065487311,136.78498478109495,0.9640146074633722,15.417422909132057,0.3149796351386527,71.64041560939367,0.9861161519767321,9.558644567124077,-0.8846005729902756,152.202407690227,-0.8794376324973611,151.57459960951138,-0.8323763814787565,146.34362934821903,0.5559620980418716,56.222992700261614,0.994776514141279,5.85877834200798,0.46821096532034323,62.081771042269594
1968-05-13,revolution,May 1968 France protests,0.5468372589558457,-0.5947962540012058,126.4981088722232,0.8770610128459809,28.71015776015207,0.02268070585008605,88.70037983827649,0.9155046875715125,23.722498667820076,-0.9078379876109721,155.20826663237528,-0.8171601025932315,144.8015112895003,-0.8679441435756466,150.22060754004326,0.5001477859556812,59.99022207812442,0.9962134474129251,4.987659092331995,0.42296810710071614,64.97788117045641
1980-08-14,political,Solidarity founded Poland,5.874788027977358,0.9812866962676221,11.101775893074546,0.3870822059418636,67.22693287176858,-0.09782863661205975,95.6141473748878,0.8171950786666103,35.19501190589628,0.5573806199854092,56.12515697869404,0.09563082126368311,84.51237148181326,0.9128823758536011,24.093236012821734,0.8797546860392228,28.387214503119225,0.8477527327830624,32.0319209658723,0.4936514477883427,60.41913546899153
1981-12-13,political,Martial law in Poland,7.914127173838997,0.97497226249895,12.84571832999282,0.8781668540498564,28.577983366534966,0.6241627040269614,51.37924148958166,0.992988221209097,6.789000255730286,0.7498374388298742,41.423701696527786,0.43483885129110816,64.22495981957448,0.9944179335837959,6.056718074262534,0.9218546421480456,22.801258123046694,0.8154614679640226,35.36698362226525,0.5274267982372864,58.168241745311946
1985-03-11,political,Gorbachev becomes Soviet leader,6.6725113015248585,0.3580793424406036,69.01771136990871,0.6533845082099623,49.20273197729165,0.8321300828203899,33.68182516977083,-0.04711895198947018,92.70071706681784,0.9407921772528913,19.81497939261706,0.815775499098678,35.33588620013788,0.9157817734004103,23.683005696909134,0.9635328757455466,15.520906807520817,0.7253985778065135,43.497985089526196,0.5147554167393339,59.01889189704701
1989-04-17,political,Solidarity legalized,1.2324510334394456,-0.7963591125634285,142.7838163646564,-0.8778263070194964,151.38125360601316,-0.8121430929375312,144.30584898787737,-0.9243921596280675,157.576875621136,0.9887630685609407,8.597437241356772,0.9996471849336439,1.52203262322098,0.5054419138940248,59.639308014207614,0.992384904908492,7.075404618135792,0.6287522981202018,51.04187077285084,0.5281823351706665,58.117275390986634
1989-06-04,massacre,Tiananmen Square massacre,1.0337560034150626,-0.9049870060869599,154.82153305480506,-0.9574679136579721,163.22944610864448,-0.9110282476367635,155.6478367162279,-0.825067702547828,145.59535592916578,0.9892521481702232,8.407913053839422,0.999896008805554,0.8263036614228554,0.5062879838881877,59.583111016029164,0.9912579404039059,7.581609392416567,0.6269411102990462,51.17519796218974,0.5186716817776694,58.75680735460631
1989-06-04,political,Poland first free elections,1.0337560034150626,-0.9049870060869599,154.82153305480506,-0.9574679136579721,163.22944610864448,-0.9110282476367635,155.6478367162279,-0.825067702547828,145.59535592916578,0.9892521481702232,8.407913053839422,0.999896008805554,0.8263036614228554,0.5062879838881877,59.583111016029164,0.9912579404039059,7.581609392416567,0.6269411102990462,51.17519796218974,0.5186716817776694,58.75680735460631
1989-09-10,political,Hungary opens border,1.2049769170307334,-0.9999999040971186,179.9749069494472,-0.9946323649920304,174.06085988428288,-0.9991491628951766,177.63630390107863,-0.5844913590450228,125.76706498417659,0.9945869533778793,5.964233166269935,0.9991671295225466,2.3386030483685545,0.5841359452477193,54.25802806637623,0.989518642039352,8.30283621463849,0.6653112112377871,48.29379490010629,0.5505298266347975,56.59663111474478
1989-11-09,political,Berlin Wall falls,1.2488044266112088,-0.9999372392527993,179.35807549572888,-0.9906692209674648,172.16687866264846,-0.9999761608914216,179.60437520815833,-0.5669130052844029,124.53523954044043,0.9921339463345359,7.191196833080426,0.9999907604274426,0.24629971242944748,0.5761065869931741,54.82283595528847,0.9915866612725621,7.437496545509873,0.6738945046949403,47.63163912220804,0.5725875932846426,55.069135667717916
1989-11-17,revolution,Velvet Revolution begins,1.2310861739236696,-0.9999635311402543,179.51067202811475,-0.9924683554268603,172.963519390773,-0.9999918456322417,179.76861613436404,-0.5773976479035361,125.26771444381875,0.9913859659599572,7.525808581112244,0.999989866132437,0.2579441062492833,0.5704037672456834,55.221613528066484,0.9919655533917976,7.267864474862961,0.6730666656365619,47.69580494695424,0.574095735660125,54.9636694218172
1989-12-22,revolution,Romanian Revolution,1.1207462040029568,-0.990316319112864,172.01988862047307,-0.9997350365621855,178.68101397217146,-0.9959505590334101,174.84199416158367,-0.6467206906285226,130.29480986799342,0.9868582620638446,9.299097407355475,0.9987872160560498,2.822105541110602,0.5345691727550582,57.68530151153348,0.9936172343182665,6.476991866244873,0.6641062510741977,48.386204104178006,0.5755306730725221,54.86319597042288
1989-12-25,political,Ceausescu executed,1.1109432155835406,-0.9883992504633345,171.26422587313164,-0.9999181858079182,179.26708279915835,-0.9950969174167106,174.3239025564382,-0.6533344323159407,130.79347812026555,0.9863756427996019,9.468691327710019,0.9985744823333276,3.059676683306577,0.5307730855046124,57.94229600660282,0.9937503688710064,6.409014644403442,0.6629650107505977,48.4736046788928,0.5752534113282982,54.88261932329624
1990-03-11,political,Lithuania declares independence,0.9282896734768835,-0.9281011151693176,158.14072214149365,-0.990389257196692,172.0500472648999,-0.9741499162338306,166.94404576979213,-0.7254224946727343,136.50400576143645,0.9706773706213258,13.909325123406234,0.9882195053421879,8.803323628298472,0.41699045976199745,65.3552720970699,0.9960317486380019,5.106001495107762,0.6232526746083885,51.445946973663666,0.5511806977775561,56.55194846877143
1990-10-03,political,German reunification,1.8343681835671592,-0.940260832620201,160.09540606892298,-0.839180187878541,147.05365047287788,-0.8920122678080106,153.12720691757417,-0.13156942686600992,97.56029290821084,0.9742058678791629,13.041755596045107,0.9926136398395088,6.968199151348813,0.46120493060461526,62.53511316071214,0.9943868819801739,6.073556444696294,0.6495361996289987,49.493357564667036,0.5654433788074623,55.56691400936333
1991-06-12,political,Yeltsin elected Russian President,1.2581240494290737,-0.996750608736207,175.37984757226485,-0.8810392780585349,151.76798613966548,-0.9072500853798817,155.12805755471555,-0.12545083335389845,97.20679157568321,0.9162798292479923,23.61186143259937,0.9381805221793992,20.251790017549297,0.20495635293139758,78.17305599658164,0.9982809152616433,3.360071415050072,0.5798331113330997,54.56119456398227,0.531084124004064,57.92126597903234
1991-08-19,political,Soviet coup attempt,2.044292392248888,-0.9204022308545415,156.98495634609372,-0.7115899854128843,135.3644285957106,-0.760403878926939,139.49981590931435,0.12465576483891277,82.83912292359122,0.9296445357183591,21.620527750383133,0.9537949062121027,17.485140436779375,0.273189791804509,74.1458334225025,0.997396434072707,4.135387313603758,0.6084109714184702,52.52530567211937,0.5495960833781921,56.66069298572313
1991-12-26,political,Soviet Union dissolved,2.9776523317019468,-0.7733255646617166,140.6534681690943,-0.48107855278075384,118.75586771285072,-0.5211898509182424,121.41209823496268,0.3855437783023326,67.32249716932887,0.9278518737908532,21.897600456243595,0.9441386686983613,19.241369934131626,0.2868427308527314,73.33097099976544,0.9989255691249095,2.6562305221119686,0.6234243131875338,51.433370543521846,0.5865193661059378,54.089601065633815
2003-11-23,revolution,Rose Revolution Georgia,-1.9483702990096279,0.44160934007877417,63.793391476459675,-0.9547373884923575,162.6954899262371,-0.8129269163031524,144.3828928006817,-0.04813324113893408,92.75889757809028,-0.6884953260759875,133.51111859730324,-0.8814989735704032,151.82371572285862,-0.9174235972854614,156.55228905454996,0.9493564199003528,18.312597125555385,0.3430598654633413,69.9365923481468,0.6208195184141999,51.62399522259142
2004-11-22,revolution,Orange Revolution Ukraine,-1.387432873293965,0.2647096191357865,74.65030096129946,-0.7784256077961027,141.1166507074453,-0.5156283545055418,121.03946432880772,0.35100330800821966,69.45130580794742,-0.8114010889194087,144.23304833125525,-0.9627400682586296,164.31023470989282,-0.8100580840098413,144.10160676924687,0.9392310135936217,20.077186378637577,0.3145666543259029,71.66534489949788,0.621309735132028,51.588158520860304
2011-01-14,revolution,Tunisian Revolution,1.278875939596692,-0.948183006832067,161.4746198880136,0.9997612823908025,1.25195436368233,0.8533028147687219,31.427260180001497,0.12588644902636753,82.76805003571951,-0.9410146959968623,160.22266552433126,-0.6434205892151219,130.0473597080121,0.19583370023160943,78.70656985229408,0.8644915206616405,30.175305816319167,0.14753156851934646,81.51609567203718,0.6246868960422549,51.340789855718015
2011-01-25,revolution,Egyptian Revolution begins,1.216852145873456,-0.9577441468088281,163.2843855587041,0.9988152166653099,2.7893305706265323,0.8388445391117663,32.98169380862839,0.09877195922965015,84.33154117697592,-0.9426126777997395,160.49505498807756,-0.6468256088796549,130.3026917500757,0.19161683025132836,78.95284438172817,0.8643418401155152,30.19236323800186,0.14708074919175904,81.54221060634939,0.6245634447963496,51.349847368347525
2011-02-11,political,Mubarak resigns,1.0833931073861285,-0.9739918709298654,166.9040209319825,0.9955272622728559,5.4210867027792915,0.8116898615084813,35.73863444162345,0.04872256060099539,87.20729723918788,-0.9482291027152507,161.48293422920324,-0.6582347912727372,131.16538649035908,0.17885847568066396,79.69672369279465,0.8632409905505034,30.317547738844155,0.14286714054396316,81.78621053640859,0.6229425811465187,51.468662797564434
2011-02-17,revolution,Libyan Civil War begins,1.0268760373800734,-0.9795444881252185,168.39123799196435,0.9937506734453329,6.408858308539891,0.8007507261058305,36.79814866598525,0.029005634998415682,88.33786641063966,-0.9509614385419416,161.98237968342445,-0.6638360128928956,131.5930893259791,0.17273074436758726,80.05337158132468,0.8626082412236553,30.38929035744536,0.1403999779005689,81.92900810209977,0.6219719788987386,51.53971774465441
2011-03-15,revolution,Syrian Civil War begins,0.7417741947292904,-0.9973052106164003,175.79275677247546,0.9818228241418167,10.941097594493769,0.745603579816445,41.7890319134022,-0.06614487835810938,93.7925913250528,-0.9652524979248456,164.8516591779817,-0.6947051340303237,134.00372485907326,0.13917024145916757,82.00016544742266,0.8585312153330721,30.84793431890847,0.1244415347196044,82.85149373055907,0.6156125201888637,52.0035594116506
2011-10-20,political,Gaddafi killed,-0.06890499011039397,-0.9638636410327445,164.55007426593565,0.8210860339834569,34.80634185252717,0.3715249172007353,68.19030634617934,-0.5189110544793192,121.25923549425968,-0.9434750541029892,160.64358388153718,-0.6054276202802803,127.25961938788504,0.27243659036764306,74.19069023980467,0.8350018949217044,33.383964493652115,0.06186914636386797,86.45289364173249,0.6008537969475313,53.06892914808037
2013-07-03,political,Egyptian military coup,-1.47699040886665,-0.5466979186595126,123.14076998811436,0.18642287314145997,79.25589968583321,-0.44621861304060606,116.50133166766764,-0.9888656739598459,171.44197822398124,-0.924568181825103,157.60333032605243,-0.5053998417243085,120.357898344218,0.4160070019464469,65.4172517879044,0.7960502582526489,37.24543198183443,-0.03814501170389038,92.18607853814802,0.5744246987060613,54.940646556313595
2014-02-22,revolution,Euromaidan Ukraine,-1.0786689722345286,-0.6766595247039228,132.58315479297715,-0.005483204016824594,90.31416602264778,-0.5832657974489991,125.68057080097839,-0.9992361040686002,177.76033852890248,-0.7325747288950094,137.1026791843751,-0.20340720829255243,101.73627440604446,0.6473685359055944,49.656506678120365,0.8154673154987873,35.366404778330605,0.044557940807619344,87.4461725062547,0.6145638029793787,52.07976772792409
2019-10-17,revolution,Lebanon protests,3.251761672051676,0.9144273952394525,23.87545997349514,-0.6987218598880092,134.3245483782114,0.07586652662921477,85.6489875154881,0.8663954765986657,29.95756555808964,-0.3493749396552625,110.44908840471626,0.4729579044190186,61.77352754199296,0.9943710836573012,6.082105584594501,0.660322054677792,48.67556086272333,-0.24813169162584242,104.36698282012176,0.5636497219993455,55.69142195739846
2020-08-09,revolution,Belarus protests,4.348308990341801,0.9902346220507566,8.013757820609044,-0.3656967684828198,111.45046931298569,0.4821365735198176,61.174961782864955,0.9976396754841077,3.9373946682309793,-0.23237114880934126,103.43671149237667,0.5995656512522763,53.16120396225591,0.9974701936669349,4.076363152378065,0.6390966576342898,50.27550753012076,-0.30092342568435065,107.51307464475471,0.54115695971013,57.237567114633976
1720-09-01,economic_crisis,South Sea Bubble bursts,1.9568748498007136,0.7437036464778642,41.95212750576826,0.9957174592364106,5.304488291626086,-0.709760848153153,135.21546060830596,0.9431624457717851,19.410383563174207,0.802321459929158,36.647639214142174,-0.998778343501175,177.16758811407422,0.47926622432852145,61.36251106894247,-0.7718460025024425,140.51994889993205,0.9083996841624057,24.714871854800293,-0.43531087594866075,115.80507704513175
1825-12-05,economic_crisis,Panic of 1825,-2.039379409701133,0.0941995580384072,84.59474873469203,-0.5663766656780607,124.49794414160402,-0.4540331339187968,117.00274160541727,-0.9470163061898562,161.26536685081786,-0.8738342399182416,150.90730712370396,-0.9297926095247238,158.4025096598907,0.23054876337292118,76.67061811612582,0.991455787057294,7.495202536186753,0.27166404075865697,74.23668900757815,0.14380539630126735,81.7318915437649
1837-05-10,economic_crisis,Panic of 1837,-1.5317465884338346,-0.05819211772369122,93.33604737822176,-0.8831349789555415,152.02287777672245,-0.9994755941991496,178.1443744037079,-0.40537404159214,113.91456863285796,-0.41693250867779624,114.64107484505578,0.09048784336634909,84.80832702548614,-0.889012218638867,152.74938398892027,0.8674812625619962,29.832747819569647,0.7868455299601258,38.10830914386446,0.37556023546488004,67.94105696343411
1857-08-24,economic_crisis,Panic of 1857,5.23237233545535,0.37970493549209644,67.68459311586658,0.9728047364770279,13.392863412032654,0.5884178000764287,53.95518929499906,0.9870974073036313,9.213914822011652,0.5836584245785691,54.29172970383392,-0.5245771626308952,121.63978241086565,0.22667667105451,76.89850793787824,0.38513219433990475,67.34805270703174,0.9231647475546988,22.606778234044306,0.7102925812093794,44.74127447298741
1866-05-11,economic_crisis,Overend Gurney crisis,-1.4004587071901315,0.10461869146890058,83.99480180395827,-0.8607974646708462,149.40624042909542,0.3486334641748256,69.59624555962023,-0.2029929413706434,101.7120329151569,-0.59621027129729,126.59895776694631,-0.8956422737325186,153.59104736357853,-0.9950437151923089,174.29316528088484,0.17691305121699233,79.80999486947516,0.6730872852604415,47.694207513938515,0.8469754669523157,32.11578735553665
1873-09-18,economic_crisis,Panic of 1873,-1.4736278716118143,-0.6576621243749415,131.1218158986473,0.8091112817782731,35.9908080939735,-0.7324384622072027,137.0912103746374,-0.39794429566519574,113.44972922207064,-0.9748103592814749,167.1126239926208,-0.03118351909438456,91.7869737267153,-0.4293837050973429,115.42845487928207,-0.1925288562967738,101.1004022806639,0.21713952496530278,77.45892112809715,0.9160726436619256,23.641481152566747
1884-05-14,economic_crisis,Panic of 1884,3.8729718526585457,0.670631437821998,47.88418180238365,0.569745751888404,55.26750183695506,0.37517332622961735,67.96497414108683,0.5249024898601613,58.33832084875528,-0.2275297898109446,103.15168363933871,0.9392094067444643,20.080792338703176,0.9834004583774045,10.45413904637163,-0.5480374241846324,123.23247597804189,-0.40044215588565785,113.60582268571034,0.9859183516177313,9.626653292331547
1893-05-05,economic_crisis,Panic of 1893,-0.8904747117075968,-0.840803589105025,147.22507417687564,-0.9997513593629469,178.72228885152782,0.8632074587606638,30.32135350601105,0.874299401664481,29.03783181779174,0.8526655636205507,31.497214674652156,-0.4524926198674012,116.9037206708646,-0.47235451962798286,118.18724235908391,-0.8517354880255407,148.40093534551676,-0.8632586526357294,149.68445703373607,0.9997490928713335,1.2835216882193095
1896-08-03,political,Cross of Gold speech,-0.4626357708882688,0.09456041815487055,84.57398026758753,-0.0402964457363225,92.30944157109681,0.5224728489000017,58.50172803741445,0.42776033619807996,64.6744908017571,0.9909000836569269,7.7354613035092825,-0.7994300264246954,143.07570830500197,-0.8593927674039062,149.24847106934465,-0.8730171671879432,150.81116960851125,-0.92039524335714,156.98393237285393,0.9942021923118592,6.17276276434265
1907-10-22,economic_crisis,Panic of 1907,-1.1949755140638818,-0.7609773417340937,139.55043409415163,-0.848174055529329,148.01362153476737,0.8963916115669297,26.312258847957082,0.6881572792396654,46.51558201698538,0.30177184938893004,72.435944371081,-0.3945542270338873,113.23817524619454,-0.052943396389418466,93.03485207716625,-0.995100330970035,174.32588038272445,-0.9680198964048438,165.47079644824726,0.9384729938022003,20.203323169028295
1929-09-03,economic,Dow Jones peak,-1.2574101816205987,-0.9872872035214888,170.85424959490996,0.43434903026707244,64.25612110312208,0.22999398230516702,76.7032825392526,0.8249488333261209,34.41669584193309,-0.2856570646228998,106.59812849178789,-0.38175554890767494,112.44246786583744,-0.9042991456378918,154.72905456315695,-0.7766998676834748,140.95940364237467,-0.1507918283209342,98.67281694505517,0.7397886311754055,42.28658669731951
1929-10-24,economic_crisis,Black Thursday,-1.3508813697681872,-0.9830657455802965,169.44069211324125,0.38683166966509974,67.242500278553,0.2202202850151582,77.27802828204845,0.8306971183168602,33.82958436203775,-0.21129395063115303,102.19819183468826,-0.3952453951407308,113.28127960471028,-0.9186514562190893,156.72972352472098,-0.8143235267240143,144.52052856060146,-0.1920438432544467,101.07208464059075,0.7259934747844252,43.4484439200107
1929-10-29,economic_crisis,Black Tuesday,-1.3616160718596855,-0.9804841541836263,168.66190315596734,0.38965398534173334,67.06702892488057,0.21234980474998705,77.73990754621724,0.8273700786408232,34.170478277547616,-0.20099028602691005,101.59487423108675,-0.4003200728068973,113.59818929781542,-0.9216439950460327,157.16761856648503,-0.817214677697987,144.8069364710978,-0.1948764665160681,101.23750720242819,0.7245397116852925,43.56942926866962
1930-06-17,economic,Smoot-Hawley Tariff,-1.052351392052775,-0.9790948680697175,168.26390584543577,0.29365578986484475,72.9230498555487,0.44924555341322947,63.304710261827765,0.9355042656563589,20.69023415679547,-0.09308058684913796,95.34085598988707,-0.621576956937241,128.43138389273645,-0.9878132355895014,171.04585999776873,-0.7220954905094501,136.22776011737645,-0.063021910090364,93.61328401234417,0.7359260470582039,42.614476105032296
1931-05-11,economic_crisis,Credit-Anstalt collapses,-0.9810466949562695,-0.9930923726556419,173.26166818920964,0.01364440837599386,89.21820872715837,0.6882562754832576,46.50776402548098,0.9990441243892212,2.5053760468454414,0.10377407776742625,84.04345946205126,-0.7686249182033196,140.23056778530938,-0.9972721866224757,175.76704423605509,-0.7160092588265584,135.72597275263936,-0.030077692344217914,91.72358477400381,0.7193108476800449,44.00238797863554
1931-09-21,economic_crisis,UK abandons gold standard,-1.2379981029185234,-0.887758254333954,152.59288795411993,-0.4364019551029929,115.87453605733955,0.9252598808620057,22.292424522670103,0.9264952109714877,22.105089012149307,-0.026745307472701103,91.53257598854054,-0.6467959482593718,130.30046343144983,-0.9957214360878233,174.69797696626924,-0.7450915220368775,138.16696058000966,-0.06574181371119012,93.76944704519025,0.7145030422528937,44.39751353481941
1932-07-21,political,Ottawa Conference,-1.238023972007162,-0.9138599668674576,156.0443425216223,-0.5335656268760126,122.2466879597888,0.9826670353457325,10.683249220608246,0.8317366502218431,33.722450551734724,0.14420129131394552,81.7089695185889,-0.8227505844921672,145.36109330101405,-0.985506381332137,170.233206926643,-0.6811035314184561,132.92993718039705,0.025754068364904927,88.52423740805409,0.7144030737326426,44.40569977234297
1933-03-04,political,FDR inaugurated,-1.664630560675437,-0.7915464768907579,142.3302679181981,-0.8461908342719694,147.79974927572158,0.9839376847423262,10.283116050400196,0.5366703996636557,57.54273512891575,0.34415163781481006,69.86998280608032,-0.8879228609683624,152.6133839685983,-0.9404484046070262,160.12699695288615,-0.7374734326489444,137.51663322532139,-0.004485728042375198,90.25701414680583,0.678677454533206,47.259619078515556
1933-03-06,economic,US bank holiday,-1.6567384620603316,-0.7965602027650075,142.80287007547346,-0.8428620745087593,147.4435932419465,0.9845667493402885,10.079209453577988,0.5401396043805676,57.30685717372927,0.3460591449108266,69.75353668258003,-0.8900702797334327,152.88207952905145,-0.9390358945870204,159.89027275079727,-0.735676185179989,137.3643837883685,-0.002386492331300227,90.13673606821725,0.6790871684134946,47.22764772015128
1933-06-16,economic,Glass-Steagall Act,-1.4225701313811983,-0.8727363064672365,150.77818991706943,-0.7516437673159491,138.73296740428776,0.9910969165040701,7.651218314086606,0.6012842432820342,53.03806972863384,0.33399041536014995,70.48884267864281,-0.9299653108655571,158.42940823115603,-0.9148451111681605,156.18374035429673,-0.6571351735191602,131.08174909020116,0.07506752821775056,85.69489767565392,0.7023164345908605,45.38685141454724
1935-08-14,political,Social Security Act,-2.2012190745949036,-0.39054785388348096,112.98859276218158,-0.9860710594955843,170.4258093928612,0.4748327438329647,61.65153944419748,-0.32169565615283824,108.76550201884625,0.5382234541222348,57.437216630679586,-0.9956276375246942,174.64013220637906,-0.7460097843177045,138.24590521897215,-0.6145971065159607,127.92265116294132,0.1597314920953402,80.80868858829255,0.6805423332448192,47.11396257464877
1936-06-26,economic,Tripartite Agreement,-2.254406229184031,-0.08525439624903186,94.89065380272893,-0.7773744824086265,141.02081010483298,-0.058182022298922,93.33546797129927,-0.7800355178137446,141.26382749456715,0.6930224869168624,46.13015630210401,-0.9897111019506164,171.7738782259718,-0.556955616513679,123.84551870270391,-0.5827432709106398,125.64372192386776,0.21276840879240475,77.71536240059987,0.6700592832519614,47.928359523267886
1944-07-22,economic,Bretton Woods Conference,5.156493712185815,0.5710364995366314,55.17746431243853,0.21636471843943345,77.50439534676111,0.8423807140541035,32.60762235751778,0.9322763684436706,21.207513975844392,0.9250312584282369,22.326931034322584,0.03864790264284707,87.78508666995631,0.8293307359447196,33.96995033659414,-0.3438566606430485,110.1120177042789,0.5548897101765023,56.29688137091672,0.5903924651627184,53.815136333362176
1949-09-18,economic_crisis,Sterling devaluation,0.6146175124976957,-0.6527183643708879,130.7468698300197,-0.9534829433056631,162.455467652739,-0.14191157883184627,98.15847620614335,-0.9062504657245714,154.9922298867305,0.39397940701646134,66.79766251724129,0.8425615182380952,32.58839362387636,0.9117953015395297,24.24536005671081,-0.16308585904204534,99.38605614111765,0.7366603170931617,42.552302460530484,0.5470701798854617,56.833753680587165
1967-11-18,economic_crisis,Sterling crisis,0.5847252692019971,-0.8482495655314105,148.02178984562048,0.9124075615683619,24.159791774146584,0.17237343565845673,80.07415561477603,0.9488103110692733,18.41192206629333,-0.9907041619666099,172.18158161976706,-0.6678852250543473,131.9040545396035,-0.9720991861504382,166.4337119119138,0.5604313852755349,55.91436384062945,0.9949722426166345,5.747869707853255,0.47466847171654186,61.6622335484827
1971-08-15,economic,Nixon ends gold standard,1.3431766289104639,-0.9898597204161835,171.83360715161928,0.6894088574634265,46.416666986477566,0.9986270846693551,3.002681080270065,0.5130172818036015,59.1349808062684,-0.5795221490552033,125.4169401651417,-0.9959416009375026,174.83628823188934,-0.3858839245505353,112.69862634535086,0.6505177837601263,49.41934806674763,0.9754642232519316,12.718313819790836,0.46734879292144765,62.13766188653847
1973-10-17,economic_crisis,OPEC oil embargo,0.009834425160429705,-0.8819572094982532,151.87936925448975,-0.16343288813330095,99.40620984204341,0.5414175493090599,57.219810199601795,-0.4669305734602178,117.83523716709624,-0.32085138591072215,108.71442090346686,-0.8737791878656146,150.90082054590846,-0.0049810370099496026,90.28539357841403,0.7409640224156001,42.186399642441614,0.9487159750079689,18.42902732505283,0.49066916030585944,60.61542696749444
1974-10-03,economic_crisis,Franklin National failure,-0.7490917696947672,-0.6242108328737493,128.62428809887922,-0.6764197884533917,132.5645022129952,-0.03777904611019604,92.16509512885375,-0.8889152917159672,152.73725784069376,-0.15317917625109015,98.8112096881256,-0.757116119945886,139.21061677226703,0.19699938694716204,78.63845406042704,0.7615450144571166,40.399407084141444,0.938657107329407,20.172755627698564,0.4913269769218274,60.57216271184001
1979-10-06,economic,Volcker shock begins,5.239361724017098,0.9449913452054216,19.09256859121814,0.2139130492176111,77.64823388869706,-0.2878725159366243,106.73062944239373,0.6754072679787128,47.514215109239956,0.5216699419097754,58.555665297478924,0.04121194006220701,87.6380608511756,0.8794688178341958,28.421646518021817,0.8739216110337306,29.08239555369667,0.8648535012534954,30.134018779457108,0.5117967654585733,59.21641433315378
1982-08-12,economic_crisis,Mexican debt crisis,7.820765798458308,0.9636399875404508,15.49795571232849,0.8894081837606961,27.201026513867703,0.6286245418670208,51.051283523393295,0.9881197595488996,8.840587874894197,0.7349266415259631,42.69898222619619,0.39796081246654114,66.54923923572179,0.9932571859822172,6.657367837434293,0.9146053460405366,23.850257009525592,0.8085898678349114,36.0416143887619,0.5016334718910722,59.89187139828749
1984-05-17,economic_crisis,Continental Illinois crisis,7.313278521873913,0.4932911157803689,60.44287242395464,0.8635561353838545,30.28175850669362,0.9797203216120682,11.558589816488166,0.30158361216577523,72.44725660709636,0.8646159975728319,30.16111391726102,0.6575819387550531,48.884282607466474,0.9781316887939264,12.004384183141724,0.9470805540562549,18.723168690205455,0.741208953110638,42.16549810040274,0.4865082046431419,60.8886667906082
1985-09-22,economic,Plaza Accord,6.548960546539243,0.28884686998533343,73.21106759594045,0.6024215521172968,52.956473882674885,0.8044932142841129,36.43865940883268,-0.06991762225062709,94.00925572797556,0.938163582826224,20.254593713265564,0.801019748674938,36.77240818710777,0.9348369054979377,20.798188132035108,0.9587313821257599,16.517814473842208,0.7541048873484536,41.05278184530067,0.5362600259298138,57.57059631914288
1987-10-19,economic_crisis,Black Monday,2.5714063973891053,-0.6041704062780092,127.16916854246824,-0.5132693931369445,120.88184881764897,-0.32624325703267104,109.04091436021463,-0.9669504562710717,165.22852780881897,0.993985216693678,6.28731972481927,0.9503624126586716,18.128254182253613,0.7873724965231693,38.059359266350725,0.9787210385784362,11.840934457434344,0.7151234958589975,44.346678991169995,0.5564752497948493,56.18761344860434
1989-04-17,economic_crisis,Junk bond market crash,1.2324510334394456,-0.7963591125634285,142.7838163646564,-0.8778263070194964,151.38125360601316,-0.8121430929375312,144.30584898787737,-0.9243921596280675,157.576875621136,0.9887630685609407,8.597437241356772,0.9996471849336439,1.52203262322098,0.5054419138940248,59.639308014207614,0.992384904908492,7.075404618135792,0.6287522981202018,51.04187077285084,0.5281823351706665,58.117275390986634
1992-09-16,economic_crisis,Black Wednesday UK,3.209538491126085,-0.7396426309602635,137.70098210549378,-0.3294033622446011,109.23256601878444,-0.3646531237721898,111.38623691168942,0.559958996900338,55.947037847327294,0.8790800096848772,28.46841608670934,0.8963723753603087,26.314745193804356,0.14342449376122302,81.75394425816648,0.9992936299429942,2.1536708929049837,0.5978276412495506,53.285528171457145,0.5672804612038471,55.43919906436213
1994-12-20,economic_crisis,Mexican peso crisis,5.642475029603335,-0.08293542496015428,94.75731418206695,0.6092653521501153,52.46359792130593,0.6456491101250763,49.78563902264037,0.9984062065552001,3.235276078075458,0.7397049011177109,42.293716260761016,0.7074562612964583,44.97167515942658,-0.13904503401512544,97.9925902601424,0.9989079224211351,2.6779588986655654,0.5635422836578851,55.69887399938139,0.6015234512550337,53.020915100715825
1995-02-26,economic_crisis,Barings Bank collapse,5.660723169113355,-0.007848181214509857,90.44967227670767,0.7066918231960307,45.03361355238914,0.7552144518369219,40.95588837329856,0.9742204700003855,13.03804757170343,0.7019534604581847,45.41605872431853,0.6495305419792767,49.49378390340911,-0.23323695134722897,103.4877198484111,0.9974685035404373,4.077725179090578,0.528858177144851,58.07166112409257,0.587870873519006,53.993935945001994
1997-07-02,economic_crisis,Asian financial crisis,4.367883354545108,0.523354000634508,58.44249865988621,0.9727168320919071,13.414590363804052,0.9266474914290219,22.081891492826685,0.21015580350193985,77.86851711875912,0.31138821961544,71.85708902369026,0.16462774051055712,80.5243901527129,-0.7230999627093047,136.31101577864533,0.9885800508247321,8.667301129022633,0.43123675328556116,64.45392675495506,0.5622764253607453,55.78662562593243
1998-08-17,economic_crisis,Russian financial crisis,2.864560001032115,0.7982619763735446,37.03554762971805,0.6898344705546201,46.38299279333728,0.5524980256310086,56.461442676433364,-0.36314804312202115,111.29365447274256,0.11461569757006919,83.41854042305533,-0.060996108360819395,93.49699030615142,-0.8510788175332608,148.32920210246058,0.9845690693553881,10.078449883096084,0.42403090588369485,64.91066167940528,0.5759728246798901,54.832211796309196
1998-09-23,economic_crisis,LTCM bailout,3.074397418541606,0.7626324747326945,40.303176102934344,0.7312686896013982,43.00714151913007,0.6072995467105946,52.60550229950144,-0.28202047061333535,106.38082978921176,0.11649188853799153,83.31031762206442,-0.05074421221736026,92.90867840243578,-0.8356540691718384,146.6840058921461,0.9860008078840773,9.598360780371365,0.4481696597694222,63.373688270081686,0.5909531033079615,53.77532748971032
2000-03-10,economic_crisis,Dot-com bubble peak,1.5508240709870587,0.9884903650219247,8.701333908996013,0.2438324029831125,75.88715712108768,0.01947342278912713,88.88418453175302,-0.7842208651858924,141.64867513420205,0.09430828937156609,84.58849103008373,-0.13200585542558751,97.58551844074907,-0.869063630966889,150.35000904319804,0.9743817342655275,12.99702741066534,0.41053555529751606,65.76151801311434,0.6050926528366535,52.764490602449
2001-12-02,economic_crisis,Enron bankruptcy,-1.6828011121166502,0.8417963325921122,32.66970313450902,-0.7973962701256758,142.882178881333,-0.9250629484273646,157.6778489885117,-0.871932832077662,150.68402984091912,-0.34550254096495714,110.212475746824,-0.5736928910159463,125.00814585400269,-0.9982873930579468,176.64626702457184,0.9668426901059464,14.795670107178694,0.39980852058082356,66.43379127774787,0.62062622027402,51.63812117056918
2002-07-21,economic_crisis,WorldCom bankruptcy,-2.037414584440907,0.8310127748952918,33.79708454603667,-0.8619563199092688,149.5369531192562,-0.9766991904248183,167.60718274425247,-0.7399587597789918,137.72790265518836,-0.43428598306608135,115.73986857321952,-0.692270371055648,133.8100981982158,-0.9890802303133787,171.52498720122503,0.9506770280092764,18.070229624996273,0.2967891846552284,72.73514422555544,0.5783572825474836,54.66491460055917
2007-08-09,economic_crisis,BNP Paribas freezes funds,0.1271697694754823,-0.22483630918390093,102.99325274424092,-0.138129651459878,97.93963166202664,0.32869892791505023,70.8101752690433,0.958437017567451,16.577032602146772,-0.9339995738430122,159.06711559373244,-0.9941574238072206,173.80342801328422,-0.49349086398557257,119.57028534638769,0.8899784863077622,27.129456392983343,0.15018074159513503,81.36259905987987,0.5844884183696681,54.233142666896526
2008-03-16,economic_crisis,Bear Stearns rescued,0.8739810149506134,-0.7019249277296827,134.58164596498324,0.48527514692517315,60.96949914245255,0.8205865073537768,34.85645144635748,0.9561065546987505,17.03879833206628,-0.9633915188422855,164.4488548925642,-0.9830574457505448,169.43809741134072,-0.4624118193818927,117.54284763291696,0.8979273672157992,26.113047696095066,0.20777003501432387,78.00829747451883,0.6171011154471956,51.89524977842376
2008-09-07,economic_crisis,Fannie Mae Freddie Mac takeover,1.0004759775807193,-0.5027916669715266,120.18486771112634,0.3687189240396414,68.36336831085549,0.7693193185038426,39.70719646081034,0.9701371546017056,14.037506225054699,-0.9888910754874213,171.45176397801816,-0.9390466440444909,159.89206417193668,-0.2781087518441044,106.14736148607165,0.877513251856217,28.656171850045155,0.1322412607925313,82.40087453591019,0.5913842061343244,53.744702685865036
2008-09-15,economic_crisis,Lehman Brothers bankruptcy,1.0541383524503756,-0.48886017967843753,119.2656919910132,0.375268633336643,67.95908301312306,0.7723522366674512,39.43440989106108,0.9698188512069787,14.112498224955004,-0.9920604137998428,172.77522499586374,-0.9316918735092935,158.70010188207428,-0.2614007471746656,105.1531937660582,0.8786115536356145,28.524673122061984,0.13793582275964522,82.07158123807807,0.5941644690062823,53.546908116016084
2008-09-16,economic_crisis,AIG bailout,1.06102024026042,-0.4873389732866388,119.16582955875933,0.3763169572592531,67.89426775431667,0.772874129400843,39.38731060540363,0.9697281616096051,14.133793252012936,-0.9924177774087504,172.939902686924,-0.9307570869565623,158.55314016416295,-0.25935909144861297,105.03203630674639,0.8787591671069737,28.506957148913045,0.1386880936174083,82.02806100632961,0.5945266603669013,53.52110385741656
2008-10-03,economic,TARP passed,1.1811565051732837,-0.46929662030876584,117.9886483209051,0.40127788175436835,66.34191062633795,0.786188961405273,38.16922324308928,0.9664324960274518,14.887423723895722,-0.9971450014717449,175.66944105275695,-0.9146627017942368,156.15787156399438,-0.22667212441675544,103.10122459700938,0.8815286145527755,28.17268738324867,0.15247986210494643,81.22933435023367,0.6010251373199714,53.056646966985
2010-05-06,economic_crisis,Flash Crash,0.648908905019019,-0.9981807790388092,176.54342314443292,0.9971378452951979,4.335985505072017,0.896178175270819,26.339834015640804,0.17938134579995285,79.66627296939731,-0.9998822129135517,179.12059135049506,-0.8677965831662071,150.20358912879212,-0.11974091301834477,96.87715017503561,0.8600676589230073,30.67581952071282,0.10448926130581326,84.00225847446933,0.5972551065611416,53.32643895375651
2009-12-08,economic_crisis,Greek debt crisis begins,1.689882074008767,-0.7496855599005366,138.56314745810496,0.8601476443699416,30.666835565203314,0.9994178592452335,1.9551167803174963,0.6481845228347584,49.59513788281754,-0.9823851733327134,169.22998302330828,-0.7718273075312845,140.51826423842246,0.018010656890685487,88.96800957528743,0.8770479245844843,28.711718784885818,0.16914354250022526,80.26197344802085,0.6218279643479727,51.550254663135036
2010-05-02,economic,Greek bailout,0.6797310389204841,-0.9970347969409672,175.58661085351372,0.9962787451380932,4.944439946394198,0.9017342000984238,25.61303524868572,0.1937685719442721,78.82720402979515,-0.9999570469739749,179.46894920009208,-0.865794715342074,149.973575604828,-0.11770043789797709,96.75940682371856,0.8611195993453271,30.557475195079917,0.10849135371506557,83.77164397618935,0.5988255658342957,53.214168781109436
2011-08-05,economic_crisis,US credit downgrade,-0.45578295650676526,-0.8937574360764685,153.34926974970347,0.8185627966557653,35.058818102877844,0.3525149470398517,69.35878211978945,-0.5597089615302746,124.03567288334844,-0.989251702076713,171.5919121474187,-0.7348192850070647,137.29194813050705,0.12853498032682914,82.6150573669481,0.8260986484031275,34.299964016911645,0.017856303764099177,88.9768547804706,0.5781867519940826,54.67689076355896
2012-06-09,economic_crisis,Spanish bank bailout,-0.842500130333323,-0.8036317162591158,143.4783187118777,0.6237614849042444,51.408658634078535,0.06372955961894011,86.34608898449494,-0.7741901108820418,140.731662829576,-0.9664344976066216,165.11302265404373,-0.6451322561347319,130.17559230362733,0.24547626996937413,75.79001845854626,0.819777927799128,34.937430350416435,0.011815530872133967,89.3230041954975,0.5823276773853674,54.38557384508107
2012-07-26,economic,Draghi whatever it takes,-1.159337332615728,-0.697785647873933,134.24961510010763,0.4873667081653258,60.83235060369091,-0.11854329181048769,96.80803926773535,-0.8804205679241802,151.69313795935153,-0.9655545788902499,164.91803429620148,-0.628538062804689,128.94234563215701,0.2746767760773538,74.05724694054084,0.8092663263794682,35.97568866404447,-0.015023008366001107,90.86078735566065,0.5752180144316648,54.88509869161618
2013-03-25,economic_crisis,Cyprus banking crisis,-0.6485472066090772,-0.8635491901674412,149.71745235150678,0.4612973021312558,62.52914823369224,-0.11863652750711534,96.81341924443734,-0.8599944812532183,149.31596325215543,-0.8457594800880653,147.75339941480098,-0.39825488901652256,113.46912840405591,0.48531962674246604,60.96658439633782,0.826252964029913,34.2842710107451,0.05605126603929558,86.78681501846319,0.6087262024803555,52.502544007718086
2015-07-05,economic_crisis,Greek referendum,-1.4310425968538598,-0.11276528883270237,96.47474704902874,-0.531191054341174,122.08596494421323,-0.9549399349712473,162.7345478126217,-0.7867231407173966,141.8803297592939,-0.7819480860585037,141.43928800675803,-0.18722195964881336,100.79070513834955,0.702083672211528,45.40558271026515,0.7587192228061247,40.64858286840848,-0.10511349095068524,96.03370529649288,0.5680574636490102,55.3851224280844
2015-08-11,economic_crisis,China yuan devaluation,-1.3559141532551036,0.028889472206317005,88.34452483870285,-0.6375289211682698,129.60780319645332,-0.9878241509359171,171.04987906102585,-0.6874843584075585,133.43130245234457,-0.7885227312949816,142.04767196484383,-0.1840473533993234,100.6055961002713,0.7060350184240601,45.086777613641715,0.7496252248608098,41.44207586457253,-0.12119188016241615,96.96089435120211,0.5661355266221754,55.518818486629584
2016-06-24,economic_crisis,Brexit market shock,-0.8931846822666464,0.08079328495742207,85.36583477518545,-0.7904725658652912,142.2296954586121,-0.9972796634016423,175.77285199691096,-0.5045188296395264,120.29941641158541,-0.6743599940110201,132.40446976620245,-0.007103730884153438,90.40701722172551,0.8198163945331273,34.933581636399964,0.7431745752842225,41.99745254447697,-0.1300224242555231,97.47088812980252,0.566788271015738,55.47343558532555
2018-02-05,economic_crisis,Volatility spike,2.2585220107164363,0.7243467084254946,43.58547122301536,-0.8938671227179019,153.36328402910777,-0.3621993272618461,111.2353258179354,0.5260070598973106,58.26393719901881,-0.3383735485778178,109.77781280609241,0.380265759885538,67.64985459492004,0.9673630567471764,14.678465976003451,0.7416486093779006,42.12795821117237,-0.08888294202686076,95.09934683008896,0.6022137569674428,52.97138861891659
2020-03-09,economic_crisis,Oil price war,4.982006013288863,0.9904991514097294,7.904297475872909,-0.2248401581870395,102.99347907071547,0.539084160763277,57.37868455842346,0.9982358561076405,3.4038350040357273,-0.08870622600644715,95.08918159484256,0.6497879075089497,49.47438708255055,0.9969167004058017,4.5004624718371815,0.6994788310919463,45.61479451229195,-0.16659053000759927,99.58964406667974,0.5881403202026032,53.97484955438773
2020-03-12,economic_crisis,COVID market crash,4.996659148374865,0.9910677713186995,7.663750292218538,-0.21858266570485166,102.62579976822116,0.5447977454085592,56.989156654650856,0.9986620524471094,2.9641870721943633,-0.08649588256653346,94.96204947600262,0.6517621642599041,49.32540636243232,0.9966380114267055,4.699563220024174,0.6992062614713911,45.6366431135703,-0.16782893541243507,99.6616126960268,0.5874326257263147,54.02496958245649
2020-03-23,economic,Fed unlimited QE,5.038926243581229,0.9928802096468953,6.841152063368895,-0.19868029492474046,101.45979687852889,0.5634991196361491,55.7018677174043,0.999672905377334,1.4655011756024123,-0.0805232852936587,94.61864481516,0.6578917653309989,48.8607156540354,0.9956018681168767,5.375650887766483,0.6976913241566113,45.75792916112459,-0.173550130562406,99.99429570292648,0.5844427620971689,54.236366541801885
2022-05-09,economic_crisis,Terra Luna collapse,5.843936719395208,0.8188970652298093,35.025462325430055,0.7030721054999277,45.3259979317329,0.9963117074933066,4.922479118170486,0.4827514082046095,61.1347444575415,0.16760400124693614,80.35146025716296,0.8651253073433176,30.10298320725957,0.8979562921737161,26.109282132111446,0.6394594379500359,50.248477049903386,-0.28335831919437626,106.4607423892744,0.5561177134479248,56.212265339371015
2022-11-11,economic_crisis,FTX bankruptcy,5.471657208458152,0.7642644153613576,40.158404527803214,0.6723140237799863,47.75408552910693,0.9939984882215607,6.280372495445192,0.45900861912292723,62.6768460098192,0.03642586162596698,87.91249005691014,0.8302260710110421,33.87803203235802,0.9237563124156492,22.518441482015987,0.5872985983639382,54.03445802455212,-0.34907799492992636,110.4309315389261,0.5534428134856493,56.39647351437401
2023-03-10,economic_crisis,Silicon Valley Bank collapse,5.731794045145644,0.7231090909961772,43.68822704303034,0.8496759548084686,31.823558080557387,0.9448134950904615,19.123697346239283,0.27057207813615025,74.3016883397666,0.250180861236608,75.51178512358769,0.909493643236674,24.564529696791055,0.8606224070483964,30.61346129673626,0.6300355388028462,50.94725542679663,-0.27773797752110085,106.12524642032395,0.5710289533109626,55.17799099352732
1712-01-01,tech,Newcomen steam engine,-0.9309097346039598,-0.8740937381436703,150.93790062160065,-0.6051195574368636,127.23744562820909,-0.2702597828195214,105.67972602243287,-0.6662925886148545,131.78156583323656,0.9156594013900335,23.70045499339156,-0.2314486248674235,103.38237335596648,0.9446267258011752,19.15633478836409,-0.6029689232860476,127.08282834935804,0.9968566213048383,4.544120205027468,-0.5378692679316259,122.53870814433057
1769-01-05,tech,Watt steam engine patent,-2.1704832312703046,-0.5424797215567903,122.85260431156165,-0.9699968888940015,165.9293990352812,0.37314414663139023,68.09034387377133,0.5585003777973423,56.04784780830033,0.3219683359990561,71.21799665315717,0.5769704277759061,54.76226043779032,-0.9998158635771541,178.900452119862,-0.5875064473244748,125.98025709094748,-0.3400767674764678,109.88155122698086,-0.561190830645111,124.13819168207166
1793-03-14,tech,Cotton gin patent,-2.0476408068983143,-0.8512188467595341,148.34448636683396,-0.1996347730049184,101.51560237080892,0.8633618211676809,30.303830204492556,0.13816098573473834,82.05855563602964,-0.3443137681881178,110.13991126235712,-0.9997217375682478,178.64831657132652,0.40217261012846794,66.28593073080435,0.32207118697372555,71.21177216631636,-0.9980549471889776,176.42584199316144,-0.3804633381931314,112.3623858405222
1804-02-21,tech,First steam locomotive,2.612252337990942,0.8339827136770872,33.489940487981954,0.9395952684225622,20.016302256960614,0.938797810047668,20.149365431596095,-0.5288197538422692,121.9257449846315,0.9724772256063495,13.47363823102134,0.592866575608135,53.63930591957805,-0.9093500373112986,155.41568547261346,0.7641826574001342,40.16566768855671,-0.787387629696408,141.94204724159212,-0.2040924919210185,101.77637955303541
1807-08-17,tech,Fulton steamboat voyage,2.257957354040712,-0.0007710602822515936,90.04417850430079,-0.14000602874644616,98.04819510491015,0.4169556809413436,65.35746445963446,0.7921055123464863,37.6172874656022,0.9902583098695562,8.004016600609361,0.908605049649087,24.68671404466633,-0.6109947679394474,127.66146596990299,0.8415981714218337,32.69073064527569,-0.7152718485975431,135.66548257051235,-0.22452166462190645,102.97475192523666
1825-09-27,tech,First public railway,-2.167131571188902,0.3221252129522614,71.20850245038262,-0.6804976090894047,132.88254022040343,-0.5868759460147234,125.93562784432385,-0.865208865039899,149.9065634705377,-0.9128980023740462,155.90895732921393,-0.9555662558863873,162.85586970529351,0.19597932968210052,78.69806102015508,0.9926586440805953,6.946912376079581,0.22136304315287153,77.21089630905885,0.10178887734772948,84.15780868513843
1831-08-29,tech,Faraday electromagnetic induction,0.7609367544385446,-0.9388897606702842,159.86593436401571,0.9982115244578641,3.427234975973022,0.9239167129837434,22.494432646224425,0.5703198969822647,55.227463844357544,-0.9166329289592748,156.4386993880427,-0.7357603255159861,137.3715017177913,-0.8182159658242563,144.90660179162677,0.9451360923658694,19.067197670251403,0.5201945313487701,58.654698820330566,0.21265697726983418,77.72189649058197
1837-01-06,tech,Telegraph patent,-1.431312356295888,0.021284657954687616,88.78038683074664,-0.9632340550844044,164.41523847863306,-0.9802636191353922,168.5978100663882,-0.5372674980149079,122.49781861175428,-0.2891048900830387,106.8043746906203,0.1767854453104422,79.81742323564157,-0.8546563865164108,148.7217945574991,0.8911098929108565,26.986951454978737,0.7441084680086966,41.91741986687879,0.3599256283535835,68.90437132185752
1844-05-24,tech,First telegraph message,7.278839069144262,0.6249716727593847,51.31989166039534,0.9930383042699041,6.7646825896468386,0.8204514934051927,34.86998445722503,0.908060917863537,24.761254761758607,0.5286668843224273,58.08457425004218,0.9590676785273764,16.449907203170312,0.24054745052793552,76.08114642215395,0.7473962423585598,41.63466704687187,0.9510750021166235,17.996572172111794,0.5055634229933209,59.63123921898364
1859-08-27,tech,First oil well,2.9536830869602504,0.8552961616238045,31.207531142806346,0.7726130977046088,39.410873838608126,-0.35284061680992795,110.66115868343692,0.36591693371839884,68.53597673443976,0.33185812567212014,70.61840498141447,-0.7865977155860633,141.86868982624327,-0.16923783047194538,99.7435078772461,0.3214347576548758,71.2502848448288,0.8735590619421767,29.12510289583163,0.7416811115122021,42.12518194899718
1866-07-27,tech,Transatlantic cable,-1.6666719875297153,0.16454964961113663,80.5289262942654,-0.9366793728797235,159.50117531231447,0.23561359415641914,76.37220520080103,-0.32020405658853823,108.67526580767952,-0.49954494539298444,119.96989839342012,-0.9198292451390953,156.90113149506644,-0.9871245645667757,170.79580789805507,0.11963486172915407,83.12897011151344,0.6316788033807119,50.82590950463496,0.8452332881599801,32.30306060687849
1869-05-10,tech,Transcontinental railroad,0.7114596279490546,-0.7333962107591265,137.17187117454907,0.3158372812545954,71.58863290862706,0.9677944807594527,14.580596219544415,0.9711943732717411,13.78555815335735,-0.8766385609012531,151.2394959168239,-0.5386424894670337,122.59127495500465,-0.8742592529884596,150.95742932790642,0.0668097631156921,86.16922912817147,0.5328308646829915,57.803074755269705,0.8799293789804549,28.366154372901764
1876-03-10,tech,Bell telephone patent,-1.6413726353780034,0.012987664638599298,89.25584070874916,-0.2634719486159729,105.27617548975766,-0.8599630729723861,149.3124369796498,-0.9847497082468288,169.9808660601506,-0.9680075798749764,165.46798380149318,0.49914430387142283,60.05659627090063,0.16117277201543784,80.72502535140143,-0.26574772610821534,105.41138753059256,0.0916240006354404,84.74295845009175,0.9356386592794756,20.668429080500804
1877-12-06,tech,Edison phonograph,-0.9466380322413926,0.4123050844587853,65.65028091486045,-0.6269152871897404,128.82290292501122,-0.45208941817855597,116.87781807888766,-0.7178491603252238,135.87718745121575,-0.9682647197614758,165.52681616012833,0.626229178133148,51.22753716402724,0.3382960381038046,70.22690653635527,-0.4115028895721658,114.29927899610112,-0.09236901682742236,95.29990962377303,0.9455221589174531,18.999369372328083
1879-10-21,tech,Edison light bulb,1.3233149388735734,0.7859604431461797,38.190405033748675,-0.996567767268655,175.2515672743047,0.3735160791019056,68.06737287667289,0.1046430967316029,83.99339576784979,-0.8344443818923026,146.55802769194662,0.8670970644662379,29.876967842924216,0.6971276804922808,45.802990734101094,-0.449023654082591,116.6810598490224,-0.18661040397470544,100.75503695784552,0.9616167821536206,15.926022891176878
1885-01-29,tech,Benz automobile patent,2.1975735105050975,0.2438798299879435,75.8843551668622,0.8727878182830273,29.215763919509357,-0.22416544481294068,102.95380817986742,-0.05678089581769563,93.25505637608671,-0.26050651532797825,105.10011908637156,0.890455549797912,27.069453013005223,0.9543931213566811,17.370701209224507,-0.6713270777062312,132.16957209937678,-0.5368700146742377,122.47082029559607,0.9857071394186169,9.698751803780716
1888-08-08,tech,Eastman Kodak camera,-0.5817427530462901,-0.274989391448535,105.96138196365146,0.7345511154950266,42.730700449175316,-0.9958065195392458,174.75099693852468,-0.9877860364332575,171.03585296241323,0.4503995022102179,63.230681514476146,0.36179355051634726,68.78961497487322,0.42143991874119663,65.07447099876175,-0.6693938164133701,132.02029648934936,-0.6198496029101058,128.30515251323789,0.9978985267354362,3.71514397611147
1895-12-28,tech,Lumiere first film screening,-0.8855142324915879,-0.15171903407421009,98.72656025584158,-0.26631002137058324,105.44480901778849,0.6248934423462005,51.32563316745613,0.5573543841978491,56.12696748289079,0.9931334394199235,6.71824876194691,-0.8664805179390975,150.0521934232977,-0.9052244355802036,154.85352773873237,-0.9189319897379471,156.77044218524463,-0.9487204100266551,161.57177650067928,0.9964909102731356,4.801334315434659
1896-12-10,tech,Marconi radio patent,-1.0558417354539926,0.25827318126381327,75.03237653180216,0.23546151488757747,76.38117095020283,0.15695192843361622,80.96998071269542,0.0481262150181684,87.241505456055,0.9997229257263816,1.3487944184006722,-0.9135621906973469,156.00235724449757,-0.9525227902355866,162.27388198785715,-0.9228822451485568,157.35115166289825,-0.9594256439270555,163.62267640625782,0.9940153692249967,6.271524743359578
1901-12-12,tech,First transatlantic radio,-1.9289965991394276,0.9996592803395747,1.495714001645581,0.8687472288021235,29.686615830827236,-0.9583720135681536,163.40991806082684,-0.8719521807304493,150.6862940921489,0.8813784787244862,28.190901829181655,-0.9654982332957438,164.90563206247242,-0.8844344778034606,152.18200809379448,-0.9739896767683331,166.90346610834592,-0.9999788197497914,179.62709007702387,0.97544381491032,12.723623968677956
1903-12-17,tech,Wright Brothers first flight,-1.2405110829689359,0.7741140615704989,39.27522075187994,0.1730009756784033,80.03765181246592,-0.326641338350582,109.06504466729484,-0.06696334319122053,93.83959011190314,0.7574233418818842,40.76243106058598,-0.8511801819280487,148.34026541917478,-0.6834624965850802,133.1148108637831,-0.9874063623512771,170.89730352023923,-0.9942956572504726,173.8772419243691,0.9648999175569587,15.225454555391664
1905-06-30,tech,Einstein special relativity,-0.477282903930876,0.11452897033371603,83.42354246658351,-0.8098885416781773,144.08504306719252,0.7454806053226355,41.7996040931951,0.9024363097892998,25.51981951173792,0.48996832056807726,60.66150060060903,-0.5767623823251432,125.22314655977857,-0.32463333155676316,108.9433619783214,-0.9947303254479134,174.1153528396124,-0.9835867875723125,169.60486257893044,0.959904258635705,16.27978458145718
1908-10-01,tech,Ford Model T introduced,-1.317871096042315,-0.8413135770283865,147.27909115850247,-0.6299330447581032,129.04518287264918,0.6831277696425258,46.91145585438406,0.3732968995286872,68.08091011942771,0.11015540448442991,83.67572596884838,-0.17996352596723103,100.36763530411841,0.1874124990242825,79.19818103907475,-0.9975109731028833,175.95663872703324,-0.9556590071889022,162.8739070079231,0.932516459323266,21.169454265043655
1912-04-15,disaster,Titanic sinks,-1.904685761144267,-0.9042785146590914,154.72628574302803,0.6671643651656208,48.151415409756225,-0.8095357882117534,144.0506014368632,-0.9778582781271801,167.92052847613127,-0.285268024043895,106.5748703332718,0.48140013734707027,61.22311282010878,0.7949106191852243,37.353185780840676,-0.9774084549179554,167.79798315338059,-0.8082782997206327,143.9280561141125,0.914466476838326,23.869927039268106
1915-11-25,tech,Einstein general relativity,-0.44043579239715436,-0.45483827038407815,117.05452874466914,0.8029682075748887,36.585512513262984,-0.6916604681685689,133.76169345819656,-0.2425652792885394,104.03799482918319,-0.8960222755738675,153.64004125793213,0.9577865535440909,16.70716471352742,0.9743051098066227,13.016533915485951,-0.9858419528574285,170.34720597145954,-0.7729939260204888,140.62350734244617,0.8684265089702145,29.72369862901337
1919-06-14,tech,First transatlantic flight,2.0319759180295502,0.8257351112285871,34.33690876273765,-0.7381492584381083,137.5739985180736,0.9503253872695947,18.135070979375996,0.972558688262128,13.453591372546867,-0.9900504628576373,171.91090728081124,0.9602847364398354,16.201837783361654,0.6718434083936857,47.79050013528452,-0.9114684048913323,155.7090694974496,-0.5609338908025672,124.12040714552671,0.8518306034253642,31.588662351922864
1926-01-27,tech,First television demonstration,-2.479522797834426,0.33941431242878833,70.15880515525112,0.6712721365554812,47.83467500678796,-0.9465605288284134,161.1842307941921,-0.9282364569042135,158.16155866650098,-0.46937108680977807,117.99348016203908,-0.017896098231299555,91.02542563894099,-0.6649649456834098,131.6796361782479,-0.8744596876373797,150.98109419901994,-0.3473756787118345,110.32688365971302,0.7586552359876335,40.654210539306916
1927-05-21,tech,Lindbergh transatlantic flight,-2.1581589608963845,-0.3872075761934166,112.7808578431264,0.9962887731258174,4.93776921489399,-0.8359896923896046,146.71903279791783,-0.28883299283636654,106.7881019039203,-0.4651298657143371,117.71862705802042,-0.18223740220474016,100.50010935895577,-0.7708584570747863,140.4310402529533,-0.7856546240914342,141.78126358302382,-0.2053558795809148,101.8503326890263,0.7668187560633984,39.93093089399753
1928-09-15,tech,Fleming discovers penicillin,-1.684833127696731,-0.8366969073242985,146.7929474375291,0.8285194857640249,34.05304758299582,-0.33882133618077903,109.80507976939218,0.37192318664334406,68.16572582824264,-0.3865483893102662,112.73989985453329,-0.2317813977177224,103.4019727930787,-0.8195655447293492,145.04132673422822,-0.8075590742959644,143.858127352388,-0.2116450430844713,102.21877341123846,0.7473418925387512,41.63935394114954
1932-02-27,tech,Chadwick discovers neutron,-1.2862016841256523,-0.9669077860941548,165.21894197545402,-0.4703207022054968,118.05511602088318,0.9307241041905734,21.452027667619177,0.9068360540740579,24.928284792586624,0.22960908413653972,76.7259420036628,-0.8066191298600554,143.76691430783484,-0.9843582973176035,169.85277323195936,-0.7604869334469374,139.50714368850237,-0.05454641504666263,93.12683122829655,0.6898683374440872,46.3803124602058
1938-12-22,tech,Nuclear fission discovered,-1.0499039358489712,0.735843291948227,42.62147871946814,0.24905837109083545,75.57820155628758,-0.908710633511941,155.32777435846796,-0.8857811876331725,152.34780833133462,0.8390817103177373,32.95672283681945,-0.9513298398460145,162.05074692206392,-0.33752786469932405,109.72632961186649,-0.6305948628355214,129.09402408524446,0.22886728442041698,76.76960677504704,0.6111897948997854,52.32441731019742
1939-08-02,tech,Einstein letter to FDR,0.9735925874744129,0.9246506919156305,22.384258870068187,0.732370475794477,42.91451074044488,-0.9549462140588915,162.73576000442463,-0.38331748384555664,112.53932725040987,0.9364871510387314,20.5302518703767,-0.7699734097760824,140.35150113435645,-0.0027064504986178367,90.15506838034167,-0.49729575468621917,119.82124926397975,0.34816604987029226,69.62481650996497,0.6401575317206493,50.19643275401478
1942-12-02,tech,First nuclear reactor,4.319795171886617,0.6996027008787925,45.60486267825479,0.6113386650923706,52.31363976757286,0.3878434855883718,67.17961883853037,0.9761215830890982,12.546089823200077,0.9931527651991674,6.708777089318069,-0.3872658868723791,112.78448151678516,0.5276831447593199,58.15095250145487,-0.4923211510620777,119.49325860610324,0.4248357980619351,64.85972959077293,0.5788040671520186,54.633529015330296
1945-07-16,tech,Trinity nuclear test,4.80934943194868,0.38763808171127045,67.19238644326511,-0.12589297659705972,97.23232696586459,0.9812973616269937,11.098601866637921,0.725945295578476,43.45245781664403,0.865676646582527,30.03994052259948,0.2029413085984878,78.29098830990303,0.9153822592380106,23.73992862662108,-0.31450491952465875,108.33092883250251,0.5908891563649141,53.77986914922056,0.5799772183697194,54.55105968328195
1947-10-14,tech,Sound barrier broken,2.6103305895876003,-0.13336312447671617,97.66397794888076,-0.8824398757724826,151.9380994920595,0.6802347031750746,47.13801369927813,-0.23095004233444158,103.35301115301542,0.5839079409411921,54.27412154317874,0.6357284843143834,50.52596424960262,0.9950745621985921,5.68903320413466,-0.2554472056244665,104.80008579278136,0.6615070650169762,48.58508833904408,0.5560780821494886,56.21499745373728
1948-06-21,tech,First stored-program computer,1.3152313370719848,-0.5597011513576332,124.03513288780289,-0.9983762543626804,176.7344569636685,0.2912935263993066,73.06458656314118,-0.6428954752029007,130.0080682055282,0.6059977845050474,52.699324075865604,0.6297198103392843,50.97054632466171,0.9945711602939072,5.972935317725302,-0.23632721382974098,103.66987040052732,0.6854830893800915,46.7263887581403,0.5454660609073031,56.94348164238701
1952-11-01,tech,First hydrogen bomb,1.3401442439181892,-0.8962585075732536,153.67054146871362,0.4746661792396211,61.66238278096702,-0.908166444701115,155.25318493338025,-0.1096281182949569,96.29387866985485,-0.0350418055682448,92.0081586877466,0.9996185274406132,1.5826434646666314,0.5391138804324223,57.376662798858774,-0.06263030277109775,93.59080215241323,0.8228240965234734,34.63149588888783,0.5156467391907276,58.959306263525406
1953-04-25,tech,DNA structure published,1.5995073370501112,-0.8326497205532284,146.3718983427865,0.6666500164410493,48.190965000184164,-0.8235054115473787,145.43725422389826,0.10329150408504024,84.07125828738693,-0.14229955208976075,98.18093334260232,0.9998669522102867,0.9346441188882295,0.464832154897799,62.300640055399555,-0.12613472140875187,97.24628922371409,0.8102432735545394,35.88029328720276,0.47921284146051635,61.365995936511325
1954-06-27,tech,First nuclear power plant,3.465373760999421,-0.42372484963734136,115.06997721132007,0.9678290127448628,14.572734750340985,-0.2699319829610194,105.66021948273155,0.7003455638693455,45.54526478279263,-0.18218820305601288,100.49724246097908,0.9865443321550924,9.409757728588517,0.34980334957678044,69.52471242852744,-0.018979049571376902,91.08748473239056,0.8574141327416283,30.972530032451644,0.4982614551374622,60.11495469993892
1957-10-04,tech,Sputnik launched,4.462719641923224,0.5298748704403985,58.00299928197143,0.4836060558966314,61.07881471034642,0.9417319689991936,19.65551773497492,0.7609810846449853,40.44923535584215,-0.48605801563543743,119.08181399231785,0.784262484450124,38.347481546996505,-0.1469848540897792,98.45223463781358,0.1610124541566094,80.73433244532134,0.9358777702486221,20.629579354504273,0.49841582281187585,60.10475309081707
1958-01-31,tech,Explorer 1 launched,3.361923487225816,0.6253352510117127,51.29320178164642,0.14347132115503303,81.75123320810062,0.9981701682129063,3.46664571772115,0.5038754074635171,59.74327217527642,-0.6825653466728274,133.04443498974703,0.6713771611052228,47.82655606392527,-0.35896218545203934,111.03647395692283,0.0833668875307516,85.21787892582176,0.9271317954411961,22.0079610328242,0.45072302743034354,63.20991789299757
1958-10-01,tech,NASA established,3.823581959474658,0.6999687311825262,45.57550464693395,0.18205693240287538,79.51040671957324,0.9997962145678794,1.1567288649569605,0.47714244043419246,61.501063989755494,-0.574804057339457,125.08591136650719,0.685408813357439,46.73223351189091,-0.2936494248597875,107.07656863668944,0.20186981641922608,78.35367785461628,0.9510061149089193,18.009342729817746,0.4947863784008442,60.34433512479853
1960-05-16,tech,First laser,0.6618445788872064,0.9632280714023624,15.586037563153809,-0.7121072417627582,135.4066259739607,0.5696500930814995,55.27417071583287,-0.4843219828163551,118.96806011589794,-0.8745576223119425,150.9926635371145,0.32787408376990873,70.86020827898668,-0.7015823904519923,134.55409767905175,0.17137105645094727,80.13245525812783,0.9591237128645237,16.43856585806276,0.4431667986610127,63.693889400065075
1961-04-12,tech,Gagarin first human in space,-0.6417685064609937,0.9960750190446521,5.078068550674061,-0.9540121610522055,162.55633653234574,0.10621269675897402,83.90296029970833,-0.8527034104893865,148.50693608526922,-0.9237343160409218,157.47826798167168,0.19380816382519742,78.82489174903426,-0.803117771362329,143.42886753459516,0.19674404293596132,78.65337623263741,0.9700867804798919,14.049400447076522,0.42887244943917197,64.60397578556089
1962-07-10,tech,Telstar satellite,-1.71326092384011,0.8387257122829085,32.99419838839157,-0.9689148507907863,165.67661767827255,-0.5272959483470403,121.8229343564982,-0.9970491995872479,175.5973475935356,-0.9473734609277016,161.32918393333588,0.02044099000865408,88.82873596810663,-0.8780535970696203,151.40845401807283,0.30069834288944547,72.50044796522926,0.9850470568238135,9.920729915263053,0.4605140308774651,62.5797180499662
1963-11-22,assassination,JFK assassinated,-1.9330092814003759,0.6083983919265684,52.526213846659175,-0.8658632873235428,149.9814280351088,-0.8081257926256169,143.91321839224085,-0.9006028565628841,154.2374235330884,-0.9238284835092482,157.49235811823206,-0.024205431764894116,91.3870045455817,-0.8928717869568175,153.23636262025246,0.40505615943537865,66.10535357265036,0.9972424248398014,4.2559954979795975,0.47179138114087915,61.84935807467076
1964-10-16,tech,China first nuclear test,-1.802480421962027,0.07108147661789656,85.92389398884859,-0.3177391314647468,108.52625210947843,-0.9906850269363662,172.17352631694655,-0.3554937447394839,110.82370788281025,-0.9683651331879396,165.549853901673,-0.2062482417303376,101.90257969420489,-0.9575834224887005,163.25239812834118,0.44389598459241936,63.647274207468115,0.9991961761868877,2.2974557733318193,0.479460641188344,61.349818434136296
1966-01-17,disaster,Palomares H-bomb incident,-1.3388280966831076,-0.1519238883540017,98.73843519660892,0.05626324255966907,86.77465046202137,-0.8590116356825477,149.20578987348307,0.07565313398240486,85.66124925262834,-0.9953742824037081,174.4869143413697,-0.3755089886227429,112.05577492990798,-0.9970531747341568,175.60031555076273,0.4628143281401203,62.431139411461714,0.999811194583077,1.1134012093930323,0.4455019738487781,63.54454062085475
1967-01-27,disaster,Apollo 1 fire,-0.37058897069648883,-0.5355794054054774,122.38321379566702,0.5652859866868076,55.57784690868684,-0.43272462967224595,115.64059666717799,0.6178159959471035,51.843178253241575,-0.9993668778625091,177.96106070435386,-0.5295667943124948,121.976189537155,-0.9949271526562962,174.2263920489086,0.49905123806226737,60.06274975849115,0.9978763882438484,3.7346686554452617,0.4415462802725079,63.79741841393641
1967-12-03,tech,First heart transplant,0.5936330352607686,-0.8624526557334871,149.59309244627863,0.9172359846355663,23.474710828933837,0.1836151157024635,79.41959866951066,0.9539988688493262,17.44620387770226,-0.9926896756311236,173.06780327521247,-0.655891843400256,130.9873088842107,-0.9745241183399387,167.0392963239809,0.5599900864798639,55.944887840576826,0.9944697651671563,6.028506951231577,0.4698815075311977,61.9733947918084
1968-12-24,tech,Apollo 8 lunar orbit,1.0027135443837796,-0.9712064916956281,166.21735598655042,0.9998426698894447,1.0163639403633624,0.6070305153063296,52.62490178934408,0.9853667464117152,9.813842894885454,-0.9668278113680356,165.20099204618705,-0.7788756093103364,141.1577422241055,-0.9163872752472053,156.40351309166496,0.592839029838426,53.64126572970744,0.9882351119499706,8.797478954522091,0.46269665860909887,62.43874468422953
1969-07-20,tech,Moon landing Apollo 11,1.3265855925810042,-0.794586852732484,142.6162502492926,0.9999999479563755,0.018485082773878503,0.5688456635559568,55.330230470053976,0.9909905602462087,7.696851816536537,-0.7943909291134993,142.5977651665187,-0.9513447503068004,162.05351928065343,-0.7061113503727979,134.91939843275605,0.5685802924085063,55.348715552827855,0.9910337184711452,7.678366733762658,0.4535692924683934,63.02708228659051
1969-10-29,tech,ARPANET first message,1.2281405636438274,-0.9668812861354327,165.21299183164052,0.9690445321349539,14.29331763411713,0.7989684900017027,36.96828700593542,0.9116339340951537,24.267865245801516,-0.8739391691308254,150.91967419752342,-0.9259939933205361,157.81872116242403,-0.7765428913124256,140.94512658583903,0.6257655021850929,51.26160464005255,0.9848847952183849,9.974547611684386,0.48120064990775907,61.23615225173694
1970-04-17,tech,Apollo 13 returns safely,1.1053793476048432,-0.9889509117530174,171.47485952944538,0.9008200867940364,25.733925761126045,0.876788422210091,28.74265337672398,0.8052738563400836,36.36328859055351,-0.8265006830074738,145.74093376831934,-0.938387435807542,159.78248709383064,-0.7084823747353305,135.11157093889187,0.5810356941290485,54.476579137850024,0.9828409490480041,10.629362829427464,0.4209417443869435,65.10594196727749
1971-11-15,tech,First microprocessor Intel 4004,0.9010559648350533,-0.9901798627772804,171.96376824649806,0.56439762496321,55.63952823703272,0.986293515645718,9.497252247334728,0.332847276146676,70.55831502737072,-0.6742598998152952,132.39670351646922,-0.9996749023557601,178.5389795061672,-0.4614067020521586,117.47791672613121,0.6928699771743138,46.14227598969799,0.9662917157559953,14.918786790338004,0.48387722214963474,61.061062780035996
1973-04-03,tech,First mobile phone call,-0.7538630551160436,-0.6217454303804585,128.44370737884992,-0.2751236752774851,105.96938453506559,0.49915174110172306,60.05610450670224,-0.5669890719014508,124.5405303304021,-0.5819371638751202,125.58690808608449,-0.9890163486468816,171.50018811444784,-0.2926347767961809,107.01576229074797,0.6957463304297997,45.913280028363346,0.9479289180062729,18.57114579533652,0.43075642222373756,64.48442582369987
1975-07-17,tech,Apollo-Soyuz mission,-1.0422894877900228,0.011708280201728875,89.32914963136655,-0.9962152210839915,175.0135099251315,-0.6956796804681867,134.0814037305723,-0.9579005068858667,163.31556158399772,-0.09857885393858737,95.65734044350194,-0.7264481033707814,136.58944663806113,0.2758653172013738,73.98641195263116,0.7554864607369118,40.932106194559196,0.9293200590450666,21.67092849087078,0.4601527607723095,62.603034685429975
1976-03-26,tech,Apple Computer founded,-1.100787249338648,0.06954000699732785,86.01243282272901,-0.9939795546993925,173.709718724029,-0.7202410204130096,136.07438311465197,-0.9423746273384249,160.45424615353926,-0.17842181466257848,100.27784845324202,-0.7421300900503033,137.91318406261905,0.26821685200606143,74.44181333081026,0.7919132023173436,37.63533560937702,0.9000448627950591,25.836035122431753,0.44664493370926855,63.471370731808776
1977-08-20,tech,Voyager 2 launched,1.515782845816742,0.6248900720842189,51.32588050826239,-0.6187197211582219,128.22270188929633,-0.9582368829256493,163.3828229053816,-0.2140119683813091,102.35756812568452,0.22670534070986054,76.89682138103393,-0.37552787353968947,112.0569423971192,0.628890491722825,51.031687617422136,0.8175459085463725,35.16012101608527,0.8998234196456711,25.865133763611794,0.4844240591126636,61.025254779697065
1978-07-25,tech,First IVF baby,2.6598493317201974,0.7806034958745582,38.684135828456306,-0.3603983714908276,111.12466339122392,-0.8155007029777313,144.63690038587833,0.12238395014518458,82.97029283308353,0.30169558584168554,72.44052756276761,-0.27484478464059764,105.95276455742203,0.7158614540303989,44.28615700462723,0.8337679226400858,33.512236994654415,0.8816795044183777,28.154370558140386,0.47460127787906337,61.6666075527948
1979-03-28,disaster,Three Mile Island,2.857487009372774,0.771355925392794,39.52419360979489,-0.3671985785509715,111.54294976956506,-0.7823261599238162,141.47405259999522,0.18849145593193256,79.13523963055054,0.3087056430593992,72.01875615977016,-0.20705560919813137,101.94985899020031,0.7703903398488597,39.61104602075565,0.8666260187459666,29.93110283043015,0.8442558130862571,32.40771013901451,0.46424216098048426,62.33881296944466
1981-04-12,tech,Space Shuttle Columbia,6.543297699733345,0.9994736138567161,1.8591263519779204,0.5568499651429744,56.16176945083146,0.148598911915988,81.45425981715329,0.9417772947484152,19.64779555783153,0.5835037486907789,54.30264309885354,0.18060268626425124,79.59513346517537,0.9521898283244014,17.78866920585361,0.9041385547643008,25.29249036632183,0.803711765118455,36.51397389299993,0.4724513309070638,61.80646425932176
1981-08-12,tech,IBM PC introduced,6.996572092053168,0.999688931413262,1.4291472135187462,0.668493763898083,48.04908104306912,0.27256420748704174,74.18309071867449,0.9703496753055916,13.987217216132592,0.6497369470390912,49.47822825658787,0.24848299967525925,75.61223793219324,0.964019518585601,15.416364429651338,0.8977662781194448,26.13400967560537,0.8284333134839279,34.06186382693653,0.49703645704586535,60.1958735025419
1983-01-01,tech,Internet TCP/IP,8.290326206193534,0.8801748227954904,28.33654061548296,0.995078723783736,5.6866273407092365,0.8988551697375416,25.992009930806347,0.8477912426885601,32.02776067583909,0.8288113911554227,34.0231679561922,0.583136476862318,54.32855054628931,0.9979254954125614,3.6912200603561303,0.9378563379783789,20.30538259009711,0.7910699424144226,37.71438801654833,0.529626603365103,58.01977060664544
1984-01-24,tech,Macintosh introduced,7.985794807409826,0.7012791324839638,45.470280720764094,0.9471708507265617,18.707044604166327,0.9998901376327359,0.8493096971598106,0.5161211727356659,58.927574784434285,0.8928749406261839,26.763236116597767,0.7117690008703069,44.620971023604284,0.9725436509259359,13.45729406367019,0.9518208711831034,17.857734907006517,0.7635646996974655,40.22053018026796,0.528760350527904,58.078265087274474
1986-01-28,disaster,Challenger disaster,5.988965384025533,0.2287231945069229,76.77808747313304,0.445994282210801,63.51302978301186,0.6441800840665994,49.89577120741768,-0.29474811876569723,107.14243408955414,0.97331898954698,13.265057690121182,0.8919371262989338,26.88231626571536,0.8628283912866879,30.364346616421102,0.9718901272204956,13.617258575594178,0.7238178519843046,43.629404306542284,0.5410234556695048,57.24666288213646
1986-04-26,disaster,Chernobyl disaster,4.640455499822122,-0.1035293243248972,95.94244125504733,0.13046229856464275,82.50369241034775,0.3617622364100259,68.79153950003183,-0.6229475534467508,128.53170139053714,0.9726189258295891,13.438748844699575,0.8898077457971119,27.150901755015497,0.8425533726332592,32.58926013548981,0.9714988628068271,13.712152910315922,0.6943066389829176,46.028008980189384,0.5039222965693962,59.740161890505306
1989-03-12,tech,World Wide Web proposed,1.4374786254430898,-0.7390320979818849,137.6490303144586,-0.821146945925875,145.19977278989992,-0.7443786128456682,138.1057542103927,-0.965114530694745,164.8214384608284,0.9913288755468898,7.550742475441325,0.9999682290713613,0.4567238959340898,0.5368648386219415,57.529531224713,0.9923448359137259,7.094018579507235,0.6430711600066961,49.97878874927167,0.5435728737306479,57.07280732877891
1990-04-24,tech,Hubble Space Telescope,0.8613014831749031,-0.9434183100305151,160.63377707094827,-0.99796187526404,176.34130000365525,-0.9885630436320925,171.32623502552974,-0.6543387417764039,130.86952885421312,0.962656208304622,15.70752293270698,0.9826372279815269,10.69245795458147,0.3665549105369282,68.49669407483862,0.9961717474946691,5.015064978125508,0.6047496475995509,52.789171142131636,0.5328137119606576,57.804236120257144
1990-08-06,tech,First web page,1.3440227412862187,-0.9924599889004683,172.9596073165132,-0.9320875829812094,158.762605053338,-0.9656158783655925,164.93153825325697,-0.30169144096583284,107.55922334696946,0.9694581831433247,14.197002263175193,0.9901997693480982,8.028069063256225,0.41627469897547725,65.40038396954373,0.9942093770183017,6.168933199918968,0.6265578122574837,51.20338170636853,0.5391777917566355,57.3723149062875
1993-04-22,tech,Mosaic browser released,3.0126909308597867,-0.7820140740594639,141.44535381908543,-0.2618237559609923,105.17830492950822,-0.24438895342630115,104.14572566130602,0.6725159383204066,47.7384556294075,0.8062686189085839,36.26704888957721,0.7954774136247177,37.29962815777941,-0.06465245295579207,93.70689818967793,0.999837609810982,1.0325792682021984,0.5381847278478487,57.43984930010072,0.5532858587497971,56.40727003189852
1994-04-07,political,Rwandan genocide begins,4.510668694835317,-0.4303029363000704,115.48678677463803,0.28253252314929267,73.58858808043524,0.32993032723277155,70.73545330581382,0.9651525854097263,15.170231802532527,0.7443325416620271,41.89819869420279,0.7101689905995572,44.751333468824214,-0.17908649018217332,100.31655497210551,0.9987604057060471,2.8531347746214237,0.5237130049478725,58.41835627790272,0.5654677426102669,55.56522150328129
1995-07-16,tech,Amazon.com launches,4.586666143893409,-0.3203623063240141,108.68483704472555,0.6056668482236193,52.72315694999065,0.666530755021021,48.20013182885697,0.9902188131576671,8.020252423931339,0.5597472457531213,55.9616800947349,0.49265587908393493,60.48470521586859,-0.4493983532236323,116.7050894686569,0.9968857233357546,4.523025121133685,0.4887215998437595,60.74340937392199,0.555999939022178,56.22038425278831
1996-02-10,tech,Deep Blue beats Kasparov game,5.88115089705695,0.2598066724960096,74.94140891219524,0.9169029142604309,23.52257192654588,0.9510097484722241,18.008669345560975,0.8167668961764973,35.23755492536813,0.6236226245270943,51.418836985649364,0.5456231883251826,56.93273956663427,-0.34495360774171885,110.17896383756337,0.9953729124939257,5.5139025809849045,0.5186221470278026,58.76012685191401,0.5983774010195014,53.246224270929105
1996-07-05,tech,Dolly the sheep cloned,4.930821431208054,0.09384694982079059,84.6150415948332,0.9351772628081092,20.743198123257628,0.9699334882042323,14.085534923360683,0.7436190909646991,41.95937397512387,0.4403804291333949,63.87184347157557,0.33332136539812696,70.52950667147252,-0.5958663314089463,126.57441556995707,0.9932565883355277,6.657663199896945,0.4586096625857553,62.702572098381495,0.558542925366364,56.04490889848455
1997-05-11,tech,Deep Blue beats Kasparov match,4.729242972909467,0.5783914796131201,54.66251276667725,0.9784590055871295,11.913879302904036,0.9357327865328641,20.65314402825618,0.24228846557455166,75.97835309209688,0.3975260049622822,66.57639206958129,0.2534936169915294,75.31565679493343,-0.6513155972328905,130.64086585877413,0.9883899958523433,8.739264725352143,0.43735947458083285,64.06447378919285,0.5689177404477045,55.3252090638407
1998-09-04,tech,Google founded,2.9390606608999112,0.7802806175605936,38.713724334477604,0.7070125659913231,45.007633604478315,0.5759368722363536,54.83473163714143,-0.32851677958936965,109.17877475632844,0.10936378827198331,83.72135793895592,-0.061892656417902654,93.54845597161903,-0.8470523457791158,147.89249909080604,0.985327287713645,9.827098032663116,0.4356845184311594,64.17114115185012,0.5829167924812408,54.344043119187006
1999-02-07,tech,Pluto no longer furthest planet,3.4413295441813383,0.8712778299423029,29.392527185092092,0.6981076594693796,45.724622263103015,0.5542785537294694,56.3389622782168,-0.31967008169140004,108.64297400302578,0.2568435314264547,75.11714944819511,0.07443066775168049,85.73148946330889,-0.7435592845656784,138.03550118811785,0.9828892789322877,10.614340015113783,0.45525975023627857,62.91835173992277,0.6114716389505636,52.30401172480899
2000-06-26,tech,Human genome sequenced,-0.048708495098308435,0.9985941356891906,3.0385068960200243,-0.15252322197527596,98.773179389971,-0.39418367188908865,113.21507149142315,-0.9792201806537842,168.29925694877855,-0.09992188858270902,95.734672493951,-0.34491430304267384,110.17656459540314,-0.9670936912812812,165.2607500527585,0.968401071368934,14.44189210145214,0.34978102871213146,69.52607755880754,0.5723722265562485,55.0841854573554
2001-01-15,tech,Wikipedia launched,0.05764969583302104,0.9920924869455503,7.2101481301604196,-0.2071838307472418,101.95736838040159,-0.43049596420027975,115.49903939148953,-0.9747706372711549,167.1024237326558,-0.08275985825643903,94.74722025024118,-0.31380837159536584,108.28889126132913,-0.9390479126771143,159.89227560249537,0.9721998792801206,13.541671011087942,0.420322416284123,65.14505535225422,0.6211014880708228,51.603384341166276
2001-09-11,disaster,9/11 attacks,-1.7532404535171842,0.8923153057524463,26.83435532252311,-0.7631838820450454,139.7456916184018,-0.9080829630969789,155.2417611311513,-0.8750600785139915,151.05208669702904,-0.38930620429477636,112.9113362958787,-0.6212490719704126,128.4074058086282,-0.9993196947482849,177.88644201955213,0.9636487834787704,15.4960695127495,0.3550707136112273,69.20222168456917,0.5919266383098614,53.70615217181967
2003-02-01,disaster,Columbia disaster,-2.0601552283245264,0.633617980086887,50.682442162227744,-0.9674895189288231,165.35015606781874,-0.9990494048625961,177.50155476890635,-0.5886115910617757,126.05854427428326,-0.41735506435376035,114.667713905591,-0.6667406603480598,131.8160030688659,-0.9983827395000786,176.740986436511,0.9555448567435962,17.14828916327491,0.36501816059821796,68.59129965789799,0.6232927533018662,51.44301049462308
2004-02-04,tech,Facebook launched,-1.9672115645777382,0.3398043703041027,70.13504429592355,-0.9632831279429575,164.42570728963526,-0.8250243007800382,145.59095513345815,-0.07383529673860564,94.23430416642739,-0.5798394103861246,125.43924841444118,-0.8118186465015311,144.27400057061828,-0.9630185648748382,164.36934846235096,0.946453619107237,18.834752156177103,0.33887908976274594,70.19140312320786,0.6244707034722717,51.35665096703076
2004-12-26,disaster,Indian Ocean tsunami,-1.3087046307938128,0.14995815341223123,81.37549850365345,-0.7310905824793013,136.9778995080059,-0.45311078305106983,116.94344442129588,0.4099900572329008,65.79578978601924,-0.784198413643205,141.64660198834065,-0.9493216146956093,161.68105707505066,-0.8402950404649663,147.1712882896727,0.9394867754658419,20.03445508671001,0.3225612653092017,71.18210972198665,0.6273155521201637,51.14765463527664
2005-02-14,tech,YouTube founded,-1.3689936503115978,0.05062830061503968,87.09797139065127,-0.7375056592184203,137.51936724923036,-0.4518322200134857,116.86129818520169,0.4155361113865976,65.44691749363415,-0.7118135303950841,135.3826613601184,-0.9138343677357011,156.04073042414706,-0.8873723219416783,152.5448888842854,0.9357024648213894,20.658069064028666,0.307814149258246,72.07244975559621,0.6236834229114989,51.414380691567544
2006-03-21,tech,Twitter first tweet,-0.6220727468423176,-0.23928515482882712,103.84435347416438,-0.3975888242456848,113.42753052071251,-0.006788071865974587,90.38893085584496,0.7846596556549535,38.31078847866425,-0.7957707537928774,142.72811600512313,-0.9693026820758844,165.76671566999067,-0.7896749126862311,142.15514195282861,0.9202414124429633,23.038599664867547,0.2568504034600318,75.11674204204826,0.6145861810952132,52.07814237718071
2007-01-09,tech,iPhone announced,0.3294753285243633,-0.27376117437721803,105.88820184741704,-0.03394950012625749,91.9455369233786,0.3666955023030213,68.48803587873186,0.9541005538579043,17.42676067958206,-0.95194921819221,162.16626122920437,-0.9951868438451212,174.3762377261489,-0.5492410664895612,123.3149625269991,0.9173555928860466,23.457501044646733,0.26692257302394956,74.51877624379654,0.6284889094838093,51.061275199149804
2008-11-04,political,Obama elected president,1.3918897015022131,-0.475994961112632,118.42415163237953,0.47588351355021813,61.58310889463172,0.8281461693911486,34.09122692816072,0.9506552089823316,18.07425952156899,-0.9999999919710079,179.99273947298875,-0.8871347375620733,152.51537856054026,-0.1796588962106336,100.34989211081054,0.8870762477797318,27.491881966471,0.17953423653363673,79.65736841620071,0.6133829121214928,52.16548644972971
2010-04-20,disaster,Deepwater Horizon explosion,0.779356256314343,-0.9913543061603536,172.460354066312,0.9928618918489278,6.849957352594572,0.9180627631184596,23.35550566344483,0.2380518574060143,76.22841211420183,-0.999927552139148,179.31031141890656,-0.8581083588169771,149.10484840286716,-0.10855357033602026,96.23194195211016,0.8642268362719406,30.205463016039403,0.12051162001047971,83.0783694667964,0.6035850751110199,52.872906450757
2011-03-11,disaster,Fukushima disaster,0.7887688720157908,-0.9955195900678053,174.5742623481628,0.9841261239037105,10.222457114651093,0.7548763214512018,40.985435813926756,-0.0506416228668511,92.90279289856028,-0.9629360221979119,164.35180523351167,-0.6894783071410729,133.588826534236,0.14484891947072276,81.67146944960254,0.8592905708145675,30.762978699275664,0.12740502455642463,82.68033578390913,0.616797454092805,51.917357084633466
2012-08-06,tech,Curiosity Mars landing,-1.2001298047883702,-0.682066438787575,133.00533366130247,0.45600288009494744,62.87052011836926,-0.1556606279447064,98.95511250695398,-0.8972328071013989,153.79668284944358,-0.9618566790614526,164.1241462203283,-0.6162053275429272,128.03955383174355,0.28906548938768145,73.19798348925394,0.8081482975649819,36.084592388584724,-0.01616388512417988,90.92616273107433,0.5758392937262592,54.841570342489604
2012-07-04,tech,Higgs boson discovered,-1.0384983483611498,-0.7411948756761512,137.8333003518054,0.5520679974233526,56.490997770667086,-0.036265573944625554,92.07832006345825,-0.8373438976612739,146.86069552184546,-0.968910896378937,165.6757018775275,-0.6439684793581805,130.08837958473634,0.2536565814884322,75.30600412634914,0.8132295461710937,35.58732229279116,-0.006452398221850287,90.36969775117836,0.57668364779699,54.78237545838721
2014-11-12,tech,Rosetta comet landing,-1.2889391185661867,-0.06456634084013882,93.70195399864099,-0.6201683221344961,128.32842728953753,-0.9732754343703784,166.72407084938945,-0.7672060794375472,140.10365589032367,-0.7427899121669821,137.96961871182148,-0.16632087111261554,99.57397515196956,0.6895980329104565,46.40170189168268,0.7837406835500669,38.39564355985192,-0.027361895571150534,91.5679168201388,0.5994110206065987,53.172273260286886
2015-07-14,tech,New Horizons Pluto flyby,-1.4259244242997795,-0.07663694086834161,94.39528285884572,-0.5551596570972834,123.72171226877657,-0.9641718565834809,164.61650381335585,-0.7649349143905235,139.90120205893248,-0.7867519615877085,141.8830048723777,-0.19060705468945766,100.98821332779843,0.7008355749905278,45.505919200086765,0.7559129850591507,40.89479154457928,-0.11107148523708622,96.37708567229095,0.5666608861044244,55.48229412771167
2015-09-14,tech,Gravitational waves detected,-1.1631652077109678,0.13259671928878838,82.38032732193366,-0.740857036204202,137.80447316243237,-0.9999318179323872,179.33092441670928,-0.5825533912551465,125.63033570934138,-0.7639672298001243,139.815199515634,-0.1441618752571237,98.28874826135706,0.7283708695799068,43.25000838740772,0.7486497348358224,41.526451254276935,-0.11433362613732467,96.56519112822627,0.573022445170823,55.03873987394934
2016-03-09,tech,AlphaGo beats Lee Sedol,-0.5136279996146617,0.034455772091087515,88.0254388479056,-0.8612174851428059,149.45355810750186,-0.9894991623457103,171.68943837798196,-0.48359218942287846,118.92027760102076,-0.5376087361661563,122.52100304459253,0.11035882162800902,83.66399953007635,0.8581111624241683,30.894838753115152,0.778714171816829,38.85700351451618,-0.028378110787008935,91.62616429147738,0.605027756289804,52.7691607769612
2017-10-16,tech,Neutron star merger detected,0.8964884939092079,0.6156772948459772,51.99884976334096,-0.996738133443795,175.37098224274274,-0.6501350062028185,130.5517815356243,0.2478828074428821,75.64773706938911,-0.5500746216942437,123.37213247940178,0.19846256199808263,78.55293177228333,0.9160208004444366,23.648887306048152,0.7093345628112723,44.819200707118455,-0.16888927032651796,99.72324517335363,0.5749474980339323,54.90404446623518
2019-04-10,tech,First black hole image,3.7745104219774,0.899882278386951,25.857402431569824,-0.6082869518850861,127.46574123800903,0.12076554597889741,83.06371354083552,0.8767118153717772,28.75177965475632,-0.20122048603334064,101.60833880643918,0.5416156188911437,57.2063111092657,0.9987243173621845,2.8943772231864955,0.7144479181054264,44.40202769717348,-0.15150168759162413,98.71396158325274,0.5833720533910707,54.3119338860792
2019-12-31,disaster,COVID-19 first reported,4.312104008833184,0.9669063525221789,14.781379970224236,-0.4406196765843867,116.14342562316585,0.3469381120799443,69.69984968719439,0.9621514954345352,15.813987123490108,-0.19700793767055266,101.36204565294162,0.5747414855785562,54.91846971697015,0.9998376010403249,1.0326071532658716,0.6890685800980416,46.44357593597147,-0.17930771039207008,100.32943849967575,0.5893957067266122,53.88586256370428
2020-05-30,tech,SpaceX Crew Dragon,4.903351290577071,0.9964711495941656,4.8148421129640155,-0.20177879650763905,101.6409975170215,0.5882685458101724,53.965765005557216,0.9993111552286427,2.126783325329029,-0.11885724264072481,96.82615540405749,0.6540687737050893,49.1509228925932,0.9926698004190303,6.941625438293045,0.6733321740763636,47.67523251146429,-0.23798732158161673,103.76778084235053,0.5578530524735865,56.092548330886245
2020-12-08,tech,First COVID vaccine approved UK,4.967086331952754,0.9996755409445722,1.459584770619017,-0.16727058206141454,99.6291626793228,0.6356168474202736,50.53425008502427,0.997333256857614,4.185282558596498,-0.14210337643673498,98.16957790870379,0.6550749682087198,49.07466531440525,0.9951506793708378,5.644867329215515,0.6548079248622812,49.094912594298535,-0.23877828942028437,103.8144452379193,0.5775793622068897,54.71953264362077
2021-02-18,tech,Perseverance Mars landing,5.6555242222383,0.9928022702785593,6.878539515113573,0.12078860951195104,83.0623823529765,0.8123153113475777,35.67723563710621,0.9486300678784517,18.444590906456767,0.0010311077350462017,89.94092186809007,0.7366193275077177,42.55577515221978,0.979694219324618,11.566051391343194,0.6770667717972558,47.38514671587029,-0.19948719598638798,101.50697325943327,0.5860637328435101,54.121826543562975
2021-07-11,tech,Branson space flight,5.499957043002673,0.9411426596320145,19.755654866298983,0.2979296893399978,72.66670218129252,0.9295237817903569,21.639297431296768,0.8112748798232957,35.77932171467717,-0.0422655123475412,92.4223570475915,0.7501693276510377,41.39495229759575,0.9611477579486023,16.023666848378184,0.6289486077413874,51.02740474999575,-0.31641113725923947,108.44602389596966,0.5384969886827605,57.418619145973935
2021-07-20,tech,Bezos space flight,5.4520417246862705,0.9416233742878506,19.67400724314001,0.28205521033533604,73.61709554678549,0.9255813851700955,22.243813191033325,0.8161836296128376,35.295434828172574,-0.05740899814812881,93.2911027899255,0.7441037974455491,41.917820434173336,0.9630619282968214,15.621427585032563,0.6242439603501682,51.37328235575217,-0.32412431581734036,108.91253037495807,0.5367217531530819,57.5392480192059
2022-11-30,tech,ChatGPT released,5.570733541040054,0.776561884516737,39.053146208692965,0.6795819291186512,47.18901785744504,0.9941044942618804,6.224604464658569,0.4678831481921873,62.10302538512417,0.06553959864417438,86.242164066138,0.8402966486725314,32.828541744034396,0.920164351412689,23.049879176431205,0.596033984750944,53.413622322103606,-0.3303833223642679,109.2920432425692,0.5609508238345265,55.8784209204656
2022-12-13,tech,Nuclear fusion ignition,5.635072363698362,0.7803762475404076,38.704962809355095,0.6926359484787494,46.160869059872255,0.9930038275542409,6.781431955045605,0.4641104738514292,62.34733137516935,0.08948826650945921,84.86583186922735,0.8487545912319222,31.92353085430949,0.9160664325591588,23.64236856581425,0.6026189735781573,52.94230101491786,-0.3174403815905212,108.50820043504163,0.565457983985359,55.56589942012374
1755-11-01,disaster,Lisbon earthquake,-1.1004516325419378,-0.2727409414364805,105.82743415114078,-0.8990945757438745,154.03930730597818,0.5508805680883971,56.57255538727088,0.38734819852228736,67.21040312325144,0.6663779741947812,48.211873154837406,-0.9531906125834663,162.39998953841166,0.7813349912378037,38.61703102788934,-0.8606366150660403,149.38813730675093,0.055317811347866966,86.82890418272675,-0.5560484311032127,123.78295851052232
1811-12-16,disaster,New Madrid earthquake,-0.5664156704042267,-0.9978365840308986,176.23048068048027,-0.7547464264290107,139.00321800359245,-0.9348436335587479,159.20289754422683,-0.27568615009178465,106.00290839255243,0.7962421454131153,37.22726267688782,0.9561638925748424,17.02758313625344,0.21189434892829792,77.7666109269673,0.9384949540222368,20.199679540634378,-0.42252135165427773,114.99387360385512,-0.08357686557799932,94.79419406322074
1906-04-18,disaster,San Francisco earthquake,-0.10207879041583001,0.07713170151078082,85.57628528645137,-0.8525097269008057,148.48569949375621,0.8581756520249602,30.887641812038225,0.9699294920097885,14.086475702610443,0.4553986311858086,62.90941420730485,-0.445634282181996,116.46392709848959,-0.16784869260708268,99.66276098906184,-0.9999401887954275,179.37334130579444,-0.9540949914907593,162.5721751963667,0.957313614828903,16.801166109427783
1923-09-01,disaster,Tokyo earthquake,-1.0270174166750292,0.9012734799279077,25.67403132416092,-0.5368076181165338,122.46658286082749,0.09157335161109723,84.74587267681952,-0.5206605846164536,121.37657264451398,-0.8493460584810151,148.1406141849884,0.5139628955525275,59.071841352658595,-0.09936388474617196,95.70254132035306,-0.8893169836925577,152.787544462353,-0.44082990753713563,116.15684449465851,0.802497893423306,36.63069996769447
1960-05-22,disaster,Chile earthquake 9.5,0.6960880356078324,0.9617686869091954,15.894273299386214,-0.7041471772264091,134.76068690894837,0.5748493513273061,54.91091714005745,-0.4762681734476827,118.44195283281076,-0.8716843030750339,150.6549602083346,0.3287810940903118,70.80519043944366,-0.6988676534700001,134.33622613219697,0.1762297557098813,79.84976976889092,0.9597134707085687,16.318734076137616,0.4457129840816949,63.531035692753306
1964-03-27,disaster,Alaska earthquake 9.2,-2.189711760662837,0.5605690231470932,55.90484137688293,-0.6504296244262694,130.5740015495816,-0.9323222078587041,158.79974755005773,-0.7201584533963963,136.06756419256322,-0.9936135894230722,173.52115707353548,-0.2231634549112068,102.8949061731748,-0.9782476204005383,168.02759443055385,0.33172894576378764,70.62625090036067,0.9954069606496374,5.4935626429816296,0.4205182601928315,65.13268825737904
1976-07-28,disaster,Tangshan earthquake,-0.1000512072606699,0.350019763382169,69.51147606412619,-0.9153958404122475,156.26200431246247,-0.9682931439464809,165.53333384623613,-0.6750027844025073,132.45436642960323,0.05668358271650318,86.75052824833627,-0.5729356181838481,124.9551900896377,0.45487838585371704,62.94289036547703,0.7858065740967374,38.20466184130143,0.9149058646288105,23.80763788285924,0.4692820090064776,62.01229972416067
1985-09-19,disaster,Mexico City earthquake,6.530225354504213,0.28268075466086123,73.57973411643528,0.599717865791717,53.1503060572185,0.803094834968087,36.57333803722872,-0.07381443630457511,94.2331056811978,0.9371028335074262,20.429428059216775,0.7985683228705436,37.00639607920655,0.9357313858230264,20.653371564762523,0.9584373391535355,16.576968019989778,0.7537607044909074,41.0827996239793,0.534945749542684,57.659767643969076
1989-10-17,disaster,Loma Prieta earthquake,1.2691718976911734,-0.9991928614737268,177.69781147635848,-0.9884148415811793,171.27010956890126,-0.9998874888114013,179.14051251244246,-0.5536382828601057,123.61697421778202,0.9937139089524123,6.4277019074572195,0.9996830034901907,1.4427010360839745,0.5866432447366194,54.08083725857645,0.9905803302720524,7.870402943541194,0.6736172639616052,47.65313535111923,0.5660676210047063,55.523538294660426
1994-01-17,disaster,Northridge earthquake,5.113674021617274,-0.28699625672949525,106.67821146451158,0.3332843676171136,70.53175505093495,0.357358499767442,69.06193920047585,0.9635641655772968,15.514205686330001,0.807511887709919,36.14645641357663,0.7921163273814705,37.61627226403573,-0.02031433588822326,91.16400577818158,0.9996709766078241,1.4698158504590992,0.5733255079344475,55.017549364604946,0.5941528816394792,53.54773351414585
1995-01-17,disaster,Kobe earthquake,5.733476336531833,-0.02847491944052046,91.63171326116819,0.6619009887508687,48.554985355122795,0.7033059951996972,45.307150058632175,0.9905546023767544,7.88116076567897,0.7304397448778132,43.07672790604539,0.6905724052493157,46.32456320253601,-0.16526921430367425,99.51287402684716,0.9983938117665343,3.2478352964906207,0.5528659751144137,56.436146120801766,0.5991869469406302,53.188310824311145
2004-12-26,disaster,Sumatra earthquake tsunami,-1.3087046307938128,0.14995815341223123,81.37549850365345,-0.7310905824793013,136.9778995080059,-0.45311078305106983,116.94344442129588,0.4099900572329008,65.79578978601924,-0.784198413643205,141.64660198834065,-0.9493216146956093,161.68105707505066,-0.8402950404649663,147.1712882896727,0.9394867754658419,20.03445508671001,0.3225612653092017,71.18210972198665,0.6273155521201637,51.14765463527664
2008-05-12,disaster,Sichuan earthquake,0.7353238384411601,-0.7726871918953206,140.59581341719644,0.507719160480511,59.48797675885703,0.8494707946398374,31.845843333361188,0.9297565675055688,21.603099932574878,-0.9391914409239228,159.91620982394653,-0.9913114349374742,172.44165675055763,-0.4846983877156256,118.99271348462156,0.8858626470326789,27.642133425495842,0.15486425039333163,81.09107669143191,0.5955388738615754,53.448943265936066
2010-01-12,disaster,Haiti earthquake,1.619046957505256,-0.8102471725035535,144.12008787087186,0.9088099962643591,24.658583621782725,0.997766984890676,3.8296960749945015,0.5728119617721626,55.05345389973769,-0.9808827831270303,168.77867149265458,-0.7692924261894648,140.29039179587735,0.016289589834825858,89.06663397113417,0.8789147008593993,28.488279696777226,0.17859550245045935,79.71203752152041,0.6262806032534222,51.22375782474319
2010-02-27,disaster,Chile earthquake,1.2773402097936573,-0.9172454580151607,156.52665181033868,0.9609731339424098,16.059873292345344,0.9748672916039434,12.872742436411272,0.4308940812228478,64.47568582977931,-0.9916408446395801,172.58652510268402,-0.8054517864930708,143.6539093739274,-0.0357884650712767,92.05096598055937,0.8751892757757267,28.932615728756616,0.16443546183531152,80.53555912212465,0.6211075196325067,51.60294339336804
2011-03-11,disaster,Tohoku earthquake tsunami,0.7887688720157908,-0.9955195900678053,174.5742623481628,0.9841261239037105,10.222457114651093,0.7548763214512018,40.985435813926756,-0.0506416228668511,92.90279289856028,-0.9629360221979119,164.35180523351167,-0.6894783071410729,133.588826534236,0.14484891947072276,81.67146944960254,0.8592905708145675,30.762978699275664,0.12740502455642463,82.68033578390913,0.616797454092805,51.917357084633466
2015-04-25,disaster,Nepal earthquake,-1.2727458095873385,-0.35076713588122704,110.53424374439254,-0.4305581706457768,115.50298826693663,-0.8973909949263338,153.8172165060895,-0.8870266501824976,152.50196270737445,-0.6941907815846939,133.96276798867083,-0.0984259998434304,95.64853974951797,0.7435217026392394,41.967718962981905,0.7846224368455911,38.31422823915284,-0.03481313840853018,91.9950490256889,0.5922829224003204,53.68082078653606
2023-02-06,disaster,Turkey-Syria earthquake,5.7861548968798875,0.759213020617631,40.60513143936123,0.7888627494092249,37.9206396842561,0.9730024020019976,13.343880420500398,0.37017078220665733,68.27384975282939,0.19892715299210775,78.52577112361729,0.8889272128708758,27.261251018860833,0.8856472828619083,27.668718313468162,0.6257258109255059,51.26452010475646,-0.278898746135242,106.19448943708548,0.57457722912922,54.929969332328994
1815-04-10,disaster,Tambora eruption,1.5835421868431223,-0.607443496909743,127.4048798163546,0.4523600708097253,63.10479523684822,0.23565782703628768,76.36959741192584,-0.9801993010879306,168.57918446293837,0.4336577544254035,64.30008457950638,0.6288417098426163,51.035282404428756,0.7527102347085108,41.17430464658378,0.9733200128152757,13.26480217507762,-0.2668076139749047,105.47438922609015,-0.03855501082211873,92.20958705101253
1883-08-27,disaster,Krakatoa eruption,4.0950483279451975,0.7059042830927883,45.09735391644385,0.5321432614852958,57.84961892859822,0.44571985754623183,63.530595755473236,0.5960508219335852,53.412420882474834,-0.22404918015024664,102.94697284504207,0.9486927188417957,18.433241839029385,0.9894877937700771,8.315066966030983,-0.520714853554542,121.38021468407146,-0.3626338771429936,111.26203981107305,0.9844475021232056,10.118174872998402
1902-05-08,disaster,Mount Pelee eruption,-1.5496490471537467,0.9500975304795598,18.176967632819924,0.5676600376031419,55.41278627927164,-0.6898072863030404,133.61485584514196,-0.5219755564543342,121.46486145119695,0.7961517952598244,37.23581864645172,-0.8812360066800659,151.79182347796188,-0.7620112678815155,139.64182908401688,-0.9876127544588054,170.9723578755864,-0.9985154970767213,176.8776477304686,0.9775999583582097,12.149994393945008
1980-05-18,disaster,Mount St Helens eruption,4.844915400040613,0.944197326790523,19.231168949713037,0.13218306067948762,82.40423868917412,-0.35780437027075335,110.9654159680162,0.6633806519209947,48.44178696576452,0.45129702558697465,63.173069739461084,-0.030263698896610607,91.73424701830317,0.8728316524507266,29.210618016051484,0.8783071279448651,28.56117727884208,0.8294038565719294,33.9624517234096,0.4613827672624767,62.52362900225168
1985-11-13,disaster,Nevado del Ruiz eruption,6.6300345560758505,0.33842422911858067,70.21910135695063,0.5991126308956602,53.19362908462284,0.7886853921942084,37.937171484226894,-0.07771863659760617,94.45744486969261,0.956174680305461,17.02547227232779,0.8454303169444959,32.28192987272374,0.9118455830277036,24.238343512741977,0.9647576724028657,15.256457600395947,0.7516807969479793,41.26381578506977,0.5516418908365023,56.520273385465714
1991-06-15,disaster,Mount Pinatubo eruption,1.2815639610717304,-0.995756794642188,174.71994627003153,-0.8756712525516848,151.12451795255674,-0.9027611330408406,154.52341334748962,-0.11510020454029082,96.60940472482335,0.9163946708597475,23.595428317474784,0.9385139156972876,20.196532922541905,0.20602415125280168,78.11054154520818,0.9982409711055532,3.398895394932879,0.5804881917147362,54.515113227733394,0.5311914452166085,57.91400862266627
2010-04-14,disaster,Eyjafjallajokull eruption,0.8327708863665313,-0.9870555131327616,170.77110633243402,0.9906455119015757,7.8430823673444365,0.9259348019992187,22.190260076320897,0.2606200277151505,74.89314443314544,-0.9997075095006654,178.61418869977845,-0.85337657820369,148.58084625611312,-0.10240992926925949,95.87796189928858,0.8657342894503075,30.033342443665333,0.12643743125563936,82.73622680048987,0.6059483541510161,52.70288435682454
1900-09-08,disaster,Galveston hurricane,-1.9547089729045066,0.9066909014751398,24.948009294048177,0.9959761858720806,5.141647748538702,-0.9019423886126824,154.41457190388752,-0.9695722884326252,165.82967906868083,0.9408431531125067,19.806361545509475,-0.999938117193743,179.3625811979357,-0.9823601446939276,169.222311637271,-0.937015368084468,159.5562196524262,-0.9876099306292891,170.97132681721953,0.980219024282502,11.415107164793326
1970-11-13,disaster,Bhola cyclone,1.151084251462361,-0.999611765462116,178.40339029051717,0.8117643525272303,35.73132664825326,0.9749695065707202,12.846428541061158,0.6642951160303303,48.371728681078196,-0.7951779176235726,142.6720636422639,-0.9807858972710888,168.75018116842168,-0.6432108271691798,130.03166160943897,0.6616030424883463,48.577755189314416,0.9757626959429452,12.640402032824937,0.4814759454287458,61.218157222139354
1992-08-24,disaster,Hurricane Andrew,2.8356626408764996,-0.8088939893845674,143.98801151927185,-0.41460447622173013,114.49441093903064,-0.44752974824652475,116.58530527893035,0.49365928807552056,60.418618926211195,0.8704106897637717,29.493600580241207,0.887793647619701,27.4027062403415,0.11199978712498987,83.56939259306066,0.9993342047143106,2.0908943398997053,0.5867145543373394,54.07579201281945,0.5567786830936887,56.166686352719154
2005-08-29,disaster,Hurricane Katrina,-1.306134190185313,0.30068952628331036,72.5009776321701,-0.7754810592319501,140.84866743951412,-0.4634812246343272,117.61197372428077,0.44167602405135337,63.789132951718926,-0.8353313358999851,146.65035492831578,-0.9844635142594022,169.88704864354912,-0.7228478868524021,136.29011058388903,0.9188828600840532,23.236693715233343,0.22393849162815882,77.05953448779519,0.5902839286458778,53.82284077256185
2008-05-02,disaster,Cyclone Nargis,0.7516554832370498,-0.7728492955185262,140.61044714142332,0.5124329470212334,59.173976564165,0.849847857503648,31.8048746170943,0.9312319300421996,21.37232813485855,-0.9409728226701886,160.21557629441168,-0.9912508721700198,172.41532175851762,-0.4884403080800902,119.23811900656477,0.8880634292355972,27.369101947070703,0.16425046614888175,80.54630469902355,0.5993421517243147,53.17720275195285
2012-10-29,disaster,Hurricane Sandy,-1.0444042044147588,-0.7371540103004568,137.48954190754597,0.34306884647915803,69.93604452766097,-0.2578801729463397,104.94431620339918,-0.9269215234731917,157.95991137734796,-0.8876097863330467,152.57441356479305,-0.4627722650897043,117.56614188905485,0.4297146626815471,64.55054671510607,0.8190692296834872,35.00827167573817,0.03448319233169378,88.02386684968695,0.6015976225520943,53.01559517394878
2013-11-08,disaster,Typhoon Haiyan,-1.4705356912343108,-0.4062576188394475,113.96996004409175,-0.1959230308085459,101.29864952141331,-0.74222511913987,137.92130811415493,-0.981895623667839,169.08090060158403,-0.8164540563762999,144.73139043449495,-0.3108212840384772,108.10873184175333,0.5719892560401325,55.110940557492285,0.802581625128493,36.62265859274163,0.006624350873375026,89.62044987700267,0.6018458095941674,52.99779128426104
2017-08-25,disaster,Hurricane Harvey,0.28121860424413525,0.4946637593045107,60.352419309163764,-0.9914511182241348,172.50274700731708,-0.791377565334477,142.31443410119866,0.06449196909710776,86.30231608797052,-0.603831908759767,127.14483368351915,0.1398295853242339,81.96201479203489,0.8991770433406919,25.94989677880676,0.7048469550661312,45.18281889148426,-0.19414766572739764,101.19493690471239,0.5590175501572362,56.01211801322813
2017-09-20,disaster,Hurricane Maria,0.5515250561822149,0.5601014755108382,55.93718425974345,-0.9994747526086952,178.14288587387702,-0.7271489715455995,136.64791173961441,0.15501706088609807,81.0822142705693,-0.5866540875887752,125.91992986637953,0.16141904942990776,80.71072747987097,0.9052351317346466,25.14503001082585,0.7045202353405152,45.20920238650859,-0.1869509760596983,100.77489985555371,0.5654608910829774,55.56569746904512
1845-09-13,disaster,Irish Potato Famine begins,6.114593697338477,0.04696653626223421,87.30802539006561,0.8521525361541569,31.553431341780033,0.23042070052439964,76.67815859721713,0.961402638726613,15.970676542343732,0.5627386488713136,55.75459404828558,0.9828393265763,10.629866792848475,0.31999547367468256,71.33734884772184,0.7055658052960406,45.12472725543711,0.9632434641436217,15.5827547994363,0.489268567109114,60.70748205487337
1876-01-01,disaster,Great Famine India,-1.9204782239879243,0.015903183845659443,89.08877627228071,-0.08189465706175762,94.69747901766749,-0.9148981953522811,156.19127357774863,-0.9992606567358028,177.79662989910625,-0.9978173380569126,176.2137447100518,0.38908379879665517,67.10249730546792,0.022550296994714284,88.70785362682551,-0.32740339015338965,109.11124740458386,0.04351666619685778,87.50589108322626,0.9297420675383322,21.6053563213576
1932-01-01,disaster,Soviet famine begins,-1.4320080571886553,-0.8830778286753789,152.01589853549626,-0.5925571750351235,126.3386838661621,0.960957657868479,16.063078259445945,0.861696232145358,30.49242745569822,0.14529879979756488,81.64541759834162,-0.7187675459803867,135.95282027605032,-0.9990418724404228,177.49167400880552,-0.7923084079301427,142.40176212560806,-0.10185945788513774,95.84625641046388,0.6876515409465352,46.555505715144164
1942-01-01,disaster,Bengal famine,3.300139131796042,0.9316908379339648,21.300061459834588,0.958516182370399,16.561127034647946,-0.2841082129398236,106.50554956694663,0.6185839078197427,51.78720249533258,0.9965814767202299,4.738934425186642,-0.6129844312988049,127.80561102678121,0.29091487259854115,73.08726395516717,-0.5456146489435043,123.06667660159457,0.3689628937475318,68.34832952998053,0.5775962537877651,54.71834707161405
1959-01-01,disaster,Great Chinese Famine,2.843472683101133,0.8144858457160119,35.46344483943682,-0.14622409158958233,98.40817004676444,0.9537647835122189,17.490883756865202,0.17365932431990486,79.99935149088083,-0.6930447723097727,133.87161488620126,0.6024514373272168,52.95432859630202,-0.42992493352185535,115.46279633031764,0.15786015467483858,80.91728628989924,0.9488274179673697,18.408818555883613,0.4616175170047824,62.508467734015625
1983-01-01,disaster,Ethiopian famine,8.290326206193534,0.8801748227954904,28.33654061548296,0.995078723783736,5.6866273407092365,0.8988551697375416,25.992009930806347,0.8477912426885601,32.02776067583909,0.8288113911554227,34.0231679561922,0.583136476862318,54.32855054628931,0.9979254954125614,3.6912200603561303,0.9378563379783789,20.30538259009711,0.7910699424144226,37.71438801654833,0.529626603365103,58.01977060664544
1817-08-01,epidemic,First cholera pandemic,3.5131271851904726,-0.060389793387231404,93.46218685583713,0.9817187944680914,10.97245715015714,0.9344632042955092,20.85840577306422,-0.40870515506973965,114.12352058752808,0.13070390706072504,82.48972970567999,0.29897781904926213,72.60378108277291,0.9356823616014585,20.661333731690945,0.9851514609031744,9.88594862290708,-0.2275192491474987,103.15106343737094,-0.056956164583278436,93.26511481446386
1855-01-01,epidemic,Third plague pandemic,3.890051090171052,-0.6056811745848594,127.27787462817349,-0.17147595320869174,99.87364518560571,0.7593999282096509,40.588674592503594,0.0208877607943806,88.80313242031025,0.8877814118286704,27.404229442567768,0.05775220831330407,86.6892000356699,0.7828825049452285,38.474742207863244,0.5107684504593863,59.284970593102116,0.9813916153349972,11.070512765295476,0.6663443380789853,48.214457827806655
1889-05-01,epidemic,Russian flu pandemic,-1.620931739027095,-0.8143399778200322,144.52215257658685,0.1882235008262139,79.15087214083482,-0.7987420529596848,143.0101446063279,-0.8356123507766889,146.6796542794359,0.4167364954142852,65.37128043575203,0.30124335448934525,72.46770281708525,0.3616539712803425,68.79819314397726,-0.7412614541451472,137.8389832528373,-0.6967830435994887,134.1694735797293,0.9979498182637603,3.6695096731079957
1918-03-04,epidemic,Spanish flu first wave,1.761632323152613,0.4215438116467776,65.06790680184628,-0.15425975183190377,98.87386682107137,0.4833696420110933,61.0942890935578,0.8678079447452037,29.795100833286163,-0.9609810853606989,163.94177362291765,0.9975960644224537,3.9736177082884723,0.8164117640422576,35.27280596856011,-0.9395023862918519,159.96815591462916,-0.6248198705808583,128.66896765435754,0.85446619035014,31.299188260271634
1918-09-01,epidemic,Spanish flu second wave,1.8667406308115937,0.7579533116138454,40.71590292433439,-0.7044515491681496,134.78525255497513,0.8830679933328186,27.985302403608628,0.9980158631662852,3.6099008561224366,-0.9969189158085829,175.50115547930952,0.9754169893945502,12.730600520725758,0.7153781221778139,44.32580378045682,-0.9551262677936372,162.77055495858377,-0.658365714790987,131.1753516988527,0.851770798687637,31.595203259731065
1957-02-01,epidemic,Asian flu pandemic,3.9178603335328,0.32767772715976673,70.87211655055725,0.5481500448654588,56.75980934094048,0.8552458990672884,31.213088723685047,0.8502220552587706,31.76417044701131,-0.6105865423938861,127.63192589149773,0.7698561407189031,39.659027826872205,-0.2187612726104574,102.63628699756856,0.03537222263671901,87.97289806462553,0.9063399522791349,24.99563889392917,0.45434410655110263,62.97725917069636
1968-07-13,epidemic,Hong Kong flu,0.8425912437726105,-0.6364615484947813,129.5284692703213,0.9319663696481021,21.256559476997467,0.18514398011036412,79.33047313492233,0.9608141573025276,16.092766443594172,-0.8727945708875935,150.78502874731876,-0.8758106176194068,151.14105759475638,-0.8253228370880676,145.62123571391547,0.5288248104308456,58.07391365792486,0.995941473282697,5.163793033403294,0.4502900270879231,63.23770669132816
1976-08-01,epidemic,Ebola discovered,-0.06557058269895416,0.3510966208087547,69.4455959865864,-0.9117403188909283,155.74696955776295,-0.970982219813787,166.16352240989033,-0.6686218673030881,131.96078876680303,0.06450838486446586,86.30137357117655,-0.5648356827242579,124.39088160352327,0.46151339363089855,62.51519278021664,0.7870479999939155,38.089508032346714,0.9150569726075378,23.786180790959918,0.4713861341275352,61.87568882330663
1981-06-05,epidemic,AIDS first reported,6.465749252804081,0.9990959434297195,2.436509774438292,0.547025617831333,56.8368037506452,0.11892844659458215,83.1697357663468,0.9325662329384661,21.16155587469885,0.582118798249365,54.40029397620691,0.16103151341563576,80.73322599190851,0.9470700354765129,18.725046100260556,0.8962316173542397,26.3329320157016,0.8123355444451997,35.675247875946354,0.46934550306902817,62.008179891647956
2003-03-12,epidemic,SARS outbreak,-2.0212083270291434,0.6893356310368683,46.42245870793997,-0.9321855318200424,158.77810339032112,-0.9984008467235007,176.7592870199059,-0.6567407560664136,131.05177546183563,-0.3803545283117358,112.35564468238115,-0.6472798702286068,130.33682831196595,-0.9990285049881499,177.4742341697756,0.9511579485416054,17.98118362958479,0.33922852875711923,70.17012114784325,0.6130596027737126,52.188937518258456
2009-04-24,epidemic,Swine flu pandemic,0.9545219862815927,-0.9250980464286414,157.68314419781368,0.8493431943167353,31.859696714006702,0.998514752848054,3.1231350326551706,0.6450649817432244,49.82945224830769,-0.9861619172786402,170.45715908817962,-0.9444124061294821,160.80627923046885,-0.3065874123003764,107.85369194950599,0.8768395440957228,28.73656168135153,0.14454360107348066,81.68914896231439,0.6024756943415156,52.95258728096286
2014-03-23,epidemic,Ebola West Africa,-1.1228100076292882,-0.6697434597300829,132.04726798985405,0.017440167901937493,89.00070132316277,-0.5712979506348276,124.84078547946126,-0.999017681853392,177.4602014471572,-0.7541600484343971,138.95203068698316,-0.22685438262856913,103.11194653068469,0.6361788086903835,50.49253056298875,0.8106543838538325,35.840084156298474,0.026883555670418384,88.45950012399442,0.6071065995354089,52.61941596769594
2015-01-01,epidemic,Zika virus outbreak,-1.1288126037374098,-0.1597933212537004,99.19490005588725,-0.6307293159521632,129.1039506636315,-0.9716518544083853,166.32487561573097,-0.7821790841041307,141.46052555864983,-0.6652453311330627,131.70114928048125,-0.07811500446382649,94.48022432838178,0.7400347344599166,42.26562550276259,0.7963090596838456,37.22092495209944,0.009851809254678824,89.43552377771863,0.6127057041794183,52.21459882561919
2020-01-30,epidemic,COVID-19 WHO emergency,4.675161300602326,0.9798271737645949,11.527995497307302,-0.33333470839810225,109.47130419905642,0.4432510929358942,63.68850161848451,0.9847331546715928,10.024584053906551,-0.13819321243979646,97.94330870174912,0.6134515604473931,52.16050612117721,0.9996557646040308,1.5034114434007506,0.6973802533073031,45.78280258057191,-0.1641303788809727,99.44672014514987,0.5925206005903884,53.66391756457796
2020-03-11,epidemic,COVID-19 pandemic declared,4.991921927558127,0.990881868966805,7.74321100222636,-0.22063057641679823,102.74607247005758,0.5429215877999959,57.117253668939554,0.9985278199688572,3.1093627103942936,-0.08720549462951845,95.00286146783122,0.6511181314495299,49.374042666713194,0.9967313258715123,4.6338482918320665,0.6993038844364353,45.62881880111803,-0.16740044619146416,99.63670975966329,0.5876738263027714,54.00789095854526
1793-01-21,political,Louis XVI executed,-1.9430513679472978,-0.8517638714128667,148.40403917530867,-0.08699179702871206,94.9905707888204,0.9024823766620049,25.513692328955557,0.08756801899698978,84.97628764994053,-0.4478432024092295,116.60539003587094,-0.9943707823918504,173.91773150426422,0.4473259468198781,63.42775152536814,0.3505853439887643,69.47687845986485,-0.9999998327097408,179.96685843876094,-0.35004356846253537,110.48997997889609
1793-07-13,assassination,Marat assassinated,-2.0741684342013733,-0.9902221291747413,171.98110942781412,-0.0008832785632791301,90.05060814039086,0.9216486909597165,22.831688045436465,-0.04202863072789026,92.40877265965844,-0.13862489103115325,97.96828243179502,-0.9667663086232158,165.18720252674942,0.1809940067374091,79.57233676815571,0.387211149567825,67.2189200949544,-0.999078893996566,177.5406191999507,-0.42641814934947847,115.2404607050949
1865-04-14,assassination,Lincoln assassinated,-2.0391199642010718,0.47244923483939594,61.8066005216842,-0.9987665115271992,177.1539021356606,-0.16735418192784068,99.63402108322106,-0.6859454648014832,133.31000803248543,-0.5156288482010205,121.03949734265522,-0.9479943078022937,161.44062160490526,-0.9653970768454205,164.88339144583037,0.21610083613550923,77.5198810524395,0.721229767800376,43.84389410317514,0.8321865881289051,33.67598694926437
1881-03-13,assassination,Alexander II assassinated,3.4045683938412337,0.997492501944124,4.058342759195547,-0.7444991562651821,138.11609826668823,0.9448869223530934,19.11085143317514,0.834297275492038,33.45726353129288,-0.6953831290261288,134.0577555074927,0.9656882261728417,15.052508673979592,0.8712230576681497,29.398920772097338,-0.484889711093402,119.0052468335131,-0.2530629268632644,104.65883473539535,0.968815333458964,14.346412098117746
1881-07-02,assassination,Garfield shot,4.384082465091394,0.9896298254653052,8.258604868503227,-0.3779704857634925,112.20802640749696,0.9991363923204954,2.3813714246198145,0.9835075090137925,10.4202815639079,-0.5070364691746313,120.46663127600019,0.9947435833448861,5.877233443883412,0.9473283597256205,18.678886432411126,-0.41611253759589284,114.58939783211676,-0.2042866744498242,101.78774484358905,0.9751429622051355,12.801652988527714
1894-06-24,assassination,Sadi Carnot assassinated,-0.28332849673772464,-0.49912430219981285,119.94208119155478,-0.7991443670757116,143.0484729326471,0.9969612041446556,4.467848435389996,0.9910444167293218,7.6737777213264025,0.9197777236751885,23.106391741092295,-0.5651099909737877,124.40992962694477,-0.6103644385709324,127.61585891288118,-0.8435444676236864,147.51632136803707,-0.8722592569588599,150.72225065397348,0.9984349821159003,3.2059292859364064
1898-09-10,assassination,Empress Elisabeth assassinated,-1.3237027591930188,0.6024453925560483,52.95476252035431,0.688663700893864,46.47557791759468,-0.32222809753941634,108.79772442176032,-0.4663145826795665,117.79533280583345,0.9936129165199707,6.479184602759631,-0.9497127182850482,161.75248694211461,-0.9869966339952481,170.75009532618776,-0.9083133686946006,155.27330233935498,-0.9625542375242473,164.27091072342813,0.9876948695552252,8.997608384073132
1900-07-29,assassination,Umberto I assassinated,-1.970232168452042,0.8799000828987422,28.369687166203136,0.9912332067693346,7.592342720892589,-0.8898444366248844,152.8537053683816,-0.9600449145612121,163.74898858759,0.9349660175839785,20.777344445310547,-0.9997720498453074,178.77660746541525,-0.9777148589352057,167.88132424620687,-0.9423267478430436,160.4460480892742,-0.9886027442347016,171.34133130848258,0.9819742763402577,10.89528321920838
1901-09-06,assassination,McKinley shot,-2.0335845995389366,0.9934821836491604,6.5452292111670545,0.9377673637829139,20.320067696914492,-0.9993726039869849,177.97030296954136,-0.9675929906238296,165.37361544863194,0.892071398118673,26.865296908081547,-0.9888217259691698,171.4250737583743,-0.9325028476430993,158.82838623746488,-0.9494782349279306,161.70962933354414,-0.9950665139070627,174.30631685445357,0.9759293719683932,12.596687520909427
1914-06-28,assassination,Franz Ferdinand assassinated,-0.7726248403721258,-0.526867560697869,121.79405181509665,0.9819758916040024,10.894793575298195,-0.9083651268749947,155.2803929254864,-0.628541623246885,128.94260791583113,-0.6780165804158222,132.68884539039485,0.8340173760613095,33.48634111038976,0.9922268337733178,7.148556100734481,-0.9710308854255922,166.1751865007846,-0.7642172072007675,139.83740149112933,0.896194042051175,26.337785009655278
1922-06-24,assassination,Rathenau assassinated,0.04356651913772924,0.9895759552168832,8.280065004010595,-0.8997359996250301,154.12338723532014,0.568831000806376,55.33125194773592,-0.0015229942263816345,90.08726117512836,-0.9532088847384547,162.40345223933073,0.6813447107046764,47.05118694372533,0.14250461977483622,81.80719617111777,-0.8707452727069253,150.54536081694394,-0.43506376777302014,115.7893515895515,0.8215871517047691,34.75600922739244
1934-07-25,assassination,Dollfuss assassinated,-1.8654846026535292,-0.6484842259918578,130.4274162608135,-0.964639394021071,164.71780979059162,0.8146938298325115,35.44290028087636,0.14618050105981967,81.59435463504683,0.42491409536920444,64.85477394859493,-0.9697456745098836,165.87031654168985,-0.8478466794967634,147.9782291041397,-0.6330419382519498,129.27490950971526,0.11973042401339114,83.12345515554478,0.6927544593430698,46.15145435417047
1935-09-08,assassination,Huey Long shot,-2.265012690106318,-0.3094472003521202,108.02591938428654,-0.9744642499374132,167.02401106374518,0.4409163878622621,63.83763508817765,-0.363161914585011,111.29450748525939,0.5150666238470465,58.99809167945864,-0.9899338309407523,171.8635544724642,-0.7736143500551156,140.67957313045406,-0.6311951522767599,129.13835384807717,0.14467601774210037,81.68148145099542,0.6761449785894458,47.45687239708174
1948-01-30,assassination,Gandhi assassinated,1.1758861020569862,-0.5158867864882997,121.05674746700248,-0.9996908626695772,178.57529632341812,0.3721374515297428,68.15250001315297,-0.6046854897388956,127.20621335051811,0.537026541815096,57.518548856415634,0.603148859552573,52.90424745384951,0.9942458312818934,6.1494658835156315,-0.3489449367367936,110.42279631026514,0.6243012173694436,51.3690829729,0.5142342761418035,59.05371333736514
1963-11-22,assassination,JFK assassinated,-1.9330092814003759,0.6083983919265684,52.526213846659175,-0.8658632873235428,149.9814280351088,-0.8081257926256169,143.91321839224085,-0.9006028565628841,154.2374235330884,-0.9238284835092482,157.49235811823206,-0.024205431764894116,91.3870045455817,-0.8928717869568175,153.23636262025246,0.40505615943537865,66.10535357265036,0.9972424248398014,4.2559954979795975,0.47179138114087915,61.84935807467076
1965-02-21,assassination,Malcolm X assassinated,-1.999534322761923,0.30939033482223455,71.97750691311137,-0.41105086691528653,114.27086572836566,-0.9998363399163074,178.96339108877288,-0.44435805436506765,116.38227458383264,-0.9940594299415485,173.75162735852297,-0.29213609333363794,106.98588417566151,-0.9893746315289804,171.640218503056,0.39449138488012797,66.76574318286146,0.999321077395287,2.1114088554669763,0.42807829614125525,64.65433432739448
1968-04-04,assassination,MLK assassinated,0.42481881743954897,-0.656248643682895,131.01439667474054,0.8649558279314696,30.122338236785623,0.00231900060433957,89.86713093359313,0.9089934972669088,24.633371214468013,-0.946292842444839,161.13673491152616,-0.7560645209741347,139.11847239166633,-0.9110277523045969,155.64776788920855,0.50385248429697,59.74479269680751,0.9954146361417664,5.48896702231761,0.41891713060456015,65.23375971912512
1968-06-05,assassination,RFK assassinated,0.6596909172279373,-0.5914559560956749,126.260395473163,0.8956880063719406,26.403060763497734,0.07070949097705868,85.94526096088902,0.9304010091642216,21.502588520586755,-0.8883245211201817,152.66345623666072,-0.846140554647263,147.794343565948,-0.8458487242089469,147.76298399374974,0.5069036075690161,59.54220019739128,0.9963445921342409,4.900472242910979,0.4314139670835258,64.44267244030226
1972-09-05,terrorism,Munich Olympics massacre,0.7980619192517842,-0.988354559411758,171.24738234151897,0.3060478456657962,72.17878408569695,0.8983244834389446,26.061305350515227,0.04352114902188082,87.5056339927055,-0.4473506895851152,116.57383357278408,-0.9547156979230276,162.6913123079658,-0.19503868834046173,101.24698366577553,0.6931819836272595,46.11747873518172,0.964433656552987,15.326849907008551,0.4780124362052787,61.44432864219027
1975-11-20,assassination,Franco dies,-0.856600342011447,-0.3008454481372683,107.50838976597518,-0.946074502835109,161.09807984358432,-0.5655618632113816,124.44131719418212,-0.9968097086860187,175.4220786294296,-0.02431929571558226,91.3935303904405,-0.6163529374529628,128.0502930398427,0.37600289013214544,67.91368886345441,0.8022264042378252,36.6567626494022,0.9172003101960986,23.479841526986093,0.49793380946080684,60.13660417638829
1978-05-09,assassination,Aldo Moro killed,1.4365198142957576,0.6531021366098173,49.22409992687186,-0.6375418572244045,129.6087652436343,-0.9568227729037844,163.10181116450485,-0.17086125150099574,99.83789780272464,0.1670326334216329,80.38466531676244,-0.40478590010937254,113.87771123763301,0.6345444063644259,50.61379787585278,0.8339528053874442,33.49304592087057,0.8680180321069177,29.770867440909655,0.44988158214407686,63.263913361780226
1979-08-27,assassination,Mountbatten assassinated,4.698420290640626,0.9247230987900042,22.37336236751497,0.10036532192274529,84.23979228121851,-0.4163383836787801,114.60362919270975,0.5834414117939127,54.30704095217175,0.4715286460039667,61.86642991370354,-0.038915670091958315,92.23026682519478,0.8486609237720719,31.933678584656775,0.8628328881682003,30.363836911491234,0.8666116624956858,29.932751329046766,0.4955103914647771,60.296588240538
1980-12-08,assassination,John Lennon shot,7.02058910418537,0.9997713371488356,1.225303610873965,0.6423064687701209,50.03597713604657,0.2571901322498503,75.09660037726567,0.9584798904016124,16.568420556331603,0.6585492827034297,48.810673525172604,0.277795936108677,73.87129676639171,0.9643585722708874,15.343116945457638,0.9058601179179347,25.060623241219105,0.8341982196496898,33.467556579714966,0.5220791469643308,58.52817982093407
1981-03-30,assassination,Reagan shot,6.6303106282956294,0.9997661459950908,1.2391346461757564,0.5751063166027155,54.89292204838847,0.1750809597544467,79.9166305019352,0.9488613977157746,18.402652497174643,0.5926630172809035,53.653787402212714,0.1963312865227697,78.67749585575945,0.955466455717174,17.163517850998886,0.906132833997927,25.023708453546732,0.8039578668081698,36.49026955121383,0.4769443479006581,61.51397800476056
1981-05-13,assassination,Pope John Paul II shot,6.432244856166374,0.9989130467646536,2.671667491289412,0.5359568142026284,57.59117651256483,0.11241912828052648,83.5452134127238,0.9310193033591684,21.40573274434692,0.5747266414740382,54.91950902127542,0.158613949971023,80.87354592143438,0.9470194896237587,18.73406525305751,0.899145421647545,25.954036900158968,0.8071103319335987,36.18544376821791,0.4673207289094336,62.139480668376876
1981-10-06,assassination,Sadat assassinated,7.523392217758262,0.9941327879464693,6.209635281026834,0.781548031220733,38.59746898802851,0.4493102362922078,63.30056196441299,0.9965803803046668,4.7396947519458195,0.7094833614529491,44.807104269055344,0.35004067100559116,69.51019724543983,0.9817955429810304,10.949330032972654,0.908485618642858,24.703092976384482,0.8304231058676682,33.85777423608269,0.5215924820440878,58.56086721246717
1984-10-31,assassination,Indira Gandhi assassinated,7.802317824588428,0.6297161336786601,50.97081750214892,0.8907886654624579,27.02748188240713,0.9866043886484909,9.388687804627352,0.399814287819097,66.43343077224873,0.913947265223072,23.943335619741788,0.7480051297981523,41.582129697521566,0.9638046268417904,15.462613270099808,0.952985719384389,17.638794077779778,0.772667666713804,39.405948889841596,0.543983941018513,57.044742967621374
1986-02-28,assassination,Olof Palme assassinated,5.542596975152115,0.13096437324535612,82.4746767009947,0.3448736851307108,69.82591476926945,0.5524306989680283,56.466070588411185,-0.41673606403289987,114.62869237438346,0.9757307563637252,12.64876193172526,0.8987281906220548,26.00860611258352,0.846620568276486,32.154015673388756,0.972938060095679,13.35984418085826,0.7095365761956696,44.80277760511402,0.5275101302873049,58.16262178597228
1988-12-21,terrorism,Lockerbie bombing,1.5272469780393,-0.800981254896717,143.22390772260422,-0.8334460569538648,146.45437605949445,-0.7437344959204049,138.05051656789186,-0.9730959154992511,166.67935454209487,0.9984109386548858,3.230468336890226,0.995926382073296,5.1733911547123625,0.6414933108111586,50.09673773530088,0.9892624904436755,8.403859491602589,0.6837035091266807,46.86626939841065,0.5697080701998412,55.27012889001324
1991-05-21,assassination,Rajiv Gandhi assassinated,1.1275997655000922,-0.9999430808597815,179.38867964605592,-0.9131023753569413,155.93766047702613,-0.9339009747617207,159.05130903353822,-0.19486335122868031,101.23674106425355,0.9174006205597187,23.45101916902979,0.9376624497410067,20.337370612517702,0.20531708312277241,78.15193858180237,0.9985237597596347,3.1136485565120893,0.5778445279286951,54.70091941277258,0.5326611065953881,57.81456796928467
1993-02-26,terrorism,WTC bombing 1993,3.7379728392492075,-0.6361539957939955,129.5056268204984,-0.1279094370350523,97.34880332871481,-0.12005831670011302,96.89546821243127,0.7421724320117601,42.083196274122116,0.8465944865877951,32.1568234917836,0.842356859081926,32.61015860806714,0.04497190078417359,87.42243054637629,0.9999686987848798,0.4533351162835402,0.5697729293545972,55.26560705459269,0.5762572821732362,54.81227193830915
1995-03-20,terrorism,Tokyo sarin attack,5.529937642627808,-0.028224720998811723,91.61737218217075,0.713773328985706,44.45724098408448,0.7661533752803897,39.99028919750282,0.9675794515358638,14.629456262174443,0.6799516996842574,47.160131198086276,0.6207772689914722,51.627082984667936,-0.27977587091762346,106.2468284443452,0.9969624231113141,4.46695178658166,0.5137404610238144,59.08669724625892,0.579000225931426,54.61974545967726
1995-04-19,terrorism,Oklahoma City bombing,5.270212307438594,-0.0926910019333162,95.31843749799313,0.7010795043287207,45.48632292563448,0.7587304886576076,40.6475919647967,0.9666167154266155,14.846285469682272,0.6450294748434487,49.83211457235865,0.5782728341806921,54.67084553319643,-0.34472030308992924,110.1647229676754,0.9964360667968342,4.838730960837779,0.49496422929686534,60.332608395316754,0.5664942989310547,55.493877434478975
1995-11-04,assassination,Rabin assassinated,5.515633488919864,-0.02674244931228567,91.53241216941649,0.764295919656139,40.155605478443476,0.8058832457571516,36.30435846256961,0.9564629196772664,16.96897734909558,0.6241959047655038,51.37680669097301,0.5703114403706062,55.22805370684688,-0.3173276547470139,108.50138951851207,0.9977417918686502,3.8512470158738665,0.542814159988992,57.12458282753906,0.5979982108948547,53.27333581166519
1998-08-07,terrorism,US embassy bombings Africa,2.852182775944267,0.8071115830079734,36.18532235678833,0.6847497610683534,46.78406954711181,0.544597124317497,57.00286318277347,-0.3756701128882965,112.06573595579556,0.12239955610930024,82.96939190390015,-0.055615624090243516,93.1881855395618,-0.8503619445684623,148.25105831258392,0.9841374693139322,10.218793635661655,0.41815775824243767,65.28166640868375,0.5726772054317755,55.06287277302209
2001-09-11,terrorism,9/11 attacks,-1.7532404535171842,0.8923153057524463,26.83435532252311,-0.7631838820450454,139.7456916184018,-0.9080829630969789,155.2417611311513,-0.8750600785139915,151.05208669702904,-0.38930620429477636,112.9113362958787,-0.6212490719704126,128.4074058086282,-0.9993196947482849,177.88644201955213,0.9636487834787704,15.4960695127495,0.3550707136112273,69.20222168456917,0.5919266383098614,53.70615217181967
2002-10-12,terrorism,Bali bombings,-2.186227495008876,0.7091027430864234,44.838041142838335,-0.9809591021655679,168.80116430242137,-0.9950392943094734,174.2906185636344,-0.5235633291908633,121.5715775419934,-0.5586592006297124,123.96312315958303,-0.7757308420191843,140.87134029352725,-0.9720004620038366,166.40961868483174,0.9567718828596783,16.90821713394422,0.34812610108149467,69.62725815558522,0.6057240082821652,52.719041021641004
2004-03-11,terrorism,Madrid train bombings,-2.051032828363404,0.3952776734290136,66.71670703489663,-0.9871841685727892,170.81718283332538,-0.8764804009197241,151.22066769863818,-0.15957461468773768,99.18220620759672,-0.5368006569623265,122.46611013177801,-0.7886832112770399,142.0626252664652,-0.9698673943433608,165.89891324249334,0.9420778540055114,19.596515134687195,0.3150697298991793,71.63497662572865,0.6151323610658699,52.03846149104146
2005-07-07,terrorism,London bombings,-1.6373065041145405,0.31594536720927857,71.58210582263013,-0.8672299410487974,150.13831912002505,-0.596170672482251,126.59613175375549,0.3064159247099739,72.15663037805726,-0.7464009918699624,138.27957505734483,-0.9500906159023056,161.8217624236144,-0.8063283428935792,143.73873620068738,0.9167662235130017,23.54218736626956,0.20822428809098156,77.98168874196779,0.5815622565591191,54.43950137569823
2011-07-22,terrorism,Norway attacks,-0.42969480830697937,-0.8967174581130299,153.7298911432615,0.8341806659800659,33.46938031738522,0.38038028579434596,67.64275957967214,-0.5353191057903117,122.36555496882619,-0.9921162948977816,172.8007285393533,-0.7504266514174066,138.62734927706634,0.10618504068495144,83.9045538879123,0.8273416399042562,34.173379262286915,0.01926419498027817,88.89617465144096,0.5775328745676527,54.722795389154044
2013-04-15,terrorism,Boston Marathon bombing,-0.8295200972465268,-0.816710799615819,144.75687478969726,0.4235280333820449,64.94247176242268,-0.16984753641878192,99.77895462337995,-0.8896868152798024,152.8339185851621,-0.8686371649971428,150.30065344788005,-0.4299465888796296,115.46417058692279,0.46315362870038734,62.40920662514063,0.8207856430860067,34.83648286095723,0.03679288914428817,87.8914468227394,0.6010486136319219,53.054963961782164
2015-01-07,terrorism,Charlie Hebdo attack,-1.1218831069996469,-0.17847356037547926,100.28086162745186,-0.62299552047391,128.5352147526624,-0.9688831754863775,165.66928361524188,-0.7898170972146088,142.16842223035528,-0.6584783172800203,131.18392361988575,-0.07062445729803875,94.04985475730626,0.7444565207698809,41.88756060290342,0.7972251120387338,37.134068862579454,0.0122804734017545,89.2963630169823,0.6134269149184182,52.162294154402844
2015-11-13,terrorism,Paris attacks,-0.6607564493705875,0.22865446219969024,76.78213274570265,-0.8782982146635185,151.4377545596177,-0.9792271576938196,168.30122829082478,-0.42021774692729186,114.84833552432423,-0.6662736761614038,131.78011269467964,-0.026510112775960503,91.51909554512213,0.7872988577071142,38.06620277862157,0.763108215379088,40.26101714955752,-0.06477457414938499,93.71390991605807,0.5954834977148993,53.452892766500554
2016-03-22,terrorism,Brussels bombings,-0.5840062827337651,0.0020211216389743516,89.88419818136367,-0.8396485421406298,147.10302512913967,-0.9941929670444859,173.82232348693913,-0.5118796504653106,120.78911361624705,-0.5448260410661182,123.01277668949666,0.10560240334953916,83.93812530557545,0.8580208455934781,30.904915434883378,0.7763253526883911,39.07465138392121,-0.0367808209899724,92.10786125461328,0.6013520157023688,53.033209870692076
2017-05-22,terrorism,Manchester Arena bombing,0.16997976966699213,0.3010213324592482,72.48104296041583,-0.9749823092806126,167.15687108309774,-0.8694039680037203,150.38945044741223,-0.09498830068294195,95.45064644584954,-0.5054629066071776,120.36208595648642,0.20947508236839718,77.9084074869964,0.9207120142936257,22.96960348543371,0.7378232856396669,42.45367846949006,-0.1286654826279909,97.39248247105274,0.5744510221084972,54.93880400156269
2019-03-15,terrorism,Christchurch attack,3.7989911463182975,0.9019743512474755,25.58118718235073,-0.6036692241753066,127.13314094337315,0.1186203636797773,83.18751346074697,0.87066878028359,29.463550680899743,-0.2002564129628665,101.55195376102245,0.5357335657622944,57.60632627839624,0.997705167697918,3.8823634985490116,0.7199986928535587,43.94562748262621,-0.13346020219397273,97.66959026247343,0.5916760641258297,53.72396277984723
