name,birth_date,event_year,event_type,age,prog_sun,prog_moon,natal_sun,natal_moon,sun_movement,moon_movement,mercury_movement,venus_movement,mars_movement,sun_sign_change,moon_sign_change,mercury_sign_change,venus_sign_change,mars_sign_change,hard_aspects,soft_aspects
Elvis Presley,1935-01-08,1954,career,19,306.3170921168831,208.85739640966253,286.9773731004239,328.3330199847388,19.339719016459185,240.5243764249237,31.284499278452472,23.81157114674346,6.75983088434225,True,True,True,True,False,12,4
Elvis Presley,1935-01-08,1956,career,21,308.3492787073651,234.65198108012646,286.9773731004239,328.3330199847388,21.371905606941198,266.31896109538764,34.12394354016129,26.31284842957706,7.3440097054501905,True,True,True,True,False,12,4
Elvis Presley,1935-01-08,1958,crisis,23,310.38077798583475,262.12706426053614,286.9773731004239,328.3330199847388,23.40340488541085,293.7940442757973,36.67308943516974,28.813096213603444,7.899373716160909,True,True,True,True,False,8,4
Elvis Presley,1935-01-08,1967,marriage,32,319.5082679063117,34.68717843127669,286.9773731004239,328.3330199847388,32.53089480588778,66.3541584465379,41.913760633098775,40.047292676312395,10.004010443185791,True,True,True,True,False,7,3
Elvis Presley,1935-01-08,1968,career,33,320.52049280797416,48.082281291946245,286.9773731004239,328.3330199847388,33.54311970755026,79.7492613072074,41.66372977911266,41.2934400166871,10.194800404532828,True,True,True,True,False,10,6
Elvis Presley,1935-01-08,1973,divorce,38,325.5748969624033,110.11026249612499,286.9773731004239,328.3330199847388,38.59752386197937,141.77724251138616,38.039942506903515,47.51672514434597,11.007608899596562,True,True,True,True,False,11,6
Elvis Presley,1935-01-08,1977,death,42,329.6102206347588,157.4132473904697,286.9773731004239,328.3330199847388,42.63284753433487,189.08022740573088,33.59062039653418,52.48567559733601,11.477668289055941,True,True,True,True,False,8,5
Michael Jackson,1958-08-29,1969,career,11,166.11601020758553,110.2852821700767,155.4591650805372,336.2432279829869,10.656845127048342,134.04205418708978,2.392997364654093,13.539500187690862,4.5565867072866695,False,True,False,False,False,9,4
Michael Jackson,1958-08-29,1982,career,24,178.7932575411666,295.44861458177184,155.4591650805372,336.2432279829869,23.33409246062942,319.2053865987849,22.102180829196556,29.63714408437002,8.550499909116873,False,True,True,True,True,6,4
Michael Jackson,1958-08-29,1984,crisis,26,180.75071878816374,320.73954001034423,155.4591650805372,336.2432279829869,25.291553707626548,344.4963120273573,25.755299447326053,32.12114448830016,9.006091935223239,True,True,True,True,True,8,4
Michael Jackson,1958-08-29,1993,crisis,35,189.58580019020675,68.34625591456795,155.4591650805372,336.2432279829869,34.126635109669564,92.10302793158104,42.11671081623561,43.321705665511104,10.4518622161592,True,True,True,True,True,5,1
Michael Jackson,1958-08-29,1994,marriage,36,190.5704843891722,80.49357220266673,155.4591650805372,336.2432279829869,35.11131930863502,104.25034421967979,43.88820589818735,44.56847966688221,10.547014930283694,True,True,True,True,True,4,4
Michael Jackson,1958-08-29,1996,divorce,38,192.54177905916916,105.61660788603761,155.4591650805372,336.2432279829869,37.08261397863197,129.3733799030507,47.39348726501359,47.06331718830572,10.695385973024408,True,True,True,True,True,3,3
Michael Jackson,1958-08-29,2009,death,51,205.41430665883038,292.0926883103099,155.4591650805372,336.2432279829869,49.955141578293194,315.84946032732296,68.96345109901054,63.31411373047544,10.224084729367526,True,True,True,True,True,6,6
John Lennon,1940-10-09,1957,career,17,213.19329328531458,155.55096427370617,196.30907917042737,304.06836853332015,16.884214114887214,211.48259574038602,17.799855838590446,19.681435113526817,11.003740851740076,True,True,False,False,False,5,3
John Lennon,1940-10-09,1962,career,22,218.19213234534348,230.16841208197792,196.30907917042737,304.06836853332015,21.883053174916114,286.10004354865777,19.500577851545785,25.602271037266945,14.257053257925463,True,True,False,False,False,9,4
John Lennon,1940-10-09,1968,marriage,28,224.20742499671488,312.9470468796177,196.30907917042737,304.06836853332015,27.89834582628751,8.878678346297534,17.007740065180855,32.76850887418303,18.17070638751173,True,False,False,True,False,9,2
John Lennon,1940-10-09,1970,crisis,30,226.21588198715358,337.4008511848384,196.30907917042737,304.06836853332015,29.906802816726213,33.33248265151826,14.942582810063755,35.17048876228995,19.477441790506106,True,True,False,True,False,7,3
John Lennon,1940-10-09,1975,child,35,231.24425917066534,36.595396200076976,196.30907917042737,304.06836853332015,34.93518000023798,92.5270276667568,8.4873941310492,41.20216530559841,22.749487451121524,True,True,False,True,False,8,1
John Lennon,1940-10-09,1980,death,40,236.2836908449796,98.29223843665109,196.30907917042737,304.06836853332015,39.97461167455222,154.22386990333092,3.9799815975168826,47.26956336349221,26.029859038537353,True,True,False,True,False,7,5
Paul McCartney,1942-06-18,1957,career,15,100.99314527551788,349.4869183539598,86.68853579740173,138.45414552420638,14.304609478116149,211.03277282975344,1.8599625969984714,17.554688295275035,9.295060587891626,True,True,False,True,False,7,3
Paul McCartney,1942-06-18,1962,career,20,105.76042733000898,51.965929780855255,86.68853579740173,138.45414552420638,19.071891532607253,273.51178425664887,6.37036275942053,23.457466956904334,12.403597545761286,True,True,False,True,False,9,3
Paul McCartney,1942-06-18,1969,marriage,27,112.43855131998774,135.5873524045011,86.68853579740173,138.45414552420638,25.75001552258601,357.1332068802947,15.729160579454273,31.76062106972983,16.766632146252007,True,False,True,True,False,8,4
Paul McCartney,1942-06-18,1970,crisis,28,113.39286238262869,147.86639163600483,86.68853579740173,138.45414552420638,26.704326585226966,9.412246111798453,17.3350590731132,32.95024298304988,17.390936554563226,True,False,True,True,False,6,5
Paul McCartney,1942-06-18,1971,career,29,114.34722777268831,160.32446784859226,86.68853579740173,138.45414552420638,27.658691975286587,21.87032232438588,19.002889683256257,34.14069047916478,18.015481870897005,True,True,True,True,False,6,4
Paul McCartney,1942-06-18,1980,crisis,38,122.93964603385574,285.88247743153545,86.68853579740173,138.45414552420638,36.25111023645401,147.42833190732907,36.24145173648431,44.89191157196013,23.647405762474378,True,True,True,True,False,5,5
Paul McCartney,1942-06-18,2002,marriage,60,144.0237806627646,209.6436739189081,86.68853579740173,138.45414552420638,57.33524486536288,71.18952839470171,79.80299807865546,71.46439258439568,37.51726383031557,True,True,True,True,True,6,5
Paul McCartney,1942-06-18,2008,divorce,66,149.80043947824177,295.0605934030707,86.68853579740173,138.45414552420638,63.111903680840044,156.60644787886432,89.86869357545697,78.77768742864748,41.32921276102455,True,True,True,True,True,5,6
David Bowie,1947-01-08,1969,career,22,309.6383370962535,44.3506757065607,287.2455397133652,123.8312835609698,22.39279738288832,280.5193921455909,36.38936939766654,20.671461482821428,17.08501338102377,True,True,True,False,True,8,4
David Bowie,1947-01-08,1972,career,25,312.68310810332605,87.15426617322028,287.2455397133652,123.8312835609698,25.43756838996086,323.3229826122505,41.68896852862946,23.779593444581224,19.431423210372714,True,True,True,False,True,4,1
David Bowie,1947-01-08,1983,career,36,323.82080349861417,238.87578748337313,287.2455397133652,123.8312835609698,36.57526378524898,115.04450392240334,60.92585723359889,35.5596053061152,28.058760012552966,True,True,True,True,True,7,3
David Bowie,1947-01-08,1992,marriage,45,332.90361818837107,348.10418115976285,287.2455397133652,123.8312835609698,45.65807847500588,224.27289759879307,72.67458884897746,45.54377976822798,35.13977757319202,True,True,True,True,True,4,8
David Bowie,1947-01-08,2000,child,53,340.945401834706,97.15996050083649,287.2455397133652,123.8312835609698,53.6998621213408,333.3286769398667,74.40565501011537,54.60268527167176,41.44050722233078,True,True,True,True,True,4,7
David Bowie,1947-01-08,2016,death,69,356.92612649419743,306.2584320963392,287.2455397133652,123.8312835609698,69.68058678083224,182.42714853536944,61.80542715395325,73.09827496415102,54.03450716071819,True,True,True,True,True,4,7
Freddie Mercury,1946-09-05,1970,career,24,185.45022497960483,229.75665979221358,162.03041011597023,269.3084062217411,23.4198148636346,320.4482535704725,43.466401929709804,21.39323292735139,15.995698265758449,True,True,True,True,True,5,3
Freddie Mercury,1946-09-05,1975,career,29,190.36955233881343,289.12404422227945,162.03041011597023,269.3084062217411,28.339142222843208,19.815638000538343,51.44025326232642,25.008354131148224,19.404076250060314,True,True,True,True,True,7,4
Freddie Mercury,1946-09-05,1985,career,39,200.24634397218816,65.70630196364023,162.03041011597023,269.3084062217411,38.21593385621793,156.3978957418991,66.37711665875244,30.802732134444454,26.29601184721767,True,True,True,True,True,7,4
Freddie Mercury,1946-09-05,1987,crisis,41,202.22877292370322,94.52546583060465,162.03041011597023,269.3084062217411,40.19836280773299,185.21705960886354,69.20273450074501,31.675758241360967,27.686760665590214,True,True,True,True,True,5,5
Freddie Mercury,1946-09-05,1991,death,45,206.20131741443254,149.671891557226,162.03041011597023,269.3084062217411,44.17090729846231,240.36348533548488,74.67026001976248,33.076483158040446,30.480860813841304,True,True,True,True,True,5,7
Prince,1958-06-07,1978,career,20,95.57700978722474,230.00645295251437,76.47797455712772,329.4316837335315,19.099035230097016,260.57476921898285,42.5598022195326,23.346377489737016,14.043770040986743,True,True,True,True,False,5,4
Prince,1958-06-07,1984,career,26,101.29573370437008,312.2484027599241,76.47797455712772,329.4316837335315,24.817759147242356,342.8167190263926,54.106358222026316,30.424468442464523,18.135079037192956,True,False,True,True,False,4,6
Prince,1958-06-07,1985,marriage,27,102.24878931926945,324.96774103797503,76.47797455712772,329.4316837335315,25.770814762141725,355.53605730444355,55.91322414972434,31.607382742160787,18.810494965059583,True,False,True,True,False,5,7
Prince,1958-06-07,1988,divorce,30,105.10829216495266,1.4802380412759377,76.47797455712772,329.4316837335315,28.630317607824935,32.04855430774444,61.12832357192353,35.16163025435585,20.824642748547657,True,True,True,True,False,5,5
Prince,1958-06-07,1996,marriage,38,112.73857660960866,99.9765927872416,76.47797455712772,329.4316837335315,36.260602052480934,130.54490905371011,73.51870059727524,44.67895946029498,26.09662940094032,True,True,True,True,False,4,9
Prince,1958-06-07,2016,death,58,131.8466338753564,9.442848078484428,76.47797455712772,329.4316837335315,55.368659318228666,40.01116434495293,92.95422456070396,68.6960304797671,38.46975266900141,True,True,True,True,True,5,3
Madonna,1958-08-16,1983,career,25,167.0692157097675,123.68171201625074,142.9127117006623,158.494707920531,24.15650400910519,325.1870040957198,353.3712337359787,30.666890427481647,11.355964201838098,True,True,True,True,False,8,4
Madonna,1958-08-16,1985,marriage,27,169.0150624035278,152.29626317839242,142.9127117006623,158.494707920531,26.102350702865493,353.8015552578614,355.7601494987466,33.13856772080614,12.060195060283178,True,False,False,True,False,8,4
Madonna,1958-08-16,1989,divorce,31,172.91299456138796,212.0153401632154,142.9127117006623,158.494707920531,30.00028286072566,53.5206322426844,1.6267593469437998,38.0887570412885,13.354078059634908,True,True,False,True,False,9,5
Madonna,1958-08-16,1996,child,38,179.75271882547267,307.9669191939228,142.9127117006623,158.494707920531,36.84000712481037,149.47221127339182,13.859564950017557,46.771241557785245,15.220448108823518,True,True,False,True,True,7,4
Madonna,1958-08-16,2000,marriage,42,183.67158257436827,356.9949844921328,142.9127117006623,158.494707920531,40.75887087370597,198.5002765716018,21.19800309437005,51.742835828808765,16.038527813463766,True,True,False,True,True,5,5
Madonna,1958-08-16,2008,divorce,50,191.53664460997308,92.6496670598428,142.9127117006623,158.494707920531,48.62393290931078,294.1549591393118,35.58398692556915,61.707905850626375,17.06765267281464,True,True,True,True,True,2,5
Whitney Houston,1963-08-09,1985,career,22,157.72290314917893,300.16304584294835,136.5371564115,14.711011500571109,21.185746737678926,285.45203434237726,23.43548125839638,27.219722047037692,14.022028628753162,True,True,True,True,False,5,2
Whitney Houston,1963-08-09,1992,marriage,29,164.50337089438995,39.659939555561735,136.5371564115,14.711011500571109,27.96621448288994,24.948928054990624,25.08418322972824,35.90731010271625,18.613392172815452,True,True,True,True,False,6,3
Whitney Houston,1963-08-09,1993,child,30,165.47410035691365,54.12639484673134,136.5371564115,14.711011500571109,28.936943945413645,39.415383346160226,24.938544691914018,37.14940791588009,19.27430575513378,True,True,True,True,False,4,1
Whitney Houston,1963-08-09,2000,crisis,37,172.28568787023522,149.00023061378272,136.5371564115,14.711011500571109,35.748531458735215,134.2892191132116,20.921125171686555,45.85110659739374,23.936496851938244,True,True,True,True,True,1,0
Whitney Houston,1963-08-09,2007,divorce,44,179.12409168160403,234.6263852915766,136.5371564115,14.711011500571109,42.58693527010402,219.9153737910055,13.808848011992694,54.56187611954627,28.660029717209113,True,True,False,True,True,3,2
Whitney Houston,1963-08-09,2012,death,49,184.02370816505098,295.12179229268776,136.5371564115,14.711011500571109,47.48655175355097,280.41078079211667,10.714485087593545,60.78736385190322,32.07031529603992,True,True,False,True,True,7,3
Kurt Cobain,1967-02-20,1987,career,20,351.525610595853,9.091322506635303,331.4673055237564,98.67417818485782,20.058305072096573,270.41714432177747,347.41629363149406,24.600059020986862,1.3455700623185862,False,True,False,True,False,8,5
Kurt Cobain,1967-02-20,1991,career,24,355.5135602596188,56.486671882656196,331.4673055237564,98.67417818485782,24.04625473586242,317.81249369779835,346.2415233504892,29.481307768762974,1.0390654322598323,False,True,False,True,False,9,9
Kurt Cobain,1967-02-20,1992,marriage,25,356.50906487145954,68.64602995290572,331.4673055237564,98.67417818485782,25.041759347703135,329.9718517680479,346.2114196613853,30.699231589259625,0.9303558723451886,False,True,False,True,False,8,6
Kurt Cobain,1967-02-20,1992,child,25,356.50906487145954,68.64602995290572,331.4673055237564,98.67417818485782,25.041759347703135,329.9718517680479,346.2114196613853,30.699231589259625,0.9303558723451886,False,True,False,True,False,8,6
Kurt Cobain,1967-02-20,1994,death,27,358.49821699561056,93.86019150348149,331.4673055237564,98.67417818485782,27.030911471854154,355.1860133186237,346.44565921937584,33.13204151999486,0.6744566521996092,False,False,False,True,False,10,8
Amy Winehouse,1983-09-14,2003,career,20,191.11772286753035,169.9243115019509,171.5282507745974,270.9411336994503,19.589472092932937,258.9831778025006,0.9882926216023691,6.257619988860625,12.489037244473337,True,True,False,False,True,8,4
Amy Winehouse,1983-09-14,2006,career,23,194.07690376426572,213.73741519966092,171.5282507745974,270.9411336994503,22.548652989668312,302.7962815002106,5.357905689231075,8.138292008222294,14.344317475847959,True,True,False,True,True,6,6
Amy Winehouse,1983-09-14,2007,crisis,24,195.06442488836888,227.66433150249236,171.5282507745974,270.9411336994503,23.536174113771466,316.72319780304207,6.9270253762377365,8.805317834201361,14.961597874473313,True,True,False,True,True,6,8
Amy Winehouse,1983-09-14,2009,divorce,26,197.04106665508738,254.19488312771765,171.5282507745974,270.9411336994503,25.512815880489967,343.2537494282674,10.180636014924744,10.19518042836998,16.19440792814035,True,True,True,True,True,4,7
Amy Winehouse,1983-09-14,2011,death,28,199.0197459003278,279.1732534067022,171.5282507745974,270.9411336994503,27.49149512573038,8.232119707251911,13.540560403584607,11.655021183606465,17.42483514998895,True,False,True,True,True,3,6
Bob Dylan,1941-05-24,1961,career,20,82.42366672652746,319.97718304618127,63.27274272966958,48.54309532813289,19.150923996857877,271.4340877180484,21.669182026601405,24.527859777767716,13.017162398726896,False,True,True,True,False,5,7
Bob Dylan,1941-05-24,1965,career,24,86.24283988176175,9.786141053828578,63.27274272966958,48.54309532813289,22.970097152092173,321.2430457256957,22.880746947382136,29.42344577063257,15.531930490199954,False,True,True,True,False,2,6
Bob Dylan,1941-05-24,1966,crisis,25,87.1974270235387,21.653869992356935,63.27274272966958,48.54309532813289,23.924684293869113,333.11077466422404,22.99522154688519,30.646939153359355,16.15466288592006,False,True,True,True,False,2,7
Bob Dylan,1941-05-24,1965,marriage,24,86.24283988176175,9.786141053828578,63.27274272966958,48.54309532813289,22.970097152092173,321.2430457256957,22.880746947382136,29.42344577063257,15.531930490199954,False,True,True,True,False,2,6
Bob Dylan,1941-05-24,1977,divorce,36,97.69304352218809,158.36504882783132,63.27274272966958,48.54309532813289,34.42030079251851,109.82195349969842,19.727908440027747,44.09348825403741,22.81811672378717,True,True,True,True,False,4,5
Bob Dylan,1941-05-24,1986,marriage,45,106.27203060624001,286.714598597034,63.27274272966958,48.54309532813289,42.99928787657043,238.17150326890112,14.735364342576446,55.072510193296196,27.966184450640753,True,True,True,True,True,0,9
Bob Dylan,1941-05-24,1992,divorce,51,111.99198297051461,5.8533665893109905,63.27274272966958,48.54309532813289,48.71924024084503,317.3102712611781,13.680447097934277,62.37881261879416,31.213653417342528,True,True,True,True,True,2,7
Jimi Hendrix,1942-11-27,1966,career,24,268.92208913516924,75.81616617780676,244.53976738845614,114.63872723006408,24.382321746713103,321.1774389477427,37.76662983133704,30.170475502741482,16.689747086437677,False,True,True,True,True,5,0
Jimi Hendrix,1942-11-27,1967,career,25,269.94024038892957,87.76288269496217,244.53976738845614,114.63872723006408,25.400473000473426,333.1241554648981,39.34502530764118,31.427024063936443,17.39299818708784,False,True,True,True,True,4,1
Jimi Hendrix,1942-11-27,1969,career,27,271.9769144951205,111.4661359707155,244.53976738845614,114.63872723006408,27.437147106664384,356.82740874065144,42.49511009449154,33.93991670467565,18.80145711052765,True,False,True,True,True,6,2
Jimi Hendrix,1942-11-27,1970,death,28,272.99543756924015,123.27954367640817,244.53976738845614,114.63872723006408,28.45567018078401,8.64081644634409,44.06449237688983,35.19626026739982,19.506668074998345,True,True,True,True,True,4,5
Janis Joplin,1943-01-19,1966,career,23,321.79920200762984,44.66027712048924,298.44988259633004,96.34490492119639,23.349319411299803,308.3153721992928,347.12276093238785,28.7303979448036,16.742566600390774,True,True,True,True,True,7,4
Janis Joplin,1943-01-19,1967,career,24,322.810587618991,57.10386930592612,298.44988259633004,96.34490492119639,24.360705022660966,320.7589643847297,347.74870427928437,29.97492622542893,17.477069642660922,True,True,True,True,True,4,4
Janis Joplin,1943-01-19,1968,crisis,25,323.8215194459322,69.27988133716921,298.44988259633004,96.34490492119639,25.37163684960217,332.9349764159728,348.4475466262729,31.21893660513956,18.21208194037723,True,True,True,True,True,4,5
Janis Joplin,1943-01-19,1970,death,27,325.8420000905794,93.12772217670863,298.44988259633004,96.34490492119639,27.392117494249362,356.7828172555122,350.0404869532616,33.705346435200624,19.683631810909276,True,False,True,True,True,5,3
Jim Morrison,1943-12-08,1965,career,22,277.91838153344173,323.6918520397293,255.52334864069286,36.98120549980803,22.395032892748873,286.7106465399213,24.205558393107026,25.422965401460687,353.8993863164726,True,True,False,False,False,5,3
Jim Morrison,1943-12-08,1967,career,24,279.9573754646273,352.56131198534115,255.52334864069286,36.98120549980803,24.43402682393446,315.5801064855331,23.926902299727203,27.78852562917666,353.6368156891085,True,True,False,False,False,5,1
Jim Morrison,1943-12-08,1969,crisis,26,281.9960962031896,20.383960209067453,255.52334864069286,36.98120549980803,26.47274756249675,343.4027547092594,22.86283706311798,30.160605521120317,353.4297823039357,True,True,False,True,False,3,4
Jim Morrison,1943-12-08,1971,death,28,284.03451003145057,47.11041342677256,255.52334864069286,36.98120549980803,28.511161390757707,10.129207926964533,21.058207699409536,32.53893462308761,353.2779126265341,True,False,False,True,False,3,1
Elton John,1947-03-25,1970,career,23,26.227159399282307,335.3685266822397,3.588238885228952,33.74523025725648,22.638920514053353,301.6232964249832,21.703906025240542,27.270154145833033,17.94437286685445,False,True,True,True,True,7,7
Elton John,1947-03-25,1975,career,28,31.11196897176482,43.00986017630085,3.588238885228952,33.74523025725648,27.52373008653587,9.264629919044367,29.185351126870557,33.24551485524114,21.812743464568825,True,False,True,True,True,5,6
Elton John,1947-03-25,1984,marriage,37,39.869922463349326,170.29600238778676,3.588238885228952,33.74523025725648,36.28168357812037,136.55077213053028,44.491630951405625,44.0271547688734,28.736243551362918,True,True,True,True,True,5,3
Elton John,1947-03-25,1988,divorce,41,43.74752792251264,222.35559047061568,3.588238885228952,33.74523025725648,40.159289037283685,188.6103602133592,52.055012324723634,48.82819685265741,31.795248684789954,True,True,True,True,True,2,5
Elton John,1947-03-25,1990,crisis,43,45.68347294568463,247.03824028605433,3.588238885228952,33.74523025725648,42.095234060455674,213.29301002879785,56.01155155728236,51.23099847899687,33.3205912893128,True,True,True,True,True,4,5
Elton John,1947-03-25,2005,marriage,58,60.15434396338168,81.05383042789194,3.588238885228952,33.74523025725648,56.566105078152724,47.30860017063546,88.07028277174305,69.29613449574691,44.66562496235605,True,True,True,True,True,8,5
Stevie Wonder,1950-05-13,1963,career,13,64.84633080805453,177.69055118341097,52.33328122877865,15.979702065934893,12.51304957927588,161.71084911747607,354.53274984512785,14.598870364225954,2.4003969196803894,True,True,False,False,False,7,7
Stevie Wonder,1950-05-13,1972,career,22,73.470904144819,309.8826147939261,52.33328122877865,15.979702065934893,21.13762291604035,293.90291272799124,356.976799838629,24.87572403407229,4.944299404551572,True,True,False,True,False,4,7
Stevie Wonder,1950-05-13,1975,crisis,25,76.3413411929888,348.6801700924429,52.33328122877865,15.979702065934893,24.008059964210155,332.700468026508,359.06295863897014,28.32811491384775,5.926639111024542,True,True,False,True,False,7,8
Stevie Wonder,1950-05-13,2001,marriage,51,101.15844300917318,331.45346945061283,52.33328122877865,15.979702065934893,48.82516178039453,315.47376738467796,38.212229782476626,58.677608369689075,16.686758951486553,True,True,True,True,True,9,4
Stevie Wonder,1950-05-13,2012,divorce,62,111.64805707313731,105.52340933629763,52.33328122877865,15.979702065934893,59.31477584435866,89.54370727036275,61.781369074200555,71.7174445533657,22.184572388776104,True,True,True,True,True,7,8
Bruce Springsteen,1949-09-23,1973,career,24,204.22839793347654,149.4810211310893,180.56073899837634,200.90733133234832,23.667658935100206,308.573689798741,347.5102940969146,27.73026511825654,14.353405794619277,False,True,False,True,False,5,3
Bruce Springsteen,1949-09-23,1975,career,26,206.216134606652,178.77451780313768,180.56073899837634,200.90733133234832,25.655395608275654,337.86718647078936,349.41886418200545,29.99757190086902,15.515317111472257,False,True,False,True,False,6,4
Bruce Springsteen,1949-09-23,1985,marriage,36,216.1877082612614,320.5333791508203,180.56073899837634,200.90733133234832,35.62696926288507,119.62604781847196,3.4761658791734646,41.19711800530396,21.230941044387947,True,True,False,True,True,5,4
Bruce Springsteen,1949-09-23,1989,divorce,40,220.18937993016473,8.48526710015766,180.56073899837634,200.90733133234832,39.6286409317884,167.57793576780935,9.951306525481897,45.598043844243335,23.470204815340338,True,True,False,True,True,6,3
Bruce Springsteen,1949-09-23,1991,marriage,42,222.19303967677223,32.08288200601466,180.56073899837634,200.90733133234832,41.63230067839589,191.17555067366635,13.22451632073475,47.7782390008459,24.579270539381213,True,True,True,True,True,4,2
Billy Joel,1949-05-09,1973,career,24,71.50536578684199,138.78193239003926,48.42086849572591,185.12929119907994,23.08449729111608,313.65264119095934,4.095660337458241,29.494249790994232,17.575055175522422,True,True,False,True,False,7,3
Billy Joel,1949-05-09,1977,career,28,75.33427671109776,195.20591594640914,48.42086849572591,185.12929119907994,26.913408215371845,10.076624747329191,1.884465427334547,34.39796387734343,20.45301473394803,True,False,False,True,False,5,5
Billy Joel,1949-05-09,1985,marriage,36,82.97885464062296,306.48470974108653,48.42086849572591,185.12929119907994,34.55798614489704,121.35541854200659,359.0211434821799,44.193970446306025,26.164271824185697,True,True,False,True,True,6,7
Billy Joel,1949-05-09,1994,divorce,45,91.56867854472672,55.398642683380096,48.42086849572591,185.12929119907994,43.14781004900081,230.26935148430016,1.021642332853233,55.19916542738183,32.52002557439359,True,True,False,True,True,6,8
Billy Joel,1949-05-09,2004,marriage,55,101.1068084967727,191.86080312109627,48.42086849572591,185.12929119907994,52.68594000104679,6.731511922016324,10.273325249458992,67.40795626171757,39.49434450617279,True,False,False,True,True,5,3
Billy Joel,1949-05-09,2009,divorce,60,105.87263646205442,261.7382571408277,48.42086849572591,185.12929119907994,57.451767966328504,76.60896594174778,17.41010464552025,73.5015810310031,42.945609520778326,True,True,False,True,True,3,5
Billy Joel,1949-05-09,2015,marriage,66,111.59210229647796,339.41922363422265,48.42086849572591,185.12929119907994,63.17123380075205,154.2899324351427,27.926526544456564,80.8034911042702,47.0566868416573,True,True,True,True,True,3,6
Eric Clapton,1945-03-30,1963,career,18,26.9735517188188,93.13793694031943,9.286415732425068,206.99009734504523,17.687135986393734,246.1478395952742,353.6568001988241,351.2073724118557,13.98445761305021,False,True,False,True,False,10,3
Eric Clapton,1945-03-30,1970,crisis,25,33.80244434554157,180.25058931282848,9.286415732425068,206.99009734504523,24.516028613116504,333.26049196778325,350.2741053652622,347.23205320805414,19.402206199448926,True,False,False,True,False,8,2
Eric Clapton,1945-03-30,1979,marriage,34,42.543516273961394,289.5426113284479,9.286415732425068,206.99009734504523,33.257100541536325,82.55251398340266,351.47873443993416,344.3527733899248,26.3419793294413,True,True,False,True,True,3,2
Eric Clapton,1945-03-30,1985,divorce,40,48.35174013263515,13.240374418980359,9.286415732425068,206.99009734504523,39.06532440021008,166.25027707393514,355.523870953447,344.22546863761585,30.949163708947367,True,True,False,True,True,5,1
Eric Clapton,1945-03-30,1991,crisis,46,54.145668825665226,101.50759589546718,9.286415732425068,206.99009734504523,44.859253093240156,254.51749855042195,1.5876718061044102,345.436386646036,35.5362871202812,True,True,False,True,True,7,4
Eric Clapton,1945-03-30,2002,marriage,57,64.72570782898228,236.73947868500574,9.286415732425068,206.99009734504523,55.43929209655721,29.749381339960507,16.87286084564846,350.4263366112611,43.881634372383246,True,True,True,True,True,4,2
Mick Jagger,1943-07-26,1962,career,19,140.44386846884308,296.16221144690115,122.24575804398597,55.014394529806175,18.198110424857106,241.14781691709499,32.565214401157476,6.884633377407823,11.970061514005224,False,True,True,False,False,6,4
Mick Jagger,1943-07-26,1971,marriage,28,149.09962539127395,64.1640392394749,122.24575804398597,55.014394529806175,26.853867347287974,9.149644709668728,44.52940057406147,5.852555140584855,17.232312329176338,False,True,True,False,False,5,6
Mick Jagger,1943-07-26,1978,divorce,35,155.85762460637,147.88165913481043,122.24575804398597,55.014394529806175,33.61186656238402,92.86726460500427,51.94811323812465,2.955012162539475,21.099619496946893,True,True,True,False,True,4,7
Mick Jagger,1943-07-26,1990,marriage,47,167.4929718478008,305.02612149370486,122.24575804398597,55.014394529806175,45.247213803814816,250.0117269638987,58.40055477486695,355.83636505351956,27.167931515625128,True,True,True,False,True,8,7
Mick Jagger,1943-07-26,1999,divorce,56,176.2626668413823,72.66760788492738,122.24575804398597,55.014394529806175,54.016908797396326,17.653213355121203,54.479096583441645,351.799193371325,31.16628546416372,True,True,True,False,True,3,8
Taylor Swift,1989-12-13,2006,career,17,278.63077856722805,304.86723497008006,261.3178783777963,90.4768418138798,17.31290018943173,214.39039315620028,17.32353695309007,4.5994670066691015,11.856947869364461,True,True,False,False,True,6,1
Taylor Swift,1989-12-13,2008,career,19,280.66982918965465,331.3614168079871,261.3178783777963,90.4768418138798,19.35195081185833,240.8845749941073,17.176852972574977,4.434604869882776,13.263216331560443,True,True,False,False,True,6,3
Taylor Swift,1989-12-13,2014,career,25,286.7852929010407,55.51690678522378,261.3178783777963,90.4768418138798,25.467414523244372,325.040064971344,12.270686534171261,2.9403386777497644,17.495347925898102,True,True,False,False,True,5,2
Taylor Swift,1989-12-13,2016,crisis,27,288.8230413167588,84.45615749081755,261.3178783777963,90.4768418138798,27.505162938962485,353.97931567693774,9.644223103163483,2.1270904076066586,18.910708852757324,True,True,False,False,True,6,0
Taylor Swift,1989-12-13,2020,career,31,292.89736342649957,139.99344118722667,261.3178783777963,90.4768418138798,31.579485048703248,49.516599373346864,4.702753612428296,0.1149784339239659,21.748554364334097,True,True,False,False,True,6,3
Beyoncé,1981-09-04,1997,career,16,177.34689331717556,82.01235512488451,161.77752430088907,228.42461331808838,15.569369016286487,213.58774180679615,21.07518057374429,18.71806765882485,10.027121151253496,False,True,False,True,False,4,5
Beyoncé,1981-09-04,2003,career,22,183.22269972707886,162.6830663198245,161.77752430088907,228.42461331808838,21.445175426189792,294.25845300173614,26.92529322541199,25.655434282342583,13.72536200489823,True,True,False,True,False,6,5
Beyoncé,1981-09-04,2008,marriage,27,188.13514537555432,224.6320466287526,161.77752430088907,228.42461331808838,26.357621074665246,356.2074333106642,30.31446311689055,31.396484306126922,16.778694638267083,True,False,True,True,False,7,3
Beyoncé,1981-09-04,2012,child,31,192.07469215186777,272.0800143382065,161.77752430088907,228.42461331808838,30.297167850978695,43.65540102011815,31.573941145679157,35.958879429733344,19.201785454428503,True,True,True,True,False,8,2
Beyoncé,1981-09-04,2016,crisis,35,196.02220459622947,321.9172387376627,161.77752430088907,228.42461331808838,34.2446802953404,93.4926254195743,31.051898660241534,40.489916489506925,21.606833179083438,True,True,True,True,False,6,4
Beyoncé,1981-09-04,2017,child,36,197.01030211012525,335.35141104374884,161.77752430088907,228.42461331808838,35.23277780923618,106.92679772566046,30.594419643036304,41.61725389188905,22.205215359735675,True,True,True,True,False,6,3
Lady Gaga,1986-03-28,2008,career,22,29.051379601922335,142.05720656415622,7.424883707835079,218.41390378793562,21.626495894087256,283.6433027762206,14.145427197202878,27.07044537361662,10.34066526219948,False,True,True,True,False,4,6
Lady Gaga,1986-03-28,2010,career,24,31.003415593231146,168.91860653813845,7.424883707835079,218.41390378793562,23.578531885396067,310.5047027502028,16.67989917153784,29.517207800916268,11.186018690993592,True,True,True,True,False,6,5
Lady Gaga,1986-03-28,2011,crisis,25,31.978530963238423,182.99602721323907,7.424883707835079,218.41390378793562,24.553647255403344,324.58212342530345,18.000586534505146,30.73957579809216,11.601684737782364,True,True,True,True,False,6,4
Lady Gaga,1986-03-28,2015,crisis,29,35.87362324257114,242.26302677189437,7.424883707835079,218.41390378793562,28.448739534736063,23.84912298395875,23.620642118038006,35.622507550567356,13.215249616331675,True,True,True,True,False,5,7
Lady Gaga,1986-03-28,2018,career,32,38.790052201880954,286.3849117244509,7.424883707835079,218.41390378793562,31.365168494045875,67.97100793651526,28.174481405461677,39.27809341771535,14.370123580354232,True,True,True,True,False,6,5
Adele,1988-05-05,2008,career,20,64.12911082823477,169.63757181932334,44.83878939572445,263.7775792477858,19.290321432510325,265.85999257153753,24.413022384314488,5.069179346669671,12.963284417698844,True,True,False,True,True,10,5
Adele,1988-05-05,2011,career,23,67.00841074908206,206.26611645012807,44.83878939572445,263.7775792477858,22.169621353357613,302.4885372023423,25.653864382809374,4.577856286752322,14.860146984462233,True,True,False,False,True,8,6
Adele,1988-05-05,2012,child,24,67.96743219092073,219.06208898335143,44.83878939572445,263.7775792477858,23.128642795196285,315.2845097355656,25.91155258130587,4.333103829182875,15.489145247357499,True,True,False,False,True,10,2
Adele,1988-05-05,2016,career,28,71.80040429636456,273.5657896135404,44.83878939572445,263.7775792477858,26.961614900640114,9.788210365754594,26.165790634710035,2.965457290569404,17.987656926732143,True,True,False,False,True,8,3
Adele,1988-05-05,2019,divorce,31,74.67243631796258,316.36481641437433,44.83878939572445,263.7775792477858,29.83364692223813,52.58723716658852,25.58475895702462,1.570733615718936,19.84147064983074,True,True,False,False,True,9,3
Rihanna,1988-02-20,2005,career,17,348.00363872476595,220.6509430787048,330.93507356359646,8.697777693368774,17.068565161169488,211.95316538533604,7.294374039513855,19.426099710125698,11.461905778338405,False,True,False,True,True,5,4
Rihanna,1988-02-20,2007,career,19,350.00219116172417,246.49510316732204,330.93507356359646,8.697777693368774,19.06711759812771,237.79732547395326,9.395730932637548,21.65105355853921,12.81237360741153,False,True,False,True,True,4,7
Rihanna,1988-02-20,2009,crisis,21,351.99897786958417,273.6570113082748,330.93507356359646,8.697777693368774,21.063904305987705,264.959233614906,11.653662437396747,23.86128240147977,14.163156220235862,False,True,False,True,True,8,8
Rihanna,1988-02-20,2012,career,24,354.9906977616453,317.01092718501195,330.93507356359646,8.697777693368774,24.05562419804886,308.3131494916432,15.298952016471901,27.147422373121607,16.189490235401706,False,True,False,True,True,7,4
Rihanna,1988-02-20,2022,child,34,4.927500036568741,96.87546623703346,330.93507356359646,8.697777693368774,33.992426472972284,88.17768854366469,29.281310127399593,37.8092507448475,22.939348515640233,True,True,True,True,True,9,1
Bruno Mars,1985-10-08,2004,career,19,214.01300266015434,20.607352278808932,195.14775153361566,120.23843335383242,18.86525112653868,260.3689189249765,28.07931455029157,23.546889127285596,11.943044198294672,True,True,True,True,False,7,6
Bruno Mars,1985-10-08,2010,career,25,220.00896289059995,91.75048239115515,195.14775153361566,120.23843335383242,24.861211356984285,331.51204903732275,35.860442972927245,31.02726960722009,15.703445520585575,True,True,True,True,True,4,5
Bruno Mars,1985-10-08,2014,career,29,224.01767046209457,142.03363147889263,195.14775153361566,120.23843335383242,28.86991892847891,21.79519812506021,40.52206268118712,36.02440466115726,18.208049658940098,True,False,True,True,True,4,6
Bruno Mars,1985-10-08,2017,career,32,227.03014323842947,183.70430970893386,195.14775153361566,120.23843335383242,31.882391704813813,63.46587635510144,43.58881005122751,39.77692209583077,20.085021865461044,True,True,True,True,True,5,7
Ed Sheeran,1991-02-17,2011,career,20,348.41011811413364,269.8876385656582,328.31920687513616,1.5589790645896868,20.090911238997478,268.32865950106856,36.696658332169534,24.58361521491537,8.832140510771637,True,True,True,True,False,6,4
Ed Sheeran,1991-02-17,2014,career,23,351.40745635785845,305.84558915917444,328.31920687513616,1.5589790645896868,23.08824948272229,304.2866100945848,42.53891239967339,28.241664572103275,10.270362291386562,True,True,True,True,False,6,6
Ed Sheeran,1991-02-17,2017,career,26,354.40034433546515,344.0219616752687,328.31920687513616,1.5589790645896868,26.08113746032899,342.46298261067903,48.26797468910098,31.89110776249686,11.732921170949567,True,True,True,True,False,6,6
Ed Sheeran,1991-02-17,2019,marriage,28,356.3929387340614,11.045635145725853,328.31920687513616,1.5589790645896868,28.073731858925214,9.486656081136166,51.944807895135,34.31903605717389,12.720762467305207,True,False,True,True,False,5,8
Ed Sheeran,1991-02-17,2020,child,29,357.38839483708335,24.93594239616543,328.31920687513616,1.5589790645896868,29.069187961947193,23.376963331575745,53.719146413581655,35.53143055294174,13.218369331941801,True,False,True,True,False,6,7
Katy Perry,1984-10-25,2008,career,24,236.16142075039903,173.04021441706044,212.08536848152278,223.6329937179546,24.076052268876253,309.40722069910584,35.0338698820498,29.02181862604607,17.72634770680793,False,True,True,True,True,2,3
Katy Perry,1984-10-25,2010,marriage,26,238.18062794480255,202.28862411730222,212.08536848152278,223.6329937179546,26.095259463279774,338.6556303993476,37.596617627328925,31.423215291571125,19.228578367603347,False,True,True,True,True,3,3
Katy Perry,1984-10-25,2012,divorce,28,240.20174802121895,231.74199456965235,212.08536848152278,223.6329937179546,28.11637953969617,8.109000851697743,40.0387293669277,33.821478306519566,20.73404346244888,True,False,True,True,True,6,3
Katy Perry,1984-10-25,2013,crisis,29,241.21296891240306,246.26424558217408,212.08536848152278,223.6329937179546,29.12760043088028,22.63125186421948,41.20387507367096,35.019355867024444,21.487937673620934,True,True,True,True,True,7,4
Katy Perry,1984-10-25,2020,child,36,248.3009349133915,338.28187327858376,212.08536848152278,223.6329937179546,36.21556643186872,114.64887956062915,47.70460355769765,43.37617524494408,26.783258560203706,True,True,True,True,True,6,9
Ariana Grande,1993-06-26,2013,career,20,114.32758581395738,81.14187136594111,95.25854610934937,184.45373707929286,19.069039704608016,256.6881342866483,354.00755056403284,21.586760397615677,11.82862650298469,False,True,False,True,False,2,5
Ariana Grande,1993-06-26,2016,career,23,117.19152889198486,122.67397199597478,95.25854610934937,184.45373707929286,21.93298278263549,298.22023491668193,352.3244744532572,24.92610704267689,13.640833084166843,False,True,False,True,False,3,4
Ariana Grande,1993-06-26,2017,crisis,24,118.14642262297055,137.13653457289064,95.25854610934937,184.45373707929286,22.88787651362118,312.6827974935978,351.8699114052771,26.043940314078668,14.247030658368402,False,True,False,True,False,2,2
Ariana Grande,1993-06-26,2018,crisis,25,119.10141538785268,151.75168829345316,95.25854610934937,184.45373707929286,23.842869278503315,327.2979512141603,351.48374481725807,27.164030156612085,14.85426904146965,False,True,False,True,False,3,4
Ariana Grande,1993-06-26,2021,marriage,28,121.96694745217494,195.3817725037284,95.25854610934937,184.45373707929286,26.708401342825567,10.928035424435535,350.80730055511276,30.537427593178236,16.682140377810185,True,False,False,True,False,1,4
Justin Bieber,1994-03-01,2008,career,14,354.6741509805104,29.77596921320251,340.67166725233926,208.34151657451935,14.002483728171114,181.43445263868315,3.883507693462718,17.43048118784759,11.010765116741709,False,True,False,True,True,7,4
Justin Bieber,1994-03-01,2010,career,16,356.6661264427312,53.34728676933524,340.67166725233926,208.34151657451935,15.994459190391922,205.0057701948159,5.633034520509568,19.914017249545964,12.582841140946186,False,True,False,True,True,8,3
Justin Bieber,1994-03-01,2014,crisis,20,0.6427462067453998,102.15571371660387,340.67166725233926,208.34151657451935,19.971078954406153,253.81419714208454,9.702507990950153,24.87526083294739,15.725058331966522,True,True,True,True,True,5,4
Justin Bieber,1994-03-01,2018,marriage,24,4.609175483351424,157.14558215840253,340.67166725233926,208.34151657451935,23.937508231012146,308.8040655838832,14.403775417081135,29.828052646828326,18.863903261737562,True,True,True,True,True,7,4
Kanye West,1977-06-08,2004,career,27,103.21070414401306,339.73990663210805,77.44011840296612,344.29209275029757,25.770585741046943,355.4478138818105,53.558119209172084,26.773624286528086,19.67608897612085,True,False,True,False,False,5,2
Kanye West,1977-06-08,2007,crisis,30,106.07070312971084,17.99819528074275,77.44011840296612,344.29209275029757,28.630584726744715,33.70610253044515,59.72896984965552,29.967148521788427,21.81081602566364,True,True,True,True,False,4,5
Kanye West,1977-06-08,2014,marriage,37,112.74810861791346,101.53900042150174,77.44011840296612,344.29209275029757,35.30799021494734,117.24690767120416,73.10327101853088,37.538259664676275,26.747553226452595,True,True,True,True,False,6,4
Kanye West,1977-06-08,2016,crisis,39,114.65697171372639,126.16647277617125,77.44011840296612,344.29209275029757,37.21685331076027,141.87438002587368,76.64460720792201,39.728863313403366,28.14592472206646,True,True,True,True,False,10,4
Kanye West,1977-06-08,2021,divorce,44,119.4306029025649,190.9322175470971,77.44011840296612,344.29209275029757,41.99048449959878,206.64012479679954,84.95067602537989,45.25240534803902,31.616664005932044,True,True,True,True,True,7,6
Jay-Z,1969-12-04,1996,career,27,279.64667135341557,184.46832470025507,252.17138358113078,188.84119293354712,27.475287772284787,355.627131766708,36.522647785961965,33.96439043883777,20.121677957037605,True,False,True,True,True,6,5
Jay-Z,1969-12-04,2003,career,34,286.7832074644874,281.6892469758067,252.17138358113078,188.84119293354712,34.611823883356635,92.8480540422596,36.829322750940776,42.77305837880772,25.340221540299694,True,True,True,True,True,7,1
Jay-Z,1969-12-04,2008,marriage,39,291.8800142035888,356.04638206982185,252.17138358113078,188.84119293354712,39.70863062245803,167.20518913627473,31.74337772408262,49.063706572319575,29.063251487350783,True,True,True,True,True,4,2
Jay-Z,1969-12-04,2012,child,43,295.95440232488323,49.01639379200549,252.17138358113078,188.84119293354712,43.78301874375245,220.17520085845837,26.601219300257526,54.09414724307277,32.03675825595229,True,True,True,True,True,5,3
Jay-Z,1969-12-04,2017,child,48,301.04285714575457,109.78908762375363,252.17138358113078,188.84119293354712,48.871473564623784,280.9478946902065,22.392927656828704,60.3795153541883,35.74566209914639,True,True,True,True,True,6,4
Eminem,1972-10-17,1999,career,27,231.2158355419335,312.91790925242424,204.21414996696896,317.1342063381862,27.00168557496454,355.78370291423806,30.012941828476727,32.37313280929607,17.691762260045692,True,False,True,True,False,7,8
Eminem,1972-10-17,2000,career,28,232.2228963710858,325.68851084752225,204.21414996696896,317.1342063381862,28.008746404116835,8.554304509336077,30.27612281261122,33.59265797121003,18.35224834250468,True,False,True,True,False,5,7
Eminem,1972-10-17,1999,marriage,27,231.2158355419335,312.91790925242424,204.21414996696896,317.1342063381862,27.00168557496454,355.78370291423806,30.012941828476727,32.37313280929607,17.691762260045692,True,False,True,True,False,7,8
Eminem,1972-10-17,2001,divorce,29,233.23031662758046,338.87910916718073,204.21414996696896,317.1342063381862,29.016166660611503,21.744902828994555,30.40203419592916,34.8132804447429,19.013086539363485,True,True,True,True,False,6,6
Eminem,1972-10-17,2006,marriage,34,238.27293837705665,51.64057618568008,204.21414996696896,317.1342063381862,34.058788410087686,94.50636984749389,28.61279465873207,40.93238592892695,22.32296316818983,True,True,True,True,True,3,5
Eminem,1972-10-17,2006,divorce,34,238.27293837705665,51.64057618568008,204.21414996696896,317.1342063381862,34.058788410087686,94.50636984749389,28.61279465873207,40.93238592892695,22.32296316818983,True,True,True,True,True,3,5
Tupac Shakur,1971-06-16,1991,career,20,103.77492605795881,259.4307029276163,84.69633506134836,0.5356633214957017,19.078590996610444,258.89503960612063,41.56340837237745,24.37325479868143,3.4888126105223023,True,True,True,False,False,7,7
Tupac Shakur,1971-06-16,1994,crisis,23,106.6339635309685,300.3271215240206,84.69633506134836,0.5356633214957017,21.937628469620137,299.7914582025249,46.873289568303036,28.039271339926785,3.613164122260798,True,True,True,True,False,4,10
Tupac Shakur,1971-06-16,1995,crisis,24,107.5870341604427,314.4303431762114,84.69633506134836,0.5356633214957017,22.890699099094334,313.8946798547157,48.57586476036107,29.2619618227465,3.6294137267645397,True,True,True,True,False,5,5
Tupac Shakur,1971-06-16,1996,death,25,108.54017342598844,328.6685609902783,84.69633506134836,0.5356633214957017,23.843838364640078,328.1328976687826,50.24474650121469,30.48500880522957,3.632888011375883,True,True,True,True,False,7,4
Notorious BIG,1972-05-21,1994,career,22,81.6011978333832,95.63472727302428,60.521246177788065,167.07221685444432,21.07995165559513,288.56251041857996,46.25029381996716,355.48468546266645,14.013236007423856,False,True,True,True,False,10,2
Notorious BIG,1972-05-21,1994,marriage,22,81.6011978333832,95.63472727302428,60.521246177788065,167.07221685444432,21.07995165559513,288.56251041857996,46.25029381996716,355.48468546266645,14.013236007423856,False,True,True,True,False,10,2
Notorious BIG,1972-05-21,1996,crisis,24,83.51250566204513,123.92935359102607,60.521246177788065,167.07221685444432,22.991259484257064,316.85713673658177,50.366794494610154,354.3023694326356,15.28375159176116,False,True,True,True,False,6,3
Notorious BIG,1972-05-21,1997,death,25,84.46779061481466,137.43120927036534,60.521246177788065,167.07221685444432,23.946544437026596,330.358992415921,52.377165283387704,353.69042436302004,15.918777423683267,False,True,True,True,False,7,1
Bob Marley,1945-02-06,1963,career,18,335.1293368639697,122.36451399680513,316.9501478899956,234.6459564304208,18.179188973974078,247.71855756638433,30.030628275194033,16.23701492250062,13.833566269319704,True,True,True,False,True,4,7
Bob Marley,1945-02-06,1966,marriage,21,338.1439232045854,159.24834475978264,316.9501478899956,234.6459564304208,21.1937753145898,284.6023883293618,35.51635651790542,18.542243030095026,16.15104547503779,True,True,True,False,True,2,4
Bob Marley,1945-02-06,1974,career,29,346.16196623276835,255.20966157542134,316.9501478899956,234.6459564304208,29.211818342772744,20.56370514500054,50.76840116642535,23.891868871714173,22.345262734813332,True,True,True,False,True,4,3
Bob Marley,1945-02-06,1976,crisis,31,348.1620573130947,280.7684541671006,316.9501478899956,234.6459564304208,31.211909423099087,46.122497736679776,54.66724452935682,25.016731983347654,23.89680574558696,True,True,True,False,True,7,6
Bob Marley,1945-02-06,1981,death,36,353.1540006615484,352.35520442385115,316.9501478899956,234.6459564304208,36.20385277155282,117.70924799343035,64.2941395606963,27.382368545504754,27.77942922686657,True,True,True,True,True,8,6
Aretha Franklin,1942-03-25,1960,career,18,22.37120285770408,351.29228158722424,4.6411292105070485,104.9582195861183,17.73007364719703,246.33406200110593,31.548445925876877,16.096513720729035,10.84988036293835,False,True,True,True,False,6,7
Aretha Franklin,1942-03-25,1967,career,25,29.220892685182836,77.32326589153244,4.6411292105070485,104.9582195861183,24.579763474675786,332.3650463054141,45.86877346263515,23.05728090447377,15.098726849758975,False,True,True,True,False,6,3
Aretha Franklin,1942-03-25,1978,marriage,36,39.92754833702962,220.2237829655908,4.6411292105070485,104.9582195861183,35.286419126522574,115.2655633794725,69.03901483427535,34.498080820416305,21.798733814880933,True,True,True,True,True,3,5
Aretha Franklin,1942-03-25,1984,divorce,42,45.74152338541202,308.4634654990825,4.6411292105070485,104.9582195861183,41.10039417490498,203.50524591296417,80.30454643996433,40.941804403280116,25.462237289592977,True,True,True,True,True,4,8
Aretha Franklin,1942-03-25,2018,death,76,78.42634986363029,35.172322830809115,4.6411292105070485,104.9582195861183,73.78522065312325,290.2141032446908,100.05103626078585,79.11743185660151,46.340100211159424,True,True,True,True,True,4,6
Johnny Cash,1932-02-26,1955,career,23,359.48751470988697,148.91336855454745,336.50058772290794,214.34015161903918,22.98692698697903,294.5732169355083,41.532288316861695,26.573588276259063,18.119791420556055,False,True,True,True,False,5,3
Johnny Cash,1932-02-26,1958,crisis,26,2.4629954885182777,193.5714328562028,336.50058772290794,214.34015161903918,25.96240776561035,339.2312812371636,44.98908830335711,29.93044119938065,20.47160720564716,True,True,True,True,False,3,3
Johnny Cash,1932-02-26,1968,marriage,36,12.347861357798784,331.233296714005,336.50058772290794,214.34015161903918,35.847273634890826,116.89314509496583,48.83976450120207,40.88119187891547,28.285605548954493,True,True,True,True,False,6,4
Johnny Cash,1932-02-26,2003,death,71,46.515834155662624,63.58712629320962,336.50058772290794,214.34015161903918,70.01524643275468,209.24697467417045,44.293718875853244,74.51769338247801,55.1746908883153,True,True,True,True,True,6,7
Dolly Parton,1946-01-19,1967,career,21,320.50231865242455,59.21449720163705,299.18076688459473,147.63483741864093,21.321551767829817,271.57965978299615,34.42021604097596,26.370293336736324,354.0553566019977,True,True,True,True,False,6,5
Dolly Parton,1946-01-19,1966,marriage,20,319.4901786089976,45.096217867510056,299.18076688459473,147.63483741864093,20.309411724402878,257.46138044886914,32.66079817476577,25.116268907555195,354.21892370773685,True,True,True,True,False,4,5
Dolly Parton,1946-01-19,1974,career,28,327.57478886319393,155.7131575037543,299.18076688459473,147.63483741864093,28.3940219785992,8.078320085113376,47.08405060966277,35.141496760164216,353.28508972073115,True,True,True,True,False,6,3
Dolly Parton,1946-01-19,1977,career,31,330.59938310780075,193.9410483410696,299.18076688459473,147.63483741864093,31.418616223206016,46.306210922428676,52.65970975897051,38.89679746498979,353.1515276519024,True,True,True,True,False,8,1
Tina Turner,1939-11-26,1960,career,21,265.0819165459732,344.77196612621464,243.7575856409113,63.89197247027509,21.324330905061885,280.87999365593953,355.79801891416423,26.15707841372415,13.834956909490415,False,True,False,True,False,9,2
Tina Turner,1939-11-26,1962,marriage,23,267.1179494657972,8.507712810398608,243.7575856409113,63.89197247027509,23.360363824885923,304.6157403401235,358.0340570608269,28.643920227678564,15.176195049143814,False,True,False,True,False,8,6
Tina Turner,1939-11-26,1976,divorce,37,281.3795556242017,200.60770270420937,243.7575856409113,63.89197247027509,37.62196998329043,136.71573023393427,16.96342452880461,46.01249732738637,24.627228691500136,True,True,False,True,False,5,6
Tina Turner,1939-11-26,1984,career,45,289.5358725215755,304.86046013039066,243.7575856409113,63.89197247027509,45.77828688066424,240.96848766011556,28.94257765543992,55.90139128574947,30.06324205559605,True,True,True,True,True,2,10
Tina Turner,1939-11-26,2013,marriage,74,319.01401967662645,325.61653573505856,243.7575856409113,63.89197247027509,75.25643403571516,261.72456326478346,77.17129437034149,91.33546885035673,49.81886249216791,True,True,True,True,True,3,7
Tina Turner,1939-11-26,2023,death,84,329.1221921005818,87.94200150303374,243.7575856409113,63.89197247027509,85.36460645967051,24.050029032758644,95.16241657629135,103.32967379317569,56.6109008062387,True,False,True,True,True,7,9
Diana Ross,1944-03-26,1961,career,17,22.929785356445244,252.83702227469203,6.195035089599366,40.68887849827974,16.73475026684588,212.1481437764123,26.86712322495219,20.905491208072874,8.740178696116786,False,True,True,True,True,9,8
Diana Ross,1944-03-26,1970,career,26,31.726625746638412,19.797490943917502,6.195035089599366,40.68887849827974,25.531590657039047,339.10861244563773,30.967158862372198,31.969258468666737,13.564957521597691,True,True,True,True,True,7,7
Diana Ross,1944-03-26,1971,marriage,27,32.701643545462105,34.41984707774473,6.195035089599366,40.68887849827974,26.50660845586274,353.73096857946496,30.923042769535545,33.198308927430276,14.108348887395735,True,False,True,True,True,7,7
Diana Ross,1944-03-26,1977,divorce,33,38.54047909679808,114.51446728509816,6.195035089599366,40.68887849827974,32.345444007198715,73.82558878681843,28.927315217428937,40.57065177239241,17.396662642541727,True,True,True,True,True,5,6
Diana Ross,1944-03-26,1986,marriage,42,47.261062638711465,223.45138013855208,6.195035089599366,40.68887849827974,41.0660275491121,182.76250164027235,23.52540063808277,51.62175261946305,22.40732435946751,True,True,True,True,True,7,4
Diana Ross,1944-03-26,2000,divorce,56,60.758313253812176,57.308200605856854,6.195035089599366,40.68887849827974,54.56327816421281,16.619322107577112,22.766846153118227,68.80619026932743,30.361617896007473,True,False,True,True,True,2,3
Marilyn Monroe,1926-06-01,1946,career,20,89.24493696302508,212.56419244399595,70.12505341064228,314.35078058501875,19.119883552382802,258.2134118589772,41.303840030136854,22.919786611378036,13.844490260098326,False,True,True,True,True,4,8
Marilyn Monroe,1926-06-01,1952,career,26,94.96586244087847,295.42543260963964,70.12505341064228,314.35078058501875,24.840809030236187,341.0746520246209,51.2255096216489,29.89641389780526,17.8761273073938,True,True,True,True,True,5,7
Marilyn Monroe,1926-06-01,1954,marriage,28,96.87227213118842,324.69998734481806,70.12505341064228,314.35078058501875,26.747218720546144,10.349206759799301,54.21962859140622,32.231394725287984,19.20492611577515,True,False,True,True,True,5,5
Marilyn Monroe,1926-06-01,1955,divorce,29,97.82547149623404,339.24932737933784,70.12505341064228,314.35078058501875,27.700418085591764,24.89854679431909,55.65680772227144,33.400607807053795,19.86623025650357,True,True,True,True,True,5,4
Marilyn Monroe,1926-06-01,1956,marriage,30,98.77869933060465,353.63515629524574,70.12505341064228,314.35078058501875,28.653645919962372,39.28437571022698,57.05350772562346,34.57095518463639,20.52538076704252,True,True,True,True,True,5,5
Marilyn Monroe,1926-06-01,1961,divorce,35,103.54586692312634,61.93017239845432,70.12505341064228,314.35078058501875,33.42081351248406,107.57939181343556,63.40728277550295,40.43925696547363,23.786375644786972,True,True,True,True,True,5,7
Marilyn Monroe,1926-06-01,1962,death,36,104.49954793617565,74.83136025903559,70.12505341064228,314.35078058501875,34.374494525533365,120.48057967401684,64.54591446680774,41.616102437445164,24.43110613611418,True,True,True,True,True,5,8
Marlon Brando,1924-04-03,1947,career,23,36.411468341848924,316.0116910236228,13.910522553203176,9.984111586601685,22.500945788645748,306.02757943702113,24.613923360576194,23.311389481145376,13.781236812516454,True,True,True,True,True,5,5
Marlon Brando,1924-04-03,1954,career,30,43.20670278817144,43.20822357020693,13.910522553203176,9.984111586601685,29.296180234968265,33.22411198360525,22.766501889766218,29.61583285911771,17.813706792627784,True,True,True,True,True,1,7
Marlon Brando,1924-04-03,1957,marriage,33,46.1121122409655,78.877173569308,13.910522553203176,9.984111586601685,32.20158968776232,68.89306198270631,21.09693025130221,32.15985694295356,19.509882390904295,True,True,True,True,True,2,6
Marlon Brando,1924-04-03,1959,divorce,35,48.04661761427039,102.65414187013391,13.910522553203176,9.984111586601685,34.13609506106721,92.67003028353223,19.87708735410874,33.794991658178354,20.628862427476577,True,True,True,True,True,4,6
Marlon Brando,1924-04-03,1960,marriage,36,49.013115116987905,114.68374160448396,13.910522553203176,9.984111586601685,35.102592563784725,104.69963001788227,19.2675336364168,34.59284499620261,21.184642963255442,True,True,True,True,True,4,6
Marlon Brando,1924-04-03,1968,divorce,44,56.72701379685983,223.08262203469747,13.910522553203176,9.984111586601685,42.81649124365666,213.0985104480958,15.653670728797309,40.428621156818174,25.534828261848986,True,True,True,True,True,3,4
Marlon Brando,1924-04-03,2004,death,80,91.19258533528995,347.7682754789541,13.910522553203176,9.984111586601685,77.28206278208677,337.7841638923524,49.8421969593439,45.71918979417352,41.855097501710816,True,True,True,True,True,6,6
James Dean,1931-02-08,1954,career,23,341.5429137714682,142.290207724611,318.35586119006587,208.31928997401914,23.187052581402327,293.97091775059187,35.31674889077044,25.16695116439655,355.020720782423,True,True,True,False,True,7,3
James Dean,1931-02-08,1955,career,24,342.54498159140957,157.53434238899433,318.35586119006587,208.31928997401914,24.1891204013437,309.21505241497516,37.052769103368576,26.29798642428682,354.9581404375783,True,True,True,False,True,6,6
James Dean,1931-02-08,1955,death,24,342.54498159140957,157.53434238899433,318.35586119006587,208.31928997401914,24.1891204013437,309.21505241497516,37.052769103368576,26.29798642428682,354.9581404375783,True,True,True,False,True,6,6
Audrey Hepburn,1929-05-04,1953,career,24,66.28950689483615,296.38013358391845,43.15654978464771,336.98722819004155,23.132957110188443,319.3929053938769,22.050808367599885,3.527506289415612,13.13623502648737,True,True,False,False,True,8,4
Audrey Hepburn,1929-05-04,1954,marriage,25,67.24857577246551,308.3419479189488,43.15654978464771,336.98722819004155,24.092025987817806,331.35471972890724,22.032767653526946,4.0598059132636095,13.699266973012513,True,True,False,False,True,7,3
Audrey Hepburn,1929-05-04,1968,divorce,39,80.65254035534508,143.9392018858189,43.15654978464771,336.98722819004155,37.49599057069737,166.95197369577735,16.25420352289595,13.533210022175677,21.69766435659612,True,True,False,True,True,5,6
Audrey Hepburn,1929-05-04,1969,marriage,40,81.6081579366585,157.8954000167335,43.15654978464771,336.98722819004155,38.45160815201079,180.90817182669196,15.744280616539413,14.325997533071249,22.276807240071733,True,True,False,True,True,5,6
Audrey Hepburn,1929-05-04,1982,divorce,53,94.01255837611812,317.3207248747619,43.15654978464771,336.98722819004155,50.85600859147041,340.33349668472033,14.365981099822378,25.621786623498696,29.888680479585318,True,True,False,True,True,8,4
Audrey Hepburn,1929-05-04,1993,death,64,104.50210308661975,108.20841728236834,43.15654978464771,336.98722819004155,61.345553301972046,131.2211890923268,23.131755946331054,36.26649563835029,36.44675193665013,True,True,False,True,True,7,7
Elizabeth Taylor,1932-02-27,1942,career,10,347.3216116667215,355.9634863592238,337.2960922844426,225.74349554052517,10.025519382278901,130.21999081869862,19.17749008661906,11.694521536602164,7.891492916643699,False,True,False,False,False,4,5
Elizabeth Taylor,1932-02-27,1950,marriage,18,355.3041503317138,91.96504015276847,337.2960922844426,225.74349554052517,18.00805804727122,226.2215446122433,33.79174284751849,20.880518793549555,14.189759649112034,False,True,True,True,False,4,8
Elizabeth Taylor,1932-02-27,1951,divorce,19,356.2992411815403,104.81323760384214,337.2960922844426,225.74349554052517,19.00314889709773,239.06974206331697,35.40708852035942,22.01627633807672,14.975672947615521,False,True,True,True,False,4,8
Elizabeth Taylor,1932-02-27,1952,marriage,20,357.2936951570897,118.06949320940153,337.2960922844426,225.74349554052517,19.99760287264712,252.32599766887637,36.949316659094336,23.148985795500792,15.761227905976057,False,True,True,True,False,4,5
Elizabeth Taylor,1932-02-27,1957,divorce,25,2.2565312485710725,190.41845334050024,337.2960922844426,225.74349554052517,24.960438964128514,324.67495779997506,43.30602522681875,28.763895059415994,19.68326160540437,True,True,True,True,False,4,4
Elizabeth Taylor,1932-02-27,1959,marriage,27,4.237654126289284,220.57962285668899,337.2960922844426,225.74349554052517,26.941561841846692,354.8361273161638,45.10212392701209,30.985868803792442,21.24942189310576,True,False,True,True,False,6,5
Elizabeth Taylor,1932-02-27,1964,divorce,32,9.181882226508817,290.82134680674073,337.2960922844426,225.74349554052517,31.885789942066253,65.07785126621556,47.463335726855746,36.47626483660943,25.158147734418435,True,True,True,True,False,6,4
Elizabeth Taylor,1932-02-27,1964,marriage,32,9.181882226508817,290.82134680674073,337.2960922844426,225.74349554052517,31.885789942066253,65.07785126621556,47.463335726855746,36.47626483660943,25.158147734418435,True,True,True,True,False,6,4
Elizabeth Taylor,1932-02-27,1974,divorce,42,19.03156606781429,52.0801771060279,337.2960922844426,225.74349554052517,41.73547378337173,186.33668156550272,43.867850470836174,47.1389813423296,32.940113660581915,True,True,True,True,True,7,4
Elizabeth Taylor,1932-02-27,1975,marriage,43,20.01345018675589,64.0137816005721,337.2960922844426,225.74349554052517,42.717357902313324,198.27028606004694,43.12803005106457,48.17827516059651,33.71529954823916,True,True,True,True,True,8,5
Elizabeth Taylor,1932-02-27,1976,divorce,44,20.99473473620991,76.07314281687336,337.2960922844426,225.74349554052517,43.69864245176734,210.32964727634817,42.37095828113337,49.212039657220146,34.48988308193418,True,True,True,True,True,5,6
Elizabeth Taylor,1932-02-27,2011,death,79,55.00425226349777,177.5755432548606,337.2960922844426,225.74349554052517,77.70815997905521,311.83204771433543,52.723730799730106,79.99299971785184,61.16132900204474,True,True,True,True,True,3,9
Katharine Hepburn,1907-05-12,1928,marriage,21,71.02053816835765,334.9400326078426,50.83651635791633,54.975124053514186,20.184021810441315,279.9649085543284,44.49202877071169,25.194641938443006,3.113890472243156,True,True,True,True,False,5,8
Katharine Hepburn,1907-05-12,1934,career,27,76.76343342168737,51.858126025378034,50.83651635791633,54.975124053514186,25.926917063771036,356.88300197186385,56.112388566839634,32.4239612252645,3.078359041009435,True,False,True,True,False,7,9
Katharine Hepburn,1907-05-12,1942,career,35,84.40971500982825,147.0665192530563,50.83651635791633,54.975124053514186,33.573198651911916,92.09139519954212,69.30266546710092,42.082673499888244,2.3256939654951907,True,True,True,True,False,8,5
Katharine Hepburn,1907-05-12,1981,career,74,121.6106223137359,309.4312884328143,50.83651635791633,54.975124053514186,70.77410595581958,254.45616437930013,82.90551077293688,89.51672532524512,352.64235636089586,True,True,True,True,False,7,6
Katharine Hepburn,1907-05-12,2003,death,96,142.68946263255327,230.92871757860388,50.83651635791633,54.975124053514186,91.85294627463693,175.9535935250897,86.79630825832135,116.56650921783766,351.64137277160046,True,True,True,True,False,8,5
Grace Kelly,1929-11-12,1951,career,22,251.59705312705756,284.9625047968341,229.35850940220848,349.19638188990626,22.23854372484908,295.7661229069278,34.92057184203051,27.559544110719997,15.848538301094635,True,True,True,True,True,8,4
Grace Kelly,1929-11-12,1954,career,25,254.64348177031826,320.5501874639264,229.35850940220848,349.19638188990626,25.284972368109777,331.35380557402016,39.62108587940068,31.32741862488828,18.04258387388026,True,True,True,True,True,9,1
Grace Kelly,1929-11-12,1956,marriage,27,256.67542204206313,344.71021838454465,229.35850940220848,349.19638188990626,27.31691263985465,355.5138364946384,42.755964033078186,33.839885848678676,19.50930598812937,True,False,True,True,True,9,3
Grace Kelly,1929-11-12,1982,death,53,283.15118452783446,329.2245299005058,229.35850940220848,349.19638188990626,53.792675125625976,340.0281480105995,81.85980231169688,66.5337157666223,38.867645126109494,True,True,True,True,True,4,5
Robert De Niro,1943-08-17,1968,career,25,167.51322463450146,305.3334868292049,143.34551751563183,341.8384714264525,24.16770711886963,323.4950154027524,21.557334781688127,348.93136254293023,13.408568435532437,True,True,True,False,True,7,2
Robert De Niro,1943-08-17,1976,career,33,175.30629795668435,60.161796800296855,143.34551751563183,341.8384714264525,31.96078044105252,78.32332537384434,18.483679734210142,345.21178982389563,16.988311127801076,True,True,True,False,True,9,3
Robert De Niro,1943-08-17,1976,marriage,33,175.30629795668435,60.161796800296855,143.34551751563183,341.8384714264525,31.96078044105252,78.32332537384434,18.483679734210142,345.21178982389563,16.988311127801076,True,True,True,False,True,9,3
Robert De Niro,1943-08-17,1988,divorce,45,187.06692959698267,206.2214629693831,143.34551751563183,341.8384714264525,43.72141208135085,224.38299154293063,7.376475929169402,344.108945054794,21.478891786669415,True,True,False,False,True,8,5
Robert De Niro,1943-08-17,1997,marriage,54,195.9394298333378,329.5542288308888,143.34551751563183,341.8384714264525,52.593912317705986,347.7157574044363,10.07080045770681,346.764277637009,23.990599557775873,True,True,False,False,True,8,4
Robert De Niro,1943-08-17,2018,divorce,75,216.81690791445317,242.13030245362953,143.34551751563183,341.8384714264525,73.47139039882134,260.29183102717707,42.316515703532104,0.7864965245059068,26.139499407138338,True,True,True,False,True,8,4
Al Pacino,1940-04-25,1969,career,29,63.1084606630927,280.34029884925354,35.0812846859093,258.8246508127957,28.027175977183397,21.515648036457833,55.24355904172937,20.304328332794142,18.823396996990112,True,True,True,True,True,3,6
Al Pacino,1940-04-25,1972,career,32,65.98790149461982,318.5661854022159,35.0812846859093,258.8246508127957,30.906616808710517,59.74153458942021,61.76389173843701,21.386276450648836,20.755323207950866,True,True,True,True,True,5,7
Al Pacino,1940-04-25,1974,career,34,67.90620896479467,342.6274135961143,35.0812846859093,258.8246508127957,32.82492427888537,83.8027627833186,66.01776402261453,21.953745743815745,22.04196542590971,True,True,True,True,True,9,3
Al Pacino,1940-04-25,2001,child,61,93.71194249681041,338.6111048370166,35.0812846859093,258.8246508127957,58.630657810901106,79.78645402422092,107.92795373874964,15.508343771009251,39.323914235665114,True,True,True,True,True,7,6
Jack Nicholson,1937-04-22,1969,career,32,62.884155317076406,234.01675827560442,31.936955396786747,177.00434190076885,30.94719992028966,57.01241637483557,353.7756512448419,358.6119654108995,351.53043171936963,True,True,False,False,True,6,9
Jack Nicholson,1937-04-22,1975,career,38,68.63975827873568,306.1004853963384,31.936955396786747,177.00434190076885,36.70280288194894,129.09614349556955,355.22705146417303,1.964821169879798,349.4758093275325,True,True,False,False,True,7,4
Jack Nicholson,1937-04-22,1983,career,46,76.30075912336083,57.005209494887744,31.936955396786747,177.00434190076885,44.36380372657409,240.0008675941189,1.0434395119182298,7.512195084684819,347.08388325397374,True,True,False,True,True,6,8
Jack Nicholson,1937-04-22,1997,career,60,89.6741812587115,242.74378505543996,31.936955396786747,177.00434190076885,57.737225861924756,65.73944315467111,20.013707796042148,19.273082591111837,344.625336311641,True,True,True,True,True,6,4
Meryl Streep,1949-06-22,1976,career,27,116.30546329455142,38.200865219449334,90.55815335259574,42.36034479227498,25.747309941955677,355.84052042717434,37.357085865364965,32.90335535148482,18.641792482838838,False,False,True,True,False,5,3
Meryl Streep,1949-06-22,1978,marriage,29,118.21474822586279,62.671598690368135,90.55815335259574,42.36034479227498,27.656594873267053,20.311253898093156,41.55086000555741,35.33195629377174,19.99610433952104,False,True,True,True,False,6,2
Meryl Streep,1949-06-22,1979,career,30,119.16973080922453,75.3758173796901,90.55815335259574,42.36034479227498,28.611577456628794,33.015472587415125,43.667851595293854,36.54581617629732,20.671920670822004,False,True,True,True,False,7,2
Meryl Streep,1949-06-22,1982,career,33,122.03598323615164,115.76781896996388,90.55815335259574,42.36034479227498,31.4778298835559,73.4074741776889,50.038684311568446,40.185492224044125,22.693884555369706,True,True,True,True,True,6,2
Meryl Streep,1949-06-22,2011,career,62,149.85050845659973,138.49289409215157,90.55815335259574,42.36034479227498,59.29235510400399,96.13254929987659,102.43594063933789,75.15316171293465,41.80229348535539,True,True,True,True,True,5,6
Tom Hanks,1956-07-09,1980,career,24,130.11367607768355,74.10537536235695,107.19846520057689,125.4416500796878,22.91521087710666,308.66372528266913,48.91795138451454,5.93936841072167,5.967497512753596,True,True,True,False,False,8,4
Tom Hanks,1956-07-09,1978,marriage,22,128.19953297067377,46.336472780012045,107.19846520057689,125.4416500796878,21.00106777009688,280.89482270032426,45.23993616858888,4.809422697991039,5.718669645520322,True,True,True,False,False,6,6
Tom Hanks,1956-07-09,1987,divorce,31,136.8229383186217,178.4794488420014,107.19846520057689,125.4416500796878,29.62447311804482,53.0377987623136,60.9471326406657,10.514493672164434,6.416945935507783,True,True,True,True,False,6,5
Tom Hanks,1956-07-09,1988,marriage,32,137.78247163490732,192.53987998492994,107.19846520057689,125.4416500796878,30.584006434330433,67.09822990524214,62.56022705077751,11.237091606582453,6.426616850704249,True,True,True,True,False,6,5
Tom Hanks,1956-07-09,1988,career,32,137.78247163490732,192.53987998492994,107.19846520057689,125.4416500796878,30.584006434330433,67.09822990524214,62.56022705077751,11.237091606582453,6.426616850704249,True,True,True,True,False,6,5
Tom Hanks,1956-07-09,1994,career,38,143.54523439146445,268.26518076664297,107.19846520057689,125.4416500796878,36.34676919088756,142.82353068695517,71.69131653390627,15.877622508250994,6.200705845674349,True,True,True,True,False,9,5
Denzel Washington,1954-12-28,1977,career,23,299.65934990860853,259.34327983049366,276.22582003501066,312.6710775330051,23.433529873597877,306.6722022974886,37.616821179427404,19.59776941427691,16.508585209134367,False,True,True,True,True,8,2
Denzel Washington,1954-12-28,1983,marriage,29,305.7648009715226,335.4678712514551,276.22582003501066,312.6710775330051,29.53898093651196,22.796793718450033,46.066792911243965,25.59684196232743,20.800125654449232,True,True,True,True,True,6,3
Denzel Washington,1954-12-28,1989,career,35,311.8602200843282,58.792121826078024,276.22582003501066,312.6710775330051,35.63440004931755,106.12104429307294,51.18724502079232,31.821012671062107,25.080953734972923,True,True,True,True,True,7,2
Denzel Washington,1954-12-28,2001,career,47,324.0125992086556,219.68776083536417,276.22582003501066,312.6710775330051,47.78677917364496,267.01668330235907,44.52790840915469,44.78767397767578,33.59756067980379,True,True,True,True,True,8,3
Morgan Freeman,1937-06-01,1967,career,30,98.77117829132334,2.363334910703049,70.11707655341019,325.6882279015608,28.65410173791315,36.67510700914221,42.34549678257062,25.361927422466017,355.4971186328621,True,True,True,True,False,9,4
Morgan Freeman,1937-06-01,1967,marriage,30,98.77117829132334,2.363334910703049,70.11707655341019,325.6882279015608,28.65410173791315,36.67510700914221,42.34549678257062,25.361927422466017,355.4971186328621,True,True,True,True,False,9,4
Morgan Freeman,1937-06-01,1979,divorce,42,110.21578898570019,173.04062802090365,70.11707655341019,325.6882279015608,40.09871243229,207.35240011934283,68.06599807367131,37.516311611584385,357.00510286543425,True,True,True,True,False,8,9
Morgan Freeman,1937-06-01,1984,marriage,47,114.98542007581486,233.9367039050626,70.11707655341019,325.6882279015608,44.86834352240467,268.24847600350176,78.18789145211304,42.77474081300457,358.1401955350024,True,True,True,True,False,10,5
Morgan Freeman,1937-06-01,2010,divorce,73,139.86129700764593,218.23867451471233,70.11707655341019,325.6882279015608,69.74422045423574,252.5504466131515,119.12329592675746,71.44768372033711,7.747737654080851,True,True,True,True,True,7,4
Morgan Freeman,1937-06-01,1989,career,52,119.75678878023277,294.0875583482047,70.11707655341019,325.6882279015608,49.63971222682258,328.3993304466439,87.60572588878745,48.127905048066125,359.5367288502052,True,True,True,True,False,9,6
Harrison Ford,1942-07-13,1973,career,31,140.08600945527465,156.04561832774266,110.43801085090111,110.26869990358053,29.64799860437354,45.77691842416213,59.86334145907311,37.21726088533801,19.46332377430892,True,True,True,True,True,6,5
Harrison Ford,1942-07-13,1977,career,35,143.93093620619197,208.33416298403736,110.43801085090111,110.26869990358053,33.492925355290865,98.06546308045684,67.06153772511804,42.077683158861774,21.99748278740074,True,True,True,True,True,4,4
Harrison Ford,1942-07-13,1964,marriage,22,131.4535956552435,47.352934612443406,110.43801085090111,110.26869990358053,21.015584804342396,297.0842347088629,42.264653601256086,26.327151038066958,13.781928611120009,True,True,True,True,True,7,7
Harrison Ford,1942-07-13,1979,divorce,37,145.85519121315596,235.9512443695348,110.43801085090111,110.26869990358053,35.417180362254854,125.68254446595428,70.51542939983476,44.51235294441048,23.266655275114005,True,True,True,True,True,6,6
Harrison Ford,1942-07-13,1983,marriage,41,149.70741368213808,293.6500383310224,110.43801085090111,110.26869990358053,39.269402831236974,183.3813384274419,77.14082422815137,49.39055094173828,25.809228106308865,True,True,True,True,True,5,4
Harrison Ford,1942-07-13,2004,divorce,62,170.0495171400798,205.06490912189278,110.43801085090111,110.26869990358053,59.61150628917868,94.79620921831226,105.62485239461905,75.19445008462483,39.264916529628806,True,True,True,True,True,7,8
Harrison Ford,1942-07-13,2010,marriage,68,175.90202886992876,289.48677220653275,110.43801085090111,110.26869990358053,65.46401801902765,179.21807230295224,111.16115842228318,82.61945561698676,43.14596447635665,True,True,True,True,True,10,6
Leonardo DiCaprio,1974-11-11,1991,career,17,245.48340304885875,46.33105775069092,228.3274971153772,191.05819375299558,17.155905933481534,215.27286399769534,24.14087916496257,21.351986369271145,11.695637755644327,True,True,True,True,False,9,5
Leonardo DiCaprio,1974-11-11,1997,career,23,251.5623957333406,130.9595957632113,228.3274971153772,191.05819375299558,23.23489861796338,299.90140201021575,33.497658037294656,28.888921049081546,15.869711940728052,True,True,True,True,False,6,3
Leonardo DiCaprio,1974-11-11,2004,career,30,258.6710144110531,228.10567814549242,228.3274971153772,191.05819375299558,30.343517295675866,37.04748439249684,44.44222857562346,37.683226223048166,20.771696880037524,True,True,True,True,True,4,3
Leonardo DiCaprio,1974-11-11,2015,career,41,269.8663882411688,3.12611639664832,228.3274971153772,191.05819375299558,41.538891125791594,172.06792264365274,61.76005015805708,51.50150580496842,28.542788187236226,True,True,True,True,True,4,5
Brad Pitt,1963-12-18,1991,career,28,294.136788558586,298.810596542597,265.6073325009538,289.7694729218224,28.52945605763216,9.041123620774613,348.6516017394637,34.573556314375196,21.742242970691052,True,False,False,True,True,5,1
Brad Pitt,1963-12-18,1995,career,32,298.21136969484525,350.6469643998328,265.6073325009538,289.7694729218224,32.60403719389143,60.87749147801043,349.5675062365862,39.473479586492374,24.881562927594302,True,True,False,True,True,4,4
Brad Pitt,1963-12-18,2000,marriage,37,303.2993395751678,60.264118351350916,265.6073325009538,289.7694729218224,37.69200707421396,130.49464542952853,352.9593348923515,45.57754085283011,28.81318083008955,True,True,False,True,True,3,3
Brad Pitt,1963-12-18,2005,divorce,42,308.3804539006322,132.27760199734206,265.6073325009538,289.7694729218224,42.77312139967836,202.50812907551966,357.9301492290088,51.65460029497439,32.751732817967934,True,True,False,True,True,6,6
Brad Pitt,1963-12-18,2014,marriage,51,317.51023568205494,246.36413006829224,265.6073325009538,289.7694729218224,51.902903181101124,316.59465714646984,9.118701237345078,62.514997438274804,39.85483585768117,True,True,False,True,True,5,4
Brad Pitt,1963-12-18,2016,divorce,53,319.5363620237691,270.17028686383884,265.6073325009538,289.7694729218224,53.929029522815256,340.40081394201644,11.8649182066776,64.91358645075275,41.43528882639714,True,False,False,True,True,6,2
George Clooney,1961-05-06,1994,career,33,77.08094353246531,15.660634402315047,45.34738643358142,295.0170728129058,31.733557098883892,80.64356158940927,48.51104455496999,18.90797072056318,17.91007834058128,True,True,True,True,False,8,2
George Clooney,1961-05-06,2000,career,39,82.81761084230888,93.15270389048834,45.34738643358142,295.0170728129058,37.47022440872746,158.13563107758256,50.13975667391333,24.20554650651428,21.325731097610614,True,True,True,True,False,6,1
George Clooney,1961-05-06,1989,marriage,28,72.29596156910557,305.57478516754475,45.34738643358142,295.0170728129058,26.948575135524152,10.557712354638966,45.15840264499935,14.782393145346276,15.097829630946123,True,True,True,False,False,9,3
George Clooney,1961-05-06,1993,divorce,32,76.12428321541599,2.0461649992143296,45.34738643358142,295.0170728129058,30.776896781834566,67.02909218630856,47.98007497748292,18.059866194057008,17.345123647183343,True,True,True,True,False,7,5
George Clooney,1961-05-06,2014,marriage,53,96.17685374390405,270.5985771368477,45.34738643358142,295.0170728129058,50.82946731032263,335.58150432394194,44.89316067442599,37.653522990524735,29.452224413595943,True,False,True,True,False,4,1
Johnny Depp,1963-06-09,1984,career,21,97.8562242984951,204.52324711672546,77.80879241227399,280.6836311153853,20.04743188622112,283.8396160013401,27.55567121908971,25.536446501430923,11.301594226989494,True,True,True,True,False,5,6
Johnny Depp,1963-06-09,1990,career,27,103.5747450041128,277.1441893086637,77.80879241227399,280.6836311153853,25.76595259183881,356.4605581932784,39.5033052752188,32.85554587502269,14.69023642064542,True,False,True,True,False,6,6
Johnny Depp,1963-06-09,1999,child,36,112.15431989220909,39.22556296721653,77.80879241227399,280.6836311153853,34.3455274799351,118.54193185183124,58.78686021126362,43.85816418774147,19.8873315771512,True,True,True,True,False,3,8
Johnny Depp,1963-06-09,2015,marriage,52,127.43578284787122,248.31550030788472,77.80879241227399,280.6836311153853,49.626990435597236,327.6318691924994,89.81922861451991,63.49428207116731,29.447086821927996,True,True,True,True,True,4,6
Johnny Depp,1963-06-09,2017,divorce,54,129.34852584700474,272.8794160000772,77.80879241227399,280.6836311153853,51.53973343473075,352.1957848846919,93.20088995980069,65.95497493598864,30.66863275663175,True,False,True,True,True,6,4
Johnny Depp,1963-06-09,2022,crisis,59,134.1342481085712,339.23970753161024,77.80879241227399,280.6836311153853,56.32545569629721,58.556076416224926,101.16848752222137,72.11287268582709,33.74655141537272,True,True,True,True,True,4,5
Tom Cruise,1962-07-03,1983,career,21,121.22561742249172,37.10961695297079,101.19528184287984,120.6185605405391,20.030335579611886,276.4910564124317,35.729497357947,24.054836243698475,14.698441611008,True,True,True,True,True,7,6
Tom Cruise,1962-07-03,1986,career,24,124.09232472190868,77.99271093846994,101.19528184287984,120.6185605405391,22.897042879028845,317.37415039793086,42.07859595420072,27.421287535805646,16.753212523366408,True,True,True,True,True,9,5
Tom Cruise,1962-07-03,1987,marriage,25,125.04843282914304,91.13936922069209,101.19528184287984,120.6185605405391,23.853150986263202,330.520808680153,44.189030014010456,28.53899618175737,17.435473131627354,True,True,True,True,True,8,2
Tom Cruise,1962-07-03,1990,divorce,28,127.91823571306495,129.2059464680381,101.19528184287984,120.6185605405391,26.72295387018511,8.587385927499,50.449922382583324,31.87793854633344,19.473939098708364,True,False,True,True,True,7,3
Tom Cruise,1962-07-03,1990,marriage,28,127.91823571306495,129.2059464680381,101.19528184287984,120.6185605405391,26.72295387018511,8.587385927499,50.449922382583324,31.87793854633344,19.473939098708364,True,False,True,True,True,7,3
Tom Cruise,1962-07-03,2001,divorce,39,138.4578881520764,263.2281166917941,101.19528184287984,120.6185605405391,37.26260630919657,142.60955615125505,71.77248704646875,43.90976541092104,26.83639422302884,True,True,True,True,True,5,6
Tom Cruise,1962-07-03,2006,marriage,44,143.25860271059014,334.2405854105335,101.19528184287984,120.6185605405391,42.0633208677103,213.62202486999445,80.46842507734063,49.247024816346084,30.123286865872736,True,True,True,True,True,5,4
Tom Cruise,1962-07-03,2012,divorce,50,149.0318260684738,61.5037464196715,101.19528184287984,120.6185605405391,47.83654422559397,300.8851858791324,90.10120797712126,55.51984164348383,34.0169705801082,True,True,True,True,True,5,5
Will Smith,1968-09-25,1990,career,22,204.5813416642807,152.63159760443844,182.87303316009127,228.7290463019629,21.708308504189432,283.90255130247556,351.2966663080847,26.926657590024035,13.695966003915032,False,True,False,True,False,8,4
Will Smith,1968-09-25,1992,marriage,24,206.5691840553211,179.82402002821306,182.87303316009127,228.7290463019629,23.696150895229835,311.09497372625015,349.3422143444974,29.368480754618105,14.932100718325756,False,True,False,True,False,7,2
Will Smith,1968-09-25,1995,divorce,27,209.55538822949507,223.38033271615316,182.87303316009127,228.7290463019629,26.682355069403798,354.6512864141903,347.5691791283816,33.02925887553792,16.78318996262385,False,False,False,True,False,7,3
Will Smith,1968-09-25,1997,marriage,29,211.5489663330035,253.17441915682065,182.87303316009127,228.7290463019629,28.675933172912238,24.445372854857737,347.3093816081698,35.46834795942601,18.015113448267016,True,True,False,True,False,7,3
Will Smith,1968-09-25,1998,child,30,212.5465121243387,267.907621125339,182.87303316009127,228.7290463019629,29.673478964247437,39.178574823376096,347.45879609170714,36.68738821609321,18.63040136517415,True,True,False,True,False,7,7
Will Smith,1968-09-25,2022,crisis,54,236.6310723549557,216.57721198798578,182.87303316009127,228.7290463019629,53.75803919486444,347.84816568602287,17.90977569174683,65.79985568001547,33.256736880513955,True,False,True,True,True,6,4
Heath Ledger,1979-04-04,1999,career,20,33.491772751525986,3.375681083873941,13.900161086731185,102.30029269544535,19.5916116647948,261.07538838842856,10.256437400391576,24.005501288267965,15.493738519389524,True,True,True,True,True,9,5
Heath Ledger,1979-04-04,2005,child,26,39.33055394317522,85.41712444526877,13.900161086731185,102.30029269544535,25.430392856444033,343.1168317498234,17.631881043157705,31.237312312668962,20.094616345470627,True,True,True,True,True,8,3
Heath Ledger,1979-04-04,2007,crisis,28,41.27255054780221,110.23942956897939,13.900161086731185,102.30029269544535,27.372389461071027,7.939136873534039,20.388953222950647,33.649827202099516,21.62242890057854,True,False,True,True,True,8,5
Heath Ledger,1979-04-04,2008,death,29,42.242708145013204,122.27238612496821,13.900161086731185,102.30029269544535,28.34254705828202,19.972093429522857,21.819723671483473,34.856391933256816,22.38518043272154,True,True,True,True,True,7,5
Keanu Reeves,1964-09-02,1989,career,25,184.1404433422251,75.88146153354243,159.77379466267843,107.52387051942338,24.36664867954667,328.35759101411907,10.036036462991405,26.420266547229545,15.46699711501148,True,True,False,True,True,3,4
Keanu Reeves,1964-09-02,1994,career,30,189.0548831577314,145.96733516770865,159.77379466267843,107.52387051942338,29.281088495052984,38.44346464828527,18.742156862138643,32.02377853397465,18.459609933106336,True,True,False,True,True,4,2
Keanu Reeves,1964-09-02,1999,career,35,193.98456030402147,212.50705278226664,159.77379466267843,107.52387051942338,34.210765641343045,104.98318226284326,27.67217268181375,37.70689316696982,21.413766200912917,True,True,True,True,True,4,1
Keanu Reeves,1964-09-02,1999,crisis,35,193.98456030402147,212.50705278226664,159.77379466267843,107.52387051942338,34.210765641343045,104.98318226284326,27.67217268181375,37.70689316696982,21.413766200912917,True,True,True,True,True,4,1
Keanu Reeves,1964-09-02,2014,career,50,208.85272757780677,42.79349049916179,159.77379466267843,107.52387051942338,49.07893291512835,295.2696199797384,53.294005599946104,55.151222043707975,30.0206308518177,True,True,True,True,True,3,9
Julia Roberts,1967-10-28,1988,career,21,234.9615906973803,63.78606165676511,213.88623857441684,142.5070894667807,21.075352122963466,281.2789721899844,351.5968041234387,20.691422823422386,15.77751893441058,False,True,False,True,False,6,5
Julia Roberts,1967-10-28,1990,career,23,236.97881831122402,87.98410926600003,213.88623857441684,142.5070894667807,23.09257973680718,305.4770197992193,353.7911845531736,22.822508279596832,17.30184031572196,False,True,False,True,False,7,5
Julia Roberts,1967-10-28,1993,marriage,26,240.00811093636904,125.60517010923847,213.88623857441684,142.5070894667807,26.1218723619522,343.0980806424578,357.55357251904746,26.058997964638138,19.59419171022705,True,False,False,True,False,6,3
Julia Roberts,1967-10-28,1995,divorce,28,242.02993223140015,151.96899125142141,213.88623857441684,142.5070894667807,28.143693656983316,9.461901784640702,0.27902859412978387,28.241329140512875,21.12616532942718,True,True,False,True,False,3,5
Julia Roberts,1967-10-28,2002,marriage,35,249.12019889642644,253.84153886428933,213.88623857441684,142.5070894667807,35.23396032200961,111.33444939750862,10.536679080296722,36.01577154363932,26.510484167553045,True,True,False,True,True,5,3
Nicole Kidman,1967-06-20,1989,career,22,109.584856858276,172.9014349352916,88.60370626653707,247.74624164411634,20.981150591738924,285.15519329117524,353.9418782565462,18.79648847564127,7.952351794465443,True,True,False,True,False,9,3
Nicole Kidman,1967-06-20,1990,marriage,23,110.53865402296579,187.01639641977243,88.60370626653707,247.74624164411634,21.934947756428713,299.2701547756561,353.4074831154025,19.50831006441888,8.390339559699612,True,True,False,True,False,9,4
Nicole Kidman,1967-06-20,2001,divorce,34,121.03368493176608,337.20595055521494,88.60370626653707,247.74624164411634,32.429978665229,89.4597089110986,352.2981250469321,26.0912641920157,13.558653970151141,True,True,False,True,True,7,2
Nicole Kidman,1967-06-20,2006,marriage,39,125.81061558581985,37.177940142665726,88.60370626653707,247.74624164411634,37.20690931928277,149.4316984985494,355.50771255917175,28.149173690038253,16.09856594542208,True,True,False,True,True,8,3
Nicole Kidman,1967-06-20,2008,child,41,127.72337029128768,61.13677129508785,88.60370626653707,247.74624164411634,39.119664024750605,173.3905296509715,357.4646376224947,28.771975289039688,17.145030744740723,True,True,False,True,True,8,4
Cate Blanchett,1969-05-14,1997,career,28,80.3721852204061,41.81079389180332,53.50343973900913,32.367676758670534,26.868745481396964,9.443117133132787,351.87735336419433,20.50135331951894,351.42191749668007,True,False,False,True,False,5,2
Cate Blanchett,1969-05-14,1997,marriage,28,80.3721852204061,41.81079389180332,53.50343973900913,32.367676758670534,26.868745481396964,9.443117133132787,351.87735336419433,20.50135331951894,351.42191749668007,True,False,False,True,False,5,2
Cate Blanchett,1969-05-14,2001,child,32,84.1949784774525,90.0656310381809,53.50343973900913,32.367676758670534,30.691538738443363,57.69795427951036,352.7354416083732,24.201636172327575,350.2114866023633,True,True,False,True,False,6,2
Cate Blanchett,1969-05-14,2004,career,35,87.06026388458305,125.64079606771907,53.50343973900913,32.367676758670534,33.55682414557392,93.27311930904852,354.16791051723044,27.055163444322012,349.39328715066586,True,True,False,True,False,5,3
Cate Blanchett,1969-05-14,2013,career,44,95.64595904552566,242.4668842273422,53.50343973900913,32.367676758670534,42.142519306516526,210.09920746867166,2.2521006426691343,35.952214255117674,347.54779447457497,True,True,False,True,False,3,4
Jennifer Lawrence,1990-08-15,2010,career,20,161.70265330460109,334.44283145417177,142.40538329942714,76.81989881348355,19.297270005173942,257.6229326406882,359.40006656479335,24.555456827674888,10.568513386273281,True,True,False,False,True,6,4
Jennifer Lawrence,1990-08-15,2012,career,22,163.64098214342212,2.122431904853923,142.40538329942714,76.81989881348355,21.23559884399498,285.3025330913704,357.5025401658501,27.024046700256136,11.505889136928566,True,True,False,False,True,6,8
Jennifer Lawrence,1990-08-15,2015,career,25,166.55238476656098,45.01792251161701,142.40538329942714,76.81989881348355,24.147001467133833,328.19802369813345,354.5698031052855,30.73144603932367,12.864159319828872,True,True,False,True,True,6,8
Jennifer Lawrence,1990-08-15,2019,marriage,29,170.4424388303986,101.70344830845355,142.40538329942714,76.81989881348355,28.037055530971458,24.883549494969998,351.4096152891593,35.68311001260379,14.579160645901666,True,True,False,True,True,3,3
Scarlett Johansson,1984-11-22,2003,career,19,259.42434471201574,113.74313702186001,240.1610271093864,231.15265616098944,19.263317602629343,242.59048086087057,5.569837719025259,22.556913023815582,14.414292331914794,False,True,False,True,False,5,5
Scarlett Johansson,1984-11-22,2008,marriage,24,264.5097376421293,183.0332559731788,240.1610271093864,231.15265616098944,24.348710532742928,311.88059981218936,358.9587392317236,28.399982773946647,18.22801388252742,False,True,False,True,False,7,3
Scarlett Johansson,1984-11-22,2011,divorce,27,267.5642319780259,225.78923844260885,240.1610271093864,231.15265616098944,27.403204868639477,354.63658228161944,355.4928305619384,31.88232122390258,20.51876720494738,False,False,False,True,False,8,3
Scarlett Johansson,1984-11-22,2014,marriage,30,270.62077798373707,268.0765774279649,240.1610271093864,231.15265616098944,30.459750874350675,36.92392126697544,353.4557572082946,35.345185895623786,22.8111716378516,True,True,False,True,False,7,0
Scarlett Johansson,1984-11-22,2017,divorce,33,273.6784952106285,308.2521125168931,240.1610271093864,231.15265616098944,33.517468101242116,77.09945635590364,353.0093182013559,38.78616570692185,25.104526304067065,True,True,False,True,True,6,1
Scarlett Johansson,1984-11-22,2020,marriage,36,276.7365456375812,345.6249630405326,240.1610271093864,231.15265616098944,36.57551852819478,114.47230687954314,353.9251420286679,42.202400108485165,27.397987182389443,True,True,False,True,True,8,5
Natalie Portman,1981-06-09,1994,career,13,90.9639950501328,327.41884275421955,78.55277893144093,168.76611925521414,12.411216118691868,158.65272349900542,355.0495527511248,15.87371404805242,9.163830488807378,True,True,False,False,False,11,3
Natalie Portman,1981-06-09,1999,career,18,95.73283227852046,36.48472596450887,78.55277893144093,168.76611925521414,17.180053347079536,227.71860670929473,352.4724003929675,21.966465725975794,12.648566694697777,True,True,True,False,False,10,5
Natalie Portman,1981-06-09,2010,career,29,106.22373394472731,189.38562543320336,78.55277893144093,168.76611925521414,27.670955013286388,20.619506177989223,352.14895314394823,35.345910685068205,20.2372897337727,True,True,True,True,False,10,2
Natalie Portman,1981-06-09,2012,marriage,31,108.13060199744757,213.4647164162601,78.55277893144093,168.76611925521414,29.577823066006644,44.69859716104597,353.15345603370156,37.773768668139255,21.60511845777677,True,True,True,True,False,7,4
Natalie Portman,1981-06-09,2011,child,30,107.17717987089594,201.50080128753953,78.55277893144093,168.76611925521414,28.624400939455015,32.734682032325395,352.6086053112585,36.56004364513085,20.921657593768884,True,True,True,True,False,7,2
Angelina Jolie,1975-06-04,1995,career,20,92.25346358171711,280.33067914704355,73.14275252193045,9.562331499604152,19.110711059786667,270.7683476474394,352.68989760442537,19.65121163767307,14.647649350199833,True,True,False,True,False,10,9
Angelina Jolie,1975-06-04,1996,marriage,21,93.20697623571917,293.0185895477109,73.14275252193045,9.562331499604152,20.06422371378872,283.45625804810675,352.865071588487,20.556059987128094,15.368349212658098,True,True,False,True,False,8,8
Angelina Jolie,1975-06-04,1999,divorce,24,96.06715820923476,329.7998083161012,73.14275252193045,9.562331499604152,22.924405687304315,320.237476816497,353.86743352277784,23.213540231206423,17.522953623280024,True,True,False,True,False,5,6
Angelina Jolie,1975-06-04,2000,marriage,25,97.02050268263214,341.7459460977061,73.14275252193045,9.562331499604152,23.877750160701694,332.18361459810194,354.3600870382734,24.079293389201553,18.238570979256018,True,True,False,True,False,6,4
Angelina Jolie,1975-06-04,2003,divorce,28,99.8806511062972,17.481421734862224,73.14275252193045,9.562331499604152,26.737898584366746,7.919090235258071,356.305344180262,26.61152338018934,20.377291419615183,True,False,False,True,True,11,5
Angelina Jolie,1975-06-04,2002,child,27,98.92723268761858,5.511642403341106,73.14275252193045,9.562331499604152,25.784480165688137,355.94931090373694,355.57986123925184,25.77865257293692,19.665768508124074,True,False,False,True,True,7,4
Angelina Jolie,1975-06-04,2014,marriage,39,110.37179050484195,167.82224751788013,73.14275252193045,9.562331499604152,37.22903798291151,158.259916018276,9.077281399282256,34.89454966848345,28.101694628390945,True,True,True,True,True,5,1
Angelina Jolie,1975-06-04,2016,divorce,41,112.27948797902735,196.48950342786603,73.14275252193045,9.562331499604152,39.136735457096904,186.92717192826188,12.27841386668419,36.19326371155228,29.483785173911336,True,True,True,True,True,9,2
Sandra Bullock,1964-07-26,1987,career,23,145.20265671750377,267.83995258780135,123.15770396689447,319.88119864234784,22.044952750609298,307.9587539454535,19.68059832750137,15.926640657096229,15.271137061360548,False,True,True,True,True,6,6
Sandra Bullock,1964-07-26,1994,career,30,151.94402901952222,355.00911441578495,123.15770396689447,319.88119864234784,28.786325052627745,35.12791577343711,18.30307467607929,22.188713738053252,19.803954660452234,True,True,True,True,True,5,5
Sandra Bullock,1964-07-26,2005,marriage,41,162.58369731218366,148.8508619831317,123.15770396689447,319.88119864234784,39.425993345289186,188.96966334078385,9.094099463671597,32.86088944530641,26.816778361784813,True,True,True,True,True,5,4
Sandra Bullock,1964-07-26,2010,divorce,46,167.4402088942795,215.73918326881338,123.15770396689447,319.88119864234784,44.28250492738502,255.85798462646554,6.301206252885066,37.974581071743074,29.956469656103863,True,True,True,True,True,6,3
Sandra Bullock,1964-07-26,2010,child,46,167.4402088942795,215.73918326881338,123.15770396689447,319.88119864234784,44.28250492738502,255.85798462646554,6.301206252885066,37.974581071743074,29.956469656103863,True,True,True,True,True,6,3
Emma Stone,1988-11-06,2007,career,19,243.4449770331745,87.01371598275948,224.29665181575766,189.4016793282476,19.14832521741684,257.6120366545119,30.319039583447278,23.279571071180726,4.22060414942268,True,True,True,True,False,9,7
Emma Stone,1988-11-06,2010,career,22,246.4811002727051,125.77906353066338,224.29665181575766,189.4016793282476,22.18444845694745,296.3773842024158,35.054286390388285,26.985469308885826,5.194595000704468,True,True,True,True,False,8,11
Emma Stone,1988-11-06,2016,career,28,252.5640889948169,197.41491865424356,224.29665181575766,189.4016793282476,28.267437179059243,8.013239325995954,44.4837167854225,34.416932914330175,7.342441227202413,True,False,True,True,False,4,5
Emma Stone,1988-11-06,2020,marriage,32,256.62678760147946,247.65831858684123,224.29665181575766,189.4016793282476,32.33013578572181,58.25663925859362,50.76131904761124,39.383799099686,8.90913232089764,True,True,True,True,False,4,3
Emma Stone,1988-11-06,2021,child,33,257.6432385085335,260.94023391326726,224.29665181575766,189.4016793282476,33.346586692775844,71.53855458501965,52.33182911395332,40.626847236015436,9.316344967066106,True,True,True,True,False,4,0
Anne Hathaway,1982-11-12,2001,career,19,249.1670044829659,78.68533673470992,229.97252741221223,195.44813674538716,19.194477070753663,243.23719998932276,30.01729927429784,23.863540548367723,14.546527067724924,True,True,True,True,False,2,6
Anne Hathaway,1982-11-12,2006,career,24,254.2384715642056,151.9070378481397,229.97252741221223,195.44813674538716,24.26594415199338,316.4589011027525,37.79255514367867,30.143781284310023,18.417374010378524,True,True,True,True,False,1,6
Anne Hathaway,1982-11-12,2012,marriage,30,260.3356349025224,230.4582572886405,229.97252741221223,195.44813674538716,30.363107490310142,35.01012054325335,47.09213251767824,37.6806717310414,23.081646435236905,True,True,True,True,True,6,3
Anne Hathaway,1982-11-12,2012,career,30,260.3356349025224,230.4582572886405,229.97252741221223,195.44813674538716,30.363107490310142,35.01012054325335,47.09213251767824,37.6806717310414,23.081646435236905,True,True,True,True,True,6,3
Anne Hathaway,1982-11-12,2016,child,34,264.40607123078587,278.67074730084164,229.97252741221223,195.44813674538716,34.43354381857364,83.22261055545448,53.2382559904014,42.70533780831454,26.2016872550833,True,True,True,True,True,6,1
Reese Witherspoon,1976-03-22,1996,career,20,21.765154318027466,160.15970953149497,2.033661751872908,268.99580216394247,19.731492566154557,251.1639073675525,40.06981926831287,24.655023654917443,9.589597138349177,False,True,True,True,False,8,5
Reese Witherspoon,1976-03-22,1999,child,23,24.703861368532003,205.40929873054853,2.033661751872908,268.99580216394247,22.670199616659094,296.41349656660606,45.96828988258733,28.349562325433908,11.11062295365599,False,True,True,True,False,6,5
Reese Witherspoon,1976-03-22,1999,marriage,23,24.703861368532003,205.40929873054853,2.033661751872908,268.99580216394247,22.670199616659094,296.41349656660606,45.96828988258733,28.349562325433908,11.11062295365599,False,True,True,True,False,6,5
Reese Witherspoon,1976-03-22,2007,divorce,31,32.518082471555985,316.9593573676615,2.033661751872908,268.99580216394247,30.484420719683076,47.96355520371901,59.429474148697125,38.19897354808802,15.249735116231463,True,True,True,True,False,2,6
Reese Witherspoon,1976-03-22,2011,marriage,35,36.414036051736,5.1171449249881515,2.033661751872908,268.99580216394247,34.38037429986309,96.1213427610457,64.4689241612565,43.12207932696526,17.361286468774324,True,True,True,True,False,7,8
Kate Winslet,1975-10-05,1994,career,19,210.25516673951307,76.33813911038551,191.43177468405457,193.7211580876892,18.8233920554585,242.61698102269634,351.7625095630531,13.879926572890724,5.190041377300872,True,True,False,False,True,4,7
Kate Winslet,1975-10-05,1997,career,22,213.24557048128568,115.4372227582122,191.43177468405457,193.7211580876892,21.81379579723111,281.716064670523,355.00709605201826,16.554253959058656,5.658387446920628,True,True,False,False,True,9,3
Kate Winslet,1975-10-05,1998,marriage,23,214.24360043894472,129.11014698925663,191.43177468405457,193.7211580876892,22.81182575489015,295.3889889015675,356.26562866792,17.467682240604205,5.789843286469207,True,True,False,False,True,7,5
Kate Winslet,1975-10-05,2001,divorce,26,217.24133018975544,172.17164276551063,191.43177468405457,193.7211580876892,25.80955550570087,338.45048467782146,0.4126771555580149,20.268504455533076,6.106937506473088,True,True,False,False,True,7,2
Kate Winslet,1975-10-05,2003,marriage,28,219.24277679469324,201.99197812246246,191.43177468405457,193.7211580876892,27.81100211063867,8.270820034773266,3.39680290124204,22.18258945348674,6.251824024490517,True,False,False,False,True,8,3
Kate Winslet,1975-10-05,2011,divorce,36,227.26882427387767,312.0699383876876,191.43177468405457,193.7211580876892,35.837049589823096,118.34878029999842,16.08988762320837,30.160524055593356,6.2723163914430415,True,True,True,True,True,3,5
Kate Winslet,1975-10-05,2012,marriage,37,228.27399233954006,324.2589962407985,191.43177468405457,193.7211580876892,36.842217655485484,130.53783815310933,17.706743782244303,31.189743378616186,6.210287409857401,True,True,True,True,True,4,5
Gwyneth Paltrow,1972-09-27,1998,career,26,210.40353535838358,46.98225485688109,184.69015297571184,67.36465941668146,25.71338238267174,339.61759544019964,39.88903088351009,30.075165540304255,16.85223708193945,True,True,True,True,True,5,3
Gwyneth Paltrow,1972-09-27,2003,marriage,31,215.39049878318002,119.53683253851376,184.69015297571184,67.36465941668146,30.70034580746818,52.1721731218323,46.48504337626812,36.03424211311284,20.119253368600823,True,True,True,True,True,6,6
Gwyneth Paltrow,1972-09-27,2004,child,32,216.3897152113284,132.9123626666309,184.69015297571184,67.36465941668146,31.699562235616554,65.54770324994945,47.741816576406194,37.23158253633636,20.773827728353695,True,True,True,True,True,5,5
Gwyneth Paltrow,1972-09-27,2014,divorce,42,226.4131653181689,255.32904009425053,184.69015297571184,67.36465941668146,41.723012342457054,187.96438067756907,58.35084535309926,49.29239046324062,27.34085281596947,True,True,True,True,True,6,8
Gwyneth Paltrow,1972-09-27,2018,marriage,46,230.4363151150139,303.27048331140116,184.69015297571184,67.36465941668146,45.74616213930207,235.9058238947197,60.84173354233636,54.155245311430434,29.97819112661429,True,True,True,True,True,3,9
Halle Berry,1966-08-14,1991,career,25,165.09236032373502,76.44274768334914,140.95778305136466,108.99260693250832,24.134577272370365,327.45014075084083,40.58779443187508,30.652555021474896,16.028158530812405,True,True,True,True,True,1,3
Halle Berry,1966-08-14,1993,marriage,27,167.03563914140048,103.32007072532183,140.95778305136466,108.99260693250832,26.077856090035823,354.3274637928135,44.39312358252876,33.12281427882907,17.290748429982628,True,False,True,True,True,2,6
Halle Berry,1966-08-14,1997,divorce,31,170.9289661476365,162.32542220772717,140.95778305136466,108.99260693250832,29.97118309627183,53.33281527521885,51.81339239630147,38.0706058734457,19.806906582204405,True,True,True,True,True,2,7
Halle Berry,1966-08-14,2001,career,35,174.83062466929488,222.20875837566942,140.95778305136466,108.99260693250832,33.87284161793022,113.2161514431611,58.95563974496311,43.02704576626222,22.31037736465042,True,True,True,True,True,3,7
Halle Berry,1966-08-14,2001,marriage,35,174.83062466929488,222.20875837566942,140.95778305136466,108.99260693250832,33.87284161793022,113.2161514431611,58.95563974496311,43.02704576626222,22.31037736465042,True,True,True,True,True,3,7
Halle Berry,1966-08-14,2005,divorce,39,178.7400143543151,275.78783170102673,140.95778305136466,108.99260693250832,37.782231302950436,166.7952247685184,65.81964826833918,47.99133466721146,24.800990144721155,True,True,True,True,True,3,5
Halle Berry,1966-08-14,2008,child,42,181.67694218570242,312.59013364168203,140.95778305136466,108.99260693250832,40.71915913433776,203.5975267091737,70.79339183740898,51.71922233270509,26.660364798088224,True,True,True,True,True,3,5
Halle Berry,1966-08-14,2013,marriage,47,186.58172849333312,12.056225682714263,140.95778305136466,108.99260693250832,45.62394544196846,263.06361875020593,78.77310468245234,57.94080025637713,29.74296308155816,True,True,True,True,True,8,5
Halle Berry,1966-08-14,2016,divorce,50,189.53129453594696,48.22448187527396,140.95778305136466,108.99260693250832,48.5735114845823,299.2318749427656,83.38552903025531,61.67884373713663,31.582880367793464,True,True,True,True,True,8,6
Robin Williams,1951-07-21,1978,career,27,143.83600262555493,329.81620417735496,117.98068508190903,336.00378996424683,25.855317543645896,353.8124142131081,23.396577096981616,7.924178123047909,17.6641882907647,True,True,True,False,False,5,2
Robin Williams,1951-07-21,1978,marriage,27,143.83600262555493,329.81620417735496,117.98068508190903,336.00378996424683,25.855317543645896,353.8124142131081,23.396577096981616,7.924178123047909,17.6641882907647,True,True,True,False,False,5,2
Robin Williams,1951-07-21,1988,divorce,37,153.4694656929591,97.82344386273869,117.98068508190903,336.00378996424683,35.48878061105006,121.81965389849185,18.816796156779134,4.372239678823149,24.09050305724851,True,True,True,False,True,8,4
Robin Williams,1951-07-21,1989,marriage,38,154.43546222487188,109.71974424783457,117.98068508190903,336.00378996424683,36.454777142962854,133.71595428358773,17.936650906823843,3.840595162728505,24.72997660821072,True,True,True,False,True,8,3
Robin Williams,1951-07-21,2008,divorce,57,172.87451728635688,6.131820558130648,117.98068508190903,336.00378996424683,54.89383220444785,30.128030593883807,13.239877231816536,353.49638005903165,36.7628133738592,True,True,True,False,True,8,2
Robin Williams,1951-07-21,2011,marriage,60,175.80144046264786,45.3884600021074,117.98068508190903,336.00378996424683,57.82075538073883,69.38467003786059,16.664382537553564,352.65226151157185,38.64270157692435,True,True,True,False,True,7,5
Robin Williams,1951-07-21,2014,death,63,178.73381483681413,82.05812144025978,117.98068508190903,336.00378996424683,60.7531297549051,106.05433147601295,20.945996787193508,352.1701661319737,40.51751728980638,True,True,True,False,True,7,3
Jim Carrey,1962-01-17,1983,career,21,317.83953874930614,347.3546825890851,296.50311571643226,74.5205680118217,21.33642303287388,272.8341145772634,359.9509687188954,26.37823118517099,16.239473252807954,True,True,False,True,True,9,4
Jim Carrey,1962-01-17,1987,marriage,25,321.88987260180807,44.98714682391868,296.50311571643226,74.5205680118217,25.386756885375803,330.466578812097,355.71895058543754,31.394834170820502,19.35527577478598,True,True,False,True,True,9,4
Jim Carrey,1962-01-17,1994,career,32,328.96056855135646,133.2042311781366,296.50311571643226,74.5205680118217,32.4574528349242,58.683663166314915,352.80541227653424,40.16384175459416,24.819922572965424,True,True,False,True,True,7,3
Jim Carrey,1962-01-17,1995,divorce,33,329.96881898119966,145.09316261251647,296.50311571643226,74.5205680118217,33.4657032647674,70.57259460069477,352.88550530991114,41.415433904877546,25.601685305191552,True,True,False,True,True,5,2
Jim Carrey,1962-01-17,1996,marriage,34,330.9766200503547,156.9264849819133,296.50311571643226,74.5205680118217,34.47350433392245,82.4059169700916,353.07383362994204,42.66674287634004,26.38370251646603,True,True,False,True,True,7,2
Jim Carrey,1962-01-17,1999,divorce,37,333.9974181362251,192.44047205117252,296.50311571643226,74.5205680118217,37.49430241979286,117.91990403935083,354.21892510061576,46.41900578936833,28.73124300818705,True,True,False,True,True,7,5
Charlie Chaplin,1889-04-16,1914,career,25,51.26665349768614,184.31165872255383,27.000290025466025,219.3951967399382,24.266363472220117,324.9164619826156,51.0441453697626,346.79723802517645,17.78951887645256,True,True,True,False,True,6,2
Charlie Chaplin,1889-04-16,1918,marriage,29,55.12093460669342,242.95532973091517,27.000290025466025,219.3951967399382,28.120644581227392,23.560132990976967,57.53978843151846,345.42542128837147,20.58881814861047,True,True,True,False,True,3,3
Charlie Chaplin,1889-04-16,1920,divorce,31,57.04577159749965,273.05102177882065,27.000290025466025,219.3951967399382,30.045481572033626,53.655825038882455,60.445268696979824,344.97479734716194,21.98386068669383,True,True,True,False,True,3,4
Charlie Chaplin,1889-04-16,1924,marriage,35,60.89163209505512,329.9078990356237,27.000290025466025,219.3951967399382,33.8913420695891,110.5127022956855,65.5369266982855,344.5603474702413,24.764944506229483,True,True,True,False,True,2,5
Charlie Chaplin,1889-04-16,1926,divorce,37,62.812829048331075,356.22598816022486,27.000290025466025,219.3951967399382,35.81253902286505,136.83079142028666,67.70957614104229,344.59223079664935,26.151043774403917,True,True,True,False,True,2,3
Charlie Chaplin,1889-04-16,1943,marriage,54,79.09723795872449,206.8874595486505,27.000290025466025,219.3951967399382,52.09694793325846,347.4922628087123,74.82467628806891,350.2317073923053,37.81571452474721,True,True,True,False,True,5,7
Charlie Chaplin,1889-04-16,1977,death,88,111.52785919791985,304.9671172898951,27.000290025466025,219.3951967399382,84.52756917245382,85.5719205499569,73.17892052265665,17.828183569343018,60.56231683681085,True,True,True,True,True,7,5
Clint Eastwood,1930-05-31,1955,career,25,93.4076931508443,81.81107114031857,69.51807575061709,116.8584869623379,23.88961740022721,324.95258417798067,19.730234958410392,29.866693851585723,18.404998191122417,True,True,True,True,True,5,3
Clint Eastwood,1930-05-31,1953,marriage,23,91.49920207144845,53.395425333104136,69.51807575061709,116.8584869623379,21.981126320831365,296.5369383707662,16.73142089123111,27.496941960677745,16.95591582028142,True,True,True,True,True,5,4
Clint Eastwood,1930-05-31,1964,career,34,101.99155695801055,211.45586123223913,69.51807575061709,116.8584869623379,32.47348120739346,94.59737426990122,35.78281801241579,40.47945381565039,24.86728975992194,True,True,True,True,True,7,5
Clint Eastwood,1930-05-31,1984,divorce,54,121.0704202428064,105.00940483729332,69.51807575061709,116.8584869623379,51.55234449218932,348.15091787495544,77.49625317147381,63.68788194003169,38.869563206426406,True,False,True,True,True,6,3
Clint Eastwood,1930-05-31,1992,career,62,128.72098081319763,221.3340064703312,69.51807575061709,116.8584869623379,59.20290506258054,104.47551950799328,92.15213384956762,72.79468204443198,44.317693030914725,True,True,True,True,True,3,6
Steven Spielberg,1946-12-18,1975,career,29,295.78839947443504,235.1682043233872,266.2385405067193,214.32727904243097,29.54985896771575,20.840925280956213,44.039017459254126,20.31749074913938,22.225051635833267,True,False,True,True,False,3,5
Steven Spielberg,1946-12-18,1982,career,36,302.915195145174,318.5961279814157,266.2385405067193,214.32727904243097,36.67665463845469,104.26884893898472,55.65529076508216,26.99674385013992,27.666410024929917,True,True,True,True,False,7,3
Steven Spielberg,1946-12-18,1985,marriage,39,305.96641713779906,356.29189254641176,266.2385405067193,214.32727904243097,39.727876631079766,141.9646135039808,60.77936081128081,29.97902680611577,30.005339931158517,True,True,True,True,True,9,3
Steven Spielberg,1946-12-18,1989,divorce,43,310.0303884489343,49.70374023772818,266.2385405067193,214.32727904243097,43.791847942214986,195.3764611952972,67.74470689772659,34.048672442113286,33.129370995311035,True,True,True,True,True,12,2
Steven Spielberg,1946-12-18,1991,marriage,45,312.0603190844837,78.17969990407647,266.2385405067193,214.32727904243097,45.821778577764405,223.8524208616455,71.27665221850657,36.11954258182362,34.69356967330975,True,True,True,True,True,10,2
Steven Spielberg,1946-12-18,1993,career,47,314.08881049002395,107.70458592706747,266.2385405067193,214.32727904243097,47.850269983304656,253.37730688463648,74.83143056515121,38.21245240971365,36.25911329387287,True,True,True,True,True,9,4
Martin Scorsese,1942-11-17,1967,career,25,259.838272709311,321.22190171399933,234.51191335712625,352.0692245748969,25.326359352184767,329.1526771391024,39.466612919144126,31.423957203430547,17.234681434131346,True,True,True,True,False,8,2
Martin Scorsese,1942-11-17,1976,career,34,268.9963251569974,76.690175508286,234.51191335712625,352.0692245748969,34.48441179987114,84.62095093338911,53.66605572424427,42.73604345270368,23.535798819074103,True,True,True,True,True,4,2
Martin Scorsese,1942-11-17,1965,marriage,23,257.8044980292693,291.9730721725445,234.51191335712625,352.0692245748969,23.29258467214308,299.9038475976476,36.321879975320286,28.909327260022764,15.841098549341922,True,True,True,True,False,7,6
Martin Scorsese,1942-11-17,1971,divorce,29,263.9073492082978,15.091426534102109,234.51191335712625,352.0692245748969,29.395435851171527,23.022201959205177,45.76948258299231,36.45229691138084,20.028964617634472,True,True,True,True,True,3,2
Martin Scorsese,1942-11-17,1976,marriage,34,268.9963251569974,76.690175508286,234.51191335712625,352.0692245748969,34.48441179987114,84.62095093338911,53.66605572424427,42.73604345270368,23.535798819074103,True,True,True,True,True,4,2
Martin Scorsese,1942-11-17,1977,divorce,35,270.0144854212733,88.63092232625833,234.51191335712625,352.0692245748969,35.502572064147074,96.56169775136141,55.244343990578926,43.99258706078675,24.23909736498092,True,True,True,True,True,3,3
Martin Scorsese,1942-11-17,1979,marriage,37,272.05117761301995,112.32758768944807,234.51191335712625,352.0692245748969,37.5392642558937,120.25836311455117,58.393992949161856,46.505469731501904,25.64765158113198,True,True,True,True,True,2,8
Martin Scorsese,1942-11-17,1983,divorce,41,276.12604802841304,159.99366498828567,234.51191335712625,352.0692245748969,41.61413467128679,167.92444041338877,64.62703898447162,51.53041718049374,28.47263026803384,True,True,True,True,True,3,9
Martin Scorsese,1942-11-17,1985,marriage,43,278.16422401858995,184.9050206660119,234.51191335712625,352.0692245748969,43.6523106614637,192.835796091115,67.67681145920469,54.04250190723357,29.889083672952495,True,True,True,True,True,3,9
Martin Scorsese,1942-11-17,1991,divorce,49,284.2813573363935,269.63333140542744,234.51191335712625,352.0692245748969,49.769443979267265,277.56410683053053,76.18742848300425,61.577337953809746,34.154392607971914,True,True,True,True,True,6,6
Martin Scorsese,1942-11-17,1999,marriage,57,292.4361978147577,24.50114240726071,234.51191335712625,352.0692245748969,57.924284457631444,32.43191783236381,83.62341757275462,71.61651049570557,39.87579411546548,True,True,True,True,True,6,6
Quentin Tarantino,1963-03-27,1992,career,29,34.36439903005184,54.91630032142761,5.8962362244017275,31.30000209392272,28.468162805650117,23.616298227504892,52.34707652165782,34.6296373949279,7.124842314561661,True,False,True,True,False,11,4
Quentin Tarantino,1963-03-27,1994,career,31,36.3116269695285,84.40429715787074,5.8962362244017275,31.30000209392272,30.41539074512677,53.10429506394802,54.25121247716738,37.033079830536735,7.831721213429049,True,True,True,True,False,11,6
Quentin Tarantino,1963-03-27,2003,career,40,45.04574736101304,198.49507867594312,5.8962362244017275,31.30000209392272,39.149511136611316,167.1950765820204,58.39108207941988,47.86212069610144,11.268354650999171,True,True,True,True,False,3,6
Quentin Tarantino,1963-03-27,2018,marriage,55,59.52011671821518,32.9242096051524,5.8962362244017275,31.30000209392272,53.62388049381345,1.6242075112296774,52.456096859560255,65.96261942460234,17.76712219397136,True,False,True,True,False,9,5
Alfred Hitchcock,1899-08-13,1926,marriage,27,166.5635818774471,215.57563123675078,140.47954871055015,218.59707893678564,26.084033166896944,356.97855229996514,358.6013134233378,33.43213055434785,17.450676073655075,True,False,True,True,False,6,4
Alfred Hitchcock,1899-08-13,1929,career,30,169.48318148561393,254.38171470866644,140.47954871055015,218.59707893678564,29.003632775063778,35.7846357718808,3.180083675675661,37.16242641622844,19.439832890817257,True,True,False,True,False,4,5
Alfred Hitchcock,1899-08-13,1940,career,41,180.22439295547738,53.36571938160291,140.47954871055015,218.59707893678564,39.744844244927236,194.76864044481727,22.92270846556596,50.85722721223283,26.814954619113877,True,True,False,True,True,7,1
Alfred Hitchcock,1899-08-13,1960,career,61,199.93529788248128,306.2074946607474,140.47954871055015,218.59707893678564,59.45574917193113,87.61041572396175,57.59988927802192,75.81887590658087,40.562320631652,True,True,True,True,True,8,5
Alfred Hitchcock,1899-08-13,1980,death,81,219.86559072531162,208.78184197770832,140.47954871055015,218.59707893678564,79.38604201476147,350.1847630409227,87.72338305260607,100.81402102058854,54.731385469738626,True,True,True,True,True,7,2
John F. Kennedy,1917-05-29,1946,career,29,95.35620729690658,184.82768349473145,67.64381014013682,164.71023025786633,27.712397156769754,20.117453236865117,28.212801457459136,35.546806376596635,20.746048128281828,True,True,True,True,True,6,4
John F. Kennedy,1917-05-29,1953,marriage,36,102.02834490079702,278.22339791486166,67.64381014013682,164.71023025786633,34.3845347606602,113.51316765699534,41.86031129891724,44.10482052451836,25.632434213094356,True,True,True,True,True,4,2
John F. Kennedy,1917-05-29,1960,career,43,108.70046809530916,20.202587626932058,67.64381014013682,164.71023025786633,41.05665795517234,215.49235736906573,56.82285020069068,52.65213282193223,30.471967692297184,True,True,True,True,True,3,10
John F. Kennedy,1917-05-29,1963,death,46,111.56189839594836,60.11383311770102,67.64381014013682,164.71023025786633,43.91808825581154,255.40360285983468,63.25490829037291,56.31252375558246,32.5320206675717,True,True,True,True,True,8,9
Richard Nixon,1913-01-09,1946,career,33,322.5870041993617,24.250229015190893,289.05884414274294,316.12746780870185,33.52816005661873,68.12276120648903,52.216340990232254,36.1995382459034,24.824749649318733,True,True,True,True,True,7,4
Richard Nixon,1913-01-09,1940,marriage,27,316.51198086337297,312.9568729433898,289.05884414274294,316.12746780870185,27.453136720630027,356.82940513468793,41.77210262063801,30.000200877348277,20.26392612128234,True,False,True,True,True,7,2
Richard Nixon,1913-01-09,1952,career,39,328.64601512197294,103.78717717423433,289.05884414274294,316.12746780870185,39.587170979229995,147.65970936553248,63.130094050385026,42.145325302281094,29.402327358415846,True,True,True,True,True,6,8
Richard Nixon,1913-01-09,1968,career,55,344.7226204606842,321.80193262463945,289.05884414274294,316.12746780870185,55.663776317941256,5.674464815937597,91.93862212546492,56.26854118098902,41.68330150018386,True,False,True,True,True,6,6
Richard Nixon,1913-01-09,1974,crisis,61,350.72061283200554,33.54462623668093,289.05884414274294,316.12746780870185,61.6617686892626,77.41715842797907,99.36017399673631,60.665070807298605,46.310787157210825,True,True,True,True,True,2,9
Richard Nixon,1913-01-09,1994,death,81,10.561349941458348,306.76985150362293,289.05884414274294,316.12746780870185,81.50250579871539,350.6423836949211,94.25236358796627,69.23350481653915,61.780099599586094,True,False,True,True,True,6,5
Ronald Reagan,1911-02-06,1937,career,26,342.4800208332382,22.92058782873502,316.2710173694538,40.22535952898783,26.209003463784427,342.6952282997472,37.56362606292595,32.31804973923494,18.951970962250243,True,True,True,True,False,5,4
Ronald Reagan,1911-02-06,1940,marriage,29,345.4845197712364,65.2325347982158,316.2710173694538,40.22535952898783,29.213502401782648,25.007175269227965,42.68650854330701,36.023672553074846,21.158208410529596,True,True,True,True,False,5,5
Ronald Reagan,1911-02-06,1948,divorce,37,353.4701163395831,175.63544484552799,316.2710173694538,40.22535952898783,37.19909897012934,135.41008531654015,57.16996497279865,45.873206073359654,27.057781044244564,True,True,True,True,True,2,5
Ronald Reagan,1911-02-06,1952,marriage,41,357.449275576684,225.6675124387879,316.2710173694538,40.22535952898783,41.178258207230215,185.44215290980006,64.86717347892306,50.779324019469925,30.016507442632644,True,True,True,True,True,9,2
Ronald Reagan,1911-02-06,1966,career,55,11.312997699844834,46.95775172636008,316.2710173694538,40.22535952898783,55.041980330391084,6.732392197372249,92.8726032692856,67.84932737726524,40.41168685494341,True,False,True,True,True,12,3
Ronald Reagan,1911-02-06,1980,career,69,25.061889044660973,233.78729959171903,316.2710173694538,40.22535952898783,68.7908716752072,193.5619400627312,113.29315080667925,84.72874619749285,50.84017748110131,True,True,True,True,True,7,3
Ronald Reagan,1911-02-06,2004,death,93,48.394756286075136,193.9849327370348,316.2710173694538,40.22535952898783,92.12373891662139,153.75957320804696,110.18540842716524,113.10265659195818,68.71429207640097,True,True,True,True,True,7,7
Bill Clinton,1946-08-19,1978,career,32,176.78575563136536,114.00097329978867,145.76136217436994,46.79474751566612,31.024393456995426,67.20622578412255,53.94604144717199,31.533792292757113,20.90068547512945,True,True,True,True,False,6,3
Bill Clinton,1946-08-19,1975,marriage,29,173.85556066125176,71.86489020536531,145.76136217436994,46.79474751566612,28.094198486881822,25.070142689699196,48.55812170124632,28.88337489341967,18.896063895639287,True,True,True,True,False,5,5
Bill Clinton,1946-08-19,1980,child,34,178.74226516240296,141.61165456101372,145.76136217436994,46.79474751566612,32.98090298803302,94.8169070453476,57.45450962323763,33.250604969975086,22.242438265027317,True,True,True,True,False,9,5
Bill Clinton,1946-08-19,1992,career,46,190.52758577900724,291.06114515618543,145.76136217436994,46.79474751566612,44.766223604637304,244.2663976405193,77.18971185516806,42.49244217579539,30.38096103159387,True,True,True,True,True,9,3
Bill Clinton,1946-08-19,1998,crisis,52,196.44759105621128,9.880788829532028,145.76136217436994,46.79474751566612,50.686228881841345,323.0860413138659,86.29760360234799,46.214439803898046,34.50496699936977,True,True,True,True,True,9,3
Barack Obama,1961-08-04,1992,marriage,31,162.00408587154854,104.32469487269802,132.1488216831599,58.04817203475016,29.855264188388645,46.27652283794786,58.2948787121242,36.038675946426295,19.749559510034004,True,True,True,True,True,5,5
Barack Obama,1961-08-04,1996,career,35,165.88708971588872,151.63265609514835,132.1488216831599,58.04817203475016,33.738268032728826,93.58448406039818,64.45295274960078,40.8057610362835,22.36152887137601,True,True,True,True,True,4,5
Barack Obama,1961-08-04,1998,child,37,167.83165956908613,175.41576756438943,132.1488216831599,58.04817203475016,35.68283788592623,117.36759552963926,67.41235813076396,43.19770000238451,23.673102771074213,True,True,True,True,True,5,6
Barack Obama,1961-08-04,2004,career,43,173.67701339177083,250.69043210180942,132.1488216831599,58.04817203475016,41.52819170861093,192.64226006705925,75.79531964981892,50.404977280885376,27.62999848683947,True,True,True,True,True,4,5
Barack Obama,1961-08-04,2008,career,47,177.58318383922807,306.4668193486958,132.1488216831599,58.04817203475016,45.434362156068175,248.41864731394566,80.93059438339894,55.23465707548142,30.286098513004447,True,True,True,True,True,8,5
Donald Trump,1946-06-14,1971,career,25,106.61742345358664,232.41130503394896,82.76926071470227,259.2278560057739,23.84816273888437,333.18344902817506,33.75725653075726,29.4191621025993,14.379158960160453,True,True,True,True,True,4,7
Donald Trump,1946-06-14,1977,marriage,31,112.33765782935902,304.46271527964655,82.76926071470227,259.2278560057739,29.568397114656747,45.234859273872644,37.058915504931335,36.36000401379269,17.94739203955828,True,True,True,True,True,5,2
Donald Trump,1946-06-14,1990,crisis,44,124.75028611003779,124.19266018290644,82.76926071470227,259.2278560057739,41.98102539533552,224.96480417713252,34.85840137203131,51.18981492414105,25.819947020647504,True,True,True,True,True,4,4
Donald Trump,1946-06-14,1991,divorce,45,125.7067074505801,138.51312417978275,82.76926071470227,259.2278560057739,42.93744673587783,239.28526817400885,34.19589315127216,52.31745827129126,26.43359191656819,True,True,True,True,True,4,8
Donald Trump,1946-06-14,1993,marriage,47,127.62008705539395,166.14344371879147,82.76926071470227,259.2278560057739,44.85082634069168,266.91558771301754,32.758647140529646,54.56629462335235,27.66418083213216,True,True,True,True,True,6,5
Donald Trump,1946-06-14,1999,divorce,53,133.36463715511061,240.6370196597123,82.76926071470227,259.2278560057739,50.595376440408344,341.40916365393844,28.45906446009738,61.256625268886694,31.381850283524955,True,False,True,True,True,4,8
Donald Trump,1946-06-14,2005,marriage,59,139.11730328438586,313.416472222949,82.76926071470227,259.2278560057739,56.348042569683585,54.18861621717508,26.34162305848602,67.85127255524816,35.137376124454875,True,True,True,True,True,3,5
Donald Trump,1946-06-14,2016,career,70,149.69706844218987,104.73503322306065,82.76926071470227,259.2278560057739,66.9278077274876,205.50717721728677,32.99140275814317,79.64198043729223,42.120287413335234,True,True,True,True,True,6,4
Joe Biden,1942-11-20,1970,career,28,265.7941620280171,38.4209873324425,237.3910875598523,28.881772464613512,28.403074468164817,9.539214867828989,44.13087122760646,35.19685153932011,19.38037643811657,True,True,True,True,True,3,4
Joe Biden,1942-11-20,1966,marriage,24,261.72422877118254,346.9237087126674,237.3910875598523,28.881772464613512,24.33314121133023,318.0419362480539,37.820058754418085,30.169089945225267,16.581572400698434,True,True,True,True,False,4,6
Joe Biden,1942-11-20,1972,crisis,30,267.8298347056182,62.894195325989465,237.3910875598523,28.881772464613512,30.438747145765916,34.01242286137595,47.29037726789443,37.71029866152372,20.783553027576914,True,True,True,True,True,6,3
Joe Biden,1942-11-20,1977,marriage,35,272.92116607441756,122.4178054676371,237.3910875598523,28.881772464613512,35.53007851456525,93.53603300302359,55.16861610349105,43.99272466619152,24.30283809695888,True,True,True,True,True,3,6
Joe Biden,1942-11-20,2008,career,66,304.4991388262228,167.46273879225532,237.3910875598523,28.881772464613512,67.1080512663705,138.58096632764182,71.96317841951918,82.87847523159195,46.47627356488269,True,True,True,True,True,7,7
Joe Biden,1942-11-20,2015,crisis,73,311.61020151637246,260.93636861796625,237.3910875598523,28.881772464613512,74.21911395652015,232.05459615335275,64.87083809872303,91.62814751343001,51.56432490678989,True,True,True,True,True,5,7
Joe Biden,1942-11-20,2020,career,78,316.6829735152365,335.76170564849286,237.3910875598523,28.881772464613512,79.29188595538417,306.87993318387936,63.68311605480142,97.868686184534,55.21629720785174,True,True,True,True,True,8,7
Jimmy Carter,1924-10-01,1946,marriage,22,209.59556301286503,145.99750207812014,187.81572070285247,220.1890002873232,21.779842310012555,285.8085017907969,36.862250520398874,24.82022404005292,5.317615310442079,False,True,True,True,True,7,5
Jimmy Carter,1924-10-01,1962,career,38,225.60727269743373,8.691030036249678,187.81572070285247,220.1890002873232,37.791551994581255,148.50202974892647,62.654558465870565,43.70037728904546,11.848772530308622,True,True,True,True,True,7,5
Jimmy Carter,1924-10-01,1976,career,52,239.71467411973236,180.0801550334115,187.81572070285247,220.1890002873232,51.89895341687989,319.8911547460883,83.92343089821244,60.596983125230054,18.764692256232024,True,True,True,True,True,7,3
George H.W. Bush,1924-06-12,1945,marriage,21,101.23120542554817,115.15669270633528,81.19877688291726,195.51047414753904,20.03242854263091,279.64621855879625,39.30702023250182,350.66088695753706,7.1734423777345455,True,True,True,False,True,8,2
George H.W. Bush,1924-06-12,1966,career,42,121.26045050468814,40.11259566447212,81.19877688291726,195.51047414753904,40.06167362177088,204.60212151693307,80.89487340565452,343.62720693766477,9.914151127244395,True,True,True,False,True,3,7
George H.W. Bush,1924-06-12,1980,career,56,134.65768735910987,215.92482397110962,81.19877688291726,195.51047414753904,53.458910476192614,20.414349823570575,101.63810015433529,347.63452519081545,8.64355942583552,True,True,True,False,True,2,2
George H.W. Bush,1924-06-12,1988,career,64,142.33414975457012,330.6747300729842,81.19877688291726,195.51047414753904,61.13537287165286,135.16425592544513,110.5402509453042,352.2617403324248,6.966434892780001,True,True,True,False,True,10,5
George H.W. Bush,1924-06-12,2018,death,94,171.35747586200782,5.983782064139549,81.19877688291726,195.51047414753904,90.15869897909056,170.4733079166005,106.51480747340071,17.995198906458967,0.3425469603474198,True,True,True,True,False,6,5
George W. Bush,1946-07-06,1977,marriage,31,133.22625648022975,238.93099271920363,103.61976916860554,194.65409499255898,29.606487311624207,44.27689772664465,357.4214480415429,35.33658607579045,18.76597571217806,True,True,False,True,False,3,5
George W. Bush,1946-07-06,1994,career,48,149.55778077510718,102.67497694870923,103.61976916860554,194.65409499255898,45.93801160650163,268.0208819561502,1.6890581212293228,53.72994430995166,29.50181682762036,True,True,False,True,True,9,4
George W. Bush,1946-07-06,2000,career,54,155.3511923656839,185.54027989059853,103.61976916860554,194.65409499255898,51.73142319707834,350.8861848980396,10.558147162070497,59.96967624107407,33.36474381072372,True,False,False,True,True,9,5
George W. Bush,1946-07-06,2001,crisis,55,156.31820266453232,198.3488839124714,103.61976916860554,194.65409499255898,52.69843349592678,3.694788919912412,12.284133497915576,60.99373214761778,34.01225361482847,True,False,False,True,True,11,4
Winston Churchill,1874-11-30,1900,career,26,274.1651082957426,131.46998848743402,247.719224365842,149.61568407591162,26.44588392990059,341.85430441152243,34.93621050749215,347.5886857273599,15.715429532856973,True,False,True,False,True,5,8
Winston Churchill,1874-11-30,1908,marriage,34,282.31911219473585,229.61788688691666,247.719224365842,149.61568407591162,34.599887828893856,80.00220281100505,47.31761206633752,347.73232262282784,20.471956021698986,True,True,True,False,True,4,3
Winston Churchill,1874-11-30,1940,career,66,314.8748867547403,286.94799612343854,247.719224365842,149.61568407591162,67.15566238889832,137.33231204752693,101.0979596199029,6.9714523017205465,38.92323476788869,True,True,True,False,True,8,5
Winston Churchill,1874-11-30,1945,crisis,71,319.9405072758012,355.2611518633079,247.719224365842,149.61568407591162,72.22128290995923,205.64546778739626,109.13547645942617,11.526720880194773,41.69586927007677,True,True,True,True,True,5,5
Winston Churchill,1874-11-30,1951,career,77,326.0052191641411,79.95576382169138,247.719224365842,149.61568407591162,78.28599479829913,290.34007974577975,116.47263623521803,17.285743062033475,44.9695718128753,True,True,True,True,True,7,5
Winston Churchill,1874-11-30,1965,death,91,340.0905199418703,257.2686681075955,247.719224365842,149.61568407591162,92.3712955760283,107.65298403168387,114.135155633377,31.65479135349858,52.35015565040476,True,True,True,True,True,6,4
Margaret Thatcher,1925-10-13,1951,marriage,26,225.44205233261525,132.6454604393457,199.5019956584267,148.63173501305906,25.940056674188554,344.01372542628667,39.908579161225845,29.51449839818585,17.079933969223845,True,False,True,True,False,7,5
Margaret Thatcher,1925-10-13,1959,career,34,233.49508855301738,234.60053073849537,199.5019956584267,148.63173501305906,33.99309289459069,85.96879572543631,50.708044388211476,38.230814606509824,22.394601621700645,True,True,True,True,True,5,4
Margaret Thatcher,1925-10-13,1975,career,50,249.67731423145173,92.89720309069833,199.5019956584267,148.63173501305906,50.17531857302504,304.2654680776393,63.40412402807999,54.76900462009999,33.10888579757372,True,True,True,True,True,5,6
Margaret Thatcher,1925-10-13,1979,career,54,253.73599277291746,140.53744245621905,199.5019956584267,148.63173501305906,54.23399711449076,351.90570744316,61.61485152532174,58.63855762328447,35.80611738509373,True,False,True,True,True,3,9
Margaret Thatcher,1925-10-13,1990,crisis,65,264.9235602545779,286.6692613721802,199.5019956584267,148.63173501305906,65.42156459615123,138.03752635912113,48.725370496646946,68.48727228202367,43.26423829989716,True,True,True,True,True,6,6
Margaret Thatcher,1925-10-13,2013,death,88,288.35928445420814,222.9530469517245,199.5019956584267,148.63173501305906,88.85728879578144,74.32131193866545,63.61581501309212,82.58826885279072,59.040608987791416,True,True,True,True,True,7,7
Tony Blair,1953-05-06,1980,marriage,27,71.40572675983583,308.9393939982597,45.415285799887904,312.0739846026546,25.990440959947925,356.86540939560507,55.36236864117019,12.514020736332645,18.508149096514323,True,False,True,False,False,5,7
Tony Blair,1953-05-06,1983,career,30,74.27812008338178,351.2070519223218,45.415285799887904,312.0739846026546,28.862834283493875,39.13306731966719,61.41574514326567,14.828345362342871,20.534220917601665,True,True,True,False,False,2,7
Tony Blair,1953-05-06,1994,career,41,84.79673845721693,139.27029233473462,45.415285799887904,312.0739846026546,39.38145265732903,187.19630773208002,80.56369125844539,24.219085047394792,27.917848786146386,True,True,True,True,True,6,7
Tony Blair,1953-05-06,1997,career,44,87.66099972237679,175.00327656213935,45.415285799887904,312.0739846026546,42.24571392248888,222.92929195948474,84.88301521077072,26.97790408949072,29.91892175926335,True,True,True,True,True,5,4
Tony Blair,1953-05-06,2007,crisis,54,97.19759223652576,304.9323562462106,45.415285799887904,312.0739846026546,51.78230643663786,352.858371643556,96.18820173782841,36.63911374029455,36.55176427436064,True,False,True,True,True,6,5
Queen Elizabeth II,1926-04-21,1947,marriage,21,50.62173335028212,52.603302201221034,30.246596101967594,132.61384916449776,20.375137248314527,279.98945303672326,23.220172815025077,21.88735396354849,15.154084176599213,False,True,False,True,True,9,3
Queen Elizabeth II,1926-04-21,1952,career,26,55.44534856493454,116.65122044439315,30.246596101967594,132.61384916449776,25.198752462966947,344.0373712798954,31.339559409857067,27.33897653767798,18.73991510626155,False,True,True,True,True,8,2
Queen Elizabeth II,1926-04-21,1992,crisis,66,93.74118133130541,276.7887042799547,30.246596101967594,132.61384916449776,63.494585229337815,144.17485511545692,110.58654734987,72.77510402621033,46.61882287244936,True,True,True,True,True,7,4
Queen Elizabeth II,1926-04-21,2022,death,96,122.35743417872885,314.89377920393844,30.246596101967594,132.61384916449776,92.11083807676125,182.27993003944067,136.4785664357301,108.18967699527599,65.5337870227753,True,True,True,True,True,9,5
Princess Diana,1961-07-01,1981,marriage,20,118.7810800811158,218.92161715943107,99.70278291628615,325.6500973128244,19.07829716482965,253.27151984660665,5.575543870346209,21.2716390981167,12.02163638006013,False,True,False,True,False,5,4
Princess Diana,1961-07-01,1982,child,21,119.73575138796963,232.1203740566258,99.70278291628615,325.6500973128244,20.032968471683475,266.4702767438014,6.748665553969218,22.370083833686827,12.632601657023912,False,True,False,True,False,6,3
Princess Diana,1961-07-01,1984,child,23,121.64540699756937,259.8998302489842,99.70278291628615,325.6500973128244,21.942624081283213,294.2497329361598,9.335643944812247,24.575360683550038,13.857204769213723,True,True,False,True,False,3,3
Princess Diana,1961-07-01,1992,crisis,31,129.2910013876362,18.22001098209409,99.70278291628615,325.6500973128244,29.588218471350032,52.56991366926968,22.51845119688818,33.50250477905123,18.790660733398965,True,True,False,True,False,3,5
Princess Diana,1961-07-01,1996,divorce,35,133.12075599922025,70.88896992140515,99.70278291628615,325.6500973128244,33.4179730829341,105.23887260858072,30.353279794447673,38.02527692274828,21.279187304440427,True,True,True,True,False,4,5
Princess Diana,1961-07-01,1997,death,36,134.0790740364277,83.28198641594068,99.70278291628615,325.6500973128244,34.376291120141545,117.63188910311627,32.38240142306945,39.16163490838782,21.903672895988336,True,True,True,True,False,4,5
King Charles III,1948-11-14,1981,marriage,33,265.8714352909787,105.30286162476918,232.42256064266329,30.431096978294427,33.44887464831541,74.87176464647476,51.75231791058968,40.601710076749185,25.1273359691221,True,True,True,True,True,7,4
King Charles III,1948-11-14,1982,child,34,266.8892860709012,119.51495321210764,232.42256064266329,30.431096978294427,34.466725428237936,89.08385623381321,53.33779850409246,41.84370384320826,25.901928312941664,True,True,True,True,True,8,5
King Charles III,1948-11-14,1996,divorce,48,281.15720938599964,309.8837807688421,232.42256064266329,30.431096978294427,48.73464874333635,279.45268379054767,75.8343135529945,59.27481830602619,36.81132029228729,True,True,True,True,True,6,6
King Charles III,1948-11-14,2005,marriage,57,290.3313164233143,58.77071182355285,232.42256064266329,30.431096978294427,57.908755780651035,28.339614845258424,90.0426517053512,70.50594655450644,43.87592047627106,True,False,True,True,True,9,2
King Charles III,1948-11-14,2022,career,74,307.63243203286976,293.66663297511224,232.42256064266329,30.431096978294427,75.20987139020647,263.2355359968178,102.37648476631847,91.74815510509225,57.28846873230208,True,True,True,True,True,7,6
Nelson Mandela,1918-07-18,1944,marriage,26,140.02989908370603,215.17272049276863,115.15030507963078,231.27855023080505,24.879594004075244,343.8941702619636,29.209561664930163,31.15178553637108,15.175190517754743,True,False,True,True,False,6,6
Nelson Mandela,1918-07-18,1956,crisis,38,151.57827019169088,19.203744993454173,115.15030507963078,231.27855023080505,36.42796511206009,147.9251947626491,28.74617856440858,45.72794499514255,22.703124043156862,True,True,True,True,True,5,6
Nelson Mandela,1918-07-18,1958,divorce,40,153.50864672871276,48.11153109947867,115.15030507963078,231.27855023080505,38.35834164908198,176.83298086867362,27.37982598021466,48.16910283857668,23.985503416858165,True,True,True,True,True,5,3
Nelson Mandela,1918-07-18,1961,crisis,43,156.4081748149338,88.94456800359623,115.15030507963078,231.27855023080505,41.25786973530302,217.66601777279118,24.815270359032894,51.83723334870261,25.923716963441592,True,True,True,True,True,7,3
Nelson Mandela,1918-07-18,1964,crisis,46,159.31238071638893,127.32926383277739,115.15030507963078,231.27855023080505,44.162075636758146,256.05071360197235,21.981830152515897,55.51259271424853,27.87922169970119,True,True,True,True,True,6,3
Nelson Mandela,1918-07-18,1990,career,72,184.66384226071813,111.80627476022862,115.15030507963078,231.27855023080505,69.51353718108734,240.52772452942355,35.32833399435461,87.61836732033028,45.485533277232946,True,True,True,True,True,6,6
Nelson Mandela,1918-07-18,1994,career,76,188.5973964194217,161.1459399793118,115.15030507963078,231.27855023080505,73.44709133979092,289.86738974850675,42.384903031283784,92.59366764835575,48.29033982933532,True,True,True,True,True,6,4
Nelson Mandela,1918-07-18,1998,marriage,80,192.5404509339898,208.7378955436307,115.15030507963078,231.27855023080505,77.39014585435902,337.4593453128257,49.53981419786888,97.57664780375164,51.11934270198722,True,True,True,True,True,6,5
Nelson Mandela,1918-07-18,2013,death,95,207.40157297735837,51.799028137723795,115.15030507963078,231.27855023080505,92.25126789772759,180.52047790691876,75.24238701623409,116.3155069620393,61.926164893807794,True,True,True,True,True,7,10
Mahatma Gandhi,1869-10-02,1883,marriage,14,202.9688862229263,336.3757188524232,189.11820383196454,142.77104580339648,13.850682390961765,193.6046730490267,357.9623464117582,16.640222441141873,9.89434306799106,False,True,False,True,False,3,3
Mahatma Gandhi,1869-10-02,1893,career,24,212.92480511327068,97.87846573507338,189.11820383196454,142.77104580339648,23.806601281306143,315.1074199316769,347.205506763582,28.40709148502995,17.102309636986746,True,True,True,True,True,4,5
Mahatma Gandhi,1869-10-02,1915,career,46,235.019422879431,32.52338414617354,189.11820383196454,142.77104580339648,45.90121904746647,249.75233834277708,6.545304813918989,53.78207193082483,33.35081627557244,True,True,False,True,True,7,1
Mahatma Gandhi,1869-10-02,1930,career,61,250.2012643486193,234.76318923754528,189.11820383196454,142.77104580339648,61.08306051665477,91.9921434341488,29.9935887295249,70.39692929889281,44.699818987657494,True,True,True,True,True,6,4
Mahatma Gandhi,1869-10-02,1948,death,79,268.5067799925348,104.36945347188868,189.11820383196454,142.77104580339648,79.38857616057027,321.5984076684922,58.34317429928572,88.97990832291998,58.56131975957359,True,True,True,True,True,7,11
Martin Luther King Jr,1929-01-15,1953,marriage,24,319.2586762069554,304.86131060111336,294.8798229570599,346.346872901865,24.378853249895485,318.51443769924833,4.905782768248002,25.77392778668053,359.910533295144,True,True,False,True,False,7,3
Martin Luther King Jr,1929-01-15,1954,career,25,320.27124944232224,317.39555527553597,294.8798229570599,346.346872901865,25.391426485262343,331.04868237367094,3.734954867765566,26.776176714472058,0.05468174125070391,True,True,False,True,False,5,5
Martin Luther King Jr,1929-01-15,1955,career,26,321.28344593603543,330.15597807693894,294.8798229570599,346.346872901865,26.403622978975534,343.8091051750739,2.6183573385173986,27.770975939650384,0.2090986983422738,True,False,False,True,False,4,6
Martin Luther King Jr,1929-01-15,1963,career,34,329.3651552318713,78.83406394803318,294.8798229570599,346.346872901865,34.48533227481141,92.48719104616816,357.583993052648,35.42577702289219,1.78985385077506,True,True,False,True,False,8,5
Martin Luther King Jr,1929-01-15,1968,death,39,334.40016351383633,150.604455638892,294.8798229570599,346.346872901865,39.52034055677643,164.25758273702698,358.3280947113777,39.88291050103123,3.057430335432258,True,True,False,True,False,5,5
Vladimir Putin,1952-10-07,1983,marriage,31,224.9222312202142,110.2473274783642,194.05226370819554,64.56146695814658,30.86996751201866,45.68586052021762,44.1819150095134,37.8896421616665,22.526416740810703,True,True,True,True,True,10,5
Vladimir Putin,1952-10-07,1999,career,47,241.0492654027474,316.835889585492,194.05226370819554,64.56146695814658,46.99700169455187,252.27442262734542,52.32801375991099,57.29573937437331,34.590720188893954,True,True,True,True,True,5,7
Vladimir Putin,1952-10-07,2000,career,48,242.06063045874498,330.9323203340331,194.05226370819554,64.56146695814658,48.00836675054944,266.3708533758865,51.70320074004317,58.50338821261775,35.351559869527534,True,True,True,True,True,4,6
Vladimir Putin,1952-10-07,2014,divorce,62,256.25161566138996,153.7056490329902,194.05226370819554,64.56146695814658,62.19935195319442,89.14418207484363,37.137732014365525,75.31174336713295,46.05725865581104,True,True,True,True,True,5,7
Angela Merkel,1954-07-17,1977,marriage,23,136.59847224634376,259.46063646807335,114.60196298003184,316.0206036428193,21.996509266311918,303.44003282525404,24.683765873210348,25.75810012924876,359.8813170477219,True,True,True,True,False,5,1
Angela Merkel,1954-07-17,1982,divorce,28,141.39639027985004,325.1568333473868,114.60196298003184,316.0206036428193,26.794427299818196,9.136229704567484,34.58722594015062,31.172155331834432,0.7992692414298972,True,False,True,True,False,5,5
Angela Merkel,1954-07-17,1998,marriage,44,156.81759714280756,183.47423751838824,114.60196298003184,316.0206036428193,42.215634162775714,227.45363387556893,65.89997725140203,47.85155187153745,5.59723649206984,True,True,True,True,True,6,9
Angela Merkel,1954-07-17,2005,career,51,163.5994997049429,267.3466151579827,114.60196298003184,316.0206036428193,48.99753672491106,311.3260115151634,78.08153504539975,54.745225122722985,8.453176202657687,True,True,True,True,True,6,9
Emmanuel Macron,1977-12-21,2007,marriage,30,300.0254539002386,77.56930306668987,269.460429549543,44.98137082884498,30.56502435069558,32.58793223784489,8.29949654576643,37.74170536699859,351.18725594161765,True,True,True,True,False,2,2
Emmanuel Macron,1977-12-21,2012,career,35,305.1098386227188,137.54826238711902,269.460429549543,44.98137082884498,35.64940907317583,92.56689155827405,15.106995981563614,44.02467750519588,349.19557968510696,True,True,True,True,False,4,2
Emmanuel Macron,1977-12-21,2017,career,40,310.18876647074717,200.8961565117374,269.460429549543,44.98137082884498,40.728336921204175,155.91478568289241,22.31375325648736,50.30422590613057,347.288501732478,True,True,True,True,True,4,2
Napoleon Bonaparte,1769-08-15,1793,career,24,165.94185083720274,257.9770289691182,142.72243727171247,298.39100802370785,23.21941356549027,319.5860209454103,45.0779945234506,24.970391710919003,15.384582109405812,True,True,True,True,False,5,6
Napoleon Bonaparte,1769-08-15,1796,marriage,27,168.86332024250282,293.9921536412369,142.72243727171247,298.39100802370785,26.140882970790358,355.601145617529,50.40789778538422,28.272052499879578,17.328866811327288,True,False,True,True,False,6,5
Napoleon Bonaparte,1769-08-15,1804,career,35,176.67534896974024,42.49748147340009,142.72243727171247,298.39100802370785,33.952911698027776,104.10647344969223,63.84342104564041,37.226393121781356,22.537242725443548,True,True,True,True,True,5,7
Napoleon Bonaparte,1769-08-15,1809,divorce,40,181.5772308427459,113.17021004937634,142.72243727171247,298.39100802370785,38.85479357103344,174.7792020256685,71.71268826749451,42.924274652362456,25.811902073890735,True,True,True,True,True,6,5
Napoleon Bonaparte,1769-08-15,1810,marriage,41,182.55952469819277,126.96138073584471,142.72243727171247,298.39100802370785,39.83708742648031,188.57037271213687,73.24097189537852,44.07229821376812,26.468698211879058,True,True,True,True,True,6,4
Napoleon Bonaparte,1769-08-15,1815,crisis,46,187.48009237018653,193.3066170680991,142.72243727171247,298.39100802370785,44.75765509847406,254.91560904439123,80.6583972630892,49.85079731174305,29.761908477048593,True,True,True,True,True,6,3
Napoleon Bonaparte,1769-08-15,1821,death,52,193.4034062972918,265.87898724688705,142.72243727171247,298.39100802370785,50.680969025579344,327.4879792231792,89.04467041470886,56.86220302776282,33.73411624810964,True,True,True,True,True,3,3
Abraham Lincoln,1809-02-12,1842,marriage,33,356.2984878189179,9.09553440118289,323.21697545061255,293.648402580223,33.08151236830537,75.4471318209599,356.0867145118723,35.20017221150276,0.3324450805790775,True,True,False,True,False,6,5
Abraham Lincoln,1809-02-12,1846,career,37,0.2701944539645064,57.41500849525989,323.21697545061255,293.648402580223,37.053219003351956,123.7666059150369,356.3302720248765,39.009775846096154,359.459202875501,True,True,False,True,False,8,6
Abraham Lincoln,1809-02-12,1860,career,51,14.09259097217467,244.04495721834962,323.21697545061255,293.648402580223,50.87561552156211,310.39655463812664,6.541776711283717,51.01128881967513,355.10008507139025,True,True,False,True,False,9,3
Abraham Lincoln,1809-02-12,1865,death,56,19.0029882495249,314.1109261335963,323.21697545061255,293.648402580223,55.78601279891234,20.46252355337333,12.533080437449769,54.63694857761395,353.2262923722326,True,True,False,True,False,6,4
Franklin D. Roosevelt,1882-01-30,1905,marriage,23,334.17349040007076,39.33730328747463,310.92823678320514,93.75484643007071,23.245253616865625,305.58245685740394,6.361448704669897,28.8246656805656,2.2434812222180653,True,True,True,True,False,9,11
Franklin D. Roosevelt,1882-01-30,1910,career,28,339.1967619629102,102.91474335886024,310.92823678320514,93.75484643007071,28.26852517970508,9.159896928789522,1.3269192522027993,35.07634220626949,3.4261335936323434,True,False,False,True,True,3,9
Franklin D. Roosevelt,1882-01-30,1921,crisis,39,350.200089356591,235.72931727685958,310.92823678320514,93.75484643007071,39.27185257338584,141.97447084678885,358.68579936825694,48.80398732393445,6.677243525955603,True,True,False,True,True,6,4
Franklin D. Roosevelt,1882-01-30,1932,career,50,1.1442146061292584,33.55941560203431,310.92823678320514,93.75484643007071,50.21597782292412,299.8045691719636,6.538731944314861,62.49729201722306,10.654048441857682,True,True,True,True,True,8,8
Franklin D. Roosevelt,1882-01-30,1945,death,63,13.986431454315866,195.37503811899046,310.92823678320514,93.75484643007071,63.058194671110755,101.62019168891975,22.861353843086988,78.62266723649543,16.07401918925065,True,True,True,True,True,1,6
Dalai Lama,1935-07-06,1950,career,15,117.49739041957896,6.063606564715403,103.19405504546566,163.07784765522226,14.303335374113303,202.98575890949314,12.987824703008613,12.436910531121697,7.1190532623690785,False,True,True,True,False,5,7
Dalai Lama,1935-07-06,1959,crisis,24,126.09661119998876,123.82249318867144,103.19405504546566,163.07784765522226,22.902556154523097,320.7446455334492,28.623635741870814,18.3453351780405,11.856725074797737,True,True,True,True,True,4,4
Dalai Lama,1935-07-06,1989,career,54,154.9174139737351,156.5620235406878,103.19405504546566,163.07784765522226,51.72335892826945,353.48417588546556,86.21997024258587,21.86568734839284,29.599184129149762,True,False,True,True,True,8,3
Pope Francis,1936-12-17,1958,career,22,288.19744497368316,244.6336288635064,265.7797210058686,310.92092360621814,22.41772396781454,293.71270525728823,19.063813502668665,25.674465388786814,12.18634646533502,True,True,True,True,True,4,5
Pope Francis,1936-12-17,1969,career,33,299.40562973497146,29.933226211278207,265.7797210058686,310.92092360621814,33.62590872910283,79.01230260506009,6.853231324269302,38.028740898438,17.98317902749443,True,True,False,True,True,6,6
Pope Francis,1936-12-17,1992,career,56,322.7475745777635,329.90605949580447,265.7797210058686,310.92092360621814,56.967853571894864,18.98513588958633,15.79197740925673,61.95374015797864,29.183357035445056,True,False,False,True,True,4,7
Pope Francis,1936-12-17,2013,career,77,343.88435272433054,248.3132626336214,265.7797210058686,310.92092360621814,78.10463171846192,297.3923390274033,45.57393247729652,79.5749522010309,37.78823046304194,True,True,True,True,True,2,7
Pope John Paul II,1920-05-18,1946,career,26,82.13585670281435,39.18624467992274,57.21858804709446,60.490828784922975,24.917268655719894,338.69541589499977,53.3830121740945,31.883631125622387,359.77213184147183,True,True,True,True,False,3,5
Pope John Paul II,1920-05-18,1964,career,44,99.30908923742636,280.82481856506865,57.21858804709446,60.490828784922975,42.090501190331906,220.33398978014569,76.65340804199528,53.986048011047615,4.1883721493431665,True,True,True,True,False,2,7
Pope John Paul II,1920-05-18,1978,career,58,112.65781248791622,107.67396614843676,57.21858804709446,60.490828784922975,55.43922444082176,47.18313736351379,81.91584252945312,71.2044817596789,9.487398604555551,True,True,True,True,True,5,7
Pope John Paul II,1920-05-18,1981,crisis,61,115.52127012010878,152.27523880890755,57.21858804709446,60.490828784922975,58.302682073014324,91.78441002398458,81.10395343572175,74.89836320261773,10.793338746211077,True,True,True,True,True,8,5
Pope John Paul II,1920-05-18,2005,death,85,138.47934943642042,101.58214776502408,57.21858804709446,60.490828784922975,81.26076138932596,41.0913189801011,72.29632692030181,104.4818041567471,22.920278791302906,True,True,True,True,True,9,4
Mother Teresa,1910-08-26,1928,career,18,169.80824053254372,278.3721184101352,152.35314187809482,47.78295009684241,17.455098654448904,230.58916831329282,11.98518140881663,22.078168695466303,11.531781704058204,False,True,True,True,False,5,7
Mother Teresa,1910-08-26,1950,career,40,191.36526067344374,215.0933741721215,152.35314187809482,47.78295009684241,39.012118795348925,167.31042407527906,357.09097806228397,49.35237597550167,25.803576276827414,True,True,False,True,True,6,3
Mother Teresa,1910-08-26,1979,career,69,220.19615612717902,235.53301804531947,152.35314187809482,47.78295009684241,67.8430142490842,187.75006794847707,35.422385929673595,85.62814319384427,44.971687438340666,True,True,True,True,True,9,5
Mother Teresa,1910-08-26,1997,death,87,238.3082390346549,120.14724521171111,152.35314187809482,47.78295009684241,85.95509715656007,72.3642951148687,64.24965949984673,108.23755309853479,57.09473403085906,True,True,True,True,True,7,6
Albert Einstein,1879-03-14,1903,marriage,24,17.278416869756132,205.09972160220664,353.5354053462501,254.91240498561532,23.743011523506027,310.1873166165913,28.371867868439175,29.3504258111793,17.559951101978356,True,True,True,True,True,3,5
Albert Einstein,1879-03-14,1905,career,26,19.241402934447912,235.48981115071967,353.5354053462501,254.91240498561532,25.705997588197818,340.5774061651043,28.099792544920156,31.77375896673584,19.028254396497744,True,True,True,True,True,4,8
Albert Einstein,1879-03-14,1919,divorce,40,32.927681117393234,53.62043651915128,353.5354053462501,254.91240498561532,39.39227577114309,158.70803153353597,19.845642036850062,48.629976395926555,29.314523328671328,True,True,False,True,True,5,6
Albert Einstein,1879-03-14,1919,marriage,40,32.927681117393234,53.62043651915128,353.5354053462501,254.91240498561532,39.39227577114309,158.70803153353597,19.845642036850062,48.629976395926555,29.314523328671328,True,True,False,True,True,5,6
Albert Einstein,1879-03-14,1921,career,42,34.874753886820145,77.53699105475903,353.5354053462501,254.91240498561532,41.33934854057003,182.6245860691437,18.869453395275105,51.02150698180987,30.783130652050545,True,True,False,True,True,7,5
Albert Einstein,1879-03-14,1955,death,76,67.68761043701338,164.0069425403837,353.5354053462501,254.91240498561532,74.15220509076323,269.0945375547684,43.62335028983498,90.82887497296025,55.5586648418485,True,True,True,True,True,5,4
Stephen Hawking,1942-01-08,1963,crisis,21,308.80732839410047,94.1598612461692,287.43119128251595,173.62782881555123,21.376137111584512,280.53203243061796,28.490408037278314,355.1787512334789,10.7544998706503,True,True,True,False,True,4,4
Stephen Hawking,1942-01-08,1965,marriage,23,310.8374567305322,118.79256992089024,287.43119128251595,173.62782881555123,23.406265448016256,305.16474110533903,29.106589305958835,353.9801130774743,11.836458926029891,True,True,True,False,True,6,5
Stephen Hawking,1942-01-08,1966,child,24,311.85205434449205,131.41028622892136,287.43119128251595,173.62782881555123,24.420863061976092,317.78245741337014,29.144797061667305,353.36444164906175,12.38033778583322,True,True,True,False,True,4,5
Stephen Hawking,1942-01-08,1988,career,46,334.0934479189052,66.19414890988578,287.43119128251595,173.62782881555123,46.66225663638926,252.56632009433457,13.792669201007016,344.7673573152967,24.75398186895898,True,True,True,False,True,5,6
Stephen Hawking,1942-01-08,1995,divorce,53,341.1247349369159,152.86980100748852,287.43119128251595,173.62782881555123,53.693543654399946,339.2419721919373,16.725068264777747,345.73141435261067,28.81872841979601,True,False,True,False,True,5,5
Stephen Hawking,1942-01-08,1995,marriage,53,341.1247349369159,152.86980100748852,287.43119128251595,173.62782881555123,53.693543654399946,339.2419721919373,16.725068264777747,345.73141435261067,28.81872841979601,True,False,True,False,True,5,5
Stephen Hawking,1942-01-08,2006,divorce,64,352.1249338084411,306.79789263042966,287.43119128251595,173.62782881555123,64.69374252592513,133.17006381487843,27.51403188187936,350.46379300349145,35.28767126048034,True,True,True,False,True,3,7
Stephen Hawking,1942-01-08,2018,death,76,4.055160598278582,97.8413747549443,287.43119128251595,173.62782881555123,76.62396931576262,284.21354593939304,44.02205962753675,358.7433705519494,42.43895306019798,True,True,True,False,True,4,2
Marie Curie,1867-11-07,1895,marriage,28,252.92884459760293,355.12307992123095,224.63444423840772,347.2192425869598,28.29440035919521,7.903837334271145,346.2260955615577,35.04306349444673,20.519892989939166,True,False,True,True,True,8,5
Marie Curie,1867-11-07,1898,career,31,255.97583312809,34.971063664927826,224.63444423840772,347.2192425869598,31.341388889682264,47.75182107796803,348.51191637629336,38.79518559195438,22.76011035859912,True,True,True,True,True,6,2
Marie Curie,1867-11-07,1903,career,36,261.058372709891,109.23857178733199,224.63444423840772,347.2192425869598,36.423928471483265,122.01932920037217,353.87267132892987,45.046128964480005,26.510398241897605,True,True,False,True,True,6,6
Marie Curie,1867-11-07,1906,crisis,39,264.1106932806595,153.1194903683489,224.63444423840772,347.2192425869598,39.476249042251794,165.90024778138908,357.65636993916974,48.795151339209866,28.770447647583893,True,True,False,True,True,9,4
Marie Curie,1867-11-07,1911,career,44,269.20264097333677,219.12015417662627,224.63444423840772,347.2192425869598,44.568196734929046,231.90091158966646,4.485885779062841,55.04109977950472,32.553479723657034,True,True,False,True,True,3,5
Marie Curie,1867-11-07,1934,death,67,292.6437562868468,162.1407072490737,224.63444423840772,347.2192425869598,68.00931204843906,174.9214646621139,39.31627662835925,83.69433888876492,50.18395905606039,True,True,True,True,True,5,10
Charles Darwin,1809-02-12,1831,career,22,345.1693146238944,217.24028451011748,323.05274676585134,291.36201709364576,22.116567858043084,285.8782674164717,3.7276024225186575,24.12180330191576,1.7212009903643093,True,True,False,True,False,6,2
Charles Darwin,1809-02-12,1839,marriage,30,353.1518125130686,328.4013924936743,323.05274676585134,291.36201709364576,30.099065747217253,37.03937540002852,357.2808140732251,32.28111513608679,0.9125574626894206,True,True,False,True,False,7,4
Charles Darwin,1809-02-12,1859,career,50,12.94918331971208,226.97248889708902,323.05274676585134,291.36201709364576,49.896436553860724,295.61047180344326,5.532506494668155,50.29587539448603,355.5519967606358,True,True,False,True,False,8,6
Charles Darwin,1809-02-12,1882,death,73,35.44164879887027,162.87097757560917,323.05274676585134,291.36201709364576,72.38890203301895,231.5089604819634,38.802941844870986,63.05057649498711,347.2274181113151,True,True,True,True,False,6,3
Nikola Tesla,1856-07-10,1884,career,28,134.61159780542576,202.54749404285704,107.85480752603476,194.51466176352474,26.756790279390998,8.032832279332297,43.825479861245626,34.50433756112514,14.9006630356063,True,False,True,True,True,3,10
Nikola Tesla,1856-07-10,1887,career,31,137.48954462254227,238.56327748492623,107.85480752603476,194.51466176352474,29.634737096507507,44.04861572140149,49.974410830220776,38.21040325305404,16.658996809617463,True,True,True,True,True,0,8
Nikola Tesla,1856-07-10,1895,crisis,39,145.17666228918316,349.50959107720985,107.85480752603476,194.51466176352474,37.321854763148394,154.9949293136851,65.57191348381154,48.0987321273025,21.47305562029527,True,True,True,True,True,0,10
Nikola Tesla,1856-07-10,1943,death,87,191.93225727306526,255.82908154883873,107.85480752603476,194.51466176352474,84.0774497470305,61.31441978531399,125.14537239927587,107.52568763294346,53.46639152008157,True,True,True,True,True,6,9
Sigmund Freud,1856-05-06,1886,marriage,30,75.19757753886594,110.37001116343814,46.36672380733892,75.2278851792238,28.83085373152702,35.14212598421433,36.75339386439126,36.672210223654155,2.744746882523998,True,True,True,True,False,8,3
Sigmund Freud,1856-05-06,1896,career,40,84.75067998795359,232.1682956453797,46.36672380733892,75.2278851792238,38.38395618061467,156.94041046615587,35.49869948063067,48.91306094700775,5.683235963233159,True,True,True,True,False,9,3
Sigmund Freud,1856-05-06,1900,career,44,88.56603228367372,284.59080134753884,46.36672380733892,75.2278851792238,42.1993084763348,209.36291616831505,33.415445324920874,53.81280588657114,7.072376674293281,True,True,True,True,False,9,4
Sigmund Freud,1856-05-06,1938,crisis,82,124.81515493403957,75.04750446479878,46.36672380733892,75.2278851792238,78.44843112670065,359.81961928557496,53.3748473488234,100.52014163160536,24.725845929939993,True,False,True,True,False,3,6
Sigmund Freud,1856-05-06,1939,death,83,125.77167607043059,88.42869122469418,46.36672380733892,75.2278851792238,79.40495226309167,13.200806045470372,55.288007755225316,101.75354836425542,25.275157479201965,True,False,True,True,False,5,7
Carl Jung,1875-07-26,1903,marriage,28,150.20664181633387,56.838948377139275,123.3354040550549,45.88007136081094,26.871237761278977,10.958877016328337,48.001682600702,34.43566209218612,5.494303436988673,True,False,True,True,False,6,4
Carl Jung,1875-07-26,1907,career,32,154.0693005981571,113.5550613308732,123.3354040550549,45.88007136081094,30.733896543102205,67.67498997006226,55.66195216771976,39.384936354472714,6.970746797802178,True,True,True,True,False,4,6
Carl Jung,1875-07-26,1913,crisis,38,159.87763985529756,193.6020664459977,123.3354040550549,45.88007136081094,36.542235800242665,147.72199508518676,66.53836494075222,46.821231363646476,9.440215313820488,True,True,True,True,True,3,4
Carl Jung,1875-07-26,1961,death,86,207.005702227438,106.91098200457975,123.3354040550549,45.88007136081094,83.67029817238311,61.03091064376881,121.16775034729693,106.66238354630171,36.54798445690466,True,True,True,True,True,9,5
Steve Jobs,1955-02-24,1976,career,21,356.42338927945195,278.63278494483956,335.4127540767799,3.0290042058558644,21.010635202672063,275.6037807389837,15.539143894098743,24.2660633068528,14.620752431861774,False,True,False,True,True,7,6
Steve Jobs,1955-02-24,1978,child,23,358.4127166835761,303.4212202434803,335.4127540767799,3.0290042058558644,22.999962606796203,300.39221603762445,18.10547948819186,26.61230776911509,16.00060013237323,False,True,True,True,True,7,6
Steve Jobs,1955-02-24,1985,crisis,30,5.358791264424355,41.468097397490105,335.4127540767799,3.0290042058558644,29.946037187644492,38.43909319163424,27.951447790970917,34.857793744948026,20.813460690411794,True,True,True,True,True,6,3
Steve Jobs,1955-02-24,1991,marriage,36,11.289199157833512,126.12526104862809,335.4127540767799,3.0290042058558644,35.876445081053646,123.09625684277222,37.35353422387601,41.95971262283729,24.91751874535492,True,True,True,True,True,3,8
Steve Jobs,1955-02-24,1996,child,41,16.213421729361777,190.81498010630358,335.4127540767799,3.0290042058558644,40.800667652581865,187.7859759004477,45.841123199688354,47.89840746781408,28.321120955997095,True,True,True,True,True,6,4
Steve Jobs,1955-02-24,1997,career,42,17.196485373268118,203.183490440715,335.4127540767799,3.0290042058558644,41.78373129648821,200.15448623485912,47.61095621069143,49.08828612576451,29.000086687428208,True,True,True,True,True,9,3
Steve Jobs,1955-02-24,2003,crisis,48,23.083890905089035,274.7383213637835,335.4127540767799,3.0290042058558644,47.67113682830916,271.7093171579276,58.74966116762539,56.24176518753541,33.062395482056644,True,True,True,True,True,7,7
Steve Jobs,1955-02-24,2011,death,56,30.90641296776153,20.539406825505004,335.4127540767799,3.0290042058558644,55.493658890981635,17.510402619649142,74.9439980404261,65.81212427576293,38.44964946889573,True,False,True,True,True,6,6
Bill Gates,1955-10-28,1975,career,20,234.78255227367774,271.970810554918,214.70694071527157,3.5938059903177946,20.075611558406166,268.3770045646002,28.967970023607563,24.936869308140274,12.88466963669191,False,True,True,True,False,8,5
Bill Gates,1955-10-28,1981,career,26,240.84165136297338,344.73591989724054,214.70694071527157,3.5938059903177946,26.13471064770181,341.14211390692276,38.53386702435745,32.41508325197955,16.7632897690701,True,True,True,True,False,4,6
Bill Gates,1955-10-28,1994,marriage,39,254.01073542362226,170.86279994601847,214.70694071527157,3.5938059903177946,39.303794708350694,167.26899395570067,59.02250038536107,48.601405846540075,25.188198866543217,True,True,True,True,True,4,7
Bill Gates,1955-10-28,2000,career,45,260.1088099635512,245.17770289837156,214.70694071527157,3.5938059903177946,45.40186924827964,241.58389690805376,68.45397373558822,56.06450279416501,29.087739220707903,True,True,True,True,True,4,7
Bill Gates,1955-10-28,2021,divorce,66,281.4960809113954,166.6467143559574,214.70694071527157,3.5938059903177946,66.78914019612381,163.0529083656396,101.5310890068753,82.1046063829763,42.7769158991463,True,True,True,True,True,9,5
Elon Musk,1971-06-28,1995,career,24,118.81628715194432,117.46416531588608,95.93037827218106,158.74249840329367,22.885908879763264,318.7216669125924,40.570874800899716,29.351556416841333,0.27020956177187827,False,True,True,True,False,6,6
Elon Musk,1971-06-28,2000,marriage,29,123.59292092751531,178.6689156468206,95.93037827218106,158.74249840329367,27.66254265533425,19.92641724352694,46.454386122409474,35.4927713575193,359.439847808665,True,False,True,True,False,5,7
Elon Musk,1971-06-28,2002,career,31,125.504506677668,202.38127660808473,95.93037827218106,158.74249840329367,29.574128405486945,43.638778204791066,48.508527402386264,37.9515373142323,359.0382711405773,True,True,True,True,False,5,8
Elon Musk,1971-06-28,2008,divorce,37,131.2431526776258,277.84429500145023,95.93037827218106,158.74249840329367,35.31277440544474,119.10179659815657,53.452653441200326,45.3357630759547,357.65150430959295,True,True,True,True,False,5,5
Elon Musk,1971-06-28,2008,crisis,37,131.2431526776258,277.84429500145023,95.93037827218106,158.74249840329367,35.31277440544474,119.10179659815657,53.452653441200326,45.3357630759547,357.65150430959295,True,True,True,True,False,5,5
Elon Musk,1971-06-28,2010,marriage,39,133.15760711764972,305.7710400930035,95.93037827218106,158.74249840329367,37.22722884546866,147.0285416897098,54.62785123960954,47.799817799966675,357.145002536277,True,True,True,True,False,4,4
Elon Musk,1971-06-28,2012,divorce,41,135.07306000959397,334.85538393009955,95.93037827218106,158.74249840329367,39.142681737412914,176.11288552680588,55.52666321936768,50.26520503961183,356.6250317295813,True,True,True,True,False,6,5
Elon Musk,1971-06-28,2018,child,47,140.82784346411017,61.330340645076205,95.93037827218106,158.74249840329367,44.897465191929115,262.58784224178254,56.304168291068365,57.67028318322298,355.0401953103802,True,True,True,True,False,8,5
Mark Zuckerberg,1984-05-14,2004,career,20,73.079318020749,120.97897730361403,53.863464648969355,224.77543317713392,19.215853371779644,256.2035441264801,23.54399483097413,24.572700370692942,353.7831777010455,True,True,True,True,False,8,1
Mark Zuckerberg,1984-05-14,2012,marriage,28,80.73127596907571,234.00023415468723,53.863464648969355,224.77543317713392,26.867811320106355,9.224800977553315,37.94229641687629,34.39861508337597,352.44917222017216,True,False,True,True,False,6,1
Mark Zuckerberg,1984-05-14,2015,child,31,83.59639577645594,274.49644764540307,53.863464648969355,224.77543317713392,29.73293112748658,49.721014468269146,43.9816704076882,38.0831086131638,352.1725203199534,True,True,True,True,False,4,3
Mark Zuckerberg,1984-05-14,2018,crisis,34,86.46004321381876,312.60370240480336,53.863464648969355,224.77543317713392,32.59657856484941,87.82826922766944,50.29873675281871,41.76819486228045,352.0192171039431,True,True,True,True,False,8,3
Jeff Bezos,1964-01-12,1993,marriage,29,320.78030372342096,285.1156459834869,291.3122152298861,264.8691356419591,29.46808849353488,20.246510341527824,24.2683623131652,35.21288457456768,22.835471868483864,True,True,False,True,True,9,3
Jeff Bezos,1964-01-12,1994,career,30,321.7925374243605,297.5552507635649,291.3122152298861,264.8691356419591,30.48032219447441,32.68611512160584,25.691404618252704,36.40810217479407,23.625995159797583,True,True,True,True,True,9,3
Jeff Bezos,1964-01-12,2000,crisis,36,327.85773754825425,17.87238250232332,291.3122152298861,264.8691356419591,36.54552231836817,113.00324686036424,34.57593439920379,43.54457242120952,28.36971253943176,True,True,True,True,True,8,5
Jeff Bezos,1964-01-12,2019,divorce,55,346.94879815408274,268.71431610297157,291.3122152298861,264.8691356419591,55.63658292419666,3.8451804610124896,66.53502786635903,65.63904134109123,43.36904086710041,True,False,True,True,True,4,5
Warren Buffett,1930-08-30,1952,marriage,22,177.89495580290804,165.82714660361097,156.50243019355898,242.10434998060518,21.392525609349065,283.7227966230058,355.14035485690977,21.639168302452106,13.243886462761054,False,True,True,True,False,8,4
Warren Buffett,1930-08-30,1956,career,26,181.81342960574483,223.91757821465046,156.50243019355898,242.10434998060518,25.31099941218585,341.81322823404525,351.20556249975493,25.193257495546305,15.526077215049199,True,True,True,True,False,6,3
Warren Buffett,1930-08-30,1977,crisis,47,202.52242184102099,131.08529466290588,156.50243019355898,242.10434998060518,46.01999164746201,248.9809446823007,4.992250267090327,40.363542613552426,26.70638890273473,True,True,False,True,False,8,3
Warren Buffett,1930-08-30,2006,marriage,76,231.5223307000277,156.0919795250244,156.50243019355898,242.10434998060518,75.01990050646873,273.98762954441924,52.70847920300068,42.04323231692837,39.06149876777687,True,True,True,True,True,5,4
Oprah Winfrey,1954-01-29,1976,career,22,331.0060633090273,177.63161438169777,308.73921705318065,241.43605360756908,22.266846255846644,296.1955607741287,27.40438050943129,27.586803667598076,12.270481026658928,True,True,True,True,True,5,7
Oprah Winfrey,1954-01-29,1984,career,30,339.0530464813142,274.58382147524196,308.73921705318065,241.43605360756908,30.313829428133545,33.14776786767288,22.81693428461722,37.588582846899726,16.53968478231829,True,True,True,True,True,5,7
Oprah Winfrey,1954-01-29,1986,career,32,341.0607768330314,301.37531345555306,308.73921705318065,241.43605360756908,32.32155977985076,59.939259847983976,20.741884342097705,40.08645361933287,17.586868285521405,True,True,True,True,True,7,6
Oprah Winfrey,1954-01-29,1998,career,44,353.0634054771024,112.71189089681377,308.73921705318065,241.43605360756908,44.324188423921726,231.2758372892447,12.993241744005786,55.04480030568271,23.665785551788503,True,True,True,True,True,3,7
Carl Sagan,1934-11-09,1957,marriage,23,249.84440469469675,199.12600420333305,226.61798614900556,258.92955744406345,23.22641854569119,300.19644675926963,21.05066390702231,28.90367929338538,12.518407261559844,True,True,False,True,False,6,2
Carl Sagan,1934-11-09,1962,career,28,254.9213060094555,268.14516720936797,226.61798614900556,258.92955744406345,28.303319860449932,9.21560976530452,28.62083379051873,35.19142267865533,15.101215378024705,True,False,True,True,False,4,2
Carl Sagan,1934-11-09,1963,divorce,29,255.93757369572558,282.7018183893034,226.61798614900556,258.92955744406345,29.319587546720015,23.772260945239964,30.150987103613687,36.44903189069214,15.610601227820979,True,True,True,True,False,4,5
Carl Sagan,1934-11-09,1968,marriage,34,261.0214727795208,354.3663466826975,226.61798614900556,258.92955744406345,34.40348663051526,95.43678923863405,37.8473064730635,42.73625406575792,18.11881484293437,True,True,True,True,True,5,3
Carl Sagan,1934-11-09,1981,divorce,47,274.25511015113045,158.14005182472167,226.61798614900556,258.92955744406345,47.63712400212489,259.21049438065825,58.1554470520812,59.075379769861456,24.308417700196884,True,True,True,True,True,1,9
Carl Sagan,1934-11-09,1981,marriage,47,274.25511015113045,158.14005182472167,226.61798614900556,258.92955744406345,47.63712400212489,259.21049438065825,58.1554470520812,59.075379769861456,24.308417700196884,True,True,True,True,True,1,9
Carl Sagan,1934-11-09,1996,death,62,289.54686347193456,4.715210222802634,226.61798614900556,258.92955744406345,62.928877322929,105.78565277873918,82.51467946711071,77.91441162703956,30.70220821130269,True,True,True,True,True,3,5
Richard Feynman,1918-05-11,1941,marriage,23,71.96078005005661,357.83839820155407,49.85069368630514,61.142741183313085,22.11008636375147,296.695657018241,18.972290502711836,25.376246532961687,6.283956882319245,True,True,False,True,False,7,4
Richard Feynman,1918-05-11,1945,crisis,27,75.79030796255749,55.49179277532118,49.85069368630514,61.142741183313085,25.93961427625235,354.3490515920081,25.081377138935657,29.907969436274854,7.75982091132704,True,True,False,True,False,10,1
Richard Feynman,1918-05-11,1952,marriage,34,82.48386664079268,148.38622908600342,49.85069368630514,61.142741183313085,32.63317295448754,87.24348790269033,37.458330040739554,37.8997676838158,10.56320452921068,True,True,True,True,False,8,6
Richard Feynman,1918-05-11,1956,divorce,38,86.30330217092472,196.27456473219652,49.85069368630514,61.142741183313085,36.45260848461958,135.13182354888343,45.42078950550881,42.497334651753,12.278912981195901,True,True,True,True,False,4,5
Richard Feynman,1918-05-11,1960,marriage,42,90.11950797056743,245.2269841819686,49.85069368630514,61.142741183313085,40.268814284262284,184.0842429986555,53.879347363317805,47.11600635463674,14.069261686511595,True,True,True,True,False,4,5
Richard Feynman,1918-05-11,1965,career,47,94.8869738299587,312.15110013579005,49.85069368630514,61.142741183313085,45.03628014365356,251.00835895247695,64.78365213141237,52.918112878613904,16.403483387093388,True,True,True,True,True,7,4
Richard Feynman,1918-05-11,1988,death,70,116.82414756039236,253.2654080940654,49.85069368630514,61.142741183313085,66.97345387408723,192.12266691075232,108.61409048350824,79.96873420513374,28.319030766125195,True,True,True,True,True,4,7
Alan Turing,1912-06-23,1936,career,24,114.11433703860872,150.2676894913305,91.23078468093323,196.57643508262086,22.883552357675498,313.6912544087096,41.59251093941036,29.50420692889162,14.638029429486352,False,True,True,True,False,6,7
Alan Turing,1912-06-23,1941,career,29,118.8869870498417,219.37312942427081,91.23078468093323,196.57643508262086,27.656202368908467,22.796694341649953,47.67138557044153,35.66182321684762,17.727930614238062,False,True,True,True,True,4,9
Alan Turing,1912-06-23,1952,crisis,40,129.39817065127474,352.22871885606617,91.23078468093323,196.57643508262086,38.16738597034151,155.6522837734453,56.863525748030085,49.21802822454755,24.573046665576868,True,True,True,True,True,6,5
Alan Turing,1912-06-23,1954,death,42,131.31235793864528,16.68794257584855,91.23078468093323,196.57643508262086,40.08157325771205,180.1115074932277,57.74306266429174,51.68432976403544,25.824855960046506,True,True,True,True,True,6,7
Thomas Edison,1847-02-11,1871,marriage,24,345.94944382453036,220.393205193097,321.8150336246716,262.61457832876215,24.134410199858735,317.77862686433485,43.99307678684028,29.87871234784285,17.026225633895365,True,True,True,True,False,4,3
Thomas Edison,1847-02-11,1877,career,30,351.9383786001051,299.3514772769629,321.8150336246716,262.61457832876215,30.123344975433497,36.736898948200746,52.554733634584295,37.30379749336447,21.315319590620618,True,True,True,True,False,1,4
Thomas Edison,1847-02-11,1879,career,32,353.93091302354657,328.9487943166189,321.8150336246716,262.61457832876215,32.11587939887494,66.33421598785674,54.61647495107843,39.774539435531096,22.747423923455642,True,True,True,True,False,6,5
Thomas Edison,1847-02-11,1884,crisis,37,358.9027350558218,43.81876218341224,321.8150336246716,262.61457832876215,37.08770143115015,141.2041838546501,57.57143674010899,45.94101548793873,26.331581022127466,True,True,True,True,False,4,5
Thomas Edison,1847-02-11,1886,marriage,39,0.8872935246178096,71.45552718893171,321.8150336246716,262.61457832876215,39.072259899946175,168.84094886016956,57.82137464176344,48.403119111398325,27.766670915273494,True,True,True,True,False,3,7
Thomas Edison,1847-02-11,1931,death,84,44.940105520409425,291.53037931554024,321.8150336246716,262.61457832876215,83.12507189573779,28.915800986778095,61.79129364522572,102.94868198005514,60.14603554022176,True,True,True,True,True,6,6
Walt Disney,1901-12-05,1923,career,22,274.5828723752869,115.35635393476534,252.19413711354812,186.15719256542715,22.388735261738788,289.1991613693382,33.93530509223709,20.32233233373057,17.05969880280344,True,True,True,True,False,7,2
Walt Disney,1901-12-05,1925,marriage,24,276.620739465244,143.53413531102785,252.19413711354812,186.15719256542715,24.42660235169589,317.3769427456007,37.10485432278543,21.885814290812107,18.624383296575388,True,True,True,True,False,7,1
Walt Disney,1901-12-05,1928,career,27,279.6782733627121,182.39911238861123,252.19413711354812,186.15719256542715,27.48413624916398,356.24191982318405,41.89683332654826,24.10738115955553,20.97503147597132,True,False,True,True,False,12,4
Walt Disney,1901-12-05,1937,career,36,288.85436352326434,290.4507056233465,252.19413711354812,186.15719256542715,36.660226409716216,104.29351305791934,56.597406622084094,29.70031480311036,28.05094258200762,True,True,True,True,True,7,3
Walt Disney,1901-12-05,1955,career,54,307.17427825689566,177.67834708364353,252.19413711354812,186.15719256542715,54.98014114334754,351.52115451821635,86.53017589834556,33.73130044869441,42.266802048872535,True,True,True,True,True,4,5
Walt Disney,1901-12-05,1966,death,65,318.33403598387457,311.9001976712244,252.19413711354812,186.15719256542715,66.13989887032645,125.74300510579727,98.09387472364219,29.99800529006251,50.96889762306864,True,True,True,True,True,3,3
Muhammad Ali,1942-01-17,1960,career,18,315.3282960697662,176.23878351081893,297.038294475115,308.8582028675112,18.290001594651244,227.38058064330775,12.606130133732279,351.27236769477304,9.586222171383469,True,True,False,False,False,10,4
Muhammad Ali,1942-01-17,1964,career,22,319.3799695315186,231.41099631901113,297.038294475115,308.8582028675112,22.34167505640363,282.55279345149995,8.851413303313564,348.95070429290206,11.80332257482086,True,True,False,False,False,14,3
Muhammad Ali,1942-01-17,1964,marriage,22,319.3799695315186,231.41099631901113,297.038294475115,308.8582028675112,22.34167505640363,282.55279345149995,8.851413303313564,348.95070429290206,11.80332257482086,True,True,False,False,False,14,3
Muhammad Ali,1942-01-17,1966,divorce,24,321.4042529758938,259.9667195915271,297.038294475115,308.8582028675112,24.365958500778845,311.10851672401594,6.5119528871282455,347.92546163628816,12.921646113037191,True,True,False,False,False,13,3
Muhammad Ali,1942-01-17,1967,crisis,25,322.41596861923773,274.3645825638649,297.038294475115,308.8582028675112,25.37767414412275,325.5063796963537,5.337479816939265,347.4577587640701,13.483154315157698,True,True,False,False,False,12,3
Muhammad Ali,1942-01-17,1974,career,32,329.4874869291787,10.589517483598227,297.038294475115,308.8582028675112,32.449192454063734,61.73131461608705,359.31721528811323,345.2059093541531,17.454134374854917,True,True,False,False,False,9,7
Muhammad Ali,1942-01-17,1977,marriage,35,332.5112877084407,47.47182992715777,297.038294475115,308.8582028675112,35.472993233325724,98.6136270596466,358.5145669394297,344.84213910860956,19.17552206067395,True,True,False,False,False,10,4
Muhammad Ali,1942-01-17,1986,divorce,44,341.5542696972422,158.58043661496924,297.038294475115,308.8582028675112,44.515975222127224,209.72223374745806,1.759629967629735,345.87883566733433,24.396343429759078,True,True,False,False,False,11,4
Muhammad Ali,1942-01-17,1986,marriage,44,341.5542696972422,158.58043661496924,297.038294475115,308.8582028675112,44.515975222127224,209.72223374745806,1.759629967629735,345.87883566733433,24.396343429759078,True,True,False,False,False,11,4
Muhammad Ali,1942-01-17,2016,death,74,11.396005850672752,194.74842016673958,297.038294475115,308.8582028675112,74.35771137555776,245.8902172992284,40.7365306459842,4.9745010389306685,42.22848774611105,True,True,True,False,True,3,12
Michael Jordan,1963-02-17,1984,career,21,349.26532084931563,171.98424236219782,328.1721916600989,247.45572308682216,21.09312918921671,284.52851927537563,29.760525162209547,24.10595245070516,355.5447442387986,True,True,True,True,False,8,2
Michael Jordan,1963-02-17,1989,marriage,26,354.2523974997741,231.66403336498527,328.1721916600989,247.45572308682216,26.08020583967516,344.20831027816314,38.14811787210505,29.954105623974385,355.3167284041092,True,True,True,True,False,8,4
Michael Jordan,1963-02-17,1991,career,28,356.2438274355611,255.67989238443283,328.1721916600989,247.45572308682216,28.071635775462198,8.224169297610672,41.64160425738754,32.30255688727601,355.31293149305066,True,False,True,True,False,8,4
Michael Jordan,1963-02-17,1993,crisis,30,358.2333702313915,280.5622417676834,328.1721916600989,247.45572308682216,30.0611785712926,33.10651868086126,45.2167010619101,34.655789882209035,355.3574723886631,True,True,True,True,False,6,3
Michael Jordan,1963-02-17,1998,career,35,3.1986118170451014,349.9884604492389,328.1721916600989,247.45572308682216,35.02642015694619,102.53273736241675,54.519080383433334,40.55734764752913,355.6723071812493,True,True,True,True,False,5,5
Michael Jordan,1963-02-17,2006,divorce,43,11.113494712917445,106.43471591871214,328.1721916600989,247.45572308682216,42.94130305281851,218.97899283188997,70.42727535246127,50.043924449024246,356.7377456858658,True,True,True,True,False,7,8
Michael Jordan,1963-02-17,2013,marriage,50,18.005642049929506,192.86937162751164,328.1721916600989,247.45572308682216,49.8334503898306,305.41364854068945,84.860427133972,58.38069034916259,358.1681554059838,True,True,True,True,False,8,8
Tiger Woods,1975-12-30,1996,career,21,300.0176019954214,170.17644750176294,278.6221336270575,257.82197112807563,21.39546836836388,272.3544763736873,9.195752907737358,25.394024547138997,357.0757804989763,True,True,True,True,False,9,3
Tiger Woods,1975-12-30,1997,career,22,301.03500210168943,184.58566402654878,278.6221336270575,257.82197112807563,22.41286847463192,286.76369289847315,8.002457189192114,26.61306924412611,357.0828281068602,True,True,True,True,False,8,4
Tiger Woods,1975-12-30,2004,marriage,29,308.15350218704987,280.67885414171224,278.6221336270575,257.82197112807563,29.53136855999236,22.856883013636605,359.8751962952773,35.165442081509184,357.47453577880697,True,True,False,True,False,8,2
Tiger Woods,1975-12-30,2009,crisis,34,313.23189021898247,343.77666931745824,278.6221336270575,257.82197112807563,34.60975659192496,85.95469818938261,357.4470283678883,41.2901470611788,358.0985962528327,True,True,False,True,False,9,6
Tiger Woods,1975-12-30,2010,divorce,35,314.2466160672045,355.8017459243239,278.6221336270575,257.82197112807563,35.624482440147005,97.97977479624825,357.38191808733984,42.516283405285776,358.2553145900245,True,True,False,True,False,8,8
Tiger Woods,1975-12-30,2019,career,44,323.3614690061563,106.76664078979806,278.6221336270575,257.82197112807563,44.739335379098804,208.94466966172243,1.5050737694693908,53.56615885319542,0.09628137196234832,True,True,False,True,False,8,4
Serena Williams,1981-09-26,1999,career,18,201.39993084572654,39.86292279887423,183.65061792503252,168.26896378115205,17.749312920694024,231.59395901772217,359.68940289902946,20.43189139693135,10.853043826958526,False,True,False,True,False,4,4
Serena Williams,1981-09-26,2002,career,21,204.37511125224975,84.36398152276607,183.65061792503252,168.26896378115205,20.724493327217232,276.095017741614,356.1595363647657,23.766342992865674,12.625923034625146,False,True,False,True,False,4,5
Serena Williams,1981-09-26,2012,career,31,214.3329642824587,214.44612487975914,183.65061792503252,168.26896378115205,30.682346357426184,46.17716109860709,348.75851899739666,34.690709850826664,18.453205783794317,True,True,False,True,True,5,4
Serena Williams,1981-09-26,2017,marriage,36,219.3330207936394,273.7984730967732,183.65061792503252,168.26896378115205,35.682402868606886,105.52950931562114,351.2687348025963,40.019717812177674,21.3140876282869,True,True,False,True,True,7,3
Serena Williams,1981-09-26,2017,child,36,219.3330207936394,273.7984730967732,183.65061792503252,168.26896378115205,35.682402868606886,105.52950931562114,351.2687348025963,40.019717812177674,21.3140876282869,True,True,False,True,True,7,3
Roger Federer,1981-08-08,2003,career,22,156.88183970127298,165.9155568610265,135.70748216342582,231.73232609987753,21.174357537847158,294.18323076114893,40.73784491729896,26.218934500252544,14.264969794008252,True,True,True,True,False,5,6
Roger Federer,1981-08-08,2004,career,23,157.8493616741664,178.74511584484284,135.70748216342582,231.73232609987753,22.14187951074058,307.0127897449653,42.336174206280305,27.40197543163083,14.903347576138927,True,True,True,True,False,3,4
Roger Federer,1981-08-08,2009,marriage,28,162.69329045317937,239.64154549939252,135.70748216342582,231.73232609987753,26.98580828975355,7.9092193995149955,50.01187870597994,33.303482777758035,18.08131250624845,True,False,True,True,True,5,4
Roger Federer,1981-08-08,2009,child,28,162.69329045317937,239.64154549939252,135.70748216342582,231.73232609987753,26.98580828975355,7.9092193995149955,50.01187870597994,33.303482777758035,18.08131250624845,True,False,True,True,True,5,4
Lionel Messi,1987-06-24,2004,career,17,108.66762711642112,293.7341160907829,92.45814602978714,73.24835387815205,16.20948108663397,220.48576221263085,351.6169621680917,20.769684232423373,10.870528060302306,False,True,False,True,True,8,0
Lionel Messi,1987-06-24,2009,career,22,113.43442438703795,6.841556653247282,92.45814602978714,73.24835387815205,20.976278357250806,293.5932027750952,351.0670820970636,26.89489879997953,14.058083548226506,False,True,False,True,True,6,0
Lionel Messi,1987-06-24,2012,child,25,116.29645138022259,45.81075077663878,92.45814602978714,73.24835387815205,23.838305350435448,332.5623968984867,351.7959663420191,30.574528662185514,15.969442389826924,False,True,False,True,True,5,2
Lionel Messi,1987-06-24,2017,marriage,30,121.07060665641004,106.25130746649354,92.45814602978714,73.24835387815205,28.61246062662289,33.0029535883415,354.8775191530535,36.714874078392356,19.15377675628241,True,True,False,True,True,7,3
Lionel Messi,1987-06-24,2022,career,35,125.8493148425125,165.79698047013582,92.45814602978714,73.24835387815205,33.391168812725354,92.54862659198378,0.22760920221706726,42.86374874758279,22.336259458881983,True,True,False,True,True,7,4
Cristiano Ronaldo,1985-02-05,2003,career,18,334.5478425291645,12.76469596151852,316.36075202189164,130.85612376064256,18.187090507272842,241.90857220087597,31.56452396892047,13.65980801022781,13.440826548550465,True,True,True,False,False,1,6
Cristiano Ronaldo,1985-02-05,2009,career,24,340.57915229492033,84.71579181478292,316.36075202189164,130.85612376064256,24.218400273028692,313.85966805414034,42.94571518380013,16.78076408923037,17.87642854941008,True,True,True,False,False,2,2
Cristiano Ronaldo,1985-02-05,2010,child,25,341.58244255841134,97.55335480877874,316.36075202189164,130.85612376064256,25.221690536519702,326.6972310481362,44.846962768668845,17.206170510259867,18.6132477288521,True,True,True,False,False,2,3
Cristiano Ronaldo,1985-02-05,2016,career,31,347.59019138413845,183.54039589111738,316.36075202189164,130.85612376064256,31.229439362246808,52.684272130474824,55.88519750355374,19.09407293874851,23.018469574837983,True,True,True,False,False,6,6
Cristiano Ronaldo,1985-02-05,2017,child,32,348.5895963123449,198.5926282690841,316.36075202189164,130.85612376064256,32.22884429045325,67.73650450844153,57.602566276075095,19.288296822039072,23.750055377691897,True,True,True,False,False,4,6
David Beckham,1975-05-02,1992,career,17,57.67016178353695,158.62928849954523,41.23642181441505,300.36755952653397,16.433739969121895,218.26172897301126,23.46288776170087,19.16696738701515,12.864473744647512,False,True,True,True,False,7,7
David Beckham,1975-05-02,1999,marriage,24,64.39924938834895,257.2011406961817,41.23642181441505,300.36755952653397,23.162827573933896,316.83358116964774,27.239819157191192,26.811731849756185,18.119912653236383,True,True,True,True,True,7,4
David Beckham,1975-05-02,1999,child,24,64.39924938834895,257.2011406961817,41.23642181441505,300.36755952653397,23.162827573933896,316.83358116964774,27.239819157191192,26.811731849756185,18.119912653236383,True,True,True,True,True,7,4
David Beckham,1975-05-02,2003,career,28,68.23691608926207,308.2644060228244,41.23642181441505,300.36755952653397,27.000494274847014,7.896846496290436,27.677111189963597,31.098674127925165,21.109990838156023,True,False,True,True,True,7,5
David Beckham,1975-05-02,2013,career,38,77.81472105671233,71.28806458294784,41.23642181441505,300.36755952653397,36.57829924229728,130.92050505641387,24.175078914007514,41.51039373412655,28.53296995021276,True,True,True,True,True,8,2
Tom Brady,1977-08-03,2000,career,23,153.12603834170432,302.4518387371442,131.02102819185228,2.6397852881130803,22.105010149852035,299.8120534490311,12.246837061773277,26.690537528952007,15.002615205629368,True,True,False,False,False,5,3
Tom Brady,1977-08-03,2002,career,25,155.0566748656895,330.5915296732865,131.02102819185228,2.6397852881130803,24.03564667383722,327.9517443851734,11.287289482481015,29.052518473261443,16.259478869604962,True,True,False,False,False,8,4
Tom Brady,1977-08-03,2007,child,30,159.89105994380117,35.60017049442779,131.02102819185228,2.6397852881130803,28.870031751948886,32.96038520631471,7.3977337126400755,34.98410914490475,19.365462307749254,True,True,False,True,True,9,4
Tom Brady,1977-08-03,2009,marriage,32,161.82841599505767,59.67922293774795,131.02102819185228,2.6397852881130803,30.807387803205387,57.03943764963487,5.479134004865358,37.36722260959023,20.592886816630823,True,True,False,True,True,8,4
Tom Brady,1977-08-03,2021,career,44,173.4983869768311,213.5579857169677,131.02102819185228,2.6397852881130803,42.47735878497883,210.91820042885462,359.42750978845766,51.78010137499335,27.75718797284621,True,True,False,True,True,7,5
Tom Brady,1977-08-03,2022,divorce,45,174.47423603032516,227.74187036792964,131.02102819185228,2.6397852881130803,43.45320783847288,225.10208507981656,359.7979677547662,52.98920423609185,28.337352230327596,True,True,False,True,True,8,2
LeBron James,1984-12-30,2003,career,19,298.3468342029975,266.3472509361723,278.9875462028621,11.9350646316039,19.359288000135393,254.41218630456842,22.399464193626216,20.675228186745244,14.484800953678587,False,True,True,True,False,5,6
LeBron James,1984-12-30,2011,career,27,306.4885807008785,7.897558330774961,278.9875462028621,11.9350646316039,27.501034498016395,355.96249369917103,34.16990271607102,28.789810068711915,20.553165118648224,True,False,True,True,False,5,6
LeBron James,1984-12-30,2013,marriage,29,308.52131143396144,31.532556509830723,278.9875462028621,11.9350646316039,29.533765231099324,19.597491878226823,37.22846257196227,30.74312848127704,22.066066747814716,True,True,True,True,False,1,8
LeBron James,1984-12-30,2016,career,32,311.56795415218625,67.69992658346354,278.9875462028621,11.9350646316039,32.580407949324126,55.764861951859636,41.90080640814858,33.60687836466866,24.331810297078505,True,True,True,True,False,2,6
LeBron James,1984-12-30,2020,career,36,315.62527266446136,120.56777957936804,278.9875462028621,11.9350646316039,36.63772646159924,108.63271494776413,48.293008258998896,37.2867514256248,27.345456408174073,True,True,True,True,True,2,5
Kobe Bryant,1978-08-23,1996,career,18,167.42732324039417,262.1411011035219,150.00215883625265,36.50099096992218,17.425164404141526,225.64011013359973,9.042341114418633,16.9292279219936,11.716510298373521,False,True,True,True,False,6,6
Kobe Bryant,1978-08-23,2001,marriage,23,172.29314406288827,334.7897938481268,150.00215883625265,36.50099096992218,22.290985226635627,298.28880287820465,17.391377216596936,21.11417503708725,15.034998123978994,False,True,True,True,False,5,6
Kobe Bryant,1978-08-23,2003,crisis,25,174.24270979881408,3.6529874862291836,150.00215883625265,36.50099096992218,24.24055096256143,327.151996516307,21.005424068706958,22.702641254229633,16.36981827125453,False,True,True,True,False,2,6
Kobe Bryant,1978-08-23,2009,career,31,180.10510416932513,82.19018981393974,150.00215883625265,36.50099096992218,30.102945333072483,45.68919884401756,32.12452249945616,27.124288197386278,20.400744974510616,True,True,True,True,True,3,6
Kobe Bryant,1978-08-23,2020,death,42,190.90961568481083,217.88679041579454,150.00215883625265,36.50099096992218,40.90745684855818,181.38579944587235,51.87038764262218,33.51466541558355,27.895588675916343,True,True,True,True,True,7,2
Michael Phelps,1985-06-30,2004,career,19,116.57279079790345,132.8948949319613,98.45373094262872,249.03499330808665,18.119059855274728,243.85990162387463,21.566325131705057,20.544885136082264,12.396811452376554,False,True,False,True,False,7,6
Michael Phelps,1985-06-30,2008,career,23,120.39233196429255,188.3759194032261,98.45373094262872,249.03499330808665,21.93860102166383,299.3409260951395,23.636972692151048,25.001990834752213,14.988684444277823,True,True,False,True,False,6,5
Michael Phelps,1985-06-30,2009,crisis,24,121.34742627197555,202.47029259826965,98.45373094262872,249.03499330808665,22.893695329346826,313.435299290183,23.976385816400793,26.122097479112732,15.635671532558774,True,True,False,True,False,4,5
Michael Phelps,1985-06-30,2014,crisis,29,126.12463722559512,272.9823660013803,98.45373094262872,249.03499330808665,27.6709062829664,23.94737269329363,24.478039989467376,31.75623181673948,18.865101689745615,True,True,False,True,True,5,2
Michael Phelps,1985-06-30,2016,marriage,31,128.03659453928253,300.5922789149478,98.45373094262872,249.03499330808665,29.58286359665381,51.55728560686117,24.09022102981048,34.02510637035753,20.15439635205651,True,True,False,True,True,6,3
Michael Phelps,1985-06-30,2016,career,31,128.03659453928253,300.5922789149478,98.45373094262872,249.03499330808665,29.58286359665381,51.55728560686117,24.09022102981048,34.02510637035753,20.15439635205651,True,True,False,True,True,6,3
Usain Bolt,1986-08-21,2002,career,16,163.6014827055511,190.98345934073367,148.1368127201324,350.2486785535913,15.46466998541868,200.7347807871424,30.81073824007035,15.106607103693335,3.5588646849400902,True,True,True,False,False,8,6
Usain Bolt,1986-08-21,2008,career,22,169.43177642846211,275.05984848958167,148.1368127201324,350.2486785535913,21.294963708329703,284.8111699359904,41.88921345811937,20.19333218555539,5.610188224624437,True,True,True,True,False,7,4
Usain Bolt,1986-08-21,2009,career,23,170.404994839749,289.28712418733807,148.1368127201324,350.2486785535913,22.268182119616597,299.0384456337468,43.67125010962616,21.000506860450713,5.9846991250652195,True,True,True,True,False,8,4
Usain Bolt,1986-08-21,2012,career,26,173.3272570712578,331.47175957301766,148.1368127201324,350.2486785535913,25.190444351125393,341.2230810194264,48.90716980818348,23.342512425369733,7.159399126078085,True,False,True,True,False,7,4
Usain Bolt,1986-08-21,2016,career,30,177.23046362235817,24.52695748186681,148.1368127201324,350.2486785535913,29.09365090222576,34.27827892827554,55.640033347105515,26.259568624505988,8.837151359403776,True,True,True,True,False,6,7
Mike Tyson,1966-06-30,1985,career,19,116.36387030197326,134.5860404628293,98.24388525916791,250.68298960010915,18.119985042805354,243.90305086272014,6.6019153319791855,22.607814561101335,12.870198887789428,False,True,False,False,True,7,4
Mike Tyson,1966-06-30,1986,career,20,117.31869513694396,149.51858638738062,98.24388525916791,250.68298960010915,19.074809877776048,258.83559678727147,6.199554016863161,23.805905248674136,13.539767007046578,False,True,False,False,True,8,3
Mike Tyson,1966-06-30,1988,marriage,22,119.22855759726204,179.01271832562733,98.24388525916791,250.68298960010915,20.98467233809413,288.3297287255182,5.192527915663604,26.204243205344923,14.876428623052945,False,True,False,True,True,8,6
Mike Tyson,1966-06-30,1989,divorce,23,120.18359974599186,193.3674523464534,98.24388525916791,250.68298960010915,21.939714486823945,302.68446274634425,4.600501520339677,27.40449746974197,15.543534987207309,True,True,False,True,True,8,5
Mike Tyson,1966-06-30,1992,crisis,26,123.04929983177398,234.46707010124737,98.24388525916791,250.68298960010915,24.805414572606068,343.7840805011382,2.574027418235829,31.009716206230323,17.540081548635015,True,True,False,True,True,7,7
Mike Tyson,1966-06-30,1997,crisis,31,127.82821636315073,297.9433679875622,98.24388525916791,250.68298960010915,29.58433110398282,47.26037838745307,359.05357420160885,37.0336715615812,20.85213956802859,True,True,False,True,True,7,7
Mike Tyson,1966-06-30,1997,marriage,31,127.82821636315073,297.9433679875622,98.24388525916791,250.68298960010915,29.58433110398282,47.26037838745307,359.05357420160885,37.0336715615812,20.85213956802859,True,True,False,True,True,7,7
Mike Tyson,1966-06-30,2003,divorce,37,133.57013378185746,9.754113762168487,98.24388525916791,250.68298960010915,35.32624852268955,119.07112416205933,356.4998874058392,44.28820584208444,24.801686299670962,True,True,False,True,True,5,6
Mike Tyson,1966-06-30,2009,marriage,43,139.32419402136992,85.01287409492178,98.24388525916791,250.68298960010915,41.08030876220201,194.32988449481263,357.5399800668879,51.57175732542302,28.72539382303664,True,True,False,True,True,4,4
Diego Maradona,1960-10-30,1976,career,16,232.92345315755426,185.39173263875523,216.86392195474198,345.2522199410326,16.05953120281228,200.13951269772264,344.7332327150855,19.437786020125543,2.69721874439891,False,True,False,False,False,7,8
Diego Maradona,1960-10-30,1986,career,26,243.02498389190308,328.4146455732877,216.86392195474198,345.2522199410326,26.161061937161094,343.1624256322551,349.8145330236554,31.516060996958743,2.750054474556677,True,True,False,True,False,7,8
Diego Maradona,1960-10-30,1989,marriage,29,246.0618533198101,8.947183061863047,216.86392195474198,345.2522199410326,29.197931365068115,23.694963120830437,353.3407079185479,35.1239792394357,2.4923126204457446,True,True,False,True,False,8,7
Diego Maradona,1960-10-30,1991,crisis,31,248.08784517033087,34.84802002385117,216.86392195474198,345.2522199410326,31.223923215588883,49.595800082818585,355.9355569592017,37.524341987276046,2.2492818306606637,True,True,False,True,False,8,7
Diego Maradona,1960-10-30,1994,crisis,34,251.12908978747515,72.38537038898872,216.86392195474198,345.2522199410326,34.26516783273317,87.13315044795615,0.06912971665846612,41.11695768141351,1.7784641541011723,True,True,False,True,False,8,4
Diego Maradona,1960-10-30,2004,crisis,44,261.2869671116381,193.28172144686837,216.86392195474198,345.2522199410326,44.42304515689611,208.02950150583578,14.863257576615666,53.01387170409748,359.33085415635924,True,True,True,True,False,8,2
Diego Maradona,1960-10-30,2020,death,60,277.5852525904433,56.95211292248644,216.86392195474198,345.2522199410326,60.72133063570132,71.69989298145384,39.635273593394174,71.712546249024,353.43766736102987,True,True,True,True,False,7,4
Pelé,1940-10-23,1956,career,16,225.5671408634482,329.61618508916655,209.55773049416172,105.83097874801088,16.009410369286485,223.78520634115569,0.5532933581683608,18.99630853956873,10.41890872539014,True,True,False,True,False,7,4
Pelé,1940-10-23,1958,career,18,227.57669797459388,353.50223695828356,209.55773049416172,105.83097874801088,18.018967480432167,247.6712582102727,358.1670974201958,21.40251281279521,11.726416557412534,True,True,False,True,False,9,6
Pelé,1940-10-23,1966,marriage,26,235.63211197769434,90.06803126966014,209.55773049416172,105.83097874801088,26.07438148353262,344.2370525216493,349.2037610867326,31.086114453200054,16.969204971995566,True,False,False,True,False,5,3
Pelé,1940-10-23,1978,divorce,38,247.7702205756472,258.1322428736056,209.55773049416172,105.83097874801088,38.21249008148547,152.30126412559474,354.04097091978525,45.761748694263616,24.87533563135395,True,True,False,True,True,10,3
Pelé,1940-10-23,1994,marriage,54,264.023104121902,99.53283372967415,209.55773049416172,105.83097874801088,54.46537362774029,353.70185498166325,15.953199994209427,65.5170298232319,35.48890536379159,True,False,True,True,True,7,7
Pelé,1940-10-23,2008,divorce,68,278.28543817585427,294.2925087374658,209.55773049416172,105.83097874801088,68.72770768169255,188.46152998945496,37.40649826451181,82.91986357595323,44.8483261860417,True,True,True,True,True,5,6
Pelé,1940-10-23,2022,death,82,292.5535070724248,108.37867439665507,209.55773049416172,105.83097874801088,82.99577657826308,2.5476956486441935,59.8947767820635,100.37800846469912,54.26950478232777,True,False,True,True,True,6,8
Babe Ruth,1895-02-06,1914,career,19,336.6627145287483,345.40780149239816,317.49215445751355,92.1140687844172,19.170560071234775,253.29373270798095,1.1367728436809443,23.659521284270795,10.28978002387057,True,True,False,False,False,8,5
Babe Ruth,1895-02-06,1914,marriage,19,336.6627145287483,345.40780149239816,317.49215445751355,92.1140687844172,19.170560071234775,253.29373270798095,1.1367728436809443,23.659521284270795,10.28978002387057,True,True,False,False,False,8,5
Babe Ruth,1895-02-06,1920,career,25,342.68411925351654,59.96660101740037,317.49215445751355,92.1140687844172,25.191964796002992,327.85253223298315,355.31399269280877,31.094914018186444,13.65780132705816,True,True,False,True,True,8,5
Babe Ruth,1895-02-06,1929,crisis,34,351.67723281130975,190.31320704596425,317.49215445751355,92.1140687844172,34.1850783537962,98.19913826154705,352.9035378336456,42.20421600244077,18.787382370853187,True,True,True,True,True,5,5
Babe Ruth,1895-02-06,1929,marriage,34,351.67723281130975,190.31320704596425,317.49215445751355,92.1140687844172,34.1850783537962,98.19913826154705,352.9035378336456,42.20421600244077,18.787382370853187,True,True,True,True,True,5,5
Babe Ruth,1895-02-06,1948,death,53,10.52313393830833,70.19454027377253,317.49215445751355,92.1140687844172,53.03097948079477,338.0804714893553,8.730711365636523,65.46520604297854,29.847197427575715,True,True,False,True,True,3,6
Jackie Robinson,1919-01-31,1946,marriage,27,337.8498040197693,299.1012927931242,310.574814916502,304.6879277013246,27.274989103267274,354.41336509179956,46.1122514198654,33.61115986450875,21.167868326930886,True,True,True,True,False,5,5
Jackie Robinson,1919-01-31,1947,career,28,338.8543416000477,312.7754538792055,310.574814916502,304.6879277013246,28.27952668354567,8.087526177880875,48.01503883962812,34.84906763727395,21.946187913493816,True,False,True,True,False,3,4
Jackie Robinson,1919-01-31,1955,career,36,346.8721791869417,68.69462912018989,310.574814916502,304.6879277013246,36.29736427043969,124.00670141886528,63.35050895019367,44.72980008466425,28.153176896893342,True,True,True,True,True,3,5
Jackie Robinson,1919-01-31,1972,death,53,3.7877179276187016,281.15691243708324,310.574814916502,304.6879277013246,53.21290301111668,336.4689847357586,86.35859091175655,65.56383134635581,41.2066453418268,True,True,True,True,True,6,8
Wayne Gretzky,1961-01-26,1979,career,18,324.5602719102122,298.5914442765995,306.314379136177,68.75442126994314,18.245892774035156,229.83702300665635,19.24925600958744,17.309358300490544,359.5990313927914,False,True,True,True,False,6,4
Wayne Gretzky,1961-01-26,1984,career,23,329.6102052061818,12.629408555285494,306.314379136177,68.75442126994314,23.29582607000475,303.87498728534234,16.7286816971436,21.520262298986722,0.17669694615095466,False,True,True,True,False,6,5
Wayne Gretzky,1961-01-26,1988,marriage,27,333.64151034035746,65.27194766613565,306.314379136177,68.75442126994314,27.327131204180432,356.5175263961925,12.646227637806021,24.630808579977554,0.8259225295095831,True,False,True,True,False,6,4
Wayne Gretzky,1961-01-26,1999,career,38,344.6839794824724,198.0789664792262,306.314379136177,68.75442126994314,38.369600346295385,129.3245452092831,4.552045089804949,31.63573222630299,3.3499293748795367,True,True,False,True,False,7,5
Ayrton Senna,1960-03-21,1984,career,24,24.154922875846605,234.4952132191069,0.491222658180331,281.43876737878327,23.663700217666275,313.0564458403236,14.809129402985775,29.5506168439436,18.497011532742476,False,True,False,True,True,9,3
Ayrton Senna,1960-03-21,1988,career,28,28.066662989863413,292.40595370433294,0.491222658180331,281.43876737878327,27.575440331683083,10.967186325549676,20.112847602526074,34.472016284215954,21.57876760043132,False,False,True,True,True,7,3
Ayrton Senna,1960-03-21,1991,career,31,30.995595537493777,333.7303060559656,0.491222658180331,281.43876737878327,30.504372879313447,52.29153867718236,24.431284342102288,38.16263429926562,23.88875173561223,True,True,True,True,True,7,5
Ayrton Senna,1960-03-21,1994,death,34,33.92030647622333,12.989947869869805,0.491222658180331,281.43876737878327,33.429083818043,91.55118049108654,29.024987854909057,41.85267850458365,26.196917666799607,True,True,True,True,True,7,6
Venus Williams,1980-06-17,1997,career,17,102.7277924363038,3.209272139135105,86.51704346454399,144.08828912656892,16.210748971759813,219.12098301256617,3.008706489131768,353.2416282065119,8.824939466850509,True,True,False,False,False,8,4
Venus Williams,1980-06-17,2000,career,20,105.58805859449556,45.73703763870221,86.51704346454399,144.08828912656892,19.071015129951576,261.6487485121333,1.4752313904032235,353.1480176011778,10.461540558254399,True,True,False,False,False,8,7
Venus Williams,1980-06-17,2001,career,21,106.54170906401383,59.79156283744037,86.51704346454399,144.08828912656892,20.02466559946984,275.70327371087143,0.880795694459124,353.1942669610551,11.01203006032776,True,True,False,False,False,9,4
Venus Williams,1980-06-17,2017,career,37,121.81014070561483,261.49364998262473,86.51704346454399,144.08828912656892,35.29309724107084,117.40536085605581,354.648928223677,358.3856598394762,20.130263795770674,True,True,False,False,True,9,4
Ernest Hemingway,1899-07-21,1921,marriage,22,139.35897089974344,203.9355387344037,118.30120083143987,276.21513784019845,21.05777006830357,287.7204008942052,6.406264915488663,27.004634810897997,13.576314853109523,True,True,True,True,True,5,6
Ernest Hemingway,1899-07-21,1926,career,27,144.16419374537003,270.15071709630405,118.30120083143987,276.21513784019845,25.862992913930157,353.9355792561056,2.6596940619955376,33.17179841137896,16.740587244161958,True,False,False,True,True,5,5
Ernest Hemingway,1899-07-21,1927,divorce,28,145.12612044877758,284.6316302297404,118.30120083143987,276.21513784019845,26.824919617337713,8.41649238954193,1.7955200418863058,34.4064031757173,17.37674194268115,True,False,False,True,True,5,4
Ernest Hemingway,1899-07-21,1927,marriage,28,145.12612044877758,284.6316302297404,118.30120083143987,276.21513784019845,26.824919617337713,8.41649238954193,1.7955200418863058,34.4064031757173,17.37674194268115,True,False,False,True,True,5,4
Ernest Hemingway,1899-07-21,1940,divorce,41,157.66884608562296,105.24152807221398,118.30120083143987,276.21513784019845,39.36764525418309,189.02639023201553,355.99600032822696,50.49306201871421,25.746546655414477,True,True,False,True,True,3,7
Ernest Hemingway,1899-07-21,1940,marriage,41,157.66884608562296,105.24152807221398,118.30120083143987,276.21513784019845,39.36764525418309,189.02639023201553,355.99600032822696,50.49306201871421,25.746546655414477,True,True,False,True,True,3,7
Ernest Hemingway,1899-07-21,1945,divorce,46,162.51548749368902,164.55699921270653,118.30120083143987,276.21513784019845,44.21428666224915,248.34186137250808,359.24131969361144,56.69802902014645,29.016529746583046,True,True,False,True,True,6,8
Ernest Hemingway,1899-07-21,1946,marriage,47,163.48628217188144,176.59523440444502,118.30120083143987,276.21513784019845,45.18508134044157,260.38009656424657,0.27602151559011645,57.94000434393887,29.673882470362173,True,True,False,True,True,6,9
Ernest Hemingway,1899-07-21,1961,death,62,178.10358866214284,23.121331286468195,118.30120083143987,276.21513784019845,59.80238783070297,106.90619344626975,24.57661289655522,76.60036982967269,39.664210599719155,True,True,True,True,True,7,5
F. Scott Fitzgerald,1896-09-24,1920,career,24,205.76444786502728,352.7982618953767,182.0594447578398,31.407587420267884,23.70500310718748,321.3906744751088,344.85048130830234,29.602545670354942,7.431435529893193,False,True,False,True,False,9,7
F. Scott Fitzgerald,1896-09-24,1920,marriage,24,205.76444786502728,352.7982618953767,182.0594447578398,31.407587420267884,23.70500310718748,321.3906744751088,344.85048130830234,29.602545670354942,7.431435529893193,False,True,False,True,False,9,7
F. Scott Fitzgerald,1896-09-24,1925,career,29,210.741564397318,52.22153569734287,182.0594447578398,31.407587420267884,28.682119639478202,20.81394827707499,347.65863457271564,35.757821556933806,8.236078982740821,True,False,False,True,False,7,6
F. Scott Fitzgerald,1896-09-24,1930,crisis,34,215.73313088745766,113.79272671364843,182.0594447578398,31.407587420267884,33.67368612961786,82.38513929338055,353.45268332492117,41.90846720876445,8.727755902318847,True,True,False,True,False,8,7
F. Scott Fitzgerald,1896-09-24,1940,death,44,225.75991971311362,258.45844417171793,182.0594447578398,31.407587420267884,43.70047495527382,227.05085675145006,8.634487848027902,54.195906555897494,8.670656823375168,True,True,True,True,False,5,7
Virginia Woolf,1882-01-25,1912,marriage,30,335.81804769756536,61.110617155492534,305.4807625822073,25.18912610365686,30.337285115358043,35.92149105183567,13.42649944844112,37.604791344835405,2.2194752152121566,True,True,True,True,False,1,7
Virginia Woolf,1882-01-25,1915,career,33,338.83095568919623,98.51372923066599,305.4807625822073,25.18912610365686,33.35019310698891,73.32460312700913,10.477704841478499,41.35525229398405,2.945058715657538,True,True,False,True,True,1,7
Virginia Woolf,1882-01-25,1925,career,43,348.8383749797775,218.5796728305816,305.4807625822073,25.18912610365686,43.357612397570165,193.39054672692473,7.161833868820452,53.83738297950498,5.842889421419343,True,True,False,True,True,5,4
Virginia Woolf,1882-01-25,1941,death,59,4.746339086843357,82.49386341304486,305.4807625822073,25.18912610365686,59.265576504636044,57.304737309388,19.35867418968786,73.74829708079346,11.712552492423711,True,True,True,True,True,2,7
Sylvia Plath,1932-10-27,1956,marriage,24,238.06316138592302,139.20806272317267,213.95367769666555,185.43087470100417,24.109483689257473,313.7771880221685,28.210106865967163,28.765655225126977,12.061439087792252,False,True,True,True,True,7,5
Sylvia Plath,1932-10-27,1960,career,28,242.10709356285088,193.7292580842531,213.95367769666555,185.43087470100417,28.153415866185327,8.298383383248932,29.42329942065149,33.64326896940531,13.8852225506906,True,False,True,True,True,4,5
Sylvia Plath,1932-10-27,1962,crisis,30,244.13180473335126,223.54982216328457,213.95367769666555,185.43087470100417,30.17812703668571,38.1189474622804,29.12169500144043,36.08890937001087,14.77277808046611,True,True,True,True,True,6,5
Sylvia Plath,1932-10-27,1963,death,31,245.1447967057257,238.8453057686597,213.95367769666555,185.43087470100417,31.191119009060145,53.41443106765553,28.70632200203167,37.31330118130242,15.210158980290771,True,True,True,True,True,6,5
Stephen King,1947-09-21,1971,marriage,24,200.85096442505633,210.97574825480996,177.22884222195455,254.21735095392538,23.62212220310178,316.75839730088455,30.90479500788959,29.91035609124455,13.802209368500172,True,True,True,True,True,5,3
Stephen King,1947-09-21,1974,career,27,203.82789284509454,249.74491385000533,177.22884222195455,254.21735095392538,26.599050623139988,355.52756289608,33.44344886174821,33.653006502767994,15.433657605650623,True,False,True,True,True,4,5
Stephen King,1947-09-21,1977,career,30,206.80946929957685,286.08214604932164,177.22884222195455,254.21735095392538,29.580627077622296,31.86479509539626,35.37265732522937,37.39582707541322,17.04068473971806,True,True,True,True,True,6,3
Stephen King,1947-09-21,1999,crisis,52,228.81581822482633,219.57751364172012,177.22884222195455,254.21735095392538,51.58697600287178,325.36016268779474,21.536015654441854,64.83987772659626,27.963859034200297,True,True,True,True,True,5,3
J.K. Rowling,1965-07-31,1990,crisis,25,152.06178302873658,133.82430262173804,128.0546839025308,170.45112899144658,24.007099126205787,323.3731736302915,347.6115262182558,30.002237079098336,15.403892934924471,True,True,True,True,True,4,6
J.K. Rowling,1965-07-31,1992,marriage,27,153.99315111355,164.05876569822559,128.0546839025308,170.45112899144658,25.9384672110192,353.607636706779,347.82951639445446,32.38554698495312,16.689314901836582,True,False,True,True,True,6,5
J.K. Rowling,1965-07-31,1993,child,28,154.95944400944322,178.86434548562298,128.0546839025308,170.45112899144658,26.90476010691242,8.413216494176396,348.1410819058313,33.576114420394816,17.334799274822075,True,False,True,True,True,5,5
J.K. Rowling,1965-07-31,1995,divorce,30,156.89321993150892,207.21764949933788,128.0546839025308,170.45112899144658,28.838536028978126,36.7665205078913,349.16960762447815,35.95497564301368,18.631238745304245,True,True,True,True,True,4,6
J.K. Rowling,1965-07-31,1997,career,32,158.82857358474848,233.66201817717814,128.0546839025308,170.45112899144658,30.773889682217686,63.21088918573156,350.7229352173596,38.33065937126298,19.934848818360877,True,True,True,True,True,5,6
J.K. Rowling,1965-07-31,2001,marriage,36,162.70404177243267,282.4698511939258,128.0546839025308,170.45112899144658,34.64935786990188,112.01872220247924,355.24679476210883,43.07170206651864,22.562860386538347,True,True,True,True,True,7,7
Agatha Christie,1890-09-15,1914,marriage,24,195.81103527734209,141.9335841463064,172.24428954775584,181.66936294007368,23.566745729586245,320.2642212062327,345.1096386252558,22.883861799684695,15.42620799645465,True,True,False,True,True,5,6
Agatha Christie,1890-09-15,1920,career,30,201.75571889413686,215.97633853036706,172.24428954775584,181.66936294007368,29.51142934638102,34.306975590293376,348.4579535766309,27.77934754910757,19.519702831840164,True,True,False,True,True,6,7
Agatha Christie,1890-09-15,1926,crisis,36,207.72025006339857,296.84552045039106,172.24428954775584,181.66936294007368,35.475960515642726,115.17615751031738,356.014713269144,32.16453150047914,23.688639426770123,True,True,False,True,True,5,5
Agatha Christie,1890-09-15,1928,divorce,38,209.71224074654683,325.3079336010606,172.24428954775584,181.66936294007368,37.467951198790985,143.63857066098691,359.0265145537737,33.48827865979197,25.09293640379616,True,True,False,True,True,4,4
Agatha Christie,1890-09-15,1930,marriage,40,211.70604071442702,354.2302619126201,172.24428954775584,181.66936294007368,39.46175116667118,172.56089897254643,2.167986223513225,34.73268902638114,26.50372882554558,True,True,False,True,True,8,2
Agatha Christie,1890-09-15,1976,death,86,258.0908961532441,232.89848842705356,172.24428954775584,181.66936294007368,85.84660660548826,51.22912548697988,75.45030872682926,30.07820900159436,60.170748765589906,True,True,True,True,True,5,4
Oscar Wilde,1854-10-16,1884,marriage,30,232.45872773876476,167.04278130318798,202.43165591090292,134.83859692552502,30.027071827861846,32.204184377662955,18.64908120229319,37.592865620200456,22.135515761344124,True,True,True,True,False,5,6
Oscar Wilde,1854-10-16,1888,career,34,236.4963759774766,219.58009704517158,202.43165591090292,134.83859692552502,34.06472006657367,84.74150011964656,13.665041763398676,42.620997811230296,25.158937149712614,True,True,False,True,False,6,1
Oscar Wilde,1854-10-16,1891,career,37,239.52938776527438,262.50598578380936,202.43165591090292,134.83859692552502,37.09773185437146,127.66738885828434,9.773304907824865,46.39366266272816,27.436750021574284,True,True,False,True,True,3,4
Oscar Wilde,1854-10-16,1895,crisis,41,243.57829522594713,320.65382450373505,202.43165591090292,134.83859692552502,41.14663931504421,185.81522757821003,6.376647425439273,51.42498810489272,30.48639220822784,True,True,False,True,True,7,4
Oscar Wilde,1854-10-16,1900,death,46,248.64531775284465,28.656498318002633,202.43165591090292,134.83859692552502,46.21366184194173,253.8179013924776,6.261648247424546,57.71463072488885,34.316517187548044,True,True,False,True,True,7,5
Mark Twain,1835-11-30,1870,marriage,35,283.003279315028,105.50623503137928,247.38318423579864,13.40474122600092,35.62009507922937,92.10149380537835,53.13656875690063,43.79088611852467,26.276345033805086,True,True,True,True,True,9,3
Mark Twain,1835-11-30,1876,career,41,289.11704047025523,181.43757554307905,247.38318423579864,13.40474122600092,41.733856234456596,168.03283431707814,62.944946141383554,51.27224149538387,30.870815748474485,True,True,True,True,True,6,7
Mark Twain,1835-11-30,1884,career,49,297.2671016866152,296.14249473977446,247.38318423579864,13.40474122600092,49.88391745081657,282.73775351377355,76.42490330249635,61.22942322874826,37.03273935996836,True,True,True,True,True,6,3
Mark Twain,1835-11-30,1904,crisis,69,317.57622752192606,191.83567789126784,247.38318423579864,13.40474122600092,70.19304328612742,178.43093666526693,107.22227570207795,85.9757530200173,52.57528449096057,True,True,True,True,True,8,9
Mark Twain,1835-11-30,1910,death,75,323.644704997266,275.87449529038565,247.38318423579864,13.40474122600092,76.26152076146735,262.46975406438474,110.12463613799977,93.34416779625354,57.26862611372647,True,True,True,True,True,5,9
Pablo Picasso,1881-10-25,1904,career,23,235.79491352922548,190.49074884276584,212.70107339815124,248.04937953573915,23.093840131074245,302.44136930702666,344.2907346244235,28.54957173104839,3.210848588216649,False,True,False,True,False,9,2
Pablo Picasso,1881-10-25,1918,marriage,37,249.9681857987641,24.521382031480407,212.70107339815124,248.04937953573915,37.26711240061286,136.47200249574126,357.33928275788907,46.06148276786962,1.7367127331163204,True,True,False,True,False,6,2
Pablo Picasso,1881-10-25,1935,divorce,54,267.25046557803324,237.68578708256118,212.70107339815124,248.04937953573915,54.549392179882005,349.63640754682206,22.513092587490377,67.3923641431094,356.56224799070196,True,True,True,True,False,6,3
Pablo Picasso,1881-10-25,1961,marriage,80,293.7444125218582,218.92715523381062,212.70107339815124,248.04937953573915,81.04333912370694,330.87777569807145,64.09444321976915,100.06535722149388,347.1997319831303,True,True,True,True,True,5,8
Pablo Picasso,1881-10-25,1973,death,92,305.95713969535007,31.562602373469165,212.70107339815124,248.04937953573915,93.25606629719883,143.51322283773,84.58943934190265,115.14188253601426,345.0012741678835,True,True,True,True,True,8,6
Vincent van Gogh,1853-03-30,1880,career,27,36.097513764624786,255.93785293732037,9.666427325454848,260.9168526207449,26.43108643916994,355.02100031657545,349.1370546531755,33.38282866589401,20.846723144993007,True,False,False,True,True,4,5
Vincent van Gogh,1853-03-30,1888,crisis,35,43.85551971184919,2.9081816143504615,9.666427325454848,260.9168526207449,34.18909238639434,101.99132899360552,352.69663756448534,43.248298471091516,26.929266686146605,True,True,False,True,True,7,4
Vincent van Gogh,1853-03-30,1890,death,37,45.7908791105896,27.087625115684656,9.666427325454848,260.9168526207449,36.12445178513475,126.17077249493974,354.2472123719935,45.71323799337995,28.44230788392099,True,True,False,True,True,5,6
Frida Kahlo,1907-07-06,1925,crisis,18,120.28645896746417,288.4775972569691,103.11310459187698,56.39438307873044,17.173354375587195,232.08321417823865,355.3466887019495,21.961097130114297,355.1821224733763,True,True,False,True,False,10,5
Frida Kahlo,1907-07-06,1929,marriage,22,124.10679373170224,347.7169913450837,103.11310459187698,56.39438307873044,20.993689139825264,291.3226082663533,352.6416885017899,26.85980245284938,354.4589456102312,True,True,True,True,False,8,8
Frida Kahlo,1907-07-06,1939,divorce,32,133.67755324988363,112.6238300345778,103.11310459187698,56.39438307873044,30.564448658006654,56.22944695584735,350.5773431340477,39.140470777836896,353.52759669618996,True,True,True,True,False,6,5
Frida Kahlo,1907-07-06,1940,marriage,33,134.63639985650698,124.49287918681708,103.11310459187698,56.39438307873044,31.523295264630008,68.09849610808664,350.93336122199065,40.37113036932166,353.5094222734767,True,True,True,True,False,5,4
Frida Kahlo,1907-07-06,1954,death,47,148.09076356198725,312.0824240374857,103.11310459187698,56.39438307873044,44.97765897011027,255.68804095875524,6.874659353312083,57.64210713429391,354.71217103787654,True,True,False,True,False,6,2
Salvador Dalí,1904-05-11,1929,career,25,74.23202560829849,334.67606447642873,50.213614349634135,2.467978227058883,24.01841125866435,332.20808624936984,357.6528113107751,30.63406503428199,17.566486321098047,True,True,False,True,True,4,6
Salvador Dalí,1904-05-11,1934,marriage,30,79.01379075835243,35.239317649441276,50.213614349634135,2.467978227058883,28.800176408718293,32.77133942238239,2.0610663168831778,36.76423284115867,21.019988184734082,True,True,False,True,True,5,5
Salvador Dalí,1904-05-11,1982,crisis,78,124.81238489327856,315.4866147779804,50.213614349634135,2.467978227058883,74.59877054364443,313.0186365509215,89.65743449059585,95.7666314503606,53.25574626809172,True,True,True,True,True,10,7
Salvador Dalí,1904-05-11,1989,death,85,131.50817708880263,38.976017327445355,50.213614349634135,2.467978227058883,81.2945627391685,36.50803910038647,100.83517890782403,104.39805163209492,57.83050264244685,True,True,True,True,True,7,6
Andy Warhol,1928-08-06,1962,career,34,166.3147300955735,106.60426796263405,133.52440945963735,11.50086972908737,32.790320635936155,95.10339823354668,62.761070402018305,41.94184564244728,20.372096113760342,True,True,True,True,True,5,7
Andy Warhol,1928-08-06,1968,crisis,40,172.15733133446076,186.49972886666416,133.52440945963735,11.50086972908737,38.63292187482341,174.9988591375768,71.53073617333706,49.34036185912191,23.535847066411442,True,True,True,True,True,3,7
Andy Warhol,1928-08-06,1987,death,59,190.7789821624999,75.25999694871514,133.52440945963735,11.50086972908737,57.25457270286253,63.75912721962777,93.22293877145927,72.7386697604849,32.32691346423008,True,True,True,True,True,8,4
Jackson Pollock,1912-01-28,1943,career,31,338.5554954169812,104.21432725002283,307.22565436629765,51.449951158119866,31.32984105068357,52.76437609190297,49.813718208542014,37.674557615144806,12.088743990265925,True,True,True,True,True,7,5
Jackson Pollock,1912-01-28,1945,marriage,33,340.562036504281,133.79534092370076,307.22565436629765,51.449951158119866,33.33638213798338,82.3453897655809,53.53137548680928,40.11915390412645,13.010974273157473,True,True,True,True,True,8,6
Jackson Pollock,1912-01-28,1956,death,44,351.5617284488986,279.80190395631905,307.22565436629765,51.449951158119866,44.33607408260093,228.3519527981992,74.80922663305284,53.583113977391065,18.28971646229698,True,True,True,True,True,6,4

