band,lifespan,members,Cohesion_Sun,Cohesion_Moon,Cohesion_Mercury,Cohesion_Venus,Cohesion_Mars,Cohesion_Jupiter,Cohesion_Saturn,Cohesion_Uranus,Cohesion_Neptune,Cohesion_Pluto,Cohesion_Node,Cohesion_Lilith,Inner_Cohesion,Outer_Cohesion
Q1299,10,4,-0.19148952428412425,-0.09649740311784144,-0.297112554820931,0.1240461949626881,-0.04849344049699916,0.6926900312900856,0.9485720941966158,0.9961215393141188,0.9963925476979214,0.9993551265657081,0.8210722152942843,0.3326217105754281,-0.10190934555144157,0.92662626781289
Traveling Wilburys,36,5,-0.1366314254932927,-0.17656983019666603,-0.2250807601222536,-0.06256647062387603,-0.14095001629771653,-0.20156983729222877,-0.015415932377799767,0.8222616118698675,0.9458881502376805,0.9714765558761276,-0.24437654279372553,-0.1320654989303291,-0.14835970054676098,0.5045281096627294
D12,28,5,-0.14232502397562202,-0.2160586638952406,-0.01234525835804975,-0.22257528962833284,-0.04967646482541355,0.03350742035066614,0.7435343692799594,0.9652812178464145,0.9913860657681737,0.9895128053262893,0.5436330490514812,-0.0547535034615961,-0.12859614013653173,0.7446443757143005
N.W.A.,5,6,-0.09692186905814451,-0.18322755722239845,-0.09917000257327609,-0.08083948720706527,0.28953802470252904,-0.08710364790293228,0.6099925315217656,0.9588878806054327,0.9896137475883114,0.9923582641271901,0.2897715512668659,-0.1804762556596663,-0.03412417827167106,0.6927497551879536
G-Unit,25,6,-0.10673085449987024,0.003020738949086114,-0.12036485413749703,-0.14825891127944585,-0.020183364357184284,-0.0657636395926025,0.6029024960664268,0.935892840609248,0.9856204636467704,0.9784421473467925,0.27921870368723434,-0.1561054835812326,-0.07850344906498226,0.687418861615327
Tin Machine,4,4,-0.29957344265624264,-0.2323774388759748,-0.29746082371619176,-0.29875783318696253,-0.05833820944467511,-0.2550522429589972,0.4145061815682302,0.9100963778159142,0.981792222354164,0.9897166096952712,-0.062171324446064234,-0.1445291662927669,-0.2373015495760094,0.6082118296949164
Megadeth,41,21,-0.016432387107856057,0.056938565627263536,0.016141305271741378,-0.01469629626835054,0.009788961968844365,0.004904949672095655,0.2861949375111339,0.7540140076461673,0.938785963406999,0.9311342096337263,0.007390783055339725,-0.008353288371973203,0.010348029898328535,0.5830068135740245
The Who,60,5,-0.12239871028149016,0.1404637000259251,-0.20162770253740642,-0.2077426275992436,-0.1422989842482873,0.4715058906746843,0.7969219360925991,0.9714012650608936,0.9961597692482856,0.9963158236105304,0.6737628050528985,0.058697320980272825,-0.10672086492810048,0.8464609369373987
In Flames,34,13,-0.07191277697382518,-0.02827206859053077,-0.024196156555621816,-0.02974595386572755,-0.06537751708617864,0.01831779043540522,0.21573915274577773,0.7925438682347353,0.9455186530470662,0.9305888793737441,0.3276959222607827,0.05563618019771724,-0.04390089461437679,0.5805416687673457
Porcupine Tree,37,5,-0.18235782540606232,-0.1134897623345192,-0.20988175202403764,-0.11520334345328428,-0.20131434701459133,-0.19758912682327176,0.29415142343323003,0.8670619034642939,0.9723636858346241,0.9738609332689645,-0.145651462831673,-0.2365849929939568,-0.164449406046499,0.5819697638355682
Pixies,38,4,-0.10255682172509518,-0.3157107072476553,-0.14423866917425354,-0.1340931592867558,0.3799972792632991,0.017999892956995927,0.7905557968809975,0.974894063423152,0.9927301910345131,0.995225362183317,0.5479813924198179,-0.23996416885738947,-0.06332041563409216,0.7542810612957951
Stone Temple Pilots,35,6,-0.14445132715988082,-0.19985315323486275,-0.18130510236095992,-0.06559582172582513,-0.14248773227200812,0.09724224917337022,0.021779238880574328,0.7748786881444076,0.9419414096563853,0.9465111120759244,-0.13969469962949638,0.2688645113546734,-0.14673862735070733,0.5564705395861325
Therion,37,11,-0.06231452985958668,-0.03705589180234362,-0.045499212581168534,-0.097527257598417,0.0043265107199376915,-0.016175703184693937,0.254093239380793,0.8143093576344793,0.9520463001972876,0.9416426079182921,0.17443418727454846,0.049022671365463746,-0.047614076224315634,0.5891831603892317
Adagio,18,7,-0.060002652622162124,-0.11054092186856264,-0.08519949884548637,-0.07936609537499426,0.13955386080129292,-0.13162889716959775,0.18113935180330476,0.8220881526274756,0.9544293249428742,0.95192894148649,0.01799208037741781,-0.031120109100484614,-0.039111061581982506,0.5555913747381094
The Brian May Band,7,8,-0.024189441923173672,0.07294673207862164,-0.12947195357674066,0.006309993621838804,0.008981043407904458,-0.10742239951588804,0.004174893515658592,0.776034601488921,0.9414305416725037,0.963913060772294,-0.04957613943672272,-0.029762820973558403,-0.013084725278309886,0.5156261395866979
Disturbed,30,5,-0.061459571890810395,-0.10770866720564509,-0.023235508886822864,-0.1500980545426494,-0.23201069607975033,0.16312284218019454,0.8180122278358704,0.9582876408012353,0.989461101439761,0.9893431576664767,0.5684068672192885,-0.10941236991291961,-0.11490249972113561,0.7836453939847076
Velvet Revolver,22,5,0.11127328805814081,-0.1393932436845041,0.38298007885632035,-0.09561451017298403,-0.11096416979404403,-0.12495412901079864,0.7195617212316323,0.9531555433431823,0.991181426769826,0.9905609889454151,0.36839059184003464,-0.12905713788317574,0.0296562886525858,0.7059011102558514
Destiny's Child,16,6,-0.19010147467920627,-0.11241460953700225,-0.19740200770273075,-0.15884205629364748,0.046247295497559904,0.8381451796137617,0.9571147661842637,0.9922826679600136,0.998056663356504,0.9972590698113983,0.9269447958908248,0.7119130678504021,-0.12250257054300537,0.9565716693851882
The Supremes,19,10,-0.10961092004204252,-0.05215151278211191,-0.09280810621951541,-0.02449357741194111,0.021222691216911126,0.012520630062417167,0.5834814656675144,0.9489131364317251,0.9858951816480231,0.9929494668020643,0.3242914926164378,0.012565860045577788,-0.051568285047739956,0.7047519761223489
A Tribe Called Quest,39,4,-0.2021069200250508,-0.0030543468471081283,-0.21361458934922806,-0.20744652249845616,-0.3010600844983283,0.9465753700354845,0.9744526400426935,0.9975317528586297,0.9995326276276518,0.9991143112503424,0.9696787104441699,0.8710194100515815,-0.18545649264363426,0.9834413403629604
The Velvet Underground,59,5,-0.21856002525887694,-0.17694163876922767,-0.026767160723847196,-0.08573454255963084,0.15247125487503524,0.10297226081819896,0.7401643663403343,0.9711179465972404,0.9953769456417719,0.9974593013987884,0.5791715769678589,-0.025913589472859138,-0.0711064224873095,0.7614181641592668
The Yardbirds,61,7,-0.06737159384703979,-0.015131310670926894,-0.07271085415077687,-0.07193957286569923,0.038908641384814015,0.7091151152159528,0.9259606079958105,0.9923104739479982,0.99717288142476,0.9983875846990774,0.88983890212598,0.5749234868779765,-0.037648938029925756,0.9245893326567198
Cream,58,3,-0.014531786956399164,0.8348766947020528,0.3046614277279869,0.28847322519165103,0.7598756366971662,-0.222484126477975,0.7097923855852982,0.9746980634870773,0.9872669412055064,0.9970386084774402,0.26413387749023726,-0.43727032748083433,0.4346710394724916,0.6892623744554695
Limp Bizkit,30,12,-0.02918346263382914,-0.07252700080502972,0.029613904343529937,-0.021288455147466554,-0.07657539075979282,0.01197920380538339,0.2366778172043467,0.7583456057523804,0.6262206819140479,0.6990784197929769,0.3979664714484368,-0.06352940506355456,-0.03399208100051766,0.4664603456938271
Www,49,6,-0.0269479662615145,-0.1690025055931078,-0.15457489460150314,0.2163301387474581,-0.18562033126896096,0.42900627726656293,0.9664029125553608,0.4481963435989434,0.8194212094918532,0.8185694037073947,0.309337035092204,0.721583392638046,-0.06396311179552565,0.696319229324023
Take That,34,5,0.057881458186568945,-0.08818989340030134,-0.06787750456390235,-0.10973582414501389,0.02195246509712878,0.12575205759528135,0.8197942978525925,0.954413079675836,0.9911158131788309,0.9883571101142973,0.5688089601331356,-0.09529993846338924,-0.03719385976510396,0.7758864716833677
The Flowers of Romance,48,4,-0.3278885777951574,-0.08057424264088008,-0.30885039996310987,-0.27293673007809843,-0.26553378000638944,0.45158612033324985,0.9130796233947372,0.986502037901856,0.9984795985607317,0.9989594011394148,0.6761098298172765,-0.03253699875713254,-0.25115674609672706,0.869721356265998
Siouxsie and the Banshees,20,5,0.13298000187684983,-0.2424672271007135,-0.16445101675273044,0.1334969489017753,0.6549886607171939,0.6629296706372025,0.910422943621982,0.9940434954374547,0.9971356702746796,0.9990279257437669,0.8272819636802108,0.38923601678154884,0.10290947352847502,0.9127119411430172
NSYNC,29,5,-0.227988508988236,-0.20336132212339386,-0.16850739030743042,-0.1872111372965962,0.05894760510351561,-0.12323037284166345,0.4927448081088753,0.9139801376168443,0.9769701930290584,0.976128387925239,0.1324677971972957,-0.13136583647057426,-0.14562415072242818,0.6473186307676707
X Japan,15,7,0.051278580127239196,0.013508845786528995,0.001903006245075096,0.017908172728938267,0.05666850518863359,0.5196466079058835,0.8484101971048077,0.9881870410814487,0.9964681666218828,0.99764642648512,0.7436316360069186,0.2254925211962339,0.028253422015283032,0.8700716878398286
The Highwaymen,10,4,0.34557769430187396,0.313687798397337,0.5060509052393612,0.7405865178569013,-0.2990417606431997,-0.09472527729897505,0.742887435195628,0.9580756134158502,0.9929660392624545,0.996207288210644,0.4044515346316318,-0.3275264005773488,0.32137223103045476,0.7190822197571204
A.R. & Machines,5,16,-0.04958060471058764,-0.053564672420357194,-0.030272700767877348,0.0020130206726460746,0.09116447987366202,-0.06510631871136836,0.43153527382686013,0.9176263186835398,0.9815820725095133,0.989542262457372,0.11514171146443905,-0.03651731969368624,-0.008048095470502814,0.6510359217531834
Blue System,37,5,-0.07939675210823749,-0.01902878800082159,0.07538961205290234,-0.08111942408787012,-0.16531577117499285,0.06127392924223737,0.7585496785409443,0.9679941178666611,0.9918703406485637,0.9958589971245393,0.4922075160047338,-0.14289929126927423,-0.05389422466380393,0.7551094126845891
Arabesque,7,4,-0.08918789277068961,-0.2907561327954687,-0.16473983921188626,-0.3321150626912817,0.5100524808924122,-0.1980165136023807,0.6820881012634284,0.9529839262844311,0.9903479671489749,0.9935014132422494,0.24385435092697139,-0.3004538734174209,-0.0733492893153828,0.6841809788673406
Wir sind Helden,24,4,-0.20602866646564935,-0.2549795213806954,-0.29740010653946913,-0.07498175152840512,-0.06699643784841582,0.622644630058503,0.8762020602909081,0.9927910476908343,0.999202068546072,0.9970355243165626,0.8621194796077831,0.47536859422733463,-0.18007729675252698,0.897575066180576
Nogizaka46,13,94,-0.004056534242195846,-0.007302147802969349,-0.00013274528117182132,-0.004092673902518058,-0.010678551135497528,0.03514812550410634,0.24729762357650859,0.8878942258565246,0.9653132672857124,0.9583150703889284,0.013790233141988547,-0.0019880097622627275,-0.0052525304728705206,0.618793662522356
Vista Chino,14,3,-0.3788424435336341,0.8390947773019523,-0.2950241145402532,-0.1730650152420963,-0.3032697176776865,0.4436816291690415,0.9628735021613067,0.9840024233380743,0.9935064647295739,0.9966701477989691,0.8240565716637208,0.3341241684164313,-0.062221302738343566,0.8761468334393931
Gorillaz,26,7,0.24255057358077922,0.06059593396538743,0.13800310891031364,0.13021333780759148,0.6776465252081947,0.26282917727582183,0.10856795630218594,0.6218397014578326,0.9060855758098872,0.868931779801117,-0.011359116536992762,-0.005676092419709566,0.24980189589445329,0.553650838129369
Gamma Ray,36,9,-0.08465625219028873,-0.0044718497582109515,-0.007026767022656366,-0.04733183211579726,0.12666733672196903,-0.09487524224544033,0.542761302853774,0.9406761036172391,0.9855039676598741,0.987911906372064,0.2202544644029721,-0.10171384983144728,-0.0033638728729968536,0.6723956076515022
No Angels,23,5,0.039984819060210876,-0.18211085434549762,-0.026757413812527487,0.20866207603317707,-0.15337878221835405,-0.10841315849849023,0.6729718063646221,0.9599952448962401,0.990377891356238,0.9886126745071323,0.3760202395518112,-0.24368126263965167,-0.022720031056598245,0.7007088917251484
Helloween,40,12,-0.08853304984680549,0.1136277324950313,-0.09051119508212241,-0.07666880756623586,0.0008844425210048508,0.10377478778787111,0.3890462284163276,0.8544576043017453,0.9619088475227965,0.9658175317177846,0.17684795636600223,0.028606630452853117,-0.02824017549582552,0.6550009999493052
Primal Fear,27,5,0.2650988937283133,0.47192093100152865,0.41520291506056656,-0.024554923247725863,-0.031883437203929846,0.498135111202474,-0.009942457760689739,0.8360216663232272,0.9647959521180149,0.9603619988625924,-0.1979594605091487,0.7756317202913489,0.2191568758677506,0.6498744541491238
Rage,40,6,0.1255184861300606,-0.07590558645973224,0.22179229322389482,-0.014730607949409391,0.3570856260807298,-0.04093434440338748,0.2355323608339649,0.8448686669862251,0.9700987001532341,0.9656401201593409,-0.05842170249450933,-0.1480546584475976,0.12275204220510871,0.5950411007458755
Kreator,42,7,-0.0859342495979931,-0.01394071240361215,-0.13915597262820087,-0.156625780885014,-0.024807306184563765,0.027346332018749423,0.36474729153020186,0.4471018940876337,0.8156144123746749,0.7595456543660406,-0.014980956084042096,-0.13300324537349606,-0.08409280433987679,0.4828711168754601
Q158641,25,4,-0.15075216319578666,0.12473286462534648,-0.16908836254838425,-0.1292538405682153,0.3563535287091635,-0.2676567888507046,0.3650529529426796,0.9107106763843169,0.9826063090563215,0.9734299011244936,0.02764144052664259,-0.10330282936606479,0.006398405404424756,0.5928286101314214
Rhapsody of Fire,31,10,0.08509949725850256,-0.03246045204628578,0.251990487515902,0.007853445080848405,-0.08791930197975636,-0.008762696838294485,0.3186297480472259,0.8229324036156613,0.956463638956663,0.9452659328050932,0.28751558915100184,-0.0825399554336401,0.04491273516584216,0.6069058053172698
A Touch of Class,25,4,-0.16222483543741334,0.6051421392881771,-0.32321577694603826,0.5615503047902234,-0.25761533382713564,0.30746737068355084,0.19392682884825332,0.8488168115812171,0.9714110908163985,0.9600033030151094,-0.09198153952843106,0.30368036788994107,0.08472729957356265,0.6563250809889059
4Xang,14,3,-0.3227093779544376,-0.49342480586217347,-0.40676136872735563,-0.4760882422171068,0.1377252452987613,-0.12204156109381799,0.8146338076621413,0.9642486294279734,0.9936544444593362,0.9949519942322063,0.49760960628711687,-0.29801793639376034,-0.3122517098924624,0.7290894629375678
Killerpilze,22,4,0.005359370617914416,-0.32862974485392554,-0.032753576885439506,-0.1276745058558598,-0.08953091110385138,0.19874524900657117,0.8481010501589745,0.9742891356229127,0.9931315858800839,0.9859740752909668,0.5804910176247553,-0.03616207158374444,-0.11464587361623235,0.8000482191919017
Lokomotive Kreuzberg,5,3,-0.32768824641681954,0.3733749569608699,-0.3328906989413721,-0.3387232009021241,0.43882799325838545,0.5492105113395377,0.9704317086315538,0.9887812307440104,0.9989354337902477,0.9988445149480114,0.8841166566661308,0.5396670159695858,-0.03741983920821207,0.901240679890672
Scooter,31,8,-0.11247721332559779,-0.04433382524271501,-0.12560288106494286,-0.11318235639136061,0.007267484837115102,-0.13113172905739814,0.139945601172999,0.6796569780993277,0.9177123777356482,0.893650449358031,0.030299496877779435,-0.0782211680632865,-0.07766575823750024,0.49996673546172155
Edguy,32,5,0.032313613122403016,0.5509944999678149,-0.004472667908981609,-0.03934918992891149,0.0340965145383436,0.008936201454065684,0.7103302305789843,0.9749848937645929,0.995538679904279,0.9919730766686291,0.5466462270291685,-0.12316436688763441,0.1147165539581337,0.7363526164741102
Thin Lizzy,55,7,-0.1134782033973491,0.1324859594701017,-0.15321320799455976,-0.08108009921233092,0.20847279420009746,0.3462795280200181,-0.11123997316028499,0.6883626598821495,0.9274547165743421,0.9459783737708021,0.29100323366431374,-0.16181698924816873,-0.001362551386808125,0.5593670610174053
The Dave Clark Five,13,5,-0.13362998832416978,-0.209162850043258,-0.18091101890391303,-0.1673861442662514,0.20660306443259485,0.11488857808370805,0.7695201482886973,0.9756013573466488,0.9944626803297375,0.9977143828586401,0.5778917568700479,-0.13045509674569528,-0.09689738742099949,0.7704374293814864
Il Divo,20,4,-0.2668970386779806,0.19031007346934103,-0.32391614758836723,-0.2556966755193739,0.06120064062481434,0.13781126768398247,0.8176205810099838,0.9692971436979004,0.9892313721610737,0.9935977446749401,0.5695818715191638,-0.1100308050274492,-0.11899982953831327,0.7815116218455761
Hawkwind,55,26,-0.027114909608862214,-0.02018159021133383,0.006727322207254672,-0.038370631465650874,-0.03595574243502254,0.06695603197055361,0.10014650959767701,0.6844427768231668,0.9137235124619738,0.9437952819234052,0.0980302351795297,-0.02598130852093678,-0.022979110302722955,0.5418128225553553
Rednex,30,3,0.12180214664131195,0.14843644519469404,-0.11019347096889916,0.026857718015427117,-0.4126905965072929,0.1092982021754957,0.1627250733220552,0.8784215715186473,0.9786286520735707,0.9679990564270126,-0.2573931243142461,0.7307743918736657,-0.045157551524951794,0.6194145111033563
Whitesnake,46,5,0.042650125522583314,-0.21688149987250954,-0.11533865812745518,0.12813892823575207,-0.14203115169150035,0.6492328493212312,0.21447595312749462,0.3505743059475153,0.78771918372249,0.841186339824243,0.03087049886253712,0.224330861547839,-0.06069245118662594,0.5686377263885948
Corona,31,3,0.27438182621525764,-0.2830674703276628,-0.10060306844789997,0.700173735100028,0.34236856676525745,-0.18979378376437803,0.6290501659065818,0.9540968648441072,0.9921468368252656,0.9892347598215444,0.3056493960189666,-0.3850286912453289,0.18665071786099605,0.6749469687266242
Carcass,39,4,-0.23911136947899725,-0.08802176927179317,-0.297538347973974,-0.3027911373243921,-0.32426406690695897,0.9404008546708463,0.9630723199938599,0.9980220076250341,0.9997532996955423,0.999301864651632,0.9616908360604371,0.8368408560649946,-0.2503453381912231,0.980110069327383
Coil,22,7,0.24086206643194413,0.1629148926857846,0.3340103000175142,0.3638735980397362,0.06677015569080028,-0.10149890480062697,0.4653372817771708,0.8665890527071577,0.9706242649587387,0.9749029731606556,0.014174811698699052,0.012771468475486143,0.23368620257315587,0.6351909335606191
Utopian Fields,3,3,-0.4756682996924015,-0.23395249168269394,-0.39253043514483554,-0.30391402341171897,0.7121627829721215,0.6689385040022552,0.9845732033455069,0.9840441447714872,0.9969051235053771,0.9955272538393057,0.9130910474619739,0.6450116754883904,-0.13878049339190568,0.9259976458927864
Sodom,43,3,-0.32188616298515377,0.1573457095193466,-0.3471882957072907,-0.14373558380841048,-0.34809923515071856,0.41355771800628255,-0.30638837472113073,0.7222617871691233,0.9470051690921101,0.9322792945019759,-0.18618827905465007,-0.3740641302721148,-0.20071271362644535,0.5417431188096722
17 Hippies,29,7,0.6579218913190836,-0.10715957837936023,0.6599613135436899,0.6264997596699963,-0.13848102761548625,0.5793789028135571,0.06315600239992492,0.3096013602392538,0.7043940210589849,0.6608551339797256,0.03357356443133948,0.05228030839457231,0.33974847170758465,0.46347708409828925
Avenged Sevenfold,25,7,-0.07483132127478254,-0.15074790821879283,-0.02440596516234025,-0.07308872903475376,-0.11745929017086379,-0.05197259959244251,0.5535339144026781,0.931829447976422,0.9836343774719348,0.9743581171700252,0.20350074114280323,-0.053241487697607406,-0.08810664277230665,0.6782766514857236
Eagles,53,7,0.05575161101036675,-0.15617421219189473,0.0374348018289153,-0.033121223102102484,0.32037150690007943,0.8941083636300841,0.9375143692943931,0.9920580370142277,0.9983773854423312,0.9985292272246072,0.9318918215854287,0.7296900739845817,0.04485249688907285,0.9641174765211288
SHINee,16,5,-0.18622781970955846,-0.20715596346280485,-0.2271509885157265,-0.24515795658931241,0.2518141730744545,0.5458305585272417,0.9161748910114056,0.9905211306201405,0.9972855122000281,0.9977765628542723,0.7800572251215463,0.2485079942955435,-0.12277571104058956,0.8895177310426176
Kalafina,11,4,-0.18028685748313933,0.30575071630999057,-0.09767582275540336,-0.26059029874482703,-0.11128072190789873,-0.00019482067860737232,0.37331803436044203,0.4486767717004672,0.8455011863592441,0.8156220060242867,0.784797864856103,0.010110675089953771,-0.06881659691625558,0.49658463555316656
Black Sabbath,49,5,-0.17327887283929036,0.1947024713377638,-0.11688813717976143,-0.015476213086158375,0.16147514464936172,0.17043692498300395,0.6606241232850198,0.9611010645451064,0.9852852211647092,0.9935722002953197,0.3754707343531377,0.37458973360761344,0.010106878576383071,0.7542039068546319
Rage Against the Machine,33,4,-0.29252078395300846,0.8081627382086373,-0.19237496813607527,-0.2755484879029851,0.11720241469702401,0.03329571040631265,0.8143952832210691,0.943101164430001,0.9887399475727108,0.9867622794380607,0.4665195363337414,-0.13407424237134696,0.03298418258271849,0.7532588770136309
Kiss,51,7,-0.16561863192264448,-0.11533970315072269,-0.15012839230634129,-0.14366445165828862,0.008322970102538343,0.09295832032283326,0.24450398182541708,0.8400679222992098,0.9631255207070778,0.9750050507694807,-0.0674214000102429,0.13568260667787743,-0.11328564178709175,0.6231321591848037
Black Eyed Peas,29,6,-0.07682983069792196,-0.18844795412050183,0.030573046463985575,-0.09929164292198586,0.20435612087916857,0.5563336182234425,0.6199711318472947,0.6197268389533893,0.8869099493648179,0.8408860861539396,0.5281695142977597,0.03229747486022066,-0.0259280520794511,0.7047655249085768
Genesis,57,10,0.06765839444774253,-0.0576306917805847,0.12218857246682627,0.11089324888110655,0.040061850052431826,0.3651543335404602,0.5652931933964059,0.811377210430838,0.958241621022245,0.9630985415227437,0.8514470683971384,0.47649014813835167,0.05663427481350449,0.7326329799825385
The Pussycat Dolls,21,5,-0.0979295241769613,0.4667272623734964,-0.10504447080301973,-0.20020008358022578,0.8031539911053661,-0.04360173912193107,0.5664002540485165,0.9202721231555211,0.9796083643235802,0.9762807244275251,0.19361709205786135,0.10054544663423023,0.17334143498373114,0.6797919453666423
Tangerine Dream,57,5,-0.09772483102185979,0.19358800993085462,0.024681571728999575,0.2327055580946336,-0.18452247114342074,-0.0776119012135349,0.6806464955444345,-0.1248639705970973,0.5662261441820674,0.6291332513403309,0.1472337519121271,-0.246262917775698,0.033745567517841454,0.3347060038512401
Led Zeppelin,12,4,-0.31654253935521803,0.020533120622445538,-0.25302605468816575,-0.2935262145462138,0.24674874431417362,0.2811856038341432,0.7592582250718266,0.9636632172121308,0.997122081396682,0.9973913594640642,0.5336791478490371,-0.2122161501555485,-0.11916258873059568,0.7997240973957693
TVXQ,21,5,0.2323596309789119,-0.07348736103153539,0.11344311077118792,-0.11620939800789146,0.5234789954952295,0.8219161132121089,0.9695600351605129,0.995153071111106,0.9987063988260527,0.9975876824354449,0.9187197273911385,0.6744070668797068,0.13591699564118048,0.9565846601490451
Bon Jovi,41,7,0.03774642899860185,0.10410701710152355,0.07997524285051687,0.045165540035918765,-0.15027373815103726,0.06301548948551897,0.23674924980259096,0.8301657383430951,0.9555314006623314,0.9715522620579475,-0.054136307869969154,-0.023059605068297368,0.02334409816710476,0.6114028280702968
Nena,5,5,0.0495758753263286,-0.18348857184062461,-0.1576201611318861,-0.1751666099478421,-0.06960088815718103,-6.134797873816878e-05,0.5208839858163976,0.9322144739691705,0.9760208346471693,0.9877709435451603,0.17661880121044932,0.35044807124155075,-0.10726007115024105,0.6833657779998319
Bombardil,0,3,0.39190018668641735,0.46663437440465305,0.5488746991476061,0.9784060719967558,-0.4395255121605743,0.5276324654984564,0.8487026168825865,0.9856802731327631,0.9966443957016295,0.9981995033931593,0.7421154114185882,0.10412624033658403,0.38925796401497154,0.871371850921719
The Beach Boys,63,10,-0.00782970776505464,0.12752377953437624,-0.08420324247024724,-0.058385023280381,0.012667699467181714,0.0026737451897381795,0.276448166369441,0.8839855957928461,0.9661800500543966,0.9835801049439284,-0.0037710660509535174,0.15939715327523687,-0.0020452989028249837,0.6225735324700701
Gong,10,3,-0.05413331926945234,-0.12265049136641704,0.2944574666488633,0.06434250599870188,0.9453811241070044,0.34581837605470317,0.8676163218905879,0.9882629534805739,0.9942966672556973,0.9979325561480493,0.7124510767109653,0.026594818787162994,0.22547945722374002,0.8387853749659223
Arch Enemy,28,12,-0.021153926286455044,0.06430208602794149,0.010533141240189677,-0.05446618883657439,0.015435988456394493,0.16926799745057433,0.29571201963688565,0.8510407434132758,0.9633069707526754,0.9526070790331702,0.19789430228535332,-0.07467758439502704,0.002930220120299245,0.6463869620573163
C.I.A.,3,4,-0.31606044463279265,-0.01777273409848072,-0.32951457184178434,-0.2518938715845199,0.11590666274928853,-0.08181601393880857,0.943241964975485,-0.17478314598723474,0.572929132387105,0.43512342606677384,0.08179211431876643,-0.27300696849565287,-0.15986699188165782,0.3389390727006641
Roxette,38,3,-0.12582418425359734,0.20739296129255946,-0.08945961921741437,0.44996043238641453,0.4795336138887903,-0.1871491225756524,0.4809940870416849,0.8588955853662071,0.9687524688317333,0.9717880450306448,-0.19492616379358066,0.6096131682239376,0.1843206408193505,0.6186562127389235
Heaven & Hell,4,4,-0.08058001795789481,0.7500819588017257,-0.06642064342588255,-0.1813734518265642,0.6430174610488748,-0.20102101272530573,-0.010220340123683733,0.7768624316193415,0.9438469332530524,0.9647302101789009,-0.27794837652273946,0.2807755982106259,0.21294506132805177,0.4948396444404611
Bee Gees,66,4,0.012665481220223948,0.6020233828746854,-0.17226949272100348,-0.2586993751165835,0.346424927826021,0.0685923718263773,0.7293079116639475,0.9794670500620938,0.9870587741391796,0.995294872264956,0.5041664039899918,-0.27619879434580946,0.10602898481666867,0.7519441959913109
Abingdon Boys School,19,4,-0.21697147350395685,-0.2688167883415249,-0.11295089886893266,-0.04682165993681492,0.3128479791084953,0.11286483932273246,0.9150050786196374,0.11065276220440945,0.7147706611811921,0.7894724742891096,0.2151994225949283,-0.07737992568722916,-0.0665425683085468,0.5285531631234163
Dream Theater,39,10,0.0886244043799238,0.20407121749893156,0.15352979026772245,0.04822926441993872,0.19237214480892817,0.23881996490278512,0.3191933876592967,0.8280143666052326,0.9560869734042521,0.9666982897245313,0.30787671797646465,0.13050784264457452,0.13736536427508894,0.6617625964592196
SDN48,15,36,-0.022784953364436766,0.06867964296438585,-0.01741645629019282,-0.0003003972621248691,-0.022730284388171755,0.06788717441517121,0.7766922009864038,0.9629746604040873,0.9901787549242752,0.9876123045499089,0.45448004529083935,-0.017662268486378935,0.0010895103318919268,0.7570690190559692
The Killers,23,3,0.10692590028409306,-0.3508835692065821,-0.1290638828799702,-0.30845579560194697,0.9579903743583139,-0.27452585236483257,0.599504583940281,0.9592008451946099,0.9909108646946531,0.988450231683288,0.19092501777867735,-0.21219727405813169,0.05530260539078154,0.6527081346295999
Stratovarius,40,14,0.2572216011243025,0.12848771360815817,0.21571778040606024,0.18902170248604747,0.09180008836233962,-0.018808818205801957,0.27041141973908156,0.5463682986607142,0.4481159459624877,0.6105581270085305,0.07741321394298867,0.013679226276184163,0.17644977719738159,0.3713289946330024
The Stooges,57,4,0.39976891040938184,-0.24639141697056463,0.16292777841752631,-0.03144001206353259,-0.06494894362189486,0.7602826940343791,0.9201547171176934,0.9865003926870446,0.998494318779385,0.9980495435451564,0.8700266018886805,0.49493940568643563,0.04398326323418321,0.9326963332327317
Cain's Offering,15,6,-0.02417462125019892,-0.07613253830477124,-0.08197671986659776,0.04991178764958491,-0.198105957628531,0.26258434584006163,-0.026627718359453958,0.6973843749999608,0.9246838122259267,0.91829358403054,0.3723301780582702,0.28821069967134266,-0.0660956098801028,0.5552636797474071
Jonas Brothers,8,3,0.5636454044703666,0.2087624892347514,0.8621627073839323,0.6946546435433345,0.3053137372478481,-0.13773972264035125,0.7877660966974279,0.9701336025441908,0.9917594722630456,0.9903588527083015,0.4193864539791346,-0.4092991338859873,0.5269077963760466,0.7204556603145229
"Beck, Bogert & Appice",2,3,-0.27572287962338354,0.20979011392403304,-0.1895033119032644,0.0053832579124122315,0.04881974707352127,0.4762325660499192,0.8817239613115566,0.993040059971875,0.992721560220914,0.9972669987373761,0.7941778179155551,0.24733808023211146,-0.04024661452333628,0.8681970292583282
Aerosmith,55,8,-0.0815151363038017,0.09291783961591969,-0.08045691867760395,-0.12956487101315625,0.5228845623381152,0.14459233367649008,0.747605691222967,0.9646504250972233,0.992564039268479,0.995532312714119,0.49128668072046905,-0.06349548656059642,0.0648530951918946,0.7689889603958557
BigBang,18,5,-0.23562382197247617,-0.21066419620213642,-0.18280950944978294,-0.21929153255087686,-0.07768880817756144,0.570736592746151,0.9422121905412046,0.9898179658613497,0.9969955860953226,0.9954740647385192,0.8455450147724116,0.44145275713996135,-0.18521557367056676,0.8990472799965094
Fugees,34,3,-0.1808292709640056,0.5025382418359842,-0.07664001719924791,0.6068757292906869,-0.28329321435933114,-0.3195880877898091,0.653631495538524,0.9583105104444581,0.9863941970322531,0.9912007436195068,0.28390339633837186,-0.4913218885052724,0.11373029372081729,0.6539897717689865
Kansas,54,11,-0.09083076927368505,-0.031841479580731684,-0.09342475862882625,0.08558541113218344,0.10922621100987734,0.033038946724862184,0.3373014092088356,0.8074533164177916,0.953625715379456,0.9632440523814492,0.28060330715042675,0.3797257660746827,-0.0042570770682364475,0.6189326880224788
Deep Purple,56,5,-0.05251303284471061,-0.018754894341954105,-0.142835552971327,-0.07461059662088705,0.09076093127345601,0.2122268635850077,0.8834155491530649,0.25320446014426107,0.7217445584063418,0.7647587552203352,0.3912302667701247,-0.09317031990653851,-0.03959062910108455,0.567070037301802
Slayer,38,6,0.3023980663697359,-0.12439787673845344,0.17745175249905032,0.3138025804330257,-0.09918182991663081,0.6525866054255994,0.9424039641105643,0.9845211640544206,0.9956826499454031,0.9965753427512972,0.8290325611141852,0.44165860383738514,0.11401453852934554,0.9143539452574571
King Crimson,56,4,0.05005990422377695,0.03716154706615562,0.06916644470862594,0.12321831348785928,0.2675914282871807,0.15776081588157423,0.7655686140215634,0.9790097800786047,0.9908659876383453,0.9951878396131034,0.6272774403447015,-0.12793535600357062,0.10943952755471971,0.7776786074466382
Testament,41,11,0.021754840222263688,-0.08968274471286138,0.013595916579076323,0.029486337779136555,-0.03276605832859001,0.05027051497811161,0.6718883010250505,0.9351213771677629,0.9870312448736948,0.9858390282489732,0.343123871380733,-0.03605784736241378,-0.011522341692194963,0.7260300932587186
R.E.M.,31,5,-0.11638958933189394,0.1650041082096482,-0.017058135114633888,-0.16204321740760624,0.3115652470374891,0.5370776298112732,0.9128608344110056,0.9836372174421733,0.994345720149003,0.9963767013988665,0.7776672902049605,0.2305130529069821,0.03621568267860065,0.8848596206424644
Boney M.,11,5,0.019922641939242935,-0.08753586713887426,0.09345147716217703,0.05974527313002109,-0.0158159426968006,0.3180519068826639,0.9426434378841695,0.9917425276379953,0.9980876712162022,0.9993673841438986,0.7857703683170948,0.2648424761607203,0.013953516479153239,0.849978585552986
Jethro Tull,57,5,-0.18848426418743713,0.19440723466443838,-0.17283190816185684,0.009780782014966816,-0.01931797478706577,0.8267207690075864,0.988226126645053,0.9986398941292144,0.9987105186699547,0.9997778254044872,0.9499001931423952,0.7906781714300356,-0.03528922609139091,0.9624150267712592
Blondie,50,4,-0.03464965948694254,-0.26914238066551016,-0.10241647758644092,-0.04326893907839369,-0.2910023182043954,-0.0345599518540185,0.18474290527557158,0.8588561752406161,0.957775868313533,0.9753691981054423,-0.24127242642601646,-0.059194023410396916,-0.14809595500433653,0.5884368390162289
All Saints,31,4,-0.30423127460068916,0.06634723253107898,-0.2885013460181591,-0.2630107766074359,-0.1540694591335225,0.7587925598965133,0.9099068575729756,0.9894082226734294,0.9985137874592835,0.9962103904994054,0.8823218333578599,0.5445416032684379,-0.1886931247657455,0.9305663636203215
Girls Aloud,22,5,-0.024382834091500966,0.004436003263444632,0.03524547447506039,-0.22492359514810484,0.5671123454700137,0.34021024820075907,0.8996455435107876,0.9826281295566108,0.9948424131819614,0.9953077602098828,0.6447796646719197,-0.05486312781075908,0.07149747879378257,0.8425268189320002
Epica,22,6,-0.02880180534390287,0.03125775305645453,-0.10251659331630156,-0.058671781169905006,-0.18705242669512884,0.2149388306013368,0.7655174491705311,0.9650798582043669,0.9919604226606055,0.986477143276829,0.5556339027098431,0.01811591326009768,-0.06915697069375674,0.7847947407827338
Morning Musume,27,24,-0.029174755552840246,-0.02828500051375602,-0.029665814430830963,0.010225607679618762,-0.027420565928920376,0.0034590403693366147,0.3707605928561008,0.898392260874737,0.9680793998102581,0.9621510283670538,0.09655066093754731,0.0875489186387243,-0.02086410574934577,0.6405684644554974
Sugababes,26,6,0.05289918144609083,-0.05528936318660881,0.1575647171402391,0.009194056790473974,-0.08263163862734099,0.48234727354815443,0.8802474320596609,0.9820232021697097,0.99568417874187,0.9914608474028254,0.7402125064520019,0.25487170024927297,0.016347390712570815,0.8663525867844442
Leaves' Eyes,21,7,0.03976059302845376,0.17891957874870795,-0.08500301891617298,-0.03041082294753222,0.19731013132022537,-0.08630966627130755,0.2327604815631592,0.8547313023479627,0.9685702071588475,0.9545164487288091,-0.04774049567472135,-0.16146362581086468,0.060115292246736375,0.5848537547054942
Bijelo Dugme,15,12,0.14580828758294964,0.12566017888931785,0.22861827352920489,0.3062426223755307,0.2939333815947561,0.034387613410339725,0.36433754764283977,0.8607435067199152,0.9739874376583565,0.9800086671081915,-0.04240500017291651,0.022557522541097243,0.22005254879435182,0.6426929545079285
Divlje jagode,47,10,-0.05447338375943162,-0.062152228187120656,-0.0865394388961732,-0.05914490179015892,0.04160737782944162,0.18696435937201486,0.10803607314748809,0.7859113522286977,0.9451702173138727,0.9577185026507453,-0.016196871272836193,-0.002660967248092263,-0.04414051496068855,0.5967601009425637
Joy Division,48,5,-0.008453918589796633,-0.178492675995284,0.03844340172107884,0.12589726302111362,0.3477506124661357,0.7558478244012149,0.9718784536039843,0.9899208948525455,0.9980138412104707,0.9981643651715872,0.9002362938388536,0.598896071075289,0.0650289365246495,0.9427650758479604
Mano Negra,7,7,0.09184396548762619,-0.0575683380538422,0.08812316266065096,0.0723733379598003,-0.10100734271451073,0.22032812499046886,0.4030277020918978,0.8634006618934936,0.9726223347444599,0.9784956712347936,-0.04788362584397723,0.21232958787728257,0.018752957067944904,0.6875748989910229
Boyzone,31,5,-0.1895285857638111,0.05749900223303774,-0.23245214055583233,-0.06232247825501784,0.005100722337334595,0.2218747856169772,0.8803552860905679,0.9692985962400694,0.9909633566589469,0.9925370360335256,0.6711092802778682,0.06349514682473525,-0.08434069600085778,0.8110058121280174
Freundeskreis,11,3,-0.18560325448457202,0.17571213972580393,-0.18215164240656412,-0.3737110143444818,-0.3797464042371355,0.34655081016741857,-0.2299375610694511,0.7285149397652845,0.9345309790744522,0.9454835475358626,-0.19560567830637887,-0.34737667706293784,-0.1891000351493899,0.5450285430947133
The Stilettos,2,3,-0.35808925722978086,-0.2589407577040478,-0.37089749039479075,-0.2883721805854524,-0.04302083202532514,0.0017756217465173345,0.6944951722366047,0.975910995739401,0.9858501380868123,0.9939069965993393,0.49766946571543746,-0.3534605674602496,-0.2638641035878794,0.730387784881735
The Cardigans,32,5,-0.2251560155160819,0.039835240544985696,-0.24216528165311907,-0.10995921109927553,-0.2399386224343681,0.7900141920140153,0.8832895740757335,0.9932896754841645,0.9994912084125431,0.9974982685233769,0.8745915446824695,0.5172148664848574,-0.15547677803157178,0.9327165837019666
A Camp,23,3,-0.29086265902883485,0.266911682373191,-0.06306712997783048,-0.41797924021762406,0.5483292535185,-0.22466478504796308,0.5117275128752455,0.9590071090328939,0.9928412701660675,0.9892541169747041,0.2619047439180982,-0.40256412264441027,0.008666381333480322,0.6456330448001896
Jefferson Airplane,7,11,-0.04487575352532532,-0.057543324120773086,-0.06385648713445594,-0.02216020325117739,0.06878086474508659,0.04163198793524565,0.5188364430493904,0.7677368160403095,0.9132956036378715,0.9705436283111504,0.17520262880058304,-0.053235108902183643,-0.02393098065732903,0.6424088957947934
Koa,11,6,0.2706652576665483,-0.1527919840152974,0.27985889848808176,0.22701883750104107,0.08075790849235286,0.12291291121676634,-0.17291655701205186,0.6302313591054332,0.9107677210054939,0.9044933464741413,0.0274902361707083,0.14232633202487122,0.1411017836265453,0.4790977561579566
The Corrs,34,4,0.1966527560761592,-0.3080540446464741,-0.03609115131926923,0.5594427644405213,-0.02834107551384557,-0.1289902417956933,0.3442931160011103,0.8690024287787912,0.9647043860607045,0.9702501785748875,-0.11012157214662954,0.05089861196418279,0.07672184980741832,0.60385197352396
Wonder Girls,10,7,0.32881497004128285,-0.15903866954628038,0.18227754403934024,0.29138669336995643,0.27140452433350704,0.48747842517717016,0.8539266055178842,0.978136366716566,0.9936330080630921,0.9934436545885857,0.6879005865715327,0.05045190224120216,0.18296901244756122,0.8613236120126597
"Kikki, Bettan & Lotta",3,3,0.6904358925353621,-0.1436408381997301,0.6561268298184556,0.35617847624225596,-0.345179319624739,-0.345461623941081,0.07661228809663068,0.8066965595623706,0.9488740200274132,0.9645325332967261,-0.4569634421424427,-0.4242946420422112,0.24278420815432092,0.4902507554084119
Chips,4,4,0.11324364145472783,-0.33180831407693745,0.255635874433278,-0.04467190315560387,-0.15593259074537605,-0.0857646353779754,-0.1283212966404995,0.7569831775210621,0.9368747269854185,0.9656320955160553,-0.08925316447972027,-0.1130527869029964,-0.03270665841798231,0.4890808136008122
Triple H,1,3,0.4269325824983709,-0.383626748148274,0.5983229347260045,0.8356226884918492,-0.2984908821430786,0.7417984525025879,0.956538878890585,0.9932991079784216,0.9979702533860144,0.9977311742851794,0.8888928878205561,0.5524198514998525,0.23575211508497435,0.9374675734085576
4Minute,7,5,-0.18331221865934505,0.04961247345087923,-0.21105452106781533,-0.24583563634267064,-0.018673050283436327,0.3971856725414079,0.8527113031338331,0.9832569720629232,0.9953355542896644,0.9953216031309605,0.6376173310092133,0.023256182569321417,-0.12185259058047763,0.8447622210317578
Skunk Anansie,30,6,-0.1945078928127229,0.14075255695224861,-0.19899441138217538,-0.09658809203802866,0.07846565964724332,0.20667944596915125,0.0034552264773108836,0.645437137710528,0.9087488854010635,0.8988622336573132,-0.07417556397369479,-0.007585587201354885,-0.05417443592668699,0.5326365858430734
The Smashing Pumpkins,36,9,0.614097434848423,0.4036673546308485,0.5611790216452935,0.3908858643785864,0.20020503808237486,0.0897988904020031,0.09896729632831186,0.5130869174034027,0.8720767996428491,0.8330566246313051,0.07166328927090848,-0.09957096549560342,0.43400694271710527,0.4813973056815744
Faith No More,41,11,-0.008671174698372247,0.08493041455168192,-0.0021024820272574404,-0.005738307750149131,0.05911569064950238,-0.06389898711291779,0.649950136536724,0.9404220756098567,0.9868184968395751,0.9879632532285538,0.28322398140773153,-0.04946475605368757,0.025506828145081095,0.7002509950203584
Pearl Jam,34,6,-0.15801509581074116,0.09967318489049624,-0.04366327759454202,-0.01928853468047965,0.41917234157455574,0.10757221443744387,0.2682027976869751,0.7834296475995087,0.9528215925609131,0.9400048164463732,0.5668650684596916,-0.028047476624453838,0.059575723675857825,0.6104062137462428
Maroon 5,30,6,-0.0654775329931022,0.2905672532467294,-0.042208953950301234,-0.16218893034353224,0.006229453909208978,0.6279711585421112,0.5408043166813906,0.9090249410817148,0.9801850000261534,0.9749696832280665,0.31874401533763,0.8179356593769341,0.0053842579738005375,0.8065910199118873
Sonic Youth,43,10,0.03943700820990391,-0.01450018365803677,0.06889406100685541,-0.01636796768128804,-0.04733934567752749,0.0050738067498886895,0.14052910679219424,0.46310832151923875,0.7696204809098837,0.7386948927818745,-0.049048033599661624,0.11049868823816297,0.006024714439981403,0.423405321750616
UPA Dance,4,9,-0.09828399285268409,-0.017270947641695296,-0.10135108187820469,-0.0447489967239238,0.015306773665102837,-0.1232793263114954,0.5103478719056223,0.9298949022611929,0.9831629240203126,0.9774746301407112,0.11492333977458052,0.11408513533469528,-0.049269649086281016,0.6555202004032686
The Distillers,8,5,-0.24303183275377266,0.43873075162811936,-0.12149650990635226,-0.11026354825150371,-0.020916201799036103,0.3023096704669415,0.8028299514029813,0.9702518357068015,0.9934513312891596,0.990078709389455,0.5538382818456633,-0.0562703555249899,-0.011395468216509073,0.8117842996510678
A-Teens,26,4,0.22879117413281072,0.14129908248632786,0.310198246543909,0.4026467489342414,-0.11480074606267537,0.9068290420350326,0.9807756243400375,0.997949543479904,0.9995970946651459,0.9985335188124109,0.9584313207906748,0.8214156850527958,0.19362690120692272,0.9767369646665063
Jamiroquai,32,11,0.06559601455125004,0.05349127877624942,0.22870414298335792,0.12059167114944057,-0.00367905638249651,-0.08787985417929264,0.523885843568598,0.9285159508425738,0.9837808721710697,0.983890137678095,0.18002961651724764,-0.05170064091875576,0.0929408102155603,0.6664385900162088
Ensiferum,29,9,0.22437612559805314,0.02285309117690003,0.2747829260665318,0.06245449307276839,-0.09544607942528864,0.05458193378540978,0.20784937588461488,0.8487354372780571,0.9613924828393797,0.9485027971849644,-0.024162295964012523,0.12494177212218009,0.09780411129779296,0.6042124053944852
Soilwork,28,7,0.26232604914495683,0.03098540410020732,0.268147786487106,0.28474029886098695,0.2372491746573377,-0.027624280731137724,0.29722905763115953,0.8195572072486689,0.9515815517540835,0.9304753791588418,0.5370853213783032,-0.06696076040075222,0.21668974265011895,0.5942437830123233
The Chicks,35,4,0.6168914297959983,0.20037548601212352,0.30688634178509877,0.24992041065668621,-0.254724622060082,0.17976398355835113,-0.1097660771419392,0.7293876813571071,0.9394923176494663,0.9388636735744208,0.1465469721678958,-0.30840732093391154,0.22386980923796496,0.5355483157994813
Bikini Kill,7,3,0.03924078692754226,-0.33535179560434764,0.05859668850012267,-0.37176070034638914,0.0795424004559298,0.9377127486475575,0.973005720881861,0.9962903254225752,0.9994366963151583,0.9988067497571579,0.969522908135985,0.8673802659445454,-0.10594652401342844,0.981050448204862
Children of Bodom,26,7,0.34881733879084825,0.05446682675748319,0.12603702929823518,0.0005965173900385095,0.07730649387471218,0.14694821749316797,0.3850734138402765,0.8842146230429109,0.9738110491794076,0.9662110837360343,0.10876836744833901,0.22182263863042959,0.12144484122226347,0.6712516774583595
Soundgarden,33,5,-0.04200804155413147,-0.04181134909524152,-0.03616747362246392,-0.12389118288089314,0.7204040810407889,-0.11747339618287175,0.5928053614849546,0.9307255681668615,0.987119473447119,0.9855236808390881,0.218515341280921,-0.006819268323566541,0.09530520677761177,0.6757401375510304
Judas Priest,55,14,0.06026169341966853,-0.06675152772612257,0.21147901863115576,0.029904581248521536,0.35309270334344345,0.025576468371546375,0.32985114755463946,0.5970837251006483,0.8829506974310211,0.8956480006928854,0.19617766031518016,-0.044148350512850376,0.11759729378333335,0.5462220078301481
New Order,44,6,0.15937082078947432,-0.17593143655070553,0.24056752545724097,0.08798864667940803,0.006246433865141299,-0.06929324560542967,-0.07642740582133771,0.5931888186797267,0.9070078060131316,0.9086597755496832,0.47931099821959194,0.03609206540660843,0.06364839804811182,0.45262714976315477
Magazin,45,7,-0.07621140947660943,-0.06796147353257231,-0.0191301176558475,-0.10369448241266636,-0.14792871101340682,-0.09678761613578303,-0.16615633399368543,0.044574814036047496,0.6378221046184032,0.5866898792979703,-0.06148099593882631,0.019010439391086258,-0.08298523881822048,0.20122856956459048
Honey Is Cool,6,6,-0.12514419362878723,-0.12750876244344167,-0.11145802087187241,-0.1772416184153559,-0.19825727550559372,0.6718245655851209,0.8964998034276067,0.9951151233545729,0.9987984317213604,0.9985538317579103,0.8678504543516247,0.4972257878724122,-0.14792197417301017,0.9121583511693142
Slipknot,30,17,0.00020114571614190783,0.013919945745826022,-0.009284040068246532,-0.008120436573569319,0.03639134630396057,-0.012592161404525858,0.19345919921050314,0.7637955032250111,0.9380357076214336,0.919799998124887,0.26007434606336755,0.03345806821464403,0.0066215922248225294,0.5604996493554617
Van Halen,48,7,-0.13894208461388335,0.3586651239590077,-0.14829874458659248,-0.16482167856827595,-0.13035744775914138,0.04451627544821749,0.3178604567047266,0.37021553416231284,0.7374167206661543,0.7242623738397358,0.13110501711515465,0.335031039032036,-0.0447509663137771,0.43885427216422934
The Bangles,43,4,-0.3160161469438047,-0.16585433669431368,-0.25451404019154583,-0.08429414287797234,-0.24033615342454287,-0.02312796796836995,0.7729361385566458,0.9500411715785501,0.9899568543202735,0.9908128058693908,0.3992988565257267,-0.2947335597017721,-0.21220296402643588,0.736123800471298
The Clash,48,6,0.23134436174393308,-0.15033966367006873,0.24170398683439234,0.13148860468583107,-0.1049749571077679,0.48133458177793387,0.8820091240098906,0.9832790555272628,0.9952399331880873,0.9970512159373544,0.702686459649486,0.12288929627161735,0.06984446649726397,0.8677827820881058
A Perfect Circle,25,4,0.11784031715441907,-0.17651079101342274,0.0786743168648793,0.205297947451649,0.18220463847690294,-0.3074553869505467,0.4563606766574606,0.8949664900912602,0.9825895783315355,0.9733843047901081,0.028216022164973455,-0.2969454803268187,0.08150128578688551,0.5999691325839634
Globe,29,4,-0.07148673882054155,0.004736523621429696,-0.04231360782777235,-0.18423587268267574,-0.25116991529688165,0.0016951441430753666,-0.0348612932642989,0.8010973931197057,0.9537907321417377,0.9592375572726786,-0.2377882103339842,-0.3238749667408449,-0.10889392220128831,0.5361919066825797
The Psychedelic Furs,47,5,-0.1853710972307913,-0.04835597576936081,-0.21290657179459777,-0.20848466367861446,0.03527347464305405,-0.18481595891740477,0.1593585575973327,0.2099727856765558,0.2792147802303152,0.6018847973031722,0.8028403854139503,0.053911161722159484,-0.12396896676606203,0.21312299237799426
PMMP,11,5,0.018064584598990917,-0.03011943935260228,0.17845140858575942,0.4566458382635492,0.10206396776032145,0.3749432982495243,0.853545794623089,0.9853454841618607,0.9966613061895808,0.994881247551327,0.7219552859415138,0.22103401974429074,0.14502127197120374,0.8410754261550764
Q319458,33,4,-0.11433684606867402,-0.1017443231841451,-0.25637614170822237,-0.20667622631791324,0.09446284381554608,0.8132847718306513,0.9013111350198127,0.9972462036252646,0.9982217439046477,0.9996118399168109,0.8665528780848059,0.490487911594182,-0.11693413869268174,0.9419351388594375
Pic-Nic,2,3,-0.07248043888961121,-0.4904843133074644,-0.07272051447189083,0.51919151030443,-0.3680126127141388,0.33010168347516067,0.8801925497378985,0.9807308934352986,0.9959859459244876,0.9965353519562199,0.7407291895735387,0.10135638093832444,-0.09690127381573507,0.8367092849058132
Pantera,43,5,-0.1228397088835339,-0.11301710516035254,-0.18263824600657702,0.15719905749555135,0.20054115594135716,0.34105839988793657,0.8302782839292456,0.9829921818109545,0.9966712531254585,0.9966688930073377,0.6760447861951432,0.05777429570391228,-0.012150969322710986,0.8295338023521867
Tool,34,5,-0.03917249799181517,-0.024913933076387996,-0.09789167982701238,-0.18926407412498233,-0.22005745386732328,-0.14877814027558864,0.4653548909495585,0.8807147578836754,0.9786794148042004,0.9723067636828278,0.023342146587094506,-0.14313949992123562,-0.11425992777750422,0.6296555374089347
Korn,31,6,-0.10287448989188636,-0.07234635849001632,-0.15760769783253653,0.3071709491551446,-0.06890347216827716,0.7887608854035822,0.9297840988473036,0.9907006510262062,0.9985929011258334,0.997212951761708,0.8904652005421257,0.592286176086903,-0.018912213845514354,0.9410102976329267
The Buggles,47,3,0.18721799763029767,-0.08596820928328852,-0.03274471560422181,0.6300958829021374,-0.1622633225357726,-0.13519093228865386,0.7467470512921605,0.9649050701213437,0.9888783681608463,0.992938780038047,0.5082213264762973,-0.31387035344473335,0.10726752662183041,0.7116556674647487
New Kids on the Block,40,5,-0.24443953855132455,-0.20876503644716923,-0.2376358108505225,-0.20989541757539829,0.1264389784569577,0.49831115151202743,0.8729967355206762,0.9745466150185876,0.9947286195664246,0.9931188106833677,0.7325952039702279,0.2080812147651551,-0.15485936499349134,0.8667403864602168
Grateful Dead,59,12,-0.030877392406368203,0.04324411110012498,-0.06605021523255891,-0.025285797713745298,0.10017636515140768,-0.022359878128020476,0.3329547403783683,0.89059399839826,0.9710046762532328,0.9832318209017056,0.03690385272548223,-0.07150175302792201,0.004241414179772049,0.6310850715607093
Gyllene Tider,8,6,0.09172176103293182,0.262063997276172,0.07661229991951121,0.04242333155850431,0.211018461031713,0.5355143755173951,0.9165381363222073,0.9880713674878353,0.998070399689889,0.998418141344973,0.7601708867509738,0.1859228322874732,0.13676797016376646,0.88732248407246
Yes,56,5,0.05206782384203982,0.6958101894119765,-0.13137253657571565,0.05255883853642843,-0.1241084467016998,0.3210156142459742,0.8745184196150969,0.9855642433657696,0.9965545107389628,0.9989409031720505,0.6468828342194239,0.03628685984542361,0.10899117370260583,0.8353187382275709
Ramones,22,7,0.06919160158710332,0.1685261965178338,0.021159706693875527,0.17109799076515622,-0.028428204749331044,-0.08757332963650291,0.25929082811856385,0.7851490935599011,0.9534776961776301,0.9617142077955,0.22561610340542057,0.04402774572147414,0.08030945816292756,0.5744116992030184
Mr. Bungle,19,5,0.16157832850543813,-0.16477993875764416,0.19549499711207205,0.13818252216441537,0.06238933979123917,-0.03412333725265967,0.7391671119689358,0.9691937751203179,0.9944368283587769,0.9938621097381788,0.4872539884216554,-0.19886375236883758,0.07857304976310411,0.73250729758671
The Gods,5,9,-0.11116643108079208,-0.10916760888281556,-0.09350950322676008,-0.0776590780164072,-0.09101901612483711,0.22561882355706514,0.8097026689794169,0.9775248457630507,0.9946314486286048,0.9972643731076918,0.6088647019584461,0.0072372294491888055,-0.0965043274663224,0.8009484320071658
Soluna,2,3,-0.41728818857487165,-0.17227422885860635,-0.4400715800635422,-0.08613399757404572,0.3913295505422465,-0.3042826369070632,0.6243675825659434,0.9508938124148916,0.9873334741213595,0.9938349730780712,0.1175662042352783,-0.1151350329551047,-0.1448876889057639,0.6504294410546405
The Offspring,40,7,0.9207204668819946,-0.1487742864360175,0.9354040809970084,0.7523822110576722,0.09421546763581692,-0.0010710538396990488,0.5986771594278861,0.20519186790450822,0.732035393794268,0.6512906740704923,0.05602282553101916,0.272357760849306,0.5107895880272949,0.4372248082714911
HammerFall,31,13,-0.0186806441816041,-0.06770320790449334,-0.033678441632971214,0.02755548127602254,0.0742477334198725,0.34514376732570146,0.389783435290044,0.8715478538422047,0.9733318494493883,0.9687354160596704,0.21983202290636739,0.12377817684151957,-0.0036518158046347227,0.7097084643934017
Motörhead,40,10,-0.07624646466737874,-0.07767197693643015,-0.03649407905426496,-0.031066107357193125,-0.03267587527121229,0.017796880431883308,0.13119176624804973,0.492507496822567,0.6766713980303566,0.84914922816878,-0.06187765164563183,-0.09674613873082794,-0.050830900657295855,0.4334633539403273
Aqua,35,4,0.017376699674441127,-0.10806644038477693,-0.2973983014367783,-0.14023161013449997,-0.3202021626866089,0.12244353412093424,0.6478259451499196,0.9598521654170417,0.9919138650224365,0.9893453180214964,0.42464229866881303,-0.21885475933561624,-0.1697043629936446,0.7422761655463657
Westlife,26,5,0.149277711826218,0.12077236516511156,-0.07531780612072589,0.24085874371277033,0.30758190780893013,0.9529028268934052,0.9878642246273035,0.993878869442607,0.9975255752754599,0.9989508105989389,0.9438347774376344,0.768645198255602,0.14863458447846084,0.9862244613675429
Quiet Riot,51,6,0.2541823636325316,-0.008896194332886279,0.4089434804823906,0.33021310369578694,0.027549572882047978,-0.1912492716765535,0.01179569010777887,0.4746769450762866,0.8654937481659154,0.8753211045175474,-0.04327965852506833,0.3688657929245602,0.2023984652719742,0.40720764323819497
Reamonn,25,3,-0.16572340010118825,0.06048683737945807,-0.3279164926491531,-0.32996984259351597,0.5516862499654278,0.9921073050543846,0.9761486171230239,0.9995351875255457,0.9997606256295036,0.9995036583567994,0.9941017418019514,0.974301983169866,-0.04228732959979431,0.9934110787378515
Toto,47,12,0.018609149469370825,-0.03197200711780881,-0.034531154484946334,-0.07441208108593649,-0.08751059085935746,0.09661971499485004,0.47921594426470426,0.8943921927423178,0.976775893943124,0.9826362211793676,0.12308953608168224,0.06874274519247424,-0.04196333681573565,0.6859279934248728
Lilli Berlin,3,3,0.4717142526264802,0.48931635536114765,0.38257565338582183,0.5053892846777414,0.18976293353665633,-0.3731302616157064,0.23930644135452536,0.8733888994083777,0.9729297498262087,0.9849826198224504,-0.3834621081210466,-0.3662648142066036,0.40775169591756943,0.5394954897591712
"Emerson, Lake & Palmer",40,3,-0.14566600880179367,-0.3290737062133214,-0.0937406700685924,0.597535277205068,0.5458651014867725,-0.15172828774851618,0.7014417223777475,0.9721377573397513,0.9904116751029504,0.9970769678721129,0.3272656274010083,-0.47508684127824896,0.11498399872162661,0.7018679669888093
a-ha,42,3,0.7480610197276695,-0.14298742765347164,0.8180557874065242,0.1560000711067913,0.619045648426806,-0.3303743735370723,0.7406870782254965,0.9615812833972462,0.9909999000645207,0.9926019261505948,0.3975199300915772,-0.42548696305706685,0.4396350198028639,0.6710991628601573
Def Leppard,47,8,-0.033209516309456205,0.1557022258699005,0.009802006418004095,0.16907774074393286,-0.0829877791437812,0.3710931177686775,0.897021676932742,0.9753723733145524,0.9959821855837437,0.9955342700809092,0.6711152266306236,0.10721730172597913,0.043676935515720015,0.8470007247361249
Rush,56,5,0.8142358306824405,-0.021098859725256446,0.821430160860066,0.5960477976977997,0.2800239849288427,0.9011253573261305,0.9857150364494542,0.9974454724474604,0.9994034088886078,0.9994740877391406,0.9641726320662375,0.8477794406341262,0.49812778288877857,0.9766326725701588
Molly Hatchet,49,7,0.1457359071760772,-0.09172062836256732,0.27119362681810255,0.18796597820620628,-0.0480804027749562,-0.006309513637811229,0.777470635884832,0.9629618097367209,0.9917367795942766,0.9949011547741792,0.4127987891412564,-0.12383899483476986,0.0930188962125725,0.7441521732704396
O-Zone,6,3,-0.39195816725756005,-0.31699471239218696,-0.3444976269370277,0.22001233567237513,-0.37004229365192703,0.04253299829974053,0.8045143315930994,0.975593402779625,0.9933347981730613,0.9938185214373462,0.3609506341332145,-0.33260157363062626,-0.24069609291326532,0.7619588104565744
Creedence Clearwater Revival,56,4,-0.03401719339928516,0.14044205499249224,-0.029952807639938978,0.3420721467614829,0.9506421625722359,0.5169227798616222,0.8741019670798308,0.9873763877495173,0.9980834107378652,0.9996148835095408,0.6915708044783394,0.10548323204156373,0.2738372726573974,0.8752198857876753
The Turtles,5,10,-0.03565459528062095,-0.07306587515154932,-0.09483671361969424,-0.02070666456641091,-0.08755009223268441,0.439193313717565,0.8577284075756797,0.9843701929398923,0.9958130304178818,0.9979532576774506,0.7023943662052471,0.14735619672638953,-0.06236278817019196,0.8550116404656938
Arctic Monkeys,22,4,-0.07633821495614057,0.07061838763705335,-0.2316656411294331,0.09962694324974837,-0.23680413762946206,0.9328686948513263,0.9768967119976085,0.996248228568403,0.999045061480688,0.9979285579414601,0.9810635983400576,0.9184454997888379,-0.07491253256564681,0.9805974509678972
The Police,9,4,0.08673962693258307,0.03797806699932597,0.11450378275746642,-0.08104468436812758,0.3298949383989161,0.5381457067341762,0.21318612108776977,0.8553787108475168,0.9759385920885024,0.983326768428734,-0.010851106487610543,0.8740842621150525,0.09761434614403279,0.7131951798373398
Sonata Arctica,28,9,0.1143721259971428,0.13741264360595817,0.0577023635072142,0.12924186744491928,-0.04128111454403874,0.058925306284587524,0.47327289583252835,0.9421573175557802,0.5557961708756053,0.6639663253929707,0.5046607524383285,-0.009742508842159535,0.07948957720223915,0.5388236031882945
The Strokes,26,6,-0.1690681724839813,-0.008111540011109942,-0.13886633216441416,-0.13477422037075282,0.22566032205710063,0.22109869165384916,0.7081655838814064,0.9496339911755196,0.9874200811904735,0.9813200844153435,0.4322314850381851,0.26727424186968396,-0.04503198859463151,0.7695276864633185
Cocteau Twins,18,3,-0.4672083385860748,0.31206599651398875,-0.32637611309857245,-0.49709669663267503,-0.0862983834255072,0.6664281389009175,0.9741413814784181,0.9939356078598908,0.999991996742622,0.998980800288538,0.9118215961628745,0.6372919115054826,-0.2129827070457681,0.9266955850540771
Immortal,34,3,0.7248058227604219,-0.025642162002588436,0.34228095074308795,0.04334513375802821,-0.27807125939785743,0.30935161402837114,0.8871274959003476,0.9847520968691584,0.9964192289165789,0.9963557162073732,0.7489990601711217,0.12053429192421028,0.16134369717221847,0.8348012303843658
L'Arc-en-Ciel,33,5,0.5493474150594139,0.11653186777419955,0.5033594081468624,0.03475553248534016,0.3228081339001585,0.96892763287653,0.9760951347934161,0.9990048267484829,0.99969876114819,0.9997422108000062,0.974152600467504,0.887416850678458,0.3053604714731949,0.988693713273325
Battlelore,25,8,-0.12244744421830801,-0.07234795552875983,-0.09996183021859462,-0.0913795816371342,0.5238551086379049,-0.08036954454446862,0.657053279365374,0.947480771702978,0.9866709146175837,0.9843797450330313,0.30430054154166514,-0.14017089229991037,0.027543659407021637,0.6990430332348997
Los Compadres,51,3,0.19215762140658973,-0.37346596705455437,0.34031212441762354,0.049829088038804446,0.19234356040939893,-0.30493139339302916,0.1072172521010481,0.4914186962037385,0.8269096006237041,0.9578359660341974,0.9850266843974061,0.6431626365087525,0.08023528544357246,0.41569002431393176
Soulfly,27,3,-0.3740593260609038,-0.11241650598175772,-0.411898895210999,0.12112178528468105,-0.3460261906966052,0.058045494310174285,0.1832040054419731,0.231879436876269,0.7759236582335975,0.6932678146563406,0.3988868121114082,-0.46071443443650734,-0.22465582653311694,0.3884640819036709
Supercell,17,4,-0.28581392365006136,-0.23575446798080024,-0.2357539513778574,-0.3196365459050887,-0.11659922494013807,-0.17282711286432875,0.2585034980246926,0.8694616813904855,0.9643202964267403,0.9626436971280409,-0.19446957364211323,-0.17487284214248658,-0.23871162277078914,0.576420412021126
INXS,35,9,-0.03955153546102773,-0.08491778350103077,-0.04645033139046321,-0.037887591835712504,0.11661209606189843,0.10771002102907368,0.18118550928509725,0.7074422169566151,0.9305556728882048,0.9280005616708509,0.5016905786575565,0.004806694682881313,-0.018439029225267155,0.5709787963659684
Pekka ja Susi,13,3,-0.30983037936115565,-0.3110427241946007,-0.38673803247124683,-0.42440301511288875,-0.4767685656237026,0.2178589449185817,0.8963634158415997,0.9753714763859147,0.994385876054224,0.993064875501701,0.7369187412512707,0.09332767829251447,-0.3817565433527189,0.8154089177404042
Hail of Bullets,11,4,0.68558271446713,0.7876509200314673,0.705184348953123,0.8726267036760209,-0.11775163772563511,0.34199497687981006,0.8856619028262201,0.984490419580864,0.996077281031749,0.9968334435412887,0.7357989318641499,0.0868812330453322,0.5866586098804212,0.8410116047719864
KAT-TUN,24,6,0.01493004602077869,0.7437986460693781,0.0010259432924516697,0.01929793433501724,0.5171967175469842,0.6441542751845672,0.9231301494749732,0.9864140491277916,0.9963798462045903,0.9945881940429214,0.8602129898698432,0.4665340834798358,0.25924985745292195,0.9089333028069687
Europe,46,7,-0.09564654553984217,-0.0681866403389561,0.02887997354183421,-0.1018112494399612,-0.10180938693627811,0.4996054221697164,0.9288897728115079,0.9844050820276506,0.9977444633777279,0.9973752787783943,0.7816293057543692,0.3590912385876925,-0.06771476974264068,0.8816040038329994
Hindu Love Gods,6,4,0.014628656875973275,0.8780587342219656,0.16257068795721621,-0.0014614577176442582,0.4237780903477873,0.8097977107327358,0.1497581430099353,0.7946014559665683,0.9604816944166554,0.9703451488820933,0.04279980592466274,0.22500042853934957,0.29551494233705966,0.7369968306015976
Lynyrd Skynyrd,60,21,-0.044366111060856354,0.00905356158171768,-0.04476491805799176,-0.04760372172500072,0.13744797597737807,0.1232382394873307,0.17145849640251715,0.752899879370638,0.9365186187127895,0.9556212625282652,0.32717346559147686,0.10202858894060525,0.0019533573430493834,0.5879472993003081
Counting Crows,33,10,-0.1087317047160791,0.14025247381090247,-0.07315304277556536,-0.10876728282322835,0.06222201934841843,-0.05538963007864665,0.3493850683249937,0.8465253648521391,0.9664878391687487,0.9646263367970696,0.1012115826986595,-0.10739842903139186,-0.017635507431110385,0.614326995812861
Grazhdanskaya Oborona,24,5,0.024118777010677744,-0.24043439090409455,-0.009939126252823772,0.1716195969367888,0.28067976616409845,0.369873478533837,0.7780664390611887,0.9814953851772747,0.9935933553629217,0.9963794383556819,0.612343291844754,-0.04483847130542599,0.04520892459092933,0.8238816192981808
The Byrds,60,5,0.16687267029794023,-0.09716725417045383,-0.03541830037548797,-0.08728373903595646,-0.23061829623877922,0.14911121109202213,0.725595380616655,0.9734768879223393,0.9896172834564917,0.99542810123431,0.5183457432970697,-0.1275553693894585,-0.056722983904547455,0.7666457728643635
Emperor,33,8,-0.10418377775566445,-0.09752414868003363,-0.12524732312258652,-0.027433465469957338,-0.008852272917466738,0.40809161694247026,0.8591068064088111,0.9723045863694553,0.9934607294068688,0.9925959540329607,0.6961408874091486,0.3633325906412113,-0.07264819758914173,0.8451119386321132
Against Me!,27,10,-0.03697130817767308,-0.0005612865425565562,-0.056004624913930434,0.026838123434564765,-0.08347887679240605,0.026854990927379103,0.2545077425543055,0.872989112701621,0.5790972812950116,0.6552563611877265,0.16875744874688592,0.011432364706287076,-0.030035594598400273,0.4777410977332088
Beastie Boys,31,13,0.006195767889915778,0.06157608820864212,0.11816742951880535,0.016835453472271552,-0.06643296984337363,0.02410350070698555,0.712055493700993,0.942796327737588,0.9881234986631432,0.9882576082565387,0.37030415762316116,-0.028284702865435208,0.027268353849252237,0.7310672858130497
Wishbone Ash,55,5,-0.2397622095290171,0.11593668151042036,-0.1818610501624288,-0.17471477985013625,-0.17452181863310567,0.33873811711686364,0.3957379191558381,0.3073826481254354,0.465250225089023,0.42669234981615123,0.4143922474292208,0.1425189596944429,-0.13098463533285348,0.38676025186066226
The Kinks,32,4,0.035395569073800405,-0.2388527575505325,0.1482100316166545,-0.07210623195506903,-0.05281533058252721,0.4868752671132183,0.8724289749275512,0.9889808836037114,0.9952858570238335,0.9983157134691222,0.7757225995420837,0.25435623969416365,-0.03603374387953477,0.8683773392274873
Godsmack,29,4,-0.20290485778371745,-0.2988155990262124,0.09404700398090533,-0.31964855833542233,-0.0621101064776596,0.1422188833471263,0.8301253031547472,0.9608463497648486,0.9897638089426962,0.9914527186286676,0.5444802165408021,-0.22270160591786956,-0.15788642352842128,0.7828814127676171
The Shadows,66,4,-0.24264285878933786,0.587836270687733,-0.04602162390173353,-0.2156024611881624,0.5338695480679686,0.546777120612201,0.928340229272023,0.9938323825796377,0.9937659603176563,0.9980249669533894,0.7580019441907179,0.1929602637626081,0.12348777497529358,0.8921481319469814
Twisted Sister,52,5,0.07496221557996172,0.0002960298858865673,-0.07975917071613965,0.12279540207255035,0.04862010529124337,0.1215181086430771,0.7627921563449476,0.9496093201409307,0.988597312597082,0.9908728074338438,0.4211698156088338,-0.10100236001440348,0.03338291642270047,0.7626779410319762
Mother Love Bone,2,5,0.03381306901240701,0.5184790509002296,0.07714131055168491,0.22325178136158613,-0.19418129450352994,-0.11373706993210324,0.7502386666428699,0.9662320855016906,0.9935523457901498,0.9939739632569949,0.43642512964244,-0.23658721786418332,0.13170078346447553,0.7180519982519205
Manowar,44,4,-0.03599211425154685,0.42238053707360473,-0.11292566485590792,-0.10579513611463602,0.8981442229053491,0.7753353313657402,0.029495114821627717,0.7150792275088628,0.9264171152162369,0.9456847376824785,0.39606593377462035,-0.1090492538215807,0.21316236895137258,0.6784023053189892
Cypress Hill,38,4,-0.3066723613435274,-0.20758134751508447,-0.2887799089548944,-0.19982399413518767,-0.3053838370514977,0.4294100723949213,0.781872449857468,0.987351828109377,0.9954448470374686,0.9977925507717412,0.6478732255909845,-0.03885436627997771,-0.2616482898000383,0.8383743496341953
Weezer,32,7,-0.09562383715938771,-0.10936053037406379,-0.14145344256981673,-0.04224256711314782,0.06928119375974592,0.40110196359738215,0.8181445214283884,0.9725049937619998,0.992704755562171,0.9938941841682544,0.6226335248859375,0.14143860486361715,-0.06387983669133404,0.835670083703639
Kino,9,6,-0.006592509503517776,-0.0677070078784309,-0.05211782688349005,0.05705798471606973,0.6081060619902302,0.18826045715041956,0.8163685963132156,0.9770412174907717,0.9931083674950819,0.9956498855588761,0.6188084832202839,0.08736489269582907,0.10774934048817224,0.794085704801673
ZZ Top,55,3,-0.3230438531084894,0.3165624992025011,-0.2742626871133402,-0.14371526628439046,-0.04182191526111534,0.9997793018324309,0.963225545946634,0.9983096114115956,0.9979690790444563,0.9986822773741183,0.9885893120232877,0.9505302023599974,-0.09325624451296685,0.991593163121847
Dark Tranquillity,35,3,0.632979537365829,-0.020947891437068062,0.4506383607875562,0.7280199876609758,-0.41135917997908683,-0.30778621808415435,0.5183623510347167,0.9378232988857024,0.9874883583381507,0.9817478793958031,0.09803631855644744,-0.13805184680439817,0.2758661628796412,0.6235271339140438
The Upsetters,56,7,0.08445237087863841,0.002539590742571834,0.11553748077397165,0.0464014540285575,0.16401793169545567,-0.1492506338735516,0.325493382480468,0.8882011536609841,0.9780574296707412,0.9867489382584006,-0.06198959001411462,-0.055533698610456705,0.08258976562383902,0.6058500540394085
Dead Kennedys,8,6,-0.06488127138099407,0.08880887831549504,-0.09544426189628216,-0.10494198369801995,0.03630876683125466,0.30480215028579594,0.4043377318643213,0.8867382072585336,0.970636019899896,0.9802341393770194,0.18162228965790408,0.27658217274788977,-0.0280299743657093,0.7093496497371132
AMM,57,6,0.02374346051087887,0.06334823351380757,-0.020936588025851233,0.10774040248379935,-0.11403621105574671,0.04049993632229212,0.19234148583435634,0.8338716563051037,0.9605136591293881,0.9777412012169512,0.08240648859516536,-0.1748545708316183,0.011971859485377573,0.6009935877616183
Shut Up,14,10,0.3235578408213974,-0.0038682592647802986,0.27902273695346735,0.027134749116476446,0.01998083309490917,-0.0981149911500004,0.5449408898806953,0.9518651675493367,0.9813887216064502,0.9921254642314995,0.22706220427827872,-0.04694859795590981,0.129165580144294,0.6744410504235963
SMAP,28,6,-0.12117960549011958,0.033161768423617156,-0.13650888253321944,-0.16213698977099977,-0.15202546365934413,0.3859048307527084,0.879872385620693,0.9764088377877409,0.9937465395029083,0.9936346775792095,0.7423217619858541,0.23736318694256847,-0.10773783460601316,0.845913454248652
Fallout,3,3,-0.276220550620917,-0.3401358762139952,-0.3134485981970571,-0.3139074613292855,-0.08390818880481014,0.6714461681295555,0.9623789325329591,0.998207015570797,0.9999665979421472,0.9996774311606978,0.9340418852864619,0.7233365678056286,-0.265524135033213,0.9263352290672312
Talking Heads,49,4,-0.10110281517143882,-0.1729121274506483,0.058687580988988554,-0.23655807729763131,-0.14229369520248583,0.503150257405694,0.9296907827795682,0.9872965517124275,0.9987609111253449,0.9985663844656635,0.806262855652391,0.3107996894792805,-0.11883582682664315,0.8834929774977395
AFI,33,5,0.1105744012106055,0.11398704641347128,0.001554555351034137,-0.0926977251621239,-0.11595639060139087,0.6464160200268466,0.7071155263201185,0.5070646888989073,0.8419885736131294,0.7835415621049816,0.3494781576164431,0.37793813412502386,0.003492377442319222,0.6972252741927967
Kilburn and the High Roads,5,3,0.49410506536843685,0.33827759684669,0.35835366429171217,-0.15731099160498627,0.4567540551460377,-0.04659559607667322,0.18599154435444779,0.8815053001668303,0.9691462248579774,0.9837179150480693,-0.31697944982270526,0.37330930135111523,0.2980358780095781,0.5947530776701303
Moi dix Mois,22,3,-0.37921522074777997,-0.49812509402661637,-0.43859629281680984,-0.42113771596525135,0.1507248373435384,0.4462597693517684,-0.2649345574517084,0.7598593026209005,0.951226098473733,0.9252811780872808,-0.3484115618842591,-0.2129314119711703,-0.31726989724258386,0.5635383582163949
98 Degrees,28,4,-0.3229736740280762,0.10423675125261878,-0.32149829337735286,-0.27845004989921435,-0.19545029716626527,0.3010059478279145,0.8277130531884621,0.9900673730829549,0.9984809153884379,0.9968272859732231,0.7330836444326669,0.16292167460548554,-0.202827112643658,0.8228189150921985
Supertramp,55,12,0.21868547001673322,-0.05193522010467434,0.04961994430747017,0.299585256546693,-0.0788981945202285,-0.07321408366926796,0.6008672072517495,0.6783603050018135,0.8990063427977073,0.9124626860999869,0.1154925523090867,-0.08412363796297037,0.08741145124919872,0.6034964914963978
Slade,58,5,-0.13309561302829162,0.3560033158073933,-0.17791749120289357,-0.036580777206631346,0.3037687827331196,0.014942850421138455,0.6787705153093468,0.9596355026231063,0.9882909664090832,0.9928031127000597,0.4462975034568647,-0.1022551633152495,0.06243564342053927,0.7268885894925469
Arena,29,3,0.32268718067571095,0.1953806188889506,0.4870229906925088,0.13094798328019355,-0.41236855066723316,-0.16115732905206281,-0.20810393241101652,0.7113827931961918,0.934246410918545,0.9363363138715557,-0.42797828918689307,-0.337127068385419,0.14473404457402617,0.4425408513046426
Eluveitie,22,4,-0.12748059119160032,0.1451763166694959,-0.05936274892839059,-0.019151227362973654,0.11902484208903914,0.12774149965370676,-0.19249454814889086,0.23942776391461731,0.7458516394882039,0.6969874266530814,-0.24804931071262484,-0.10630447655524193,0.011641318255114098,0.3235027563121437
Venom,45,7,0.21162771281353066,0.2611828728245815,0.28843731500743064,0.26425251686275075,-0.1291374373672241,0.31368038064270887,0.021868432804007135,0.5882238303946412,0.9042176950003793,0.9061867015104473,-0.04231523266945508,0.006216169406089497,0.1792725960282139,0.5468354080704367
Strange Sensation,23,3,0.8473939228705651,-0.4823864133592159,0.4468688100122806,0.7846240271927565,0.38322912567602496,0.22715823940031088,-0.4610059682554108,0.43198652594969406,0.8489956691308164,0.8839205013408181,-0.19505584486028862,-0.27365210860647915,0.3959458944784823,0.3862109935132457
SNH48,12,119,0.027552010161313766,-0.0035390954370503585,0.009749551529879512,0.029022346813286654,0.04272203840951742,0.049900536426316235,0.6815137065936799,0.9578730196534005,0.9874085726440988,0.9850059368426076,0.3854944581468143,0.0018257268664794036,0.021101370295389398,0.7323403544320206
SKE48,16,25,-0.016855083476934235,-0.037598025947978356,-0.003387186095053801,-0.0036214313262862064,-0.012294468366205537,-0.011076698919136397,0.5564011122482406,0.9363118242736056,0.9818723080072826,0.9769482370260617,0.19189906767480813,-0.019589962221121617,-0.014751239042491626,0.6880913565272109
Bush,32,3,0.09900190746660481,-0.3374887535701269,0.16083588206356497,-0.16802870549634244,-0.4889970150822376,-0.2783338979330307,0.24842892166693561,0.9110878865615749,0.974630008107337,0.9809885986084662,-0.18225304322135424,0.5259714197344577,-0.14693533692370744,0.5673603034022566
Chocolove from AKB48,1,3,0.8458278792242563,-0.31953449807507894,0.47153708450153564,0.8332398630782533,0.7306093191746749,0.6542567155476781,0.9505656448480537,0.9937899879779882,0.9985607153234158,0.9972297696074266,0.8408420557148815,0.3902615113446659,0.5123359295807283,0.9188805666609126
Franz Ferdinand,22,7,-0.16104145446937684,-0.13409219357646893,-0.16352867014487268,-0.14659328259102314,-0.15381942050904976,0.00661363940997251,-0.022019824272904588,0.777888049753352,0.9482268945164656,0.9266850737546076,-0.09746102813206106,-0.14858286172937366,-0.15181500425815825,0.5274787666322986
Juli,25,5,-0.13572277137381078,0.23929640766458973,-0.12354499135573398,-0.13034449835957682,0.06799794514773017,0.6019669212212533,0.9201979743190263,0.986682525747191,0.9958010838414781,0.9966733888566154,0.7584962922342403,0.24681150564718832,-0.016463581655360337,0.900264378797113
Miss A,14,4,-0.2782708799094214,-0.015302503301377854,-0.31586814390988166,-0.2790809719122674,0.48473219195522294,-0.23565627918787457,0.6990115574223168,0.9620820631165037,0.9906987449750879,0.9835132162431376,0.16313544454252615,-0.26155498216746365,-0.08075806141554508,0.6799298605138342
Candies,5,3,0.3889511581084654,-0.3043105463454635,0.5264443948544986,-0.3214725291182735,0.18730879593447966,0.9011669635215843,0.9854839470875794,0.9982825995043285,0.9996389850750961,0.9996630938577252,0.9514623657803668,0.7958094827635139,0.09538425468674132,0.9768471178092627
Public Enemy,38,5,-0.0834745413922315,0.18547344915567401,-0.12190576584295898,-0.1994970316370098,0.4799191264015737,0.4896854352464284,0.5826384292638532,0.5272804075468498,0.876820772215128,0.8550014510400038,0.7051166183185125,-0.07042052246713892,0.05210304733700949,0.6662852990624526
Abhorrence,35,4,0.40622969295295297,0.21481652067611826,0.5127636043793932,0.309696733388109,0.35869563483909506,0.6108840437670883,0.37060404411699627,0.49056326259598837,0.8553100481121216,0.7930808202660901,0.7851462310004383,0.017425467462389748,0.3604404372471337,0.624088443771657
jtL,23,3,0.7396179555485446,-0.35192091703079376,0.5686056643700104,0.8188472194895988,0.9779073369100387,0.7278809953133756,0.9248449567422283,0.986876644365429,0.9971122014749404,0.9959434872136544,0.8713309645397275,0.4946901279826415,0.5506114518574797,0.9265316570219255
The Moody Blues,60,7,-0.08933995700345025,0.5949250169191623,-0.014089514250257142,-0.06689518761753835,-0.13817939329282602,0.1787512351861944,0.7212376771001117,0.9674034930581883,0.9913007611625101,0.9947740206367823,0.5585897278410195,-0.03837851721558338,0.05728419295101812,0.7706934374287574
Quả Dưa Hấu,2,5,-0.14409556054040537,-0.08811623545180727,-0.04776189602608144,-0.1716795654711273,-0.07054269902862678,0.16070218229536773,0.6537447955362802,0.9395454107287984,0.9868612281384278,0.981283239255984,0.3771439293274886,0.2641422329301857,-0.10443919130360964,0.7444273711909716
Godspeed You! Black Emperor,30,6,-0.021006716490363817,0.031353262700426925,0.05899593320364435,-0.018990754967292595,-0.19895423992403186,-0.14329270437421246,-0.007249154939849056,0.15997808167087116,0.7137487523855732,0.6618141909480831,-0.17782994745986644,0.0840560180537607,-0.029720503095523397,0.2769998331380932
Minor Threat,3,5,0.23633559820534153,-0.1972867385743587,0.2844053164421492,-0.1320075325506222,-0.24924090139915478,0.21903601397516156,0.8240973214126948,0.5187907485277469,0.3009499657665076,0.6335342237986044,0.22829339100863155,0.2986287738446426,-0.011558851575328977,0.49928165469614305
R5,15,5,-0.1050487403639043,-0.13929727950590873,-0.1547458856305478,-0.24058919799717784,0.04502984346784202,0.5404404338554551,0.9094481678114429,0.9865341964179878,0.9958783009815069,0.9938830416262554,0.7425844272307699,0.16312379559797208,-0.11893025200593935,0.8852368281385298
Fugazi,37,4,-0.2773794092332255,0.2092694114736325,-0.2690320169616199,-0.07991329828319732,0.07702462852481101,0.2587475271951461,0.8928651489745776,0.9725973569546135,0.995245714925831,0.9945094279885244,0.6734201001917725,-0.014234807001195856,-0.06800613689591983,0.8227930352077385
Cowgirls,1,3,-0.42685835254461785,0.8915808354194864,-0.4308786645172447,-0.4712168565567967,-0.016597908953904117,-0.11423310550050571,0.8018860343071778,0.9769783762593175,0.9916302522027722,0.996175512073846,0.49626137323937214,-0.30039948214235623,-0.09079418943061539,0.7304874138685216
The Cherry Bombz,1,4,-0.2935406643422134,-0.0773244189047874,-0.2605582401023009,-0.09425074334920419,0.07832585671628667,-0.24998447723591152,0.6437400204069681,0.9285088771982322,0.9812438188135836,0.9861027157258335,0.16255124984118027,-0.22682132750493955,-0.1294696419964438,0.6579221909817412
Run-DMC,43,3,-0.4071185465151486,-0.28746999927174166,-0.2177089625960912,-0.35913260155486465,-0.0035272500723112685,0.9934272643896316,0.9966146682152854,0.993086213975742,0.9988220042700627,0.9980208728454721,0.9875492291755172,0.9460677515935174,-0.25499147200203154,0.9959942047392387
Stardust,26,3,-0.4282812874474615,0.13583854912282933,-0.35527676931477375,-0.4842608946738511,-0.20527071524711793,0.6735275455868562,0.8491987682961152,0.9812775299544478,0.9968574915184659,0.9941127409851256,0.7867188162987641,0.22261952268414906,-0.267450223512075,0.8989948152682021
Manic Street Preachers,38,4,-0.0875336935295443,-0.3212027802971178,-0.06524894247489817,-0.31157690979361213,-0.10800502498213364,0.919266002632474,0.9775183211790385,0.9962942198392525,0.998297866121525,0.9990930731466142,0.9675123699293436,0.8606119901399719,-0.1787134702154612,0.9780938965837809
Big Black,6,4,-0.33069479580882155,-0.27940194121100087,-0.29229855826899626,-0.014565523174124814,0.14745177342579494,0.1215499906634513,0.8288272900338186,0.9727756000886192,0.9958742592754449,0.9964686335536023,0.5010446394820876,-0.19484363813184072,-0.15390180900742972,0.7830991547229872
Volbeat,23,8,-0.01924106861561668,-0.12949565278802616,0.07509873095179527,-0.06375641076996966,0.008539642401611744,-0.08345040894866143,0.5024512312765307,0.9272041717801551,0.9848963692080176,0.9778179470231777,0.21810799727018912,-0.1348084601983822,-0.025770951764041095,0.6617838620678439
The Heads,2,3,-0.2535897908082693,-0.3069406337091912,-0.006139419126811485,-0.4332146438282036,0.08075008364293783,0.6438188980321526,0.935162310198049,0.9868916691344589,0.9988797325804194,0.9981840278640771,0.8513091189767293,0.42585306071765766,-0.18382688076590756,0.9125873275618315
Eiffel 65,9,3,-0.29443092664018855,0.958972714236502,0.08562694974911715,-0.022849181349995768,0.633943080170111,0.28675342831508477,0.7066004766273104,0.9800463379973542,0.9956411167233675,0.9949050997182707,0.5692007431609057,-0.2226941902865844,0.27225252723310917,0.7927892918762776
Smokey & Miho,2,3,-0.04042327519505381,-0.2832637730104353,-0.30404001026767175,0.2941559890426905,-0.2744077676361016,0.7544342484240065,-0.06049758107551939,0.7806244525729488,0.9490164026717244,0.9593373439476315,-0.25631612513459956,0.3765238320264446,-0.12159576741331439,0.6765829733081583
Il Volo,1,9,0.08550550614463309,-0.07546309976839274,0.04422553964677153,-0.08589694168392487,0.4636403475930654,0.10458056765919845,0.08717594885636792,0.10086359890299795,0.3479976506673999,0.35006208113617276,0.0033209584667399155,-0.031800757077944435,0.08640227038643047,0.1981359694444274
Kara,9,6,-0.14893613031215763,-0.012109034303156989,-0.10620707568906705,-0.18055864042630215,-0.10284833315339593,-0.007203478581909343,0.7592613069346276,0.9658062207528929,0.9910987266082836,0.9836468289854544,0.37780289271258544,-0.19978054448901303,-0.11013184277681595,0.7385219209398698
2NE1,8,4,0.2447337689807864,-0.23122352628134668,0.31179749092152204,0.509776816849666,-0.06183587383067072,0.015197792589849865,0.33748782054507914,0.8768277698629815,0.9658347799870283,0.9495895681658894,-0.27770002323726967,0.3561523977442104,0.15464973532799142,0.6289875462301657
Wise Guys,22,3,0.0519098468185781,0.06507090585677107,0.12983688834982451,0.09416881657559827,-0.43245165458773743,0.8370273221175525,0.986780943963053,0.9955794224088294,0.9976946630405782,0.999132572811308,0.9491950604616267,0.7846488304041451,-0.018293039397393095,0.9632429848682642
2PM,16,6,0.12004058507634144,0.04322478332324402,0.08351564379876955,0.05617985037877207,-0.011834211261877284,0.8017367646501004,0.9697515136059287,0.9947213850841313,0.9985076898438959,0.9971950692930778,0.9220162171839282,0.6845952539639519,0.058225330263049956,0.9523824844954267
SISTAR,7,4,0.1301563030703829,-0.22946831091789063,0.3797389925574463,0.548598046176548,-0.3318711435277692,0.5980808048114287,0.8875114774375678,0.9831067151554921,0.9946876806350186,0.9964572014272829,0.7762671901189382,0.21793601577797653,0.09943077747174346,0.8919687758933581
Alphaville,42,9,-0.08376051587367167,-0.07683474248368008,-0.063199562851322,-0.06392537276290428,-0.010403632316181542,0.008611189234089545,0.2016414134220772,0.45421073697658415,0.8548657557750012,0.8410620800769121,0.34959278522123477,0.17439578313728746,-0.05962476525755191,0.4720782350969328
Bauhaus,46,4,0.5390766269066143,-0.2800821740656372,0.5328993231245183,0.3655521765060998,0.5026499958581059,0.5025455813971592,0.9110484759870476,0.9833175971234689,0.9970936203810168,0.9972947665274615,0.7525146317162795,0.2079936711761522,0.33201918966594024,0.8782600082832308
Uriah Heep,55,5,-0.10501556852091362,0.45040509030715203,-0.13049224720950853,-0.09736043140043799,-0.026580680720534967,0.2079657134765855,-0.11768293482407315,0.5823364806174217,0.899045955943967,0.9212959250165496,0.2158598389822207,0.7946651660146552,0.01819123249115138,0.4985922280460901
B.A.P,7,6,-0.049810397519215364,-0.18579830066275643,-0.11373473103853904,0.02501698402083106,-0.18504698369554048,-0.04877661858601869,0.7980371066735329,0.9758660633204888,0.9938041475410547,0.9875396779763578,0.3916170968181515,-0.18770162415009067,-0.10187468577904406,0.7412940753850831
Orange Caramel,14,3,0.10595710015025793,-0.2771969464437924,0.43996642319373286,0.3798971326120169,0.06995777693809076,0.3598090235075831,0.9239459087513217,0.9922295203923497,0.998240673323977,0.9966837569421015,0.7059875585335998,0.015282189980435956,0.14371629729006125,0.8541817765834667
Panic! at the Disco,19,6,0.13975764843163127,-0.06429369714612773,0.09435764656332614,0.00927222138187341,-0.034006835819210025,0.167580450550441,0.7782140418913265,0.9697250464116884,0.9931169432240519,0.9885709180815755,0.5092677381648341,0.28185676867487947,0.029017396682298614,0.7794414800318166
LUV,1,3,0.3020237197421718,0.6169793049711408,0.39289145323528496,0.434528218756607,0.5782775656069615,-0.3105299925529132,0.7184110530688573,0.954985952020658,0.9881844475542163,0.9862822531647427,0.3667691969033753,-0.3918932805300659,0.46494005246243325,0.6674667426511122
Nomeansno,37,3,0.2962893356910224,-0.2523362514867363,0.09175396090012707,0.5476406093730556,-0.3581214837750089,-0.36712728640112074,0.5527334861584393,0.13903886560943987,0.6745999100126853,0.8479373437364291,-0.4126537507577582,-0.4399213819971361,0.06504523414049199,0.3694364638231746
Popol Vuh,32,3,0.2754687611883807,-0.06024570634934878,0.19893227938485367,-0.08044847913240656,0.7813971793499898,-0.42389860800545165,0.09616614701889649,0.8813413162682536,0.9702811831425384,0.9841396628982076,-0.30235283153228626,-0.23836693576159126,0.2230208068882938,0.5016059402644889
Shlishiyat Gesher Hayarkon,2,4,0.10475335598388776,-0.08351855070812784,0.4657734960296602,-0.05955912187960055,-0.0010381126067225191,-0.26217674035977867,0.5148364437190259,0.9496106841486975,0.9739024512134646,0.992588290679611,-0.00209546163665586,-0.06329334260244092,0.08528221336381939,0.6337522258802041
Village People,47,6,0.01149369491882767,-0.10690253814667545,-0.04183001269965732,-0.15021711736466667,-0.1897331105386454,-0.12402597211876272,0.6303671108642818,0.94966573076945,0.9860199772611069,0.9913443627709623,0.34774568614000767,-0.18340268306086968,-0.09543781676616343,0.6866742419094077
Pankow,43,9,0.22291223113634662,0.06466346435543696,0.189779547768329,0.076862716397935,0.0695012329726179,-0.01010074937451811,-0.034365601933054477,0.1614233510312223,0.5622858810758716,0.5066849358950339,-0.11555924006835963,0.06047327892013802,0.12474383852613309,0.23718556333891105
Status Quo,62,12,-0.06650200337512067,0.13525422617909147,-0.0821662351596331,-0.018067613670709703,-0.07586488162613686,-0.061397581915163535,0.2710384879421771,0.3614398482458801,0.7673516596072556,0.782715184258845,0.09916217523452266,-0.041127332344381366,-0.021469301530501774,0.42422951962779887
The Cranberries,14,4,-0.2646071164492179,0.6049995187754649,-0.2713842477475086,-0.23209573439030753,0.6012212643995009,0.7141302431171886,0.9512320867181949,0.9951037036538198,0.9979385463297153,0.9989348299799774,0.9063875988042556,0.6254524928290334,0.08762673691758634,0.9314678819597791
NOFX,41,4,-0.017607194912479623,0.3620547216827279,0.013160780664315789,-0.15624420868257274,0.14451310704099515,0.9324369184783045,0.9874132152248006,0.9935254112767175,0.9976212365079964,0.9983126304431004,0.9591832419305723,0.8259626182829626,0.06917544115859729,0.9818618823861838
Deus,33,3,0.4367638928838152,0.8044079276781454,0.481867638914179,0.9779374236942852,-0.4230379257640379,-0.43838666906331714,0.42351732483179916,0.9158900747116823,0.9815793100359306,0.9811355720232967,-0.039190485734096704,-0.1978230847908812,0.45558779148127737,0.5727471225078784
The Vines,25,4,-0.3260851045501381,-0.053372799348803464,-0.28022562390291805,-0.28680953289983946,0.9612157906462286,0.3215011160971857,0.822699368311361,0.9744878626039254,0.9948809885244052,0.9920345833632486,0.690663253358104,0.015046836501046582,0.0029445459889059222,0.8211207837800252
Procol Harum,57,3,0.09164464046459482,-0.23459813582817277,0.41628675408763427,0.744501215197188,-0.40192289685140986,0.3425486555505399,0.8111546090583176,0.9853543296211941,0.9926791295128908,0.9965902641894234,0.729580464975093,0.07702692851278377,0.12318231541396689,0.8256653975864732
Creed,30,4,0.10227567634505774,0.3221132202253478,0.2929474033040018,-0.1313448757440875,-0.0626365616833901,0.9110517094263343,0.9776298682342169,0.9978296794455659,0.9989274795617028,0.9995577975502391,0.9709291062648243,0.8764183036341198,0.10467097248938595,0.9769993068436118
Bloodhound Gang,36,4,0.044237157230981004,-0.1639846851745875,0.015012685319391095,-0.1595287036856372,-0.1905834418553043,0.31083446112709234,0.7186290168118163,0.9726057376568038,0.99485853050067,0.9921848201474393,0.5864310913387135,-0.13391735583306136,-0.09096939763303138,0.7978225132487643
Kilhets,2,3,-0.43987451748107786,-0.10714335554548858,-0.362802241493003,-0.385109743261202,0.947851081500029,0.4036624039416334,0.8315149438570285,0.9889180300459984,0.9916712007968257,0.9972924095168563,0.6947008770505186,-0.01585331959288259,-0.06941575525614851,0.8426117976316684
Tears for Fears,43,4,-0.32659232290614343,-0.1953991563097528,-0.3183686914418474,0.022409305485837416,-0.278121833030503,-0.19121985301117958,0.5244553188678821,0.8995519007246022,0.9846135375684145,0.9862831264813874,-0.09990984458840135,-0.0050512179509259085,-0.21921453964048182,0.6407368061262213
Decibel,21,3,0.3093854528261764,0.25058919782654127,0.21504183044582317,0.5817530011244932,-0.3131366784690057,0.9081502939051459,0.994662052163657,0.9956406591251182,0.9999916145185774,0.9997110493011895,0.9411533065984773,0.7512579047036224,0.20872656075080567,0.9796311338027376
Korpiklaani,31,6,-0.029373342692480976,-0.0021181491880127488,-0.05634880808833517,0.0795570223369518,0.05273420059410102,0.15020055020435694,0.23539653688025675,0.8641779471099227,0.967464500838745,0.9575159278597397,0.1424074103128649,-0.1874667056781916,0.008890184592444787,0.6349510925786042
Mistakes,2,3,0.1584255093607024,0.4010815309980329,0.5008302393061355,-0.30716205858899465,0.9171785295115807,-0.0684296575856197,0.38294336533044854,0.8954447851305408,0.9672991165673718,0.9811789428289618,-0.18116439334220844,0.621477670204751,0.33407075011749143,0.6316873104543407
Level 42,44,7,-0.10805463626194566,-0.0667826503709093,-0.09922214731634509,-0.08434467510408218,0.3857445771295483,0.05494033459541682,0.30056820290658876,0.8115031716011301,0.963815481110583,0.9637059324237333,0.19474397270118815,-0.1032610519614954,0.0054680936152532115,0.6189066245274903
Terrorgruppe,31,3,-0.2537435842922992,0.8090940596487055,-0.338414708410534,-0.0859079956727223,-0.4657132459635738,-0.0915448138262351,0.7533174694265335,0.9774708553436131,0.9952405812571645,0.9963039833579909,0.4986432261967751,-0.3329324268581746,-0.06693709493808477,0.7261576151118134
L7,16,6,-0.1976445159750799,0.00717849321748952,-0.16291630308576377,-0.15111071406152585,0.21204120606152405,0.06898649562823883,0.7568391316230503,0.9641613008787345,0.9925553012816075,0.9932911420871301,0.48025148461279693,-0.033428890464652146,-0.0584903667686712,0.7551666742997523
Shaman,24,5,0.10504851583215569,0.1226754996984101,0.015182081784754142,-0.07565456816059381,0.04235433064040015,-0.1733358720192785,0.02727327543673084,0.6779640781233456,0.918182858598947,0.8879156883507597,0.3749526890190374,0.024548329862487596,0.041921171959025255,0.46760000569810084
Dolly Dots,9,6,0.26252806475527724,0.029089217684396262,0.33354855834247704,0.2246991799994151,0.0013745538317739615,0.561358815671719,0.9377403805199833,0.9745928083342029,0.9966908011417837,0.9957145355794977,0.7338731706980853,0.2092070539386612,0.17024791492266794,0.8932194682494373
Avsenik Brothers Ensemble,37,8,-0.007661112821504126,-0.024624577823418276,0.025546681349722444,0.026302009089317215,0.10964744184031557,-0.09846411956608435,-0.12929212537218196,0.5260790703535111,0.8494771189800533,0.9474966895070833,0.18181718608363853,0.006455225451854674,0.025842088326886566,0.4190593267804763
Boøwy,7,4,-0.008125601424111431,0.06281665997029601,0.09577826640545195,0.25462792473977364,-0.3082329018867626,-0.04394115619801203,0.6354280462719087,0.9112409008566527,0.9836686869886351,0.9866270367333548,0.09958296562029074,0.5177142425430121,0.019372869560929505,0.6946047029305078
Asesino,22,3,-0.3724725085828886,0.9331173801286116,-0.43755055180361563,-0.3517922624317646,-0.420594354194161,-0.32010558896782654,0.38016191705092695,0.8742692271025255,0.9665457301393183,0.9692909419586915,-0.13705488686113795,0.40777219337826853,-0.12985845937676366,0.5740324454567272
The Rascals,2,5,-0.24606006022521268,-0.053473705580245244,-0.23925180904403662,-0.22784992302981005,0.07231599579663797,0.07502211817629932,0.17853025164135974,0.20419577983132992,0.5805377814928243,0.6087499077084307,0.5193789311567448,0.2050223261358446,-0.13886390041653335,0.32940716777004886
Beyond,22,5,-0.1984994856869458,0.1008161465725456,-0.23258609589687934,0.08772795237059676,-0.2364872177646901,0.11400135991926967,0.7765275070744821,0.9457689888116485,0.985975725365351,0.9883693020794804,0.43643129663801244,0.06862166863085517,-0.09580574008107456,0.7621285766500463
Snow Patrol,30,7,-0.12254310046170895,-0.13152531804465856,-0.10214817440395124,-0.1112902957331522,-0.13273010631071303,-0.14933387335137088,0.45451735728253984,0.937755100599369,0.9872071554826244,0.9803476795564898,0.20177090451386295,-0.15292337591287178,-0.12004739899083679,0.6420986839139304
a1,26,4,0.5289045177344566,-0.2703752439147868,0.5571754659188797,0.30596677459832355,0.3426829337979389,-0.2700410461909824,0.5739255945907027,0.959007226961322,0.9917669964166035,0.9855020712397891,0.280340528725477,-0.3052264548774713,0.2928708896269624,0.648032168603487
Taxi Girl,8,4,-0.3121368639139053,0.24066949152846476,-0.1999334939784737,-0.279943846062022,0.994908218001061,0.7856899727075466,0.9725010999166684,0.9888382694780341,0.9980042016962883,0.9974120632026374,0.9231477689359533,0.6871321452119683,0.08871270111502494,0.9484891214002349
The Ramong Sound,1,3,-0.41259704750599857,-0.33080690382128186,-0.4292454249708364,-0.40755526686805094,-0.4492736773288353,-0.39295504892409006,0.5250111816293634,0.9498577926282787,0.9864293377073657,0.9954920931025546,0.08371979711343074,-0.2313022804567643,-0.40589566409900063,0.6127670712286946
Travis,34,4,-0.26671189167691417,0.6623493278086977,-0.22062719030621733,-0.2356437631975464,-0.02282895228725242,0.9188706109914975,0.9408332521620394,0.999248349677604,0.9999648363169223,0.9995564690316999,0.9503418253332548,0.7904524105266314,-0.016692493931846523,0.9716947036359527
Riverside,23,4,-0.13593206098970975,-0.2558382736139984,-0.09364923296508548,-0.1933280100602985,-0.2641779225772281,-0.2808976067045779,0.13676814115660904,0.8274272153251339,0.961192850382588,0.9490273360182188,-0.20753611809595682,-0.20206348060129042,-0.18858510004126403,0.5187035872355943
Téléphone,10,4,0.24415315422604766,-0.24801571475967019,0.16512436206305103,0.5113229284068928,-0.2699290528242327,0.6055397917444211,0.9171735126350827,0.9899785954337772,0.9971019087266552,0.9986772101701743,0.8205463431394714,0.34644027787420467,0.08053113542241772,0.901694203742022
Napalm Death,43,4,0.032081373773275045,0.3495730266989452,-0.10360000662948744,-0.12440957549493648,0.5596253002688424,0.8149914424784267,0.9348012612875131,0.9929181902874409,0.998367954099686,0.9981817414721741,0.898188316123682,0.5987538358890466,0.14265402372332775,0.9478521179250482
One Direction,14,5,0.0027200630744611876,0.13577356128805715,0.0251523474355559,-0.24048725631387322,0.01794086333179663,0.8731828634168535,0.9698670350087946,0.9960466696103474,0.9987546312049551,0.9983324130491757,0.9244407277165199,0.6943804897072164,-0.011780084236800473,0.9672367224580253
Amon Amarth,32,6,-0.10183364502502319,-0.1435236255609725,-0.05871693839748293,-0.08924640026784356,-0.08677909023835545,0.23787854962948948,0.7761813316554529,0.9714602556164957,0.9926813033620251,0.9928221235402052,0.5678379025031342,0.07308838830884727,-0.09601993989793553,0.7942047127607337
Cute,12,8,0.2204666938621413,-0.12729230716864934,0.11412347289988227,0.11505573951795114,0.019995937032703578,0.46521139764961655,0.9239275709905431,0.9887653763034041,0.9968100082947292,0.9937712713201182,0.7610301021617994,0.23543497724354018,0.06846990722880578,0.8736971249116822
The Delgados,11,3,-0.19913079010452384,-0.09321839051130403,0.08872371869303204,-0.24175254666521825,0.08251310361374904,0.9574858227138222,0.9696263416570732,0.9960503668791345,0.9992883809195522,0.9987010923252289,0.9744415451228535,0.8893492854275714,-0.07257298099485301,0.9842304008989622
Trio Bennato,59,3,-0.4025942329780124,0.0832547460825017,-0.39724876194082076,-0.13294455192149143,-0.35547907476930196,0.4347938129247979,0.819644521811818,0.973759122254366,0.9943629174328751,0.9956692913860468,0.6993502979244797,0.0032950584515144543,-0.24100237510542497,0.8436459331619808
V6,26,6,-0.14066228165064348,0.03526381416067343,-0.0861761628506709,-0.054141919975741214,-0.18280755621035386,-0.06832441340409108,0.4187195949603926,0.8982213735439838,0.9754089970047396,0.9701853074377993,0.015008150326800326,0.12197275195272432,-0.0857048213053472,0.6388421719085648
Tokio,35,6,0.41414493325888163,-0.09111631110821304,0.5793375679636413,0.06940369188248313,0.15540445379025167,-0.17803468581238294,0.4876879653805192,0.9436861056316259,0.9874453304842328,0.9836908258515933,0.22641212235521427,-0.12827626561361674,0.22543486715740896,0.6448951083071177
Rapülők,2,3,0.07401417000722554,-0.2830098765642674,0.3380689285554785,-0.3179487779849537,0.1990361965830838,0.45111435886692935,0.8998011864943098,0.9954617596934185,0.9981312164294733,0.9994022837821475,0.8131414009766064,0.3023810225795172,0.0020321281193133476,0.8687821610532556
Dream,17,9,-0.030813031882539088,0.008349740120425279,-0.07794260823372076,0.1344325068231334,0.08855361974025615,0.3934229357089999,0.8927151151686983,0.9835647850263413,0.9957495746451431,0.9940446829720384,0.7526030302801083,0.31106690189690167,0.024516045313510995,0.8518994187042441
E-girls,9,6,-0.1661068633461509,0.1714798767500808,-0.1481195662843335,-0.19998959408780956,-0.1251909288840383,0.19462853802151817,0.32697735618572704,0.8844318455467971,0.9667427066260758,0.9531760842714615,-0.09364440454362594,0.5470389804962291,-0.0935854151704503,0.665191306130316
Frankie Goes to Hollywood,44,7,0.2627202432014461,-0.0927274428655866,0.21436797280989653,0.09485888282500377,0.27175007290375824,0.08071536656003987,0.3361619113723356,0.7895237472420585,0.9551402620904251,0.946702938825404,0.47229997338136137,-0.1260428203495553,0.1501939457749036,0.6216488452180526
Alex Oriental Experience,36,6,0.14823578072149354,0.33751566746999323,0.16452114829821446,-0.03012651847282095,-0.09479371250825643,0.16557515575458587,0.35742365792374914,0.8736439478303445,0.9623956563834632,0.9776451084023261,0.0953268062776894,-0.009241620693475313,0.10507047310172475,0.6673367052588939
Iz*One,3,12,0.06490416981898148,-0.06064607596442732,0.0533014915847863,0.09261538450135594,0.12638784597889952,0.1636148624060735,0.7097045649745108,0.9716439793871717,0.9917648337004042,0.9910921142125081,0.5230164574217513,0.03581831733831153,0.05531256318391918,0.7655640709361337
Freaks Association Bremen,4,3,0.2592602676060294,-0.28789755198790196,0.293115319766118,-0.27800939328501495,-0.09143669751084275,0.47350356182766523,0.6057616512261395,0.05936605377585149,0.7606582113220427,0.770950019619618,-0.03819289346658006,0.201708912314972,-0.020993611082322457,0.5340478995542635
Tristania,27,3,-0.3485694022694741,-0.23466834279482915,-0.37730912034055836,0.09194123508794934,-0.3363054698422618,0.32806419853315544,0.8069742289072166,0.9790326436500418,0.9972578161819775,0.9919389514934869,0.7000271133660404,0.004367036546445435,-0.24098222003183484,0.8206535677531756
Los Sin Nombre,2,4,-0.2280632792710602,-0.25896803479555147,-0.27538529710951204,-0.27157319696800175,0.3912628355716039,0.82669188017888,0.9905810997518368,0.9956317238397707,0.9980996961945873,0.9991104633297795,0.9417178186750773,0.7592013529841152,-0.1285453945145043,0.962022972658971
Blackstreet,33,3,-0.011107029947800403,-0.33995194736740125,0.009712507840317816,-0.33697743088863574,0.3323681203330953,0.4742095132480691,0.737819771196217,0.983120315648976,0.9954023079606328,0.996353507044858,0.6042964819145178,-0.18884482259180366,-0.06919115600608484,0.8373810830197506
Live,36,5,0.22363624154348427,-0.12304129197122946,0.043212033797442186,0.21617707664701916,-0.05841853113623611,0.4537404453512616,0.8753147000573082,0.9883333773001904,0.9976339573534171,0.9968835567342638,0.7774199442089053,0.31171440938078193,0.060313105776096,0.8623812073592882
High on Fire,26,4,-0.3212236436299161,-0.242359189931465,-0.30600618085620346,-0.22431125060748555,-0.322287536750474,-0.22535983416178232,0.4283586547178789,0.9280057031438421,0.9851432834288718,0.979791796284219,0.1479680852161711,-0.33290892550882484,-0.28323756035510883,0.619187920682606
Ace of Base,34,5,-0.24572298572391404,-0.11283942694715896,-0.22435333370119856,-0.13028358829047698,0.41164920698850943,0.05971688639150656,0.4165514826430445,0.5527248404713926,0.8764093846120851,0.8462497739634586,0.5425593047961023,-0.11117770166606648,-0.06031002553484782,0.5503304736162974
The Ark,20,7,0.08318408842161003,-0.09801058241195656,0.08539295532962447,0.16059516846374897,-0.15960442577904774,0.18541821568097183,0.7553396895752978,0.9539810733414592,0.9876062033053424,0.9883337775110617,0.502324856185324,0.008637255590131641,0.014311440804795832,0.7741357918828266
3JS,22,4,-0.16346187891164393,0.28701347761780616,-0.10346433384240251,0.03517864502114462,0.20722677744193496,0.4223762617828193,-0.05346747909445674,0.13193443551083903,0.7303334892251286,0.7056492507734581,0.11387336962892534,-0.29834441310208754,0.05249853746536785,0.3873651916395577
Silverchair,32,3,-0.33535771437850964,-0.4596767128633612,-0.052173059226237016,-0.039354352327846086,-0.0912201547590639,0.8748017864866128,0.9738746520566831,0.9998477170161432,0.9997580573585353,0.999355801639446,0.989304224944188,0.9536083124383489,-0.19555639871100355,0.969527602911484
RC Succession,23,9,-0.09808358599062901,-0.07903573616091278,-0.11365651087229255,-0.061471671764205454,-0.12173328599916368,0.049599361749046555,0.7957739728051438,0.9655776391084125,0.9928519851076216,0.9951810349711232,0.48652382146606904,-0.06080024005125281,-0.09479615815744069,0.7597967987482696
NMB48,14,6,-0.06098157609386586,0.05748800186843452,-0.04786417983767043,-0.17767164179838274,0.33564453875850764,-0.04205924666741816,0.7555752908168525,0.9726419988309893,0.9923275515953559,0.9867516807811227,0.38431459554451197,-0.164132059134366,0.021323028579404622,0.7330474550713804
McFly,20,4,-0.21656744830030872,0.47075128928687,-0.18606676861943972,-0.12024986876783456,0.19814734070009968,0.7400321413896819,0.9527741055867479,0.9929927717578472,0.9984350625606814,0.995812189764773,0.8815394622035271,0.5423421728675702,0.029202908859877336,0.9360092542119463
W-inds,23,3,0.9182564016827864,-0.2761879684713053,0.9825319251061874,0.9654733168984323,0.32524717765775724,0.8912211661958259,0.9813457104724114,0.9965189090991995,0.9990110793398929,0.9987625950090364,0.9564023826441211,0.8155893097977548,0.5830641705747717,0.9733718920232732
Nautilus Pompilius,15,6,0.007698019736384615,0.07056211794810895,-0.07336652474985109,0.005064167887607574,-0.08815548890981656,0.2196926231569041,0.6978868229843261,0.9401404339753371,0.9842433291616614,0.9877711529426453,0.3705502204095897,0.39509603586333825,-0.0156395416175133,0.7659468724441748
9nine,19,12,0.14722045274048254,-0.04201312252918663,0.24049501218665517,0.1402865030293806,0.1118638790061726,0.4714161222668258,0.8714669824032004,0.9799624762264341,0.993934838968094,0.9917816571493403,0.6854761848784948,0.26901550600742846,0.11957054488670085,0.8617124154027789
Akai Tori,5,4,0.24646076626551505,0.1341541554976381,0.16048114623435109,0.19438794622436326,-0.14876055875635452,0.002579889477295927,0.6752884876104263,0.958711592903358,0.9874921184318802,0.9927543795541744,0.4074773267381957,-0.0687007698086247,0.1173446910931026,0.723365293595427
Shadowfax,23,5,0.06753330410612587,0.13251290096271165,0.013971687331337895,0.20943646234558103,-0.20058740613822823,0.25124794769224423,-0.17285293264941343,0.6515023089017966,0.9072538234280255,0.9356572648897181,0.22112697409477455,-0.21351132049779173,0.04457338972150564,0.5145616824524742
Ribbon,6,3,-0.0007995028927214598,-0.10488351194778552,-0.1017800085357168,0.5766455920492177,-0.4705012720211263,0.45130464384065355,0.8612295884072961,0.9817079781154897,0.9943886078053822,0.9955731147663384,0.733791356754582,0.0833382457556534,-0.020263740669626475,0.856840786587032
Yaen,3,3,-0.1597772710532159,0.15519728804738522,0.04319301698039946,-0.2959061204500128,-0.42572106268928483,0.9148511775976832,-0.2328165677127009,0.6797346459623256,0.9233657832909951,0.9272742293356435,-0.0459213820627968,-0.1497125362749403,-0.13660282983294575,0.6424818536947894
Onyanko Club,2,51,-0.008993795116983094,-0.0028966333810956013,0.014572998573886149,-0.0038821584575183684,0.014723594214677121,0.461330482215508,0.8650109217484419,0.9770659728423954,0.9954844762372824,0.9943728156885455,0.716610123928782,0.18377687616911223,0.0027048011665932415,0.8586529337464347
Alaska y los Pegamoides,3,5,-0.1455031677828415,0.01786235478963483,-0.16974401197508213,-0.221341273176782,0.4783391604629581,-0.10478104739292995,0.756617528713645,0.9532024384655664,0.9902274126032171,0.9911842080287165,0.39412769471420395,-0.24003695750239024,-0.008077387536422532,0.717290108083643
Sugar Babe,3,5,0.44232716694305096,0.2162869874911693,0.22819437304713847,0.1795000769306382,-0.09014801461876751,0.5805155827371593,0.9494895380400152,0.9897705529159296,0.998330810707585,0.9984536358001119,0.8631492406734015,0.4877518566589624,0.19523211795864592,0.9033120240401601
Slime,15,3,1.0,1.0,1.0,1.0,1.0,1.0,1.0,1.0,1.0,1.0,1.0,1.0,1.0,1.0
Pooh,50,9,-0.10469664059740352,-0.07939428383790069,-0.08290033418552999,-0.08309907834234291,0.05289245845632337,0.054094105155277225,0.6269607418693254,0.9491004076227821,0.9887327181522202,0.9929369792183071,0.3519083560025897,0.01081931276934659,-0.05943957570137075,0.7223649904035824
Bröselmaschine,5,3,-0.2189841675890339,0.73798814950764,-0.21248452309253751,-0.22318106104859722,0.2746406104225634,0.900511909219231,0.9046317010120585,0.9872238754028916,0.9971054825392839,0.9969682963386916,0.8999416286790854,0.5964824497707596,0.07159580164000694,0.9572882529024312
The Tennessee Three,20,3,0.08594981180644838,-0.023699838653615024,0.08825445509462682,-0.340171770847723,-0.2070484232104144,-0.19728495807164667,0.43397750500776194,0.9158193477692042,0.9784672204522966,0.9930931202794584,-0.1616063071120646,0.5476141335588373,-0.07934315316213544,0.6248144470874148
Love Affair,58,6,0.5340007698920032,-0.14948555137432282,0.56437193406583,0.4582523439015385,0.9043082194535984,0.5571964921719457,0.887145497036854,0.9840504967874968,0.996842090750724,0.9977185746677386,0.7696737730582585,0.24551678656480372,0.46228954318772947,0.8845906302829519
Mustangové,56,5,-0.21133486163511575,0.30383617906696736,-0.2150076425170983,-0.17456348287479445,-0.18099635023613977,0.2253432644628126,0.5787415114801507,0.9548819191466817,0.9759806555124321,0.9927645375801916,0.1924349020544101,0.4412501619441967,-0.09561323163923618,0.7455423776364538
Héroes del Silencio,12,4,-0.23162681519103132,-0.2985566736652608,-0.2622336871931193,-0.3117071985989491,-0.22811186587031204,0.7691467921796632,0.9443442848955855,0.9923406188003576,0.9991508796336523,0.9981172645652352,0.9031093772236695,0.6139222757364469,-0.2664472481037345,0.9406199680148987
Kashmir,33,3,-0.4065331005859436,-0.287002362592992,-0.3745887709927758,-0.4095990749804945,-0.02671180908030141,0.7373790031805431,0.9279923961097714,0.9998318954811124,0.999872697394726,0.9999143488278343,0.9193211630260792,0.6697261054416183,-0.30088702364650144,0.9329980681987975
Road,3,5,0.19051129659683513,0.6324479115816531,0.2287309187994399,0.5238697178235057,0.22994038880136625,-0.06504261058298148,0.7549531097963786,0.9641647832922547,0.9904802744836342,0.9937019621311902,0.4315434006627302,-0.2361968864131045,0.36110004672056,0.7276515038240954
Hot Club de Norvège,45,3,0.6398923715373263,-0.2549715064298516,0.6856556699213642,0.9276458096069281,-0.19445235023506272,0.3755693801448405,0.19182952341297566,0.8068114110161173,0.961786170146132,0.96901848712172,-0.3250316578373056,0.9996126602264553,0.3607539988801408,0.6610029943683571
The Fray,22,4,-0.13112539111334864,0.007413120168840844,-0.14773782767689383,-0.1565598015239533,-0.3116751417050088,0.06322228794802857,0.7584893880344675,0.9725938937514783,0.9952164981646652,0.9869113094263277,0.495848063393846,-0.2844143879847407,-0.14793700837007276,0.7552866754649934
The Hives,35,6,-0.19258446104197166,-0.044034506947120085,-0.19011204848340119,-0.10078130859315639,0.006768445199897677,0.6138721077217489,0.9465183850941364,0.9907926877173148,0.9969551167107962,0.9976240835378152,0.8549436631187647,0.4755377065007051,-0.10414877597315031,0.9091524761563623
City,52,4,-0.1723842038576284,-0.17772702035328836,-0.18503620630939843,-0.24620091985822548,0.6530525581229905,0.08193580424884539,0.7561163480272727,0.9696581540855854,0.9931875040292617,0.9969273688258521,0.44739441409858033,-0.1111570263177843,-0.025659158451110043,0.7595650358433634
sadistics,2,4,0.41297366019837073,-0.21352220356681575,0.3414918936717026,0.1629937621961954,-0.31691352833326575,0.3967523103294958,0.8335861160067267,0.9806264623680917,0.9951226714481977,0.9970966221187917,0.692364217782218,0.08021098653456525,0.07740471683323745,0.8406368364542608
Echt,8,4,0.5485238476581167,0.11848824121186419,0.6925993232954615,0.3348854061219202,0.26880577347867124,0.8443551933821293,0.9710459078611232,0.9914579599779533,0.9971434529703807,0.9982631471845194,0.9216095652065514,0.6781967543894666,0.39266051835320676,0.9604531322752212
Trailerpark,10,3,0.33512996599378825,-0.2720894764232944,0.2442560925425047,0.9798496989948271,-0.36383361493309074,0.6213352211018454,-0.04474132355960999,0.8166009597619373,0.9440649659618169,0.9243767839319439,-0.2725922313917095,0.4687420439278365,0.18466253323494697,0.6523273214395867
US5,19,6,0.12417608810209953,0.12067473754400158,0.06146455674496523,0.006938629337402376,-0.0945436801352296,-0.19665940631249496,0.577525723273064,0.9344065052707564,0.9832658774241043,0.9766857527818995,0.08723897676901375,-0.19978803477205678,0.043742066318647826,0.6550448904874658
Sunrise Avenue,20,7,-0.08562863689280423,-0.07802371989974152,-0.009821804946033267,-0.14898764398492512,0.0009305289751230557,-0.03418171260542256,0.6470559413717114,0.941801059315909,0.9850829138285371,0.9820011008401381,0.326457605741618,-0.0677909670107975,-0.06430625534967621,0.7043518605501745
Interpol,27,3,-0.0423025337656292,0.7238775410946111,-0.37851628645847074,0.27316487711622256,0.6385477196615946,-0.33048643706161474,0.15777645214738548,0.8325615627904156,0.9561671253755061,0.9582009558294741,-0.3733182755355689,-0.126878249156793,0.24295426352966568,0.5148439318162332
Laskoviy Mai,6,7,-0.15143016337724977,0.025204767852972904,-0.13818627643467,0.05878111587660685,0.07509080074779176,0.3471622653804963,-0.07606367093164107,0.6534724738520203,0.9137651788064547,0.9192467601971073,-0.13495414663064764,0.36580719781611315,-0.026107951066909656,0.5515166014608874
Maximum the Hormone,26,4,-0.16338425030113823,0.20834338014077494,-0.14014028948301635,-0.01468486123404091,-0.07970187067914043,0.2285839102793901,0.8582144657855094,0.9770328939474578,0.9930078102553774,0.994494225304054,0.6543129016230865,-0.0406781814551306,-0.037913578311312195,0.8102666611143577
Tiktak,8,3,-0.19177301322951432,-0.3424173717804773,0.08536394521189394,-0.36263621053414025,0.32526950522472703,0.997067838183078,0.989232012849271,0.9988780446726819,0.9998586768916251,0.9983111698053048,0.9941812564113229,0.9746654369365784,-0.09723862902150218,0.9966695484803921
HaTarnegolim,3,9,0.11975080783838885,-0.09874203135901682,0.3164624188888942,0.0597625694690354,0.4913069994160493,0.431329804780609,0.8871064279844032,0.9887739514196048,0.9962826896641166,0.9987395814544695,0.7899742767766291,0.38240895855054086,0.17770815285067018,0.8604464910606406
The Cats,20,5,0.07210664702256453,0.707810137882359,0.11750326694205611,-0.053503558824579876,-0.225987775033785,0.47928421375561187,0.4104381315604332,0.918426600873059,0.9806912041815495,0.9906486002512878,0.19345763132479676,0.9098843741427698,0.12358574359772297,0.7558977501243882
America,54,3,0.06954097134894041,0.25078470374494227,0.1732233435745567,0.6615568526913428,0.7575986944336833,0.5371908443529841,0.9723448974538765,0.9941149103721418,0.9988615302654552,0.999587257967352,0.9005080704463743,0.5954760316871168,0.3825409131586931,0.9004198880823621
Gorki,25,3,-0.37694039726384587,-0.33349553241769253,-0.3416286430398133,-0.4149798949866708,-0.1535876800603193,-0.3339473045399151,-0.12406535631981482,0.37157911308310004,0.8474452785698968,0.8151869431301102,0.9579054754251762,0.9928437678966544,-0.3241264295536683,0.31523973478467543
Kaiser Chiefs,24,3,-0.059325625643076085,0.152685614883482,0.2692211240981375,-0.21058716217303977,0.7605475051317346,0.12408932152450426,0.8180503489752281,0.9638744676053324,0.9912982059234082,0.9892068441823768,0.6324928369696315,-0.12463949409828486,0.18250829125944765,0.7773038376421699
Tracktor Bowling,21,3,-0.45863127586487934,0.8349068936338405,-0.20553394710992276,-0.3792697400125942,-0.3480958146372168,-0.09672458213487019,0.6751829199666423,0.9395214995718663,0.9843600508101034,0.9808967335185312,0.3829523146883385,-0.3371377444683435,-0.11132477679815451,0.6966473243464546
Sentenced,16,6,-0.16797688152886417,-0.11265411560439167,-0.15495564572254922,-0.1865292930851747,-0.14380843183825315,0.9086492881379519,0.9720135347044258,0.9893193648892935,0.9979111592063246,0.9966173018757755,0.9455348727689848,0.773316319320007,-0.1531848735558466,0.9729021297627544
Q11954928,6,12,-0.0013744653987456752,-0.06304071712573558,0.02688228477372218,-0.008613136239479773,0.0068382748694694444,-0.04637731157470082,0.48495148783714564,0.9280359600578041,0.9837970141666394,0.9907192975315083,0.19402858242191878,-0.0849328347737406,-0.007861551824153884,0.6682252896036793
Q110459844,3,4,-0.3156231226410931,0.026504565257808328,-0.3046096290995372,-0.029750495257803638,-0.16165283516287943,-0.06649406969461097,0.28281648741381704,0.8773046709874374,0.9666209933253497,0.9778653781051493,-0.11378373343107816,0.002811389265047463,-0.157026303380701,0.6076226920274286
Papa Roach,31,4,0.3289995413107338,-0.2421364118267484,0.5775883843412878,0.09861463741376043,-0.29928794147691784,-0.32896272037565527,0.24595485783114368,0.9027083476788325,0.9773076648441373,0.9717625580249005,-0.07440968009388003,-0.25887094859779486,0.09275564195242314,0.5537541416006717
Arian,17,3,0.8028752959021143,0.47015103971045463,0.474202612588726,0.6859037356364034,0.8905001449443644,0.7241894442946014,0.92506658225756,0.9890046247850748,0.9977900871248413,0.9968366809495618,0.8591491936796819,0.4526596751232881,0.6647265657564125,0.926577483882328
EMALF,2,6,-0.011603841983045664,-0.10696751107050192,-0.14032823519957213,-0.0007037081200875391,-0.12100262366843319,0.22950237075090973,0.8387496062120586,0.9739866483117304,0.9931714834292195,0.9894236335623818,0.6298532131488755,0.02545901278112431,-0.07612118400832808,0.80496674845326
Babes in Toyland,33,3,-0.08870353435674953,0.40114853912752696,-0.12560522794354864,-0.363675443623702,-0.31426663818220174,-0.23150459764611872,0.7087298901939617,0.9789353946457661,0.9956527064569469,0.9966160054117653,0.4682981237740555,-0.3833276401749745,-0.098220460995735,0.6896858798124643
Jet,8,3,-0.31537964446581596,0.36061011521907926,-0.34231112433489463,-0.2671037566675695,-0.18008256508063028,-0.17224328476674403,0.7217917706567136,0.9819896662785507,0.987310441792105,0.9965472667773274,0.4401937450791849,-0.36143769293102485,-0.14885339506596623,0.7030791721475905
Tinariwen,45,3,0.9999523435282333,-0.3273571831092063,0.9665862188760695,0.3769452745878193,0.5919979471720052,-0.4783315414041926,-0.197238123159301,0.6375448695908124,0.9237762074175754,0.932669575877629,-0.42411602316262825,0.24707303039615156,0.5216249202109842,0.3636841976645046
BB Brunes,18,4,-0.3292347022768633,0.5963003106873157,-0.3299078176237827,-0.20063511714136614,0.0056353652652138915,0.5014167389144824,0.9636060223529345,0.9954441185017692,0.998877672661548,0.9973928159802551,0.8389037305366643,0.39045044170692395,-0.05156839221789651,0.8913474736821978
Pow woW,7,5,-0.05452942474463611,-0.06555894908101875,0.04806235786005007,0.13712456509158652,-0.18848511350705915,0.39506571797123735,0.9092315655316806,0.9793974268012663,0.9974494959701667,0.9964388204551401,0.7164144110676294,0.11119346399208951,-0.024677312876215485,0.8555166053458982
Ippu-Do,5,3,-0.44746263862494534,-0.4326152972235589,-0.4696618759519649,-0.23746913671777845,0.2091214907266131,0.06780371355271746,0.8099254890617318,0.9632156603886797,0.9904669887453608,0.9929593762322203,0.5460273893176792,-0.2843681878920306,-0.2756174915583269,0.764874245596142
Shturtsite,57,3,0.07675126705675472,-0.3562523235458486,0.42452577839841865,0.44203801915393376,0.15829847246112153,-0.3511257619115186,0.5317564703619477,0.9227266331870841,0.988397347513088,0.9928800693676968,-0.01721046036556147,0.04914205437344895,0.149072242704876,0.6169269517036596
Les Wriggles,14,5,-0.11446944023132366,0.21178735644742316,-0.13288513280960412,0.08913363843303009,-0.24204847691939016,0.7054897461421853,0.9648588882514737,0.993821374411248,0.9979892516324973,0.9985303085702026,0.9083133128352191,0.6378704181637922,-0.037696411015972944,0.9321379138015213
Honor Society,18,4,-0.01856565916587022,-0.04821880269513993,0.016926726105497693,-0.09375869349572309,-0.1464452353760744,0.025701852414705018,0.5517146455699599,0.911705996695873,0.9755651532167101,0.9749996383247286,0.12806546875364125,0.5173292857716977,-0.058012332925461985,0.6879374572443953
Clap,4,3,0.4125318527437804,0.5438924128856514,0.24250418148397787,0.36393181260368007,0.15191455396736328,0.24075440993577005,0.8844870134871798,0.9905065559351853,0.9985532767756022,0.998172352779339,0.7794587992686073,0.2024018477929579,0.3429549627368906,0.8224947217826154
Patricio Rey y sus Redonditos de Ricota,25,5,0.1206721227152812,0.25365991813536326,0.09123939937719115,0.14303846004657053,-0.09852596193589586,0.30422506772279256,0.3148323194490476,0.8274802022288282,0.9647178423420943,0.9731430961758193,0.00538135881547539,0.09076117093921832,0.10201678766770206,0.6768797055837165
Fourteen Octaves,1,3,0.806568014158084,-0.48795244494394935,0.8353542869226948,0.3445256284199167,0.5994333346672277,0.14655207622966257,-0.0602725421655537,0.8311303045434387,0.9635961450837175,0.9781367015888279,-0.3283452906550083,0.99675296890879,0.4195857638447948,0.5718285370560185
Destruction,42,5,-0.10543103770875936,-0.22016639470246524,0.03095818006791381,-0.06899636548030491,0.23023711627946866,-0.11506766455845123,0.25962601783197586,0.8586696524940486,0.9678319436175004,0.9668108692214528,-0.10456923355459107,-0.06465847183791242,-0.026679700308829418,0.5875741637213052
The Dandy Warhols,30,3,-0.378079723440287,-0.3545198727442634,-0.34215656405263467,-0.32281091797228884,-0.3222087899415437,0.10632926039999208,0.1582449006807012,0.8726119390074861,0.9677849890372293,0.970904413092348,-0.2855377778990612,0.882395304982165,-0.34395517363020356,0.6151751004435513
Bérurier Noir,12,4,-0.07894195278538751,-0.3075737320309903,0.08264083468399697,-0.2945713091755682,0.20542599748635038,0.2624681317903905,0.8635239813633085,0.976619892048877,0.9946830730382481,0.9960449773703383,0.6173757030559803,0.017813446607392664,-0.07860403236431975,0.8186680111222324
Harmonium,7,5,0.6809173145731002,0.08507619556058874,0.6412697822723372,0.6486423112127601,0.22260314359715946,0.4026462734860319,0.8857453512844365,0.9844499979073056,0.9965498584492346,0.9980102342802054,0.7300970159891078,0.12283170963220251,0.4557017494431891,0.8534803430814428
Il était une fois,52,4,-0.015199857452748914,-0.2791626671779932,0.059355062546453376,0.10760173155535875,-0.30991683360439387,-0.1989288775598129,0.5065411219833574,0.9489708738922898,0.9798807420455947,0.9897998719417155,0.23875495017239037,-0.24500089605962652,-0.08746451282666477,0.6452527464606289
Imperiet,5,6,0.06726031733697131,0.5665225586150872,0.047316967046992224,-0.1660220238729019,-0.029155120461520866,-0.19626665357307865,0.14966404352890889,0.2996633624080028,0.646712611170688,0.5890416516256721,0.01611733198295683,-0.07787660379691251,0.0971845397329256,0.2977630030320387
Nekromantix,35,3,0.6640553886118375,-0.4181365338837089,0.6120233143897161,0.7644048013312537,0.8787010194795565,-0.2564155346479318,0.9937318587026054,-0.19252225335459017,0.6146079244081625,0.6003916766918806,-0.1545266634636282,-0.22242204992062908,0.500209597985731,0.35195873436002534
Zebda,39,3,0.9455560864790921,-0.13604976404071964,0.898678268331393,0.3941414970528454,-0.20198819571843474,-0.3293975792955652,0.5811165141463656,0.9300635894368251,0.9842328501976111,0.9850721947883144,0.11603070723002858,-0.18289067361513814,0.38006757842083516,0.6302175138547101
Suffocation,35,3,-0.04330366383309075,-0.3384827168451105,0.19103027038721274,0.010895578600139344,0.6460212252813957,0.3435362048477287,-0.019442627781254423,0.836209017587008,0.9620705042493553,0.9582508180173285,-0.33386534082224734,0.964339033062274,0.09323213871810931,0.6161247833840332
Newyjou,25,5,-0.15240816739747393,0.131464364491635,0.012172312397476178,-0.15623820537598335,-0.12903325270917,0.047403263389891204,0.05490265038968757,0.7353139468914817,0.9343200756891707,0.9509048937729239,-0.06330504783676863,0.03672861830503552,-0.058808589718703216,0.5445689660266311
UNI.T,0,9,-0.11442668670411044,0.06005575236118155,-0.11004971799934499,-0.07262222181609686,-0.11255540123046862,0.042112225637522274,0.6129693615597922,0.9439771095706616,0.9838296165287558,0.9782828695114753,0.22495500788745826,0.024011583710001116,-0.06991965507776787,0.7122342365616414
Dobrovoljno Pevačko Društvo,1,3,-0.3022118068704433,-0.15278954597299066,-0.24651301390479122,-0.39344077440234493,0.6710157171952288,0.26833198133462405,0.8681309387504338,0.971713133648207,0.9904964809148719,0.9935294910352974,0.6749863379196409,-0.05760666697384125,-0.08478788479106825,0.8184404051366869
Plain White T's,27,5,-0.07298783601230585,0.34540128849006574,-0.08736746830259022,-0.07718030473286017,-0.17934075770722163,0.25764528982192225,0.8368260032736703,0.9743062406550091,0.9926263198853121,0.9930649069988913,0.6191439897421445,0.01787849267113491,-0.01429501565298243,0.810893752126961
Bleeding Through,25,3,-0.1353849482933205,0.9516678423240069,-0.11287008675071508,-0.4998646786820939,-0.03679285962677122,0.0011136801942203678,0.7141374863170252,0.9518600961642099,0.9883921197159532,0.9814842810735169,0.4197084296619364,-0.33294825741773826,0.03335105379422125,0.7273975326929851
New Dada,2,3,-0.3186769081209389,-0.13716197634802527,-0.44098688460936436,-0.3528317877084539,-0.2852532073609639,0.4831486346996096,0.8475582455590848,0.9884570760093752,0.9934232657516389,0.9966474981467836,0.8056681113584623,0.27929050908750963,-0.30698215282954927,0.8618469440332983
Platero y Tú,35,4,-0.014024053009633294,-0.3263820800336285,0.22273675278920724,0.08108632169419519,-0.07950688136861618,-0.06954022686947624,0.8354356652703253,0.9620768303189484,0.9936013526576137,0.9918062364899244,0.5339263790054469,-0.22914910995987137,-0.023217987985695108,0.7426759715734671
La Polla Records,24,3,-0.2779610363035692,0.010293655765998092,-0.2921414148886931,-0.32298064016113204,0.9734006855347149,-0.19672322876688728,0.7246840769898194,0.9670137595118792,0.9937551701984102,0.9959082942526162,0.3099991786196463,-0.45244053149253977,0.018122249989463723,0.6969276144371676
Black Rebel Motorcycle Club,26,3,-0.35073834214884264,0.06808466224923804,-0.2807854725623368,-0.47028840251709103,-0.030021314784873836,0.3930258136038886,0.905788631317164,0.9970822169073421,0.9996470907834122,0.9989053916736966,0.8251293088164626,0.33915355804121655,-0.21274977395278122,0.8588898288571007
Bill Bradley Band,6,3,-0.35853630944408144,-0.18555640517935099,-0.3729309032747942,-0.23857437662256423,-0.272454921064403,-0.4282155456243628,0.5266841285842421,0.89684738347125,0.9811622943996814,0.9848417271279342,-0.158846475594821,-0.04803194287606153,-0.2856105831170388,0.592263997591749
Laibach,44,6,0.38502785828723823,-0.06072102176536306,0.3224411439374322,0.25678662559336046,-0.13193067392586078,0.18496059390662534,0.3541780350691253,0.3825768528165735,0.8378673965523773,0.8196931792718808,0.6226379236289179,-0.1197675318309235,0.15432078642536143,0.5158552115233165
Sektor Gaza,37,3,0.7894610146175842,-0.2386290106237128,0.9580615426240912,0.34565349462402023,0.0805020281096445,0.8946509135158628,0.9815884314224492,0.9970800203444342,0.9995610408604505,0.9993139159197173,0.9615663556709272,0.8364357985428982,0.3870098138703254,0.9744388644125828
Nautilus,5,3,-0.33735321428175835,-0.16859706612218714,-0.40610016941875465,0.30291530893541596,0.07101755283191141,0.3319738045203973,-0.06534623506478614,0.7731638829820925,0.9358613180631824,0.9578190447816012,-0.3380654519195481,0.09531232786765124,-0.10762351761107455,0.5866943630564975
Avicenna,10,6,0.03569948725931254,0.1059409713072597,0.1678422275879633,-0.05538249706427355,-0.10340299057590584,-0.10712020247532239,0.6161947827326154,0.9035387163284123,0.9820096043873413,0.9828767688251034,0.14556669348504012,-0.04884293871962022,0.03013943970287123,0.6754999339596299
King's X,44,3,0.11787394095613112,-0.1883837368206801,0.4211362819498772,-0.32603296317213165,0.8651200465159566,0.09619811009065159,0.11007129317978122,0.8185191365888079,0.9533158304525436,0.9686904760857438,-0.43587487410433884,-0.13251094807318495,0.17794271388583063,0.5893589692795056
Chumbawamba,30,6,-0.18768358950938904,0.045431907380738566,-0.14603642906232753,-0.17551908842186045,-0.14837862991583153,0.8485812697787362,0.9789761371990213,0.998913268764111,0.9990109715722106,0.9996442538211044,0.9638195122331846,0.8482288640375008,-0.12243716590573399,0.9650251802270366
Sideral,5,3,-0.37089842546798213,0.2984576919194367,-0.36946387419551097,-0.44591229289692086,-0.02015534769761936,0.5169633933956003,0.8305186537057132,0.982571657763145,0.9941060961733891,0.995784827762041,0.7878630808035303,0.23120919322153663,-0.18159444966771934,0.8639889257599777
Until the End,5,6,-0.18232698699595548,-0.11104610054455101,-0.1984369071710379,-0.09679744382611953,-0.14705468433718244,0.0346891693229081,0.3829666006535587,0.8972910801349007,0.9789890530719805,0.9690263665995823,0.08078248279015092,0.15822740270181065,-0.14713242457496928,0.652592453956586
Love Generation,2,4,-0.09259156950574028,0.009507750612034599,-0.1537423135063897,-0.32605890853031166,-0.2719639509464094,-0.025137695156219924,0.2364150640744965,0.8762147647540935,0.9649217484797575,0.9401491395665124,-0.1919471239041913,-0.03705866532297486,-0.1669697983753633,0.5985126043437281
Auryn,7,4,0.5414716570639854,-0.2761592094732254,0.4644919548919508,0.20477512600688505,0.8036483706269428,0.09605172714550585,0.9000413533809004,0.9848784381463042,0.9959404797597206,0.9937860311367981,0.6419130061340458,-0.06842446039332552,0.34764557982330774,0.7941396059138458
Bird of Ill Omen,2,4,0.06682091740676811,-0.015155446226550887,-0.08241154122564016,0.24687338774567755,0.5458830496049228,0.478455132823066,0.8876970353378204,0.985430131723787,0.9960877770267055,0.9954892735472547,0.7254026282119455,0.1157074705538792,0.1524020734610355,0.8686318700917266
Bridgeburne R,1,3,0.17688802055277855,-0.45962572674136953,0.19202936953768057,-0.12036947440105505,-0.2966764292652164,-0.3405314916827109,0.6103550803900274,0.9456272089695199,0.9904396731558395,0.984016265708416,0.30401740806070926,-0.3880095596073563,-0.10155084806343637,0.6379813473082183
Edward H. Dafis,7,3,-0.30113996489169154,0.05100760623292074,-0.297064038311646,3.134117093169427e-05,-0.3129849925007328,0.03785155878609638,0.6640618884744708,0.9553155120372052,0.9879264746188142,0.9910744393350647,0.4722565365472753,-0.3803765245077078,-0.17203000966004356,0.7272459746503303
Injaroc,1,4,-0.2796602544369002,0.09217984374097032,-0.26386250080537355,-0.13066104558551936,0.04985899230394939,-0.26755878695531293,-0.003916013293411745,0.8331510845184101,0.9467411977219209,0.9739422040145528,-0.3250367756079447,-0.29863192124749355,-0.10642899295657467,0.49647193720123184
The dB's,46,3,0.30233864180742026,0.8755730268061527,0.399269464660628,-0.3204465160569244,0.6585191624659208,0.9357861089264287,0.971406272561376,0.9997291704379955,0.9992596261389314,0.9999648006842986,0.9421449919746193,0.7584608185344365,0.3830507559366395,0.9812291957498059
The Presidents of the United States of America,31,3,-0.15961618346049578,-0.16777459991981605,-0.3056465885744077,0.4381003888773776,-0.07985354188868414,0.3314937780223181,0.8915321752772986,0.9752724748461347,0.9959650966746093,0.9940257864143413,0.7250423787444088,0.06255074159796437,-0.05495810499320521,0.8376578622469403
The Mighty Mighty Bosstones,39,5,0.03745663920500175,-0.20267866501997908,0.13937515543180332,0.09721542644709935,0.2011543326742849,-0.18845506647573151,0.010844399652314443,0.571518176213458,0.8967747960084329,0.9154913034602915,0.18155075506365997,-0.10620770582334851,0.054504577747642044,0.44123472177175305
MAC,1,4,-0.12159153281046382,-0.02996095865950867,-0.19375911668541534,-0.20594971094578518,0.26105767927982865,0.20952337186201017,0.8640623000957147,0.9899297259819254,0.9972457094516115,0.998597946183812,0.7118871560792867,0.05844986634530643,-0.05804072796426888,0.8118718107150148
Ultima Thule,29,5,-0.218374697316667,-0.09599935772999817,-0.24131769599384176,-0.19362964644359626,-0.18211439017492098,0.8369820810095672,0.97851622608498,0.9910411749012169,0.9974653521073694,0.9979001395927736,0.9243469820674667,0.6913924485235681,-0.18628715753180486,0.9603809947391815
Luna Verde,2,3,0.09606701649979454,0.32814807559017856,0.13222784516330685,0.04008163595270392,-0.17666673378544542,-0.41185861993913625,0.42556969431739927,0.949822049068001,0.9872836919079845,0.9878452654126847,0.04596386911567845,-0.2575355876916376,0.08397156788410769,0.5877324161533867
Ikimono-gakari,25,3,-0.3656478984651927,0.7471509316950647,-0.16202294048106247,-0.32098930378772844,0.4741274754473967,0.7192390445880248,0.9445931628703365,0.9876490950345099,0.9963546504365436,0.9962058802219657,0.9288604792554307,0.7041925594909092,0.07452365288169557,0.9288083666302761
The Rocking Horse Winner,4,4,-0.09887087600628337,-0.14052462881543942,-0.00893939799768719,-0.033962230408944104,0.44067312177004725,0.45998267345880844,0.9280919702617854,0.9843428018521508,0.994911089850855,0.9964166631892651,0.8048966688922902,0.3062249192196667,0.03167519770833863,0.8727490397225729
Above & Beyond,24,3,-0.29570635318684785,0.3865000841278108,-0.30794026193165125,0.05274316321517155,-0.4606411481067034,0.16547709059514706,-0.1008186037228855,0.7956197165681959,0.9608183431049012,0.9396210822045973,-0.38896268089953817,0.30802269445228175,-0.12500890317644403,0.5521435257499911
Kari Peitsamo & Hirttämättömät,1,3,-0.20027008486735765,-0.33405662338953834,-0.36971332798704587,-0.13777823753516968,0.9525732242250188,-0.1946842900082499,0.7024126133512852,0.947596468154805,0.9835109917703159,0.989313323866439,0.29884008844073723,-0.39953480931749485,-0.017849009910818548,0.6856298214269191
Papaya,4,3,-0.48304938809199954,-0.3336984170415643,-0.4241336593635405,-0.2733697437040497,0.7252292553686854,0.6565966117287778,0.9178731006225349,0.9886674164226564,0.997456122638991,0.9950634133706102,0.9082126241943467,0.6232008667068673,-0.1578043905664937,0.9111313329567141
The Shangri-Las,61,4,0.6852851281011367,0.9235968380155621,0.4321427084432609,0.08373892732244054,-0.03528443229314753,0.8387971091237684,0.9619784863686696,0.9965363826891324,0.9987979835272626,0.9994806977198033,0.9187021653280186,0.669817067094621,0.41789583391785057,0.9591181318857271
The Avett Brothers,24,3,0.7884668886242366,0.32526959292648094,0.6526288777113397,0.9012698331263254,0.8032858232766613,-0.30875072889257005,0.6346027197272172,0.9427695632339552,0.9863471751713003,0.9835779844978622,0.18819324678362379,-0.3946367659087156,0.6941842031330088,0.647709342747553
Reva l'sheva,12,4,0.11123862161942816,-0.17727613361155212,0.01828125863848712,-0.23932438727316596,0.0913573632002095,-0.06501984563543814,-0.3317847418993913,0.45236010181417363,0.8565014107819174,0.8774729783721139,-0.32754749985052856,0.20173943702464148,-0.03914465548531867,0.3579059806866751
Kat,45,8,-0.026972810782232653,0.007111149730057095,-0.0007704139891674756,-0.07313384797181181,-0.1297902188827052,0.15620932886298686,0.4693969638736527,0.4708606279481771,0.7944975928819499,0.7458377817571683,0.3144838081707238,0.13086794701584473,-0.044711228379172005,0.527360459064787
Plastics,5,4,0.3652308338622656,-0.15846272613716647,0.30043960836316,0.07304512953282896,0.26448509441575413,-0.313439457377038,0.3469629619772456,0.8925721925639304,0.9759846832597563,0.9853993053872397,-0.07296751062876954,-0.19150026513768292,0.16894758800736845,0.5774959371622268
Nine Muses,9,6,0.1438323946173214,0.3424612070483463,0.20279906152568974,-0.014057658246745689,-0.10737714098270709,-0.1828902729954197,0.750819196426778,0.9590444555450752,0.9885263325713375,0.9849130208307278,0.30963327051303247,-0.17996780918501115,0.11353157279238094,0.7000825464756998
Tv·2,43,4,0.2793722212436205,0.013776233931764895,0.031720318516918346,0.4050573327473788,0.4228135249217642,0.3022981835989597,0.8855939614922415,0.9716023856478767,0.9967133440412425,0.9959681295173377,0.6814157549869725,0.022783388113825714,0.23054792627228937,0.8304352008595316
702,30,5,0.08411671166076515,-0.08540546290523021,-0.004452067981064223,-0.05766468908502268,0.8721606415678756,0.12723450428288763,0.3685722053029102,0.9553042194063621,0.20305961400151365,0.3939736511537507,0.5950534201094932,0.4110614973087875,0.16175102665146474,0.4096288388294849
Diana Express,10,4,-0.23173365941950563,-0.23784563490637955,-0.25575721168167337,-0.09044002640873357,0.04413617743495005,-0.327806831741787,0.43247431675683407,0.8881662231835284,0.9826167968161562,0.985530825723829,-0.04241463636802806,-0.3302617181865462,-0.1543280709962684,0.5921962661477121
Red Aim,11,4,0.8678985711436674,0.7040370794752677,0.945467846213282,0.5699835788093396,0.39773989042654295,-0.1495936879730457,0.5604955236233566,0.9534071015746829,0.9891207899125422,0.9872307553991573,0.27973856287390625,-0.07425967612734614,0.6970253932136199,0.6681320965073387
Q136331900,55,4,-0.05370319345798893,-0.20695841334178225,-0.05323444504396376,0.24663054403747345,0.49042180339081076,-0.21018667262009827,0.6729395637702787,0.9621615376795386,0.9895862473153757,0.996618301361819,0.2706410690167744,-0.3053086786305615,0.08463125911690986,0.6822237955013828
Hikaru Genji,8,7,-0.16048177074522946,-0.031426048470128275,-0.16176313409966944,-0.15228140940396176,-0.12262953636469484,0.21181787465981083,0.7655842429889491,0.9755987006009461,0.9946013533011504,0.9942889024748658,0.5865028776802619,-0.059451924233082834,-0.12571637981673675,0.7883782148051445
Sakura Gakuin,11,35,-0.025307077633866706,-0.023668136825996566,-0.027220447995051078,-0.019051128988011572,-0.02881921814798296,-0.025002647265470655,0.4977721624432697,0.9495330724185095,0.9844679977036889,0.9817549770041778,0.2115574335062953,-0.0033519577246610252,-0.024813201918181777,0.6777051124608351
Fairies,9,6,-0.1846631828750128,-0.12800006429184643,-0.1871197895548599,-0.12616966789394018,-0.1298282621641891,0.7887052743937488,0.9673126039177666,0.9959558690488302,0.9986988289242685,0.998719350301666,0.9223036209431515,0.6952348957929962,-0.15115619335596966,0.949878385317256
Fantasy 4,3,4,0.415109558074435,-0.1266434022005544,0.40438754085462253,0.6335586535278735,-0.015412124787533898,0.7944787504028462,0.95333746088772,0.9941249295465955,0.9987427561664042,0.9972542042113445,0.9017826868040725,0.6024169907093936,0.2622000450937686,0.947587620242982
Orquestra Mallo,83,4,0.9992757936955202,0.42779402902860525,0.9310193973373351,0.6210625617096553,-0.20577339956186824,0.041095339028702424,0.09330999038240102,0.3330815162263341,-0.32006744876325227,-0.20935596850130347,-0.17108997866653677,-0.25077628784212336,0.5546756764418495,-0.012387314325423643
Fishmans,12,3,0.37182302810876444,-0.4165557634396771,0.44550361907052466,-0.29149750610184094,0.008707218367765815,0.6182908185951347,0.9705430719426581,0.9911745970449036,0.9993104054454832,0.9978236504378203,0.9060710825295093,0.6173549692354535,0.023596119201107376,0.9154285086931999
NOTHING PERSONAL,1,4,-0.04760042537987374,-0.016788642120700418,0.12976140496465294,-0.03075772445260296,-0.31365835116072754,0.5578616100303284,0.9256914551334421,0.9907740403941104,0.9977554352639456,0.9985132558579496,0.8065343741466235,0.3155930278587509,-0.055808747629850344,0.8941191593359552
Rainbow,7,4,-0.3015710236902343,0.07665482120049026,-0.1641280482454353,-0.22556040677055167,0.3089788496951138,0.6557336805928119,0.9622951006573265,0.9949597534457052,0.9984818198766269,0.9988195350508261,0.8839972509966069,0.5500184143676041,-0.06112516156212344,0.9220579779246594
C-C-B,7,5,-0.07751261664783744,0.28283460792631665,0.07462577352519689,-0.16478737367227425,-0.1588089520902018,0.26213268009353774,0.8699822095454495,0.966099098966246,0.9930789398726786,0.9935367929879536,0.6011814191858144,-0.09011442486566205,-0.008729712191759987,0.8169659442931729
Garo,6,3,0.05073299356793789,-0.25134819882420406,0.00533033429116897,0.8060885748536819,-0.3101041184486167,0.9197616460444197,0.9851835951323827,0.9950854901054726,0.9996782945717856,0.9994833621247782,0.9672085147772943,0.8601700123456161,0.06013991708799361,0.9798384775957677
CHA-CHA,4,3,0.06935631174464903,-0.42111474619000105,-0.29798021316696105,-0.290606939877398,-0.3482363239007405,-0.22870620434036518,0.7878792516881705,0.9465572411309718,0.9899996055923334,0.9880830955207903,0.419924619738884,-0.4285996994857347,-0.2577163822780903,0.6967625979183801
Les Rallizes Dénudés,29,3,0.6995226377471463,-0.47762920520764635,0.5771142882663063,0.7782890958375098,-0.2865307491433588,0.8608916356954223,0.9187807692568638,0.9919212300788569,0.9982128096348459,0.9984278076037881,0.9048321666353717,0.610610544358484,0.25815321349999143,0.9536468504539555
Flower,9,3,-0.4619640530835835,-0.2652385639584774,-0.4348233337011013,-0.4740186839376841,-0.004155278650622651,0.4322957562802056,0.8158147281275071,0.9877941016477355,0.9969233217623414,0.9975676084188051,0.653779203247628,-0.10151691232556344,-0.3280399826662938,0.8460791032473189
The Good-Bye,7,4,-0.23770481052966386,-0.02153564238732349,-0.09967891885429252,-0.26924032170354933,0.10932278374759684,-0.10238752880035103,0.7645380096540609,0.932946320366037,0.9908168541392975,0.9880656334801778,0.30004886301035044,0.0056548839140632134,-0.10376738194544648,0.7147958577678445
IMPACTors,3,7,0.11827499327877228,0.5180088083233977,0.1251409953335114,0.13428973063952615,0.31292372401955354,0.1907534489647225,0.8283137587268017,0.9846489894167532,0.9955540108947409,0.9953729467645692,0.7137753288837665,0.1256803887114553,0.2417276503189522,0.7989286309535174
Dempagumi.inc,17,8,0.1224835959738662,0.04366842510760143,0.14445936033126144,-0.1354297187206228,0.07026905176549368,-0.04115222868970055,0.16388938653553678,0.8461464383945103,0.9533667086686163,0.9403799188118356,-0.08759092226352415,0.2514561039682391,0.049090142891519986,0.5725260447441597
Agit-prop,48,4,-0.24661501697933916,0.276383327866447,-0.20173502971053892,-0.07463983446146459,0.08196260400474749,0.3047539554410803,0.7684283974248927,0.9660904046675719,0.9930008708522831,0.9945259201959735,0.6082843550426178,-0.10240207243601869,-0.032928789856029636,0.8053599097163602
Al Tall,37,3,0.7328283249587821,-0.2881509351872114,0.585280231308104,0.8081097059296253,0.7898980643762518,-0.2213132202045844,0.09535667750473387,0.8643560474441592,0.9685843884238948,0.9821418832626811,-0.30982352281208986,0.5340286575961661,0.5255930782771104,0.5378251552861769
Zen Café,32,3,0.04159352514805659,-0.23905651294001795,0.3959163728097223,0.7925001570466907,0.43643893427105884,-0.344750244803041,0.4371237571121466,0.9283785945292258,0.9825091769882405,0.9842047373917241,0.04368356162943724,0.023788207520967736,0.2854784952671021,0.5974932042436591
Can Can,4,3,-0.48958586934631,-0.2075840694049976,-0.42179186488982595,-0.214129834778692,-0.29633028195235156,0.7597987830043801,-0.10403771426004842,0.781540647050288,0.9333339002341564,0.9610948790830319,-0.24364042664101737,0.21987162804870128,-0.3258843840744354,0.6663460990223615
Projektil,23,4,-0.3310276560322063,-0.33195404716822724,-0.2902163842468,-0.18928586054114768,0.5112558024852382,0.2912759658205613,0.9208765443413909,0.971570170211118,0.9976657553180249,0.9962630753689973,0.7136233130131453,0.13104836893902252,-0.1262456291006286,0.8355303022120186
Berrogüetto,28,8,-0.09426788016260902,-0.07970455692046308,-0.0856338791559382,-0.1159944376432438,-0.13884613519787717,0.00902366675452919,0.585494986996131,0.9144855328452904,0.979530242584327,0.979248054175583,0.24819660787836476,-0.03790821525347247,-0.10288937781602625,0.6935564966711721
Ache,9,4,0.8175814251117299,0.03993029137090065,0.6213334550222371,0.2396754649373011,-0.007097674537030915,-0.24898629184034268,0.5481543328881627,0.9431615874241422,0.9859618692762893,0.9930011086683517,0.15519270073588787,-0.2258827453642673,0.34228459238102765,0.6442585212833206
Bo Bo Bo,17,3,0.20820447515161966,-0.25984400213409237,0.02616858367033344,0.41824120385396185,0.40987047577127994,0.5940637172842621,0.9012506332649738,0.9881726981248836,0.9970097141613308,0.9977002800419671,0.8311103884169313,0.35791258017712363,0.1605281472626205,0.8956394085754835
Bayko Sisters,48,3,-0.3204143521019502,-0.3984694719197175,-0.3543497559156916,-0.37867456473970157,0.43614852289227884,0.2972656075708769,0.8337141747914942,0.9767192256860765,0.9941872381669872,0.9973395868455729,0.5842056164848907,-0.2294637531835806,-0.20315192435695645,0.8198451666122015
Dúné,23,3,0.82369234184287,0.4101708185729074,0.9124094463333198,0.8671128392207076,-0.24037494565632342,0.8725688037548878,0.9846336519520235,0.9977361035361928,0.9995024621380523,0.9986518375554194,0.9554863460607593,0.811305868519824,0.5546021000626963,0.970618571787315
Teen Top,14,6,0.21885469061640694,-0.04171337494736431,0.38648165211014207,0.44416333233937944,0.0034027612721572844,0.7617233998279259,0.9407775401725111,0.9911450601940562,0.9971578030489583,0.9965737291304897,0.8721328972046579,0.5160857786162432,0.20223781227814425,0.9374755064747884
NadaMurni,3,3,-0.4114849285394618,-0.46597693552388114,-0.39940966746954526,0.09182145593235665,-0.24253696964277272,-0.16966672132347924,0.6485091097886989,0.9365970403416924,0.9894516833843895,0.9829447619487564,0.33607695312379304,-0.33128143561903695,-0.28551740904866085,0.6775671748280117
100%,12,3,0.765446323648938,-0.3474462608498907,0.7712619912287034,0.19928295004997013,0.29990025367502937,0.4227522653074507,0.3497152228733192,0.8873068122968165,0.9698276764814944,0.9514791488595656,-0.32598234285389766,0.9999275027859466,0.33768905155055007,0.7162162251637293
Geisha,21,5,-0.011827427549517133,-0.19712462119402863,-0.111319585895714,-0.07172159912246819,-0.025182872087138663,0.8669347998870803,0.30208995476591116,0.862638919401545,0.9606996791301162,0.9373779693396308,0.38754381056455967,0.18025361056642805,-0.08343522116977332,0.7859482645048568
Catena,9,4,0.39032100319752977,-0.2135993111699506,0.3408791386734911,-0.03430442548456786,-0.25716926504174453,0.7912643669465939,0.96376782344274,0.9953262600196603,0.9983240053470133,0.9993705573006184,0.9235730448512078,0.6886964293326647,0.04522542803495159,0.9496106026113253
Q137410966,29,3,-0.010196429729047588,0.004658424274072963,0.39785956151748164,-0.02002695212724881,0.7529895030706971,0.06874231516684985,0.7467313114246283,0.9690320213514969,0.9981673354850797,0.9979676502222463,0.6600181482654941,-0.09179012662470513,0.22505682140119107,0.7561281267300602
Midori,7,3,0.581851779891667,-0.11343798952222058,0.26308897245504287,-0.025947972492773252,-0.32226351396714653,0.03584337254292921,0.7634657839745559,0.9686077729240502,0.9932439658065908,0.9892117069306593,0.5791415043998289,-0.2253950248559473,0.07665825527291391,0.7500745204357571
Biermösl Blosn,36,3,-0.3971484140405704,0.03908667715901067,-0.32754389673641665,-0.3400872010350981,-0.33323617159676094,-0.3627510425503108,0.5919864065664205,0.8890905963808269,0.9793595696114537,0.9796369429887415,0.01808409860351205,-0.030999716767595126,-0.2717858012499671,0.6154644945994263
7 Year Bitch,34,6,-0.0987920051628918,-0.16995075034726945,0.0055358303462901305,-0.18858878378034963,0.029890826722543715,0.4273266617446619,0.8610953727540215,0.978846779163162,0.9935380262077932,0.9953084805868618,0.6976982320993884,0.08644667793036484,-0.0843809764443354,0.8512230640913001
West Nederlands Symfonie Orkest,19,3,0.4771545138243218,-0.04935950985188383,0.02762324352539151,0.19747225830083756,-0.27104312435346994,0.03215721496911156,-0.23839738762043625,-0.3005030567852519,0.48581709961948505,0.8821968843637138,-0.22859590870753663,-0.22227319888572958,0.07636947628903942,0.17225415090932444
BeBe Mignon,1,3,-0.18936986671072872,-0.41903786068539595,-0.3379552967092509,-0.468053383069992,-0.3959146730758394,0.4527390788712606,0.9378916670885653,0.9897764720490393,0.9974116594369721,0.9930872884006261,0.7723739140869732,0.184473347602272,-0.36206621605024136,0.8741812331692926
The Tremeloes,66,3,0.10675669264431516,0.1366009807566573,0.29729479343774196,0.1437303533041863,0.8160827368731768,0.0768086686930487,0.7695095233960153,0.9787540040338524,0.9916925184188509,0.995245552004114,0.635634112990053,-0.14178306507662,0.3000931114032155,0.7624020533091762
Little Mix,13,4,-0.1870731705939097,-0.2837458306134801,-0.12491823789826588,-0.11960361183768464,0.5983072975215503,0.7630157679451978,0.9506323403638876,0.9934225059443126,0.9980528358129241,0.9970862474586742,0.8924321145844778,0.5698371248602915,-0.023406710684358,0.9404419395049992
Kiss Me Five,3,3,-0.14493262665733353,0.4652986332743745,-0.06656986861527192,0.06322023265253217,0.5550663091459622,0.4278685454074971,0.8183254334186799,0.9775622031426283,0.9931815142318476,0.9959287529814337,0.6841670946695967,-0.03729352525314922,0.1744165359600527,0.8425732898364172
MBAND,6,4,-0.2863772421165303,-0.03334545538294017,-0.3246449986094331,-0.23069390128021694,-0.282678306442141,-0.24686807227130747,0.38690850772589735,0.9011215030778675,0.9710394180173102,0.9616962577538497,-0.17807287325773466,0.25474091902179263,-0.2315479807662523,0.5947795228607234
Magnolia Factory,5,8,0.09196498565525094,-0.08540634087302268,0.17730099879793468,0.0753968878751532,-0.1254349508799219,0.8045941889538446,0.9554818063576055,0.9965551032529125,0.9989352638029342,0.9984767568647174,0.9334400606275806,0.7309734762011069,0.026764316115078846,0.9508086238464027
April,7,8,-0.09851112684586631,-0.11561793446194223,-0.11621227803384304,-0.12290339057542174,-0.11730893462607161,0.08768299491419389,0.811691988614637,0.9797387932999276,0.9936917732507311,0.991631330678317,0.6196450706199794,-0.01759336339248643,-0.11411073290862898,0.7728873761515613
Earth Star Dream,3,7,0.3564111076588091,0.2426600755602662,0.44355061120704303,0.5595471332702721,0.2666080297778905,-0.03393207516603455,0.4988125964166503,0.9403391196035882,0.9826544037852427,0.9814645448910397,0.22163205090315782,-0.07416606144719926,0.37375539149485626,0.6738677179060973
I.O.I,1,11,0.1106371628519246,0.2673113850525727,0.22334791426931067,-0.0373818101654519,0.2867306173620938,0.31307540257845823,0.8427053966202385,0.9837248662066285,0.9949991867611675,0.9941322312921417,0.6889265701742555,0.11536905780101667,0.17012905387408997,0.8257274166917268
Gugudan,4,9,0.10028067063849663,-0.0688702849743093,0.16405423932848967,-0.0007035557967292528,0.1771459970290009,0.0832885359444767,0.7200159505930936,0.9712271423404276,0.9918664697487221,0.9898170860050778,0.43878457056769266,-0.08269255009195856,0.07438141324498973,0.7512430369263595
Gugudan SeMiNa,2,3,0.31723351840298564,0.16740575670559513,0.7119093338909149,-0.16776716304967323,-0.36976178855617775,0.028184946587347826,0.7859257024702987,0.9785159510692952,0.9933835195326232,0.989997881634353,0.5422800256805447,-0.2626878905000067,0.13180393147872893,0.7552016002587836
Pristin,3,10,0.001421545320755239,-0.04389288059709917,0.030402692400753408,-0.010217470414706165,0.16981706541033378,0.3506663343291603,0.8579139760965435,0.9858994093546211,0.9955267173759972,0.9942068228127489,0.7203173357581866,0.20206335147359264,0.029506190424007418,0.8368426519938141
Pristin V,1,5,-0.06316722702589851,0.22882711910511438,0.12088375462179146,-0.15974627194784013,0.0752560974760686,0.6298011550876355,0.9059174188339798,0.9917732157939871,0.9976185434457079,0.9975595330143439,0.8359476218964126,0.41440675540763694,0.04041069444584716,0.9045339732351309
JKT48,13,33,0.00384861690091003,-0.029417384618707607,0.022745389177530797,-0.019654068043362057,0.015453295056747822,0.10394851239412009,0.6416469311260118,0.9604915730304805,0.9874037311609964,0.9871395572736921,0.3762505625094582,-0.0007394293443718307,-0.0014048303053762032,0.7361260609970601
Q99286194,8,4,0.004817763590155566,0.5429067783804928,-0.058560632304073025,-0.12522148661119092,-0.029174365919763152,0.3160508253928494,0.9447010448850407,0.9826060404190636,0.9986462966669071,0.9983619244205074,0.7535928228612935,0.16604918095376373,0.06695361142712428,0.8480732263568737
Negativa,16,3,1.0,1.0,1.0,1.0,1.0,1.0,1.0,1.0,1.0,1.0,1.0,1.0,1.0,1.0
HINAPIA,1,5,0.0759357484906868,-0.05906052200217783,0.03695519965176118,-0.07511329039307033,-0.025356065224431283,0.26549875613598906,0.8297619489578334,0.9720836485762865,0.9908932834623208,0.9912757506623731,0.6350821590572574,0.135043359301877,-0.009327785895446293,0.8099026775589605
Criminal Jokers,8,3,0.08603405869836396,-0.09175077827482443,0.19122293604295018,0.6852337737037232,0.27067857330425943,0.5294942624930697,0.9073393785824376,0.9843456348888103,0.9961640538653648,0.9928450068012303,0.8181230561877735,0.32096832712078716,0.22828371269489445,0.8820376673261826
I'S Wing,5,4,-0.16170166742727046,0.2811555222051122,-0.23707708494147786,0.10276129868534357,0.6652290133181258,0.21024304993662632,0.8002002541297007,0.9770313385172725,0.993171811619757,0.9951956435891489,0.6700352398004035,0.06781927729964614,0.13007341636796665,0.795168419558501
Apple.B,1,5,-0.16612232125947068,-0.04220919574067955,-0.06567536812391883,-0.0960701181692515,-0.24145253086393756,0.433240967013678,0.8671498111295948,0.9942249111486309,0.9984825315016213,0.9980412658519902,0.7842492603029949,0.3127653155278415,-0.12230590683145162,0.8582278973291029
Minx,2,5,-0.24775936698313386,-0.04980795380014434,-0.24301159160358954,-0.17572715873454497,-0.08112619417714424,0.5112753194819736,0.9566550729009953,0.990227696046159,0.9967280890768098,0.9933531021571035,0.8154303844480107,0.3261233460434556,-0.15948645305971137,0.8896478559326081
Farafina,46,5,0.9999792837123985,0.10228597374541412,0.9184371034448364,0.7277695651063555,-0.04537124648016688,-0.21268995711606303,0.0009832106442078437,0.5898123765987416,0.904751751683811,0.9002893106007427,0.3454745436004377,-0.1811602364846688,0.5406201359057675,0.436629338482288
Minisex,12,4,-0.2646402074560099,-0.1709533858213815,-0.17892960331892524,-0.02819695937578461,-0.3100463227934157,0.8696712299303249,0.9961824925231185,0.9940884944181835,0.9994324712391894,0.9988366081367624,0.9668076628967098,0.8592793577953772,-0.1905532957531034,0.9716422592495156
A.C.T,30,7,0.5785519841788765,0.013047842431096048,0.7262280856103499,0.44782821611243295,0.33296786756988117,0.5664783470543188,0.8642667312691972,0.9827329136359909,0.9972803654862313,0.9942497759150668,0.7941762030350359,0.3108300792014026,0.41972479918052735,0.8810016266721611
Blind Fool Love,5,3,-0.22356921208671462,-0.2119573496316103,0.040348878904910346,-0.32386475220373356,-0.33565254327378113,0.1579641328630127,0.9223853688770415,0.9883190322682333,0.9967490359468366,0.9955469787103871,0.7200813376362484,0.052879175387828235,-0.21093899565818583,0.8121929097331023

