name,birth_date,death_date,age_at_death,cause,sun_sign,sun_element,sun_saturn_hard,moon_saturn_hard,mars_sign,sun_neptune_aspect,cos_return_Sun,angle_return_Sun,cos_return_Moon,angle_return_Moon,cos_return_Mercury,angle_return_Mercury,cos_return_Venus,angle_return_Venus,cos_return_Mars,angle_return_Mars,cos_return_Jupiter,angle_return_Jupiter,cos_return_Saturn,angle_return_Saturn,cos_return_Uranus,angle_return_Uranus,cos_return_Neptune,angle_return_Neptune,cos_return_Pluto,angle_return_Pluto,cos_return_North Node,angle_return_North Node,birth_doy,death_doy,days_from_birthday
Marilyn Monroe,1926-06-01 09:30:00,1962-08-05,36.17522245037645,overdose,Gemini,Air,False,True,Pisces,False,0.46241615438891304,62.456872241166096,-0.5962647575772474,233.39715359026266,0.2771797335577552,73.90804573587397,-0.8491120035069426,148.11521695661423,0.02904166447687333,88.33580120356606,0.9699985136957561,14.070218040454336,0.23765326093655142,76.2519247938279,-0.8723817042877126,150.73659964111474,0.19858455370243389,78.54580021683228,0.5660047346233222,55.527909000514526,0.9381077960581995,20.26382456268861,152,217,65
Elvis Presley,1935-01-08 04:35:00,1977-08-16,42.600958247775495,cardiac,Capricorn,Earth,False,True,Libra,False,-0.8036092773410033,216.52384153749003,-0.967950393846162,194.5450684325046,-0.5405861679779332,237.2764492411284,-0.9732378089447868,166.71468650015538,-0.3839357871349993,247.4223114940228,-0.7515995084701175,221.27087714724854,-0.9963347354102507,175.09292116309294,-0.982914239706951,190.6065729953771,0.018488887452933252,88.94060441809381,0.22330949880380507,77.09650949672083,-0.2424835310733156,255.96683313596014,8,228,145
John Lennon,1940-10-09 18:30:00,1980-12-08,40.16153319644079,homicide,Libra,Air,False,False,Libra,False,0.49611756241763666,60.25652930156963,0.7954180925701846,322.69476339053284,0.9028472156363572,25.4651178746372,0.265675521209933,74.59290376649702,-0.1712325960596819,99.85949252272133,-0.802700706412317,143.3887802797073,-0.8200417300438507,145.088971307886,-0.9996287405902127,181.56131237674825,0.06730125024780685,86.14100546502098,0.18299522780770033,79.45572780018085,0.5472343770764528,303.17748578684007,283,343,60
Michael Jackson,1958-08-29 07:33:00,2009-06-25,50.81998631074607,overdose,Virgo,Earth,False,False,Taurus,False,0.4787968710156434,298.6068532105663,-0.9110901879475839,155.65644483943717,0.32746131353241836,289.1147597913811,0.05602902355630521,273.2119085752839,0.998041022242609,356.4130666583766,-0.47612323304054566,118.43250884074598,-0.05067370467359104,267.09536658623324,-0.729623234825984,223.145182204379,-0.40230362911998285,113.72226866577628,-0.49674807975358715,119.7850868927406,-0.12205815203744037,97.0108993059446,241,176,65
Prince (musician),1958-06-07 18:17:00,2016-04-21,57.869952087611225,overdose,Gemini,Air,True,False,Aries,False,0.7111854284996761,315.3314470756933,-0.5805100200902016,234.51357726571965,0.9761007832289601,347.4484251336427,0.9505321703683189,341.90303192200724,-0.3673580038912695,248.44722946905378,0.7858797365545968,321.80211649768694,0.9924127296483103,352.9375500174863,-0.3030237215120424,252.36069430393255,-0.6285872661964054,128.94597033708902,-0.7375544891240314,137.52351013136916,0.7735455577295348,320.67335328201875,158,112,46
Whitney Houston,1963-08-09 20:55:00,2012-02-11,48.506502395619435,overdose,Leo,Fire,True,False,Libra,True,-0.9951927316187013,185.620318778304,-0.996114021380303,174.94724114080586,-0.9673536101942712,165.3193981870333,-0.6043054111265895,232.8211236643267,0.9536827096340542,342.4934769558769,0.9680081671214368,14.531882104900706,-0.35047552708200413,249.48359677311498,-0.8845116760523096,207.80851222974124,-0.29799557804556237,107.33725259934278,-0.46451762812531366,117.67900823814782,-0.785789169709614,141.79372583095875,221,42,179
David Bowie,1947-01-08 09:00:00,2016-01-10,69.00205338809035,cancer,Capricorn,Earth,False,True,Capricorn,True,0.9991070571449047,2.421485013271422,-0.9886657843028597,171.36535631346516,0.9368342248811726,20.473473689253865,0.9799891877202032,11.481453632729597,0.29305714597899407,287.04107184262625,0.5240606980884844,301.60503141126105,-0.5776426929814681,125.28491245274118,0.4692139618535545,297.9832851893648,-0.8385520092448722,146.98752976804136,-0.8880710000894255,152.63184163594005,-0.26471645252171155,105.35010504628869,8,10,2
Amy Winehouse,1983-09-14 22:25:00,2011-07-23,27.852156057494867,overdose,Virgo,Earth,False,False,Leo,True,0.6263610464700893,308.7821545166306,-0.5380530496271315,122.5511995974224,0.8974588386981827,333.8260275909606,0.8702398221847576,330.4865203502549,0.5309084514028831,302.06685579844157,-0.8969501409738759,153.76002840126515,0.9385638398988517,339.8117540570372,-0.48473230119452243,118.9949350022899,0.44100703591107865,63.831848346498646,0.38120534435629083,67.59163553838962,-0.9997501064890258,181.28092636299164,257,204,53
George Harrison,1943-02-25 00:05:00,2001-11-29,58.757015742642025,cancer,Pisces,Water,True,False,Capricorn,False,0.03177376170627674,271.82080890563384,-0.9410010283131,199.77964870737853,0.41268771916302666,294.3737853146585,-0.5462534696667994,236.88963695329878,0.850424063421982,31.74217714964516,0.9998360939972515,358.96261254477116,0.9947009424374134,5.901044840075585,-0.1637067257558989,260.5778862198382,-0.5754096848787499,125.12832772738062,-0.6338511154896085,129.3348258417925,0.5515979504732367,303.47670825863077,56,333,88
Freddie Mercury,1946-09-05 06:05:00,1991-11-24,45.215605749486656,disease,Virgo,Earth,False,False,Libra,False,0.18005875262654678,79.62681800259313,-0.993284866866932,186.6436733670952,-0.3404542715454342,109.90455315604461,0.9790993673187977,348.2651732814072,0.7699160859382465,39.65364595799949,0.7255368495162464,316.5135257191739,-0.9994795616371834,178.15140779104956,-0.9396157282340216,200.01287719165276,-0.13109621395289928,97.53294290861595,-0.14654980096618342,98.4270350444308,-0.9032547981542518,205.41075010126974,248,328,80
Kurt Cobain,1967-02-20 19:20:00,1994-04-05,27.11841204654346,suicide,Pisces,Water,False,False,Scorpio,True,0.7192992619748619,44.00334352406492,-0.8162543894676805,215.2884174454172,0.9962843565078423,4.940708306492581,0.783431406635789,38.42416559417825,-0.77761387907791,141.04262062233113,-0.29250925604873274,107.00824139346608,0.9343157796989899,339.1178840942186,-0.5418351322839565,122.80865184133319,0.5166667871561197,58.89106942634933,0.3756975360596038,67.93256861874681,-0.9638046243230295,195.46261381139465,51,95,44
Janis Joplin,1943-01-19 09:45:00,1970-10-04,27.704312114989733,overdose,Capricorn,Earth,False,False,Sagittarius,False,-0.3024113202038558,252.39750968061983,-0.7557389175739914,139.08997670518582,-0.7048313427187649,225.1840799050427,0.12014488655508823,276.9004644646004,-0.08331184505135304,265.2210436369064,-0.3364785607538134,109.66247356458493,0.970118782750271,345.9581547118429,-0.6232197232922617,128.55163884463516,0.545732714023371,56.92525102496995,0.6230190502435392,51.463061738184365,-0.9974322957347939,184.10679574690909,19,277,107
Jimi Hendrix,1942-11-27 10:15:00,1970-09-18,27.805612594113622,overdose,Sagittarius,Fire,True,False,Scorpio,False,0.35207008024348296,290.61398285068765,0.213190497034031,282.3093893620961,0.21245490118824803,282.26625464315066,0.8882037383484779,332.6483901673978,0.38095097134485884,292.3926004541114,-0.18614562562723974,100.72793219313155,0.9565795656073669,343.0539372083322,-0.5850169870855203,125.8041900803029,0.5465945384261974,56.86630370201365,0.6432419132481417,49.96601220954574,-0.9992965592711892,182.14920007448418,331,261,70
Jim Morrison,1943-12-08 11:55:00,1971-07-03,27.564681724845997,overdose,Sagittarius,Fire,True,False,Gemini,False,-0.9033921610256974,205.39240267243986,-0.9971839224459235,184.30092535946937,-0.9136081996840689,203.99116018383117,-0.5645227795536314,235.6308411687686,-0.344422762125816,249.85343698843985,-0.004636168056041757,90.26563381432163,0.9268890141858257,337.95494823346417,-0.5457988426007466,123.0792706573111,0.5490703579594561,56.696741007370605,0.6615537792667863,48.58151924457846,-0.9929342075585372,186.8151296094339,342,184,158
Frank Sinatra,1915-12-12 03:00:00,1998-05-14,82.41752224503765,cardiac,Sagittarius,Fire,False,False,Leo,False,-0.9024852635024905,154.4866916846342,0.4099939268325174,294.2044532951897,-0.6733786005623227,132.32836545078746,-0.008199657706509465,90.46981104471143,-0.07739451715032863,265.561181911528,0.9993056421920371,2.1352779966240405,0.21322710102590664,282.31153597413066,0.9999996626200189,359.9529350829889,-0.9999948110893253,179.81542370875982,-0.9027741373224929,154.52514559799852,-0.8999180344193026,205.85270468194074,346,134,153
Dean Martin,1917-06-07 11:00:00,1995-12-25,78.54620123203286,disease,Gemini,Air,False,False,Taurus,False,-0.9557157811324916,197.11504309193916,0.7700989404966468,39.63722554589941,-0.5458904260187628,236.91446674757782,-0.7956683548622124,217.28157090795386,-0.5816657005705117,234.43221537587726,-0.8390240291654496,212.962797438915,-0.6301683674237405,230.93745452822918,0.9085507434279199,335.30583706343987,-0.9891410991358279,171.54868389723322,-0.850446925745518,148.26031280682247,0.1865288012565865,280.7502779058532,158,359,164
Sammy Davis Jr,1925-12-08 10:00:00,1990-05-16,64.43258042436688,cancer,Sagittarius,Fire,False,False,Scorpio,False,-0.9369802655700721,159.55046235723339,-0.8174967806505403,144.83499127874694,-0.7015883980154546,134.55458072015466,0.3201557146984603,71.32765789158236,-0.5362393127018846,122.42799764175294,-0.9707058045118137,166.09745368646094,0.4245440816146918,64.87819132047841,0.3020807777529141,287.58262240856357,-0.7612863292837905,139.57772943763297,-0.5287710369390485,121.92245629521675,-0.9714030890703043,193.73528317437405,342,136,159
Nat King Cole,1919-03-17 06:00:00,1965-02-15,45.91649555099247,cancer,Pisces,Water,False,False,Aries,False,0.8746693655677468,331.0058692756397,0.7326120790279991,317.1058231688947,0.5982248566256014,306.74286787605655,0.3473354435821716,290.3244252820163,-0.9780808095054678,167.9816077295133,0.6709357504266859,312.1393276086136,-0.9715192764211336,193.70721787984144,-0.9692734692010682,194.24009028075608,-0.2284194608666331,103.20403664591893,0.3263169025395626,70.95462176945297,-0.9787376288271923,191.83630114277253,76,46,30
Ray Charles,1930-09-23 12:00:00,2004-06-10,73.71115674195757,disease,Virgo,Earth,True,False,Cancer,False,-0.17018634204883915,260.2013464499221,-0.9624491704435937,164.24871963443192,-0.2844631852259817,253.47323673356823,-0.8573798478852438,210.9763469102279,0.9946873704695267,5.908603593299219,0.594687782013399,53.50962201298812,-0.9906811609784666,187.82810014097856,0.7971373284219004,322.8576003493454,-0.9451891354947078,160.94210773837895,-0.8678814151851039,150.21337188119122,0.9691415808553521,14.270777762977517,266,162,104
Johnny Cash,1932-02-26 07:30:00,2003-09-12,71.5400410677618,disease,Pisces,Water,False,True,Pisces,False,-0.9750858246051305,192.81641938263073,-0.913266812633302,155.96077825650508,-0.9831191364115819,190.54260169298806,-0.9387091461655629,159.8358921954885,0.9999487018218332,0.5803506264932139,0.949897666384619,18.21364052460126,-0.9473533751472466,161.32558938769705,0.6829588026871964,313.07528923529543,-0.900385319820312,154.2087621190506,-0.8393473240115702,147.07126269206947,0.5555693387207653,56.250061625259434,57,255,167
June Carter Cash,1929-06-23 14:00:00,2003-05-15,73.88911704312115,cardiac,Cancer,Water,True,False,Leo,False,0.7951034864125258,322.66503128975546,0.4710886089000852,298.10498372120867,0.8472831433817993,327.9173872786551,0.9551823578551836,342.781408156135,-0.9851650965981279,170.1186029365037,0.3729201937318552,68.10417368774719,-0.9999178821182051,180.73427623331207,0.782095800965855,321.4528675153069,-0.9615995877929674,164.07038720170473,-0.8811723644987456,151.7841100193257,0.9821785513075875,10.833186753345728,174,135,39
Roy Orbison,1936-04-23 14:50:00,1988-12-06,52.61875427789185,cardiac,Taurus,Earth,False,False,Taurus,False,-0.7509064405382102,221.33104231659755,-0.9360511687731928,159.39863752155296,-0.8657800641686855,210.0281019136104,-0.8613040917411207,210.53667693419135,0.7950740481312355,322.66225023694597,-0.9069929848331854,155.0930566690484,0.24074685277357705,283.9306243979874,-0.57551671014004,234.86417424343682,-0.4182821123792511,114.72617748429434,-0.31799800017062796,108.54189554388826,0.4659079814664179,62.23099911070386,114,341,138
Buddy Holly,1936-09-07 15:30:00,1959-02-03,22.403832991101986,accident,Virgo,Earth,True,False,Leo,True,-0.8581504969245773,149.1095507373797,-0.9825871733290547,190.70790430907095,-0.41802796022403427,114.7101468415348,-0.8660231306554638,149.99973951963244,0.15628264491497215,278.9911930249508,0.9587994538181293,343.4959090994024,0.23646184284753022,283.67780907980983,-0.08655640348991116,94.96553012337284,0.6359642032954154,50.50846563760976,0.816717476897254,35.242462208769325,0.28619790713914617,286.63046655952894,251,34,148
Ritchie Valens,1941-05-13 02:00:00,1959-02-03,17.724845995893222,accident,Taurus,Earth,True,False,Aquarius,False,-0.13924639077788925,261.99575951278445,0.999869855971154,0.924388350970446,-0.40386122190132234,246.1802148880202,0.10112206390739237,275.80378755800933,0.01439207287473646,89.17536649619694,-0.999148743731214,182.36427834598027,-0.7120447530988193,224.5984734769719,0.2010170438550153,78.40356071633649,0.7443525434576999,41.896482578758594,0.8549763423768456,31.24287870986764,0.9557720082562554,17.104092794025973,133,34,99
Big Bopper,1930-10-24 12:00:00,1959-02-03,28.27652292950034,accident,Scorpio,Water,False,False,Leo,False,-0.23442544062358783,103.55775689530842,0.9635316141464403,15.521176936061096,-0.256904831820666,104.88648475178937,0.03490656660162523,87.99959467765714,0.4262455564003932,295.2295285691315,-0.6296924736236886,129.0274374407463,0.9979233628040997,356.3068824672745,-0.5243921116342499,121.62732951775617,0.4735424619600312,61.73550777366185,0.7366556168398446,42.55270068382271,-0.9926392318155441,173.0438977723092,297,34,102
Otis Redding,1941-09-09 06:00:00,1967-12-10,26.247775496235455,accident,Virgo,Earth,False,False,Aries,False,-0.027602298538418685,91.5816961000703,0.944806134956066,340.8750154749449,0.4382971484053321,64.0047171095311,0.9829071874385775,10.608768012546363,0.22535393204270676,283.0236915060728,0.24675111886696138,75.71465694348034,0.603202525068575,307.0996075804712,-0.47839468629270315,118.58060883724093,0.5308162773085916,57.9393759986082,0.6727699462259377,47.718787756294546,-0.8455981546138388,212.2639200617263,252,344,92
Sam Cooke,1931-01-22 12:00:00,1964-12-11,33.883641341546884,homicide,Aquarius,Air,False,False,Leo,False,0.7429041685166289,317.97939733204225,0.9996274321234809,358.4359385278194,0.9982743360649797,356.63350312807785,0.9075002108666289,335.16215319512355,0.7911904276850122,37.70310162334272,0.562114512947045,304.20215690273585,0.7261366683140621,43.436512455812306,-0.8904627056323174,152.9314479587384,0.2848832953500141,73.44812728302193,0.5481102970298428,56.762532203422424,0.4291440732978158,64.58674685710936,22,346,41
Marvin Gaye,1939-04-02 23:30:00,1984-04-01,44.99657768651608,homicide,Aries,Fire,True,False,Capricorn,False,0.999977652608996,359.61695318735667,-0.962714032949278,195.69528045558266,0.9521989946263519,17.78695004732863,0.9450314198373078,19.08554766018102,0.7805338395234065,321.3094792631445,0.34414819847778877,290.12980731383857,-0.9034766887608633,205.3811062285447,-0.8856935750516481,207.66300591917278,-0.1738913399334358,100.01414740593353,-0.03554992592820204,92.03728999168874,-0.8689000418397453,209.66893221366217,92,92,0
Barry White,1944-09-12 16:00:00,2003-07-04,58.80355920602327,disease,Virgo,Earth,False,False,Libra,False,0.3806249630404703,292.37239967553467,0.740242043366221,42.24796196693826,0.5219844110575785,301.46545624197586,-0.19255929260040688,258.89782059461606,-0.8368677368601838,146.81082355354647,0.9286191672489567,338.22058140733213,0.9955921603269399,354.6184153108645,-0.18378727200437903,259.4095640725312,-0.6311304119478472,129.13357160646953,-0.6219601565223419,128.45941720548495,0.538986799740077,302.6146925187153,256,185,71
Isaac Hayes,1942-08-20 08:00:00,2008-08-10,65.97125256673512,cardiac,Leo,Fire,False,True,Virgo,False,0.98915751560063,351.5550862541453,0.9996175197051911,358.4152673476883,0.9752995955545362,347.2389128150495,0.8534938349565951,31.40626362360601,0.9767904573210141,12.36842786231611,-0.9995213743390915,178.22722775640182,0.04395515066132505,87.48074371099482,0.30096013017768036,287.5152798867864,-0.8149130055631485,144.57876098510695,-0.7957460339039366,142.7257773128178,-0.9611115344829719,163.96881605308184,232,223,9
Luther Vandross,1951-04-20 15:00:00,2005-07-01,54.195756331279945,cardiac,Aries,Fire,False,False,Taurus,False,0.341692048658386,70.0200036111548,-0.8632844712386447,210.31261215489886,0.04084038559436382,87.65936729264322,0.5341238737967965,57.715485815857306,0.9110344430102973,335.6486975865015,-0.9843271089192612,190.15736469191927,0.5201720137269332,301.34379054486374,-0.4281314023414456,244.6509674321299,-0.48939794943660203,119.30101821788296,-0.5777495490368164,125.29241307953467,0.8505247924259632,31.731205349261586,110,182,72
Rick James,1948-02-01 12:00:00,2004-08-06,56.50924024640657,cardiac,Aquarius,Air,True,False,Virgo,False,-0.9988044320324795,182.80199943952485,-0.9924176635655321,172.93984961807064,-0.9878648550542646,188.93511775027937,-0.20082388990605132,101.58514199832558,0.9938679293939244,353.6516131908959,-0.0318892617943155,268.17257007157474,0.8715767125169855,330.6423838230944,-0.28927300032887093,253.18556337586807,-0.5162054654786848,121.0780640641326,-0.5859920888659461,125.8731075008437,0.9742973059408073,346.98148104404316,32,219,178
Donna Summer,1948-12-31 22:00:00,2012-05-17,63.37303216974675,cancer,Capricorn,Earth,False,False,Capricorn,True,-0.7290865738519392,136.80987288197935,0.15197296003527247,81.25872017251226,-0.4100934798726805,114.2107071954797,-0.9863722611829677,189.46986901921184,-0.7372790305379905,222.49985635731537,-0.6916233991639092,133.75875275170935,0.6697915782124951,47.949019252026915,0.1605294997582362,279.2376316067299,-0.7425951476863932,137.95295407649317,-0.7996736107749983,143.0989457724881,-0.8265498572549907,214.2540609398499,366,138,137
Etta James,1938-01-25 08:00:00,2012-01-20,73.98220396988364,disease,Aquarius,Air,False,False,Pisces,False,0.9963720436702955,355.11797450406164,0.8897886562064226,27.153298474417483,0.9912309062131751,7.5933402961377965,0.8166877735953992,35.24541142976568,-0.9985417647762369,176.90540220418686,0.11919012370908239,83.15463536511083,-0.8800914714027559,208.34660046872378,0.7838835109062997,321.61753426674994,-0.931243235761218,158.62944943796154,-0.9343915188388016,159.13006192081087,0.987630814447067,9.021045158647269,25,20,5
Dinah Washington,1924-08-29 04:00:00,1963-12-14,39.28815879534565,overdose,Virgo,Earth,False,False,Aquarius,False,-0.2797926945528426,106.2478324653348,-0.22890621228965136,103.23268445265424,-0.25083987485218734,104.52721720769031,-0.9995359026072824,178.25434268670784,0.6173481288374122,308.12273834937787,-0.483091246779698,118.88749160789962,-0.3470200643387333,110.3051568747008,-0.9847163618828126,169.96989006818947,0.07019517314901834,85.97480260874156,0.48364659523540193,61.076160991057364,0.766490522618956,320.03977838426067,242,348,106
Billie Holiday,1915-04-07 02:30:00,1959-07-17,44.27378507871321,disease,Aries,Fire,False,False,Pisces,False,-0.13853474001336863,97.96306683506201,0.8514546568755187,328.37024012283524,-0.8106956152070587,144.16395068061908,-0.9999844260652353,180.31976974418095,-0.911881724773442,155.76670107617585,-0.38352555933375576,247.44776435860322,-0.995487881426933,185.44491765821778,-0.9999788234853076,180.37287703674062,-0.1138282673155724,96.53604592458566,0.46355549442349164,62.3832238760086,-0.7240781502700264,223.60778526568768,97,198,101
Ella Fitzgerald,1917-04-25 16:00:00,1996-06-15,79.13757700205339,disease,Taurus,Earth,False,False,Aries,True,0.6455727723751457,49.79136643235958,0.9926639500227,353.0556015861536,0.9927937727045278,6.882603574597702,0.7381077132081783,42.42952972689867,0.7766020459817263,39.04949379097401,-0.49813522392589643,240.12329609481753,-0.309369209967684,251.97877972404973,0.9441901282582229,340.76757890329685,-0.996302717655984,175.07152181495013,-0.8524649093750675,148.48078726923188,-0.011822780805915629,269.32258877587356,115,167,52
Sarah Vaughan,1924-03-27 17:00:00,1990-04-03,66.01505817932923,cancer,Aries,Fire,False,False,Capricorn,False,0.9931345170043644,6.71772098172704,-0.92802863030083,201.87042949673128,0.9596666052651182,16.32828786181424,0.11146526514200918,276.399788575118,0.8301320114169124,33.88769884505217,-0.9733105307144467,193.26716971642654,0.10689352269563414,83.86372850001521,0.35750761166501455,290.9472085967558,-0.8355044067936696,146.6683970607907,-0.6022880447151708,127.03394313331972,-0.9570238218514173,163.14148613387823,87,93,6
Nina Simone,1933-02-21 06:00:00,2003-04-21,70.1574264202601,disease,Pisces,Water,False,False,Virgo,False,0.5180028077445014,58.80162110969832,0.9671473447937512,345.2728377301199,0.4014940315864027,66.328389115976,0.736813984543248,42.53928151009853,-0.7140191888986192,135.56287569701635,0.744974363208169,318.15689696983804,-0.7074197054357548,135.02536138646173,0.6598580097946897,311.289044711382,-0.8989655890423065,154.02242990114274,-0.849329737250246,148.13884258612978,0.12211069502690132,82.98606751347427,52,111,59
Ike Turner,1931-11-05 08:00:00,2007-12-12,76.09856262833675,overdose,Scorpio,Water,False,False,Sagittarius,False,0.786588379511897,38.13217647676754,-0.6811409291879741,132.93286373455777,0.909332852409874,24.58668111987504,0.9460513857013287,341.0939916207309,-0.8372109514431847,213.15323564053972,-0.6123468638228565,127.75939063265903,-0.6389419382791257,230.2870323263472,0.852525077635739,328.48738216885454,-0.9516304847137266,162.10672721920676,-0.9155575921667835,156.28503702364634,0.8488801655957599,328.0900781291008,309,346,37
Chuck Berry,1926-10-18 06:59:00,2017-03-18,90.41204654346338,cardiac,Libra,Air,False,False,Taurus,False,-0.8982587990097141,153.9301296907002,-0.15208542715670545,261.2522004964244,-0.8347743877026336,146.59235320469608,-0.9937797256976736,173.60607150728333,0.9825984315875613,349.29556795433257,-0.44769518221819127,243.40409488282722,0.8404670949139846,32.81052339498072,0.894616262017279,26.540817666405133,-0.9620382881991386,195.83777129691364,-0.9984566724732105,183.1836297332252,0.6259859811469004,51.24540750580685,291,77,151
Little Richard,1932-12-05 13:00:00,2020-05-09,87.42231348391513,cancer,Sagittarius,Fire,False,False,Virgo,True,-0.9143136631442653,156.10844539396948,-0.05504576874139267,266.84451486158724,-0.959497263006292,163.6372359899931,-0.7537825737934547,221.0808928377493,-0.9775351882289773,167.83238610064052,-0.5830673432787109,125.66657369378916,0.999933812029428,0.6592187604169908,0.9528309551605549,17.668034282471826,-0.9840229895413802,190.25570023850182,-0.9994858128641294,181.8374555616724,-0.32681035743988895,109.07529107953138,340,130,155
Fats Domino,1928-02-26 12:00:00,2017-10-24,89.65639972621491,natural,Pisces,Water,False,False,Capricorn,False,-0.579133072288559,234.6104093620467,-0.7790335136082029,218.82783019947277,-0.36355240761359925,248.68147748267216,-0.377038372020999,247.84964717590026,-0.4627994119045674,242.43210351381907,-0.8990604999366381,205.96515237219543,0.9952001898466941,5.615953772606758,0.9102816399509012,24.45569886232909,-0.9697286020770883,194.13368990081958,-0.9994837206671026,181.84119033675358,0.4088102445873879,65.86988188615709,57,297,125
Bo Diddley,1928-12-30 12:00:00,2008-06-02,79.41957563312799,cardiac,Capricorn,Earth,False,False,Gemini,False,-0.8968439536961197,153.74627095890457,-0.08960858096173645,264.8589105522922,-0.9015829077175769,154.36691979310865,-0.3195884281733421,108.63803659804717,0.6829685636611067,46.92394512595516,-0.15620045133970992,261.01357487518754,-0.3591811650653029,248.95008291286928,0.9809972300809033,348.8124181158396,-0.9926565904876019,173.05211487186637,-0.9553336390445407,162.81071357786806,-0.10679249836916713,263.869550090904,365,154,154
Muddy Waters,1913-04-04 12:00:00,1983-04-30,70.06707734428474,cardiac,Aries,Fire,False,False,Pisces,False,0.9028532444405332,25.464314476874037,-0.020723047558345965,268.8125718367926,0.585627345972275,54.15267849990158,0.7951510353447222,37.330476359121164,0.2724478271680261,74.19002110669959,0.7976431162963202,322.9056222934414,-0.8624147737163876,149.58880440150216,0.5191237694520281,301.2734940205812,-0.9120815373976819,155.79460833036222,-0.4956674064387828,119.71376950579692,0.0915371860164434,84.74795355244206,94,120,26
Howlin Wolf,1910-06-10 12:00:00,1976-01-10,65.58247775496235,disease,Gemini,Air,False,True,Cancer,False,-0.8601517064963512,210.6663792442808,0.02736831914889869,271.5682850019153,-0.3664034483745147,248.5060211361232,-0.8381365748579471,213.05613349736544,0.7752258800025814,320.8255161228149,-0.9794573256234843,191.63355376959015,0.04113788462661865,87.64230751645454,0.20991614032424605,282.11743790048257,-0.8184142372985971,144.9263664310458,-0.2675014693576937,105.51564365819567,-0.9890127702830396,171.4988011050273,161,10,151
BB King,1925-09-16 12:00:00,2015-05-14,89.65366187542779,disease,Virgo,Earth,False,False,Virgo,False,-0.49549302266921647,240.29773393556678,-0.8660173231701205,210.0009259572331,0.09611782908654955,275.5156611451024,-0.3959998722580044,246.67165186627324,-0.3484536250391787,249.6072389501649,-0.8505439082592865,211.7291227937089,0.9317511229561606,21.290550677741976,0.9062060937716097,25.013783342827196,-0.9605942148661564,196.1381661350506,-0.9999046923664213,180.79105179952137,0.4079121126364062,65.92625570465125,259,134,125
Albert King,1923-04-25 12:00:00,1992-12-21,69.65639972621491,cardiac,Taurus,Earth,False,False,Gemini,False,-0.5646149754437771,235.62444121086048,-0.1631871910150687,99.39194087025444,-0.9352660072563922,200.72883716219172,0.7202535324178372,316.07541651102883,0.6725256255519984,47.73770565804347,0.8397182781737466,327.1103824398094,-0.49784877193247096,119.85777766189068,0.5124059092100257,300.82421944285295,-0.8876725221269393,152.58221859667572,-0.7068280897353796,134.97742250630503,-0.047142141746066776,92.70204722014722,115,356,124
Stevie Ray Vaughan,1954-10-03 15:00:00,1990-08-27,35.89596167008898,accident,Libra,Air,False,False,Capricorn,False,0.8100418567679324,324.1000211373344,0.8921051348301569,333.138980890675,0.7460988538608706,318.253569167305,-0.0950680069349426,264.5447659615498,-0.6295087099766606,129.0138853435459,0.9961743725039566,5.013344185400314,0.32588200307767995,70.98098056463476,-0.9301510321539703,158.45837037615203,0.22851273635776062,76.79047387566112,0.1871903031578234,79.21114128860214,0.9012590984662386,25.675933153123538,276,239,37
Duane Allman,1946-11-20 14:00:00,1971-10-29,24.93634496919918,accident,Scorpio,Water,False,False,Sagittarius,False,0.925583359086815,337.75648557587715,-0.6601984330200408,131.3150081767409,0.9784981199752202,348.09698139934994,0.9997512975289221,358.722129978893,0.2433356994667423,75.91649994870008,0.8971587011130017,26.212931376969323,0.4420388690418106,296.2340415304773,-0.4168384948988171,114.63514873319868,0.618860556086735,51.7670260950313,0.675709127156151,47.49075776365271,-0.5349971759041183,237.65628010977014,324,302,22
Berry Oakley,1948-04-04 12:00:00,1972-11-11,24.602327173169062,accident,Aries,Fire,False,True,Leo,False,-0.8233499634178986,214.57844226683315,0.8676872617291247,330.19098657856216,-0.19761036926213185,258.6027453972255,-0.6952739018775449,134.04904766845613,0.362284736529369,68.75942402198845,0.989984546263997,8.115888719244197,0.5492096602782858,303.31280924383304,-0.4684080513328963,117.93100923230817,0.6038435737663572,52.85432784005482,0.6303637386866957,50.92303638240509,-0.43661953280760457,244.1116078823251,95,316,144
Ronnie Van Zant,1948-01-15 12:00:00,1977-10-20,29.760438056125942,accident,Capricorn,Earth,False,False,Virgo,False,0.04759224889211386,272.7278654399682,0.8645392656353043,329.8301369830757,-0.06602989118177567,266.21401138944896,-0.7940020475634058,217.4389021076059,0.7650760641852712,319.9137594956693,-0.9513494099968239,197.94561424054203,0.9924570451068224,7.041768647184057,-0.7456868212105505,138.2181256305081,0.48177954516980337,61.198308451737006,0.4942496973403873,60.37971330611603,-0.8125248909736167,144.34335876204108,15,293,87
Steve Gaines,1949-09-14 12:00:00,1977-10-20,28.095824777549623,accident,Virgo,Earth,False,True,Leo,False,0.812469243785896,35.662110429909234,-0.48890330599513804,240.73147548105635,0.9815294938498949,11.02929552686058,0.9026546353815035,334.5092313361594,0.9917522378114516,352.63615490406846,-0.9600494931150604,163.74992602893505,0.9747022879285054,347.0848907654629,-0.5943397354696287,126.46557763929364,0.49767961241876485,60.153397234452655,0.5394729390628712,57.35223326994179,-0.9981744746602758,176.53743724554982,257,293,36
Randy Rhoads,1956-12-06 12:00:00,1982-03-19,25.27857631759069,accident,Sagittarius,Fire,True,False,Aries,False,-0.24513567139704792,104.18985162529526,0.9747300556867317,347.0920109247789,0.3182199758682475,71.44468932506248,0.011117947382620601,89.36297541403178,-0.9673223998379593,194.6876562201988,0.7636229988349883,40.215357018140736,0.6952485856539209,314.04702958373844,-0.46725986594518526,117.85657500921837,0.5688044797577423,55.3330994995905,0.5616315426523243,55.83129495256702,-0.629101018649917,231.0161715780784,341,78,102
Cliff Burton,1962-02-10 07:00:00,1986-09-27,24.62422997946612,accident,Aquarius,Air,False,True,Aquarius,True,-0.7311623437983151,223.01607386075707,0.253945132263008,75.28891171938557,-0.35192604778503683,249.39483386466955,-0.16734079413826636,260.36675695249727,0.9765629992243428,347.5708757628176,0.8999211007845296,25.852301775398473,0.5103109012091657,300.68454093373896,-0.3409709938058818,109.93604329547296,0.6481878182606776,49.59488992683043,0.5491335447280831,56.69240919536773,-0.44352980574540224,243.67068553151933,41,270,136
Dimebag Darrell,1966-08-20 12:00:00,2004-12-08,38.299794661190965,homicide,Leo,Fire,False,False,Cancer,True,-0.33751742333390927,109.72569407048076,0.9958614650300106,5.214477972677088,-0.6683399386491986,131.93906940981805,-0.23682308578388753,103.6991118421772,-0.36849527828872614,111.62284709308393,0.1518733311522212,81.26449552554072,-0.4709301811163747,118.09469355765478,-0.9642022364739888,164.6230667370647,0.11038674671373476,83.66238970490812,-0.07616283237943208,94.36803881581565,0.9346852065117128,339.17734726044483,232,343,111
Bon Scott,1946-07-09 12:00:00,1980-02-19,33.61259411362081,overdose,Cancer,Water,False,False,Virgo,False,-0.7273209129443543,223.337735579869,-0.7757697256537268,140.87487076403613,-0.8115844222989791,215.74897613206707,-0.6917615518804578,226.23028677537937,0.9985775051059173,356.9435697903514,0.7388257004524915,317.6314791141831,0.5220429981789119,58.5306081866934,-0.9150377371342762,156.21108679003504,0.2354805800817216,76.38004699083857,0.326793026293928,70.92575961239723,0.3447164317532744,69.83551332698401,190,50,140
Keith Moon,1946-08-23 12:00:00,1978-09-07,32.03832991101985,overdose,Leo,Fire,False,False,Libra,False,0.9669496092890788,14.771662524416115,-0.43468887899337727,115.7654984200797,0.9648082166302225,15.24544828251635,0.9658051544148586,15.026690402578112,0.9745788999570292,12.946701604467648,0.11419010893896364,276.55691398871335,0.8410654767860412,32.74719705266402,-0.7883070198111747,142.0275801480504,0.36476774656764216,68.6067098669889,0.44798004215526677,63.38584077244744,-0.17855728039219698,100.28573673943929,235,250,15
John Bonham,1948-05-31 12:00:00,1980-09-25,32.31759069130732,overdose,Gemini,Air,False,False,Virgo,False,-0.3850407105116309,112.64626764404743,0.8592576668107152,30.766664337302302,-0.3588229220350103,111.02792522477094,0.785390949731729,38.243149199044325,0.2959065651158617,72.78809306043752,-0.044262044137133257,267.46314287985524,0.7306218306709992,43.06145032983031,-0.8438592901184023,147.5499234520231,0.3462805121118419,69.74001740445601,0.3733702935735294,68.0763772080623,-0.085074115859526,94.88028683329073,152,269,117
Tommy Bolin,1951-08-01 12:00:00,1976-12-04,25.34154688569473,overdose,Leo,Fire,False,False,Cancer,False,-0.559866995811082,124.04660011637975,0.4286802954612407,295.3838374953068,-0.36759801134897163,111.56755648595731,-0.6181759886918169,128.18305751047657,-0.7743742403312829,140.7483334445955,0.7679365125232579,39.83105062559862,0.7436469677457912,318.0430149727731,-0.47130278704258627,118.1188965380943,0.5506779985638325,56.58646105539293,0.58037223736597,54.523271907922776,-0.6453644364063164,229.80699484044538,213,339,126
Sid Vicious,1957-05-10 12:00:00,1979-02-02,21.730321697467488,overdose,Taurus,Earth,False,False,Cancer,False,-0.11333019136898694,263.4926775969138,-0.9422606076737505,199.56527119079212,-0.07514042581098127,265.6907091215243,-0.8618313669127419,210.47716527615566,-0.8054786817407921,216.34349043655573,0.6549434614005573,310.9153630381437,-0.0004517749731376055,269.97411519986906,-0.30094276772407946,107.51423673017223,0.6545143317407566,49.11716573186155,0.6257863633518568,51.26007226516947,0.49468265141893786,299.64882619135204,130,33,97
GG Allin,1956-08-29 12:00:00,1993-06-28,36.82683093771389,overdose,Virgo,Earth,False,False,Pisces,False,0.510459491156118,300.6944410644993,-0.732028098536251,137.05668725130317,0.41765615520750377,294.6866989637559,0.5256791320499686,301.71397334813514,-0.9489216359679381,161.60828340671074,0.9055264771931002,25.105715715902534,-0.05551681617162725,93.18251550265643,-0.97063456097256,166.08047490389418,0.142534937883966,81.80544115614859,0.09593980913868941,84.49458600323513,0.9910634136642503,7.6656222660014635,242,179,63
Layne Staley,1967-08-22 12:00:00,2002-04-05,34.61738535249829,overdose,Leo,Fire,False,False,Scorpio,True,-0.6843729608437057,226.81368599303315,0.48873325976982,299.25735637181367,-0.6814580705390132,227.0423128461955,-0.5730782025363289,235.03484166399966,-0.9943967234272519,186.06822475637662,0.7545995759450743,318.9903938931627,0.5146119851033726,59.028476942370304,-0.9013931106492603,154.34179393877653,0.19228335945119127,78.913931473149,0.03636766992685513,87.91582640627675,0.6374683778653769,50.3966991970899,234,95,139
Shannon Hoon,1967-09-26 12:00:00,1995-10-21,28.06570841889117,overdose,Libra,Air,True,False,Sagittarius,False,0.9070077640277511,24.90493258404075,0.08546294795747233,85.09735329390577,0.962261275001144,344.2091102554242,0.24935373231695285,75.56072730023428,0.9829273280060036,349.39750192568476,-0.3111961391509583,108.13133017560705,0.9354987696856885,339.30887460143344,-0.5194134689025418,121.29291637112479,0.4922086877273535,60.51414412611365,0.36906238942476216,68.34219596759775,-0.9987386623438913,177.12194578377594,269,294,25
Bradley Nowell,1968-02-22 12:00:00,1996-05-25,28.251882272416154,overdose,Pisces,Water,False,False,Aries,True,-0.028232707890602043,91.6178299797985,-0.2935779787121941,252.92771367241468,-0.012590718748067258,90.72141410666268,-0.8183869939160071,144.92365010629268,0.7339021334489755,42.78547095205031,-0.7238294196301562,136.37155626108685,0.9958782216516628,354.79609652993247,-0.5917579021709987,126.28185375450397,0.4840401327977263,61.05039635313585,0.34807372725331076,69.63045915350565,-0.9936099183061041,173.51929322873798,53,146,93
Hillel Slovak,1962-04-13 12:00:00,1988-06-25,26.198494182067076,overdose,Aries,Fire,False,True,Pisces,False,0.3246716490117742,71.05431686392751,0.047821265894962495,87.25899789469119,0.5306767172608093,57.94881070401763,0.8308861979674455,33.81012013811449,0.9968394595300143,355.44348548350996,0.1551993444597683,81.07164224300999,0.7507918978640985,318.6590211610018,-0.5336491354525347,122.25234541056844,0.5548466266648366,56.29984854218432,0.46804356479294956,62.09262514029513,-0.8364130083792235,213.23674177029832,103,177,74
Andrew Wood,1966-01-08 12:00:00,1990-03-19,24.188911704312115,overdose,Capricorn,Earth,False,False,Aquarius,False,0.3279299956932604,70.85681727924333,-0.7844669183630328,141.67140157704839,0.036042102734811614,87.93449226997228,0.9998433353413103,358.98578782723183,0.992588255902556,353.0198228692375,0.9900058725328557,8.107228925330858,0.6505510582753083,310.58316219999955,-0.33830343407876057,109.7735437727352,0.6054405842966453,52.739447344517146,0.5123572004038156,59.17903037761454,-0.3072306006964643,252.10758736469126,8,78,70
Kristen Pfaff,1967-05-26 12:00:00,1994-06-16,27.055441478439427,overdose,Gemini,Air,False,True,Libra,False,0.9362694643157056,20.56578692740571,-0.3265633867673691,250.93968076337188,0.9568971059241482,16.88353051526063,0.9730681026643552,13.3275601686112,-0.8437568634316699,212.4610122991437,-0.08057041759873411,94.62135410026451,0.8889270643470737,332.73873040279057,-0.5769420247687785,125.23574712574055,0.49965889836342137,60.02256453789721,0.3755511910582038,67.9416160985565,-0.9580007923100248,196.66441307094547,146,167,21
Jonathan Melvoin,1961-12-06 12:00:00,1996-07-12,34.59548254620123,overdose,Sagittarius,Fire,False,False,Sagittarius,False,-0.8062538052801153,216.26848367023567,-0.9393110997302455,200.0638154097255,-0.7307011279957455,223.05479566984613,-0.978271587998317,191.9657838345147,-0.9968548284784217,184.54541656993706,0.9175718438390087,336.5736444136475,0.335214970395405,70.4143892906473,-0.8875229806571023,152.5636173490095,0.2705030930805409,74.30579399457963,0.16612965127666485,80.43713551130327,0.6316570855507628,50.827514609502,340,194,146
Chris Cornell,1964-07-20 12:00:00,2017-05-18,52.824093086926766,suicide,Cancer,Water,False,False,Gemini,False,0.49932136250230075,299.95511185193294,0.3492215917633207,69.56028841314199,-0.3052762009667119,252.22521841522695,0.36124440697485755,291.1766389961004,0.9968302687224238,355.4368616536824,-0.7942826613801525,142.5875536228334,0.38062544575106044,292.37242958404596,-0.6622855154735461,228.5255869988076,-0.48427332956373925,118.96487390544166,-0.5988029673734471,126.78421451774668,0.526086238518372,58.25860288150058,202,138,64
Chester Bennington,1976-03-20 08:00:00,2017-07-20,41.3305954825462,suicide,Pisces,Water,False,False,Cancer,False,-0.47129956374490695,118.11868714223738,-0.9454894044889595,199.00513306992838,-0.9057107374330863,154.91917819505963,-0.1866460423372605,100.7571154026125,0.8728651800814606,29.206681488485728,-0.9742620282960975,166.97251130907858,-0.8299848982874444,146.09718672354626,-0.9901238824956633,171.9408575543182,9.005208019214368e-06,89.99948403958686,-0.12595434131288782,97.23587111676562,0.18295872675204145,280.5421449290924,80,201,121
Scott Weiland,1967-10-27 12:00:00,2015-12-03,48.09856262833676,overdose,Scorpio,Water,False,False,Capricorn,False,0.7921674245997083,37.61147547967602,0.8880147116297603,27.3751730813116,0.8165265485187915,35.26141561379458,0.7595223471804642,40.577892851525746,0.15644641571483792,279.00069325904263,0.9395892827206773,20.017304184363468,-0.4897435254065675,240.67627436040874,-0.9420068796348646,199.60863616483994,-0.23790125317265357,103.76270366310811,-0.377658334066724,112.1887097046095,-0.8630177614064141,149.65712449250165,300,337,37
Tom Petty,1950-10-20 12:00:00,2017-10-02,66.94866529774127,overdose,Libra,Air,False,False,Sagittarius,True,0.9560803010023782,342.95606887750677,0.9981507361251037,3.4850099546903834,0.9713654321738645,346.2556327853438,0.8186113200854002,324.9460222044979,-0.006936596466313793,269.6025591110159,-0.48985073704632265,240.6692285726553,0.07886673384497273,85.47657145747016,0.304560424018176,287.7317199247957,-0.8160251872880163,144.68885656091885,-0.840963429144637,147.2419956229438,-0.8198017347664553,145.0649515656014,293,275,18
Glenn Frey,1948-11-06 12:00:00,2016-01-18,67.19507186858316,disease,Scorpio,Water,False,False,Sagittarius,False,0.2785461478001497,73.82654658121524,-0.4746332453814855,118.33547335953088,0.11246848694685542,83.54236731978128,0.22205106115467654,77.17046969612315,0.8019756911868758,323.3191832968152,-0.08965676413673673,264.8561387027249,-0.1426415282835851,98.20072907068027,0.28609554372663015,286.62434562615675,-0.8106823307158377,144.1626506377471,-0.8582173492417925,149.11701233830794,-0.7694558967094299,140.30505396622937,311,18,72
Maurice Gibb,1949-12-22 12:00:00,2003-01-12,53.054072553045856,disease,Capricorn,Earth,False,False,Virgo,False,0.930183020952286,21.536637413827748,-0.1311583984530723,97.53653684977667,0.9981278596419271,3.5065062013564443,0.3857315682396762,292.6891644220857,0.5225772832296282,58.49471011759633,-0.9804959084899725,191.33467070465554,0.07359821896466158,274.220683551815,-0.5918442628808641,233.7120077984424,-0.3879281932667509,112.82564681555831,-0.5109414050927182,120.72655662766647,0.5905322676150985,53.80521137218368,356,12,21
Robin Gibb,1949-12-22 12:00:00,2012-05-20,62.40657084188912,cancer,Capricorn,Earth,False,False,Virgo,False,-0.862034486263462,149.5457881164134,-0.32796294057660336,109.14518082613358,-0.570222518068014,124.76574407238735,-0.6586803781002782,131.1993084153856,0.9510237999235576,341.99393494612366,-0.3488540961522022,110.41724252933909,0.8251680275185451,34.39446956097575,0.07541858141465504,274.32527337143176,-0.7186475217224225,135.94292992689273,-0.779630889001001,141.22679236094598,-0.6028826137331444,232.9233701839972,356,141,150
Andy Gibb,1958-03-05 12:00:00,1988-03-10,30.012320328542096,cardiac,Pisces,Water,False,False,Capricorn,False,0.995018723224253,5.721216864200528,0.04078091124384563,87.66277776318597,0.9203728139975862,336.9806457841007,0.004962630865253533,89.71566102902875,0.985158343328295,350.1163484532676,-0.9999078024795869,179.22196239623838,0.992995384574888,6.785527423008148,-0.7936646281815362,142.529307753411,0.4170544358730335,65.35123911595798,0.3146820397001446,71.65838010632956,-0.7600107490716731,139.46514551221375,64,70,6
Karen Carpenter,1950-03-02 11:45:00,1983-02-04,32.92539356605065,cardiac,Pisces,Water,True,False,Libra,False,0.8969885617692454,333.7650077851719,0.0691821071543715,86.0329884791264,0.8522478833577679,328.45700984163307,0.8451782613748658,32.30895985950275,-0.9074940844197362,155.16131755017017,0.2813593347933061,286.34135081464063,0.6697254084094162,47.954124770077385,-0.9239318031932376,157.50782731411925,0.31685951553655173,71.52689239196525,0.29100656178677814,73.08177298482204,0.11979000233936545,83.12001682270505,61,35,26
Cass Elliot,1941-09-19 12:00:00,1974-07-29,32.85420944558521,cardiac,Virgo,Earth,False,True,Aries,True,0.6407269084080812,309.84604460726814,-0.19218529035211904,101.08034279097603,-0.014051759393436652,269.1948669946944,-0.42449103436113045,244.88154819875967,-0.6244929664518604,128.64498220906938,-0.06341593576158479,266.364094729846,0.7247483652446276,43.5520811869363,-0.8060608119400299,143.71282834525232,0.34896498601281895,69.57597789687958,0.5102898858599766,59.316859178002815,0.09572607713990809,84.50688856813173,262,210,52
Dusty Springfield,1939-04-16 12:00:00,1999-03-02,59.87405886379192,cancer,Aries,Fire,True,False,Capricorn,False,0.7174877803588754,315.84745454483095,-0.9966666870566158,175.3205330424808,0.9943027529069685,353.88105479762595,0.9305644479552019,21.47702630297772,0.4504277487279327,296.77113117591756,0.9870050112221933,9.246918150147621,0.9889264733802559,8.534580667470252,-0.03759535190160264,267.8454372563972,-0.6713225390999694,132.16922124148604,-0.6591509991702893,131.23515526497505,0.20611455403632142,281.8947517609154,106,61,45
Laura Nyro,1947-10-18 12:00:00,1997-04-08,49.47022587268994,cancer,Libra,Air,False,False,Leo,False,-0.9952791057264229,174.43044149479093,-0.7389294008535039,137.6402966344076,-0.9810474355553928,168.82725380426947,-0.9615807215813911,164.06644914540578,0.7728373694707088,39.3906296243818,0.21725453452426619,77.45217041118678,-0.6346366877168186,230.60695651964858,-0.7418118780950738,222.11401064614194,-0.3213741519365609,108.74604813879,-0.3515864789836746,110.58438199540649,-0.546520863428194,123.12865550704353,291,98,172
Minnie Riperton,1947-11-08 12:00:00,1979-07-12,31.67145790554415,cancer,Scorpio,Water,True,False,Leo,False,-0.4333953943187935,244.31676579869935,-0.9072719874411191,155.13104136656753,0.06666381071344778,273.82238973037624,-0.8176566135119675,215.14910487434912,0.3613676737654596,291.18421332974134,-0.344166302444092,249.86908791719884,0.9494795518131484,18.29013024409423,-0.7814782367561438,141.39612133073524,0.39835712908555104,66.52448521504016,0.4763913902646353,61.55001797246899,-0.29871157524656894,107.38023377820997,312,193,119
Selena,1971-04-16 12:00:00,1995-03-31,23.953456536618756,homicide,Aries,Fire,False,False,Capricorn,False,0.9634365478970549,344.45848103472,-0.24734461970504695,104.3204359139043,0.8207298895559532,325.15792537619177,0.9538659668314646,342.52841552491526,-0.9215434215092009,202.84722711491946,0.9853768918157633,9.81043194059805,0.4395111275771269,296.0726933171047,-0.3265545783476213,109.05978527804783,0.6056816584728308,52.72209052893842,0.4578912497771229,62.74888280235814,-0.23082325033295698,256.6544552303334,106,90,16
Aaliyah,1979-01-16 12:00:00,2001-08-25,22.60369609856263,accident,Capricorn,Earth,False,False,Capricorn,False,-0.8028809667518817,216.59389817588647,0.03551878048203979,87.9644956386326,-0.3629604724994261,248.71787951969048,-0.6548514608363138,229.09161211106368,0.8356063383924575,326.67902717385454,0.8965657159383243,333.7102546734628,0.009651903878337757,270.55302194323946,-0.03752847161173575,92.15072807914655,0.6775845219279447,47.34482379685886,0.5972891011979301,53.324010455881535,0.22080925440366195,282.75656883398653,16,237,144
Lisa Left Eye Lopes,1971-05-27 12:00:00,2002-04-25,30.910335386721425,accident,Gemini,Air,True,False,Aquarius,False,0.8620434661781763,329.5468032478017,0.024499403053703017,88.59614714360674,0.9823390824556073,10.784139851414047,0.9463884101229081,18.846321652516195,-0.4504533214752221,116.77277230487726,-0.7770077700704139,219.01257977677744,0.962921518226294,15.651275391298874,-0.7502981537202676,138.61621148783607,0.3535649318111435,69.29448202375428,0.16887067729244715,80.27783565334735,-0.5312638597722519,122.09088857493953,147,115,32
Notorious BIG,1972-05-21 12:00:00,1997-03-09,24.79671457905544,homicide,Gemini,Air,True,False,Cancer,False,0.31627125948282825,288.4375756332446,-0.9897628722177699,188.20536460564273,0.5364579446339127,302.44283974898036,-0.3622792081398031,248.75976386114658,0.10405296724270723,84.02739329528501,0.8351377907749756,33.36981136317178,0.4834595247841519,298.9115938780523,-0.38152259251849735,112.42802747536939,0.5705080196455357,55.21434089058357,0.40359869056522535,66.1966563527044,-0.4948387461188265,240.34088236281784,142,68,74
Tupac Shakur,1971-06-16 12:00:00,1996-09-13,25.242984257357975,homicide,Gemini,Air,False,False,Aquarius,False,0.06501628908627152,86.27221158326797,-0.9981025509082325,176.46986437096245,-0.17967570755252077,100.35087126307029,0.47469893364474375,61.660250560213655,-0.9611068747417236,163.9678493120939,0.7742660528066699,39.26146229951868,0.5771511064522084,305.2504150982443,-0.3664177659781275,111.49486051833065,0.5872024379039388,54.04126498391835,0.44379121263083543,63.653973194881985,-0.6196306286053888,231.71083396745394,167,257,90
Eazy-E,1964-09-07 12:00:00,1995-03-26,30.543463381245722,disease,Virgo,Earth,False,False,Cancer,False,-0.9367716166486485,200.48372697048998,-0.6171088776297661,128.10531541555528,-0.9765659186664104,192.4283470430537,-0.8774065729957482,208.66891499375075,0.951069283176691,17.997632703202314,-0.9438796036022454,199.28636077262277,0.9570766100394857,16.84808161744496,-0.7557307936244888,139.08926593429632,0.3464300720125819,69.730882855962,0.23437474403224395,76.4452310488962,-0.6320585073193176,129.20215928906396,251,85,166
Big Pun,1971-11-10 12:00:00,2000-02-07,28.240930869267626,cardiac,Scorpio,Water,False,False,Pisces,False,-0.010191075042353375,90.58391569631249,-0.9614959026781474,195.95124390777903,0.04271825388113785,87.5516793230631,0.7661955566746174,39.986528392681606,0.9106448075373256,24.40538822011399,-0.7434313094597039,138.02453665667943,0.91816583398126,336.6593954007827,-0.5130810399891795,120.86927507499897,0.4641638832021597,62.34387658055857,0.3206860601685438,71.29558003806432,-0.9940026570675584,173.7218113452373,314,38,89
ODB,1968-11-15 12:00:00,2004-11-13,35.9917864476386,overdose,Scorpio,Water,False,False,Libra,True,0.9995385893485481,358.25940336913993,0.25496087274501555,75.2287333095681,0.8543321759167353,31.31396541084129,0.3111572405439854,288.12898501735907,0.8851520882275107,27.72975686048659,0.9840402458774222,10.250145463369932,-0.13039724481572068,97.49254816974249,-0.867487907167944,150.16801747767468,0.23217244989469418,76.57499323025087,0.0641237444023303,86.32345756960811,0.9148560201935122,23.814711719484535,320,318,2
Big L,1974-05-30 12:00:00,1999-02-15,24.711841204654345,homicide,Gemini,Air,False,True,Cancer,False,-0.21392129493523934,257.6477502484785,-0.6791355225972516,132.77612660890196,-0.4424705074593667,243.7383842145269,0.7992961482669886,323.0629419315737,-0.22412151828767288,102.95122566628595,0.9662794251160033,14.921521844480594,0.4133552165328905,294.4157792638015,-0.3327642621595562,109.43664109742437,0.5804568947969873,54.517315396144426,0.4039841080395497,66.17251822216605,-0.4697932546879361,241.97912291227888,150,46,104
Jam Master Jay,1965-01-21 12:00:00,2002-10-30,37.76865160848734,homicide,Aquarius,Air,False,False,Virgo,False,0.09819900946214814,275.63547084755254,0.8467829510891234,327.8634705386396,0.28638657936925943,286.64174893587534,0.454621146500658,297.0405607789592,0.9791670787841456,11.715736109482833,0.002177767244977312,89.8752230294715,-0.4288740260564609,115.3961242111719,-0.942870244089125,160.53930203464793,0.2000183146697919,78.4619699734323,0.000617930754536514,89.96459517348057,0.983092518998042,349.44906634822587,21,303,83
Scott La Rock,1962-03-02 12:00:00,1987-08-27,25.4839151266256,homicide,Pisces,Water,False,False,Aquarius,False,-0.9908966463353092,172.2630756485705,-0.16522027183142105,260.4899692580502,-0.895595566321221,206.41496883305643,-0.966665135006214,165.1645456695927,-0.9826483923873984,190.68900972392748,0.42339346270510275,64.95098286612267,0.6146007117587344,307.922913022451,-0.419257932513475,114.7877465320708,0.6166039026210955,51.93144462838498,0.5177135982130376,58.82099122681109,-0.6812823543086022,227.0560678163537,61,239,178
DJ Screw,1971-07-20 12:00:00,2000-11-16,29.32511978097194,overdose,Cancer,Water,False,False,Aquarius,False,-0.4588072057441565,117.31016541783981,0.9285955538212711,21.7830647301288,0.2941595163865985,72.8928548534987,-0.9761342215050361,167.45724415275672,-0.6919239474088238,226.21740040795746,-0.9813499412464238,191.08294097515005,0.9950250951444459,354.2824465644704,-0.6042656652791124,127.17601820159149,0.44414342565913273,63.63145159634473,0.2658883927118844,74.58025208701099,-0.8890215484917987,152.75055147323042,201,321,120
Pimp C,1973-12-29 12:00:00,2007-12-04,33.927446954141,overdose,Capricorn,Earth,True,False,Taurus,False,0.9011178666838736,334.30539708720124,-0.7130536854412106,224.51608213961148,0.8935582316896682,333.3238355503563,-0.21061394878561174,257.8416663710577,0.3716910092792218,68.18005593662762,0.680333341036339,312.8696969821681,0.3809002403984478,67.61054323097586,-0.7379761598362965,137.55929961888853,0.3203750199467963,71.31439398836383,0.15066767364513517,81.33437880528555,0.4424312942661528,63.740889531974176,363,338,25
Mac Miller,1992-01-19 12:00:00,2018-09-07,26.63107460643395,overdose,Capricorn,Earth,True,False,Capricorn,False,-0.6927044309781746,226.15542887424465,0.936298562893304,20.561040294342035,-0.6593715260016224,228.74804060888704,0.5837801214814328,305.71685785857187,0.9279011829457288,21.89002389255637,0.4370133561877866,64.08652378332485,0.8146021943248004,324.5480467382425,-0.2991123437058921,107.40429623873649,0.5273856853713057,58.171014293568476,0.5544910363364373,56.32433421760953,-0.9073604786419135,204.85689968211295,19,250,134
Lil Peep,1996-11-01 12:00:00,2017-11-15,21.034907597535934,overdose,Scorpio,Water,False,False,Virgo,False,0.9704329381378771,13.967466263083338,-0.0002602559948772616,90.01491157026778,0.8237808537327264,34.5349174551601,0.8046508133659536,36.42345407931049,0.722265956425138,43.75811972181026,0.4213344363779169,294.91886473619945,-0.09469598016959162,264.56617812559864,0.09361505222500101,84.6283871011866,0.6906673137143029,46.3170442319896,0.7030616426379407,45.326840932467604,0.683268419564523,313.0995798643357,306,319,13
XXXTentacion,1998-01-23 12:00:00,2018-06-18,20.396988364134156,homicide,Aquarius,Air,False,False,Aquarius,True,-0.8083647924376292,143.93647350891632,-0.026053407721779248,268.5070807691493,-0.9984132792021279,176.7719122672999,-0.9732175402179291,193.29036612946504,0.9413680400573442,340.28258475025757,-0.22707039178334174,256.875345421111,-0.14452730257568244,261.69009270712735,0.11876667958550365,83.17907049300408,0.6857533371005798,46.70511832251913,0.7296507004138577,43.14288097241476,0.8235221678394821,325.4389465756699,23,169,146
Juice WRLD,1998-12-02 12:00:00,2019-12-08,21.013004791238878,overdose,Sagittarius,Fire,False,False,Libra,False,0.9945396917389664,5.990237260799063,0.9292505225932819,338.3182849714441,0.9867392557642621,350.6587999495453,0.8902152170831271,27.099696571782772,0.767752277785299,39.84752779310651,0.21662551437869818,282.51091014965533,-0.15084073568831843,261.32434844641085,0.11353522341375447,83.48085381158364,0.6965972943429493,45.845362023367784,0.7235465943429448,43.65192447377581,0.688671425255043,313.52503246331025,336,342,6
Pop Smoke,1999-07-20 12:00:00,2020-02-19,20.583162217659137,homicide,Cancer,Water,False,False,Scorpio,False,-0.8391416625782873,212.95040800344418,0.26307555295531376,74.74736685524309,-0.8186578570489479,215.04933509444766,-0.7651067628998417,220.083508950418,0.5572407569995186,56.13480833344062,-0.26637645659952724,254.55124187532581,-0.32024117462781965,251.32248927309354,0.21163230047332182,77.78197360809787,0.712221318360054,44.58406350185453,0.6945296959244086,46.01024810686266,0.7862838215040765,321.8395724457051,201,50,151
Nipsey Hussle,1985-08-15 12:00:00,2019-03-31,33.620807665982205,homicide,Leo,Fire,True,False,Leo,False,-0.6705846032545488,227.88779919256226,-0.9943793574871213,186.07762975995715,-0.8519590428269541,211.5746106917817,-0.6360962932143245,230.49865800933847,0.2830617708156619,286.4430260757234,0.6892214553572195,313.5685118693584,0.5299130932344359,58.00041692373654,-0.7345932465864137,137.27285714114274,0.24158498451330881,76.01989367537425,0.16067903379458243,80.75368804342213,0.3473745463696099,69.67318552724855,227,90,137
Princess Diana,1961-07-01 19:45:00,1997-08-31,36.16427104722793,accident,Cancer,Water,False,False,Virgo,False,0.523807656212323,58.411990112216,-0.997817554785095,176.21393276192498,0.42152944775444223,65.06881436700361,-0.7878997141471036,141.98966744141498,0.3558111700898665,69.15683269359445,0.9871137468737793,9.208066222884497,0.1424940535597226,81.80780781251235,-0.951839002968521,162.14565317263714,0.19199774297116573,78.93060679641081,0.054531034941450396,86.87405130032664,0.9366768892006555,20.49923104915578,182,243,61
Robin Williams,1951-07-21 13:34:00,2014-08-11,63.05544147843943,suicide,Cancer,Water,False,False,Cancer,False,0.9350000711458456,20.771843551224066,0.9933986972902924,353.4129394874953,0.9999999441953769,0.019141356945084453,0.7542167021781991,318.95697392957703,-0.4586913823535529,117.30269698740823,-0.37304069876468354,111.90326771996189,0.653616166121717,49.185196555248496,0.09607849766551156,275.51339714255755,-0.7635629891476873,139.77931804278546,-0.7945087545794098,142.6088808771606,-0.7618514950676439,220.37230539972776,202,223,21
Steve Jobs,1955-02-24 19:15:00,2011-10-05,56.60780287474333,cancer,Pisces,Water,False,False,Aries,False,-0.8039305081422652,216.49290537358118,0.4261096138369569,295.2209185814422,-0.4606914212316047,242.5682673454634,0.07937599397057858,274.55269876113084,-0.19077086953252095,100.99777467276324,0.30475357158831323,287.7433388020615,0.8480635590301194,328.00167191145624,-0.3737267674112045,248.05435886786648,-0.5062439644743341,120.41396436342856,-0.6380764520352697,129.64853445842485,0.9663315760981446,345.09008676375765,55,278,142
Heath Ledger,1979-04-04 06:30:00,2008-01-22,28.799452429842574,overdose,Aries,Fire,False,False,Pisces,False,0.30792598275568017,287.93428494702323,0.9473384318565232,18.677084426630415,0.8125297424560867,324.34383561647024,0.34893597441229557,290.42224836579055,0.057487409680934944,86.70439712824009,-0.9317939206459792,158.71620369949537,0.9999492923327462,359.4229993779851,-0.435567230130201,115.82139310332133,0.4920345447664107,60.5256057613459,0.31030937411832826,71.92212420528051,-0.9558866032886822,162.91824580471305,94,22,72
Philip Seymour Hoffman,1967-07-23 13:45:00,2014-02-02,46.52977412731006,overdose,Leo,Fire,False,False,Scorpio,False,-0.9722032352509367,193.540849799771,0.8980571945775366,26.09614230796791,-0.6567707786546692,228.94594346144174,-0.5600728627393887,124.06083683586985,0.9898236845382422,351.8190847587516,0.8669044535639948,330.1008855756868,-0.763991491707764,220.18264608686414,-0.9515466742189063,197.90889537060522,-0.21878444517943968,102.63764764863842,-0.4008563593395935,113.6317245565103,-0.9999999932812976,180.0066417164445,204,33,171
Carrie Fisher,1956-10-21 12:49:00,2016-12-27,60.18069815195072,cardiac,Libra,Air,False,False,Pisces,True,0.37355350718260766,68.06506106805017,-0.9006334055599913,205.75854912429998,0.07907807800789737,85.46442439119815,-0.9045551130494122,154.76343076638784,0.9906652139875478,352.1651943027407,0.8767287287496528,28.74976496871102,0.9412027543834364,19.74546572302694,-0.27923047490749886,253.78571757485736,-0.636833157010309,129.55607928147805,-0.7285307302773855,136.76336100176206,0.10393944258758274,275.96606675951784,295,362,67
Alan Rickman,1946-02-21 00:00:00,2016-01-14,69.89459274469542,cancer,Pisces,Water,False,False,Cancer,False,0.7878685055167807,321.9867638128691,-0.8019449156738717,143.3162315493571,0.6949183501751444,314.02071113141335,0.2090169351859266,282.0647483647062,-0.3715189854439453,111.80932758770551,0.8285829353462724,325.9534451960811,-0.8081915873261755,143.91961904418156,0.5491703065092142,303.31011113262116,-0.8638274248070797,149.74908100394714,-0.9088971434553175,155.35338708790036,0.032796286361136594,88.12057418779862,52,14,38
Leonard Nimoy,1931-03-26 08:30:00,2015-02-27,83.9233401779603,disease,Aries,Fire,False,False,Cancer,False,0.8975683052131015,333.84025016866394,0.9955666917556103,5.397121211930312,0.452094824379399,296.87816534623613,0.7124400647548718,44.5662059072917,-0.39813210711448865,246.5385407049876,0.8291260876568353,33.990929539753864,0.6772478800948659,312.628955216088,0.9999831465074538,359.6673533172884,-0.9979150380711495,183.7005151025981,-0.9978665080911018,176.25665052561237,-0.9983908396796928,176.74916039335565,85,58,27
Patrick Swayze,1952-08-18 03:10:00,2009-09-14,57.07049965776865,cancer,Leo,Fire,False,False,Scorpio,False,0.8933727027365784,26.699832390144508,0.9970746211661402,355.61636266158183,0.6790222802096744,47.23271226552444,0.9542414274099456,342.60021054765815,-0.6715858045929681,227.81042374647257,-0.02904848264029881,268.33541038669324,0.95520822716427,342.7864159976026,-0.3729980762694478,248.0993643420228,-0.5708059090113811,124.80644337841852,-0.6339158591385115,129.3396220674138,0.9143022987675606,336.10683774154035,231,257,26
Farrah Fawcett,1947-02-02 15:10:00,2009-06-25,62.390143737166326,cancer,Aquarius,Air,True,False,Aquarius,False,-0.7784872916496206,141.12228115551943,0.7551443950149812,40.962011712924465,-0.415152070527815,114.5288934525858,-0.8009072768373238,143.21682845896783,-0.20394450219091856,101.76771819196381,-0.028937389937043836,91.6582217933456,0.750360722420763,41.37836555466963,0.15030928176422648,278.64485030863443,-0.7144784629755034,135.60047360281368,-0.7632895487762281,139.75506180887695,-0.5983078069615647,233.2512008621727,33,176,143
Cory Monteith,1982-05-11 12:00:00,2013-07-13,31.170431211498972,overdose,Taurus,Earth,False,False,Libra,False,0.4879927787921764,60.79126208444421,-0.15679054077094945,260.97934346426996,0.8285700219547288,34.04787631613249,-0.6598911741873549,131.2915736454362,-0.007309269938273466,269.5812059521168,-0.49365268236061804,240.4190541316621,0.9499622960861306,18.201789485819916,-0.6343733553448769,129.37352288526995,0.36711861885870095,68.4619755776954,0.2563230950050462,75.14800110730553,-0.45518601029971467,117.07690309631148,131,194,63
James Dean,1931-02-08 09:00:00,1955-09-30,24.637919233401778,accident,Aquarius,Air,False,False,Leo,False,-0.6703267153704502,227.90771414042877,-0.7381588506347656,137.57481317292243,0.05025427745916536,272.8805713464549,0.21555046130877384,282.44782365421923,0.6532983371147238,49.20925354484919,0.7497329932928004,41.432745761370256,0.5051562774696926,300.34172695851134,-0.3292834179423092,109.22528765831966,0.6109521664917908,52.34161731165128,0.7825571171788626,38.504697411136874,-0.44753173589645506,243.41456737235265,39,273,131
Marlon Brando,1924-04-03 23:00:00,2004-07-01,80.24093086926763,disease,Aries,Fire,False,False,Capricorn,False,0.0686207049073028,86.06523108430662,-0.23866138645600604,256.19245222466816,0.04439969130658754,87.45524851705957,0.9813170837971502,11.092730157668875,-0.9550383138774993,197.24645042938033,-0.1126284124804321,263.5331456694903,-0.24657935535023354,255.72481205337283,0.9768061987379101,347.6357835293737,-0.9987500768255074,177.13500058929003,-0.9404470895351577,160.12677530068638,-0.37459184744423135,248.00091123160047,94,183,89
Clark Gable,1901-02-01 05:30:00,1960-11-16,59.7864476386037,cardiac,Aquarius,Air,False,True,Virgo,False,0.21542323110215628,282.4403585200315,-0.153898848148394,98.8529386489864,-0.18989702174683412,259.05322543140846,0.9496091689452764,341.73354877511144,0.6203371181720511,308.3407568094636,0.9997306902996622,1.3297603390430481,0.9981594464571488,3.4767902614811987,-0.3445168818066632,249.8476927665925,-0.6776435665458141,132.65977632001028,0.13635705720268307,82.16290074932193,0.2346851384375036,283.5730634956333,32,321,76
Humphrey Bogart,1899-12-25 12:00:00,1957-01-14,57.05133470225873,cancer,Capricorn,Earth,True,False,Capricorn,False,0.9363555367275453,20.551743542292627,-0.13735658715072038,262.105087929098,0.8305644510254504,33.84323550089826,0.8970790856462928,333.7767432679062,-0.21920251932419219,102.66219744677102,0.5292092015138959,301.95203931860715,0.9599372053752043,343.7269507029565,-0.5644524668193993,235.635721736032,-0.6031421004772515,127.09526702541142,0.2648012098630139,74.64485900626757,0.9170206568697056,336.49433678775813,359,14,20
Spencer Tracy,1900-04-05 06:00:00,1967-06-10,67.17590691307323,cardiac,Aries,Fire,False,True,Pisces,False,0.43965410335347604,63.91818634349175,0.9399249563054719,19.961042378199323,-0.2790253324450959,106.20204212397405,0.4236045975489931,64.93762909474708,-0.9474895677514534,198.6500245288746,-0.610275984964855,232.3905388496143,-0.102017944162802,95.85538455671013,0.1394015644936676,278.01321885356026,-0.8463278011057582,147.81447909121812,-0.05354236608427816,93.06921925994868,-0.7732987846347328,140.65104810456174,95,161,66
Gary Cooper,1901-05-07 06:00:00,1961-05-13,60.01368925393566,cancer,Taurus,Earth,False,False,Leo,False,0.9935647312948541,6.503604882902891,-0.6846300328307348,133.20651827135057,0.8797911101091381,28.382824576878185,0.8430239948178045,327.46083729751246,0.9076830455741903,335.18710390822537,0.9141035025989788,23.921268348005526,0.9721678823264731,13.549498262985765,-0.4118529901923064,245.6787099855384,-0.6717556136705731,132.20270893339995,0.18921004655814894,79.09331298302303,0.15952571534834822,279.17936812549175,127,133,6
John Wayne,1907-05-26 08:32:00,1979-06-11,72.04106776180699,cancer,Gemini,Air,False,False,Capricorn,False,0.9610914674581069,16.03534678162685,0.6856497052901918,46.71327576912765,0.8829470270018674,28.000069058889054,0.9046538629980492,25.223295498348875,-0.5178573081886563,121.18863340672345,0.9030190375552994,25.442211626820068,-0.9518667016237011,162.1508301051292,0.5820684457446442,305.596157986942,-0.9281770457942309,158.1524097069924,-0.4019958962186025,113.70301102138936,0.6874890093696872,46.56833059418889,146,162,16
Cary Grant,1904-01-18 01:07:00,1986-11-29,82.86105407255305,cardiac,Capricorn,Earth,False,True,Aquarius,False,0.6486472527856287,310.439688009099,0.09902282573064272,275.68290322651075,0.36924939284603786,291.6693328484592,0.7650305144470981,319.9097067913217,0.998067206753481,3.5628726952782017,0.9925924378634495,353.0217948135872,0.5246321233449015,301.6434812795354,0.9946285158579382,354.058728876056,-0.9999565140084711,180.53433533251706,-0.7593433145144163,139.40634010033145,-0.9549002534744134,197.27311088077357,18,333,50
James Stewart,1908-05-20 22:00:00,1997-07-02,89.11430527036276,cardiac,Taurus,Earth,False,False,Gemini,False,0.7524697498413274,41.195229460387445,-0.6667811716028871,131.81911753568312,0.8265963749108861,34.24932546304193,0.9247934370666963,22.362772345118543,-0.12501471632867292,97.18160563136139,-0.9712115035750812,193.7814386208509,0.9762920824089181,12.501038904927313,0.9324807825485367,21.175113950600235,-0.960808493525988,196.09393710298127,-0.9371993563985878,159.58642168943814,0.23548580073640304,76.37973921419409,141,183,42
Henry Fonda,1905-05-16 12:00:00,1982-08-12,77.2375085557837,cardiac,Taurus,Earth,True,False,Scorpio,False,0.0955189324027741,84.5188117231779,-0.878725280695602,208.5110249509992,-0.5926326952014491,126.34405566441419,0.013379356013694122,89.23339649539861,0.9862379143204466,350.4834597926954,-0.9757840707618685,167.36519567386281,-0.699295080486167,225.62952446544395,0.8377885741561277,326.9073300135214,-0.9785028518129654,168.09829592805534,-0.558650660156309,123.96253317529167,0.5886950528983268,306.06445978172593,136,224,88
Gregory Peck,1916-04-05 08:00:00,2003-06-12,87.1813826146475,natural,Aries,Fire,True,False,Leo,False,0.4080704847391707,65.9163168283398,-0.99306277583807,186.75276880030506,0.5905362982037644,53.804925210935444,0.9985250293386039,3.1123090571541354,-0.9591930030153363,196.4245310069603,-0.5325410809733848,122.17730675349975,0.9876108621819105,350.97166693997536,0.9699467320914793,14.08241662328129,-0.9739259445034292,193.11263939810874,-0.9752151294515884,167.21702157285284,-0.4023008502943388,113.72209475667836,96,163,67
Burt Lancaster,1913-11-02 12:00:00,1994-10-20,80.96098562628337,cardiac,Scorpio,Water,False,False,Cancer,False,0.9759022030869146,347.39617665774836,-0.5961789376952901,126.59672160126928,0.8251273265623134,325.6014024119445,0.8500109893938216,31.787135330080588,0.9526809738426762,17.69632620449248,0.5874070598278852,305.9732203965136,-0.19444103636542628,258.78792765033165,0.980816304383639,348.7591150306254,-0.9912688757032951,172.4231408737958,-0.8272016735738859,145.81234617362975,-0.5870447109021151,234.05242881528878,306,293,13
Kirk Douglas,1916-12-09 10:15:00,2020-02-05,103.15400410677618,natural,Sagittarius,Fire,False,False,Capricorn,False,0.5135319608623318,59.10062040130032,0.9842001474278772,10.198531153215654,0.38170440668106637,67.56070244306267,-0.6844181227805507,133.1898629708971,0.9727523128384703,346.59417510040373,-0.1911044197792376,258.98275611443194,-0.9970993584650736,175.63494525799308,0.23622261277296464,76.33629743307034,-0.7359230252582638,222.61473182161626,-0.9405188204920499,199.86113115278758,-0.9649896540948335,164.79413572004745,344,36,57
Rock Hudson,1925-11-17 02:15:00,1985-10-02,59.87132101300479,disease,Scorpio,Water,True,False,Scorpio,True,0.7072740772311382,315.01355734637,-0.9547291361060831,162.69390039586375,0.5182867439640528,301.2173996803392,-0.47549953487548735,241.60812032410482,0.6672312148564195,311.85372662931195,0.9529282887192723,17.649650148684884,0.9922679800921284,7.129586470253514,-0.12167275446004384,263.01134816748674,-0.5905476481499204,126.19588061116082,-0.3276217414625747,109.12448828998313,0.20676526535408063,281.9328555570663,321,275,46
Montgomery Clift,1920-10-17 12:00:00,1966-07-23,45.76043805612594,cardiac,Libra,Air,False,True,Sagittarius,False,0.11091747690591452,276.36820678243697,0.2919213066245806,286.9730169140546,-0.14028693022156927,261.9355500029655,-0.7616598493444358,220.3892541487414,-0.9874905465429729,189.07215730856723,0.5954397871118414,306.5439898775538,-0.9854732024946987,189.777992949452,-0.9657918645731458,195.0296270406544,-0.10306271426855468,95.91556268523775,0.3793173177513562,67.70859783783573,-0.966507486127484,194.87069101959491,291,204,87
William Holden,1918-04-17 12:00:00,1981-11-12,63.57015742642026,accident,Aries,Fire,False,False,Virgo,True,-0.9180483113258567,203.3575942571177,0.6320766257697298,309.2034989366955,-0.9944264100354346,173.9478865652835,0.44809687187885155,296.62164663598315,0.9996456070719502,358.47456755109704,-0.7230275707725384,136.30501134204331,0.34879214604856984,69.58654484020839,0.050220268498130285,272.87862031297334,-0.7550775667093618,139.0321478394216,-0.3692736870027584,111.67083065802393,-0.8624888419454787,210.4028109544166,107,316,156
Steve McQueen,1930-03-24 12:15:00,1980-11-07,50.62286105407255,cancer,Aries,Fire,False,False,Pisces,False,-0.7418883525067762,222.10747637096722,0.21077551727535448,282.1678033998231,-0.7540050743026682,221.06148886096454,-0.9967140084097057,175.35388612789302,0.23160689100445916,283.39169461206353,-0.36750862102468207,111.56204930873876,-0.09911541443179996,264.31176560528763,-0.7151284716435942,224.3462711324318,-0.33669768571395836,109.67580644745715,-0.09009838984573619,95.16926740982925,-0.18789947518537045,100.83022528359218,83,312,136
Paul Newman,1925-01-26 06:30:00,2008-09-26,83.66324435318275,cancer,Aquarius,Air,True,False,Aries,False,-0.5306389196609903,237.95136577520267,-0.9999847783021747,180.316132924734,0.16535631807418866,279.5179343290035,0.3214913893181656,288.7531417889372,-0.9997313029695417,181.32824683151034,0.9972563077442191,4.245263742100235,0.5153328484039894,301.01970563123814,0.9998181069446401,1.0928291540984105,-0.9999941297405986,180.19632087863172,-0.9725710119557232,166.54944387567502,-0.9995181030420734,181.7788206587348,26,270,121
Robert Mitchum,1917-08-06 12:00:00,1997-07-01,79.89869952087611,cancer,Leo,Fire,True,False,Cancer,True,0.8315579234489592,326.2591085837444,0.4936925370548953,60.4164283494913,0.6526288674035854,310.7401017027327,0.7952497666384779,322.67885309952646,0.010900949414773113,89.37540923533862,-0.27080276040364865,254.28795865304863,-0.2738953321943428,254.1038060048406,0.9689405075291967,345.68256090583395,-0.9947738705714545,174.13973800857784,-0.8519906445723845,148.42884749461052,-0.26571864165110237,254.5903410337911,218,182,36
Yul Brynner,1920-07-11 12:00:00,1985-10-10,65.2457221081451,cancer,Cancer,Water,False,False,Scorpio,False,0.029966430072802346,88.28279295942119,-0.15329076574846995,98.81767970771409,0.18353637991913566,79.42418788877245,0.4759934669837251,61.57594570963545,0.7539913549162884,318.93731447120354,-0.9750029742361013,167.16219879174696,0.21575642885487697,77.54009090376806,0.16759298076140136,279.64789925605817,-0.7732613542970819,140.64766579883295,-0.4444861205538799,116.39046559602,-0.9993895587781522,177.99791896471822,193,283,90
Peter Sellers,1925-09-08 06:00:00,1980-07-24,54.87200547570158,cardiac,Virgo,Earth,False,False,Virgo,False,0.7273975277185081,316.6686610087396,-0.9034200017106276,205.3886825097721,0.7404715775053564,317.77160224298626,-0.49109027476507594,240.58773261016734,0.9330882848543516,21.07854326412786,-0.5374177331744129,237.49197483433352,0.6830666605249839,313.08375000225726,-0.5346724532850547,237.67829927026565,-0.45565397551591447,117.1070200609957,-0.08166227911406189,94.68411999636226,0.9475760033832921,18.63453175838933,251,206,45
Richard Burton,1925-11-10 14:00:00,1984-08-05,58.732375085557834,disease,Scorpio,Water,True,False,Libra,True,-0.07723778071871233,265.5701892097736,0.14136301625785946,81.87327420247865,0.054249048734567366,273.1097681290552,-0.5999728435273184,233.1320472684876,0.8996783318424679,25.884182446173725,0.9690349584542837,345.70446073416315,0.9926495820455264,353.04879611211356,-0.21022242944355393,257.8646125073948,-0.5630182901349093,124.2647907010699,-0.25726173093992677,104.9076447691877,0.559002308680014,303.98682878677846,314,218,96
Peter Ustinov,1921-04-16 12:00:00,2004-03-28,82.94592744695414,cardiac,Aries,Fire,False,False,Taurus,False,0.9521055498928219,342.19553173134824,0.7940052700726802,322.56140161379386,0.9196074790913249,23.131234645681435,0.9497187458315249,18.24641009350733,0.9484900608637558,18.469928503189763,0.9996621930058708,1.4893068095504418,0.3046056006808042,287.7344374793425,0.99807337048442,356.4428147192527,-0.9978492442983843,183.75846959123425,-0.9673149375345514,165.3106575828117,-0.9629128980982303,195.65310601528392,106,88,18
Orson Welles,1915-05-06 07:00:00,1985-10-10,70.42847364818617,cardiac,Taurus,Earth,False,False,Aries,False,-0.8865969956397757,152.4486933568801,-0.9799110432703722,191.50392543543578,-0.9366136272524854,159.4904210893589,-0.9482883456165323,161.49362519862365,-0.9007405827284238,154.25558492370126,0.7251330259002978,316.47991514325804,-0.83277808756272,146.38518142325074,0.49041103307475425,299.36760116541,-0.8926683182305569,153.210485653282,-0.5495431467127729,123.33567656956062,0.21224587607761614,77.74600112356683,126,283,157
John Huston,1906-08-05 12:00:00,1987-08-28,81.05954825462013,disease,Leo,Fire,False,False,Leo,False,0.9237041821574599,22.526239141365295,-0.5668685108339427,235.4678551014126,0.9481226165856647,18.53626729034201,0.9536032241885689,342.4783437873391,0.8840032479857697,27.870890852050934,0.4769688014509929,298.48761608149573,0.014114331729769725,270.8087184916686,0.9766611344178033,347.5970269259057,-0.9945479574038021,174.01430251599243,-0.698332220031584,134.29335046018215,-0.6136493157546796,232.1461574031582,217,240,23
Alfred Hitchcock,1899-08-13 12:00:00,1980-04-29,80.70636550308008,disease,Leo,Fire,False,False,Libra,False,-0.19363613738062838,258.8349384587875,0.9893106432893743,351.61503920516475,-0.5951868028450399,233.47405000432192,0.6574977997896275,311.10931882438206,0.8099605770330852,324.09207986536535,0.45159382901891426,296.8459884341462,0.06132447451810859,273.51583958784875,0.9853313509215009,350.1742660800693,-0.9974736177802785,175.92639764044196,-0.5499470954089419,123.36338356927237,-0.5155504293017639,238.96574645408137,225,120,105
Billy Wilder,1906-06-22 12:00:00,2002-03-27,95.75906913073237,disease,Cancer,Water,False,False,Cancer,True,0.11334042861437126,276.50791275781637,0.30313099987185177,72.35424433873158,-0.3326412710893756,250.57083147101804,-0.14014189379552786,261.9439428900191,0.6567803030277334,311.05478020440836,0.9652520436035663,15.148440434404392,0.08669926707775141,85.02625350855203,0.6384854985404306,50.32102057757072,-0.8602314421921561,210.65742085530033,-0.9964870386230636,175.196016157906,0.6133624591849268,307.8330297867564,173,86,87
Stanley Kubrick,1928-07-26 12:00:00,1999-03-07,70.60917180013689,cardiac,Leo,Fire,False,False,Taurus,False,-0.7285022935666597,223.2390174454453,0.988902318085347,351.4560986587187,-0.18747934640257335,259.19428185305736,-0.39664411089655527,246.6314474326848,-0.9861763198804098,170.4621379555586,0.8352056075530135,326.6372535291148,-0.740582189709152,137.7810328387179,0.6061922541730584,307.31468447316183,-0.9096841563429829,155.46174070597777,-0.8024218654167229,143.36199981517797,0.2711128209379194,74.26950309314691,208,66,142
Federico Fellini,1920-01-20 21:00:00,1993-10-31,73.77686516084873,cardiac,Capricorn,Earth,False,False,Libra,False,0.14868477089895224,278.5507148027726,-0.39494785126971343,113.26272171899058,0.5155141869076828,301.0318301492799,0.49475443342602965,299.6535587046011,0.8814596995920985,28.181049473116843,0.2923798759277825,72.99951043203407,-0.9547179018197831,162.69173673535295,0.7525689226910134,318.81339860408815,-0.9284462280439245,158.19389138295972,-0.748450073012734,138.4562962172101,0.9742908470312377,13.020161659941493,20,304,81
Ingmar Bergman,1918-07-14 12:00:00,2007-07-30,89.0403832991102,natural,Cancer,Water,False,False,Libra,False,0.9624756138979441,15.745698146725488,-0.6557734046921532,130.97831963899517,0.9459385631734459,341.07405137198475,0.2587211267037842,75.00580814245532,-0.7132256509407446,224.50202709175903,-0.9381319409622755,159.7401701190846,0.981085107548831,11.161601358922752,0.9328114238645608,21.122606305416582,-0.9668840865478374,194.78637949096316,-0.9883154373292015,171.23266404428165,0.21165892056437785,77.78041303679163,195,211,16
Akira Kurosawa,1910-03-23 12:00:00,1998-09-06,88.45448323066393,cardiac,Aries,Fire,False,False,Gemini,False,-0.9495053682666955,161.71458365552493,-0.9893873249186235,188.35477770749424,-0.9281563510397103,158.14922369277204,-0.9886263661583746,188.64967397160183,0.4222990441480625,65.02017892785902,-0.9596849005381429,163.6754410858397,0.9846127160784373,10.064149418498875,0.9664767301268103,14.877555897995478,-0.9737277261545463,193.16260655223377,-0.9428869235969122,160.54217072419186,0.015412343208010815,89.11690281755551,82,249,167
Jean Renoir,1894-09-15 12:00:00,1979-02-12,84.40520191649556,cardiac,Virgo,Earth,False,False,Taurus,True,-0.8709168371405042,150.5653572979334,-0.8756208429029845,151.11853754108446,-0.7976122226930884,142.90268757961158,-0.5686956111956977,124.65931675555913,0.2220451536870613,282.82918316483557,0.8855891818278291,27.67588636652866,0.7440491129187458,318.07748982102675,0.9895118452849118,8.30553253450202,-0.9972242037433636,184.2700399051888,-0.6061755649453684,127.31348216856242,-0.9760411964174006,167.43272478759175,258,43,150
Charlie Chaplin,1889-04-16 20:00:00,1977-12-25,88.68720054757016,cardiac,Aries,Fire,False,True,Taurus,False,-0.3973079804841364,246.5900051509186,-0.5902512409679763,233.82516095127085,-0.39393130146540845,246.80066127293003,-0.7789225998783965,218.83796476076336,0.05421474079953742,86.89220046787626,-0.991598641423341,172.5678080852262,0.9566234077323778,16.937442427235993,0.9035789621727108,25.36743193990884,-0.9622493579957139,195.79339864901388,-0.6681411752786554,131.92376142561784,0.0934690585240447,84.63678876261353,106,359,112
Buster Keaton,1895-10-04 12:00:00,1966-02-01,70.32443531827515,cancer,Libra,Air,False,False,Libra,False,-0.5177017539194271,121.1782155734605,0.5331044080605705,57.784551860468866,-0.04326237052775874,92.4795251135782,-0.6900927643659668,133.63745241939503,-0.7488912667282993,138.49442705864766,0.7254386468741592,316.5053503193699,-0.6274086985480084,128.85919871987775,0.5160804245298067,301.0696994428936,-0.8991011692598083,154.0401703160361,-0.09302474923864663,95.33764278899228,0.17760879938876614,79.76948999511251,277,32,120
Harold Lloyd,1893-04-20 12:00:00,1971-03-08,77.8754277891855,cancer,Taurus,Earth,False,False,Gemini,False,0.7272626084717624,316.6573970707221,0.7273938502590583,43.33164604065787,0.9561541205086993,342.9705049567578,0.1329348542417608,277.6392194226248,-0.9750777740161449,192.81849859765873,-0.8660961367840979,209.99189360200535,-0.7651049869127003,220.08366698094625,0.8948078876194225,333.4837642259872,-0.9936453761805225,173.53731775341458,-0.3458158518091275,110.23160634362677,0.40248424982236525,293.73357306926994,110,67,43
WC Fields,1880-01-29 12:00:00,1946-12-25,66.89938398357289,disease,Aquarius,Air,False,False,Taurus,True,0.809896752231612,324.0858450576465,-0.7719598846874229,140.53021247401568,0.757946499111298,319.28349870067444,0.807034502638794,323.807197978859,-0.7316137156956705,222.97815133129822,-0.431844596786192,244.41532003725618,-0.45097221734249787,116.80607753099915,0.19266595616095483,281.10840739716997,-0.8781818091467719,151.42380795898274,0.2158134493988135,77.53674504180734,-0.8291346628369459,146.00994930288465,29,359,35
Groucho Marx,1890-10-02 04:00:00,1977-08-19,86.87474332648871,disease,Libra,Air,False,False,Capricorn,False,0.7370894250187336,317.48406590410536,-0.8393086218096055,147.06718364624965,0.9717125243077634,346.33958680135584,-0.5860447765129546,234.12316697984477,-0.972969573477956,166.6479722090605,-0.843148812522273,147.4741355843418,0.9391466895898334,339.9087443300615,0.9772101194617373,12.255665972265064,-0.9931692282924707,186.70069792287825,-0.5669636552895089,124.53876244843264,-0.494816086581922,119.6576236108615,275,231,44
Harpo Marx,1888-11-23 12:00:00,1964-09-28,75.84120465434634,cardiac,Sagittarius,Fire,False,False,Capricorn,False,0.554899104717525,303.70376564687535,0.93426575311897,339.10984421778574,0.6235557084217099,308.5762586338207,-0.6959290868210433,225.89870026816234,-0.9673115203808607,194.69011450087805,-0.950793018258258,161.95120796224958,-0.9876695649499397,189.00687417529969,0.78571369077685,321.786734193254,-0.9667772967467424,165.18966525101706,-0.16859221974864066,99.70597782317321,0.891578568209459,333.07228420827414,328,272,56
Stan Laurel,1890-06-16 12:00:00,1965-02-23,74.6858316221766,cardiac,Gemini,Air,False,False,Sagittarius,False,-0.35126787473335913,249.43511638338595,-0.9918170058540108,172.66516500757,-0.0207876335561125,268.80887053438715,-0.8849342330425783,207.7565709171827,0.4010861729084797,293.6460979680314,-0.1305017802713426,97.4985892313145,-0.9897046589701287,188.22870143351344,0.7713621873121468,320.476370157398,-0.9656724891732106,164.9440198294194,-0.14713541174020262,98.46095577587113,0.9968060024643919,355.4194188560673,167,54,113
Oliver Hardy,1892-01-18 12:00:00,1957-08-07,65.54688569472964,cardiac,Capricorn,Earth,False,False,Scorpio,False,-0.9573745315019511,196.78908698215906,-0.3813300442401665,112.41609301761864,-0.3810661566287492,247.60026150348162,-0.9536351214284033,197.5155848448574,0.061277189734442676,273.5131252645779,-0.9728544413948618,193.3805627312926,0.380764463730303,67.61895666271181,0.033331683368672836,271.9101185831373,-0.8043086926815635,143.54354469058626,0.12946065636588908,82.56157316764754,-0.9907148478279494,172.18608365417995,18,219,164
Abbott and Costello Lou,1906-03-06 12:00:00,1959-03-03,52.988364134154686,cardiac,Pisces,Water,True,False,Aries,False,0.9987599627769242,357.14635542758725,-0.9383501343154128,159.7763036520832,0.9999701443408159,359.55725665391475,0.9469351426669644,18.749106394145144,0.6715811980324404,47.81077997024046,-0.9993395663923351,182.08245735996894,0.4834874098838997,298.9134190703429,-0.8162285241667793,215.29098269488352,-0.4870632744458236,119.14774119883053,0.3084972181532027,72.03131080123332,0.57239225955342,55.08278567140164,65,62,3
Red Skelton,1913-07-18 12:00:00,1997-09-17,84.16427104722793,disease,Cancer,Water,False,False,Taurus,True,0.5089859211820992,59.40369395688229,0.3945818706422497,66.7601010412692,0.9459659382389226,18.921112220291946,-0.829668003832313,146.06464906191616,-0.9999773864703492,179.61467904670383,0.852909009165825,31.47050681658311,0.5729322918683284,304.954957557326,0.9998569054784925,359.03070870484544,-0.9996121900806024,181.5957362950204,-0.8907980968623878,152.9737073104074,-0.9904909700173142,172.0922945629355,199,260,61
Jack Benny,1894-02-14 12:00:00,1974-12-26,80.85694729637235,cancer,Aquarius,Air,False,False,Capricorn,False,0.6225734171188643,308.5043035254333,0.9839845581897747,349.73193948020526,0.49897432029592437,299.93216474564895,0.7381926407417077,317.5776830309885,0.9424412708845796,340.46566255553734,0.3340517261036817,289.51488422038295,-0.15162008113766834,261.27917568746227,0.9717459106698,346.3476889312004,-0.9999596900116239,179.48554732996,-0.5054032972349853,120.35812779118562,-0.5582310783496754,236.0664469122261,45,360,50
George Burns,1896-01-20 12:00:00,1996-03-09,100.12867898699521,natural,Capricorn,Earth,False,False,Sagittarius,False,0.6532483677871228,49.213035010806664,-0.8018132211164842,216.69639726165516,0.9638299225106765,15.45717616621306,-0.7066187496307528,134.96046918434246,0.1737248297788961,79.99554037563638,-0.9299073212163254,158.42037266958513,-0.6227582731308496,128.517839159616,0.35353170924105,69.29651696063362,-0.7493039135493583,221.46988333703297,-0.9906005785096629,172.1380739092099,-0.7275445356246283,223.31906314035515,20,69,49
Bob Hope,1903-05-29 12:00:00,2003-07-27,100.15879534565366,disease,Gemini,Air,False,False,Virgo,False,0.5428218622535691,57.12405736814729,0.9999663181141489,0.47025892753899257,0.33047054068118503,70.70266212479962,0.9854324706842439,9.791725066804787,-0.941983561597816,160.3873831424405,-0.8924825061264645,153.18687444414329,-0.8440234213805488,147.56745404024377,0.38186750211536835,67.55059189691059,-0.7705825527753891,219.59376956069832,-0.9997146538084014,178.63121890563622,-0.7345244341303718,222.732953325881,149,208,59
Milton Berle,1908-07-12 12:00:00,2002-03-27,93.70294318959617,cancer,Cancer,Water,False,False,Leo,True,-0.22589483298466662,256.9444968695694,-0.20338735666528454,258.26488729221785,-0.2188310885668771,257.35961351458593,0.24670526285290728,284.2826318837922,0.26512918322839435,285.37462902515597,0.7661905510746037,320.01302530310727,0.5007588925486592,59.949779359458475,0.7387784479559109,42.37253821533159,-0.9018380912699643,205.59926207342903,-0.9919131265038789,172.7084297627868,0.9766815534402625,347.6024750312462,194,86,108
Lucille Ball,1911-08-06 17:00:00,1989-04-26,77.71937029431896,cardiac,Leo,Fire,True,False,Taurus,False,-0.11959194828688229,263.1314466508444,0.9990830022598373,2.453889237073952,-0.23513470973264333,256.4004364181907,-0.668367784696363,228.0587857021347,0.7152190538720146,44.33884570299,-0.846558619026504,212.16068444870155,-0.5829764340535478,234.33983737593712,0.9303171649411807,338.4843092706136,-0.9854845444429909,170.2258342184328,-0.7136588285847113,135.53339285256664,0.4502877164824138,296.76214503845756,218,116,102
Desi Arnaz,1917-03-02 12:00:00,1986-12-02,69.74948665297741,cancer,Pisces,Water,False,False,Pisces,False,-0.023443907843100357,268.6566399505832,-0.9844159979170896,169.8715555336705,-0.0053594987653177925,269.6929218703328,-0.37065292934902627,248.24410924277237,0.9932355108809331,353.33192845849766,0.6538603029047823,310.8332884765907,-0.7406707652813094,137.78858586485214,0.513441464061791,300.8933370633635,-0.883367268041927,152.05126160805483,-0.5904367475279663,126.1880072576188,-0.01551415578888706,90.88893131117959,61,336,90
Jackie Gleason,1916-02-26 12:00:00,1987-06-24,71.32101300479124,cancer,Pisces,Water,False,False,Leo,False,-0.4365992521784661,115.88710051212087,-0.995793484577902,185.25716041834622,-0.9166406584041735,156.4398073218702,0.4883577756677665,60.76730002656922,0.9281344084081998,338.145846046962,0.9285394551884989,21.791724564460537,-0.9207171569987445,157.03115158277973,0.6093453370125744,307.5421816080413,-0.9161147697248804,156.36453845068348,-0.5878515739864458,126.0046971403023,0.4924936280104094,60.49538730337298,57,175,118
Art Carney,1918-11-04 12:00:00,2003-11-09,85.01026694045174,natural,Scorpio,Water,False,False,Sagittarius,True,0.9955641483769313,5.398670294026658,-0.9981963824618447,183.44171695866603,0.9991674492842016,2.338154016253469,0.8498204927930214,31.807849442901983,0.24236161101317955,75.97403341987035,0.5212468824129357,58.58407287525277,0.7185328699188359,315.933483931084,0.996034697894179,5.104102462700496,-0.9997894600619657,181.17574325406,-0.9513646104381627,162.05721259364356,-0.9115680074806006,155.72294590667104,308,313,5
Phil Silvers,1911-05-11 12:00:00,1985-11-01,74.47501711156742,natural,Taurus,Earth,True,False,Pisces,False,-0.9827311192338795,169.336575571237,-0.6487427994511294,229.55311872929275,-0.9380556417627101,200.2724507172775,-0.37226483925126314,111.8553637614051,-0.9423795107262114,199.5449175131369,-0.0019212769896149065,90.11008113050445,-0.955702504431447,197.11762775320165,0.7267450507278934,316.614209720296,-0.9526011958582533,162.2886425957683,-0.619879224921428,128.30731537408982,0.9999614703600309,359.49703646453935,131,305,174
Don Rickles,1926-05-08 12:00:00,2017-04-06,90.91033538672143,disease,Taurus,Earth,True,False,Pisces,True,0.8637774832103349,329.74340162984305,-0.7574662331203128,139.24133290000708,0.9796426179938769,11.58078814467991,0.9981723033290432,356.53537799538,0.23974995543311717,76.12821699472215,-0.5937290844971218,233.5779156501351,0.8233670834006214,34.57671386954749,0.8998837284035047,25.857211938904868,-0.9336350307865129,200.99126814630293,-0.9937283293910476,186.42031729259833,0.7475831288953386,41.618547464584154,128,96,32
Rodney Dangerfield,1921-11-22 12:00:00,2004-10-05,82.86652977412732,cardiac,Scorpio,Water,False,False,Libra,False,0.681002148195087,312.92200415807116,0.5400091310568673,302.6842604389718,0.8735293402144685,330.8713984957433,0.36305060598139793,291.2876628072753,0.9978338951043239,356.22813797959674,0.9864579787378693,350.56002814759717,0.36379666320649434,291.3335460523614,0.9991872183239233,357.68977647383355,-0.9983766078374567,176.73481251888114,-0.9406236741323054,160.15655946839058,-0.9553281646706497,197.19034773483946,326,279,47
Joan Rivers,1933-06-08 02:00:00,2014-09-04,81.2375085557837,cardiac,Gemini,Air,False,False,Virgo,False,0.08598379131326146,85.06740091207737,0.9194758624157431,23.150423511569358,-0.07667412535081161,94.39741966000183,0.5140896978830258,59.06337148207071,0.37333080303259364,68.07881621300552,0.8328121654802596,326.38870849467355,0.03522769112275063,272.0188157253318,0.9834151518048705,349.55050169992825,-0.9996646730812113,178.51617058535095,-0.9817846094316866,169.0473723446789,-0.6602650943108235,228.67990647611876,159,247,88
Phyllis Diller,1917-07-17 12:00:00,2012-08-20,95.09103353867214,natural,Cancer,Water,True,False,Gemini,True,0.8332845848287791,33.56236230437425,0.03354385521746182,88.07771806364308,0.9845104175069523,10.09763508091298,0.8282008279698874,325.9143606960482,-0.5767785515766335,125.22428063099343,0.9855855633401484,9.740012792058671,0.132832716610424,82.3666849951697,0.7050747256536435,45.164418661708396,-0.8858625553168732,207.6421447520501,-0.9988720949431057,182.72154005675895,0.7744471365972103,320.7549349287359,198,233,35
Totie Fields,1930-05-07 12:00:00,1978-08-02,48.23545516769336,cardiac,Taurus,Earth,False,False,Aries,False,0.11065226654822559,83.64708276798521,0.6833097067112541,313.1028197271558,-0.004270607144822372,90.24468850913557,-0.26548327063212573,105.39567078747952,-0.9816300033326092,169.00084678213494,0.8261432232799828,34.295431657199416,-0.6539592044850059,229.15922163616113,-0.873858003060562,209.0898925461461,-0.25744165420744347,104.91831294046233,0.05901846777090833,86.61652473280425,-0.8387630906097504,147.0097346157871,127,214,87
Gilda Radner,1946-06-28 12:00:00,1989-05-20,42.8911704312115,cancer,Cancer,Water,False,False,Virgo,True,0.8014790342193744,323.27157273392686,-0.8633379790882642,149.69346263142643,0.5541290393954549,303.6507461122893,0.48769410858181056,299.18913437307003,0.6229213885351013,308.529785004504,-0.5564636739489676,236.18841170664666,-0.9775251044437668,167.82964525521732,-0.9614538934652173,195.95999987077766,-0.10743173836232695,96.16728759255221,-0.05204400897606635,92.98324982613858,-0.33579150087928755,250.3793241157316,179,140,39
Madeline Kahn,1942-09-29 12:00:00,1999-12-03,57.17453798767967,cancer,Libra,Air,False,True,Libra,True,0.4201540027552585,65.1556892925675,-0.7495121651597187,138.548137787318,0.9087791690927891,24.662816798502973,0.831442663607758,33.75277910935944,-0.4645085560310665,117.67842127730742,0.05714669231872147,273.2760490588525,0.858633017318906,329.1634428929445,-0.3560874248112199,249.13989514362743,-0.5363498246838582,122.43549958305849,-0.5512832368251444,123.45509298905998,0.899642365076401,334.1110974695695,272,337,65
John Candy,1950-10-31 12:00:00,1994-03-04,43.337440109514034,cardiac,Scorpio,Water,False,False,Sagittarius,False,-0.5903952054752614,126.18505819688878,-0.8841118261315988,152.1424197200796,-0.2745244417853122,105.93367601092905,-0.7748364090045542,140.79020320484844,0.4696768066632557,61.98668059694165,-0.22570976235949283,256.95538175771696,-0.9141530522091753,156.08573413836206,-0.9630109158589703,195.63227803019987,-0.08336972653372345,94.7822843053062,-0.1446529358821092,98.31718199633539,-0.47338496687265713,241.74575262757207,304,63,124
Chris Farley,1964-02-15 15:00:00,1997-12-18,33.83709787816564,overdose,Aquarius,Air,True,False,Aquarius,False,0.5096039994086908,300.6374559423585,-0.8430746263537265,147.46623108267778,0.7300350313680855,316.8893309373766,0.45293112688903736,296.93189810452094,0.8978942235247928,333.88263814937596,0.5324784967974282,302.1730703308479,0.6703260321535567,47.90776689237134,-0.847001986848782,147.8870708971499,0.33155736286432813,70.63667163903102,0.12344871912828817,82.90881991424536,0.41468007539779433,65.50082907467969,46,352,59
John Belushi,1949-01-24 05:12:00,1982-03-05,33.106091718001366,overdose,Aquarius,Air,False,True,Aquarius,False,0.7583159837260126,40.68403719035126,-0.7464298027362462,221.7179444169413,0.9996577677912477,358.5009695427526,0.9489286126795512,18.39044960626262,-0.45684514906521057,242.81628264921358,0.41438571640466315,294.48063807708843,0.6898053160056189,46.38530008119375,-0.9234445724213199,157.43496639282316,0.313617890427387,71.72260274848483,0.32651328987651196,70.94271756947757,0.18030670812021057,79.61237480975974,24,64,40
Sam Kinison,1953-12-08 12:00:00,1992-04-10,38.33538672142368,accident,Sagittarius,Fire,False,False,Libra,False,-0.5700249229229922,124.751963723074,-0.9806214678357866,191.29800875151835,-0.5252898808112688,121.68775993666677,-0.506069792686952,120.40239336503461,-0.7391811621571894,137.66170979003687,0.28974215322386354,73.15748025533803,-0.19573391705846888,101.28760016585761,-0.9969691979826972,175.53803495763714,0.11226349471906084,83.55418736697243,0.045194784450214895,87.40964725528593,0.9303439523908947,338.4884944781257,342,101,124
Bill Hicks,1961-12-16 06:12:00,1994-02-26,32.19438740588638,cancer,Sagittarius,Fire,False,False,Sagittarius,False,0.2823013940591794,73.60239276647309,-0.877569296160127,151.3505249063284,0.48153205678867306,61.21448905337843,-0.05998182841410852,93.4387697337526,0.5104801255106941,59.30418404612482,0.1314389498372741,277.5527516338045,0.8143050875075009,35.48129164150424,-0.8114869975846717,144.24147055969343,0.3432158140394863,69.92707958611729,0.20888070042892154,77.94323349894688,-0.12634082640587896,97.25819340349994,350,57,72
Mitch Hedberg,1968-02-24 12:00:00,2005-03-29,37.08966461327858,overdose,Pisces,Water,False,True,Aries,False,0.8295686882249511,33.94554268126643,0.5724149209600354,304.9187978008506,0.6259194657912429,51.250294337086075,0.45105641467134144,63.18851735836205,0.5105519685378472,300.70060308534755,0.7158755977772381,44.28499639697304,-0.17346742930786577,99.98948429215203,-0.9422353758410411,160.43041227143578,0.1672849650583511,80.37000145819178,-0.044199310053597875,92.53325920080323,0.9989852219634496,2.5814272640465745,55,88,33
Greg Giraldo,1965-12-10 12:00:00,2010-09-29,44.799452429842574,overdose,Sagittarius,Fire,True,False,Capricorn,False,0.30927013494100364,288.0152509479788,0.8966524953571252,333.721482852193,0.3332154021459238,289.46405395531474,0.16091734546918485,279.26014623095625,0.3382003539363392,289.767267781104,0.00034997006817981776,270.02005180827194,-0.895246087176315,206.45994356846526,-0.9883215693153209,188.76503063381142,-0.09674251515391148,95.55162060086874,-0.24887531581311975,104.4109691563562,-0.834143062303019,213.47328685413234,344,272,72
Patrice ONeal,1969-12-07 12:00:00,2011-11-29,41.973990417522245,cardiac,Sagittarius,Fire,False,False,Aquarius,False,0.9895047646136613,351.69165943796486,0.28617816903484644,73.37071371742752,0.9875345174847932,350.943834457794,0.8655107135265216,30.05892668484796,-0.9672185508034304,194.7111051671805,-0.9985064337867078,183.1318715331556,-0.9921839000765684,172.83170347707795,-0.991508404348064,172.52794458846134,0.014094073057462835,89.19244236022215,-0.15563473961800764,98.95361091463928,-0.03287040705473539,268.1163250939398,341,333,8
Bernie Mac,1957-10-05 12:00:00,2008-08-09,50.841889117043124,disease,Libra,Air,False,True,Libra,False,0.5776747968951957,305.287165873675,-0.17957306930876754,259.6551067051628,0.864937004506063,329.8755127699495,0.16175098627257936,279.3085443555081,0.9719338152461142,346.39337748225387,-0.031178685196858787,91.78669663005056,-0.021463651998380438,268.77012888400907,-0.7535891111986687,221.0977583316246,-0.3653512472513922,111.42920065399318,-0.45808411000707105,117.263547560543,-0.11485930584174736,96.59551009459312,278,222,56
Richard Pryor,1940-12-01 12:00:00,2005-12-10,65.02121834360027,cardiac,Sagittarius,Fire,False,False,Scorpio,False,0.9866648132161848,9.36744134865856,-0.1341689754212382,97.71056852060275,0.9892345424998558,8.414808980989932,0.1426733745772006,81.79742741586989,-0.9998068949294219,181.12600795323067,-0.9991717603348216,182.33209169582273,-0.03097159905337649,91.77482573497699,0.23475526262871207,283.57719678771633,-0.7419923423921615,137.9014102578492,-0.76493142292408,139.9008914809276,-0.9991619335312873,182.34588759062487,336,344,8
Redd Foxx,1922-12-09 12:00:00,1991-10-11,68.83504449007529,cardiac,Sagittarius,Fire,False,False,Aquarius,False,0.515532086821991,301.033027043523,-0.21861629763674748,102.62777449540806,0.5761367183298769,305.1792761985514,0.13961158015299338,278.02537069559475,-0.5309268433320627,237.93190069105938,0.4497760807644748,296.72931843341615,-0.21382329181101353,102.34650158286235,0.503048723975989,300.20190776872175,-0.8286669382328652,145.96204286490794,-0.6212526638595924,128.40766843880584,-0.3187451691606385,108.58705500242058,343,284,59
Flip Wilson,1933-12-08 12:00:00,1998-11-25,64.96098562628337,cancer,Sagittarius,Fire,False,False,Capricorn,True,0.9745409022243083,347.0435846708141,-0.9802346940029742,168.58943004213592,0.9357138486555877,20.65622016448222,0.6023563672303069,307.0388470816092,-0.27179145336690996,254.22910338756716,-0.870018669672397,150.4608091082876,0.24770887016439042,75.658023759846,0.2703373032882447,285.6843393417493,-0.7380106213054819,137.5622256317953,-0.6863252744969144,133.3399218120698,-0.9981279394067955,183.50643147770833,342,329,13
Robin Harris,1953-08-30 12:00:00,1990-03-18,36.544832306639286,cardiac,Virgo,Earth,False,False,Leo,False,-0.9347075092167662,200.81905768846906,-0.9358290601981487,200.63749922747047,-0.8835247284132179,207.92948293866777,-0.980797573136065,191.24638919401843,-0.9647510650995641,164.74210379946535,0.9894867637063862,8.315475058474647,0.008506595345182449,89.51260211038053,-0.9770731721341457,167.70742477040574,0.13302165969508012,82.3557624248215,0.1010779358486131,84.19875381482862,0.9739011087577187,13.118910272506184,242,77,165
Marilyn Monroe,1926-06-01 09:30:00,1962-08-05,36.17522245037645,overdose,Gemini,Air,False,True,Pisces,False,0.46241615438891304,62.456872241166096,-0.5962647575772474,233.39715359026266,0.2771797335577552,73.90804573587397,-0.8491120035069426,148.11521695661423,0.02904166447687333,88.33580120356606,0.9699985136957561,14.070218040454336,0.23765326093655142,76.2519247938279,-0.8723817042877126,150.73659964111474,0.19858455370243389,78.54580021683228,0.5660047346233222,55.527909000514526,0.9381077960581995,20.26382456268861,152,217,65
Jean Harlow,1911-03-03 19:38:00,1937-06-07,26.261464750171115,disease,Pisces,Water,False,False,Capricorn,False,-0.07291341899848867,94.18134169879983,0.7757360826200594,39.1281838975424,0.09838113156289942,84.35404355140577,0.8898572288956093,27.14468818646649,0.49598480997826017,299.7347108074082,0.3097035094768824,71.95863649055903,0.8744194426024644,330.97634114428746,-0.2394574835723857,103.85452282628228,0.5411685054157209,57.2367804501925,0.8546243276411956,31.28174312731616,-0.8476967150868167,212.0379717902186,62,158,96
Carole Lombard,1908-10-06 12:00:00,1942-01-16,33.275838466803556,accident,Libra,Air,True,False,Virgo,True,-0.22348761478523319,102.91396040108756,0.8143416530382038,324.52231795406044,-0.05194013574565174,92.97729026811203,-0.9922618764572103,172.86759640893305,-0.822234960922896,214.69084820934282,0.12452570939360702,277.153366930869,0.7018678516543799,45.42294523868524,-0.6880221044404359,133.47374451027798,0.2964503804574592,72.75547107270452,0.7770356890245909,39.01003854581555,0.23598991703437222,76.35001783031922,280,16,101
Grace Kelly,1929-11-12 05:31:00,1982-09-14,52.83504449007529,accident,Scorpio,Water,False,False,Scorpio,False,0.5296528468399435,301.98200208858526,-0.7913609032232334,142.3128724971346,0.9131863166279719,335.9494589355183,0.6370584768229964,309.57282559215275,0.9999131463430477,0.7551527845410533,-0.8122403862830557,144.31540433249972,0.3911540325820864,293.0263257532487,-0.5993148350649776,233.17915793378148,-0.35629572070638876,110.87287702065217,-0.10361497508984124,95.94737521752292,0.529491611849247,58.028888477631995,316,257,59
Natalie Wood,1938-07-20 11:16:00,1981-11-29,43.35934291581109,accident,Cancer,Water,False,True,Cancer,False,-0.644367236191345,130.11824957778515,-0.3101764701306606,251.93013428153753,-0.1619979475629608,99.322883306476,-0.7148315461505768,135.62939545945224,0.5957875752666225,53.43120306084833,-0.5072592509986155,239.5185583462286,-0.9998303109586217,181.05553021526396,-0.9724616029335375,193.47747941500734,-0.085343711878095,94.89578993048201,0.06507145738415007,86.26904396490394,-0.48011437067499385,241.30712799143413,201,333,132
Sharon Tate,1943-01-24 17:47:00,1969-08-09,26.537987679671456,homicide,Aquarius,Air,False,True,Sagittarius,False,-0.9750212799630018,192.83307992462588,0.43818619307675605,295.98821027408576,-0.8662019603766207,209.9797619136231,-0.7277468560649709,136.69783612938554,0.9377026034695216,339.6692500627391,0.25025332845453135,75.50749664014582,0.8917323425649202,333.0917459646313,-0.5131121420339155,120.87135121597555,0.5877742854116661,54.00077668688641,0.6769546295616099,47.39387702978203,-0.8935147934710894,206.68170761015958,24,221,168
Jayne Mansfield,1933-04-19 09:11:00,1967-06-29,34.19028062970568,accident,Aries,Fire,False,False,Virgo,False,0.37135280099321,68.20092776200775,0.7913140024976895,37.69152283035163,-0.3426792520150467,110.04019289933379,-0.4051518746218492,113.90064473485997,0.6384675103286628,50.32235970606561,0.7976760359820273,322.9087496921967,0.5495129047699062,56.666397382506545,-0.8390997427073128,147.04517642046036,0.27114944542870634,74.26732300351412,0.5455923238964303,56.934849728531105,0.5202766286902842,58.64919096833046,109,180,71
Dorothy Dandridge,1922-11-09 12:00:00,1965-09-08,42.82819986310746,overdose,Scorpio,Water,False,True,Aquarius,True,0.48949291659843713,299.30725790352875,-0.8000244555026577,216.8675622539023,0.4818047323959638,298.8033384107327,0.6992283992092022,314.36513109634825,0.09589437025871676,275.50279848143,-0.5637977467142647,235.68115371624665,-0.8548389193749089,148.7419438459169,-0.9953368816490334,185.53534580819306,0.008247890014705671,89.5274253541391,0.4223718058385185,65.0155796829972,-0.3158690613999646,251.58671379744015,313,251,62
Judy Garland,1922-06-10 06:00:00,1969-06-22,47.030800821355236,overdose,Gemini,Air,False,True,Sagittarius,False,0.9769970182138654,12.313052663423392,-0.029380352551226195,268.31638752179106,0.9300379002483234,338.4407237084047,0.4466068253889008,296.5261889025454,0.9631694548057539,344.40146761921915,0.9796801310099624,348.4299233088244,-0.8173351085349428,215.1810892073312,-0.9592950627596908,196.4038373462311,-0.22005742478556528,102.71240584947188,0.2842487740698712,73.48605055839698,-0.9856828657431428,170.2929962184492,161,173,12
Frances Farmer,1913-09-19 12:00:00,1970-08-01,56.86242299794661,cancer,Virgo,Earth,True,False,Cancer,False,0.680578077270463,312.8888325716813,0.14993717997791567,81.37671393466357,0.8955183823599511,333.5750921928201,0.8565016476798345,31.073971597687546,0.7979428677730155,37.0658927180521,0.34031004414393273,289.8957647544197,0.8953664387252319,333.5555365501371,-0.47146094746715445,241.87082834604428,-0.5060384189488508,120.40030921527689,0.09756647569023932,84.40094554176231,0.9405902839197149,340.15092432049875,262,213,49
Veronica Lake,1922-11-14 12:00:00,1973-07-07,50.64202600958248,disease,Scorpio,Water,False,False,Aquarius,True,-0.5894531738356886,233.88178664519353,0.8893069475660844,27.21371297565358,-0.09259477952775998,264.68709945194996,-0.4880132761146595,240.78991658301806,0.49667191737393135,60.21994099018218,-0.10384249581911406,95.96048189743675,-0.31761163081948324,251.48145222765814,-0.7738533267090424,219.29881341972913,-0.29070852438346667,106.90037909959099,0.1591693709406631,80.8413131593529,-0.1816462950652136,100.46566653900774,318,188,130
Betty Grable,1916-12-18 12:00:00,1973-07-02,56.53388090349076,cancer,Sagittarius,Fire,False,False,Capricorn,False,-0.969503170663485,194.1864886642533,0.5578615972320257,303.9080415677125,-0.9205855936218684,202.98815759175852,-0.38539922887698236,247.33147288714545,0.09338157085738842,84.64182345696395,0.26002720657223233,285.0716764922039,0.8378014553211467,326.90868176590163,-0.46936705245059906,242.00678161735956,-0.5110043314941768,120.73075093953004,0.030175762812996183,88.2707936503325,0.9723864223424997,346.50405075951556,353,183,170
Rita Hayworth,1918-10-17 21:00:00,1987-05-14,68.56947296372347,disease,Libra,Air,False,False,Sagittarius,False,-0.8704365782207375,209.4905876025912,-0.3177821644287621,251.47114750797385,-0.8059929737959043,216.29373860497216,-0.9779145860647186,192.06404520675926,-0.9709061421541817,193.85469246300832,0.03124653655241798,271.7905861214447,-0.40488370633405446,113.8838397876614,0.5309752649548081,302.07137326040737,-0.853102269968126,148.55070987805723,-0.5230081845878098,121.5342517513099,-0.40247497299566104,113.7329924419941,290,134,156
Ava Gardner,1922-12-24 19:10:00,1990-01-25,67.08555783709788,disease,Capricorn,Earth,False,False,Pisces,False,0.8382980340475151,33.039169782857755,0.5425769058428076,302.8592328838844,0.9998500578806503,359.00778707622567,0.519817110966109,58.680015536907945,0.29784398606068385,287.3281538525688,-0.6387885487461082,230.29845616586255,0.008715037353000875,89.50065882025493,0.45375107708954215,296.9846050862767,-0.8197025829941936,145.05503224425132,-0.6057949879872452,127.2860703322868,-0.7927099208614586,142.4394838957812,358,25,32
Lana Turner,1921-02-08 21:10:00,1995-06-29,74.38193018480493,cancer,Aquarius,Air,False,False,Pisces,False,-0.7395914800516767,137.69662755942065,-0.8130536894629167,144.3953672145679,-0.17097243815762475,99.8443634682028,0.23178311657051134,76.59792596691192,-0.9872985226900995,170.85833074325933,0.16803552306326092,80.32638018486605,-0.9998471199888014,181.0018864804578,0.8154550661526514,324.6323826757407,-0.9534785128521955,162.45462557964277,-0.7785552264805674,141.12848298154586,0.9997355016014573,1.3178279874090038,39,180,141
Joan Crawford,1904-03-23 23:00:00,1977-05-10,73.12799452429843,cardiac,Aries,Fire,False,False,Aries,True,0.6844179207374272,46.810152906732604,-0.45821717761677244,242.72787506221886,0.8172560390317553,35.18895141165382,0.8085804595706579,36.04253055621513,0.9853724870100761,350.18808698935425,0.46299812854211103,62.41925888220379,-0.9931641698939816,173.29681866615348,0.6352007494347063,309.43487526770326,-0.9525854137798146,162.2856705116767,-0.3923360850524849,113.09993574458841,0.902011257059985,25.576289574720448,83,130,47
Bette Davis,1908-04-05 21:00:00,1989-10-06,81.5003422313484,cancer,Aries,Fire,False,False,Taurus,True,-0.9990808821989539,177.54327532114658,-0.9805125517601982,191.32981778362011,-0.993480699781914,186.54597503422653,-0.9990916461856169,177.5577054954306,-0.6672793213790441,131.85742721065063,0.9165363395926494,336.42485846868686,0.09893240181882001,275.6776967524379,0.9651452218321356,344.82815604710174,-0.9990844540648736,177.5480543468752,-0.7764501281030143,140.9366917998801,-0.723630883060217,223.64492770715802,96,279,182
Barbara Stanwyck,1907-07-16 12:00:00,1990-01-20,82.51334702258727,cardiac,Cancer,Water,False,True,Capricorn,False,-0.9917216508992427,187.37750576989373,0.6485299945354621,49.56913876445154,-0.8945239683867953,153.44735036072825,-0.9319099820754445,201.26546906530615,0.9559752957961385,342.93555456701404,0.940652841944844,340.1614832738203,0.3499118622055985,290.4819243098124,0.9983216572810347,356.67999517700065,-0.9999999764495769,179.98756525200992,-0.8044931799945182,143.56133728346498,-0.913316150605225,204.03228137581743,197,20,177
Katharine Hepburn,1907-05-12 17:47:00,2003-06-29,96.12867898699521,natural,Taurus,Earth,False,False,Capricorn,False,0.6882188690411912,46.510718228696696,0.7748943547117454,39.20454460971184,0.6093013711362694,52.460995324434286,0.4154454261060837,65.45262978334513,0.6561469011328158,48.993328615605606,0.78068375692997,38.67677775927564,-0.1477773031322927,98.49813992035865,0.6405790180969274,50.16499101837252,-0.8468009183405797,212.13459413380713,-0.9970536849539322,175.60069664000125,0.5105293436731809,300.6990954923857,132,180,48
Ingrid Bergman,1915-08-29 03:30:00,1982-08-29,66.99794661190965,cancer,Virgo,Earth,False,False,Cancer,False,0.9998134804384904,1.106640534617867,-0.2852317925429876,253.4272955650114,0.9721339393179972,13.55779672126269,0.9769389982265937,347.6713685087409,-0.635829560021906,129.48153857213887,-0.7685198661215812,219.77884045266757,-0.10768996378420749,96.18216915477095,0.30736436171829695,287.90046626422736,-0.7969727709919268,142.84198792591644,-0.37290849709416324,111.89510404401702,-0.8099119608355468,144.08733064463803,241,241,0
Vivien Leigh,1913-11-05 17:16:00,1967-07-08,53.667351129363446,disease,Scorpio,Water,False,False,Cancer,False,-0.4548956173786459,242.94178173083728,-0.9583398853678359,163.40347211366742,-0.7491228253879413,221.4855486513805,0.6495028410670705,310.5041287014116,-0.054828466330947324,93.1430157963935,-0.9052948398999096,205.1369776466418,0.42551428080848147,295.1832200508842,-0.6799115893302587,227.1632652916161,-0.3991570021540915,113.52548918499808,0.21725275977373906,77.45227458507583,0.7436716638703907,41.95486855851129,309,189,120
Audrey Hepburn,1929-05-04 03:00:00,1993-01-20,63.71252566735113,cancer,Taurus,Earth,False,False,Cancer,False,-0.2199495607395367,257.29392952767273,0.4668377362240891,297.82922216017715,-0.5301626154384628,237.98355724453322,0.8165474138830771,324.74065525323846,0.9775042911891302,347.82398998426766,-0.8071695206464429,143.820300629149,0.6628228371446732,48.48448460760255,0.16470675033390805,279.4801994282657,-0.7715499526466155,140.49327799302637,-0.6249173661562962,128.67612260622127,-0.8858141205994919,207.6481256588247,124,20,104
Elizabeth Taylor,1932-02-27 02:30:00,2011-03-23,79.06365503080082,cardiac,Pisces,Water,False,False,Pisces,False,0.9047348521976852,25.212404246647225,0.9874286620079509,9.094616820682859,0.7256295819961263,43.47875314453586,0.6196564427421722,308.2910504413196,0.9345863827950729,20.838575349034556,-0.5318271311728322,237.8710099587053,-0.26801927619348614,254.45356382281966,0.9592881343138018,343.5947570370967,-0.9926027929302874,173.02667998648798,-0.9752393384073844,167.22329208364195,0.012750481841743305,270.7305685925409,58,82,24
Debbie Reynolds,1932-04-01 16:05:00,2016-12-28,84.73921971252567,cardiac,Aries,Fire,False,False,Pisces,False,-0.0789391284941591,265.4724105772507,0.5739629167111228,305.02703692604643,-0.29398756803052084,252.9031625459609,-0.048059324725738865,267.2453424273644,0.9281251557920981,338.14442193359196,0.37327941484960586,68.08198997459249,0.7394163615009826,317.6817222330168,0.9995772945686401,1.6659879034269807,-0.9976259315899996,183.9488460503769,-0.9985057986229973,176.86746243167397,-0.9454098559889313,160.98087602496835,92,363,94
Anne Bancroft,1931-09-17 12:00:00,2005-06-06,73.71663244353182,cancer,Virgo,Earth,False,False,Scorpio,False,-0.13492778725557583,262.2455558023088,-0.996806336957406,184.58034115798537,0.22677971426259214,283.1075538640633,0.12795528183528163,277.35145180508846,-0.8288984921323403,145.98575222856732,0.564400517320539,55.63932748663939,-0.9891029906161146,188.466159746803,0.7924000079837854,322.4103650256284,-0.9473108759812426,161.31798594742614,-0.8786955466971635,151.4854061499089,0.9695967579816024,14.164592786626372,260,157,103
Maureen OHara,1920-08-17 12:00:00,2015-10-24,95.1813826146475,natural,Leo,Fire,False,False,Scorpio,False,0.3986049988294617,66.50900085697134,-0.942276414877544,160.4374334940854,0.34509211377145466,69.812581166379,0.9908197639168986,7.769576722598913,0.4911714081751232,299.41760395013256,0.9535807976045961,17.525923702067246,0.15755800601355416,80.93481752562795,0.720216769994933,43.92761973022834,-0.9031399037599919,205.4260869437613,-0.996504594805516,184.79195772441847,0.7547577032589775,319.0042029193909,230,297,67
Lauren Bacall,1924-09-16 02:00:00,2014-08-12,89.90006844626969,cardiac,Virgo,Earth,False,True,Aquarius,False,0.836727606860013,326.79615930106763,0.7437121857975707,318.0486043768621,0.9356780848404046,339.3379718062106,0.9929038787798824,353.17024232155757,-0.27470846512746444,254.0553586532511,-0.5936556213097233,233.58314638440584,0.9571395298425464,16.835638912081635,0.891518198651709,26.9353526351872,-0.9644396772969386,195.32554478069363,-0.9993904133362901,177.9993209570435,0.4826830805465111,61.139214647705955,260,224,36
Gloria Swanson,1899-03-27 12:00:00,1983-04-04,84.0164271047228,cardiac,Aries,Fire,False,False,Cancer,False,0.9913603421053707,7.537009789242796,0.08104795712226973,85.35119512492619,0.9997773118037581,358.79081071893637,0.08534992618983717,85.1038527117928,0.09633285285573076,275.52803853594867,0.8468649338265584,32.12769791282963,0.6260076352550759,308.7561834768146,0.9998540362515327,0.9789610592046643,-0.992359061901641,187.08741549744113,-0.7031245878329229,134.67823079473067,-0.9961077605090115,174.9431697756964,86,94,8
Mary Pickford,1892-04-08 12:00:00,1979-05-29,87.13210130047912,disease,Aries,Fire,False,False,Capricorn,False,0.6636695418455598,48.419662946907806,0.6535905425445305,310.8128636316837,0.8436643045819562,32.47089167315306,0.9434151198038058,340.63322586089055,-0.4217830105383974,114.94720767326197,-0.49043247764693415,119.3690110383953,0.952887519545342,342.3426472102101,0.9723785535616141,13.497880951874464,-0.9765362545514629,192.4362417982204,-0.6341620629414065,129.35786391257759,-0.417758104933595,114.6931279825915,99,149,50
Lillian Gish,1893-10-14 12:00:00,1993-02-27,99.36755646817248,cardiac,Libra,Air,True,False,Libra,False,-0.7377768404324825,137.54237925164654,-0.8709071702621567,150.56423025807555,-0.7295867941437668,136.85176472853675,-0.7033534974769194,134.69667863570282,0.029966910110925008,271.71723455709497,-0.680679640314844,132.89677538948698,-0.5958674970379289,126.5744987314794,0.32558823083981125,70.99878342295034,-0.7984717532223664,217.01558764952446,-0.9655926982137312,164.92643039637994,-0.5292165871465627,238.04746195301476,287,58,136
Mae West,1893-08-17 22:30:00,1980-11-22,87.26078028747433,cardiac,Leo,Fire,False,False,Virgo,False,-0.09025902874450846,95.17850899467967,-0.9096879591899698,204.5377346398932,-0.001451629975918225,90.08317230024534,0.8266406074761395,34.24482207421232,-0.49112064983448617,119.41426528104301,-0.5735089588935003,124.99528040970165,0.9987759980490895,357.1648698968968,0.9454592406800197,19.010439415519556,-0.9896410263618833,188.25413584176746,-0.6749152546261159,132.447569585642,-0.3782146946250538,112.22314049697223,229,327,98
Marlene Dietrich,1901-12-27 21:15:00,1992-05-06,90.35455167693361,disease,Capricorn,Earth,False,False,Capricorn,False,-0.6526891224674755,130.7446583617407,0.8376637206015067,326.89423038800277,-0.34692898845926906,110.29959294987484,0.2502270554482086,75.5090514403779,0.43107429991723206,64.46424275098576,-0.7163906997870322,224.2427117131594,0.8582878201734488,30.87512041620971,0.8683877316813581,29.728179352287725,-0.9457798153388319,198.95397148915558,-0.9016350618255987,154.37382811916518,0.6103333731408941,52.386388081886366,361,127,131
Greta Garbo,1905-09-18 21:30:00,1990-04-15,84.56947296372347,disease,Virgo,Earth,False,True,Sagittarius,False,-0.866157996010995,209.9848025588733,-0.8441032474361293,212.42401681927126,-0.4000295981189297,246.41997118766244,-0.9428414710480205,199.46564565274008,0.360536236922767,68.86686818489693,0.8819597311791033,28.120324203274436,0.8423817614477015,327.39248900494835,0.9868324978380888,9.308228412562755,-0.9971369723080625,184.33664703095081,-0.8115893379852553,144.2515059507327,-0.9626115816271362,164.28303518366945,261,105,156
Anna Magnani,1908-03-07 12:00:00,1973-09-26,65.55236139630391,cancer,Pisces,Water,False,False,Taurus,False,-0.9577241968938616,196.71958811435735,-0.6906383385059495,133.68066015379048,-0.6659993143702929,228.2409641942745,-0.947759039916597,198.60168310921244,0.9999907102214106,359.7530320208563,-0.9993252910315762,177.89515416053172,-0.10204012035318566,95.85666182434625,0.10616533554627873,276.09431067266644,-0.7982727590277751,142.96547810038618,-0.198997414403596,101.47833668554621,-0.9904677326566339,172.08262298347654,67,269,163
Anita Ekberg,1931-09-29 12:00:00,2015-01-11,83.2826830937714,disease,Libra,Air,False,False,Scorpio,False,-0.2681135141900846,105.5520407412364,-0.8254006684607101,145.6291340056248,-0.7479139706000848,138.41000125224176,-0.48132758963131816,118.77214493349078,-0.35916570192066183,111.0489677668518,0.9956819268375038,5.326464398720816,0.7093473028645192,315.18183488226987,0.9960081206242917,354.8788097286372,-0.9998615087447893,179.04642727979677,-0.9889897530457546,171.48988475883937,-0.9872821908059072,189.1475571727153,272,11,104
Tuesday Weld,1943-08-27 12:00:00,2024-12-18,81.30869267624914,disease,Virgo,Earth,False,False,Gemini,False,-0.4022366972712031,113.71807988974757,0.9858134000854145,9.66254571336313,0.3996789919585612,66.44188774878344,-0.819132067115819,144.99800448698474,0.44908278826081427,63.31514818697425,0.5333519054618332,302.23221059204775,-0.1967254187588239,258.65446458940886,0.9673646126064863,345.321885828222,-0.9980458973609118,176.41753412197875,-0.9926509278910196,173.0494332980198,-0.6777934224259065,227.32854700517157,239,353,114
Raquel Welch,1940-09-05 14:37:00,2023-02-15,82.44216290212184,cardiac,Virgo,Earth,False,False,Virgo,False,-0.9596293661761786,163.66412461468613,0.6553355953143429,49.05489853177477,-0.785735517943078,141.78875593926236,-0.5435277875181458,237.0758849101196,0.05969180476877552,273.4221227743751,0.8013870031880614,323.26275627176744,0.2230345378487597,282.88732878758736,0.9817722947279544,349.04365933208885,-0.9999231333142911,179.28958930645342,-0.9969515908632407,175.52508649953324,-0.9033006075322382,205.40463276084836,249,46,162
Ernest Hemingway,1899-07-21 08:00:00,1961-07-02,61.94387405886379,suicide,Cancer,Water,False,False,Virgo,False,0.9513093308526462,342.04693428343944,0.5101924831430396,59.32334820257097,0.6103996105565478,307.6184030210335,0.6730276224657195,312.301170431395,0.9491869135727272,341.6565179022575,-0.06758140276058477,93.875082720541,0.7668178264587651,39.931013874818746,-0.18794606899780772,259.16705666222697,-0.6804821487884687,132.88133134841271,0.1752931949731336,79.9042793104563,-0.4717798447485328,241.8501077362622,202,183,19
F Scott Fitzgerald,1896-09-24 15:30:00,1940-12-21,44.23545516769336,cardiac,Libra,Air,False,False,Gemini,False,0.044752062793085384,87.43503902975868,-0.7735724592310085,140.6757854793503,0.6011990377015234,53.04417925206269,0.788523234469315,37.952281157891576,-0.8648967278027712,149.87091501048377,-0.3978304402592474,246.5573812973913,-0.9904174191373593,172.06172220568936,-0.9998492645391759,180.99483441838683,-0.12824122083276782,97.36797099655155,0.6404376475882891,50.17553847675532,-0.7147522560194299,224.3771006768813,268,356,88
William Faulkner,1897-09-25 12:00:00,1962-07-06,64.77207392197126,cardiac,Libra,Air,False,False,Libra,False,0.19542013778517806,281.2692679115078,0.9760126966200716,347.42522228222765,-0.061818846800308816,266.4557811215691,0.9944494826463155,353.9604379533058,-0.7882509260043374,217.97764306711866,-0.9826943446815132,169.3251946607416,0.291472242686863,73.05388238235071,0.03288845579656553,271.8847095822158,-0.7459085377952918,138.2371949023937,0.11525457856264236,83.38169103697466,-0.9922072243540744,187.15757900650058,268,187,81
John Steinbeck,1902-02-27 15:00:00,1968-12-20,66.80903490759754,cardiac,Pisces,Water,False,False,Pisces,False,0.3515443142852699,290.58180139948087,0.47351652953572454,61.737194712403664,0.7038770644076492,314.7388950371895,0.9937670417634287,353.59954902778793,-0.76737681989044,219.8810895804348,-0.5012888802214851,239.91469167291459,0.0951053412089014,84.54261712885369,0.22303094611382093,282.8871176787028,-0.8545128395890034,148.70595700606876,-0.1463718630132617,98.41672881314518,-0.8459180249480882,147.7704284610579,58,355,68
Jack Kerouac,1922-03-12 17:00:00,1969-10-21,47.60848733744011,disease,Pisces,Water,False,False,Sagittarius,False,-0.8030841268637494,216.5743676931664,-0.999672619902465,178.5338594141105,-0.6687890255663526,228.02633011705618,-0.9948867727073202,185.79656095325765,0.7724320933674692,39.42720611043674,0.9992889209952899,2.1608384362967854,-0.858827227395175,210.8148420256067,-0.9016687667888981,205.62170640210988,-0.2365544104098462,103.68326767342455,0.2050814563812631,78.16573253195868,-0.9344752459622305,159.14353201230116,71,294,142
William Burroughs,1914-02-05 12:00:00,1997-08-02,83.48528405201917,cardiac,Aquarius,Air,False,True,Cancer,False,-0.9951583937139692,174.35962804331717,0.6219912513924554,51.53830754332266,-0.9728536254139767,193.3807647550692,-0.8859513579788136,207.6311759572734,-0.2898621661762639,106.84970429395888,0.9684963347717971,14.41999038325298,0.6308241904530358,309.1109560220931,0.9996545529182347,358.49394477445793,-0.999442949722702,181.9125156163326,-0.8952447306068793,153.5398819918068,-0.9958454435582718,185.22456858891022,36,214,178
Allen Ginsberg,1926-06-03 02:00:00,1997-04-05,70.83641341546885,cancer,Gemini,Air,False,False,Pisces,False,0.5591909563585999,303.9998654328542,0.9838351684742138,10.315968036716697,0.81950005959465,325.0347790718559,0.9711570368368456,346.20546728001557,-0.999534243214502,178.25122440704152,0.9813334439399017,348.9121429342787,-0.7615138514204584,139.59783805252383,0.6301698894903499,309.0626577869304,-0.9240227774843032,157.52145649288772,-0.7876361580693401,141.96515228790537,0.34438965045181846,69.85545777804326,154,95,59
Hunter S Thompson,1937-07-18 12:00:00,2005-02-20,67.59206023271732,suicide,Cancer,Water,False,False,Scorpio,False,-0.8035562828503378,216.52894300982518,-0.6185774125081325,231.78767614157357,-0.8630896608830552,210.3347198206211,-0.3209497046106855,251.27963128759174,0.6774712211818787,47.35365001057619,-0.0641285757697782,266.32318018172424,-0.27650920467131695,106.05197311433251,0.39409017188263007,293.2092424879304,-0.8557062976788502,148.8378513123913,-0.8286326725354384,145.9585355510152,-0.6770965771987852,132.61717385136913,199,51,148
Truman Capote,1924-09-30 15:00:00,1984-08-25,59.898699520876114,overdose,Libra,Air,False,True,Aquarius,False,0.8220648916661201,325.2920347225272,0.23245744722903752,283.44179523638104,0.9793729017861362,348.342483005144,0.8711012874708044,29.413130515740335,0.1462514707472528,278.4097558046858,0.9463028295881332,18.861495128803057,0.9866643157297064,9.367616469582089,-0.16106515710076916,260.7312728555165,-0.6011937384970926,126.95544079354977,-0.28250436697461107,106.40973017859999,0.19816134888301187,281.4294602750476,274,238,36
Tennessee Williams,1911-03-26 02:30:00,1983-02-25,71.91786447638604,accident,Aries,Fire,False,True,Aquarius,False,0.8828918573839204,331.99319862731494,-0.9998340498203486,181.0438365504225,0.5730074681075089,304.96021305406356,0.8713716106798957,330.6184228155767,0.6236970454545679,51.4133821722109,0.8995969769269113,25.89485788296554,-0.9998595793359627,179.03980768972647,0.6464901847978662,310.27749656820976,-0.9404612348547625,160.1291595847638,-0.5508498960289075,123.42533894324811,0.6569325885137455,48.9336479991607,85,56,29
Arthur Miller,1915-10-17 12:00:00,2005-02-10,89.31690622861053,cardiac,Libra,Air,True,False,Leo,False,-0.482040193500661,118.81873525405271,0.8975222828591501,26.16573022030866,-0.25785618049531167,104.94289341879514,-0.13268572816834887,97.6248179744457,-0.8427639513071337,147.4331473526812,-0.8762655732464119,208.80488852162887,0.995549577510567,5.407536365837288,0.9124140430358261,24.158884413144563,-0.9752954818765726,192.76215419018033,-0.9868193052319827,170.68709947933655,0.3018699528180687,72.43004850270955,290,41,116
Eugene ONeill,1888-10-16 12:00:00,1953-11-27,65.10882956878851,disease,Libra,Air,False,False,Sagittarius,False,0.7501307012195387,41.39829909881195,-0.9421751039527119,160.42010495399074,0.9997947261700145,358.83905444690936,0.9999600602239009,0.512084804278345,0.3600784815026576,291.10501591879256,-0.9527315209337224,197.68679608229218,0.2469731932009932,75.7015266466311,0.08243937790133374,274.72879511626707,-0.8006807982626374,143.19516306536372,0.18502898775957954,79.3371775485785,-0.9999336575475349,180.65998762470898,290,331,41
Edward Albee,1928-03-12 12:00:00,2016-09-16,88.5119780971937,natural,Pisces,Water,True,False,Aquarius,False,-0.9991451467264957,182.36926894944943,-0.36986136488863963,111.70706755313358,-0.9363178271416683,200.5578972849247,-0.5263677372902829,238.23963562934983,0.6826814984303424,313.0535418258034,-0.9876327120651531,170.97964828246253,0.9897640473678055,351.7951071733804,0.9340670086877113,20.92206726187333,-0.9740373166130816,193.08448231039293,-0.9999989269516926,179.91606418609865,0.03478267591145046,88.00669740451879,72,260,177
Harold Pinter,1930-10-10 12:00:00,2008-12-24,78.20396988364134,cancer,Libra,Air,False,False,Cancer,False,0.23178605445933007,76.59775292587946,-0.9761939327559953,192.52699239262463,-0.3369658190404987,109.69212280420749,0.17428838264516383,79.96275095488906,-0.8906093572417058,152.94991857625683,-0.9902424766326906,188.01052905910282,-0.24689616505484654,255.7060810752757,0.9120283640378153,335.7871788086333,-0.9758128048221278,167.37272448894586,-0.9404191155200693,160.12206090954032,0.29871465500419747,287.3804186772687,283,359,76
Samuel Beckett,1906-04-13 12:00:00,1989-12-22,83.69062286105407,disease,Aries,Fire,False,False,Taurus,False,-0.3749367904143584,247.9795938464651,0.5860391397774294,305.8764344408071,0.20403619426448083,281.77308460081446,-0.027810672870945647,268.4063603449842,-0.9717726785839205,193.64581168091632,0.8612274253412462,30.545321271011474,0.553211283051933,303.5876005688715,0.9983340475530437,356.6922761717135,-0.9977055704149095,183.88202269787467,-0.8272391437633179,145.81616708383768,-0.9997578101187127,181.26102702187757,103,356,112
Jean-Paul Sartre,1905-06-21 18:00:00,1980-04-15,74.8145106091718,disease,Gemini,Air,False,True,Scorpio,True,0.4386574270784328,296.01825104089426,0.4202717708643358,65.14825329342113,0.0844313882004969,274.84332827397475,0.8978271755584509,26.12608713603217,0.307470250567911,287.90684199442205,-0.10741898968052993,96.16655289530945,-0.9484537828432815,198.47648840248425,0.7915808667879529,322.3334923313177,-0.9658511196872125,164.98347080662887,-0.482350216918155,118.83901121286046,0.9924244075057752,352.94299404033035,172,106,66
Albert Camus,1913-11-07 02:00:00,1960-01-04,46.15468856947297,accident,Scorpio,Water,False,False,Cancer,False,0.5138976194648501,59.076201232513256,0.8685906094923118,29.704729983187974,0.9171353321460272,23.489183953853797,0.7467387755687422,41.691335242375914,-0.8725703319590233,150.75871652814283,0.9111560105983927,335.6655956428639,-0.9211193391894882,202.90972585760517,-0.958460114357077,196.57239359371815,-0.18283301152683054,100.53481839542182,0.421345093995585,65.08046194305454,-0.992051441015713,187.22886174879363,311,4,58
Simone de Beauvoir,1908-01-09 04:00:00,1986-04-14,78.25872689938399,disease,Capricorn,Earth,False,True,Pisces,False,-0.11738656351056806,96.74129760805505,0.13964077735049998,81.9729398790891,0.30161981135049587,72.44508124887625,0.016397110341725172,89.06047267696329,0.16923195878041214,279.74316653042933,-0.8582643894270553,210.87773638220824,-0.229741949080813,256.71812030773077,0.9344992402503453,339.1473937665289,-0.9912699744818408,172.42361834410355,-0.681545607533429,132.96454064921903,0.2806495017087177,286.2989728145356,9,104,95
Jorge Luis Borges,1899-08-24 12:00:00,1986-06-14,86.80082135523614,cancer,Virgo,Earth,False,False,Libra,False,0.3758038106597015,292.0740019536352,-0.8066518492337799,143.77008609445312,0.7976172413423793,322.9031643087778,0.8958835079288686,333.6221400599673,-0.1939431365535216,101.18299118863195,-0.7276705628736589,136.69146294800592,0.9783893449964892,348.0668025033368,0.9602431417368752,16.2103768615967,-0.9900479735183788,188.09010627159938,-0.7452668058625919,138.18202065048126,-0.5164071568568301,121.091557771461,236,165,71
Gabriel Garcia Marquez,1927-03-06 12:00:00,2014-04-17,87.1129363449692,disease,Pisces,Water,True,False,Gemini,False,0.7375802706811049,42.474302348592914,-0.8542563679724587,211.32232162794105,0.934119838267619,20.913589197738872,0.8892123201509545,332.77443368225084,-0.630759564256559,129.1061840671316,-0.5307394480532278,122.05542997773324,0.9618937348436686,344.1319093920608,0.9669863460094928,14.763404868065265,-0.9790023198431362,191.76213506600857,-0.9999867667227457,179.70523778255583,-0.42371936098870155,115.06963002750763,65,107,42
Octavio Paz,1914-03-31 12:00:00,1998-04-19,84.04928131416838,cancer,Aries,Fire,False,False,Cancer,False,0.9438319702144566,19.294622095424323,-0.5943261284674736,233.53539177786172,0.8955575787892772,26.419860918956942,0.7926152519761013,322.430586932809,0.32107161318764227,288.72774388614283,0.84619900135989,32.19937258026545,0.6542436583438493,310.86232497723216,0.9995721293522507,1.6761364243635057,-0.9932500643113336,186.66088658435004,-0.9305548486845221,158.52147154702052,-0.9950808074609265,174.31457763986324,90,109,19
Pablo Neruda,1904-07-12 22:00:00,1973-09-23,69.19644079397673,cancer,Cancer,Water,False,False,Cancer,False,0.3379772389889244,70.2463156338213,0.8209144230251472,34.823563965043505,0.12922410268390372,82.57524150943516,-0.3498238554290545,110.47654170742184,0.5142097497243834,300.9446481754288,0.07716356091775753,274.4255455796726,-0.7018109981329756,134.57248182026112,0.42149940117307133,294.92928719771703,-0.8557466374695054,148.84231820961224,-0.2290263025053687,103.23975289281844,-0.20140472478482924,101.6191155409233,194,266,72
Isaac Asimov,1920-01-02 12:00:00,1992-04-06,72.25735797399042,disease,Capricorn,Earth,False,False,Libra,False,-0.10675116133788232,96.12806785476943,0.9984793682459028,3.160128238523768,-0.1270684081098967,97.30021947482311,-0.5184445666085881,121.22797381994775,-0.7667348102249809,140.06157628992005,0.9474513758640939,18.656866111392645,-0.9046871879302587,154.7811854339102,0.7533855967961627,318.8845060281862,-0.9270393316866812,157.977905883927,-0.7173426882411644,135.83552141331043,0.7385667562193685,42.39053210978804,2,97,95
Arthur C Clarke,1917-12-16 12:00:00,2008-03-19,90.25325119780972,disease,Sagittarius,Fire,False,False,Virgo,False,-0.0919974151427406,95.27852737115518,-0.7511494477772717,221.30995506331752,0.6114402186467313,52.306286841377926,0.8836461893720655,27.914621424081815,0.2425323517502757,284.036050150556,-0.7148367800589425,224.37017570681925,0.9446008504059674,19.160852225474287,0.8784720564790767,28.54140575027253,-0.9597199357388048,196.31741571606085,-0.9980296874735053,176.40270111393784,0.583218786309549,54.32274514845062,350,79,94
Ray Bradbury,1920-08-22 12:00:00,2012-06-05,91.78370978781656,natural,Leo,Fire,False,True,Scorpio,False,0.27832165333413245,286.16006124508283,0.944886754651659,19.110880781585195,0.6826858987054045,313.0538868543447,0.05865475989953763,273.362600177609,0.4202360272015787,294.8494897678297,-0.006961063837415518,269.60115720006905,0.764550371715956,40.13299233509841,0.8281873731821467,34.08701483150924,-0.9323085691608003,201.2024132349922,-0.9999796971647205,180.36510410052955,0.908329316299742,24.724513129551298,235,157,78
Philip K Dick,1928-12-16 12:06:00,1982-03-02,53.204654346338124,cardiac,Sagittarius,Fire,True,False,Cancer,False,0.22046821627924323,77.26346493141796,-0.41504881213551004,114.5223904532192,0.61754858292722,51.86266082852313,0.9957200305231556,354.6971055234332,-0.294295131380767,107.1152751857072,-0.9857462664597513,189.68543567917104,0.49361522883783404,299.57847834693496,-0.4828905610827761,241.1256400850576,-0.4304552112999637,115.49645246101397,-0.15424417756317305,98.87296367190275,0.6307369869654955,50.89548294873825,351,61,75
Kurt Vonnegut,1922-11-11 12:00:00,2007-04-11,84.41067761806981,accident,Scorpio,Water,False,False,Aquarius,True,-0.8902477331164429,152.90439343270103,-0.9914867205397393,172.51839693461824,-0.8381694965114705,146.947324790661,-0.9860454900447636,170.41700519437524,0.9010686001262946,25.701112600337183,0.6904952917893536,46.33067169876952,0.5455259482883568,303.0606124266137,0.9925610351442926,6.992999171065094,-0.9982735368699925,183.3672765574732,-0.9777508415207165,167.8911484848838,-0.9756493399173625,167.32995258718765,315,101,151
Joseph Heller,1923-05-01 12:00:00,1999-12-12,76.6132785763176,cardiac,Taurus,Earth,False,False,Gemini,True,-0.766978021364798,219.91671201425996,0.15975518753720896,80.80731327855204,-0.9996151757449778,181.58958141742602,-0.8500091304095264,211.78733752965744,-0.4688931143417956,242.03752984513847,-0.9428104358790671,160.52901902892816,-0.8979138052464041,206.1148130723902,0.8427053666518699,327.426912034783,-0.9749363890751627,167.1450399970356,-0.8775194971654566,151.34457433355004,0.7447535970680023,318.13793914834827,121,346,140
Norman Mailer,1923-01-31 09:05:00,2007-11-10,84.77207392197126,disease,Aquarius,Air,False,True,Aries,False,0.12571549052730932,277.2220763226586,-0.4985430917408323,119.90365844429796,-0.11326500103751395,263.49643693377607,0.13909901964987614,277.9957137625258,-0.08770876841022189,95.03180784601787,0.8263156218001747,34.277897278225055,0.7323703063515513,317.08547500155487,0.9985184966993543,3.119195343869137,-0.9991957138337791,182.29811650612493,-0.9772619113899349,167.7583212470492,-0.9416690234708849,160.33376302536317,31,314,82
Gore Vidal,1925-10-03 10:00:00,2012-07-31,86.8227241615332,disease,Libra,Air,False,False,Libra,False,0.4849976326044546,299.01231730372143,-0.1426301071567494,261.7999320717077,0.46433226419348156,297.66701589249817,-0.8339199189727889,213.4964602843841,0.9754282005721525,12.727685270443544,-0.8346708996303374,146.5815855518441,0.9463291555737341,341.1431712300679,0.963309435370547,15.568677667587849,-0.9892577309567964,188.40572517127396,-0.9920956963457388,172.79131713322317,-0.5102523158168012,120.68063783263312,276,213,63
James Baldwin,1924-08-02 12:00:00,1987-12-01,63.3264887063655,cancer,Leo,Fire,False,False,Pisces,True,-0.4828063986615479,118.86885331453226,-0.5973968631207772,233.31631168774862,0.12712403145019804,82.69656748604885,-0.9997552104595152,181.26777714556056,-0.4993065544991032,240.045867390215,-0.6430070863349047,130.01641758239177,0.5692801907355688,55.2999534950651,0.08435878512357889,274.8391535301483,-0.7306998924466422,136.94510063608502,-0.4758884664489349,118.41721376363013,-0.8178729477071853,215.1275689843894,215,335,120
Richard Wright,1908-09-04 12:00:00,1960-11-28,52.2299794661191,cardiac,Virgo,Earth,False,False,Virgo,False,0.09165144686143295,84.74137925256605,-0.3789498186506312,112.2686471714344,0.6087301250870064,52.50226072716217,-0.9842869362170251,169.8295917325661,0.6571543997138958,311.0832105280915,-0.618583399780386,128.21276045769142,0.12598735296530547,277.23777773333876,-0.7345231909888637,222.73305828985883,-0.39600332826383156,113.3285637771644,0.30344463116141396,72.33538635970861,0.34612694601866034,69.74939607660752,248,333,85
Ralph Ellison,1914-03-01 12:00:00,1994-04-16,80.12320328542094,cancer,Pisces,Water,True,False,Cancer,False,0.6922204072535807,46.19386863698179,0.5426845204294876,57.13342655448332,0.9558418105024521,17.090489255573402,0.4433313364465646,63.68337251416585,-0.10242582117034071,264.12112274843753,0.04468360392486742,272.56103463834415,-0.045318328863765744,267.4025614216371,0.9738319962029991,346.8636547084302,-0.9990848130148212,177.54853512360677,-0.8517647586570444,148.404136203191,-0.3378202877802172,250.25587025498285,60,106,46
Langston Hughes,1901-02-01 12:00:00,1967-05-22,66.29705681040383,disease,Aquarius,Air,False,True,Virgo,False,-0.3212155393022726,108.73645148191454,-0.43613788289106525,115.85772125753356,-0.4048464706444284,113.88150656057081,-0.9940172222774257,173.7294472446988,0.8195603048718859,34.95919722280786,-0.8899808934438028,207.12915393972554,0.0354965890929593,87.96576791386099,0.07720913372062829,274.42816452207114,-0.8290188123639853,145.9980778492823,-0.03777558222294053,92.16489652096351,-0.924958648464778,157.66212035979092,32,142,110
Maya Angelou,1928-04-04 14:10:00,2014-05-28,86.14373716632444,natural,Aries,Fire,False,False,Aquarius,False,0.6083561219085946,52.5292654434593,-0.5662952657457007,235.50771469968876,-0.16155407124986326,99.29711158903478,0.7891016696146094,37.89835979737376,-0.7457616442434591,221.77543982757135,-0.06340364241037715,93.63519949268911,0.8627485420599154,329.6266040567674,0.9804628934576205,11.344291315838621,-0.9820327576330844,190.8775415814019,-0.9994775610760974,178.1478579029246,-0.6923956123159059,133.82004278377917,95,148,53
Toni Morrison,1931-02-18 12:00:00,2019-08-05,88.45722108145107,disease,Aquarius,Air,False,False,Cancer,False,-0.9608613777546658,163.9169968925247,-0.8240702488333991,214.50565827728514,-0.9647037702580621,164.73181021458225,-0.8863731905217025,207.5790168366928,0.9246024783125455,22.391511740011595,-0.8960820531625056,153.64775611994227,0.9977712587322569,356.1739719351275,0.915400932634132,23.737270899411293,-0.9717458484759489,193.6523261662536,-0.9991743502326205,182.3284421236309,0.016413133566166273,89.0595544902654,49,217,168
Sylvia Plath,1932-10-27 14:10:00,1963-02-11,30.288843258042437,suicide,Scorpio,Water,True,False,Leo,False,-0.3104530155710512,108.08653342524511,0.9828718545878652,349.38024139697364,0.42391080397607833,64.91825968762944,-0.22121880438025943,102.78062932004244,0.987898982768073,351.07748071713087,-0.9995927343069145,181.6352768352146,0.9605042177567852,16.15670719553583,-0.6801174720905151,132.8528234090669,0.40582585334999727,66.057110282467,0.6704657821983324,47.89697572114166,-0.6961505667775139,134.11897356307415,301,42,106
Anne Sexton,1928-11-09 12:00:00,1974-10-04,45.89733059548254,suicide,Scorpio,Water,False,False,Cancer,False,0.8093402392816677,324.0315210094233,-0.8482166937458772,211.98176629612385,0.9892669283829127,8.402119485405223,0.20496802061623137,281.8276270128805,-0.0857448354122962,94.91885717218229,0.5827006200127686,305.640714907956,-0.860781927556253,210.59550864683922,-0.9196483400600939,203.1252743180221,-0.10797589937129477,96.19864814569496,0.19830155972100183,78.56234358524384,-0.9772752560217143,192.2380722760825,314,277,37
Virginia Woolf,1882-01-25 12:00:00,1941-03-28,59.16495550992471,suicide,Aquarius,Air,True,False,Gemini,False,0.47043028721826763,61.937768967200896,0.9829493954489404,349.40437592832825,0.928420685588874,21.8100479974687,0.45789444836894516,62.748676655801944,-0.8733526602568228,209.14939097422752,0.9999985198958885,359.90142113436997,0.9924971696149802,7.02299089352578,-0.41596585031748096,245.41984458569513,-0.6723087532262633,132.24550653715113,0.42733240071023804,64.70161367367857,0.43223206867624325,295.6092964457596,25,87,62
Oscar Wilde,1854-10-16 03:00:00,1900-11-30,46.119096509240244,disease,Libra,Air,False,False,Sagittarius,False,0.7018293348268568,45.426043330255425,-0.838148132437473,213.05491945639974,0.9928656823887498,6.848136180473233,0.9135845983857172,23.994485764098414,-0.01628499935793728,269.06689702097856,0.8616707697445491,329.50469758259715,-0.9484845714805585,198.4709212541161,-0.8920938241528122,206.86245336802588,-0.2555545552777493,104.80644763177503,0.7201444794379046,43.933589784611115,-0.9904453884093528,187.92666581673564,289,334,45
Mark Twain,1835-11-30 06:25:00,1910-04-21,74.38466803559206,cardiac,Sagittarius,Fire,False,False,Sagittarius,False,-0.7998689481478444,143.11758964576327,-0.9601508760817169,163.77069730300968,-0.999419099302974,178.04696689550195,0.12490957169119375,82.82446630743715,-0.9824455969633976,190.75147458081688,0.13395740261453234,82.30166413511414,-0.9975434420513141,175.9831086703599,0.851072306767775,328.3284916097499,-0.9661960129303603,165.05992924893687,0.30553470955287687,72.20966380220536,0.9997696102835328,1.2299218410592445,334,111,142
Charles Dickens,1812-02-07 12:00:00,1870-06-09,58.332648870636554,cardiac,Aquarius,Air,False,False,Aries,False,-0.5113975275897109,120.75696326459644,0.6912804991281117,313.7315571330945,-0.7607279447904108,139.52841398467783,0.6465756410104774,49.71608533036999,0.6237812667004639,51.40720852724786,0.9440035344523268,340.7351492097147,0.988851308319067,351.4364488786997,-0.5458497690018492,236.91724698314593,-0.6191762244150347,128.25600294071737,0.4829365940957056,61.1226281018545,0.6653216273098176,311.7070044941464,38,160,122
Leo Tolstoy,1828-09-09 12:00:00,1910-11-20,82.19028062970568,disease,Virgo,Earth,False,False,Capricorn,False,0.33264414889358107,70.57065662819628,0.46326865542772167,297.5982298332209,0.3004836971004393,72.51334259949942,-0.3640800410658192,111.35097782586756,0.47676111272152727,298.47407796444804,0.9872569946629741,350.8433665614767,0.013151316760794379,270.753536668088,0.9937535703553716,353.59262884493074,-0.9950769512114543,185.68765221050012,0.16291568732254477,80.62382614651065,-0.8637031649923024,210.26504807516596,253,324,71
Fyodor Dostoevsky,1821-11-11 12:00:00,1881-02-09,59.24435318275154,disease,Scorpio,Water,False,False,Leo,False,-0.03699284883717437,92.12001782858707,0.965593327625742,15.073430932016862,0.08618659472238477,85.05573783673563,-0.10183644061248186,95.84493072428683,-0.8317620721355717,146.28017318036095,0.9950347617764649,354.2880087035316,0.9988682210780387,2.726210586412737,-0.31216410021601376,251.81030228013884,-0.6477427315058729,130.37162890965527,0.5231829127446347,58.45400180862208,0.40801429471047207,294.08015679484515,315,40,90
Anton Chekhov,1860-01-29 12:00:00,1904-07-15,44.45448323066393,disease,Aquarius,Air,False,False,Scorpio,False,-0.959607599045449,163.65969111439483,-0.5682066865318,124.62526699101288,-0.9971559869741198,184.32221536426786,-0.719172828453305,135.98622978645466,-0.7538123267864207,221.07829855503547,0.17936039401736323,280.33250679147045,-0.9972800198767796,175.77312909614423,-0.9192382509786861,203.18502772771365,-0.1929455327515431,101.1247322602025,0.7149409049083252,44.361643685611895,-0.7645804612844995,220.13031757656006,29,197,168
Franz Kafka,1883-07-03 07:00:00,1924-06-03,40.91444216290212,disease,Cancer,Water,False,False,Taurus,False,0.8799983083672761,331.64215936374376,0.9997650762425898,358.758034299684,0.8577074535433847,329.06014223378884,0.8891423623368158,27.234326400775544,-0.0605512446429118,266.52854570904765,-0.8885242193634817,152.68838280237634,-0.7797094705133849,141.23398248883674,-0.9996581176191538,181.49826406727703,0.042419266566164106,87.5688255768052,0.7604089715975384,40.499734803364895,0.3187486420494077,288.5872649343685,184,155,29
James Joyce,1882-02-02 06:00:00,1941-01-13,58.940451745379875,disease,Aquarius,Air,True,True,Gemini,True,0.9372093042859257,339.58805587333705,0.9875899415130315,350.96403157338455,0.8067061363002971,323.77534916251017,0.7739926793727427,320.7137944682439,-0.9328709471055374,158.88685954455025,0.9812713231219178,348.89365061247497,0.9995502715862327,1.718419021536583,-0.4317567060964677,244.42090311739557,-0.6926222812704065,133.83804528926964,0.4056868998874097,66.06582101563421,0.499075868418105,299.938878757324,33,13,20
Marcel Proust,1871-07-10 23:30:00,1922-11-18,51.35386721423682,disease,Cancer,Water,False,False,Libra,True,-0.6044174464622809,127.18693340748696,-0.9697881602321079,194.1197083635692,-0.4605872594210267,117.42500877346538,-0.043585722814956075,92.49806932718982,-0.5264311450991623,121.7646372947288,-0.4098284365197608,114.19405790871244,0.1771665038165603,280.20475996669364,-0.7269478585245163,223.36887118959206,-0.40964872264190016,114.182770019008,0.6245442145522203,51.35125817187735,0.05721018375380638,86.7203071886104,191,322,131
Edgar Allan Poe,1809-01-19 12:00:00,1849-10-07,40.71184120465435,disease,Capricorn,Earth,False,False,Libra,False,-0.25864348189712155,255.01041362137323,-0.18859586812155077,100.87085200184276,0.16215181720930935,279.33181751175374,-0.9999982317717354,180.10774741468916,-0.32517038226406286,251.02410213684823,-0.996450385458444,175.171004772453,-0.533169996197253,122.21988997819875,-0.9672471929187948,165.29535852485563,0.06656404570235624,86.18333910845567,0.7061544584942279,45.077113379751836,0.38293610788118065,292.51567094025665,19,280,104
HP Lovecraft,1890-08-20 09:00:00,1937-03-15,46.562628336755644,cancer,Leo,Fire,True,False,Sagittarius,False,-0.889029530143057,207.24844971202594,-0.9789548477943356,191.7754705611087,-0.9958207711041218,174.75993014433678,-0.9247365690013225,202.37133468145484,0.9851019921683603,350.09755623028116,0.9755342661628393,347.2999276050731,-0.9445915758902286,199.16247116055015,-0.9726323890345949,193.435429312338,-0.1856244186933083,100.69753953685837,0.6588397330093293,48.78855584173982,-0.9999382493271546,179.36326208331556,232,74,158
Agatha Christie,1890-09-15 04:00:00,1976-01-12,85.31964407939768,natural,Virgo,Earth,False,False,Sagittarius,False,-0.4873938382770661,119.1694295829962,-0.6092185483607081,232.46697965192533,-0.4033470336371503,113.78758516410196,0.8212911359380112,34.78574895925951,-0.9863003347016859,170.50511593856484,0.27646521174423083,73.9506497398753,0.7764840145087369,320.93977285029047,0.9788551829899306,11.803419329259413,-0.9943490820228135,186.09399169157916,-0.5567077417503282,123.82842052743347,-0.8637234125808734,149.73725378868878,258,12,119
Ian Fleming,1908-05-28 12:00:00,1964-08-12,56.205338809034906,cardiac,Gemini,Air,False,False,Cancer,False,0.2913139681832863,73.06336223691355,-0.8887246998757411,152.71342815329328,0.20160228221354978,78.36932820797162,0.979717901311399,348.4407181188457,0.9967453851401618,4.623866541054753,0.27391664751198647,285.8974638360987,0.8174731189604819,324.83263740242006,-0.6052693621357258,232.75177253819353,-0.5289244931530956,121.93281592806377,0.18638199529632735,79.258283595483,0.9922416496783708,352.8582686804823,149,225,76
JRR Tolkien,1892-01-03 12:00:00,1973-09-02,81.65913757700206,disease,Capricorn,Earth,False,False,Scorpio,False,-0.5411196781304155,237.24010724047903,-0.1705123200128783,260.18239224864897,-0.35550161291432825,249.17580979748777,-0.3688876378164295,248.35296862320442,-0.9864331542311963,170.5513600401876,0.7601191795418583,319.47470562008164,0.0500139673182314,272.8667852534802,0.9675149293962396,345.3559137920339,-0.9993858675116031,177.99187429528797,-0.4398233119547185,116.09260829044011,-0.7597913930859453,220.55418898547632,3,245,123
CS Lewis,1898-11-29 12:00:00,1963-11-22,64.97467488021903,disease,Sagittarius,Fire,True,True,Leo,False,0.9905655433605214,352.1234122960004,-0.695086349721919,225.96590143444598,0.9483295350929064,341.50106176198506,0.9842338739598,10.187611592587956,-0.6733428149003859,132.32559211349894,-0.936242929734355,159.42988559847478,0.44750359365153214,63.41637043259118,0.10072266327858569,275.7807861492895,-0.7889864741398305,142.09089655715707,0.013735767207254307,89.21297376111633,-0.9984044892474484,183.2370190725582,333,326,7
Roald Dahl,1916-09-13 12:00:00,1990-11-23,74.19028062970568,disease,Virgo,Earth,False,False,Scorpio,False,0.3323110380140751,70.59089374187005,0.4274379961488846,295.30507848009927,0.4732550394754691,61.754203497489726,-0.5300608115898157,122.0095637136385,-0.8308668100393697,213.8121164230667,-0.15159030751307503,98.71909846060743,-0.9947032834685097,174.10025994639966,0.7777489426327254,321.05493027952673,-0.9316366566540262,158.6913941601344,-0.69343014679973,133.9022518355189,0.9961887911412023,5.0038816988574695,257,327,70
Dr Seuss,1904-03-02 12:00:00,1991-09-24,87.55920602327173,cancer,Pisces,Water,False,False,Aries,False,-0.9429630855718476,199.44472509454465,-0.9350105510030077,200.7701503912992,-0.8570728894598595,211.01050124471627,-0.9691938805979327,194.25861651561848,-0.979010343326737,191.75987969577085,-0.884843026547347,152.23221028170025,0.9664113855584917,345.10786916588256,0.9837098080852925,10.356000459218706,-0.9822561286897182,190.80951207913546,-0.8641545094737373,149.78630106789515,-0.2829280370602686,106.43503711867515,62,267,160
Shel Silverstein,1930-09-25 12:00:00,1999-05-10,68.61875427789185,cardiac,Libra,Air,True,False,Cancer,False,-0.6729704482666177,227.7032585143515,-0.4815759570961349,118.78838093203564,-0.7839434206386212,218.37693708106605,-0.7110279584527185,224.68138548444477,-0.20242589999548297,101.67885502876484,0.04850379362186726,272.78015349894986,-0.544040785982038,122.95913864958396,0.5428680924667059,302.87909658788607,-0.8660007234203669,149.99717195948944,-0.7539458089216898,138.9333419462552,-0.38694056356719586,112.76426577168026,268,130,138
Maurice Sendak,1928-06-10 12:00:00,2012-05-08,83.9069130732375,cardiac,Gemini,Air,True,True,Aries,False,0.8568252366694276,328.96196784645736,0.19848223974588755,281.44821856385477,0.30410403264666996,287.70426849254784,0.9862740842087719,9.503997372627666,-0.749349022153101,138.53401960717747,0.9353976717643876,20.7075131739894,0.6285520954845453,308.9433793697243,0.9999991492392795,359.92526201646314,-0.9940584703186204,186.24887779414746,-0.9933987157164075,173.4129486908213,-0.9987020897264656,177.08051028650073,162,129,33
Eric Carle,1929-06-25 12:00:00,2021-05-23,91.9069130732375,disease,Cancer,Water,True,False,Leo,False,0.8586246790204547,329.1625108770194,-0.32649984433091433,250.94353261089282,0.9888669135832224,8.557544477905921,0.8670382391214898,29.88373321599631,0.8048425059958191,323.59504800692366,-0.03416762731606701,268.0419580542949,0.6848665860551987,46.77488419792127,0.8591721588556889,30.77624037910393,-0.9153653020819682,203.74234184381453,-0.9873100588927538,189.13750799674068,0.9249463653922869,22.339731258846626,176,143,33
John F Kennedy,1917-05-29 15:00:00,1963-11-22,46.48049281314169,homicide,Gemini,Air,False,False,Taurus,False,-0.98981669759028,171.81627199395905,-0.8000093000822783,143.1309904557727,-0.9469772359434009,198.74160158029386,-0.9967486243390868,184.62156373676703,-0.8476601442438173,212.04192148654485,0.7292950318172366,316.8273266006273,-0.938739179438644,200.15911525176108,-0.9608339494309667,196.0886749104476,-0.22913154368158647,103.24594749584863,0.3288742295695558,70.79953994526696,-0.9998634064426036,180.94701679635295,149,326,177
Robert F Kennedy,1925-11-20 15:11:00,1968-06-06,42.54072553045859,homicide,Scorpio,Water,True,False,Scorpio,True,-0.9508881252606136,198.03119575731392,-0.17698891682162285,259.8055783971056,-0.9765705317791493,192.42711887384678,-0.840412757439391,147.1837314844597,-0.7029199999620686,225.33825198405953,-0.7806330678326285,218.68142490607164,-0.9004567864726717,154.21817488798303,-0.9981570239229258,183.47907828536125,0.0031926746571511178,89.8170729060181,0.4117616144331863,65.68445519814105,-0.2222189265334752,257.1606052646337,324,158,166
Martin Luther King Jr,1929-01-15 12:00:00,1968-04-04,39.214236824093085,homicide,Capricorn,Earth,False,False,Gemini,False,0.17535408704452543,79.90073556212246,-0.17434614957359423,100.04061030879825,0.7155131850829631,44.31472766106424,0.9690183211051999,14.299399261419467,0.6894247637850823,313.5845911710332,-0.4249085290754167,115.14487373941193,-0.3413855860320745,109.96131395540928,-0.9913899841462024,172.47594943203362,0.08251448028101667,85.26688712362446,0.4416684975640723,63.78961361073232,0.7825145874303568,321.4913887541834,15,95,80
Malcolm X,1925-05-19 22:25:00,1965-02-21,39.75906913073238,homicide,Taurus,Earth,False,False,Cancer,False,0.07431724672869837,274.2619939425466,-0.9596096975967108,196.33988150643887,0.4604231090934536,297.4144133285504,-0.25922854178699956,254.97570852277883,0.20544126779612773,78.14466834061272,-0.44757315052959873,116.58808609512585,-0.45876851464033,117.30767051339129,-0.9797873235486922,168.46058507970662,-0.002068171088498771,90.11849755915762,0.44808377203632394,63.37919293394991,0.6557200490711752,310.97427046144975,139,52,87
Abraham Lincoln,1809-02-12 06:54:00,1865-04-15,56.167008898015055,homicide,Aquarius,Air,False,False,Libra,False,0.4648226932538613,62.301252333994114,0.7665523073219254,320.04529052904996,0.426886808007179,64.72984922517861,0.6627267855630913,48.49183398301566,-0.29804361945850266,252.65986379887119,0.12152789895717962,276.98029017289474,0.8089732588950757,323.9957369973109,-0.6880312125197467,226.52553637025875,-0.5298083925560153,121.99250959968032,0.5190618004961965,58.730660051365874,0.9937373985607891,353.5843313070697,43,105,62
Franklin D Roosevelt,1882-01-30 20:45:00,1945-04-12,63.19233401779603,cardiac,Aquarius,Air,True,False,Gemini,True,0.3209096156185174,71.28205650425639,0.3116824647086894,288.1606529135918,0.5413566998897903,57.22395687543167,0.1471832260989688,81.53627450873091,-0.22070985083928607,257.24927064070954,-0.532038498415408,122.1432916983448,0.5146427417542655,59.0264216617277,-0.13113749856482962,262.464671058549,-0.7750371654005477,140.808402238608,0.3328976431447869,70.55525468533244,-0.790919759617867,217.72845228556025,30,102,72
Harry S Truman,1884-05-08 16:00:00,1972-12-26,88.62970568104038,disease,Taurus,Earth,False,False,Leo,True,-0.6894512181814032,226.41331628208758,0.7878338666674942,321.9835412596265,-0.9642812493898433,195.35985140334304,-0.9127711996476959,155.89116468556227,-0.1747657996007853,100.0650293843303,-0.9799035755740874,168.49392936449013,0.9954763196440257,5.451894443095455,0.8799551651063501,28.363044508773697,-0.9642262705057163,195.37173928860562,-0.5591541700617915,123.99732312989647,0.0743334920705048,85.73707268626796,129,361,133
Dwight D Eisenhower,1890-10-14 18:30:00,1969-03-28,78.44763860369609,cardiac,Libra,Air,False,False,Capricorn,False,-0.9714285565241014,166.27086372640963,0.06730717606027742,273.85933483064395,-0.9928443321989283,173.14161235890197,-0.752786274799399,138.8323134912271,0.8482719307011651,328.02420956076185,-0.5366587480481254,237.54352630196507,-0.7289764471237722,223.19934549622147,0.9063934185183046,335.0116118714884,-0.9903033738121672,172.01454778592412,-0.2716170258719782,105.76051199202375,0.21950259488742702,282.6798196882004,287,87,165
Lyndon B Johnson,1908-08-27 05:14:00,1973-01-22,64.40246406570841,cardiac,Virgo,Earth,False,False,Virgo,False,-0.8556197000241845,148.82826414358718,0.9759075776570798,12.602412043690663,-0.7458480499494785,138.23199179383553,-0.9949508875905676,174.2399261322356,-0.23771921426600837,103.75196554292339,-0.8321508281275648,146.32031816544668,0.4235173878317534,64.94314507611607,0.17081675859391263,279.8353105110436,-0.7719645530826851,140.53063325840532,-0.15069962082751137,98.66747277470897,-0.9689790636207587,194.30850326460336,240,22,147
Richard Nixon,1913-01-09 21:35:00,1994-04-22,81.27857631759069,cardiac,Capricorn,Earth,False,False,Sagittarius,False,-0.22609945759427885,103.06753864011023,-0.871866417109468,209.3237410734814,-0.40379964512472727,113.81592857628274,0.13389808378784596,82.30509375059353,-0.11332757663396273,96.50717161837872,0.6318599835377066,309.1874824489022,0.20728810462756014,281.963475411278,0.9938445421227627,353.6395061450116,-0.999687807288964,178.5682726902649,-0.8545375545490682,148.70868329755837,-0.6700105297805818,227.93212249887364,9,112,103
Gerald Ford,1913-07-14 00:43:00,2006-12-26,93.44832306639289,disease,Cancer,Water,False,False,Taurus,True,-0.9593489056214481,163.60709008304687,-0.33208833970857987,109.39557832107522,-0.6672567973285682,131.85569452745776,-0.7249543098465276,223.53495291637734,-0.9058524983198597,205.06165389786082,0.8209282929979764,325.1778276872885,0.31698692629523906,71.51919552915143,0.8172412619701757,35.19042058568016,-0.924537562686923,202.40127361037833,-0.998372805129371,176.7309894569686,0.9914519811915923,352.5031259630518,195,360,165
Ronald Reagan,1911-02-06 04:16:00,2004-06-05,93.32511978097193,disease,Aquarius,Air,False,True,Capricorn,False,-0.4829661076444938,118.87930304326085,-0.37594836735125053,247.9170601408183,-0.6251512812223563,128.69329195429916,-0.28118441177706816,106.33090682039574,-0.9676439168138888,194.61482490317434,0.44829222065696195,296.634167286255,0.31199337306331915,71.82059845513055,0.7627430135664254,40.29338368959145,-0.9002024161732531,205.8153132927417,-0.9961495318583554,174.97039534807686,0.9960304812458535,354.8931826447217,37,157,120
George H W Bush,1924-06-12 11:38:00,2018-11-30,94.46406570841889,disease,Gemini,Air,False,False,Aquarius,False,-0.9744449368606177,167.01908393259652,0.8573493360343707,329.0202566107965,-0.9994664284688103,181.8717733844279,-0.19765199159922503,101.39968736982865,0.9713127805368509,13.75705859980377,0.9867704693939217,350.66982464507026,0.31022967208171404,71.92692786265803,0.7908054423390534,37.739154842066284,-0.9020045465558598,205.5771801611912,-0.9895918871811593,188.27372398977315,0.8900512838697843,332.8796918966225,164,334,170
Winston Churchill,1874-11-30 01:30:00,1965-01-24,90.14647501711157,cardiac,Sagittarius,Fire,False,False,Libra,False,0.5507293907358531,56.58293337873826,0.42083977847591303,65.11238242961244,0.5358768528614382,57.59660302677628,0.9192407474793283,23.184664406943284,0.9476325003219815,341.3756015015646,-0.9213435131645578,202.87670855422567,0.9128498280699106,24.097803824580808,0.8740896179455241,29.06258535806819,-0.931217223934425,201.37464013231767,-0.41559986976616103,114.55709881925901,0.5539306201469573,56.36290989859849,334,24,55
Margaret Thatcher,1925-10-13 09:00:00,2013-04-08,87.48254620123203,cardiac,Libra,Air,False,False,Libra,False,-0.9999273988851007,179.30958232211535,-0.8868009263175769,207.5260347959779,-0.8525627083369121,148.49150740969395,-0.76034846411166,139.49492735121547,-0.979982673164221,191.48332866479802,-0.853984402529817,148.64771641805797,0.9974367169663476,355.89674295668766,0.9583120087983907,16.602118849192607,-0.984153309173411,190.21367670617568,-0.9984777786065813,176.83822000507985,-0.30761343278692593,107.91546358024841,286,98,177
Charles de Gaulle,1890-11-22 04:00:00,1970-11-09,79.95893223819301,cardiac,Scorpio,Water,False,False,Aquarius,False,0.9737225651023085,346.8360949315073,0.9889342829826798,351.46843494396677,0.9898514356912336,351.83026615293113,0.8647627847228114,329.85562940020566,-0.4810602986491633,241.24532528997256,0.16730174506056833,279.6309737079737,-0.4497476998764247,243.27250221018937,0.9531947585674218,342.40077517344764,-0.9954727031942543,174.54592509125376,-0.37294609988185684,111.89742603194473,-0.2853655968207704,253.419296701059,326,313,13
Mahatma Gandhi,1869-10-02 07:45:00,1948-01-30,78.32169746748802,homicide,Libra,Air,False,False,Scorpio,False,-0.505659713484204,120.37515541088746,0.7080691030794601,44.92197137485425,-0.3845717692356907,112.61715774941163,-0.4766436286968177,118.46642057775398,0.2739736085690585,285.90085727934036,-0.8578870363822143,210.91983913757247,-0.38038873913549964,247.64223587088915,0.8729804234649051,330.80685309481674,-0.9954177085937763,174.51287365162221,0.06598003423614211,86.21687422501415,0.26028989627917004,285.08726425417547,275,30,120
Jawaharlal Nehru,1889-11-14 23:00:00,1964-05-27,74.52703627652294,cardiac,Scorpio,Water,False,False,Libra,False,-0.9727584862119912,193.40429920240848,-0.5781881090427412,125.32320453339165,-0.999584999834358,181.65073281893274,-0.3931121204904623,246.8517162415106,-0.7389566376823656,222.35738720406565,-0.5470455915354201,123.16456334549235,-0.9995941750187564,181.63238166179246,0.6662503439508687,311.7783200094109,-0.9536280840707623,162.48307547883445,-0.09437390002215594,95.41528502474507,0.999663975874122,358.5146287212413,318,148,170
Indira Gandhi,1917-11-19 23:11:00,1984-10-31,66.94592744695414,homicide,Scorpio,Water,False,False,Virgo,False,0.9465139617989197,341.1759600583026,0.9940768362241854,6.239202773475313,0.9647503289889571,344.7419435351931,0.8635644816025094,329.7191898469133,-0.6359786609836903,129.49260777303476,-0.8565674926020278,211.06666155737912,-0.0571682145622568,93.27728421182994,0.37062152650992264,291.75395353358954,-0.7910369816559208,142.28252490287434,-0.456310551905825,117.14928919399769,-0.8205119761344284,145.1360774115351,323,305,18
Benazir Bhutto,1953-06-21 12:00:00,2007-12-27,54.51334702258727,homicide,Gemini,Air,False,True,Cancer,False,-0.9953289324979004,185.54006548781527,0.48300323350854046,298.881732332137,-0.9731352159288965,166.6891312636596,-0.9782905478621668,191.96054307023758,0.9983154690951235,356.6738785283902,-0.9271423856661956,202.00634176658775,0.742613332543534,317.95450980012447,-0.53490118826684,237.66278950629135,-0.4844945160607455,118.97935978597124,-0.6103898231096736,127.61769505330284,0.9019621062926887,25.58281196309963,172,361,176
Nelson Mandela,1918-07-18 12:00:00,2013-12-05,95.38124572210815,disease,Cancer,Water,False,True,Libra,False,-0.7487028402179369,138.47813850308836,0.5228666578367844,58.47526157657899,-0.2507072751032392,104.51936901887876,-0.8517971957759467,211.5923163317724,0.9712164541940445,346.21975213967414,0.9507962597132659,18.04819259095568,-0.04562322873866615,92.6149261423628,0.7463514582715156,41.724689349440666,-0.8961855486939645,206.33888184413996,-0.9964761581609446,184.81142198884018,0.7088338412761664,315.14011249079647,199,339,140
Yitzhak Rabin,1922-03-01 12:00:00,1995-11-04,73.67556468172485,homicide,Pisces,Water,False,True,Sagittarius,False,-0.4777791111553123,241.45954755028387,0.9999540632526206,359.45081405596164,-0.2775060056983415,253.8885884286113,-0.23728777179868857,256.27348244098926,0.9958211203345597,5.2398507594220405,0.5162901410730717,58.91627113928652,-0.9521751085339706,162.208570403928,0.7344501866602088,317.26077799428305,-0.9343376555874503,159.12140074349705,-0.7851097842983601,141.7308331070052,0.9661041988258509,14.960462061721785,60,308,117
Anwar Sadat,1918-12-25 12:00:00,1981-10-06,62.77891854893908,homicide,Capricorn,Earth,False,False,Aquarius,False,0.17783469330481314,280.2436621447382,-0.16868985333391368,99.71165309950354,0.71164240543361,315.368703547231,0.7273799991427401,316.6671974763402,-0.9546179880381606,197.32749457581278,-0.12657606031187482,97.27178039116042,0.7089996090503291,44.84642104235749,0.0486543457809638,272.78878969868634,-0.6889815769875811,133.54954583424444,-0.3117428986141331,108.16429708713396,-0.6983304091202946,225.70679449825047,359,279,80
Fidel Castro,1926-08-13 02:00:00,2016-11-25,90.28336755646818,disease,Leo,Fire,True,False,Taurus,True,-0.24328252156845917,104.08035878329483,0.980331229790429,11.38257841507263,-0.6272918807627461,128.85060382270885,-0.9902541288267556,171.9942631595406,0.10268966228103808,275.8940743673018,-0.5976600458529279,233.29750604693717,0.888056165610531,27.370007210829954,0.9260979881280437,22.165491091756166,-0.9662726435875656,194.92303073822535,-0.9999386632954296,180.63460000269555,0.5916940123847528,53.72268716741115,225,330,105
Che Guevara,1928-06-14 03:05:00,1967-10-09,39.31553730321698,homicide,Gemini,Air,True,False,Aries,False,-0.38605153711153845,112.70903649657009,-0.4688813259832376,242.03829454034422,-0.4765028842839311,118.4572478533826,0.2441070709050825,75.87092945441789,-0.5137762702173793,239.08430578789665,-0.443174529912946,116.30660474283322,-0.3939468381163843,113.2003072279119,-0.9818553541206151,169.06872674693878,0.07072482900131961,85.94437995114353,0.41768946903269133,65.3112002803241,0.7605483524086638,319.5125632999435,166,282,116
Hugo Chavez,1954-07-28 04:00:00,2013-03-05,58.600958247775495,cancer,Leo,Fire,True,False,Sagittarius,False,-0.7601363525108205,220.5237801008104,-0.9425877214808362,160.49077289349162,-0.5259544742815213,238.26747975796155,-0.9912457039047265,172.41307860901313,0.015383316138256008,89.11856614333743,0.8056780034588988,323.67578466961413,0.9894781923667625,8.318870095945186,-0.2907426215090896,253.0975790858608,-0.64092710576937,129.86098622945073,-0.7336068950627447,137.1896312727339,0.594900416542073,306.5055333462088,209,64,145
Pope John Paul II,1920-05-18 17:30:00,2005-04-02,84.870636550308,disease,Taurus,Earth,True,True,Libra,False,0.7120467470233202,315.4016892321544,-0.7064968797821071,225.04939808832066,0.7334605883108677,317.17729739203105,0.8525552625217201,328.49069112865726,-0.2891250642449262,106.80558215026443,0.45237924455845985,63.10356341662677,0.7142194360283979,315.5792655857564,0.9983674034529113,3.2744334665468955,-0.9902119458420683,188.0230720246568,-0.9788224206615066,168.1874074448466,-0.9300270099957295,158.43902573860217,139,92,47
Mother Teresa,1910-08-26 14:25:00,1997-09-05,87.02532511978097,cardiac,Virgo,Earth,False,False,Virgo,False,0.9832276295604517,10.508572883122014,-0.880851902556226,151.74529926794804,0.9058360560338802,334.9361221892939,0.2864011556047293,73.35737939484466,0.48391093146094954,61.05885578355819,-0.499373905861002,119.9585865826806,0.9553867802874748,342.8210193349075,0.9721680097075144,13.54946711120698,-0.9928477455750518,186.85674970625956,-0.9079960359627921,155.22987108165225,-0.450334193019127,116.76512744804043,238,248,10
Dalai Lama 13th,1876-02-12 12:00:00,1933-12-17,57.83983572895277,disease,Aquarius,Air,True,False,Aries,False,0.5291760040384655,301.9497976316886,-0.029836140383012372,91.70973865179374,0.217755692372993,282.5772481225569,0.6858518905504863,313.30264039284833,0.04443716688387884,272.54690079669564,0.7555570480571702,319.0740672295027,0.9659598493607322,345.00753366828764,-0.4091075812753599,245.85121322666726,-0.6668362369960265,131.8233511537262,0.4611123788415989,62.54108940285226,0.7798403524086017,321.24596054307045,43,351,57
Albert Einstein,1879-03-14 11:30:00,1955-04-18,76.09034907597535,disease,Pisces,Water,False,False,Capricorn,False,0.8276107384117734,34.14592033494813,0.1953998911781792,78.73191493700759,0.9439712297614415,19.27045995986734,0.9109133405363066,335.63187512275454,-0.6177494546201683,128.15197334235205,-0.8093494844687279,144.0324228990722,-0.7047730228478023,225.18879017306557,0.7926693975833349,322.4356753062989,-0.9815665195952709,168.98179884079542,0.006040927295359422,89.65387825645001,0.8503765424397259,328.2526478564795,73,108,35
Marie Curie,1867-11-07 12:00:00,1934-07-04,66.65023956194388,disease,Scorpio,Water,False,False,Scorpio,False,-0.542133932688489,237.17097662445428,0.8427486559167948,32.56848067813905,-0.6961103126346205,225.8842390616229,-0.9798917685439187,191.5094615650108,-0.9233108544828793,202.58499094006157,-0.6933236951922801,226.10621255358137,-0.04139970737960903,92.37270661314741,0.31351735559639565,288.2713310883541,-0.8411544675246955,147.26223007226235,0.3611843152106894,68.82705330197241,-0.8732916512682776,150.84343339814038,311,185,126
Nikola Tesla,1856-07-10 00:00:00,1943-01-07,86.49144421629022,cardiac,Cancer,Water,False,False,Libra,False,-0.9996415893873973,178.46594463883267,-0.27022869661502213,105.67787608112857,-0.7965559603953903,217.19753198398547,-0.970469993730004,193.9586674200563,0.5425485707657077,57.14269979563204,-0.2098457019495926,102.11331014112922,0.8731940245467533,330.83195429253783,0.9924246950071741,7.056871878598692,-0.9792484856854674,191.69274351601803,-0.017384920309440752,90.99613274297178,-0.6032991476225059,127.10654890577781,192,7,180
Thomas Edison,1847-02-11 03:00:00,1931-10-18,84.67624914442163,disease,Aquarius,Air,False,False,Capricorn,True,-0.4643575462793021,242.3313485296407,0.8402397253237818,32.83455731432235,-0.4001788760223354,246.41063864298314,-0.5095372047936046,239.3669918972881,0.7772981294653332,321.0138560372685,0.31258433002586417,71.78495656365955,0.7104397248576225,315.27070382056445,0.9951597161830917,5.639600956757743,-0.9860300181567443,189.58831827268583,0.034928292993918475,87.99834908751457,-0.951950202023692,162.16644528988758,42,291,116
Alexander Graham Bell,1847-03-03 07:00:00,1922-08-02,75.4113620807666,disease,Pisces,Water,True,False,Capricorn,False,-0.8412730582611356,147.27479658775067,0.27742140862848563,73.89363357572901,-0.6316133592961228,129.16925381484336,-0.986447852137022,170.5564912354433,0.8499915629080017,328.2107517303225,-0.5777000867967833,125.28894105323829,-0.8725886456618883,209.23913534960613,0.8698814239684068,330.44486312504074,-0.9746764187462622,167.0782609058254,0.24433072892157254,75.85771465145832,0.9476145490591814,341.3723811966226,62,214,152
Charles Darwin,1809-02-12 03:00:00,1882-04-19,73.1772758384668,cardiac,Aquarius,Air,False,False,Libra,False,0.40265594262421206,66.25568038341294,-0.48710112735845057,119.15022450668397,0.8085800781880614,36.042567694449986,0.801538473889589,36.722732050632025,-0.08817378082072301,264.9414452787259,0.3837374469616348,67.43461823245775,-0.9419782861193025,160.38648265718362,0.5765262574668907,305.20658715258094,-0.9331307024942873,158.92821536585288,0.26704142553436455,74.51171000272177,0.90941884491278,24.57483665224879,43,109,66
Sigmund Freud,1856-05-06 18:30:00,1939-09-23,83.37577002053388,cancer,Taurus,Earth,False,False,Libra,False,-0.6844432793048512,133.19183993745665,-0.6619141328214472,228.55398066680215,-0.5364649981618658,122.44331862740202,-0.9275606356212186,158.05770028206535,-0.4452113179401481,116.4368596177442,0.9965429465488007,4.765581177451679,0.5353552765958383,302.36800860390156,0.9998133277395339,1.1070934456627342,-0.9981776516246229,183.4595475744842,0.03317733474037086,88.09872983576696,-0.9917573934452738,187.3615400128766,127,266,139
Carl Jung,1875-07-26 19:32:00,1961-06-06,85.8590006844627,cardiac,Leo,Fire,False,False,Sagittarius,True,0.6716199438998957,312.1922162971586,0.6097853964499871,307.57398734848357,0.9947456130712591,354.12390238659424,0.2257048179560299,283.0443274448527,-0.5641263741421848,235.65835285766914,-0.22726184378411163,103.13591845299038,0.9067042623986273,335.05380568556905,0.9914744166241463,7.487015250734146,-0.9945476242144593,185.98588054898048,-0.21012292990837772,102.1295563463237,-0.7584628468086589,139.32887261720046,207,157,50
Stephen Hawking,1942-01-08 09:00:00,2018-03-14,76.17522245037645,disease,Capricorn,Earth,False,False,Aries,False,0.40052762404961617,66.38883305246713,-0.8155549238538159,144.64226850646384,0.2727645362988734,74.17116068486172,0.6616024080222112,48.577803668359024,-0.5016827341097589,239.88860862147033,-0.9425595891366433,160.48594692786975,-0.6903899934358002,226.33901184046903,0.8652516263952228,329.9114501252438,-0.9633646428728456,164.44311221728898,-0.9698480385926798,165.89436202958046,0.8348927780961176,326.6046751673695,8,73,65
Carl Sagan,1934-11-09 17:05:00,1996-12-20,62.110882956878854,disease,Scorpio,Water,True,False,Virgo,False,0.739926573414352,42.27483887187992,-0.7512190193786074,138.69608372443605,0.26347093941114114,74.72388445130574,0.9410197584648244,19.776477225394046,0.9781929582136737,11.987494078943143,0.23976962202406918,76.1270563280186,0.774897755278113,39.20423636483122,0.06786591244424868,273.8914214364725,-0.6721665599456831,132.23450196451623,-0.6147779474476467,127.93578732784714,-0.5203383920047976,238.64504709905077,313,355,42
Richard Feynman,1918-05-11 12:00:00,1988-02-15,69.76317590691308,cancer,Taurus,Earth,False,False,Virgo,False,0.10537571313007613,276.0488134257404,-0.609992067425645,232.41107060968784,0.28184523170315656,286.37036481869717,0.9993186204230894,2.115226356940447,-0.17434472467180068,100.04052739812522,0.6425524087821602,309.9824105715844,-0.7837693017780485,141.6069965665868,0.5372941026630272,302.49962597226886,-0.9053061141265378,154.86454308912113,-0.624076182410818,128.61441377753783,-0.010946441121257061,90.62719740297194,131,46,85
Enrico Fermi,1901-09-29 12:00:00,1954-11-28,53.16084873374401,cancer,Libra,Air,True,False,Scorpio,True,0.4986189302916299,60.0913288505848,-0.25760147733800776,255.07221023971974,0.9178064570804181,23.39252125393932,0.999661582904716,1.4906511705903824,-0.11275189593514778,96.47397476722912,-0.9052182574353846,205.14730527609169,0.5720450447520937,304.892956413242,-0.7200340531191416,223.94270800236896,-0.4338921183133367,115.71481857801281,0.37257578905541255,68.12543917005593,0.6191855485745669,51.74331672042766,272,332,60
Robert Oppenheimer,1904-04-22 08:15:00,1967-02-18,62.822724161533195,cancer,Taurus,Earth,False,False,Taurus,False,0.4597891660852087,297.3735036132666,0.7441231573087888,318.08383997009946,0.42639431068698685,295.2389506920782,0.95102698654972,341.99452560510235,-0.9843571314198869,169.8523940715388,-0.23189044245615584,103.40839558597227,0.7807805090624755,38.667906272955406,-0.11258157200419157,263.5358466095219,-0.7748517913679283,140.79159740115387,-0.012860744397250214,90.73688668966678,-0.7088596831307727,224.85778840528573,113,49,64
Werner Heisenberg,1901-12-05 12:00:00,1976-02-01,74.15468856947297,cancer,Sagittarius,Fire,False,True,Capricorn,False,0.5138203516162436,59.08136180176018,-0.6961543403284233,134.11927473364804,0.5596960490615407,55.96521988322928,0.9252591880808978,337.7074708377162,-0.9199360758702191,156.91673845278785,-0.06601062593256328,93.78488237959675,-0.9709943209389099,193.83357811386014,0.7689313280198087,320.258019797886,-0.9557579509477641,162.89316889125513,-0.40412228274679357,113.83613655035072,0.995066968616072,5.693420535987428,339,32,58
Niels Bohr,1885-10-07 12:00:00,1962-11-18,77.10882956878851,cardiac,Libra,Air,True,True,Leo,False,0.7514132200099363,41.28705590221017,0.7081824538097016,315.087226535306,0.7199345751223174,43.950920896831235,0.9919080449352463,352.70613611369777,0.9964685200186335,4.816636761459961,-0.9456219052548188,161.0181930702553,-0.8844070273409851,207.82136201117765,0.8748299036069284,331.0248511663417,-0.9799144584002637,168.49705573984792,-0.1576681483977695,99.07157304421567,0.6232118541550381,308.5510623234457,280,322,42
Max Planck,1858-04-23 12:00:00,1947-10-04,89.44284736481862,natural,Taurus,Earth,False,False,Sagittarius,False,-0.9231687613165446,157.39382002761602,-0.11784258420733285,263.2323917164175,-0.9463275240872545,161.14288201191786,-0.8832640464535151,152.03864550203764,-0.4880079560453977,240.79026580890255,-0.9979544114658531,183.6653954018646,0.88938299083191,27.20418408844489,0.8792845311969911,28.44382306593937,-0.9577449932104937,196.71544583264057,-0.14806703195527252,98.51492480966145,0.3421551218210859,69.9917697551927,113,277,164
Erwin Schrodinger,1887-08-12 12:00:00,1961-01-04,73.39356605065024,disease,Leo,Fire,False,False,Cancer,False,-0.8140859656301375,144.4970842475181,0.23938925803279046,76.14950330825329,-0.9463713015049888,161.15064403871676,-0.8574181072944838,149.02791247551085,0.9712102345581518,346.21825616179143,0.25182618264664575,75.4143973829758,-0.987048104505101,170.7684599582049,0.7137432790835707,315.540300774902,-0.9452493985044149,160.9526850491747,-0.05304093212629751,93.04044832637558,0.9371935180074077,20.41453735084798,224,4,145
Paul Dirac,1902-08-08 11:45:00,1984-10-20,82.19849418206708,natural,Leo,Fire,False,False,Cancer,False,0.30407966778399875,72.29719690867168,0.7302280205572727,316.9055132275222,0.13370369017123845,82.31633274278028,-0.693834155752693,133.93438714634584,-0.999526107446533,178.23601566247495,0.8200457054227966,325.0893693020919,0.39918311925168365,293.52712124645996,0.9940447992465462,353.74393006367427,-0.9979494652456742,176.33017430843697,-0.6755770589388544,132.4989781897612,-0.8650936234091602,210.10660245935236,220,294,74
Alan Turing,1912-06-23 02:15:00,1954-06-07,41.95208761122519,suicide,Cancer,Water,False,False,Leo,False,0.9657669496688401,344.9648690571535,0.7615873955101367,319.60433971994667,0.999359018224769,2.051557396099085,0.9384695636905918,20.203892234524048,-0.7855500774933353,141.77158236151598,-0.904664518259667,205.22186285299927,-0.9054434502381026,154.88307472483476,-0.979671463642993,168.42744756317717,-0.01447088338859059,90.82914948391989,0.5844569354342781,54.23536574990993,-0.025833346604773984,268.519693587713,175,158,17
John von Neumann,1903-12-28 12:00:00,1957-02-08,53.11430527036276,cancer,Capricorn,Earth,False,False,Aquarius,False,0.7206859069673912,43.88886074276979,0.8260793350784222,34.30192762661266,0.9999869573182195,0.2926318220711437,0.30583978019311137,72.19130577979422,0.1029628381444225,84.09019040138293,-0.9714451230451387,193.72513627911613,0.5756350333703237,305.14411610831394,-0.7886792123878485,217.93774740528596,-0.47057694708020537,118.07175393573613,0.34104353671430676,70.05953528507686,0.6067305842164177,52.64652350054993,362,39,42
Claude Shannon,1916-04-30 12:00:00,2001-02-24,84.8186173853525,disease,Taurus,Earth,False,True,Leo,False,0.4406783163545441,296.1471683970514,0.8598597819855283,329.3008428652873,-0.18726209570936703,259.20695383086104,0.3353649267041783,289.59473047045094,-0.28816127780486755,106.74790638353764,0.7161991201991613,44.25844220680712,0.6843947293262697,313.18802461553406,0.9992500059623753,2.219185890795586,-0.9917606443890677,187.3600861473439,-0.958943095326836,163.5249043708825,-0.9362433035780975,159.4299465618867,121,55,66
Norbert Wiener,1894-11-26 12:00:00,1964-03-18,69.30321697467488,cardiac,Sagittarius,Fire,False,False,Aries,False,-0.4013606629304982,113.66326768357558,-0.9988545589999973,182.74261884600907,-0.7513211426022738,138.70494929256768,-0.9339709593115806,159.0625271833267,0.8652882173347963,329.9156322123123,0.33556705013890664,289.60702365157795,-0.4558542008045383,117.11990848946272,0.3482077477129776,290.37773207798307,-0.8904354276485469,152.92801361019585,-0.028648694993034594,91.64167393059297,-0.16542184213222963,99.52174100501514,330,78,113
Jonas Salk,1914-10-28 12:00:00,1995-06-23,80.64887063655031,cardiac,Scorpio,Water,False,False,Scorpio,True,-0.5396615841365436,237.33939561580098,0.37129552290317686,68.20446225977406,-0.9488655195375896,198.40190440439332,-0.9961095509274419,185.055666271802,0.41029230285904683,294.2231981309476,0.4196293475935634,294.811188868808,-0.13162162906928318,262.43668988671766,0.9898664596483666,351.83632589780314,-0.9951147692931006,174.33425361535808,-0.8314779820241432,146.25086317642845,-0.4986817246102095,240.0871781399255,301,174,127
Alexander Fleming,1881-08-06 12:00:00,1955-03-11,73.58795345653662,cardiac,Leo,Fire,True,False,Gemini,True,-0.8085783158912675,216.04273930277452,0.450802408083093,296.79517728195026,-0.8857254577706711,207.65907100237604,-0.7928285817967745,217.5493618353588,0.9235642632095997,337.4528443799761,0.5573517300270046,56.12715064229924,-0.987845522458585,188.94224669222996,0.6629511270165879,311.52533277863074,-0.9470160297451673,161.265317536342,0.07389189894902197,85.76244388262381,0.9580571979432185,16.653139515828343,218,70,148
Louis Pasteur,1822-12-27 02:00:00,1895-09-28,72.75017111567419,cardiac,Capricorn,Earth,False,False,Capricorn,True,0.0048185356358974325,270.276082823739,-0.6727010129697798,227.72412587626098,0.4955049711875703,299.7030542211978,-0.2547667410657263,255.24023609234695,-0.2624233219582555,254.7860977855739,0.39824680258755085,66.53137669798,-0.9990154303204327,182.54270805054472,0.6463079944394959,310.26381538118324,-0.9567831165013293,163.0939960501135,0.2791256534231952,73.79197208698417,0.8402730147995782,32.83103945352673,361,271,90
Gregor Mendel,1822-07-20 12:00:00,1884-01-06,61.46201232032854,disease,Cancer,Water,False,False,Libra,False,-0.9799587296622447,168.50978246392185,-0.4841764872366103,241.04146782545854,-0.9554717670546343,197.16248658578814,-0.6069259412294707,232.63244113008568,0.741767924103022,317.8822341245482,0.4798107336624194,61.32695853752866,0.9082990279362654,24.72866192859243,-0.11080851363667804,263.6380750762845,-0.7093387201431212,135.18113722415114,0.5214830505650926,58.56821572944557,-0.32254443095114294,251.18312872381776,201,6,170
Rachel Carson,1907-05-27 12:00:00,1964-04-14,56.88158795345654,cancer,Gemini,Air,False,False,Capricorn,False,0.7606772065818778,319.52393534884783,-0.9789010595029791,168.20943760137467,0.8855737745229354,332.3222130870083,0.8252718859618623,34.38393392103,0.10479649343136696,83.98455819330889,0.320762612877125,288.70905074115933,0.9148174351624819,336.17981371768707,-0.5851747448939535,234.18466410416795,-0.5889266292343263,126.08087549996762,0.18844988221414075,79.13766509632991,0.9383582566927356,339.77764993849263,147,105,42
Pablo Picasso,1881-10-25 23:15:00,1973-04-08,91.44695414099931,cardiac,Scorpio,Water,True,False,Cancer,False,-0.9695093702181148,165.81496077216187,-0.949193904284276,198.34220934502616,-0.4495541396814135,116.71508161425166,-0.971674460195244,193.66964476758704,-0.8940490585940164,206.61345557695435,-0.2669573248925155,254.51671013587952,0.8013469805998126,36.74107727701219,0.8279806766038337,34.108139978723045,-0.9292240539561838,201.6858195181263,-0.557262265402013,123.86667579970069,0.854814917955487,31.260706269670322,298,98,165
Salvador Dali,1904-05-11 08:45:00,1989-01-23,84.70088980150582,cardiac,Taurus,Earth,True,False,Taurus,False,-0.2880878117969298,253.256489317391,-0.7566913747441746,139.17337862753718,-0.2856483825053495,253.40239058518145,-0.31954803331997217,251.36440593501823,0.9214913254624573,337.14508656466637,0.77452265579408,39.23822507245691,0.7375804382597637,317.5257118704617,0.997976014703983,3.6459825390843434,-0.9931013388059107,186.73395214479336,-0.8245005684376736,145.5378892535704,-0.9494822813409024,161.71036809266283,132,23,109
Andy Warhol,1928-08-06 06:30:00,1987-02-22,58.54346338124572,cardiac,Leo,Fire,False,False,Taurus,False,-0.9408791333496774,199.80027665225396,-0.397615280036624,246.57081747992362,-0.7608983622801536,220.45654034576697,-0.8325159969829347,146.35806590157742,0.8923631996917236,333.171724277392,0.7499261252908913,318.58397904129896,0.9915191304841782,7.4673280715672945,-0.19162535642605039,258.95234664431877,-0.6305047792581694,129.08737406020933,-0.38355054502580904,112.55378576141308,0.6105140533724843,307.6266816578169,219,53,166
Jean-Michel Basquiat,1960-12-22 12:00:00,1988-08-12,27.63586584531143,overdose,Capricorn,Earth,False,False,Cancer,False,-0.6517981832994538,229.32268521615046,-0.9917031265431306,172.61423313118593,-0.3895650431072039,247.07256217626812,-0.7699852645842372,140.3525656440957,-0.03077414834118647,268.23649275281736,-0.7808864282175068,141.34180773312946,0.9252492873864875,337.70597545981946,-0.5252001385377623,121.68171745801266,0.5420940258612589,57.17369765178475,0.47223165907579934,61.820743866407526,-0.9955049147644714,185.43462287732694,357,225,132
Keith Haring,1958-05-04 21:52:00,1990-02-16,31.786447638603697,disease,Taurus,Earth,False,False,Pisces,False,0.23580269404614881,283.6389435533437,0.9424712074756905,340.4707929438639,0.2647951552464335,285.3547812482277,0.38801026641509234,292.8307488945516,0.6051075473946443,307.23658130102723,-0.40173450422619067,246.31334441932103,0.8995128327146498,25.905895024147014,-0.8709597698825425,150.570363205693,0.3333207398256935,70.52954468817958,0.2080644309447806,77.99105297614727,-0.2617959866369501,105.1766563615152,124,47,77
Frida Kahlo,1907-07-06 08:30:00,1954-07-13,47.017111567419576,disease,Cancer,Water,False,False,Capricorn,True,0.9915901931617477,7.435933069206868,-0.9108050647771023,204.38315634148935,0.8962089594691917,333.6641415324816,0.4042871217342938,66.15353776578259,0.9607155981110782,343.8868739403319,0.9873934315315657,350.8926216537701,-0.8167763949535284,215.23661163844542,-0.9760913673552014,192.55405711126127,-0.18939063107809662,100.91722426942948,0.5022067527029052,59.85389470605578,-0.9864923024871377,170.57202616516997,187,194,7
Diego Rivera,1886-12-08 20:30:00,1957-11-24,70.95687885010267,cardiac,Sagittarius,Fire,False,False,Capricorn,False,0.9668970045396612,345.21652086652546,-0.6157373386555575,231.99448381625422,0.9703543956173531,13.98609823191444,0.8583840653768328,30.86437285860069,0.38409762828096417,292.58773134370426,0.9943372239052717,353.89961167766444,-0.8051395855947471,143.6237380161821,0.4978271070225345,299.85634638006024,-0.9241087879052223,157.53434922633593,0.009070257476881864,89.48030540146966,0.3816177090585466,67.56607666704807,342,328,14
Georgia OKeeffe,1887-11-15 12:00:00,1986-03-06,98.29979466119096,natural,Scorpio,Water,False,False,Virgo,False,-0.38720869874535835,112.78092760237101,0.5101917031190555,59.323400166454064,-0.5454544240101855,123.0557228488453,-0.9831391999390872,169.4636830307799,0.002483072523366433,89.85773027798842,-0.2675483891810289,105.51843365895627,-0.5451409847148196,123.0342985593869,0.39230729411498105,66.90185763316111,-0.8018142970044668,216.6962941048248,-0.8905094818707888,152.93733811140166,-0.19604632611430448,258.6941464702913,319,65,111
Jackson Pollock,1912-01-28 21:00:00,1956-08-11,44.53388090349076,accident,Aquarius,Air,True,False,Taurus,False,-0.9810759165681153,191.1643214205174,-0.8645971366952848,149.83673532188402,-0.604166073687681,232.8311429804358,-0.9941968156017029,186.17562709004562,0.4111566331256364,294.27751341760285,-0.04864420323727797,267.2117921151728,-0.9750985376178021,192.813135333987,-0.9978345445512271,183.77129632926767,-0.103685750175372,95.95145229117156,0.4894322414987922,60.69672871372906,-0.7812361267034477,218.62610625823731,28,224,169
Mark Rothko,1903-09-25 12:00:00,1970-02-25,66.41752224503765,suicide,Libra,Air,False,False,Sagittarius,True,-0.9080352689929356,155.23523678371336,0.8352566133546702,326.642567990094,-0.49838021223560103,119.89289344053466,-0.9958322097686734,174.76711116142997,-0.7782675044314231,141.10222230290395,-0.6516449024890837,229.33426442001036,-0.02916573341681193,91.67131043557282,0.27737225547614247,286.1034351182492,-0.8190469334331135,144.9895016248887,-0.10240559490630124,95.87771224603334,-0.9088070464836747,155.34101128586101,268,56,153
Willem de Kooning,1904-04-24 12:00:00,1997-03-19,92.89801505817933,disease,Taurus,Earth,False,True,Taurus,False,0.8197304217952206,325.05781703973133,0.9739700620903282,346.89850729538455,0.6829667817273669,313.07591510064725,0.9479921496835013,341.4402331198546,-0.680452545607905,132.87901668234508,0.4943676161424673,299.6280588725559,0.6568916527813601,48.936758804044985,0.7912906091387004,37.693714988843396,-0.8999321930587444,205.85084425182646,-0.972003674581693,166.41040204166498,0.9984684016005719,3.171505932567271,115,78,37
Edward Hopper,1882-07-22 12:00:00,1967-05-15,84.80766598220397,natural,Cancer,Water,False,False,Virgo,False,0.41394122031185343,294.4526577649382,0.22723513448110136,283.13434700865054,0.7541106553842993,318.9477213656056,0.4819274760582991,298.81136435659835,0.841856943082549,32.66326915928025,0.7866332199065329,38.128015542417,0.6988850342946886,314.3376184542103,0.9970920369517331,4.370562859934324,-0.9970845427227393,184.37619374908314,-0.30930053739867425,108.0170826922203,-0.9375324747523708,159.64121283440494,203,135,68
Norman Rockwell,1894-02-03 12:00:00,1978-11-08,84.75564681724846,disease,Aquarius,Air,False,True,Sagittarius,False,0.018042531344503742,271.03381699319397,0.783582747904315,38.41021088666787,0.31817677355101065,288.55269965449486,-0.33670038710101274,250.3240291769565,0.9495355829825413,341.7201021374431,0.232746524215424,76.54117477389954,0.7298896916563999,316.8771473143651,0.9996961348350648,1.4125020468789558,-0.9944315540941391,186.0493173392616,-0.6272883119712105,128.85034126434618,-0.9435400941468627,160.65483032604388,34,312,87
Andrew Wyeth,1917-07-12 12:00:00,2009-01-16,91.51266255989049,natural,Cancer,Water,False,True,Gemini,False,-0.9926353880023348,186.9579204731926,-0.908618929862321,155.31519016750173,-0.9601514470268093,196.2291856488922,-0.8348760068875365,213.39707060886104,-0.8994371735292066,205.91581545365983,-0.49994145322054456,240.00387334816347,0.6517977451997355,49.322718314130555,0.892726671232377,26.782095433280688,-0.946036626382091,198.9086180924724,-0.9990374067786452,177.48583443797946,0.8663302921069982,29.965043900171963,193,16,177
Roy Lichtenstein,1923-10-27 12:00:00,1997-09-29,73.92197125256673,disease,Scorpio,Water,True,False,Libra,False,0.8936720485894963,333.3383648147848,-0.17043909808362556,99.81335012011486,0.9019020790772995,334.40922442884334,0.9966871763134406,4.665054905565711,0.581382008529928,54.452195425491,0.20063896700011433,78.42567343776588,-0.9935198713216076,173.47374185865587,0.775884674867903,320.88530923368023,-0.9206723582695266,157.02457488011726,-0.7780903105752662,141.08605706305212,0.9842101317192702,10.195299768221446,300,272,28
Robert Rauschenberg,1925-10-22 12:00:00,2008-05-12,82.55167693360711,cardiac,Libra,Air,False,False,Libra,False,-0.9166129868020245,203.56415888152037,-0.5381300237003043,237.4435680373597,-0.8173436422303639,215.180240575567,-0.8837798280087065,152.10173851757244,0.27562800973243334,285.99944292958264,0.992921263361792,6.821376627456914,0.2913199124298481,286.9369937852194,0.9999817149096749,359.65351307798943,-0.9999919922416587,179.7707056258127,-0.9703594584123779,166.01510203798043,-0.9185080419181397,203.29106669060826,295,133,162
Cy Twombly,1928-04-25 12:00:00,2011-07-05,83.1895961670089,cancer,Taurus,Earth,False,False,Pisces,False,0.3726682521638975,68.11973028885151,0.6570885843203191,48.92179215288601,-0.16018015197544408,99.21735303694695,0.2671524207652275,74.5051106892078,0.06141327635349704,86.47906283361954,0.9678906784970369,14.558685742534582,0.3800948538195121,292.3395582442049,0.9999474123740508,359.41240063734426,-0.9972772036403152,184.22905955824112,-0.9873761387695508,170.88636418462985,-0.9817751500355089,190.95547987337073,116,186,70
Francis Bacon,1909-10-28 12:00:00,1992-04-28,82.49691991786447,cardiac,Scorpio,Water,False,True,Pisces,False,-0.9975499682824165,184.01154984684683,0.7609824067013343,319.55088140027306,-0.9973763002604498,175.84864668649007,-0.6082717700563091,127.46464532079153,0.9997598743000077,358.74435855219923,0.8766265779291671,331.2380690044776,0.48701989055629336,299.14489510980184,0.999966769871661,0.46709459533792597,-0.9999758214546633,179.60156857045848,-0.821400095194082,145.22519523378145,-0.9110310505830647,204.3517738074629,301,119,182
Lucian Freud,1922-12-08 12:00:00,2011-07-20,88.61054072553046,natural,Sagittarius,Fire,False,False,Aquarius,False,-0.7452462892631706,221.81974232737912,-0.6015790578110796,233.01692676251778,-0.3798252624147399,247.6771405681621,-0.5817736820283239,234.424609077653,-0.38776473990763993,112.81548630360544,-0.9997647859179077,178.757267080361,0.994118650598418,353.78288066268954,0.9085415735193126,24.695420515713295,-0.9771465631789423,192.272808888401,-0.996217222242885,175.01482920694627,0.06796772053350329,86.10273188964581,342,201,141
Henri Matisse,1869-12-31 20:00:00,1954-11-03,84.83504449007529,cardiac,Capricorn,Earth,False,True,Capricorn,True,0.5041595372991149,300.2755764572232,0.7583338870450423,40.68246360358711,0.17236071942159847,279.92510472791184,0.04014857716079476,272.3009624640488,0.9763200971458459,12.493621299527604,0.19733213990304257,78.61900697731218,0.7651844859870297,319.9234074969779,0.9917866191277396,7.348459623360526,-0.9860771618114607,189.57208824210744,-0.18161184204964612,100.46365913774838,-0.9344820999414888,159.14463505443752,365,307,58
Claude Monet,1840-11-14 12:00:00,1926-12-05,86.05065023956195,cancer,Scorpio,Water,False,False,Virgo,False,0.9374703997546313,20.369007928788903,-0.7373721561786072,137.5080421026026,0.9430148598137771,340.56418786203506,0.995910451727987,354.8164962572766,-0.7179486857567544,224.1146211979426,0.11009129052883487,83.67942190687234,0.9382847230704858,339.76546484773064,0.987643085060221,9.016560209094337,-0.9668264329675121,194.79931714235607,0.049630259340357676,87.15522693112368,-0.7144540787053245,135.59847678145806,319,339,20
Pierre-Auguste Renoir,1841-02-25 06:00:00,1919-12-03,78.7624914442163,cardiac,Pisces,Water,False,False,Scorpio,False,0.06554251816681123,273.7580035706276,0.9955546635724599,354.59555675045715,-0.2283660755450514,256.799105148222,-0.9997831086077399,181.19334670527172,0.8365759159736602,326.7802916919037,-0.49029259859276464,240.64018495573745,-0.34361179864533076,249.90292218765077,0.93052967654723,338.5175329390697,-0.9976980374336335,176.1116074288001,0.194829843955652,78.76521627598811,0.11417665780865086,276.5561382219614,56,337,84
Edgar Degas,1834-07-19 12:00:00,1917-09-27,83.18685831622176,natural,Cancer,Water,False,True,Taurus,False,0.3820199374377922,67.54114152159269,0.807278942761517,36.16907763492662,0.8588760313188126,30.80938297556918,0.29575023666645267,72.79746970931828,0.22288130205692747,77.12167768691168,0.9915329145778965,7.461248622278262,0.5876705685194098,305.9918783438403,0.9954578056907716,354.5369520900253,-0.9940145646795464,186.27194670768216,0.14439652197388939,81.69766531760297,-0.981611557790563,191.0046910560631,200,270,70
Paul Cezanne,1839-01-19 01:00:00,1906-10-22,67.75085557837097,disease,Capricorn,Earth,False,True,Virgo,False,-0.0027847391561642435,269.840445993089,0.30739986409080955,287.9026038910388,0.6517773469560563,310.6757406378754,0.5480995369622148,303.23673070978333,0.9974476675369329,355.90552081509065,-0.12886694882419047,262.5958774623574,-0.021424598921487896,91.22763302485498,0.42337000242259,295.0475334172019,-0.8908464703161648,152.97980741627467,0.38015978465849454,67.65641956356704,-0.6363555799914549,129.52059796534576,19,295,89
Vincent van Gogh,1853-03-30 11:00:00,1890-07-29,37.327857631759066,suicide,Aries,Fire,False,False,Pisces,False,-0.44764967489946744,116.59298923233855,0.9796756237906173,11.571364197966034,-0.3067475176165445,107.86332968619237,-0.9770105296313274,167.69057804619453,-0.40947256334794563,245.82829363695984,0.7301019525952726,43.105058219959346,-0.2982191632314254,107.35067329444145,-0.9709805577192078,166.16312421214954,0.10251300586706516,84.11610099957085,0.8001063174056512,36.85974388179277,0.999373437474698,357.97165177201566,89,210,121
Paul Gauguin,1848-06-07 12:00:00,1903-05-08,54.91033538672142,disease,Gemini,Air,True,False,Leo,False,0.8654084832380121,329.92938147302164,0.7960607167908552,37.24444188486146,0.8765959385798284,331.23442081618725,0.9421028952704612,19.59223685864481,0.5412024474049861,57.23446777899328,-0.5709825108864724,235.18123232082485,0.7020201000087501,314.5893024365177,-0.44147783673389057,243.80178899366905,-0.487074962671163,119.148507988419,0.6301738511452232,50.937049876865885,0.9515688905897338,17.9047554402444,159,128,31
Gustav Klimt,1862-07-14 12:00:00,1918-02-06,55.56194387405886,cardiac,Cancer,Water,False,False,Aries,False,-0.9049364404465459,205.18527598298868,0.19299005007150408,281.12733177234475,-0.9537995311156189,197.4842584714645,-0.3794260079954043,247.70186719188348,-0.9996377026881077,178.4576487173723,-0.3556440752963369,249.16707657573238,0.789716601265072,322.15903532662423,-0.4264538272863965,244.7572793113696,-0.5232601813935679,121.55119319798186,0.6092242985613039,52.46656418892645,0.9957233373675408,5.300844022813465,195,37,158
Egon Schiele,1890-06-12 12:00:00,1918-10-31,28.380561259411362,disease,Gemini,Air,False,False,Sagittarius,False,-0.7174835024777615,135.84710267298186,-0.9174717074189811,156.55921745094076,-0.9553972851723376,162.82305727208703,-0.1945211224708592,101.21675026435051,0.9363543926377884,20.551930269661284,-0.8979881632071328,153.89486754829875,0.9994733517762661,358.14041084822225,-0.5159516148002556,121.06108347815433,0.43254849437980225,64.3705969469175,0.8678381437428263,29.791618507298963,-0.9877871500079034,171.0362624480541,163,304,141
Edvard Munch,1863-12-12 12:00:00,1944-01-23,80.10951403148529,natural,Sagittarius,Fire,False,True,Scorpio,False,0.7391169290100588,42.343754292082735,0.9848509905316013,350.01427644708764,0.9721358375828112,13.557332761060309,0.6276103713481185,51.12596070904286,-0.9875772978890965,189.0405798395022,0.13625401995035416,277.8311400326861,-0.4361147438801679,244.1437520051509,0.9501459607663616,341.83192956405185,-0.9998880319679525,180.85741031734509,0.051925565075495485,87.0235456978626,-0.3336556032948234,250.50919340050604,346,23,42
Wassily Kandinsky,1866-12-16 12:00:00,1944-12-13,77.98767967145791,disease,Sagittarius,Fire,False,False,Cancer,False,0.9986399569206481,357.01143162424705,-0.6973239961288473,225.78729981773273,0.8524087094898409,31.525371548385465,0.6931044651391713,46.12364061494628,-0.6955085011887937,134.0677520429071,-0.6030310870430495,232.91270689315314,-0.6552574378594844,229.0608268608768,0.8975345407326477,333.83586250870115,-0.9978232844273888,176.21890767578543,0.06031286762939991,86.54222871413711,0.36733766179452504,291.5515174003191,350,348,2
Piet Mondrian,1872-03-07 12:00:00,1944-02-01,71.89869952087611,disease,Pisces,Water,False,False,Aries,False,0.8116347363349944,324.25595844660626,0.10190236818485288,84.15127215058436,0.5339088812522913,302.2699446485082,0.7814095471653567,321.38981399404764,0.4460696471325855,63.5082051910853,0.8341065959363115,33.47707485431518,-0.8746217167843712,151.00023750478772,0.607986178506537,307.4440325688554,-0.9490501668707663,161.63163845760107,0.1845514024745789,79.36502068474664,0.651750943552386,49.32625403548889,67,32,35
Marcel Duchamp,1887-07-28 12:00:00,1968-10-02,81.1772758384668,cardiac,Leo,Fire,True,False,Cancer,False,0.43355361525321606,64.3067061720602,-0.0817413458273712,94.68866538138323,0.08799825811298595,84.95154123337223,0.6760745524612617,47.46234893741746,0.5590505883807688,56.00983499700122,0.8055837151263432,323.6666655597214,-0.07373874592412295,265.7712429089572,0.9879844617075819,351.1091135415691,-0.996059757854792,174.91206222303478,-0.3175823824907753,108.51678046563342,-0.6445576402904756,229.86748304295588,209,276,67
Man Ray,1890-08-27 12:00:00,1976-11-18,86.22313483915127,disease,Virgo,Earth,True,False,Sagittarius,True,0.13647009143259958,82.15636325232197,-0.23574043711979178,256.36472698371267,0.46181888995540504,62.495460435918346,0.236266129574269,76.33373147106164,0.961529421236529,344.05574571083,-0.3773469617904442,112.16944388002656,0.9392057002144902,339.91858914208865,0.9675017712179171,14.647067978571556,-0.9940126910870546,186.27292925133696,-0.5785639916864771,125.3496047224779,-0.6727317850137982,132.2782570230831,239,323,84
Rene Magritte,1898-11-21 12:00:00,1967-08-15,68.72553045859,cancer,Scorpio,Water,False,True,Leo,False,-0.12647505668352926,262.73405357602815,0.28496108424445826,286.55652241947746,-0.5690419361757252,235.31655596196467,-0.036998254957830774,267.87967221132647,-0.13075516844568993,97.51323277917079,0.3121962267980895,288.19163527055343,-0.48682590493555894,119.13217014377105,0.32926166716480476,289.2239678302559,-0.8442198608105358,147.5884465142226,-0.07684611358517977,94.40730301993771,-0.35336372239242353,110.69319398767024,325,227,98
Max Ernst,1891-04-02 09:45:00,1976-04-01,84.99383983572895,cardiac,Aries,Fire,False,False,Taurus,False,0.9999642167665976,359.5152936426732,-0.29421603719932526,107.110533492847,0.9830434856095628,349.43373459755077,0.9341393580687078,20.91045583929389,0.6596999314685457,48.723008124906876,0.5642131315132525,55.65233241547418,0.6994370724976113,314.38185767871965,0.9945592295279839,5.979500925246725,-0.9869844659211603,189.25424095183968,-0.5602302587632632,124.07172316520239,-0.9139053467026969,156.05074698262916,92,92,0
Joan Miro,1893-04-20 21:00:00,1983-12-25,90.67488021902807,cardiac,Taurus,Earth,False,True,Gemini,False,-0.46727857503294606,242.14221253349987,0.24165070520533716,76.01601318388963,0.16438150749227065,279.46130687529353,-0.9123727248688724,204.16466812452455,-0.5892290308934558,126.10231696409872,-0.6660184724510466,228.23949266629916,0.8135778612446316,35.55301423070566,0.8505784841739819,31.72535564387374,-0.9423109885748324,199.55664953542419,-0.8007096135045783,143.19791898104643,0.6923095125861234,46.186794007934694,110,359,116
Alexander Calder,1898-07-22 12:00:00,1976-11-11,78.3025325119781,cardiac,Cancer,Water,False,True,Gemini,False,-0.3352316152825548,109.58662296134564,0.4728156799932965,298.21722419463583,-0.011409392993444328,90.65372424886411,-0.31366934229660903,108.28050188381215,-0.9874197249929589,170.90214424667516,-0.609627965890895,232.43739266405046,-0.33020995103004347,250.71848084463662,0.931022634475426,338.59479020591243,-0.9821702755475847,169.16429070889876,-0.466203177376128,117.78811744856839,0.26664412752335664,285.46467003996514,203,316,113
Henry Moore,1898-07-30 12:00:00,1986-08-31,88.08213552361396,natural,Leo,Fire,False,False,Gemini,False,0.8616356536408157,30.499266977666707,-0.9162299448829165,203.6189962146654,0.9999996263859966,359.9504721795494,0.8056473338326776,36.32718176437706,-0.8083441306002515,216.06553743720093,-0.9584217937144626,163.41991036477478,0.9992672326261772,357.80645162897315,0.9464802750331863,18.830020840923908,-0.9870723684208917,189.2228701259175,-0.7639865215136075,139.81691256435295,-0.10990617424872307,96.30990695617498,211,243,32
Auguste Rodin,1840-11-12 12:00:00,1917-11-17,77.00752908966462,disease,Scorpio,Water,False,True,Virgo,False,0.997101119857819,4.3637285762227975,-0.9998390220837639,178.97192071840698,0.9840641232060129,349.7575455090253,0.9233710631797034,22.57600689262705,0.9805196186840053,348.67224344301366,-0.9830458544960224,190.56552520513173,-0.5856629825901658,234.1501594898331,0.8941987062345759,333.4056909205144,-0.9960921855070538,174.93305570447046,0.2276766244695511,76.83967659481188,0.6496411032133778,310.51454805741275,317,321,4
Constantin Brancusi,1876-02-19 12:00:00,1957-03-16,81.06502395619438,natural,Pisces,Water,True,False,Aries,False,0.9032934402225796,25.4055899672544,0.10587559525182064,276.07761568274566,0.8273426918165018,34.1732719624502,0.9554773074629127,342.83858922055015,0.8187317990513135,35.0419572612993,0.4413670266873341,296.1911353881934,0.2669736114669981,285.4842581593142,0.9691031229308619,345.7202860955048,-0.9996855897056633,181.43680353676092,-0.11941042274568178,96.85807763338389,-0.6151133974298777,232.03983959001985,50,75,25
Alberto Giacometti,1901-10-10 12:00:00,1966-01-11,64.25188227241615,cardiac,Libra,Air,True,False,Scorpio,False,-0.07568499881753266,94.34058171735546,0.9984823750830913,356.8429984553907,0.5848449667021647,54.207961624404874,0.24485512106837418,75.82672800123134,0.20744273067528377,78.02746831763827,-0.9762257606014083,167.4814179704881,0.4543235796648088,62.978579402359685,0.0979377021340094,275.6204265220027,-0.7683293514390994,140.20410219523944,0.00461266862700796,89.73571261817997,-0.9551791636580398,197.21921008607328,283,11,93
Louise Bourgeois,1911-12-25 12:00:00,2010-05-31,98.42847364818617,cardiac,Capricorn,Earth,False,False,Taurus,False,-0.9228290760711253,157.34324202888678,0.8291868402870588,326.01529723298194,-0.6797836352412918,132.8267378512045,-0.5651930863773286,235.58429935452216,-0.03685049882081045,92.11185620853067,-0.4380240200415267,115.9778736571601,-0.6960089211568619,134.10766980562977,0.46631145139832453,62.20487000355649,-0.8114287117994767,215.7642437917366,-0.992873467062159,186.8443945069484,-0.23834492670595767,256.2111228344737,359,151,157
Ansel Adams,1902-02-20 03:00:00,1984-04-22,82.16563997262149,cardiac,Pisces,Water,False,True,Pisces,False,0.4698630208729178,61.97459470819706,-0.998688680274139,177.06546430173893,0.437089135398715,64.08169650707953,0.5616538508667015,55.82975011621198,-0.2121362509073,257.7524285471705,0.9388720689441924,339.86298974677936,0.3499359796088447,290.4833993927447,0.9909755840625752,352.2967440445258,-0.9990128280799191,182.5460666037082,-0.6946918724832734,134.00266851321658,-0.8596587595645261,210.72170999924805,51,113,62
Richard Avedon,1923-05-15 01:00:00,2004-10-01,81.37987679671458,cardiac,Taurus,Earth,False,False,Gemini,True,-0.712715329710627,135.45627367277373,0.9998963255183777,0.8250443958776543,-0.4167010811334331,114.62648743036927,-0.5782868044123574,125.33013558661807,-0.23858936832030375,103.80329869128175,0.7488479137368592,318.4906789399404,0.20492050436110595,281.8248454904217,0.972751636778939,346.5940080283493,-0.9988722864288538,177.27869101599347,-0.9410336338023744,160.22587253027757,-0.6956311055086395,225.9224704822785,135,275,140
Irving Penn,1917-06-16 12:00:00,2009-10-07,92.30663928815879,natural,Gemini,Air,False,False,Gemini,False,-0.33571827531100656,109.61622180631402,0.9946641799070771,5.921497063538766,-0.41604769070288045,114.58531189893381,0.30288235963449006,72.36919314166384,0.5864359011385946,54.09550525640538,-0.1711984695656812,260.1424920868994,0.5243259227589303,58.377124217198926,0.8636465159604172,30.271487425424652,-0.9351116740308438,200.75380584142422,-0.9987627409303329,177.1495545029717,0.9676704662623743,14.608794941354404,167,280,113
Helmut Newton,1920-10-31 12:00:00,2004-01-23,83.22518822724162,accident,Scorpio,Water,False,False,Capricorn,True,0.08641835401912738,85.04240927803576,-0.5847886981326951,234.21193609327878,0.7767131980771125,39.03938375152623,-0.02997853255254127,91.71790077326676,-0.23475592406218815,103.57723577457296,0.9957745119659931,5.269011087448831,0.2876380899931149,286.7166046312858,0.9999323046182989,359.3333166624346,-0.9997819302710965,178.8034159361297,-0.9533381396031312,162.4279658075523,-0.9840354609888733,190.25168600640953,305,23,83
Robert Mapplethorpe,1946-11-04 12:00:00,1989-03-09,42.340862422997944,disease,Scorpio,Water,True,False,Scorpio,False,-0.6077237000767736,127.42509302781926,0.8177496764058007,35.13984194991252,0.11303776829835384,83.50954056540047,-0.18740535255077173,100.80140211242596,-0.9999636454146392,180.48856071640012,-0.932455651365212,201.17909984037178,-0.8965278889276679,153.70536172192402,-0.971502884489635,193.71118079857843,-0.043381538606051775,92.4863593577596,-0.0299402686886022,91.71570743079963,-0.1560281456896924,261.0235698096568,308,68,125
Diane Arbus,1923-03-14 12:00:00,1971-07-26,48.36413415468857,suicide,Pisces,Water,False,False,Taurus,False,-0.6423285634475918,129.96567457053726,-0.8636275700989244,210.27364074316537,-0.9991524281210153,177.64084443724357,-0.9639595519452046,164.57071598902007,0.22666749854000426,283.1009524708018,0.9907927987046443,7.7809967326271305,-0.7015368716020195,225.4495621562588,-0.8987305204853377,206.0083016879791,-0.2504740889156849,104.50556809002182,0.1993628074648083,78.50029977055983,-0.8143380589217206,144.52196314384219,73,207,134
Henri Cartier-Bresson,1908-08-22 15:00:00,2004-08-03,95.94524298425736,natural,Leo,Fire,False,True,Leo,False,0.9531802037826714,342.3980172929108,-0.3950760370776085,246.72928361703498,0.994677790721158,5.913933129572939,0.9450474565639709,340.917262613221,0.9983124475649383,356.6708960067718,0.916889348621906,23.524519316665817,-0.18648157219978087,100.74752355227403,0.6097942559942509,52.42537217954117,-0.8839891973017038,207.87261289517028,-0.9947088498006434,174.1033635273266,0.5626924955034739,304.2422070267445,235,216,19
Robert Capa,1913-10-22 12:00:00,1954-05-25,40.58590006844627,accident,Libra,Air,False,False,Cancer,True,-0.816635024808681,215.25064829210538,-0.7661868558536657,219.9873041637597,-0.8504024918041297,211.74452637381,0.01249938659462484,270.7161807479099,-0.9881027902780549,171.15308803782762,-0.9810593086407775,168.83076513855983,-0.722479387969798,136.25956452541453,-0.9736113271803428,166.80813808435408,0.07860823679539747,85.49142837247255,0.621583036262563,51.56817145369209,0.422037279239455,294.9632764119699,295,145,150
Gordon Parks,1912-11-30 12:00:00,2006-03-07,93.2621492128679,cancer,Sagittarius,Fire,True,True,Sagittarius,False,-0.15361618638582117,98.83654842030663,0.48671486252669616,299.1248867514846,-0.014507360754503993,90.83123970245077,0.9575067339340829,16.762843568532162,-0.9879020988666178,188.92136807563108,0.8332713661269496,326.43626775800976,0.42094038659478306,65.10602773157072,0.7611174420193026,40.4371916170727,-0.9230753340098978,202.62010166863496,-0.9987865039935275,177.17706594066527,0.9977186731054631,356.1290818442349,335,66,96
Muhammad Ali,1942-01-17 18:35:00,2016-06-03,74.37371663244353,disease,Capricorn,Earth,False,False,Taurus,False,-0.7228844167855332,136.29313959561333,-0.2039908193376626,101.77042895567865,-0.11134911300991254,96.39309186005966,-0.3695061217876763,111.68516176494893,-0.9082697940058233,204.73266567638277,-0.03847989457936625,92.20528001119347,-0.9308145630097991,201.43785149093452,0.836820860040747,326.80591737362164,-0.952165742840085,162.2068142787504,-0.9520693015067873,162.1887406813252,0.9996702916138592,1.4713451441334087,17,155,138
Joe Louis,1914-05-13 12:00:00,1981-04-12,66.91307323750856,cardiac,Taurus,Earth,False,False,Leo,False,0.8713923394347287,330.6208436423208,-0.9108843553712854,204.3721496179138,0.7665082097322196,320.0413562818569,0.6329069045903656,309.26491579791116,-0.2681481263849604,254.44590074860508,-0.7392168814857709,222.33525144807942,-0.3001119195210247,107.46432539125155,0.3070364320394217,287.88072256809534,-0.857026755559914,148.98436850354852,-0.3949027832036993,113.25991103781453,-0.8265925715499172,145.7502873349147,133,102,31
Sugar Ray Robinson,1921-05-03 12:00:00,1989-04-12,67.93976728268309,disease,Taurus,Earth,False,True,Taurus,True,0.9400594347284729,340.061540092047,-0.4630481280814786,117.58397322122332,0.9984323625898138,356.79138809366964,0.9996220282870956,358.4246358438904,0.9304036288276186,21.50217902726395,-0.05697706953935983,266.73368547154666,-0.43221762516858564,115.60837874410439,0.4444942497533772,296.39098555280304,-0.8778753813666647,151.38712446141162,-0.6051991422731995,127.24317336371242,-0.5863473421018757,125.89823068733855,123,102,21
Rocky Marciano,1923-09-01 12:00:00,1969-08-31,45.9958932238193,accident,Virgo,Earth,False,False,Virgo,False,0.9999979075610621,359.8827901520547,0.9656070542918025,344.92959362721666,0.9999924495108754,359.7773485915779,0.840953915992374,327.2409882968946,-0.30625613253363904,107.83375181349015,0.815927666633365,324.67919099223514,-0.9328648006916586,201.114118093618,-0.9570866321051658,196.8461003014136,-0.1291939980719478,97.42301904221515,0.30486200270061775,72.25013814615444,-0.9838069752921295,190.32498459195003,244,243,1
Sonny Liston,1932-05-08 12:00:00,1970-12-30,38.64202600958248,overdose,Taurus,Earth,False,False,Aries,False,-0.6331171605386351,230.71952274273963,-0.6712965238426549,227.83278983578688,-0.3019445656100183,252.42556425764798,-0.7868408757583613,141.89125876533137,-0.950588176013729,198.08663484291995,-0.2308345512494637,103.34621023582878,-0.19545051166074984,101.2710424250543,-0.9913212517746598,172.445934080849,0.05699520861902558,86.73264448720639,0.35028876774598766,69.49502154756735,0.8874892953303122,332.55942888489545,129,364,130
Babe Ruth,1895-02-06 12:00:00,1948-08-16,53.51950718685831,cancer,Aquarius,Air,False,False,Taurus,False,-0.9945036011056001,186.01001940292468,-0.9622426523494152,195.7948102276997,-0.9930129998641509,173.22302008383687,-0.5793803695477313,125.4069729274654,-0.8754069612899128,151.09317600518725,-0.9915003655432989,172.52440358721682,0.3190120935802945,288.6031910168227,-0.769600729125918,219.68195179430845,-0.46870020158758396,117.94995684098481,0.42240142622078064,65.01370733815388,0.7095507487119314,44.80162524274084,37,229,173
Lou Gehrig,1903-06-19 12:00:00,1941-06-02,37.95208761122519,disease,Gemini,Air,False,False,Libra,True,0.9637682984729065,344.52958149569065,-0.8202166591236508,145.1064880448514,0.8928799949685579,26.762593006063213,0.6694579217248969,312.02524071912796,-0.9089272934859679,155.35752982477987,0.3535674905764718,69.2943252940504,-0.21658986433071492,102.50881787920986,-0.8957859283825,153.60955892834232,0.14359223989212613,81.74423258833752,0.7294809678143885,43.15710061144725,0.9698694842883542,345.89940474763324,170,153,17
Jackie Robinson,1919-01-31 12:00:00,1972-10-24,53.72758384668035,cardiac,Aquarius,Air,False,False,Pisces,False,-0.16332580828021562,260.6000089414024,-0.4072725787908048,114.03361722983715,0.45380835348715953,296.9882877758595,-0.9030904293156937,205.43268845135233,-0.7421194581202689,222.08772478338759,-0.9981063000045297,176.47335472721255,0.4100984151048181,294.2110172336717,-0.6050209466925323,232.76965080179156,-0.4368190011909366,115.90109634614882,0.034209808025062134,88.03953986400612,0.7572212845685229,40.780158931481026,31,298,98
Mickey Mantle,1931-10-20 12:00:00,1995-08-13,63.81108829568789,cancer,Libra,Air,False,False,Scorpio,False,0.40904754700032026,294.1450172258917,0.808481932966626,36.05212377028141,0.6265836572252744,308.79851831277006,0.1894083276918276,280.91825690122397,0.7793870840646973,321.2044916040819,-0.28984822996927934,106.84886999195817,0.4022775460313245,66.27936370042153,0.18373280498114353,280.58726113377463,-0.7217696053281851,136.2007762548386,-0.5829667567881488,125.65948019752861,-0.9006528319528428,205.7559877943031,293,225,68
Joe DiMaggio,1914-11-25 12:00:00,1999-03-08,84.27926078028747,cancer,Sagittarius,Fire,False,False,Sagittarius,False,-0.26006663221443793,105.07401590014072,-0.2729617159550892,254.15941750260367,-0.7777637247418165,141.05627771576044,-0.6685107927734419,131.95223086959135,0.878109945664529,331.4152010715983,0.6502755565623094,49.43761912043789,0.4983456029436814,299.89060619905297,0.9937855439652639,6.390934337964552,-0.998521139415094,183.1164113944114,-0.9320489832592217,158.75650042424127,-0.9843952424487374,169.86479539015315,329,67,103
Ted Williams,1918-08-30 12:00:00,2002-07-05,83.84394250513347,cardiac,Virgo,Earth,False,False,Scorpio,False,0.6018491280227204,307.00244679402306,0.7270288098508307,316.63788359179154,0.2636846307967857,285.28880799156224,0.9862025137315671,9.528800427583377,-0.23703544643365348,256.28836419275325,0.9691934333909008,14.258720547623511,0.5196465841408316,301.30854804657486,0.9985163718608664,3.121431940348316,-0.9991480877455929,182.3651892668006,-0.934696518273062,159.17917056871576,-0.9995494550279402,178.28002152814537,242,186,56
Roberto Clemente,1934-08-18 12:00:00,1972-12-31,38.36824093086927,accident,Leo,Fire,True,True,Cancer,False,-0.7081279632860479,135.08280468561182,0.9974447465743994,355.9031775671227,-0.6036201051675544,127.12961093454484,-0.7052079754992271,134.84634852440956,-0.6201074906615516,128.32398443601943,0.03207852232609404,88.16172069114742,-0.35054458244592046,110.52062782035901,-0.988559159741648,171.32475956350788,0.09147632866877974,84.75145511256784,0.3537095004699585,69.28562663828268,0.9262194915291383,337.85296822045797,230,366,136
Thurman Munson,1947-06-07 12:00:00,1979-08-02,32.15058179329227,accident,Gemini,Air,False,True,Taurus,False,0.5918504196520615,53.7115701618542,0.47300821799519577,298.2297443326524,0.8765624274285769,28.76956882947374,0.32506156891019966,71.03069483679693,0.7307006915527607,43.054832298562175,-0.03775839405585635,267.83608899155945,0.7975531870761626,37.10291991016497,-0.8230806633143108,145.39437970895676,0.34432215326892407,69.85957701782061,0.4166917217578772,65.3741024769482,-0.14113157296331238,98.11333077967402,158,214,56
Kobe Bryant,1978-08-23 12:00:00,2020-01-26,41.42368240930869,accident,Virgo,Earth,True,False,Libra,False,-0.913409726122246,155.98088706472544,0.30160471457543325,287.55401152050655,-0.9956321317931807,174.64288957742576,-0.8605938126121857,149.38332165213922,0.4445912034307172,63.60281295225468,-0.9660062807066223,165.0178208510098,-0.776595439331819,140.94990535850175,-0.984706867989936,169.9667673164945,-0.023645102602757543,91.35489085648311,-0.1456082938258826,98.37250571632205,0.15215994271115538,278.7521192046846,235,26,156
Dale Earnhardt,1951-04-29 12:00:00,2001-02-18,49.80698151950719,accident,Taurus,Earth,False,False,Taurus,False,0.3670280360036117,291.5324449126447,0.7256486691569634,316.52283623598794,0.29533989510322617,287.17792008318975,0.42291803886423146,295.01895304149593,-0.9519397809733303,197.83550424499936,0.4936599669849421,60.418574197398684,-0.5247335151689911,238.34969464124663,-0.7068211246628741,225.02314163781847,-0.33397952110613605,109.51049510081867,-0.4640310865316843,117.64753364174169,-0.44785953345925905,116.60643655398769,119,49,70
Ayrton Senna,1960-03-21 02:35:00,1994-05-01,34.10814510609172,accident,Aries,Fire,False,True,Aquarius,False,0.761631378557745,40.39177154308883,0.961112204183273,16.031045001762777,0.5071305513899381,59.52711447978811,-0.0030420555861178393,90.17429721495682,0.6113317841231201,52.314137953789555,0.6075065064789988,307.4094247062801,0.6030095263443364,52.91425546658991,-0.9330120335336368,158.9093124024033,0.2651183666895923,74.6260137178177,0.12416206648304,82.86763123619713,0.4964888155326665,60.23202748163504,81,121,40
Bruce Lee,1940-11-27 07:12:00,1973-07-20,32.64065708418891,disease,Sagittarius,Fire,False,True,Scorpio,False,-0.6058560795883966,232.70953009280282,-0.746585194696219,138.29543642362114,-0.305082293262653,252.23688506677894,0.3986155414888444,293.4916577805191,-0.9610444521837884,163.95490418127957,0.01603347696399621,270.9186899254594,0.6553010458780336,49.05751921022523,-0.8240330980456999,145.49058439115436,0.38327944327761687,67.46303254396867,0.5322409853060224,57.84300540825734,0.023983022195699196,88.62574228458993,332,201,131
Brandon Lee,1965-02-01 12:00:00,1993-03-31,28.15605749486653,accident,Aquarius,Air,False,False,Virgo,True,0.5246638864898066,58.35438098642368,-0.9029128508663085,154.54362994222612,0.6868662165557288,46.61744817398335,0.2204974395921417,77.26174831445184,0.345835822302298,290.232825811316,-0.7958983577677244,142.74019032171992,0.9901504444162024,351.95172030422765,-0.613974473989287,127.87744148246495,0.4832264970246331,61.10365747396881,0.3518989334512991,69.39649356795513,-0.9967495513786305,175.3790955229348,32,90,58
Jim Fixx,1932-04-23 12:00:00,1984-07-20,52.238193018480494,cardiac,Taurus,Earth,True,False,Aries,False,0.09019633437009099,84.82509784006061,-0.6510233552418156,130.61880297925987,-0.6252366790894553,128.6995611781277,0.6586443591077821,48.803434314964505,-0.8499081353267276,211.7983209183432,-0.7942864656451122,142.58791239131978,0.09324494965041678,275.3503144204569,-0.6463128621082943,229.73581912783882,-0.4061432353218889,113.96278800698852,-0.1617265350727493,99.30712471339164,0.34883187282070527,69.58411612267281,114,202,88
Florence Griffith Joyner,1959-12-21 12:00:00,1998-09-21,38.74880219028063,cardiac,Sagittarius,Fire,True,False,Sagittarius,False,-0.009935314312845275,269.43073905614017,0.8844651676836075,27.814223651685893,0.25512392178901155,284.780928220567,0.5337807229667181,302.26126077782897,-0.3840457409304354,247.41548853677324,-0.103233982933361,95.9254282801553,-0.41123273453638554,114.28229681004709,-0.979240734133335,168.30506521283186,0.15546204882707965,81.05640545537597,0.0081784155800741,89.5314060802923,0.8702665243573356,330.48962613003937,355,264,91
Pat Tillman,1976-11-06 12:00:00,2004-04-22,27.45516769336071,homicide,Scorpio,Water,True,True,Scorpio,False,-0.9798685520735463,168.48387363478815,0.8970515631279583,26.226825257639234,-0.9395803743189138,159.98120475593618,-0.9968732166707832,175.4678972116118,-0.8588308040481679,210.81444198231108,-0.19846411304923797,101.44715890002698,0.7847109508219611,321.6939526464962,-0.4685993206440011,117.94341376130575,0.46018063716261964,62.601235698063505,0.355117086489123,69.1993794904015,-0.9879033416819594,188.92090889050428,311,113,167
Jose Fernandez,1992-07-31 12:00:00,2016-09-25,24.150581793292265,accident,Leo,Fire,True,False,Gemini,False,0.5831968011432672,54.32429583361838,0.8338365040482684,326.4948807133674,0.8373814086632495,33.135372838421716,0.3318183773020708,70.62081919344749,-0.9017319296434065,205.61333617284106,0.9488448221926993,18.40566058635116,0.4318462032720702,295.5847820139675,-0.1423029126536619,98.18112786834166,0.601478671019344,53.02412677731655,0.5767326781376196,54.778936776997085,-0.29512183785682183,252.83515655557818,213,269,56
Coco Chanel,1883-08-19 16:00:00,1971-01-10,87.38945927446954,cardiac,Leo,Fire,False,True,Gemini,True,-0.801917379618452,143.3135906784582,-0.4363997112723616,115.87439317132942,-0.22950307750568485,103.26781761718081,-0.26958186853443533,105.6393871154736,-0.8186476150785311,144.94964308236018,-0.5916984130591652,126.27762559897702,0.9179279144721918,336.6250126650526,0.9302456896858327,21.52685406038998,-0.9810043659276616,191.18547442996575,-0.47710076393934997,118.49621891198802,-0.33745202994221984,109.72171378582365,231,10,144
Christian Dior,1905-01-21 01:30:00,1957-10-24,52.75290896646133,cardiac,Aquarius,Air,False,False,Scorpio,False,0.007818752271574723,270.4479860707456,-0.3627975713821836,111.27210418569425,0.42342189730219487,295.05081546902386,0.014883352172342823,270.852784750443,0.9712404822294344,346.225532979435,-0.9941127801369795,173.77977558213547,0.3570622919998822,290.91989054264604,-0.770952847078055,219.5604690423546,-0.4404409486779934,116.1320187786838,0.3107601777919581,71.89495170345782,0.5058355946513994,59.613163280288774,21,297,89
Yves Saint Laurent,1936-08-01 01:00:00,2008-06-01,71.8302532511978,cancer,Leo,Fire,False,False,Cancer,False,0.5412674440692303,302.7699610010643,-0.44938728227307667,116.70437941109799,0.5473090260816521,303.1825960650599,0.36913950731697737,291.6625582615528,0.9480178381116876,18.55514217213876,0.8008372950688034,36.78986730654228,-0.9429039971321577,160.54510760319886,0.680524202241817,312.884619647833,-0.9342891378537685,159.1136020594873,-0.8912242215985808,153.0274873992634,0.6344016720462166,50.62437828472025,214,153,61
Gianni Versace,1946-12-02 12:00:00,1997-07-15,50.614647501711154,homicide,Sagittarius,Fire,False,False,Sagittarius,False,-0.7275509802401041,223.31852492086801,-0.40411112683631056,246.1645622376594,-0.14516142600755172,261.65337287937757,0.04269768257608457,272.4471409515951,0.4062429951158682,293.96904309001104,-0.09431196809530328,95.41172068892021,-0.31980450064754734,251.3488976716914,-0.6810321452825516,227.07564873983418,-0.3154866522414788,108.39019503770223,-0.3379377413375863,109.75127983834602,-0.19071439813879554,100.99447858432058,336,196,140
Alexander McQueen,1969-03-17 12:00:00,2010-02-11,40.903490759753595,suicide,Pisces,Water,False,False,Sagittarius,False,0.8283297245996563,325.9275406999377,0.595364599989214,306.5386279709696,0.8095195959175693,324.04902116255624,0.5473160655660538,303.1830779853711,-0.5493027338249464,236.6808092617576,-0.8982724622798282,153.93191110504787,-0.9357249427469396,159.3455818289103,-0.9914756374226603,172.51352157420902,0.04547056523206798,87.3938299192865,-0.18996235052534688,100.9505870274194,0.32263609931957477,288.82242013604264,76,42,34
Karl Lagerfeld,1933-09-10 12:00:00,2019-02-19,85.44010951403149,cancer,Virgo,Earth,False,False,Scorpio,True,-0.9574899951647107,163.2338314239218,0.06579565281231252,86.22746150822971,-0.999999995432071,179.99452357296235,0.10318609697074874,84.0773301143754,-0.9933923740269067,173.40978195101837,0.16333158408887222,80.59967350764094,0.9151022151073394,336.22024711898547,0.998995365972484,2.56849034647524,-0.9956103647096397,185.37045205556865,-0.9992972858790877,177.85191033339805,-0.8425600743449855,147.41145277644014,253,50,162
Hubert de Givenchy,1927-02-21 03:00:00,2018-03-10,91.0444900752909,natural,Pisces,Water,True,False,Taurus,False,0.9490447417321016,18.369347911196428,0.3249426630876481,71.03789871336139,0.949420405701836,18.300925479761872,0.981315840810926,11.093100311686555,-0.8964666764230463,206.30255436944998,-0.2526403947662201,255.3661876723909,0.8589234340848999,30.80407981938376,0.878652801820465,28.519723696262872,-0.9471585229441832,198.70924674001574,-0.9929414468964975,186.81163333548693,0.7771164522745183,39.00268655312527,52,69,17
Oscar de la Renta,1932-07-22 12:00:00,2014-10-20,82.24229979466119,cancer,Cancer,Water,True,False,Gemini,False,0.042123875693473666,87.58576536868223,-0.9922214938442057,172.84898570909704,0.6001587641928274,53.11873086001009,-0.45109384851950207,116.81388581833464,-0.9967439694239306,184.62487263967637,0.9928769725262143,353.1572910458651,0.3580082942741104,290.97792883655455,0.9866715537759628,350.63493172527177,-0.9997295266286005,178.66736972111147,-0.9825197011630566,169.27130925184503,-0.8723423683487276,209.26801063894723,204,293,89
Gia Carangi,1960-01-29 12:00:00,1986-11-18,26.80082135523614,disease,Aquarius,Air,False,False,Capricorn,True,0.29656000134795896,287.251105481135,-0.3816894612060529,112.4383710999561,0.06828113853433351,273.9152674545917,0.5488184122506119,303.2859888214225,0.7249349733825731,43.536561345968494,0.19937465052793327,78.4996073115961,0.843871453688237,327.55122233332423,-0.5228789771563055,121.52556648084408,0.5732035413642605,55.02607807162346,0.4618238061288076,62.49514286593808,-0.9299036524008705,201.58019885967155,29,322,72
Johnny Carson,1925-10-23 07:15:00,2005-01-23,79.24982888432581,disease,Libra,Air,False,False,Libra,False,-0.0736086220362353,94.2212812250452,-0.9991243655511435,182.39789821904233,0.34728138644617446,69.67887756263502,0.8312331692774825,33.774376533232584,0.43811296980329956,64.01645695790745,0.05377201047782255,273.08239589657626,-0.3716145864408453,248.18477248026053,0.9551510560386504,342.77535056489626,-0.9854142322977821,170.20213231299067,-0.9320140823925492,158.75098221702854,-0.0499222079850805,267.13847874475044,296,23,92
Ed McMahon,1923-03-06 12:00:00,2009-06-23,86.29705681040383,disease,Pisces,Water,False,False,Taurus,False,-0.29667079556806314,107.25775266545901,-0.33891628409483165,250.18913800243567,-0.36268324885848224,111.26507524824137,-0.29243057833320774,107.00352737046583,0.9662497411400327,14.928125443513384,-0.13868132874634898,97.97154761303611,0.8391611778033875,327.0516477869804,0.9744686852714987,12.97485713899215,-0.9840302403653703,190.25336657748787,-0.9921939022873459,172.83629754416268,-0.6540515236596307,130.84777052462732,65,174,109
Dick Clark,1929-11-30 12:00:00,2012-04-18,82.3791923340178,cardiac,Sagittarius,Fire,False,False,Sagittarius,True,-0.7775747051837134,141.0390509357158,-0.47028999661530435,118.05312248746776,-0.3748468154793507,112.01484541703718,-0.9335386117780842,201.00668431126772,-0.0839961910496586,265.1816955782209,0.909832750258065,335.4822490789886,0.4373365762346544,295.9340673096889,0.9995727367428164,358.3250537759661,-0.9998417022776722,178.98051534703572,-0.9855157461321985,170.23637041864586,-0.893937419473486,206.62773080513435,334,109,140
Ed Sullivan,1901-09-28 12:00:00,1974-10-13,73.03764544832306,cancer,Libra,Air,True,True,Scorpio,True,0.9653891746273002,15.118344618213285,-0.9624028145503941,164.23893854558642,0.9691638794362221,14.265593920493671,0.8702096984793646,330.48301696253225,0.8779875739077093,331.40055040794493,0.4346917058469684,64.23432173273432,-0.9886021091454182,188.65891039184402,0.6966162293900695,314.15615012873343,-0.914730764002753,156.16752086484888,-0.31770946642553594,108.52445954275632,0.8886289407143634,27.298537360444612,271,286,15
Merv Griffin,1925-07-06 04:40:00,2007-08-12,82.09719370294319,cancer,Cancer,Water,False,False,Leo,False,0.8107039526996146,35.83523337733729,-0.8621388912433368,210.44240756796265,0.9659185354205361,15.001613923115997,0.9058036704601398,25.068257604324643,0.4570688202770785,297.19812497074696,0.7859776501015511,321.8111895649596,0.3366511290088173,289.6729735642076,0.9910223745304131,352.3167702646986,-0.9999916756095915,179.7662163410017,-0.958292527230745,163.39397498696235,-0.8474557037279367,212.06399330752362,187,224,37
Mike Wallace,1918-05-09 12:00:00,2012-04-07,93.91101984941821,natural,Taurus,Earth,False,True,Virgo,False,0.8663037060077092,330.0319064747079,-0.9949765964973005,174.2546216572895,0.8074480632281448,323.84734439239446,0.4892678266104004,60.707530702766014,0.9816172971538486,348.9970317571424,0.861163932923699,329.4475214657885,0.20108559080131383,78.39955139818494,0.79005908738999,37.80896635543769,-0.8845812552718646,207.79996559489638,-0.9951825563558837,185.62626851273058,0.9592073947098196,343.57838552092926,129,98,31
Walter Cronkite,1916-11-04 12:00:00,2009-07-17,92.69541409993155,disease,Scorpio,Water,False,False,Sagittarius,True,-0.287504888051117,253.29136387405526,0.22938432030063435,76.73917317013922,-0.016421447645271932,269.05907806441286,-0.3136362590507086,251.72149438266783,-0.9946483647840696,174.06972607721417,0.4476716491422492,296.59439722430466,0.6771068415324689,47.38202697559795,0.7580773830625605,40.705003859235205,-0.9336497295149196,200.98891705811076,-0.9987533685248328,177.1387763800462,0.9923531091553448,7.09017924660526,309,198,111
Peter Jennings,1938-07-29 12:00:00,2005-08-07,67.02258726899385,cancer,Leo,Fire,False,False,Leo,False,0.9866288213150214,9.380102546326498,0.9989955952920604,2.5681971365274308,0.9376416839874804,339.6592062731852,0.999830243617929,1.0557396427418553,0.027033292104082847,271.5490822609213,-0.7168014301438256,224.20897191605343,-0.25518095100043875,104.78430760859672,0.3775185825064466,292.18006240051346,-0.8382460746075748,146.95537025454712,-0.789531435287771,142.14174493395745,-0.8052335288699105,143.63281450394223,210,219,9
Tim Russert,1950-05-07 12:00:00,2008-06-13,58.09993155373032,cardiac,Taurus,Earth,False,False,Virgo,False,0.8039846860086696,36.48768554356686,-0.05432123221675295,266.8860899547036,0.9544196853675811,17.36560253901594,0.13621070965856158,82.17136481718053,0.8409619580164637,327.2418398467295,0.7301532974382267,316.89924705781243,0.9862844350099709,350.4995950521247,-0.17014943668989724,260.20349226780274,-0.6290813429161781,128.98237815716521,-0.6975403372400489,134.22999651786444,0.7219791458761905,316.21812505648614,127,165,38
Andy Rooney,1919-01-14 12:00:00,2011-11-04,92.8021902806297,disease,Capricorn,Earth,False,False,Aquarius,False,0.3161931140958615,288.43285603100503,-0.4549211313123365,242.94014020592488,0.878767718774444,331.49406949678047,0.45439084302708804,297.0257468460319,-0.9929539557623847,186.805587903886,0.426975488375771,295.2757695960074,0.564006882651737,55.666644144288426,0.8156300260496544,35.35029485345473,-0.9408637407959086,199.802880024474,-0.9999916704160928,180.23385657529707,0.9961576424690265,5.024301289306379,14,308,71
Barbara Walters,1929-09-25 06:50:00,2022-12-30,93.25941136208077,natural,Libra,Air,True,True,Libra,False,-0.12260212514492462,97.04230252456748,0.3913547627738949,293.03882299410213,-0.01557565615730983,90.8924554485485,-0.8288060062919936,145.97628063672582,-0.6835531251246071,226.87807538703242,0.2551295129455668,284.78125953419453,0.5331977274060821,57.778231910251975,0.814420324749406,35.469914823178506,-0.9360323659192954,200.60442402464093,-0.989987553529779,188.11466813792512,0.9977678083272334,356.17101036377886,268,364,96
Larry King,1933-11-19 12:00:00,2021-01-23,87.17590691307323,disease,Scorpio,Water,False,False,Capricorn,False,0.3910155169039693,66.98229740488227,-0.9389992540641244,159.88416767472526,0.05704181893862355,86.72996956083034,0.9964804673698079,4.808477482409501,-0.614843421794248,127.94054391964613,-0.39670410934768274,113.3722974580366,0.9935337725724817,353.4807532911626,0.976181210746622,12.530352571702988,-0.9929452268452919,186.80980708062728,-0.9999868902853741,180.29338285039904,-0.40416161231218606,113.83860012012187,323,23,65
Regis Philbin,1931-08-25 12:00:00,2020-07-24,88.91170431211499,cardiac,Virgo,Earth,False,False,Libra,True,0.8722932319175469,330.7262313660575,-0.6437148156367671,229.9306149841805,0.389574230658931,292.92800938686463,0.3510252002230533,290.5500337601286,-0.9999885062961561,179.72529406179194,-0.9533618814371253,162.43247211781824,0.9811723744069135,11.13574213577607,0.9305593934854852,21.477817268428115,-0.9643508091578146,195.34479786682226,-0.9993601067883525,182.0498144151253,0.16903350739667783,80.26837010131194,237,206,31
Alex Trebek,1940-07-22 12:00:00,2020-11-08,80.29568788501027,cancer,Cancer,Water,False,False,Leo,False,-0.2930001208081263,107.03765453367352,-0.9429013710441293,160.54465585280312,0.0205460269825427,88.82271652864067,-0.28975511328876274,106.8432955829912,-0.4489338685848549,243.32469738188277,-0.35023798618314184,249.49812790035799,-0.29280769362785386,252.97387645927722,0.9557517118343837,342.89195366994284,-0.9960854004873774,174.92865594985486,-0.985980408632384,170.39463211402835,-0.3921499422275072,246.91165860606037,204,313,109
Bob Barker,1923-12-12 12:00:00,2023-08-26,99.7015742642026,natural,Sagittarius,Fire,False,False,Scorpio,False,-0.28289851662116133,253.56672632241037,0.6512630693181363,310.63689971375885,-0.2128917869501639,257.708127597919,-0.8581787001469752,210.88730160886897,0.8082607922727487,323.92635251133163,-0.9483742404968609,161.5091363754465,-0.5674597828163314,124.57327796604565,0.3536062995589885,69.29194814319936,-0.802624296547126,216.61855995667582,-0.9583401107460382,196.59648267671298,-0.6213981029805581,231.58169660544934,346,238,108
Monty Hall,1921-08-25 12:00:00,2017-09-30,96.09582477754962,cardiac,Virgo,Earth,False,False,Leo,False,0.8110629596876114,35.80008416730573,-0.26473720780767873,254.64866176758952,0.8902837091551862,27.09108068360024,0.6391059837745672,50.27481277936249,0.850261908864553,31.75983253292202,0.8232709582101323,34.58641748594292,0.04331325269517094,87.51755681770521,0.6509439901960166,49.38718744584827,-0.8829210411670845,208.0032402792909,-0.9921204784779438,187.19735850193118,0.5197656898186834,301.316535747044,237,273,36
Gene Rayburn,1917-12-22 12:00:00,1999-11-29,81.93292265571526,cardiac,Capricorn,Earth,False,False,Virgo,False,0.9185446329681476,336.714236106422,-0.7026234288500595,134.63786285299147,0.470651001745799,298.07656276632054,-0.3847433424305065,247.3721924262238,-0.6254357872852229,128.7141802336908,0.7911560273982242,322.2936756548844,-0.03437611580280535,268.0300055223536,0.9914435212371571,352.49941175652907,-0.9969879998785233,175.55190359859353,-0.9109140838107022,155.63197833847187,-0.8167181855432308,215.2423918451596,356,333,23
Allen Ludden,1917-10-05 12:00:00,1981-06-09,63.67419575633128,cancer,Libra,Air,False,False,Leo,False,-0.39256945512333874,246.88552682887735,-0.09546173327397295,95.47789596345392,0.197230744338495,281.3750670204244,-0.734252321804414,222.75592402143178,0.3258064374831817,289.01443991120027,-0.32898538551350187,109.20720409769335,0.6316607863698945,50.8272410947645,0.12525432745299409,277.19544310305776,-0.7297296586943083,136.8637351760685,-0.2779688716236964,106.13901795295757,-0.8797205914323221,208.39132311236278,278,160,118
Bill Cullen,1920-02-18 12:00:00,1990-07-07,70.3791923340178,cancer,Aquarius,Air,False,False,Scorpio,False,-0.726193146871716,136.56819428774756,0.8377180536856975,326.89993044645485,-0.6707142524161206,132.12221510455836,-0.7719821771948521,140.53222183623345,-0.9875795233617772,170.9602316710672,0.9371690186380486,339.5814387431471,-0.6883369843361383,133.49861051204726,0.5848872898626848,305.79502795675023,-0.8947461722916973,153.4758450254116,-0.6322456213746148,129.21599541721912,0.1956728429546626,78.7159681220248,49,188,139
Gary Moore,1915-01-31 12:00:00,1993-11-28,78.8227241615332,cardiac,Aquarius,Air,False,False,Aquarius,False,0.43411064769767044,295.7287165043774,0.2297238305827025,283.2808130500835,-0.1644285308184988,260.53596172013,0.8697938321496407,330.4346903015794,0.6822597290406504,313.0204796062398,-0.4291850387369768,244.5841482318036,-0.5225693864228069,238.49524079635046,0.9285233635570543,338.20579200656914,-0.9864662471565135,170.5629170276398,-0.8228482794352111,145.37094231429757,0.09424017112373084,275.4075886216217,31,332,64
Art Linkletter,1912-07-17 12:00:00,2010-05-26,97.85352498288843,natural,Cancer,Water,False,True,Virgo,True,0.6513127245188339,310.6406489470511,0.3306250770983303,70.69328049165551,-0.17179486374236852,260.1078073523356,0.9400412166880869,340.0584793665439,0.9941504109790026,353.7997066330993,-0.38214880884810765,112.4668484888459,-0.4513465136070953,116.83010773444153,0.5272721720985528,58.178668910785404,-0.8176673714346127,215.14803420373244,-0.9950401146815112,185.7089089340564,-0.04658005681654283,267.33019329340686,199,146,53
Steve Allen,1921-12-26 12:00:00,2000-10-30,78.84188911704312,cardiac,Capricorn,Earth,True,False,Scorpio,False,0.5471451699573593,303.1713792885374,0.9758901505510773,12.606987630515107,0.5433190681696592,302.90986931786745,0.9852448920629684,350.145280182084,0.8402397197854728,327.1654421004455,-0.6016481414095721,233.01197150238823,-0.6172935586677933,231.8812359670385,0.9425518885205328,340.48462612489726,-0.979092963400594,168.26336934185622,-0.8856850234200596,152.33593873911607,0.08767681384098976,275.0299699035135,360,304,56
Jack Paar,1918-05-01 12:00:00,2004-01-27,85.73853524982889,natural,Taurus,Earth,True,False,Virgo,True,-0.059471423460079366,266.5905266169564,-0.1286613777782616,97.39224530927464,-0.31661336250719974,251.54176147756942,0.9879209521726383,351.08560020940945,-0.7482289318365085,221.56280547516877,-0.07728478159015353,94.4325118154828,0.8630723959304657,329.6633216037925,0.9975137721499908,4.041086199347092,-0.9896103453967218,188.26637147306974,-0.9765742776123112,167.57387848361765,-0.7841052480341134,141.63800021147094,121,27,94
Joey Bishop,1918-02-03 12:00:00,2007-10-17,89.6974674880219,natural,Aquarius,Air,True,True,Libra,False,-0.3441109000182932,249.872468747336,0.5312614298029553,57.90927576146919,0.2860742211489453,286.623070643633,-0.9730429229973683,193.33381719537877,0.07441513337157876,274.26761800708454,-0.9644594881711951,195.32124957978192,0.9113835939256528,24.302740308939946,0.9258198909541763,22.2076859534327,-0.9711007081370672,193.8080616368506,-0.9924320427772481,172.94655573708445,0.42149548953190213,65.0709599496331,34,290,109
River Phoenix,1970-08-23 12:00:00,1993-10-31,23.186858316221766,overdose,Leo,Fire,True,True,Leo,True,0.3722771524767879,68.14387610762654,0.9929637180866379,353.1991338627724,0.5840940313139851,54.26098676731124,0.9982000403266296,3.4382241151046458,-0.010422160763427933,90.59715663615245,0.9984090964689261,356.76765918109106,0.02009538012225782,271.15145797537093,-0.20692554814664477,101.94224208097395,0.6363866148131323,50.47709687086348,0.5219283563079221,58.53830906323276,0.025879309610031515,271.4829407792521,235,304,69
Brittany Murphy,1977-11-10 12:00:00,2009-12-20,32.106776180698155,disease,Scorpio,Water,False,False,Leo,False,0.757523101044825,40.75367615990416,-0.09674265700291555,95.55162876651951,0.6732916043851352,47.67837641507032,0.6024713300301826,52.952900580599106,0.9700482587446844,14.058489457208609,-0.6629375104362928,228.47570930123294,0.8245564838334425,34.456448673668774,-0.6477823453772154,130.37460814516322,0.35147131238194673,69.42266641530995,0.2160381039404556,77.52356230093619,-0.15577768949354412,98.96190246788112,314,354,40
Paul Walker,1973-09-12 12:00:00,2013-11-30,40.2135523613963,accident,Virgo,Earth,False,False,Taurus,False,0.19312429447212515,78.86482911687028,-0.6860475021799037,226.68195695906795,0.5726368306038342,55.065694584660434,0.13668314534252168,82.14404069404836,-0.7347104817852588,137.28275785422863,-0.9740166242208321,166.91028173952748,-0.6872064072058071,133.4093765850489,-0.9757973170212904,167.3686658718538,0.0384432030011502,87.79682381804557,-0.11285335735311436,96.47982542055672,0.5322804252073194,302.15966384752085,255,334,79
James Gandolfini,1961-09-18 12:00:00,2013-06-19,51.748117727583846,cardiac,Virgo,Earth,False,False,Libra,False,0.053021166849420695,273.039314263649,0.4925772853634479,299.5101202862336,0.03003415530705152,271.72108915804876,0.8315377722895624,326.2570299630124,-0.6102779011200549,232.39040026182184,-0.8757455115363002,151.1333298221891,0.20440504911557605,281.7946734138137,-0.7166198283041156,224.22389227232276,-0.436479041927204,115.87944501264695,-0.5319369164643811,122.13641811959914,0.1895461466814445,79.07370097008044,261,170,91
Anton Yelchin,1989-03-11 12:00:00,2016-06-19,27.27173169062286,accident,Pisces,Water,False,False,Gemini,False,-0.1345338690684295,97.73166666777587,-0.8254179758187502,214.36910943532922,-0.15270753121184985,98.7838647027495,-0.29816653241430624,107.34751404262255,-0.9940288635867928,173.73555693729998,-0.26894353106314106,105.6014104714088,0.8612322526489545,329.45522295533954,-0.32365795688013627,108.88428752685715,0.5006727839044687,59.95547898410922,0.47531962114130505,61.619837433204765,-0.9764043446800182,192.47128848828092,70,171,101
Luke Perry,1966-10-11 12:00:00,2019-03-04,52.39151266255989,cardiac,Libra,Air,False,False,Leo,False,-0.8280034576588253,145.89418776451296,-0.9386435438352858,159.82499097202015,-0.7826056355883216,141.49976794533774,-0.38919211982885366,112.90424007640564,-0.293580994037119,252.9275329431261,-0.7702365822709653,140.3751384887144,0.39705020443519545,293.39390155286475,-0.7862955991460662,218.15933537908077,-0.4287248979043183,115.38666614546457,-0.5478483563710727,123.21952608690518,0.39677657871033106,66.62317912008224,284,63,144
Cameron Boyce,1999-05-28 12:00:00,2019-07-06,20.10403832991102,disease,Gemini,Air,False,True,Libra,False,0.7941811905573054,37.422014693641415,0.2972895082842133,287.29487721784034,0.5839730187393758,54.26952841756706,0.9513826452615423,342.0605670981319,0.1414033866625618,278.12906232184685,-0.6136024590303764,232.14955748303814,-0.39363489019676273,246.81913717824085,0.18567167112863123,79.29970520139659,0.7142362720819088,44.419356193735325,0.7326638445177501,42.88981911257122,0.8755226385295265,331.1068901913376,148,187,39
Naya Rivera,1987-01-12 12:00:00,2020-07-08,33.4839151266256,accident,Capricorn,Earth,False,True,Aries,False,-0.9962488757217955,175.03574355980092,-0.4488699805254713,243.3287938387581,-0.9635852585038092,164.4903132296273,-0.9981861386634249,183.45147982986265,0.9982803734115209,3.3606010671602737,0.5537890676345851,303.62734921146154,0.7322523457299761,42.92445002589466,-0.7174812251948252,135.84691535878292,0.2625236602136324,74.78013994021012,0.27205030922640877,74.2136913060377,0.3037162793981784,72.31905113439629,12,190,178
Chadwick Boseman,1976-11-29 12:00:00,2020-08-28,43.742642026009584,cancer,Sagittarius,Fire,False,False,Sagittarius,True,-0.030869547229934798,268.2310242009779,0.37151692231603634,291.80920026624847,-0.0653609693581374,266.252420762425,-0.9990358175976181,182.5162404043178,-0.7765179562285929,140.94285913469707,-0.5995491779662276,233.16238328541522,-0.9351725770077566,159.25604386703267,-0.9997292634990091,181.33327837417656,-0.11292062947943701,96.4837046260019,-0.1610162103914271,99.2658856163342,-0.5892260792801466,233.89789234513975,334,241,93
DMX,1970-12-18 12:00:00,2021-04-09,50.30527036276523,overdose,Sagittarius,Fire,False,False,Scorpio,False,-0.40191276336019205,113.6978091305105,-0.9385104085095166,200.19711496246475,0.07251698534719445,85.84143256569763,-0.928872315899422,158.25970651213257,-0.7187628076795258,224.04757020723167,0.0013550316977492514,89.92236237885396,-0.07889587906260143,265.4748963398658,-0.896121137195816,206.34719858270313,-0.3448506422704257,110.17267868521529,-0.45522082087640825,117.07914313134086,-0.2918237798026532,106.96717465037852,352,99,112
Michael K Williams,1966-11-22 12:00:00,2021-09-06,54.78713210130048,overdose,Scorpio,Water,False,True,Virgo,True,0.24830868420828858,284.3774513758267,-0.9426567563846546,160.50262035752314,0.7758665026615581,320.88365887081704,0.7866987221289574,321.8780633844467,0.999897328298765,0.8210445548739358,-0.9364408274818893,200.53781862853302,0.7058851267273011,314.9010965242076,-0.6306227642290554,230.90391608954207,-0.49704586735150325,119.80474785742467,-0.5612967069328847,124.14552118176675,0.9379577798334497,20.28862728799895,326,249,77
Bob Saget,1956-05-17 12:00:00,2022-01-09,65.64544832306639,accident,Taurus,Earth,True,True,Aquarius,False,-0.6066640180511761,232.65132133961367,-0.6940372178223095,226.04945451745093,-0.5050010073586672,239.66858076599948,-0.9744244236422417,192.98614736521625,0.48361636184692935,298.92185991432535,-0.9864608495562358,189.43896892436334,0.2908229060582965,73.09277137450061,0.20565469446037837,281.8678269172627,-0.7935102787127399,142.51477330836755,-0.8668139241978311,150.09048156623632,-0.9856039383106497,170.26621226891257,138,9,129
Gilbert Gottfried,1955-02-28 12:00:00,2022-04-12,67.11567419575633,cardiac,Pisces,Water,False,True,Taurus,False,0.7261700645056691,43.4337293726511,-0.056488374235929846,93.238269180038,0.2075737312164101,78.01979552798463,0.7382103041655307,42.420816718216315,0.447195383423006,296.56388454233746,-0.4440007356373498,243.64057616953318,-0.03222941827666815,91.8469294827421,0.3331329750507097,289.45904504819697,-0.8287847960769762,145.97410879871293,-0.8932543678325711,153.28508176700083,-0.78617081742354,141.829094592812,59,102,43
Ray Liotta,1954-12-18 12:00:00,2022-05-26,67.43326488706366,cardiac,Sagittarius,Fire,False,False,Pisces,False,-0.9348019825336089,159.19617737962278,-0.9884765073356259,188.70658066574254,-0.9138215777735131,156.0389259224734,-0.9391517153265155,159.90958259946075,0.9334549954871084,21.020044745200323,-0.43084293934982204,244.47893291054663,-0.1415032910431851,98.13484456207789,0.32810341566134454,289.1537009038834,-0.8425765758924852,147.41320823041693,-0.8807075206560927,151.72782933030163,-0.7155320164679971,135.68681682071545,352,146,159
Olivia Newton-John,1948-09-26 12:00:00,2022-08-08,73.86173853524983,cancer,Libra,Air,False,False,Scorpio,True,0.6774644020411483,312.6458188131643,-0.9816564789209072,169.00880026853423,0.6099793195173981,307.58800764638727,0.9215590073167467,337.1550729116222,-0.9916821834091278,187.39509558982408,-0.29036098333188565,106.87956880006729,-0.989045574257475,171.51152467386825,0.7463625042816862,318.2762615839608,-0.9544232705053991,162.63508569994647,-0.9452347749162261,160.95011781013517,0.9804103753366512,11.359578575682136,270,220,50
Anne Heche,1969-05-25 12:00:00,2022-08-11,53.210130047912386,accident,Gemini,Air,False,False,Sagittarius,False,0.26348700083708504,74.72293049134448,-0.8227891473934682,145.36498068669624,-0.02650595449139277,91.51885720921523,-0.15245486897503807,98.76921670861856,-0.9546424490249208,162.67721173885226,-0.9770389874342884,192.3017714871814,0.3260070191142273,289.0265960964186,-0.657241626846734,228.9101586805391,-0.4663250128746811,117.79600835998912,-0.5651095362250093,124.40989804550361,0.632199338570086,50.78742721340984,145,223,78
Leslie Jordan,1955-04-29 12:00:00,2022-10-24,67.48528405201917,cardiac,Taurus,Earth,False,True,Gemini,False,-0.9917874365679029,172.6519065670606,0.39558172485885207,66.69774031195857,-0.908573349917463,155.30893761795213,-0.9016142539011842,205.6289283038447,0.9747820879980842,12.894636635955507,-0.3809768343016334,247.60579684803275,0.00027782814109612836,89.98408161988044,0.40056591244550155,293.61356116361327,-0.8341433228491156,146.5267402118587,-0.8818184778036324,151.86250938633697,-0.7031602252610661,134.68110243096567,119,297,178
Kirstie Alley,1951-01-12 12:00:00,2022-12-05,71.89322381930185,cancer,Capricorn,Earth,False,True,Aquarius,True,0.7862989495203053,321.8409753157693,0.6361092548370518,50.49769553901871,0.9975010668543683,355.94859714435086,0.7472971531730166,318.3567882522941,-0.42364379759727167,115.06485037425884,0.9266002906055903,22.08908426663487,-0.7406286588616889,137.78499522465575,0.6295522508423895,309.01709613580476,-0.8920481664121659,153.13175768926723,-0.9246822978717766,157.6204968878267,0.6503851830262963,49.429350679344,12,339,38
Christine McVie,1943-07-12 12:00:00,2022-11-30,79.38398357289527,cardiac,Cancer,Water,False,False,Taurus,False,-0.7545350167309172,138.98475713194597,-0.4320398946198327,115.59708679934045,-0.9254849418310666,157.74159403220062,-0.24308741257825422,104.06883388332756,0.695472693096832,45.935103283528235,-0.5538909354029833,236.36564090243706,-0.5088722899409779,239.41125730113592,0.9326731059815213,338.85541292311717,-0.9927685185938802,173.10533243634666,-0.986153185395312,170.4541417967907,-0.0949452562317667,264.5518310165688,193,334,141
Jeff Beck,1944-06-24 12:00:00,2023-01-10,78.54346338124572,disease,Cancer,Water,True,False,Leo,True,-0.955578244657785,197.1417998799525,0.9787308605519748,11.838191598463254,-0.9468202139202971,198.7695823181374,-0.7967056295045079,217.18334523783807,0.32269576455894894,288.8260318843347,-0.7833579720251366,218.4309352275013,-0.6037463365184853,232.86131693386045,0.9036235879685514,334.6385368318373,-0.9891240009416211,171.54202078352333,-0.9867193986090831,170.65179308260872,0.1875572799767086,280.81026405113255,176,10,166
Lisa Marie Presley,1968-02-01 12:00:00,2023-01-12,54.94318959616701,cardiac,Aquarius,Air,False,False,Pisces,False,0.9414927854905297,340.3037805765812,-0.9938622600899832,186.35132378626628,0.6557546313292333,310.9768948932914,0.8219154401976889,34.723001121640834,0.17063506494757152,80.1752548832838,-0.8705310683884697,209.47958817023763,0.7127607334753059,315.4599824432758,-0.6930093036242272,226.13120405305244,-0.4500410379569476,116.74631693335178,-0.5811692381193527,125.53282270683772,0.9549197520302988,17.269347990159865,32,12,20
Adam Rich,1968-10-12 12:00:00,2023-01-07,54.234086242299796,overdose,Libra,Air,True,False,Virgo,False,0.04034231507265515,87.68792817070963,0.8918836482767288,26.889091989783452,0.15791262379190676,80.91424184533307,0.23903732439129607,76.17027055527069,-0.08055554559019786,265.3795007818345,-0.9889741053813556,188.51617149381815,0.5116003425799022,300.7704866680597,-0.7170757208899623,224.18642868943363,-0.4701740245584978,118.04559343716085,-0.5624767322968369,124.22725392722404,0.8573107683041321,30.984036142397763,286,7,86
Lance Reddick,1962-06-07 12:00:00,2023-03-17,60.772073921971256,cardiac,Gemini,Air,False,True,Taurus,False,0.1799978554510831,280.36963489163355,-0.9549193650636496,162.7305773241079,0.1848134362208722,280.65025552048917,0.21184368851559815,282.230419019245,0.6541679427334106,49.14341096064999,0.8294790211624403,33.95474198020452,0.9398682060330078,19.970564894355846,-0.18693365485944868,259.22611038576946,-0.6938946671516566,133.93920178385366,-0.7909067599097572,142.27033053190655,-0.09526945983305092,264.53317093266463,158,76,82
Harry Belafonte,1927-03-01 12:00:00,2023-04-25,96.14784394250513,cardiac,Pisces,Water,True,False,Gemini,False,0.5718307660084341,55.12201044507384,-0.8747895106161506,151.0200740620835,0.6698786529871525,47.94230012646079,0.295303425777742,72.82426700395683,0.7420232287033738,42.09595000715685,0.7052923308011326,45.146834147821494,0.04274300149633605,87.55026009287636,0.6451612118322869,49.82223634583278,-0.8540474469060689,211.34534038449905,-0.9591495724460826,196.43332931421497,0.504787071802189,300.3172187362502,60,115,55
Tina Turner,1939-11-26 22:10:00,2023-05-24,83.4880219028063,disease,Sagittarius,Fire,False,False,Pisces,False,-0.9999301665052449,179.3228700149972,0.5761520067884853,54.81965208633366,-0.87550773696504,151.10512319348328,-0.9180504565226976,203.35728424135405,-0.8439888515597247,147.5637609933404,0.839842370485728,32.87652192383058,0.662029235776433,311.4548180786999,0.9999771282472081,0.3875147004133126,-0.9993411542293389,182.079952220704,-0.9990028746073883,177.44112770594646,-0.9958969438220828,185.19206317616903,330,144,179
Tony Bennett,1926-08-03 12:00:00,2023-07-21,96.96098562628337,disease,Leo,Fire,False,False,Taurus,False,0.9785657523118069,348.11578362179455,0.06855776455233972,86.0688458137483,0.9997649122503569,1.2423991285412512,0.690704734878736,46.31407934136361,-0.5817493822445939,125.57367916362821,0.19711320870391477,78.6318021241371,-0.28929252238875214,106.8156051161775,0.5967823810400916,53.36020142820206,-0.8329305977822209,213.59903119669232,-0.9694379908164341,194.20171873813774,0.2519128407012337,284.59073316035165,215,202,13
Jimmy Buffett,1946-12-25 12:00:00,2023-09-01,76.68172484599589,cancer,Capricorn,Earth,False,False,Capricorn,True,-0.4114861553558297,245.7017729976456,0.4251071324355288,64.84255526612026,0.018723690833309423,271.0728511539688,-0.17431800989911184,259.9610270487778,-0.05102809978000015,267.0750349383007,-0.9980122337862722,176.38679794620296,-0.9014848201039743,205.64606817860107,0.8976938371295163,333.8565689168271,-0.9704831546162063,166.04445893828904,-0.9669746005345227,165.23395450060633,0.7292068721761646,316.81994449990896,359,244,115
Sinead OConnor,1966-12-08 12:00:00,2023-07-26,56.62696783025325,natural,Sagittarius,Fire,True,False,Libra,False,-0.6778710305386088,227.32249896813983,0.9801769971546198,11.427267447848834,0.009659935576324967,270.5534821470909,-0.4196701764321719,245.18623389650148,0.9235320323089815,337.44802878958524,0.15743358563324666,279.05796361788987,0.9563169335580748,343.0023865932403,-0.5238415703155065,238.4097089718693,-0.5697533487166602,124.7330278009884,-0.6216790018202722,128.43884801498723,0.9645833444471682,344.7056304219667,342,207,135
Matthew Perry,1969-08-19 12:00:00,2023-10-28,54.18754277891855,overdose,Leo,Fire,False,True,Sagittarius,True,0.36677496298305884,68.48314214819652,-0.9868682184131954,170.70443356770969,0.6361226553433108,50.49670046521854,0.5039576397240177,59.73781741567737,0.8558920823714241,328.8584283684967,-0.8138953928941631,215.52171318506126,0.36824819697844013,291.6076195546258,-0.6471483953967336,229.67305345570387,-0.4896762256597834,119.31930305006966,-0.560551235080405,124.09392789705117,0.8491299626224238,31.882834946781202,231,301,70
Suzanne Somers,1946-10-16 12:00:00,2023-10-15,76.99383983572895,cancer,Libra,Air,False,False,Scorpio,False,0.9999365626923747,359.35462476315604,-0.3716854412430674,111.81960041889064,0.9133205435831276,335.9683366753642,0.09957747936735156,275.7148403880053,0.9755474044194026,347.30335210024623,-0.9890046395835398,188.5043496002099,-0.9199520770669352,203.08092306499384,0.8707981367631904,330.551521004203,-0.973147590232517,166.69221106453074,-0.9646797759013117,164.72659050208705,0.6531991127066747,310.78323778513953,289,288,1
Richard Roundtree,1942-07-09 12:00:00,2023-10-24,81.28952772073922,cancer,Cancer,Water,False,True,Leo,False,-0.24497768794820435,104.18051515996902,-0.014102502041574672,269.1919593670043,-0.6147152438034066,127.9312323110433,-0.013457708849723225,90.77109319563827,0.12727623622583809,82.68777537710602,0.576411287755064,305.1985255632377,-0.12303975087105674,262.93243207994203,0.9811240730469348,348.8499377178652,-0.9994087139373689,178.02958432814845,-0.9928123609958218,173.12628958869152,-0.6730680648174946,227.69569655160242,190,297,107
Ryan ONeal,1941-04-20 12:00:00,2023-12-08,82.63107460643396,cardiac,Taurus,Earth,False,True,Aquarius,False,-0.6932409303995885,226.11279267895574,-0.519216669695009,238.7202780944189,-0.1236449428271755,262.89749032554704,-0.9974835395435309,184.06559207535338,0.4642064002714299,297.65887372267355,0.9654242596432053,344.88936481085375,0.2732625260993155,285.85849878694404,0.996817379850962,355.4275887528967,-0.9999522160118667,179.43988067527334,-0.9982918426658135,176.65062784969774,-0.9288291312804073,201.746972576041,110,342,133
Norman Lear,1922-07-27 12:00:00,2023-12-05,101.35523613963039,cardiac,Leo,Fire,False,False,Sagittarius,False,-0.6350397200486231,129.4229304909956,0.9997288406570145,1.334319186169779,-0.9534628014413967,162.45163970952478,0.6875106056798871,46.56662665073367,0.997663723595186,356.082722567626,-0.9128663031456405,204.09549178597752,-0.8500130149684304,148.21308499064335,0.38817795851384257,67.15882592786573,-0.7699140778817005,219.65382625075637,-0.9487540591027231,198.42212366379601,-0.94208718181875,199.59492159164338,208,339,131
Andre Braugher,1962-07-01 12:00:00,2023-12-11,61.44284736481862,cancer,Cancer,Water,False,False,Taurus,False,-0.9397141253509637,160.00360279148583,-0.8416660809804822,147.31647409879918,-0.9357677898863557,200.6474571748671,0.15334944924791333,81.17891774568787,-0.9525950840344204,197.7125084413604,0.5940789415771693,53.55300024934604,0.9301288913132911,21.545084304675242,-0.13657686915588607,262.15018751498224,-0.6953489504517084,134.05503057542956,-0.7747766471875089,140.78478702571252,-0.316311152641052,251.56001496357612,182,345,163
David Soul,1943-08-28 12:00:00,2024-01-04,80.3504449007529,cancer,Virgo,Earth,False,False,Gemini,False,-0.6333678422020815,129.29903522299503,0.36530977905806694,68.5733517242816,0.1549423940910222,81.08654468437126,0.18228907292581167,79.49687969272836,-0.8877080372629924,207.4133620159171,-0.12528776710024303,262.8026257336544,-0.36635729243282866,248.50886330663806,0.9431823627090697,340.5930505126611,-0.995143184746794,174.3507687496963,-0.9898299602459267,171.82161201564776,-0.4089523983731489,245.8609569212706,240,4,129
Glynis Johns,1923-10-05 12:00:00,2024-01-04,100.24640657084188,natural,Libra,Air,False,False,Virgo,False,-0.04174519193231747,92.39251854757896,0.3514239517519143,69.42556487969341,0.11935775064462271,83.1449619946832,0.6562986823167528,48.98180357000817,-0.13893144607235294,97.98601836379629,-0.9717410060828243,166.34649840113977,-0.668651579831635,131.96307820623161,0.42674628220387195,64.73875245980463,-0.8151157709741937,215.40118933196106,-0.9558063290649806,197.09740543262245,-0.7542043738657858,221.04410180165186,278,4,91
Chita Rivera,1933-01-23 12:00:00,2024-01-30,91.01437371663245,natural,Aquarius,Air,True,False,Virgo,False,0.9925092314956306,7.01733631506994,0.03679487155545192,272.108666838016,0.9996999974842647,358.5965047840935,0.9990036642863384,357.4421413315327,-0.4884149335193653,119.23645289622058,-0.716402236660967,224.24176428528958,0.8694618797468942,29.60383344739671,0.8715106698510965,29.36533355054523,-0.9612365971067626,196.00521637881033,-0.9898324439480862,188.17738757159384,0.7705021391092839,39.60099805865519,23,30,7
Carl Weathers,1948-01-14 12:00:00,2024-02-01,76.04654346338124,cardiac,Capricorn,Earth,False,True,Virgo,False,0.9462803751447054,18.865474366455487,-0.5307410214875276,237.9444636535702,0.9949720179210093,354.2520017466626,0.715306750774493,315.6683441417674,-0.6899218549989389,133.62392333257486,-0.7588719401705238,139.36485129867168,-0.9645795042362509,195.29520369536968,0.8301225708532636,326.11133105137907,-0.9552279204066287,162.79022920892658,-0.9708614334975618,166.1346141240404,0.8581081392627755,329.1048239037573,14,32,18
Toby Keith,1961-07-08 12:00:00,2024-02-05,62.57631759069131,cancer,Cancer,Water,False,False,Virgo,False,-0.8651885728742602,210.09575521294033,-0.9449612596303006,199.09783784251943,-0.8739073986320514,209.08407081537945,-0.7093905584043281,224.81464890253866,-0.7480053105416261,138.41788590583823,-0.05958959257395305,93.41625600360959,0.7703173562434641,39.61760427609465,-0.07934630973980633,265.449007401367,-0.7351654631277303,137.32119937169452,-0.8120986327688171,144.30148321758986,-0.6476320793556775,229.63669219522188,189,36,153
Richard Lewis,1947-06-29 12:00:00,2024-02-27,76.66255989048597,cardiac,Cancer,Water,False,False,Taurus,True,-0.47750714810000344,241.4772838946412,0.7317622968178007,317.03433777616374,-0.7587120977338306,220.64920955373285,-0.5814983774931194,234.44400031806248,-0.30642786651596987,252.15591158606304,-0.9921017636832683,172.79408800810546,-0.8498088427682455,211.80911584497358,0.8354549604465578,326.6632415430228,-0.9802618088575149,168.59728542475133,-0.9824344742642493,169.24510978789664,0.7336237403213398,317.19105153753134,180,58,122
Louis Gossett Jr,1936-05-27 12:00:00,2024-03-29,87.83572895277207,disease,Gemini,Air,False,False,Gemini,True,0.5487836767564108,303.28360806888736,0.05515507367864459,86.83824262132407,0.7008627409723409,314.4962628766719,0.41796965699425453,294.7064696574107,-0.08403688066781535,265.1793559627936,-0.824102590922212,145.4976130071671,0.990065010612959,351.91683302885383,0.9727146079868894,13.41513963828347,-0.9710277050707856,193.82557605590677,-0.9941959277237242,186.176099960479,-0.19213725405339083,101.07753824651121,148,89,59
OJ Simpson,1947-07-09 08:08:00,2024-04-10,76.75290896646133,cancer,Cancer,Water,False,False,Gemini,False,0.08414061620429983,274.82660877111664,0.5929634364762817,53.632414127893355,-0.021278255740728162,268.7807537336807,0.0982914601391681,275.6407936315393,0.14978017781637995,278.61418776082877,-0.9995741035723972,181.67226478270652,-0.8124175617166055,215.66718926519266,0.8466757778217767,327.8519286201421,-0.9851796812085035,170.12347353993755,-0.9842669022736139,169.82309314262253,0.71244920909987,315.4345407240721,190,101,89
Dickey Betts,1943-12-12 12:00:00,2024-04-18,80.34770704996578,cancer,Sagittarius,Fire,True,True,Gemini,False,-0.6340730202662559,129.35126597211783,0.5022651892934944,59.85002278343738,-0.19832385862765736,101.43895993752022,-0.9496695873384325,161.7445964055117,0.17949965571657597,280.34061753039236,-0.10145758243200975,264.1768892666323,-0.13858664815804606,262.03393007939343,0.9676536199925115,345.3873786191839,-0.9953259099463457,174.45814097265196,-0.9936309361332745,173.52997131832728,-0.40809451966250404,245.91480841371822,346,109,128
Roger Corman,1926-04-05 12:00:00,2024-05-09,98.09171800136893,natural,Aries,Fire,False,False,Aquarius,False,0.8250772097669621,34.403680004356175,-0.8410799694603265,147.25433804662816,0.9534616781312559,17.548573750749327,0.2937214898988384,72.9191118597468,0.541669564768274,57.20263416612755,-0.10850597100036488,96.22919850608025,-0.374800460017291,112.01198058755716,0.5542168145982219,56.343212153918216,-0.798967628015892,216.96836913152305,-0.9426883182398229,199.49196083154243,-0.12669035956033572,262.72161759552,95,130,35
Morgan Spurlock,1970-11-07 12:00:00,2024-05-23,53.53867214236824,cancer,Scorpio,Water,True,True,Libra,False,-0.9500949357489226,198.17744419571585,0.0801508801828453,274.5972383830357,-0.9833533571852549,169.5309983085518,-0.9839193329856462,190.28900461165063,-0.9944967482078971,186.01376831637415,-0.9730324984226132,193.3364068086221,0.4818909864675078,298.80897831562726,-0.7391616344380574,222.3399514230876,-0.4920649183721475,119.47639325680387,-0.5466099014199536,123.13474745956185,0.7140746695331947,44.43258378587814,311,144,167
Donald Sutherland,1935-07-17 12:00:00,2024-06-20,88.92539356605064,disease,Cancer,Water,False,False,Libra,False,0.9112156238287542,335.6738859892334,0.48082776653801046,298.73947871467055,0.9986170875709816,3.013596009735764,0.4359295831740256,295.84445945890354,-0.9673778481912304,194.675121064652,-0.9243837747877722,202.42438381356249,0.9857827961895413,9.672987110440772,0.9399271324740512,19.960677137247096,-0.954600015656328,197.330951687876,-0.9944866643818346,186.01928049600355,0.17360999994618748,80.00222115919348,198,172,26
Willie Mays,1931-05-06 12:00:00,2024-06-18,93.11704312114989,cardiac,Taurus,Earth,False,False,Leo,False,0.734366598518813,42.74627842609467,0.5723630527700603,304.9151735413353,0.5446855584018285,56.9968215866508,0.1896464221947796,79.06784947269585,-0.10390315006732534,264.0360239689203,0.7634324483357374,319.76773656902185,0.5584667073604885,56.05017347152301,0.7869278887052202,38.10066236417249,-0.8920685294259083,206.8656606278562,-0.9754985898926233,192.70936685986936,0.9998275382997425,358.9358809851085,126,170,44
Bill Cobbs,1934-06-16 12:00:00,2024-06-25,90.02327173169063,natural,Gemini,Air,False,False,Gemini,False,0.9854746037114466,9.777520210495652,-0.9936451198725922,186.46281271681687,0.99940592194696,358.0249372997463,0.5882777500333498,53.96511286294266,0.8846941866511792,332.213911272051,-0.5922196773610346,233.68531803622813,0.9318383083447518,21.27678882637906,0.9059031048773704,25.054807913939904,-0.9388596058460507,200.13908436799352,-0.9902592680430591,188.00362231989214,0.5184865671506163,58.76921193844447,167,177,10
Bob Newhart,1929-09-05 12:00:00,2024-07-18,94.86379192334017,natural,Virgo,Earth,False,False,Libra,False,0.6937541735480288,313.92802389677706,0.3424476386470682,69.97393221340141,0.7043687261943913,314.77856693585466,0.9990658294716815,2.47676342496014,-0.65664240620485,228.95569647732248,0.998528245953087,356.8910872890633,0.08363697739114179,85.20234968259172,0.694888792279885,45.98164394541216,-0.8803573602975237,208.31449833476216,-0.9790121834082719,191.75936239584308,0.8206868821593043,325.15361251378886,248,200,48
Richard Simmons,1948-07-12 12:00:00,2024-07-13,76.0,cardiac,Cancer,Water,False,False,Virgo,False,0.9996267488347645,1.5654951470914966,0.9868286451812943,9.309593055635531,0.6890290898627502,46.44669802409078,0.7951691770358479,37.328762237883296,-0.5361785558114917,237.57612648341996,-0.9847369625462331,169.976669394419,-0.8847134324338912,207.78372319403994,0.8524367607721595,328.4777023929303,-0.9834660609038317,169.56659652850064,-0.975491871075214,167.28888348615263,0.8660703600713627,330.0051520122144,194,195,1
Shelley Duvall,1949-07-07 12:00:00,2024-07-11,75.00889801505818,disease,Cancer,Water,False,True,Gemini,True,0.9966981118252503,4.657344702471761,0.236007025305605,283.65099089443527,0.6650834163783792,48.31127481201452,0.9926682374322797,353.05763362809614,0.9001868500602805,334.18263872203164,-0.6633146762845817,131.55316149316064,-0.9593520720319133,196.39226707218126,0.8145262283674125,324.54054332782744,-0.9761601464338845,167.46408580110452,-0.9699470183152968,165.91765077616483,0.9821995983847038,349.1732312311733,188,193,5
Shannen Doherty,1971-04-12 12:00:00,2024-07-13,53.25119780971937,cancer,Aries,Fire,False,False,Capricorn,False,0.0061006527370657355,89.65045617765011,0.9153670117755378,336.25790145667065,-0.23254978674975157,103.44723497432925,-0.714795006784126,135.62640174361337,-0.5952272865603925,126.52883653842127,-0.9961750184129912,185.01292067731012,0.4654290077619555,297.73799022666367,-0.7050485484439294,225.1665336614105,-0.45708825165095657,117.19937671658016,-0.5498581188339597,123.35727987370853,0.6428828938882739,49.9928729101718,102,195,93
John Mayall,1933-11-29 12:00:00,2024-07-22,90.64202600958248,natural,Sagittarius,Fire,False,True,Capricorn,True,-0.597152301458805,233.33378264508923,0.1107472630763865,276.35839379166663,0.14508925150062352,278.34244757833665,-0.9438022669341604,199.29977197820483,-0.8024733636561884,143.36694454481682,-0.5566606859302876,236.17482495393213,0.792618206607755,37.56913541864964,0.8421384049498404,32.63337640315708,-0.9536833016942297,197.50641027472875,-0.9938369004391187,186.36444480512236,0.6845091300276719,46.80298477266484,333,204,129
Phil Donahue,1935-12-21 12:00:00,2024-08-18,88.65708418891171,natural,Sagittarius,Fire,False,False,Aquarius,False,-0.5397485665044024,237.33347568002748,-0.007571778695675941,90.4338351081636,-0.6144392751972466,232.08881168163882,0.5267441522168445,301.78573310382365,-0.6160685790877513,128.02960624283193,-0.9906168325432851,187.8551148199776,0.9765310697057289,12.437621177522544,0.9029568343430018,25.45050640088231,-0.975919224518558,192.59935318191833,-0.9982296245252914,183.40984325298712,0.0838070004289941,85.1925737582992,355,231,124
Alain Delon,1935-11-08 12:00:00,2024-08-18,88.77481177275838,disease,Scorpio,Water,False,False,Capricorn,False,0.18872666319690928,280.8784830442087,0.38223397752533234,292.47212918847976,0.48951727366561226,299.3088583123033,0.9764781227988788,347.54830140714256,-0.9463381907583058,161.14477299978174,-0.9542909652404532,197.39029545491968,0.9700990481496528,14.046504742122295,0.912563330948289,24.137976254892116,-0.9740629572491896,193.07799141192052,-0.9987351145897447,182.8820997663958,0.12332514069297328,82.91595495849168,312,231,81
James Earl Jones,1931-01-17 05:00:00,2024-09-09,93.64271047227926,natural,Capricorn,Earth,False,True,Leo,False,-0.6269759917108156,231.17263259286483,0.7534598495622458,318.8909761942746,-0.5841903032477284,234.25419077610536,0.5447392433780477,303.0068462388904,0.7855521618953102,321.77177536096656,0.9123877078726758,335.8374290439144,0.49538816781303974,60.304650181790294,0.7011429853691459,45.481222040743106,-0.917313064887715,203.46362153272187,-0.9841435678245886,190.21682386476238,0.9807976359566344,348.7536292615211,17,253,129
Frankie Beverly,1946-12-06 12:00:00,2024-09-10,77.76043805612593,natural,Sagittarius,Fire,False,True,Sagittarius,False,0.07841882080446243,274.4976852850441,-0.888874917601099,207.26779173783564,0.1458029653154129,278.38377988918137,0.8426785142412772,327.42405441754573,-0.9795318394768794,191.61236292008937,-0.823547824044413,214.55846205865328,-0.7965792749289532,217.19532236426323,0.921911241235586,337.20711130274225,-0.9795190365810202,168.38399337668255,-0.9727997931056599,166.60591383782761,0.43771087286491206,295.9579167910941,340,254,86
Kris Kristofferson,1936-06-22 12:00:00,2024-09-28,88.26557152635182,natural,Cancer,Water,False,False,Gemini,False,-0.08699256317028091,94.99061485254464,0.9921702106060521,7.174579424097459,-0.41932916372180706,114.7922420372699,-0.610188895563232,127.60316259708796,0.9620805369331252,15.82889915977509,-0.9985648539224776,183.06999478506629,0.9905143207912905,352.10202520030657,0.9483299319219718,18.49886657839069,-0.9698241453105112,194.11125413211923,-0.9981829437510996,183.45451910924473,-0.04822957451150754,92.76442349155451,174,272,98
Dikembe Mutombo,1966-06-25 12:00:00,2024-09-30,58.26420260095825,cancer,Cancer,Water,True,True,Gemini,False,-0.07566933584680738,94.33968171436405,0.9418124787293931,340.35820076999994,0.357439634601399,69.05696176618667,-0.9406464626120881,160.160406281304,0.9043776282466415,25.260409936611836,0.9420215406540074,340.39386705967706,0.9655625917687234,344.91979882073866,-0.3262078704648854,250.96123048082993,-0.6226082036026027,128.50685048718483,-0.6902325145099049,133.64851722422438,0.6825205628048233,313.04092408805815,176,274,98
John Amos,1939-12-27 12:00:00,2024-08-21,84.64887063655031,cardiac,Capricorn,Earth,False,True,Pisces,False,-0.5865666948524517,234.08625290297365,-0.4275680299953355,244.68668006430715,-0.3615508046272187,248.80453317225954,-0.6767691321950503,227.40831538234477,0.06672357984143461,86.17417810912826,0.22439508626287835,77.0326903808003,0.7979029858142326,322.93031627084457,0.9881334641203522,8.83547719408498,-0.997810257702581,183.7923936888453,-0.9993070858436465,177.8669431621767,-0.9548606772230945,162.71925401643026,361,234,127
Maggie Smith,1934-12-28 21:43:00,2024-09-27,89.74674880219028,natural,Capricorn,Earth,False,False,Libra,False,-0.02827869352219865,268.37953418517736,0.5360733925624864,302.41673557179524,-0.05385601442664234,266.91278404731645,0.32914577736007855,289.2169358641714,0.081209236317965,274.65807605343986,-0.8212033884949979,214.79456038728839,0.9403172408733723,19.89509871085744,0.8707529217475496,29.453747921784746,-0.9711815599952749,193.78863872886157,-0.9971387937652993,184.33526666606264,0.43619434984854205,64.1386834096669,362,271,91
Pete Rose,1941-04-14 12:00:00,2024-09-30,83.46064339493498,natural,Aries,Fire,False,False,Aquarius,False,-0.9596769818726674,163.6738269995361,0.20646706583385155,281.91539318122227,-0.997575768187277,183.99036367341094,-0.9607474815992565,196.10654255016243,-0.9155946272051764,156.29031360997243,0.8571381103373727,31.00324714989695,0.49217021031331665,299.48332327934446,0.9989829098445987,2.58436691267557,-0.9989155501963566,182.6685885164343,-0.999155766479132,177.6454957166153,-0.9950496335857459,185.70342356363435,104,274,170
Liam Payne,1993-08-29 12:00:00,2024-10-16,31.129363449691994,accident,Virgo,Earth,True,False,Libra,False,0.6761479971715454,47.4566376526316,0.45639105490624093,62.84552707657576,0.5304370791551173,57.965008737526404,-0.44192370036765094,116.22668534271558,0.19678140953422046,281.3488074033411,-0.3972710827535375,246.59230884453058,0.9551949256218079,17.2161591225842,-0.6142391257574435,127.8966545956647,0.3551281676370269,69.19870031880345,0.39514990873654376,66.72467618793533,-0.46727069049753983,117.857276501272,241,290,49
Quincy Jones,1933-03-14 23:35:00,2024-11-03,91.63860369609856,natural,Pisces,Water,False,False,Virgo,False,-0.6741157759042877,227.61447728500775,0.8524459222404553,31.521293608407746,-0.5933175969750244,233.6072098941144,0.10059615029547911,275.7735004849983,0.8080329786257535,323.9041909116237,0.04678587282064564,272.6816119656173,0.862192709982875,30.436321055868007,0.8280025056925678,34.10590950915188,-0.9452059100392798,199.05494857602682,-0.9891625577752396,188.44294635001995,0.8865788075835563,27.553559536843807,73,308,130
Jerry Garcia,1942-08-01 12:00:00,1995-08-09,53.01848049281314,cardiac,Leo,Fire,False,False,Virgo,False,0.9906341487411594,7.847851985200265,0.32826648087124893,289.163591667098,0.9264836318418752,22.106851963440178,0.8463143660228085,32.18696602317077,0.7493468839721515,41.46616540203726,-0.8080085904805188,143.90181914152444,0.2392921783630885,283.84476793371846,-0.5901850707649825,233.8298575168364,-0.4337737580292672,115.70729183556398,-0.3803418018657229,112.35485625521358,0.5806862441393447,54.5011761175044,213,221,8
Phil Lynott,1949-08-20 12:00:00,1986-01-04,36.37234770704997,overdose,Leo,Fire,False,False,Cancer,False,-0.7279759667361054,136.71697950152537,-0.23898639803991414,103.82672448594991,-0.1660282028812027,99.55697006476606,-0.17778569195457153,100.24080911051462,-0.40713508742140314,114.02499207555023,0.9038399812083151,25.33250160178096,0.042341493164384104,87.57328567166743,-0.969473554023962,165.80658905903417,0.16551634491177458,80.47276870072486,0.16575784460966903,80.45873797769349,0.9590455537558651,16.454383161869462,232,4,137
Rory Gallagher,1948-03-02 12:00:00,1995-06-14,47.279945242984255,disease,Pisces,Water,False,False,Leo,False,-0.19336054494933957,101.14896708239911,0.844730058182639,32.35697462765992,-0.31600292737681646,108.4213702172068,0.7508210174431676,41.33845291508949,0.957063890324158,16.850595920591957,0.9552980281779295,342.80381086362695,-0.8001953210959107,216.85124180513796,-0.7908162151800453,217.73814638264756,-0.21788618415793792,102.58490869092913,-0.2659701983606445,105.4246101066681,-0.9681202837145956,165.49374115194178,62,165,103
Gary Moore,1952-04-04 12:00:00,2011-02-06,58.83915126625599,cardiac,Aries,Fire,True,False,Scorpio,False,0.5399706440740848,302.68164048371784,-0.6834451788743089,226.886548369443,0.304226909754293,287.71165900028836,0.16141043422719406,279.2887723464264,0.015818485271741626,89.09362975362245,0.9317851834325703,338.71482461708604,0.9950163963483221,5.722554079858554,-0.20445350087087685,258.20249061313757,-0.6082627088102527,127.46399123230904,-0.7348580575400222,137.2952235140754,0.5287342925988965,301.9199759049524,95,37,58
Peter Green,1946-10-29 12:00:00,2020-07-25,73.73579739904176,natural,Scorpio,Water,True,False,Scorpio,False,-0.04301018110457738,267.5349377381027,0.18992924868331168,280.94865526298975,-0.7155509731531605,224.31162837777194,-0.9591361307931888,196.4360514402693,-0.7781646884967874,141.09284180733192,0.281553449833237,73.64705865422374,-0.9844091895205709,169.8693375182509,0.7561892601016342,319.12939346776574,-0.9474179913238998,161.33715546140726,-0.9408754324547186,160.19909737826399,0.971150136378205,13.796190757857659,302,207,95
Danny Kirwan,1950-05-13 12:00:00,2018-06-08,68.0684462696783,disease,Taurus,Earth,False,False,Virgo,False,0.9025864073572107,25.499850541001265,0.9945646587376483,354.0234859264716,0.8946081580502093,26.541856784686637,-0.26220850820878233,105.20114765465824,-0.7024692376666569,134.62544852989814,-0.3351976185762666,250.41544452764546,-0.416818787146708,114.63390650047265,0.47719411870100287,298.50230527098535,-0.8780222889140238,151.40470588013426,-0.9061000836141213,154.97185577071664,-0.5505802638323681,123.40683060361555,133,159,26
Bob Welch,1945-08-31 12:00:00,2012-06-07,66.76522929500342,suicide,Virgo,Earth,False,False,Gemini,False,0.1639040960082751,279.43357710151264,-0.8315210199424664,213.74469797947017,0.6156721050787386,308.0007728869123,0.691026127516296,313.71139073579536,0.1409314946233732,81.89824859948452,-0.5334923859980063,237.75827359573134,-0.03351376173902941,91.92055673706099,0.35506005438972654,290.7971250192038,-0.8483101204349461,148.0283417333324,-0.8491187436755254,148.11594807699572,-0.8537757800348871,148.62475026381696,243,159,84
Gary Thain,1948-05-15 12:00:00,1975-12-08,27.561943874058862,overdose,Taurus,Earth,False,True,Leo,False,-0.9321691905487329,201.22448302126747,-0.9961566029554115,185.02498131793348,-0.9873945966642816,189.10695658405092,-0.44414466569179795,116.36862770295822,0.4550565684204595,297.068573999206,-0.295461543425854,107.1852155921141,0.9702794357099493,345.99614233068985,-0.6552209889529903,130.93640863131174,0.4831026904059593,61.11175953839174,0.5200769864878484,58.662584259720376,-0.9928240310288817,186.86812128221652,136,342,159
David Byron,1947-01-29 12:00:00,1985-02-28,38.0807665982204,disease,Aquarius,Air,True,True,Aquarius,False,0.8562578023755596,31.101029603227403,0.7282860604302922,43.25709975719152,0.8212404539993209,34.79083857916771,-0.4560721481322203,117.1339393671436,0.24030932613827644,76.09520224589903,0.3395472116444393,70.15070983424073,-0.3893190040204148,112.91213248057738,-0.9999874661982159,179.71313372439505,0.12980622372363512,82.54160512578039,0.13348670538506954,82.32887750672742,0.9583881981080166,343.41316612058597,29,59,30
Ken Hensley,1945-08-24 12:00:00,2020-11-04,75.19507186858316,natural,Virgo,Earth,False,False,Gemini,False,0.3158974441606878,71.58499982640856,-0.1842983233671941,100.6202258791127,0.4722178729532065,61.82163995965655,0.24018177342250546,76.10273097858713,0.4168265809527064,294.634397763592,-0.3697205223560797,111.69838220974677,-0.9944316665650738,186.0492561903751,0.7820620404936802,321.4497635414297,-0.9585168039259117,163.43899790526729,-0.9522524687035074,162.22308233117238,0.9684554418627416,345.570604067035,236,309,73
Jon Lord,1941-06-09 12:00:00,2012-07-16,71.09924709103353,cancer,Gemini,Air,False,False,Pisces,True,0.8078886093547399,36.109847175973385,-0.994962411779591,185.75349112662798,0.8589002273627868,30.806676160433213,0.9486465570712075,341.55839541646645,-0.9335075917661477,201.01164171785513,0.9973578136522023,4.165959299019036,-0.8759044984540478,151.15220412018587,0.6564979960456887,311.03333377922246,-0.9258733293570094,157.80041618683214,-0.9076213392436032,155.17868046860593,0.4258603669647768,64.79486600654238,160,198,38
Cozy Powell,1947-12-29 12:00:00,1998-04-05,50.26420260095825,accident,Capricorn,Earth,False,False,Virgo,True,-0.14904930003616929,98.57183613427628,0.9966370293209837,4.700249974391667,-0.23514785652562165,103.600338567221,0.9176716755738381,23.411964169923124,-0.6774945396938351,227.3518335832327,0.006994985960686963,89.59921355825207,-0.4964728385415916,240.23308204830315,-0.6636919253915655,228.41794843441488,-0.32588204929181125,109.01902223613257,-0.39606728077101117,113.33255426719887,-0.30519525248039614,107.76991114531185,363,95,97
Lemmy Kilmister,1945-12-24 12:00:00,2015-12-28,70.00684462696783,cancer,Capricorn,Earth,False,False,Leo,True,0.9974599497600117,4.08461148264405,0.8858967349215385,332.36207659565287,0.6986241584759931,45.68327599511153,0.9051078327849178,334.83781023904805,0.06960463655789753,86.00872082717788,0.8588962028980639,329.19287360721495,-0.7411392184604433,137.82855012762008,0.5273900550650901,301.82928038363235,-0.8564962471183029,148.92542890580955,-0.8948892393749491,153.49420649100244,0.07109482080018245,85.92312748429454,358,362,4
Fast Eddie Clarke,1950-10-05 12:00:00,2018-01-10,67.26351813826146,disease,Libra,Air,False,False,Sagittarius,True,-0.1480358604042295,98.51311890971559,-0.22961113640273706,103.27417881035413,-0.0850229874781269,94.87734674030199,-0.3240737081040704,108.90946532487672,0.9578133188008381,343.2981705188822,-0.168742206747814,260.2853036448545,-0.12898561090126892,97.41097859325205,0.2614554631579883,285.1564417150553,-0.8215727652711434,145.2425449006288,-0.8638848262907071,149.755609911312,-0.754426325817878,138.97526860634235,278,10,97
Ronnie James Dio,1942-07-10 12:00:00,2010-05-16,67.8466803559206,cancer,Cancer,Water,False,True,Leo,False,0.6147486180083258,307.93365669742514,0.978464124888812,11.91245840629395,0.5953801891837036,306.53973967074216,0.981856420422325,10.930951072870101,0.9986966493085209,2.9256034178394827,-0.17561772327109357,259.8853922201159,-0.3455206779569474,110.21358311794978,0.44675297355323845,296.5355481633804,-0.876921980832358,151.27326398764015,-0.8677898769348761,150.2028158966176,-0.6115975336506323,127.70510490010057,191,136,55
Jeff Hanneman,1964-01-31 12:00:00,2013-05-02,49.24845995893224,disease,Aquarius,Air,False,False,Aquarius,True,-0.027886513091111814,91.59798666552592,-0.8641674114745691,149.7877700810764,-0.26453155215591145,105.33911941627977,0.4428784180140338,63.71231974215232,0.09405876024803432,84.60285183165223,0.45210402397952854,63.12124371493374,-0.27419504894229424,254.08594991195153,-0.8550514003056263,211.23458626860145,-0.2971324581750103,107.28545304843215,-0.46595468499702164,117.77202513436973,-0.607681220932902,127.42202832930658,31,122,91
Chuck Schuldiner,1967-05-13 12:00:00,2001-12-13,34.5845311430527,cancer,Taurus,Earth,False,True,Libra,False,-0.8703235172142623,209.5037439287164,-0.8528128776262481,148.5189443814683,-0.8473153763845085,212.07913548509433,-0.940924509398181,160.20739979873866,-0.7344060417091985,137.25705120814965,0.9638852636416771,344.5547254834611,0.4650623747848635,62.285741087607455,-0.8772902943996905,151.31720104375066,0.2783338288381151,73.83921245086532,0.046998503092705944,87.30619180078389,0.6288727100709176,51.032997986797945,133,347,151
Joey Jordison,1975-04-26 12:00:00,2021-07-26,46.247775496235455,disease,Taurus,Earth,False,False,Pisces,False,0.03344622704103403,88.08331488658484,-0.34561640573950925,110.21942799843717,0.3029517173075225,72.36502332912434,0.1624527151896595,80.65071064621682,-0.9732041591368198,166.7062992407732,0.7768756547814066,320.9753967499315,-0.8903458148138014,207.0832659774114,-0.9689114580791057,194.3241680420359,-0.20163900614366728,101.6328200352242,-0.31244248718915324,108.20648792343866,-0.9954893044680168,185.44405832927285,116,207,91
Neil Peart,1952-09-12 12:00:00,2020-01-07,67.31553730321697,cancer,Virgo,Earth,False,False,Sagittarius,False,-0.45376847896597494,116.98572395864991,0.8651688019153956,329.90198581495747,-0.5846397831407507,125.77754641796147,-0.6572578919181296,131.09107782407102,0.9925073895882272,352.9817999102437,-0.6796070805397584,227.18705344371642,-0.13330311928680985,97.66050893085304,0.25708416824473485,284.89711708150566,-0.8301502174986893,146.11417206409237,-0.870456277993894,150.51170530485848,-0.7427316459244447,137.96463271308926,256,7,116
Keith Emerson,1944-11-02 12:00:00,2016-03-10,71.34839151266256,suicide,Scorpio,Water,False,False,Scorpio,False,-0.6481152766399506,130.39965207364668,0.5581182539273398,303.92576210264946,-0.35628417209586744,110.87216886137321,0.26852232526616165,74.42364449711994,0.9517804761216576,17.8652808357337,0.9990306871737007,357.4770729285782,-0.9101758257520322,155.5296606604041,0.5939802854310184,306.4399730506982,-0.9035150531146994,154.62402240424865,-0.919531693219741,156.85771442472586,0.5003678159124613,59.975662510108506,307,70,128
Greg Lake,1947-11-10 12:00:00,2016-12-07,69.07323750855578,cancer,Scorpio,Water,True,False,Leo,False,0.8782074275648917,28.573123221071654,-0.8525657117496812,148.49183667771987,0.5209593926540276,58.603372314406215,0.5731932071444501,55.0268006676186,-0.999987253090676,179.7107052583525,0.6968439702681768,314.1743405431761,-0.44400258811590926,116.35954228596657,0.42599523401997513,295.2136747527442,-0.8431527661126823,147.47455688555033,-0.8762554657530298,151.19390958653878,-0.24155097198882086,103.97809807396804,314,342,28
Rick Wright,1943-07-28 12:00:00,2008-09-15,65.13347022587268,cancer,Leo,Fire,False,True,Taurus,False,0.6629201439394719,48.477038338676124,0.0003718556861534112,270.0213057618956,0.44564818306819365,63.53518321010182,0.8246118835698547,34.45083801298375,-0.8965071878889129,153.70268438539023,-0.9176569518613448,156.5859127830547,0.15432080234036968,81.12259284899312,0.21968701444631614,282.69065051855046,-0.789999462384077,142.1854612529775,-0.7851488953426706,141.7344513575988,-0.9999949235977631,180.18256428784497,209,259,50
Syd Barrett,1946-01-06 12:00:00,2006-07-07,60.49555099247091,cancer,Capricorn,Earth,True,False,Cancer,True,-0.9999824726870445,179.66076868554597,0.13988123159686505,278.04097369242857,-0.8151678509808619,215.39603800593432,-0.9186332005974084,156.72707610381525,0.9114571176166301,24.29250255061382,0.9721246732483897,13.560061243602775,0.9452478195037631,19.047592167791493,0.0061671265820634185,270.35335256476884,-0.6517629380512194,130.67465209435446,-0.6909657653598745,133.70660626390082,-0.0020123255650576527,269.88470216030026,6,188,182
Jack Bruce,1943-05-14 12:00:00,2014-10-25,71.44695414099931,disease,Taurus,Earth,False,True,Pisces,False,-0.9346885424769639,159.17788495863468,0.42547725755345966,64.81912400331382,-0.6593574983890658,131.25089035949554,-0.47886314987838174,118.61117883543004,0.15505781452993064,278.9201493203564,0.87671027752281,28.75196283369118,-0.9410116272899031,160.2221459038617,0.6411680469843177,309.87897306246697,-0.9096438838519686,155.45618521731615,-0.9148825764533102,156.1890568529562,0.5288911792341525,58.069433151212166,134,298,164
Ginger Baker,1939-08-19 12:00:00,2019-10-06,80.12867898699521,disease,Leo,Fire,False,True,Capricorn,False,0.6776887556757939,47.33670280269379,0.0646571912383852,86.292829757508,0.1361736840412851,82.17350618108344,0.4003916713658244,66.39733397207306,-0.3837507808118478,247.4337909196056,-0.32767301675357596,250.87240220799194,-0.2934531975835357,252.9351925154264,0.9590302760347891,343.5425267649642,-0.9955213398346074,174.57532272014618,-0.9811791781878286,168.8662764765118,-0.33971137056245954,250.14070981361166,231,279,48
Alvin Lee,1944-12-19 12:00:00,2013-03-06,68.20807665982204,cardiac,Sagittarius,Fire,False,False,Sagittarius,False,0.1978451216602669,78.5890241771665,0.7738171333869446,320.69791255547,0.40157117618255395,66.32356290512081,0.8602945427615061,30.650329764925743,-0.1441861406776338,98.29015324633025,-0.31404500977681865,251.69682846193734,-0.547786568824108,123.21529446533829,0.45059773113979,296.7820402284479,-0.8386323210984942,146.99597666656442,-0.8769820273181117,151.28042288893766,-0.5108091716414058,120.71774330125335,354,65,76
Gary Brooker,1945-05-29 12:00:00,2022-02-19,76.72553045859,cancer,Gemini,Air,False,True,Aries,False,-0.12053278371906971,263.07714797168796,-0.018348627056932586,268.94864211033575,-0.2477851993017596,255.65350969535515,-0.11830235138520259,263.20586343146516,-0.022189096097608666,268.72855409383806,-0.9940041239895628,173.7225799690356,-0.7865333252045665,218.1372846779176,0.8514037844519673,328.3646825545939,-0.979330580608093,168.33048864096602,-0.9825346255284692,169.2759036352486,0.7189939619624656,315.9714824208849,149,50,99
Keith Relf,1943-03-22 12:00:00,1976-05-14,33.14442162902122,accident,Aries,Fire,False,False,Aquarius,False,0.6043694249717881,52.816520184956076,0.5708183484580865,55.1926885853496,0.28000442191304215,73.7395313780163,0.9712856573953196,13.763592003621781,-0.9797425201924201,168.44775958895258,0.44277007907296145,296.2807570973601,0.6339194065643426,50.660115128888705,-0.8907838813958732,152.97191491942405,0.3018947382201146,72.42855890697115,0.4355484466279536,64.17980247803185,0.19262466258623198,78.89400371421945,81,135,54
Paul Kossoff,1950-09-14 12:00:00,1976-03-19,25.508555783709788,cardiac,Virgo,Earth,True,False,Scorpio,False,-0.9904735449184591,187.91495900690168,0.9137869371519103,23.965960788409973,-0.9847279013824553,169.97368696137713,-0.9999999363137133,180.02044845953793,-0.7862347633511622,218.16497657542104,0.5246380655385734,58.356118800651586,0.5535452373651596,303.6105726930514,-0.4614139817750565,117.4783868609183,0.5323405167035744,57.83626906566744,0.618130167178375,51.82028242143318,-0.6873444069265084,226.57973845498555,257,79,178
Andy Fraser,1952-07-03 12:00:00,2015-03-16,62.69678302532512,disease,Cancer,Water,True,False,Scorpio,True,-0.2740034219609801,254.09736657115184,0.27491447513001993,74.04308249448215,-0.8628967499471571,210.35659757880856,0.2595411376991501,285.0428366293274,-0.9619515401791339,164.14402698113548,0.013511799831526712,89.22580733758014,0.554891746413234,56.29674113229254,0.02149807352471622,271.2318437793475,-0.7549099911724847,139.01750561998492,-0.822340440648618,145.31977178814202,-0.6781133135696561,227.30361394776858,185,75,110
Lowell George,1945-04-13 12:00:00,1979-06-29,34.20670773442848,cardiac,Aries,Fire,False,False,Pisces,False,0.27617508939067753,73.96794594285866,-0.43247402120603773,115.624670507041,-0.15969759996571498,99.1893442841785,0.5752452780053623,54.88318902689943,0.21820227767501355,77.39653397441481,0.7825853812324962,321.4979037972586,0.43776385603045326,64.03870683027507,-0.9190374677459627,156.78576947507258,0.27476601493834846,74.05192932934148,0.36641559580623795,68.50527311762424,0.5247929297441385,58.345695567589246,103,180,77
Tim Buckley,1947-02-14 12:00:00,1975-06-29,28.366872005475702,overdose,Aquarius,Air,False,False,Aquarius,False,-0.671409365829559,132.17593373722767,-0.016173588602247338,90.92671877210131,-0.10346013348231395,95.93845550833407,-0.7302577887464052,223.09199025234864,0.2900039935564799,73.14180488899126,-0.8194732270511738,145.0320964752704,0.9724096305929913,346.50974974693105,-0.6506437132016945,130.5901526880411,0.512149996149139,59.19285368460754,0.5789287739137339,54.624766475491555,-0.9884962792526917,171.30090627585656,45,180,135
Jeff Buckley,1966-11-17 12:00:00,1997-05-29,30.527036276522928,accident,Scorpio,Water,False,False,Virgo,True,-0.9725337449014495,193.45973270933817,0.7177319109303277,44.13246110551228,-0.9832617667408361,169.50215677925172,-0.8969014107641102,206.24628583328195,0.9997667584671437,1.2375108500467604,-0.9549054248735803,197.2721129658796,0.9127972265201055,24.105184295585445,-0.7068733741957652,134.98109050904398,0.3786732133823369,67.74847736931977,0.2785186184415771,73.82818888856883,-0.6362852521415324,129.51537452862448,321,149,172
Nick Drake,1948-06-19 12:00:00,1974-11-25,26.431211498973305,overdose,Gemini,Air,False,False,Virgo,False,-0.9044665266938027,154.751528746414,-0.620414160878664,128.34638500626812,-0.6997655070428649,134.4081936245356,-0.8790421348389673,151.52703172723972,0.4306212818923151,64.49300528801461,0.254249063814832,75.27090677881438,0.8597649080531049,329.2901970214381,-0.5564104184119193,123.8079159440097,0.5167847091589757,58.883177788961234,0.5678563675751431,55.39912138365784,-0.876824946817957,208.73830121672506,171,329,158
Sandy Denny,1947-01-06 12:00:00,1978-04-21,31.28542094455852,accident,Capricorn,Earth,False,False,Capricorn,True,-0.27040081487171186,105.68811905626148,-0.07202772632695113,94.13046145808559,-0.17673035408039486,100.1793697732603,-0.9908589659901056,172.24705552781438,-0.9470827875986706,198.72277001273807,-0.7645517629468264,220.1328686673769,0.957990571032638,16.666455161385684,-0.8311616868723134,146.21825690767537,0.38657042849087014,67.2587309590553,0.467964113515824,62.097776307776854,-0.42021543034053904,114.84818925238547,6,111,105
Richard Manuel,1943-04-03 12:00:00,1986-03-04,42.91581108829569,suicide,Aries,Fire,False,False,Aquarius,False,0.8725494455568388,330.7562668143915,0.03442564766428816,271.9728341250072,0.9805989199878943,348.69539887947167,0.6291586065964103,308.9880733019233,0.4679336703069587,297.9002499932461,-0.6836971960280321,226.86676505793156,-0.9997946642072625,181.16112076396723,-0.9377360640978704,200.3252312641846,-0.08945143112671694,95.13204912058026,-0.038912698767141166,92.23009645177491,-0.3437109619015743,249.8968720603193,93,63,30
Rick Danko,1943-12-29 12:00:00,1999-12-10,55.945242984257355,cardiac,Capricorn,Earth,False,False,Gemini,True,0.9459172914944718,341.0702940836809,0.9179216526233959,336.6241083840543,0.5663788003718034,304.4980925485306,0.9448287353652605,340.87896821792697,-0.4202730698172788,245.1481712737086,-0.5221997643546847,238.52007665462145,0.7569644717222384,319.1973182930495,-0.3718720680330576,248.16888101885837,-0.4732365965189724,118.2445969712519,-0.5356486182119632,122.3879098001791,0.9993211494922198,357.88870326878055,363,344,19
Levon Helm,1940-05-26 12:00:00,2012-04-19,71.89596167008898,cancer,Gemini,Air,False,True,Cancer,False,0.8167620565001151,324.76196447348457,0.4478329653155967,63.39526596752165,0.36959759783966006,291.6908022456852,0.8803551363834091,331.6852330222163,0.528112728338867,58.12197204687733,0.9649137998420243,15.222425539960334,-0.9765101638956704,167.55681855572786,0.6841839644989368,313.17146433056786,-0.9387213408632604,159.83791922665773,-0.9306530550173256,158.53684417749355,0.6509959338654795,49.38326683018295,147,110,37
Robbie Robertson,1943-07-05 12:00:00,2023-08-09,80.0930869267625,disease,Cancer,Water,False,False,Aries,False,0.828335898232103,34.0718279181615,0.25084388236613725,284.5274544049802,0.24690639312389712,75.70547632748072,0.9963410438959178,355.0971484824215,-0.7689455340885335,140.25929293836379,0.2333840189418511,283.49638534884605,-0.24883689362620595,255.59130377825167,0.9704986726388461,346.0481461147043,-0.999293577388767,177.84624898214338,-0.9916125945419036,172.57399106631618,-0.32823821312943036,250.83812296272654,186,221,35
Doug Sahm,1941-11-06 12:00:00,1999-11-18,58.02874743326489,cardiac,Scorpio,Water,False,False,Aries,False,0.9781228918364997,12.006807313134459,0.1913388086865243,281.0309258556763,0.9188499332240393,23.24147506154722,0.17541182829134053,280.10262485309056,0.22312089307889152,282.8924044819466,0.5949593178368886,306.5097320145258,0.9734846283691005,346.77636625675393,-0.271944483199125,254.21999224899872,-0.543280700326069,122.90725083762788,-0.5591079664952084,123.9941301067006,0.7383180372107748,317.58833456702706,310,322,12
Gram Parsons,1946-11-05 12:00:00,1973-09-19,26.869267624914443,overdose,Scorpio,Water,True,False,Scorpio,False,0.6937306707624707,313.9261541841276,-0.041671653713900525,92.38830144841609,0.5661839026807823,304.4845440742142,0.9138758878223969,336.04658926419523,-0.940749412757012,160.17779372610346,0.11110629058136465,83.62090770835539,0.8229165566815391,325.3778270689214,-0.5084802647300231,120.56265386064413,0.5679779302009721,55.39065929373979,0.6343324959654794,50.62950549511595,-0.938082364305298,200.2680313330713,309,262,47
Clarence White,1944-06-07 12:00:00,1973-07-15,29.100616016427104,accident,Gemini,Air,False,True,Leo,False,0.8063345236362165,36.26066506381996,0.8887415676208216,27.284463648528117,0.3993031249758634,66.46537931709967,0.38794101625441507,67.1735560557491,-0.4042970246380415,246.15291741150875,-0.9772623729605641,167.75844597216027,0.9999782000247982,359.6216737993648,-0.6386507052316339,129.69127941306414,0.4467996208473691,63.461464404767725,0.5728447146477498,55.05116445487802,-0.9212556813696464,157.11034983352283,159,196,37
Gene Clark,1944-11-17 12:00:00,1991-05-24,46.510609171800134,disease,Scorpio,Water,False,False,Scorpio,False,-0.9907440752430439,187.80158942596222,0.5649368436288097,304.39790573368487,-0.8621264748892714,149.556188387941,-0.9636636640679586,195.49287801158127,-0.42855535689985347,244.6240856525032,0.7055210676398186,314.8716557000887,-0.894205555517314,206.59343244993576,-0.8523985063292873,211.52648957379319,-0.18611514501694196,100.72615472158321,-0.14494923286834444,98.33433938863502,-0.9999783675146242,180.37687004762645,322,144,178
Michael Clarke,1946-06-03 12:00:00,1993-12-19,47.54277891854894,disease,Gemini,Air,False,False,Leo,False,-0.964506733502642,195.31100156020108,-0.7746321269153708,219.22830817108084,-0.9986297833578133,182.99972782455905,-0.9292100976255565,158.3120165724239,-0.6285437891084488,128.94276746674845,0.9393289964521008,20.060826252461226,-0.8354710557209186,213.3350803624465,-0.8326389439149584,213.6292165847234,-0.24380612082941497,104.11129016251687,-0.2895346364524399,106.8300974416579,-0.9421355993792621,160.4133519588069,154,353,166
Skip Battin,1934-02-18 12:00:00,2003-07-06,69.37440109514031,disease,Aquarius,Air,True,False,Pisces,False,-0.7054332283387694,134.8645545440807,-0.932957425771161,158.90061927740084,-0.4706437492901141,118.07609180970178,-0.8002218837129778,143.1512959147619,0.9969934731816708,355.55594892946175,0.43859217033403697,296.01409052052173,-0.6965366677028134,134.1497965962124,0.6168433573164296,308.08598435593206,-0.8762695904537668,151.1955891811238,-0.8189099571562656,144.97582468067236,-0.14165158134847747,98.14342742431461,49,187,138
Randy Meisner,1946-03-08 12:00:00,2023-07-26,77.37987679671458,disease,Pisces,Water,False,False,Cancer,False,-0.718752674370973,135.95159471624032,-0.9819987028775868,169.11212365623584,-0.7779746591782066,141.07550933404258,-0.8874296063159314,152.55200854645992,0.5809806078751402,54.48045703271444,-0.9579579246994979,196.67297588531156,-0.6696314737210293,227.9613718617146,0.9341293337515783,339.08793498077654,-0.9839479422614089,169.72017675200962,-0.9821802914758573,169.16734374189994,0.5492677694372516,303.3167933852706,67,207,140
JD Souther,1945-11-02 12:00:00,2024-09-17,78.87200547570157,natural,Scorpio,Water,False,False,Cancer,False,0.7117468326110935,315.37722074353667,-0.8953995835241796,153.55980124951668,0.2710276044234115,285.72542444511316,0.9955861857915412,5.385233330833756,0.941377578661791,340.2842047071543,-0.40878087023607124,245.87172604398336,-0.6369885482502692,230.4323721004542,0.9418325108452636,340.36161558473543,-0.9883143778487828,171.23226579325234,-0.9781500067549961,168.0006630633032,0.07774737304676077,274.459096343958,306,261,45
Warren Zevon,1947-01-24 12:00:00,2003-09-07,56.616016427104725,cancer,Aquarius,Air,True,False,Capricorn,False,-0.7570645691446388,220.79390427052527,0.9257128367353391,337.7760913038213,-0.6815381302968705,227.03604479259715,0.05175888638163622,272.966891457158,0.8355424655809464,33.32763426362311,0.14528444346514852,278.3537510225333,0.9105778986921542,335.5853353938111,-0.30712692454087,252.1138293598841,-0.5024643777655576,120.16317629421056,-0.5717270316632604,124.87074493770461,0.9655450928042443,344.91594561569445,24,250,139
Dan Fogelberg,1951-08-13 12:00:00,2007-12-16,56.33949349760438,cancer,Leo,Fire,False,True,Cancer,False,-0.5622340667236024,124.21043957656934,0.2970848073426069,72.71740625894341,-0.157836257411772,99.08132711457586,0.57981892014963,54.562192544440194,0.9340480179222713,339.07488591144084,-0.25164681855152454,255.4250161576532,0.9309244051880593,338.57937435046193,-0.45566074135668366,242.8925444485432,-0.5377112225193089,122.52796734943706,-0.6301135443972843,129.0585001326115,0.9855982463653755,350.2642835338504,225,350,125
Harry Chapin,1942-12-07 12:00:00,1981-07-16,38.60369609856263,accident,Sagittarius,Fire,True,True,Scorpio,False,-0.7760882165461748,219.09620152792763,0.7741691163975237,39.270237581193726,-0.9656032374526096,195.07124744177057,-0.49504670967084746,240.32716952722282,-0.8246291154466505,214.44909267506534,0.3476133518247917,69.65859364911329,-0.4355927059429182,115.82301467359999,-0.9947683029940938,174.13661454347147,0.15941156924174069,80.82725674314986,0.2668960255739222,74.52035455931691,0.8933500641206517,333.29728093083537,341,197,144
Jim Croce,1943-01-10 12:00:00,1973-09-20,30.691307323750856,accident,Capricorn,Earth,False,False,Sagittarius,False,-0.37464754201231343,247.99746953889183,-0.4061073876268031,113.96054037891187,-0.4541793969674988,242.98785239127503,0.0994553552572559,275.70780828399074,-0.7773011789648457,141.01413375935977,-0.9778067636815785,192.09356761909268,0.8841403383571341,27.85408400218465,-0.7758540987514034,140.88253240646546,0.45486010409937816,62.944066557358184,0.5366952248738255,57.54104941355715,-0.5926027056404932,126.34192244320224,10,263,112
John Denver,1943-12-31 15:55:00,1997-10-12,53.779603011635864,accident,Capricorn,Earth,False,False,Gemini,True,0.17518229698609292,280.08926683695415,0.9764304565480983,347.53564138703575,-0.11449581264657986,263.42545484206534,0.9911753205146892,7.61740408237759,-0.9973854840955788,184.14407820050866,-0.9684573896285813,165.57105192567354,0.4201310619188112,294.84286225150083,-0.5127212254029182,239.15474020032883,-0.3898520732537545,112.94529528191947,-0.4319116836891412,115.58894169926538,0.7684335835307258,39.78656634779537,365,285,80
Gordon Lightfoot,1938-11-17 12:00:00,2023-05-01,84.44900752908967,natural,Scorpio,Water,False,False,Libra,False,-0.971892834874194,166.38340037865692,0.9852097193046779,350.1335124123739,-0.8377194529448838,146.9000772535711,-0.9114778739190993,204.28961161918332,0.08078412795426677,274.63363884658196,0.4594470944977962,62.64856472492869,0.8043836524617781,323.5507731680839,0.9986240856175063,3.0059596319153314,-0.9977685336172023,183.8283672910858,-0.9998159918651461,178.9008352262913,-0.9727003387316161,166.58133689050743,321,121,165
Gerry Rafferty,1947-04-16 12:00:00,2011-01-04,63.71800136892539,disease,Aries,Fire,True,False,Aries,False,-0.20594307199180445,258.11528884849474,0.7336500190876571,317.1932672402473,-0.15636907178756665,261.0037934413016,-0.3860350753821682,247.29198595046714,0.3016849784583579,287.55883497711,-0.5166826795372859,121.1099940935728,0.2637124993488698,74.70953666745167,0.14285971524495059,278.21335961609765,-0.7412784310334755,137.8404324391724,-0.8137379813993805,144.46276680442315,-0.8865031280794853,207.5629318816549,106,4,102
Bobby Hatfield,1940-08-10 12:00:00,2003-11-05,63.233401779603014,cardiac,Leo,Fire,True,True,Leo,False,0.0877095856533474,84.96814514824592,-0.7179150259237499,135.8826083247164,-0.3531298110618501,110.67886827982343,-0.8481273635945683,148.00857155743705,-0.9663491718661176,194.90599449244132,-0.4869682065494141,119.14150461571523,0.5209652488674401,58.60297922126848,0.05144048307188147,272.94862395617764,-0.7261762200152032,136.56678361444617,-0.7133558543755546,135.50861700197697,-0.7994684683234846,216.9206252471264,223,309,86
Sonny Bono,1935-02-16 12:00:00,1998-01-05,62.8829568788501,accident,Aquarius,Air,True,False,Libra,False,0.7437097822543524,318.04839837444337,-0.3735172254337183,248.06730207210984,0.39816134164838735,293.46328527964175,0.6926416535231135,313.8395841245692,-0.3485797955564554,110.400473648092,-0.010878385112903117,90.62329784873415,0.7233279803703112,43.670067344284746,0.15901671733190084,279.14982759821646,-0.7126604687029598,135.45179272027926,-0.6768022345689332,132.59426092516128,-0.7229877555256393,223.69829079097858,47,5,42
Davy Jones,1945-12-30 12:00:00,2012-02-29,66.16290212183436,cardiac,Capricorn,Earth,False,False,Cancer,True,0.47162559471371046,61.86013075795972,-0.9834725223678544,190.4313589339437,-0.18327310023250482,100.56046700473763,-0.40638071739307435,113.97767897442728,0.6923339254743808,46.1848555699499,-0.977005885389569,192.31067004638274,-0.11534072038260669,96.62327766206323,0.3198787489851414,288.6555922982271,-0.7920968669988893,142.3819010170174,-0.8462123561151096,147.80206339967637,-0.9413245841046757,160.27520617102132,364,60,61
Peter Tork,1942-02-13 12:00:00,2019-02-21,77.01848049281314,cancer,Aquarius,Air,True,False,Taurus,False,0.9892783464363872,8.397641103918716,-0.5084047700407909,239.44236942062304,0.842818231146491,32.561074553901335,0.9557217839724381,342.8861256440482,0.9758067025002296,347.37112520698633,-0.9864697956529015,189.43584290418875,-0.5734733674793511,235.00720885858163,0.8916695898332356,333.0838023761249,-0.9714058376804225,166.2653801084943,-0.9782634478559556,168.03196681329808,0.6468010803002314,310.3008489819259,44,52,8
Michael Nesmith,1942-12-30 12:00:00,2021-12-10,78.943189596167,cardiac,Capricorn,Earth,False,False,Sagittarius,True,0.9425150490914058,340.4783086462465,-0.9197768168423065,156.8934758626373,0.8705599605656213,330.52377586247695,0.9942510626134873,6.146667207045539,0.9764852462434302,347.5501944619108,-0.8192249374511339,214.9927178848899,-0.45551171625218345,242.9021362139452,0.9410235237855038,340.2241603962802,-0.9794668017485457,168.36913901383915,-0.9802136589741339,168.58333970559772,0.05365849450051307,273.07588250674354,364,344,20
David Cassidy,1950-04-12 12:00:00,2017-11-21,67.60848733744011,disease,Aries,Fire,False,False,Virgo,False,-0.7948871623753558,217.35540085148259,0.562644646603329,304.23889071148903,-0.7257345172829984,223.47001464869314,-0.310555122612486,251.90731206754654,0.9146413712295046,23.845151751546638,-0.34823440563768043,249.6206385574899,-0.2285772690014443,103.21332409194648,0.4043423540904661,293.8499222298319,-0.8255281901733321,145.64207829202402,-0.8806906510301272,151.72578878357731,-0.6730561976901459,132.30338410113546,102,325,142
Andy Williams,1927-12-03 12:00:00,2012-09-25,84.8104038329911,cancer,Sagittarius,Fire,True,False,Scorpio,False,0.3825644832773985,292.49262338999677,0.6213510477933447,308.4148624032692,0.7968348062136544,322.8289028109602,0.45287235811412363,296.92812135239785,0.9967196516183797,355.3578795375021,0.1337829610182851,82.31174968362586,0.7502869756081094,318.61524271927976,0.9921258791235346,7.194888287075969,-0.9995415233449882,181.7350533689648,-0.9854285887076482,170.20696717841267,-0.9373197897302076,159.6062142389219,337,269,68
Perry Como,1912-05-18 12:00:00,2001-05-12,88.9801505817933,disease,Taurus,Earth,True,False,Cancer,False,0.9956641745874154,354.66258997365776,-0.8529849304257301,211.4621735061935,0.7761066272470254,39.09452878187078,0.8247306568088861,325.56119355912244,-0.9048893827857393,154.80838890011069,-0.9978860377877244,183.72617095888228,0.9885771173467592,8.668416383851714,0.9316916204747654,21.29993802932171,-0.9552954254920385,197.19669352860797,-0.9734966968775303,166.7793894037123,0.19175260572703895,78.94491803828612,139,132,7
Mel Torme,1925-09-13 12:00:00,1999-06-05,73.72210814510609,cardiac,Virgo,Earth,False,False,Virgo,False,-0.10044572289295345,264.23516224752984,-0.8999698928119868,205.84588993639517,0.4134794835724649,294.4235987599404,0.046851444357850665,272.68537306235464,0.8260571512219271,34.304182965125136,-0.22802732824735925,103.18096008331202,-0.9998867655590411,180.86224562325378,0.7994809451092487,323.0805648102402,-0.9443090136322688,160.78826845157172,-0.8135449042427878,144.44373836573243,0.9700406298709465,14.060288768719133,256,156,100
Rosemary Clooney,1928-05-23 12:00:00,2002-06-29,74.09719370294319,cancer,Gemini,Air,False,False,Aries,True,0.8142742057703891,35.4843399083678,-0.8123647281274932,215.67238061286764,0.9956441469323858,354.6502681907471,0.07739567652873854,85.56111528418964,-0.2739601059637509,105.90005285923357,0.08546830797893987,85.09704505950475,-0.9973733846391583,184.15366030656944,0.7896759205418745,322.15523607432203,-0.9611279455639655,163.97222125749803,-0.8671716996766059,150.13161778975035,0.9929543097238562,6.805416759465871,144,180,36
Peggy Lee,1920-05-26 08:27:00,2002-01-21,81.65366187542779,cardiac,Gemini,Air,True,False,Libra,False,-0.5518837731384714,236.50365609835717,-0.8113761366150152,215.7693975959135,-0.36310923586656135,248.70873191649082,-0.3640420182519196,248.65136123899975,-0.942077050615845,160.40334762181666,0.8292543553902267,326.022218295688,0.055463922919588175,273.1794802659249,0.9778404357808343,347.9156443729298,-0.9998714921144094,179.0814407600142,-0.941107207308461,160.2383365115851,-0.7588498226113554,220.637094555325,147,21,126
Eydie Gorme,1928-08-16 12:00:00,2013-08-10,84.9801505817933,natural,Leo,Fire,False,True,Gemini,True,0.9956918882716476,354.6796874264588,0.9105533747300828,24.41806383248931,0.9386808382876655,339.83118754647546,0.9577861857524158,16.707238015477003,0.7195574415004031,43.98204593182808,0.5023957363846431,59.84137237593191,0.800841521504858,323.2105370437283,0.9956186797806568,5.365359428666961,-0.9950385012767262,185.70983815526458,-0.9896983251642357,171.7687634012524,-0.9158135065229259,156.3215211779987,229,222,7
Vic Damone,1928-06-12 12:00:00,2018-02-11,89.66461327857631,disease,Gemini,Air,True,False,Aries,False,-0.4777511973619551,241.4613681138933,-0.04712181639135112,267.2991186325413,-0.8061127705889285,216.28214119731817,-0.26448419833060066,254.6636939606218,-0.6445590974887045,229.86737384048268,-0.9363855880821483,200.54683826672203,0.937055953892639,20.43712178164978,0.9498633311932619,18.2199334812909,-0.9592698727035659,196.40894724765204,-0.9973893088945869,184.14104456517265,0.4113289392826183,65.71165593439181,164,42,122
Jerry Vale,1930-07-08 12:00:00,2014-05-18,83.85763175906914,natural,Cancer,Water,True,False,Taurus,False,0.66771720931215,311.89112147494984,0.8875845917417884,27.428720346526347,0.9465404590893537,341.18066579303365,-0.5747877534600513,234.9152302039716,-0.6857323796509021,133.2932319096831,0.9649413279856445,15.21641735453585,0.6613550747529471,311.4033005522822,0.999977866471271,359.61879045998614,-0.994828330640326,185.82962142431774,-0.9949667763594139,174.24900392906147,-0.9994084812490117,178.02919661996629,189,138,51
Julius La Rosa,1930-01-02 12:00:00,2016-05-12,86.35455167693361,natural,Capricorn,Earth,True,False,Capricorn,False,-0.653412399785977,130.79937903944204,-0.9999187495099647,179.26961210758537,-0.3024395314862777,107.6041861157718,-0.6744340917792632,132.41021958775278,0.882955108161486,332.0009172048632,-0.09634475877854953,95.52872388290058,0.9442425658789704,340.77670194903374,0.9673316910376173,14.685556497512234,-0.9893351573998145,188.37532340220005,-0.9997230448003694,178.65149545153753,-0.6392086107031237,129.73283287543322,2,133,131
Eddie Fisher,1928-08-10 12:00:00,2010-09-22,82.11362080766598,disease,Leo,Fire,False,True,Gemini,False,0.7454360542525088,41.803433632980784,0.1502305277108783,278.6402862084446,0.8608276936479886,30.590356313681667,0.3361761603675647,70.35592447671459,-0.9005347542078271,154.22844755792707,0.7486837911283581,318.4764920930269,0.4092922879181338,294.1603851864537,0.9890160311178608,351.5000650279573,-0.9993756338793901,177.975210434608,-0.9673642448328889,165.32180266809127,-0.8502110877635177,211.76536412427214,223,265,42
Robert Goulet,1933-11-26 12:00:00,2007-10-30,73.92197125256673,disease,Sagittarius,Fire,False,False,Capricorn,False,0.8900590462625662,332.8806675455942,-0.1082931076223442,96.21693003982416,0.906355407028522,335.0064567827167,-0.5117347727294042,239.2205486810852,-0.9956868906138627,185.3233998341865,0.4481288491255198,63.376303913875745,-0.9053124038622727,205.1346084759593,0.7773326395312659,321.0169990132673,-0.9202300962402321,156.9597436424849,-0.8866952253435686,152.4608636781012,0.9842151403888608,10.193678346073,330,303,27
John Gary,1932-11-29 12:00:00,1998-01-04,65.09514031485284,cancer,Sagittarius,Fire,False,False,Virgo,True,0.8002606190236884,36.84500315057602,-0.028294475119964854,91.62137039573258,0.9990448239418168,2.5044589597823688,0.01137483405846572,89.34825596075495,-0.9161115925447262,156.36408439717943,-0.8837585417913376,152.0991320841277,0.2905389361516841,73.10977590663492,0.30077503421964225,287.50415941269216,-0.753936773162267,138.93255388423967,-0.6906678563458138,133.68299875982865,-0.9998724794602127,180.91502364482272,334,4,35
Brook Benton,1931-09-19 12:00:00,1988-04-09,56.55304585900068,disease,Virgo,Earth,False,False,Scorpio,False,-0.9116549729630423,204.26493216160122,0.9762991549060991,12.499166692385984,-0.8618770246764159,210.47200710692744,-0.3924890800009226,246.8905338501297,-0.005397146524482764,90.30923521857423,-0.11437508666210064,263.43241767247736,0.9698738686093438,345.9004358897459,-0.2959565887571565,252.7850925201354,-0.5579949939793313,123.91725131645273,-0.3398815313650274,109.86965648749887,0.9708589186892652,346.1340128725742,262,100,162
Lou Rawls,1933-12-01 12:00:00,2006-01-06,72.09582477754962,cancer,Sagittarius,Fire,False,False,Capricorn,True,0.7968858039521809,37.166260824860984,0.6387283773253227,309.6970630235628,0.7132150394944972,44.50289448579261,0.9993565165907579,2.0555573518146275,-0.5483373196024669,123.25302075945305,0.888139873554973,27.359573034722587,-0.9993666417841037,177.96068056009767,0.6953215785686854,314.05284840625893,-0.8974516471672658,153.8250934735135,-0.8711368070491878,150.5910137286344,0.7007650115531601,45.511586746936246,335,6,36
Bobby Bland,1930-01-27 12:00:00,2013-06-23,83.40041067761807,natural,Aquarius,Air,False,True,Capricorn,False,-0.8225558723186445,145.34147090282198,0.9863790986613084,350.5325123705697,-0.9992515753616081,177.78313749269398,-0.9863029868910512,170.50603717392917,-0.8106750612731569,144.1619392550307,0.9202645042713022,23.035218670541838,0.4735456058744167,298.2646967439714,0.9974219363484825,4.115075384175036,-0.9991060041355837,182.42291258213146,-0.9910718805775314,172.33801539155274,-0.9928111034154896,186.87431243434474,27,174,147
Junior Parker,1932-03-27 12:00:00,1971-11-18,39.6413415468857,disease,Aries,Fire,False,False,Pisces,False,-0.6576515694412312,228.87898688774706,0.9650410572599798,344.80536859222934,-0.6077283045541148,232.57457477021808,-0.8988371273199356,205.9943686772742,0.9503517454026524,341.86978160003673,-0.49605298115045676,119.73920910028144,-0.5106839580728975,120.70939859071348,-0.9992866098848263,177.83565247534895,0.05746584598914402,86.7056346826308,0.3178065822699256,71.46967197668296,0.6849490009249803,313.23159649300396,87,322,130
Little Walter,1930-05-01 12:00:00,1968-02-15,37.790554414784395,homicide,Taurus,Earth,False,False,Aries,False,0.26717350644175586,285.4961430009946,0.05630376718216637,86.77232488574538,-0.069999853958965,265.9860211700547,-0.601473538364162,233.02449488705452,0.9936046379195551,353.5166132851832,0.27377139430178,74.11118933491923,0.040266440012240036,87.69227902673754,-0.9679689335460736,165.4591618435391,0.07555714898962425,85.66676457336976,0.42935179512610816,64.57356953270049,0.9817169424011791,349.02698534970654,121,46,75
Sonny Boy Williamson II,1912-12-05 12:00:00,1965-05-25,52.46543463381246,cardiac,Sagittarius,Fire,False,False,Sagittarius,False,-0.9877973562422872,171.0400163672901,-0.780802822013096,141.33413991040428,-0.8145235397539182,144.54027778980497,-0.8134152386598535,144.43096432368105,0.20125001796455205,281.6100661988264,-0.9612425131065137,163.99601301516722,0.28688475694901117,286.6715425595753,-0.7674350283820257,219.87588792595736,-0.38366652549177876,112.56098145327906,0.27012118532348045,74.32852179100416,0.4196283480052962,65.18887422742996,340,145,170
Elmore James,1918-01-27 12:00:00,1963-05-24,45.31690622861054,cardiac,Aquarius,Air,True,True,Libra,False,-0.43595204164183976,115.84588924855058,0.6474199151014987,310.3473558037684,-0.6555117146477752,130.95846226506612,0.3559384600422808,69.14902861166706,0.793558735135729,322.5193357295784,0.6376531162156911,309.6170400639061,-0.9796447176736534,191.58018886104148,-0.9890016056907774,188.505524958936,-0.14089691704971932,98.09975028396035,0.412206827768032,65.65646013887678,-0.9174407653397313,203.44523877563904,27,144,117
Robert Johnson,1911-05-08 12:00:00,1938-08-16,27.27173169062286,homicide,Taurus,Earth,True,False,Pisces,False,-0.1075687405180199,96.17518299123685,-0.8582657000517463,210.8775900605334,-0.49624576021171374,119.75193076998046,-0.22456820370140362,102.97748829472866,-0.9025038816514661,154.48916843950346,-0.32768023072470726,109.12803527560305,0.9214743717098081,337.14258571289116,-0.31638772700804213,108.44460994726077,0.4897202589452578,60.677803332988034,0.8304907094976949,33.85082122620858,-0.9763674417724648,192.48107575934569,128,228,100
Bessie Smith,1894-04-15 12:00:00,1937-09-26,43.44421629021218,accident,Aries,Fire,True,False,Aquarius,False,-0.9237457058561727,157.4799717782988,0.42925527204579983,295.42030711875765,-0.9768896153406108,167.65812406329704,-0.989528354186661,171.7010181714993,0.7030077561444679,314.6688175860289,-0.705630132131716,225.11952602512088,-0.9400394951140969,160.05819015646773,-0.9998590378856363,179.03795821682525,-0.13352158811204567,97.67313917916513,0.6352685265780837,50.560096572643644,-0.5048211825443669,239.68051721743794,105,269,164
Ma Rainey,1886-04-26 12:00:00,1939-12-22,53.65092402464066,cardiac,Taurus,Earth,False,False,Virgo,False,-0.5935546587390381,233.59033455820204,-0.017024720859248596,90.97549177943205,-0.5593772161602597,235.98726097395735,0.5942364360781248,306.4582184814942,-0.9654212978538874,195.1112861483293,-0.9985900803238116,183.04288721745147,0.3491105490499396,290.4329219757457,-0.7184604634391167,224.0724807049604,-0.514543944737733,120.96697648941915,0.4930384732173647,60.459511986178185,0.7400211616274953,42.266781752578254,116,356,125
Lead Belly,1888-01-20 12:00:00,1949-12-06,61.87268993839836,disease,Capricorn,Earth,True,False,Libra,False,0.6961280134127905,314.1171735902659,0.4751686109349953,61.62967116434528,0.7779313346381841,321.07155863454057,0.7445990761209194,41.87532584478345,0.8704426223732299,330.51011587466576,0.49793697545738985,60.13639500285643,0.6997575321286418,45.592445994646525,-0.23324892211729173,256.51157482296287,-0.7601850645904861,139.4805154907151,0.2594149698181205,74.96464863554576,-0.45017864680419406,243.2448536793666,20,340,45
Blind Lemon Jefferson,1893-09-24 12:00:00,1929-12-19,36.2299794661191,cardiac,Libra,Air,False,False,Virgo,False,0.07884303826151154,85.47793335520174,-0.8199936327170776,145.08415636823972,-0.07401520902782377,94.24464066417593,0.8056399149529697,36.3278993034358,0.04074210207601402,87.66500321427182,0.990629199987743,7.849928294296781,0.20471503685109355,78.18718191016626,-0.8549907193655405,148.75870951455985,0.17379445637619728,79.99148944305512,0.7856971588617596,38.214797018664896,0.9443347895465098,19.207242953316825,267,353,86
Son House,1902-03-21 12:00:00,1988-10-19,86.57905544147845,disease,Pisces,Water,False,False,Aries,True,-0.8959022553886056,206.37544215351403,-0.9422051482019307,160.42524227980257,-0.776520185448776,219.05693815751812,-0.8952160782668336,206.46380213091803,0.9996956378021674,358.5863431502701,-0.43832208763863983,115.99687264856192,0.882029449708958,331.88815218249994,0.9934011152371163,6.58585270670352,-0.9877700866449773,188.97001008741424,-0.8202722977206645,145.1120610933565,-0.5790864754825729,125.38631581217712,80,293,152
Skip James,1902-06-09 12:00:00,1969-10-03,67.31553730321697,cancer,Gemini,Air,False,True,Gemini,False,-0.381074038427562,112.40022694569713,0.9223708921065024,337.2751889169161,0.07146149315157069,85.9020651334106,-0.5940633459226443,126.44588892109957,-0.805794300970722,216.31296487970116,-0.5330613220341597,237.78746966607926,-0.1806421009530143,100.40716259454825,0.26573125757592936,285.410408761431,-0.8301656513936966,146.11575816662315,-0.1277963787346853,97.3422719632639,-0.7427843376186102,137.9691416619345,160,276,116
Mississippi John Hurt,1893-03-08 12:00:00,1966-11-02,73.64818617385353,cardiac,Pisces,Water,False,False,Taurus,False,-0.6232293202632427,231.44765804062615,-0.8407387029816463,212.7817927698612,-0.5365555832542805,237.5505311394465,-0.4412454834465603,243.8166250886032,-0.43266359299635754,115.63671759266205,-0.1335727572654748,97.6760974545758,-0.9529946192954013,162.36288884397763,0.6749410816543068,312.4495750239498,-0.9555039250747568,162.84375859588232,-0.2089669904285722,102.06182212172504,0.963690965734694,15.48702084242522,67,306,126
Bukka White,1909-11-12 12:00:00,1977-02-26,67.28815879534565,cancer,Scorpio,Water,False,False,Pisces,False,-0.31410841395827493,108.30699795596095,-0.8743796740959703,209.0283549331009,-0.27671519089431124,106.064254453416,-0.23362840381265185,103.51078566277477,0.7123360598622102,315.4253028382743,-0.6725198605823604,227.73815197467306,-0.40655930481254826,113.98887817244305,0.4022118175462191,293.71652288360417,-0.8368018524865005,146.80392820487629,-0.2957097171932427,107.20009999246538,-0.749049092108535,138.50807432354804,316,57,106
Big Bill Broonzy,1903-06-26 12:00:00,1958-08-15,55.134839151266256,cancer,Cancer,Water,False,False,Libra,True,0.6632201270850251,48.45407714505339,0.8141749990159075,35.49413084528331,0.10030761599339538,84.243115357116,0.9439426763373264,340.72458352266955,-0.8100876862102615,215.89550051933065,-0.8344315429994442,213.44330711454845,0.6545299634754304,310.8840189000002,-0.6505737660382193,229.41512464681222,-0.4825894286216315,118.85465868866379,0.3063470674957433,72.1607749218751,0.9721090857131853,13.56386982350105,177,227,50
Tampa Red,1904-01-08 12:00:00,1981-03-19,77.19096509240246,natural,Capricorn,Earth,False,False,Aquarius,False,0.30904373589661993,71.99838896710912,0.9733717480057196,346.7481226584344,0.8797280377924823,28.390425826819296,-0.34338791214534176,110.08341895668195,0.758930569072969,40.629990287349244,-0.9543885019335197,197.37158770873904,-0.5270874865790779,238.19112157828738,0.8908389190384823,332.97885508297503,-0.9866632394160303,170.63200466681127,-0.5654171580344749,124.43126452273398,0.6012941067896309,306.9626375493157,8,78,70
Lonnie Johnson,1899-02-08 12:00:00,1970-06-16,71.34565366187543,accident,Aquarius,Air,False,False,Cancer,False,-0.5788298131599083,125.36827995395919,0.38491876851567886,292.6386974064458,-0.47922996533818923,118.63512190850412,-0.8917601885244658,206.90472844431991,0.9769138030686708,347.66460944084423,0.9715862468524749,346.3089846020672,-0.8303071084395545,146.1302983980805,0.4555915298981006,297.10300076306964,-0.9185644724179984,156.71711172827594,-0.18984605894250803,100.94380051378705,0.4997062642078077,60.01943150156552,39,167,128
Eddie Lang,1902-10-25 12:00:00,1933-03-26,30.414784394250514,disease,Scorpio,Water,False,False,Virgo,False,-0.9006521792066067,154.24392613859325,-0.6616471011348277,228.5743886152204,-0.9382961157000108,159.76735223441048,-0.914745388018352,156.16959461782994,0.999542562637309,1.733085560631224,-0.7875743328349131,218.0405965584482,0.9298478786632044,21.588885536157704,-0.55362720064182,123.61621173685492,0.4309629368378156,64.47131393590337,0.8501560887061602,31.771349491102185,-0.6650049960278261,131.6827086760702,298,85,152
Django Reinhardt,1910-01-23 12:00:00,1953-05-16,43.30732375085558,cardiac,Aquarius,Air,False,False,Taurus,False,-0.38562929889337605,112.68281346180856,0.9998491483696983,359.0047822940961,-0.11940975738648198,96.85803923638002,0.6867148994632464,46.62937603635942,0.762375298310367,40.32595121394168,-0.6805244883035309,227.1153579834497,-0.9972486004138275,184.251224997844,-0.9942947395740716,173.87674898080326,-0.07176171059926233,94.11518033547402,0.5645705084200919,55.62752803726502,-0.46437025727737363,242.33052620584232,23,136,113
Charlie Christian,1916-07-29 12:00:00,1942-03-02,25.587953456536617,disease,Leo,Fire,False,True,Libra,True,-0.8163424271675545,215.2796848917784,0.8153517005443432,35.37784790441883,-0.9914740296729072,187.48718539783306,-0.8386210270800601,213.0052113116366,-0.5962911556432682,233.39526951063513,0.7860775851445821,38.17954816384467,0.5106208565628707,300.7051935385937,-0.14706250704897955,98.45673270526623,0.5526819592452128,56.44879815197642,0.8638142111395835,30.252421752386198,-0.7066773392789846,225.0347864621006,211,61,150
Wes Montgomery,1923-03-06 12:00:00,1968-06-15,45.275838466803556,cardiac,Pisces,Water,False,False,Taurus,False,-0.1654579707963542,99.52383994870019,-0.433686123570049,115.70171931003696,-0.6257563129884949,128.73772037006728,-0.7962434700071983,142.77286277189395,0.5821566037094243,54.39762995041306,0.19159104684451933,281.0456504506278,-0.9972483045662471,184.25145365568545,-0.9798112182723884,191.53256902011884,-0.1448272856418953,98.32727781366228,0.324101026084933,71.08888017186763,-0.9117692346548543,204.24899681640886,65,167,102
Grant Green,1935-06-06 12:00:00,1979-01-31,43.65229295003422,cardiac,Gemini,Air,True,False,Libra,True,-0.556819982372733,236.1638376404789,-0.7505490044180162,221.36204325215837,-0.8565574638444086,211.06777504039377,-0.8295389028929536,146.05140128025027,-0.5019942114168962,120.13202390180308,-0.20943067435046483,257.9110095970764,-0.9989154132124624,182.66875708495817,-0.956847708042377,196.89327305332603,-0.13837914343467686,97.9540651072337,0.09311817195708638,84.65698114835943,-0.5642940090222104,235.64671961113487,157,31,126
Kenny Burrell,1931-07-31 12:00:00,2024-12-22,93.39356605065024,natural,Leo,Fire,False,False,Virgo,False,-0.8071689844434686,143.8202485859128,-0.8921529595853078,206.8549538725937,-0.10621250828187112,96.09702883991682,-0.936258630915839,200.5675538310872,0.5771297087871108,305.24891383882414,0.6583124427846647,311.17129673147303,0.5704909559924459,55.215531293282936,0.823818758330858,34.5310863616197,-0.9223609078645885,202.72629187296985,-0.9851253323219101,189.89466448349043,0.9937434949372165,353.5874580231091,212,357,145
Joe Pass,1929-01-13 12:00:00,1994-05-23,65.35249828884326,cancer,Capricorn,Earth,False,False,Gemini,False,-0.6332254803609986,129.28849557125235,-0.20850331147611714,257.9653431158247,-0.7122213947925538,135.41594273680752,-0.42130475844264315,114.91698978030439,0.6071345941794469,307.3826026018553,-0.9945526006087,185.98314577666937,0.23295687828208267,76.52878171644011,0.37853739959570915,292.24311521059485,-0.7901593367059954,142.20040424890047,-0.6340560882013512,129.35001139976453,-0.997498844340622,175.94679516483953,13,143,130
Tal Farlow,1921-06-07 12:00:00,1998-07-25,77.12799452429843,cancer,Gemini,Air,True,False,Gemini,False,0.6923576547810152,46.18297134956909,0.6118588481123018,52.27596851521545,0.6813455126880373,47.05112416691219,0.44304257583635326,63.701828811955416,0.9368973922997491,20.463123847793227,-0.953702829785012,197.50269037496273,-0.7070828755917903,225.0019370009889,0.8787906434215073,331.4968218160756,-0.9822640662843011,169.19291316584594,-0.8440624325508197,147.57162200041853,0.6181539398490281,308.1814503503507,158,206,48
Barney Kessel,1923-10-17 12:00:00,2004-05-06,80.55030800821355,disease,Libra,Air,True,True,Virgo,False,-0.9191250961566794,203.20148973364127,0.6219951418107974,308.4619771285867,-0.9562042114456687,197.019692536015,-0.6305496396844488,230.90931439393592,-0.0020222570393280265,269.8841331275824,0.2962391795914002,287.23185888368346,-0.236758105645889,256.30472022680306,0.990520252166164,352.1044987960152,-0.9967169079407971,175.35593754949613,-0.9360653195061437,159.40094188023733,-0.46960093992268703,241.99160419850554,290,127,163
Herb Ellis,1921-08-04 12:00:00,2010-03-28,88.64339493497604,disease,Leo,Fire,False,False,Leo,True,-0.5567984953272118,236.16531977044147,0.9092940793837554,24.592019903413302,-0.04189412527512274,267.5989407288066,0.45776996867135406,297.24330101406235,0.999696637360374,1.4113335225707289,-0.9989446357865056,177.36744766130235,0.9892101160120551,8.424367257916373,0.9481926855265703,18.523634658914034,-0.9693285706753924,194.2272501966467,-0.9977368563913931,176.1445451046369,0.07908549645354719,85.46399801020252,216,87,129
Jim Hall,1930-12-04 12:00:00,2013-12-10,83.01437371663245,natural,Sagittarius,Fire,False,False,Leo,True,0.9926135123142055,6.968259378225355,0.6011672013664077,306.9535381026335,0.9500731811415755,341.81856070493063,0.4555207145368794,62.901557076877594,0.6975899560312644,45.7660357744536,0.9999363479668423,359.35353342632646,0.6106900581995194,307.63941540613837,0.9986728056956107,357.0477513728115,-0.9986312805535316,177.00191185512202,-0.9847604727999996,169.98441176645213,-0.968844761565233,194.33960577166283,338,344,6
Johnny Smith,1922-06-25 12:00:00,2013-06-11,90.9596167008898,natural,Cancer,Water,True,True,Sagittarius,False,0.9766818673894,347.6025588160407,0.969016265584502,14.299876087546437,0.926815755656712,22.056232145707483,0.8938445914326689,333.3604047277602,-0.9938143626907079,173.62391678946025,-0.22254427375388894,257.1414854767753,0.8273694743222636,34.1705399252549,0.8794936503704628,28.418657026152857,-0.9322640902405165,201.20945859121366,-0.9997036088912136,181.39502163589128,0.7585236644774448,40.66578029374685,176,162,14
Gabor Szabo,1936-03-08 12:00:00,1982-02-26,45.96851471594798,disease,Pisces,Water,True,True,Aries,False,0.9842123670637661,349.80542383294716,-0.9441763656605293,199.23481481018146,0.9762843015517031,347.49690168607134,0.9333129834328339,338.95728274838746,-0.9919697936976782,187.26594378164125,0.7379837240272713,317.55994185610456,-0.7855326569379232,218.2300306144831,-0.8513169094620372,211.644806098822,-0.19822512075869886,101.43318808302712,-0.023683187022590608,91.35707354423403,-0.9821451741058227,190.8433569252697,68,57,11
Larry Coryell,1943-04-02 12:00:00,2017-02-19,73.88364134154689,cardiac,Aries,Fire,False,True,Aquarius,False,0.7565066433859035,319.1571916495759,-0.033708629348312404,268.06827185932536,0.6299615345460876,309.047284681783,0.8295724838320532,326.05484677349955,0.5333719396691378,57.76643240006615,-0.12129961801418677,96.96711315449899,-0.9518497649566189,197.85233556339008,0.7650226954837984,319.90901114765893,-0.9450694895464049,160.92112431941948,-0.9591124952613204,163.55916309095323,0.9818356671228502,10.937219942008738,92,50,42
Allan Holdsworth,1946-08-06 12:00:00,2017-04-15,70.68856947296372,cardiac,Leo,Fire,False,False,Virgo,False,-0.3041004485713733,252.2959470689625,0.979989243849933,11.481437476049791,-0.0635729643186954,266.35507946517464,-0.9999994099886073,180.06223975156067,-0.5331236185541062,237.78325088679404,0.997565622347798,356.0012914718994,-0.8408287012173569,147.22773215352942,0.557300457079126,303.8693111837706,-0.919002972565332,156.78075583691552,-0.9266715885781402,157.92178144854086,0.2967934823033077,72.73488637009947,218,105,113
Shawn Lane,1963-03-21 12:00:00,2003-09-26,40.51471594798083,disease,Aries,Fire,False,False,Leo,False,-0.998774141478782,182.83727989501492,-0.4692255896304956,242.01596038128648,-0.9945355984926972,174.00751586147152,-0.5937131648560927,233.57904919213883,-0.9088649662369324,204.6510334727808,-0.9379297640588667,159.7067439804273,-0.8029236712021095,143.4102064058863,-0.9990337125099086,177.4810138127536,0.08331585486980984,85.22081308970203,-0.12312408027956315,97.0724366586388,0.44365481391751777,296.33730622411883,80,269,176
Michael Hedges,1953-12-31 12:00:00,1997-12-02,43.917864476386036,accident,Capricorn,Earth,False,True,Scorpio,False,0.8730502084260214,330.8150516654286,0.5818076612712336,54.42221540384469,0.9999972773968748,0.13369953540370716,0.9299378491971494,21.5748711126044,0.32365744964945314,71.11574318860326,-0.5342196755646885,237.70899280300745,-0.9154433313629138,156.2687646228201,-0.9695275502097354,194.180787966168,-0.03701564854697742,92.12132505103881,-0.18951684692948073,100.924589288108,-0.6359517921819478,230.50938708714804,365,336,29
Bert Jansch,1943-11-03 12:00:00,2011-10-05,67.91786447638604,cancer,Scorpio,Water,False,False,Gemini,False,0.8805603757496262,331.7100352586441,0.9864674233084545,9.43667196867301,0.9461533859751472,341.1120366007163,0.8561061679094266,31.11784486574163,0.6702726305268965,47.91188995613588,-0.28035915054490995,253.7183589023865,-0.3921000523981288,113.08523405667738,0.4117884792485539,294.3172338888611,-0.8222201563614708,145.3076614530685,-0.8313607010913968,146.2387696689134,-0.5924480843481489,126.33092482911312,307,278,29
John Renbourn,1944-08-08 12:00:00,2015-03-26,70.62559890485969,cardiac,Leo,Fire,False,True,Virgo,False,-0.6464813201372293,229.72316916818133,0.26485624504697824,74.64158896728193,-0.9887220005214599,188.61316320221857,-0.2851793400269987,253.43043110307661,-0.7751242877658352,219.18369771026988,0.9400522460330715,340.06033230001117,-0.8547065564018516,148.72733150723224,0.550347462868259,303.3908536387022,-0.9136051064889938,156.00840393966698,-0.9195346306830735,156.85814266628233,0.2763764853912209,73.9559394916903,221,85,136
Davey Graham,1940-11-26 12:00:00,2008-12-15,68.04928131416838,cancer,Sagittarius,Fire,False,False,Scorpio,False,0.9409208419828091,19.793220739013037,0.15350672531738221,278.8302014826626,0.6361195538248408,50.49693077418533,-0.15168313214284526,98.72447914073905,0.6769187549291587,47.39666962468763,-0.21539480245256676,257.561309479712,-0.6686049091844707,131.95948212977905,0.4250282863510356,295.15245385921753,-0.8152105634973201,144.60818725152302,-0.8330560173569356,146.41395675265875,-0.5560583050364973,123.78363917830359,331,350,19
Ewan MacColl,1915-01-25 12:00:00,1989-10-22,74.7378507871321,cardiac,Aquarius,Air,False,False,Capricorn,False,-0.09389388127040563,264.61234069481395,0.32352862064613785,71.1235442735634,-0.5161964315430378,238.92254028615994,0.9986202880624948,356.98989401489536,-0.08334825160304586,265.2189504149285,-0.6824603947806874,133.0362074375363,-0.9767562359073498,192.37757844711086,0.7756718334594179,320.865983075205,-0.9452944614969949,160.96059816357354,-0.6932798131394313,133.89029856070294,0.995250296647278,354.413459896776,25,295,95
Pete Seeger,1919-05-03 12:00:00,2014-01-27,94.73511293634498,natural,Taurus,Earth,False,False,Taurus,True,-0.07903151718331261,265.4671005054478,-0.9898170617006903,171.81641855169076,0.6338333541302159,309.3335101333817,-0.9080420292399062,204.76383854166176,-0.9292614734289825,158.31998333301405,0.9996905737416185,1.425369338358749,-0.015655197230887777,90.89701337210312,0.787350720786804,38.06138307026151,-0.8874400590148203,207.44669214264883,-0.9920229134201615,187.24183968783748,0.844686983769646,327.63841427477917,123,27,96
Woody Guthrie,1912-07-14 12:00:00,1967-10-03,55.21697467488022,disease,Cancer,Water,False,False,Leo,True,0.20878203964488304,77.94901379130124,0.27995876655720836,73.74225621611463,0.20547642424976123,78.1426101134775,0.8009975278037171,36.77453489922283,-0.30120905024450223,107.53023595606928,-0.1550090814666311,261.08267705153,0.6189435039092039,308.23902451302007,-0.5895789800033661,233.8728629643771,-0.4862615905905996,119.09516150029634,0.1377784213134566,82.08068661362236,0.9782464338739663,11.97273328762374,196,276,80
Cisco Houston,1918-08-18 12:00:00,1961-04-29,42.69404517453799,cancer,Leo,Fire,True,False,Scorpio,False,-0.2721618037462265,254.2070526458184,0.2967754827339749,287.2640336725091,-0.6536148275666481,229.18529789092744,-0.29005521371420956,253.1387383846382,-0.07252607882708191,265.8409101721368,-0.8783545151478288,208.55549781447263,-0.9444348307772625,160.81018770860976,-0.9974085136397458,175.8742213179084,-0.04301631746203288,92.46541417497595,0.5085976445001694,59.42953538331959,-0.27266075752561497,254.17734103340104,230,119,111
Dave Van Ronk,1936-06-30 12:00:00,2002-02-10,65.6125941136208,cardiac,Cancer,Water,False,False,Cancer,False,-0.730399254388314,223.0801245945546,0.30372601068302946,72.31846592827563,-0.7477111750615536,221.60750011152936,-0.6526088666476699,229.2614107422146,0.2292071491762585,283.25039780972867,-0.9450276430290803,199.08620944948962,0.2501259687930295,75.51503350735732,0.27348135952347585,285.8715335328518,-0.8153026006671714,144.61729335107745,-0.7748006684480966,140.78696398333716,-0.9874140338820813,170.90008228297165,182,41,141
Phil Ochs,1940-12-19 12:00:00,1976-04-09,35.30184804928131,suicide,Sagittarius,Fire,False,False,Scorpio,True,-0.3795227942927931,112.30412657481818,0.97220656562126,346.4599651953836,-0.6870458545289556,133.39671518403466,-0.5450029964821013,123.02486840098419,-0.6256182313966728,231.2724216068766,0.9989517302087424,357.3763124710763,0.21007223441583517,77.87341460174937,-0.9558456357891527,162.91025654604925,0.23950741559840444,76.14253053419694,0.4043207817043647,66.15142916948604,0.7969179315097301,37.16321373544895,354,100,111
Tim Hardin,1941-12-23 12:00:00,1980-12-29,39.01437371663244,overdose,Capricorn,Earth,False,False,Aries,True,0.9932623636438095,6.654808443432046,-0.8490666357437522,211.8897037907365,0.9966408003776298,4.697612451835937,0.5023075553831318,300.15278442644035,0.13389958138098312,277.69499283487426,-0.4209197547889706,114.89266907760062,-0.7304446797046413,136.92368608415163,-0.9997789414390905,181.20475656114348,0.12005735455441632,83.1045873160999,0.19464244786653748,78.77616284582153,0.8226680094963986,325.3527705000298,357,364,7
Fred Neil,1936-03-16 12:00:00,2001-07-07,65.30595482546201,natural,Pisces,Water,False,False,Aries,False,-0.33705846450841076,109.69776082078715,0.7793367116475666,38.80011459839187,-0.3397846267412675,109.86375291494778,-0.058203912990297445,93.3367243446346,-0.5235374452632386,238.43016312586116,-0.9957050712156764,185.31216033801374,0.08190416306119092,85.30197449280831,0.3578655827114813,290.96917188089213,-0.7972133536433834,142.86481515647068,-0.7411548054640861,137.82988040117345,-0.9984705112406037,176.8306796106997,76,188,112
Tim Rose,1940-09-23 12:00:00,2002-09-24,61.998631074606436,disease,Libra,Air,False,False,Virgo,True,0.9998561667172324,0.9717902382408568,0.733595494842222,317.18867011392695,0.9927607086627296,353.1016058517167,0.07351031871862813,85.78436644064124,0.9949614110450655,354.24593694543364,0.07112063207511464,85.92164485410886,0.7110878488001249,44.676505238579196,-0.006645246331785084,269.6192526290727,-0.6812097449577588,132.93824926078946,-0.6584070328526909,131.1784969267525,-0.4878180865207784,240.8027286557603,267,267,0
John Prine,1946-10-10 12:00:00,2020-04-07,73.48939082819986,disease,Libra,Air,False,False,Scorpio,True,-0.9996327305519426,181.55289940737345,-0.999157944163534,177.64853480392026,-0.7708153049439347,140.42715907784464,-0.9941616214508262,186.19434342799974,0.09503416465031414,84.54671380067248,0.13913255569298627,82.00234589609934,-0.9939312549648084,173.68451139030486,0.6919930479890324,313.7880836856316,-0.9445245874258098,160.82583941602823,-0.9501217194968997,161.82747563983878,0.9479830191784404,18.56141038439044,283,98,180
Steve Goodman,1948-07-25 12:00:00,1984-09-20,36.153319644079396,disease,Leo,Fire,False,False,Libra,False,0.5696708295451676,55.272725113490765,-0.5459200003854665,123.08755568194857,0.5463376579733891,56.883878025429894,-0.4613038747823254,117.47127621009324,0.25484813634433595,75.23541329460585,0.970135399149253,14.037920884530308,0.1691472599782765,80.26175733831681,-0.9485039114048521,161.53257658594,0.20510821279157965,78.16416620577562,0.23279201686799086,76.5384946183625,0.9355018655229744,20.690623373563504,207,264,57
Townes Van Zandt,1944-03-07 12:00:00,1997-01-01,52.818617385352496,cardiac,Pisces,Water,True,False,Gemini,False,0.41169543394779234,294.31138389407926,0.7044684546080066,45.213382712420525,0.570705136665069,304.7994117267635,0.51343863289085,300.8931480302299,-0.1612841040171498,99.28143806252984,-0.9151621008578517,156.22875801298645,0.19836260279579426,281.4412248119446,-0.5266931888036588,238.21770201642542,-0.39918992669293496,113.52754664784035,-0.4636622206908065,117.62367757866494,0.524485007572488,58.36641931556858,67,1,66
Blaze Foley,1949-12-18 12:00:00,1989-02-01,39.121149897330596,homicide,Sagittarius,Fire,True,False,Virgo,False,0.6900636712140361,46.36485079281829,0.9996292610594486,1.5602175219199808,0.9587738010212137,16.509263927271206,0.9763773979267423,347.52156403587105,-0.7585508556651834,220.663389456784,-0.38748863945636036,112.79832519649085,-0.339479533786766,109.84516763700032,-0.9999900481029029,180.25561770350788,0.10472274765673302,83.98880689311557,0.0503378854509744,87.11463219785091,0.8017080756766981,323.29352252799583,352,32,45
Guy Clark,1941-11-06 12:00:00,2016-05-17,74.5242984257358,disease,Scorpio,Water,False,False,Aries,False,-0.9730937432657691,193.3211856363889,-0.48709440089268424,119.14978321828323,-0.9470223961281895,198.73354674417828,-0.7818661531721234,141.43175761425664,-0.6114180489087165,232.30789209060725,0.11970216050774113,83.12508626584439,-0.9491105445497788,198.35738055197913,0.804581892790952,323.56989571656425,-0.9553154940688512,162.80719606893098,-0.9482902185590854,161.4939632868795,0.99967751928893,358.54487208154063,310,138,172
Jerry Jeff Walker,1942-03-16 12:00:00,2020-10-23,78.60369609856262,cancer,Pisces,Water,False,False,Gemini,False,-0.816430317360718,215.2709650926356,0.649885334060741,310.5329571113282,-0.4020112923987723,246.29602556724225,-0.7507410353276694,221.34539051184905,0.679768444959006,312.82555116505364,-0.8078372601938413,216.11483909644295,-0.4729041655153024,241.77702205375175,0.9507946988786188,341.95151875931396,-0.9845705663660025,169.9220402666645,-0.9813178673328429,168.9075031809391,0.16745827571576546,279.6400705885464,75,297,143
Billy Joe Shaver,1939-08-16 12:00:00,2020-10-28,81.19917864476386,cardiac,Leo,Fire,False,False,Capricorn,False,0.29560276032858473,72.80631496919077,-0.9411046589951018,199.76209532066423,0.23630529959111773,76.33142179268643,0.7268642139767895,43.37584981466685,0.12647060403950494,82.7343107588984,0.21271817709911658,282.2816921075504,-0.09103979064500572,264.77657170369815,0.97400560599325,346.90749455479954,-0.9981248252124458,176.4906523282647,-0.9875156275988021,170.93696097772408,-0.6503042300252674,229.43545655843752,228,302,74
Merle Haggard,1937-04-06 12:00:00,2016-04-06,78.99794661190965,disease,Aries,Fire,False,False,Sagittarius,False,0.999891330647858,0.8446856226741559,0.6483552130221427,49.582293529506956,0.9993552986755376,2.0575019084990025,0.8393836407418385,327.0750907272524,0.9985808177371583,3.052868465235065,-0.6446075696952871,229.86374123205567,-0.20030560840459116,258.44516925578307,0.9512055721436019,342.02765744315724,-0.9945463594637174,174.01342460693306,-0.9875598989324698,170.95307818218092,0.035121114873744814,272.01270557503767,96,97,1
George Jones,1931-09-12 12:00:00,2013-04-26,81.61806981519507,disease,Virgo,Earth,False,False,Libra,False,-0.6735825796556608,227.655824127537,0.6113194837230209,52.31502850164674,-0.7178090921505723,224.12610998283452,-0.589193751549021,233.90018478129153,-0.9908908949671562,187.73937172615177,0.562824640734417,304.2513664373744,0.3687022002179995,291.6356008566773,0.9892020427923046,351.57247599407225,-0.9998095502003445,178.8817606178854,-0.9839511958072806,169.72122140223902,-0.75074615459296,221.34494649869956,255,116,139
Tammy Wynette,1942-05-05 12:00:00,1998-04-06,55.917864476386036,disease,Taurus,Earth,False,False,Cancer,False,0.8840668807903523,332.1369091706212,-0.8745781550488326,209.0049103303502,0.7225699173691695,316.2670672213808,0.8739842440347737,330.92498824990395,0.3331112078956317,289.45772233351045,-0.13503629485733182,262.2392813511865,0.7974137467978402,322.8838382544349,-0.29879502718824374,252.61475596100783,-0.5672623648196172,124.55954191009272,-0.563943375817651,124.32894957112367,0.9996191661915542,358.41868219131817,125,96,29
Conway Twitty,1933-09-01 12:00:00,1993-06-05,59.75633127994524,disease,Virgo,Earth,False,True,Scorpio,True,0.1088751875322201,276.25047912949685,0.8086870766669448,323.96785288997165,0.6013551519632859,306.9670150333539,-0.9613945001149428,195.9723712247967,0.2739298986463434,285.8982532645887,0.9933146739057687,6.6288955399461145,0.9446862220696937,19.14594378425238,-0.09591092246505901,264.4962487554516,-0.6534330588392713,130.80094269487464,-0.4907939691924585,119.39278023292144,0.24495013346464972,284.17888679154754,244,156,88
Loretta Lynn,1932-04-14 12:00:00,2022-10-04,90.46954140999316,natural,Aries,Fire,False,True,Aries,False,-0.9740753700216521,166.92515200499122,-0.9992098506190175,182.27782750578868,-0.9221739299941328,157.24599379144786,-0.4479137732027961,116.60991238660719,0.3000623975475552,72.53864909770245,-0.642593148792635,230.01454302337095,0.966570269054572,14.856667961970857,0.8776823655285962,28.635960026570675,-0.9505850055759746,198.08721995199912,-0.9942680950507606,186.13754632524004,0.6409373259885641,50.13825090271928,105,277,172
Patsy Cline,1932-09-08 12:00:00,1963-03-05,30.483230663928815,accident,Virgo,Earth,False,False,Cancer,True,-0.9996972635661252,178.59012395150268,-0.9370944385002505,200.43080602300603,-0.9967205545568074,175.358518818915,-0.9996635415765097,181.48633091379844,0.9714696734891616,13.719206459035973,-0.9577027978688704,196.72384940513817,0.9469459398896054,18.747181632580293,-0.6432961640185106,130.03804758264525,0.38175493073313055,67.55757045526263,0.6722326206953773,47.760385723743,-0.6475073666046964,130.35393056575182,252,64,177
Hank Williams,1923-09-17 12:00:00,1953-01-01,29.28952772073922,cardiac,Virgo,Earth,False,False,Virgo,False,-0.2962390580870497,107.23185159482799,-0.8500821749523162,211.77939169255473,0.3590714375763027,68.95681922094766,-0.8660756798326804,150.0057617125369,-0.987034257811916,170.76351591139726,-0.9962687692885464,175.04893290060582,0.993009239245414,6.778805590350913,-0.5223319127722429,121.48880198034243,0.4302003752271453,64.51972287212507,0.7582298703107979,40.69160530419383,-0.8945607923159018,153.45207057393017,260,1,106
Waylon Jennings,1937-06-15 12:00:00,2002-02-13,64.66255989048597,disease,Gemini,Air,False,False,Scorpio,True,-0.49005330238076805,240.65591495434353,-0.9743600451624712,166.99744821498848,-0.5337202990599172,237.74283319437606,0.3905311495676876,292.98755311285254,-0.8478488980701542,147.9784688351418,-0.9408392526283381,160.19297892156303,0.44210594734926223,63.761673751217856,0.2206179339892632,282.7453298123979,-0.7964477926735875,142.7922179591006,-0.7651178715149201,139.91747952587133,-0.9869254587429317,189.27524055440188,166,44,122
Roger Miller,1936-01-02 12:00:00,1992-10-25,56.8104038329911,cancer,Capricorn,Earth,False,False,Aquarius,False,0.36480017897900174,291.395285897036,-0.9957517158285385,185.28321494804433,0.5131753821435419,300.87557279362045,0.989548977078286,8.290791477558685,-0.8679650351788154,150.2230177206512,0.360432534264392,291.1267618043562,0.9123343631471339,335.82996317156,-0.29380743183534874,252.9139604585419,-0.4949846200432864,119.66873617088021,-0.4294468090544824,115.43245838029294,0.9463967678906774,341.15516081537095,2,299,68
Marty Robbins,1925-09-26 12:00:00,1982-12-08,57.19644079397673,cardiac,Libra,Air,False,False,Virgo,False,0.28909888785405446,73.19598455202822,-0.33370987391644724,250.5058948690398,-0.04032781119718516,92.31124014162043,0.7407040850187653,42.20857260663291,-0.5016796634447129,120.11118799650356,0.6841975737666616,313.1725335069059,0.9815068335203329,348.96391998190296,-0.30142582243517496,252.4567385373346,-0.5386433441592026,122.59133307757875,-0.2417671870560806,103.99086467124005,0.8963943255203252,333.6880919574144,269,342,73
Jim Reeves,1923-08-20 12:00:00,1964-07-31,40.94455852156057,accident,Leo,Fire,False,False,Leo,True,0.9502523462065424,341.85148858194157,-0.7341067604084333,137.23179232337202,0.9645169959322785,344.69122535616964,0.5900337639021578,306.1594042263612,0.6134101369446298,307.8364886283274,-0.9812446672043638,191.11427508985545,-0.7294872436299455,136.84342508872896,-0.9904486089092247,172.0746723206115,0.05530932780770689,86.82939099907321,0.4861877127438485,60.90968254282073,0.3093361728893467,288.0192297502875,232,213,19
Eddie Rabbitt,1941-11-27 12:00:00,1998-05-07,56.43805612594114,cancer,Sagittarius,Fire,False,False,Aries,False,-0.9503454149567787,161.86861603911768,-0.9932946588223859,186.63882229267165,-0.8561965613153001,148.89217818248636,0.30603457873210443,72.1795825360374,0.8180896080705438,35.105989086568925,0.05010231573145444,272.87185359884364,0.8835119214272362,332.06895046957163,-0.26496124949149047,254.63534975030433,-0.5391517475265498,122.62591327712855,-0.5232725880609577,121.55202736296468,0.9794219491909312,348.35639891139704,331,127,161
Keith Whitley,1955-07-01 12:00:00,1989-05-09,33.85352498288843,overdose,Cancer,Water,False,False,Cancer,False,0.6421886676047143,309.9552172100967,-0.7184793552551582,224.07092451372722,0.9695532562474645,345.8252253392243,0.9118564899587762,335.76317874983454,0.9548851841117714,342.7239815321624,0.6111859035096693,307.6753009913894,0.5157652102504081,58.951383569763664,-0.9284623250254745,158.19637434778065,0.22942225782068593,76.73693995373381,0.19686767660960672,78.64615124201686,0.41991956484750403,65.17049061261179,182,129,53
Mindy McCready,1975-11-30 12:00:00,2013-02-17,37.215605749486656,suicide,Sagittarius,Fire,False,True,Gemini,True,0.15061295131859892,81.33755035534577,-0.9318222947935826,201.27931713515233,-0.1479238722358353,98.50663103118913,-0.4490307951122542,116.68151775902135,-0.282584636180506,253.58547538134096,0.6163482892597396,51.95004515872603,-0.15260353299830626,98.77783537707309,-0.8782933221967897,151.43716826530144,0.15105822394392096,81.31174284569639,0.0049250411689887525,89.71781478629873,0.9999967053308019,0.14707662563310464,334,48,79
Troy Gentry,1967-04-05 12:00:00,2017-09-08,50.42573579739904,accident,Aries,Fire,False,False,Libra,False,-0.874745127810113,151.01482592869638,0.6836474879011921,46.870667645517244,-0.9474016068721554,161.33422204675526,0.05966803651806369,86.57924147776788,0.5529050277107092,303.5665391831464,0.023994254542377216,88.62509853327971,-0.21972383061765977,257.3071872385319,-0.8029570694847232,216.58658320809513,-0.32253969245890934,108.81658445125575,-0.47382311613775946,118.28275086337939,-0.2528212894110447,104.64452458328115,95,251,156
Errol Flynn,1909-06-20 12:00:00,1959-10-14,50.313483915126625,cardiac,Gemini,Air,False,True,Pisces,False,-0.373089026542231,111.90625215839316,-0.5527881294516234,236.4414986340137,-0.738481931839552,137.60225951627086,0.5718215146245207,55.122656570761905,-0.7641637209865477,220.16734979380206,0.11061104370130466,83.64945925122882,-0.3384751121973794,250.21600312772497,-0.8635816417200948,210.27886022042625,-0.34151778873594213,109.96937296424323,0.34207273530849164,69.99679328188967,-0.2893464788047971,106.81883471257643,171,287,116
Tyrone Power,1914-05-05 12:00:00,1958-11-15,44.5284052019165,cardiac,Taurus,Earth,False,True,Leo,False,-0.9890620483075494,188.48207844452585,-0.6018043111817128,126.99923150475888,-0.7298482169934256,223.12632894079212,-0.98106752163334,168.83319467851877,0.3799841745589436,292.3327023972195,-0.10105865298477393,264.1998643279369,-0.9917858496005687,187.348804333513,-0.9965222024264416,184.7798660514092,-0.16545788180678403,99.5238347787147,0.42975867685206265,64.54775385358143,-0.780364580329139,218.70603183737552,125,319,171
Gene Kelly,1912-08-23 12:00:00,1996-02-02,83.44147843942505,cardiac,Leo,Fire,True,False,Virgo,False,-0.9561253410531155,162.9648754592812,-0.9934242227524573,186.5742989638165,-0.78535456023381,141.75348264789423,-0.9880944028385438,188.8500361273844,-0.8317155041863588,146.27536715598902,0.8628657041070926,30.36011711152574,0.31982313977925053,288.6522294688524,0.9998821564077452,0.8796195669921758,-0.9998323155080089,181.0492769893298,-0.8910098254987862,153.00041664418904,-0.9943813981562509,186.07652533128285,236,33,162
Fred Astaire,1899-05-10 21:16:00,1987-06-22,88.11225188227242,disease,Taurus,Earth,False,False,Leo,False,0.7593833408746068,40.59013529787641,0.9657484059274618,344.9607738733107,0.12463100181657208,82.84055289171417,0.5419260370701228,57.18515097077547,0.9385152875686225,339.8036947525288,-0.9881979977043748,171.18862806522966,0.9951584800734541,354.35967838771865,0.9522594980471433,17.77559847214718,-0.9719869595827189,193.59367326900866,-0.7958141981648837,142.7322264820353,-0.1001756445852822,95.7492849595044,130,173,43
Ginger Rogers,1911-07-16 05:35:00,1995-04-25,83.77275838466804,cardiac,Cancer,Water,False,False,Taurus,True,0.212234730473797,282.2533453923775,0.9999845342750736,0.3186569028428039,0.19096691309979905,281.00921751222603,-0.8967743696304059,206.26274060255867,-0.30984355992459933,108.049802941579,0.7708348856947459,39.57107983597393,0.5386840097013094,302.5940985448495,0.9987551817843443,2.859141566575886,-0.99729457206656,184.21554351273204,-0.881681089728532,151.84582194393664,-0.9999820777426945,179.65696800197875,197,115,82
Gene Tierney,1920-11-19 12:00:00,1991-11-06,70.9596167008898,disease,Scorpio,Water,False,False,Capricorn,False,0.973170325362115,346.69787136325783,-0.34688826864431205,249.70289460338333,0.9729441678466563,13.358329601838165,-0.0879225318511948,264.95589691129896,0.3473999950621874,290.32836941447675,0.9953399198680066,354.4664591450751,-0.6171519083597455,128.10844872566625,0.6295699525454346,309.0184015371827,-0.8720161597753932,150.69378229265618,-0.6615181808874023,131.41576092560507,0.38281644837041484,67.49175056624009,324,310,14
Linda Darnell,1923-10-16 12:00:00,1965-04-10,41.48117727583847,accident,Libra,Air,True,True,Virgo,False,-0.9995635805275114,178.30720064037703,-0.9249459719018961,202.33979057336873,-0.9753889453609715,192.73788995658484,-0.9793853990962306,168.34602723117374,0.9417725431114475,340.35139476593713,-0.9946897351219088,185.9072873203419,-0.7623601616175476,139.67270863838831,-0.9987083406737796,177.08755065867916,0.010410301281621927,89.40352289896731,0.4728732675273578,61.7790312238579,0.1329627315363567,277.6408309798918,289,100,176
Susan Hayward,1917-06-30 14:26:00,1975-03-14,57.700205338809035,cancer,Cancer,Water,False,False,Gemini,False,-0.25730151293937625,255.08999648647466,-0.8440346758197027,147.56865641749343,-0.4539307886907181,243.00383962697228,-0.03927016251745013,267.74940671689274,-0.5388916773456283,237.39177764975142,0.48261090600643664,298.8560636968881,0.9467223720477598,341.2130029413322,-0.3651267763248618,248.58461505810257,-0.618203497668674,128.1850627144333,-0.07446745027192235,94.27062388478657,0.8085065734364566,323.9502751849592,181,73,108
Dorothy Lamour,1914-12-10 12:00:00,1996-09-22,81.782340862423,cardiac,Sagittarius,Fire,False,False,Sagittarius,False,0.21058611761891705,282.1567024366813,-0.6257009659364702,128.73365500266715,0.29248218576538826,287.0066194476507,-0.19860972684832887,258.54432858876316,-0.6872090465174766,226.59041525315598,0.7672591530340989,320.10839714441005,0.07940795986153706,274.55453607128635,0.9900850382456649,351.92499796622246,-0.9961089219015646,174.9439247675018,-0.8606174373719587,149.38597956197685,-0.786265518532783,218.1621247898182,344,266,78
Paulette Goddard,1910-06-03 12:00:00,1990-04-23,79.88501026694045,cardiac,Gemini,Air,False,False,Cancer,False,0.7778222056129476,321.06160881752544,0.9934923411005382,353.4598784125362,0.9780636514187673,347.97688739043554,0.7470397286861764,318.33459660856454,-0.7470413053117438,221.66526750558828,0.01935363561106643,271.10895087479673,-0.11706317541174333,263.2773598006597,0.9649409026006047,344.7834897849623,-0.9985098561543964,176.8717196131431,-0.7744352870926557,140.75386177450875,-0.26104833728260585,254.86772414390833,154,113,41
Ann Sheridan,1915-02-21 12:00:00,1967-01-21,51.912388774811774,cancer,Pisces,Water,False,False,Aquarius,False,0.8568814740004759,328.968217672741,0.9950463803940434,5.7052988414128905,0.871845345204593,330.6737937905065,0.8403359942114098,32.82438319690527,-0.4142753938322618,245.52630713107703,-0.8201614578859703,145.10095957250394,0.0028529648794772245,270.1634630684424,-0.7499461970419435,221.41428247211306,-0.43534550953591006,115.80728122204467,0.17046824519216588,80.18495507122783,0.24389199777123827,75.88363629719396,52,21,31
Hedy Lamarr,1914-11-09 21:30:00,2000-01-19,85.19096509240246,cardiac,Scorpio,Water,False,False,Scorpio,False,0.30792067726865296,72.06603455943528,0.8775031329640571,331.3426191921094,0.17748660083293985,79.77660449033502,0.9804880369066272,11.33696522288372,-0.22536920291550666,103.02458956502119,0.30136408805832315,72.46044815612788,0.6237851328816574,308.5930748870277,0.9905747231490357,7.8727487421032265,-0.9982269756646901,183.41239398088896,-0.940099361970099,160.06824965313996,-0.8850002643517139,152.2515538305703,313,19,71
Greer Garson,1904-09-29 12:00:00,1996-04-06,91.51540041067761,cardiac,Libra,Air,False,False,Leo,True,-0.9814022881076395,191.06732767247638,-0.982522780764667,169.2722571309477,-0.7840499095186834,218.36710830030648,-0.8249776483689438,214.41377471647502,-0.7516448647584153,221.2669372624664,-0.19474092346231672,258.770410536421,0.704329193625672,45.22462393113864,0.7886145747573108,37.94377080158051,-0.9428396998016231,199.46595018909323,-0.9462568707405066,161.1303611945367,0.8667660225390346,29.915022162235175,273,97,176
Norma Shearer,1902-08-10 12:00:00,1983-06-12,80.83504449007529,disease,Leo,Fire,False,False,Cancer,False,0.5600419553578286,304.05869928454274,-0.5068690996493507,239.54449385004676,0.20863153706509405,282.04216887298435,0.9539225615266185,17.460780828477695,0.9044983845712157,334.755808407799,0.38150806662365266,292.42712710083276,0.09028067089592966,275.1797540818796,0.9820500972979654,349.1277243000078,-0.9965263677234364,175.22299884716898,-0.6084458852562988,127.47721498501224,-0.5522619338892659,236.47767010343074,222,163,59
Claudette Colbert,1903-09-13 12:00:00,1996-07-30,92.87611225188228,cardiac,Virgo,Earth,False,False,Scorpio,False,0.7440907472701084,318.0810603439932,-0.46411369998933555,242.34712269488654,0.6553537148682625,310.94647593235334,-0.04481816996443301,267.43124756365137,-0.7733120518482203,219.3477529759782,0.3670197755608385,291.5319361159861,0.4368204016723405,64.09881445174375,0.7580895250125282,40.70393711933042,-0.9379159898070808,200.29553141360597,-0.9377333984486743,159.6743290367604,0.9980320569665967,3.5951344734692157,256,212,44
Irene Dunne,1898-12-20 12:00:00,1990-09-04,91.7015742642026,cardiac,Sagittarius,Fire,False,False,Leo,False,-0.2920764249826381,253.01769047426677,0.876980316245945,331.2802188677797,-0.22946299211453616,256.7345420806063,-0.09605895858900411,264.4877275661738,0.40763800100406195,294.05654383302,-0.01160673780838289,269.33496797731226,0.8421718783071463,32.6298197330471,0.8629296747793237,30.352864629506627,-0.9474128907688772,198.66375777169895,-0.8744391359897191,150.97866690134083,0.8964025864742092,26.310840205696422,354,247,107
Myrna Loy,1905-08-02 12:00:00,1993-12-14,88.36413415468857,natural,Leo,Fire,False,True,Scorpio,False,-0.6822978737910916,133.0234690151745,-0.6422791937053467,129.96198394810042,-0.07948046879413348,94.55870369966908,-0.9804989657588454,168.66622059406205,0.8124209291308542,35.66685836600135,-0.9045845515058099,154.76738713159256,0.9953215988802254,354.4555838474901,0.9410676562002814,19.768364722180934,-0.9824338002775103,190.75509714991784,-0.9002731291454524,154.19399209960307,-0.015158240763833118,90.86853648370865,214,348,134
Rosalind Russell,1907-06-04 12:00:00,1976-11-28,69.4839151266256,cancer,Gemini,Air,False,True,Capricorn,False,-0.9939405494636648,173.6893543398893,0.9234453989328553,337.43508980125847,-0.9910943928942347,172.3476957660281,-0.47826568282735327,241.42780783534826,0.7252393671494741,316.4887639993674,0.6600221302398697,311.3015605912716,-0.7710973947219107,140.45253646726184,0.4600154091350316,297.3881018303532,-0.8843721425305816,152.17435570771596,-0.35042981023212116,110.5136064756079,-0.10519729207013782,96.03853351555628,155,333,178
Jean Arthur,1900-10-17 12:00:00,1991-06-19,90.66666666666667,cardiac,Libra,Air,False,False,Leo,False,-0.4373874528121213,244.06269121353705,0.717699720783448,44.1351097682429,-0.6943332977280083,226.02588656138374,0.8912773601324555,333.0342008311711,0.9991479247382142,2.3654155692298673,-0.45993583375743946,242.6170329498225,0.8094467051838914,35.9580918076349,0.8437984959423774,32.45656773255533,-0.9579781742280907,196.668931570254,-0.8697676663660455,150.4316520520449,0.6905238619974643,46.32840859946421,290,170,120
Madeleine Carroll,1906-02-26 12:00:00,1987-10-02,81.59342915811088,cancer,Pisces,Water,True,False,Aries,False,-0.8502030354655086,211.76624049252135,0.3851991428420773,292.6561038484629,-0.6105710533317277,232.36919469908833,-0.7700949212223647,219.6375865393873,-0.9390004485608656,159.88436667481258,0.8501090110713773,328.22352800629085,0.18131784020227062,280.44652967968216,0.9682199974755876,345.51656711877513,-0.9990957226657274,177.56319270995624,-0.7426366073034721,137.95650103583029,-0.7452471972749534,221.8196643038076,57,275,147
Frances Dee,1909-11-26 12:00:00,2004-03-06,94.27241615331964,natural,Sagittarius,Fire,False,False,Aries,False,-0.21889869764051867,102.64435645112127,-0.32072175550252335,108.70657920628955,-0.32001887530377254,108.66406638679715,-0.17533854333946497,100.09835983398455,0.6607881337842465,48.63999191657423,0.9058379538391835,334.9363788688496,0.1835977678776534,79.42060981631917,0.7076090703080217,44.95928581265798,-0.9059593879879997,205.0471919580661,-0.9973954386114972,175.8638218455419,0.9176854623506452,336.5900239428455,330,66,101
Miriam Hopkins,1902-10-18 12:00:00,1972-10-09,69.97399041752224,cardiac,Libra,Air,True,False,Leo,False,0.9905493305058021,352.11663666323466,-0.999953100042314,179.44508616452248,0.9986615193303569,2.9647776981213383,0.7775661996220995,321.0382759102429,0.7805355691224932,38.6903622074135,0.8068669190855136,323.7909407402461,-0.8568831832923183,148.96840764930568,0.502340482146668,300.1549662344472,-0.8627190387463441,149.62326105804212,-0.223234051251234,102.89905572647015,0.0600855821479787,86.55527487374474,291,283,8
Kay Francis,1905-01-13 12:00:00,1968-08-26,63.61396303901437,cancer,Capricorn,Earth,False,False,Libra,False,-0.7589604191609944,220.62736374485888,-0.9693042649304646,165.76708453096464,-0.18917164715781395,259.09555357086174,-0.9667221426210426,194.8226921878299,0.2337285438001043,283.5166866362058,-0.786266262726311,141.83794421804035,0.417330072956608,65.33386177834768,-0.060641572282515696,266.5233607884495,-0.7377036363267037,137.53616627368024,-0.03172819922823322,91.81819705106797,-0.8697948185534342,209.56519515622824,13,239,139
Constance Bennett,1904-10-22 12:00:00,1965-07-24,60.7501711156742,disease,Libra,Air,False,False,Virgo,False,0.04714431738419453,272.7021720137828,0.5158826042299334,58.94353225459554,0.5678938408859908,304.6034870771881,0.03502941084374329,272.00744808608096,0.8584071726352746,30.861792003495253,0.5549741163877199,56.29106799879906,0.8451899129966871,32.30771080507424,-0.24783446914084004,255.6505958550338,-0.6305083825192802,129.08764004312047,0.12156970274170735,83.01729675485548,-0.08799810584765505,264.95154999150907,296,205,91
Joan Bennett,1910-02-27 12:00:00,1990-12-07,80.77207392197126,cardiac,Pisces,Water,False,True,Taurus,False,0.12342818175970847,277.0899943126934,0.6448350679035716,310.1533105543184,0.8048354333483022,323.59436521422884,0.6184842506333186,308.20553071720343,0.9817287426357002,10.96946212243656,0.5035627968586793,300.2359940103563,0.04449792199550323,272.5503852548993,0.9640765359071538,344.5959295379268,-0.9980850934531729,176.45365690723256,-0.8080757458814782,143.90835039268438,-0.5341865061252337,237.7112409310185,58,341,82
Mary Astor,1906-05-03 12:00:00,1987-09-25,81.39356605065024,cardiac,Taurus,Earth,False,True,Gemini,False,-0.763319112218127,139.757683725243,0.5452288838038589,56.95969386350981,-0.9831326073916061,190.538382435575,-0.6320494655330845,129.20149076421234,-0.3114624209678125,108.1473848853133,0.736718944370414,317.45266491817983,0.05067575763312327,272.90475119100245,0.9642622167553164,344.6360322230429,-0.9987140700098149,177.09401851417408,-0.7328229025101233,137.1235729283884,-0.6985900462739113,225.686007609638,123,268,145
Olivia de Havilland,1916-07-01 12:00:00,2020-07-26,104.06570841889118,natural,Cancer,Water,True,True,Virgo,False,0.9087058250959203,24.672885634152436,0.005515033906769266,89.68401023142043,0.8925105964908915,26.809557338838985,0.9185831079602942,336.71981315570264,-0.8812236455263132,208.20967485045713,-0.17482004758409306,259.9318138372609,-0.986025708862343,189.58980046555808,0.150105911961881,81.36693564048153,-0.6539199682344167,229.16219312668667,-0.9366667636008938,200.5008876462328,-0.8402287001159264,147.16427767212892,183,208,25
Joan Fontaine,1917-10-22 12:00:00,2013-12-15,96.145106091718,natural,Libra,Air,False,False,Leo,False,0.5713193601588098,55.15771991518068,-0.7465847768622795,138.2954004391343,0.5635065063068702,55.70135540919631,0.6947989438473006,45.98880220164071,0.7665138856054146,39.95813735280501,0.7937425109062557,37.46335652942777,-0.09219513663780367,95.28990432921265,0.6590492053409976,48.77259995917859,-0.8999193291128716,205.85253456576618,-0.9958817721038234,185.20166015474683,0.5055293487795568,300.36649802031275,295,349,54
Ida Lupino,1918-02-04 12:00:00,1995-08-03,77.48939082819986,cardiac,Aquarius,Air,True,True,Libra,False,-0.9973380270184753,175.81846401165237,0.9691507317761183,345.7313493659567,-0.9002716029189748,205.8062087754164,-0.9510357678788117,161.99615337050724,0.9964862963489731,4.8044916437348775,-0.9976539218906256,183.9254893894564,-0.7276326337452611,223.31170519660517,0.9047575606772383,334.7906503297462,-0.9789876450524394,168.2337410096997,-0.8096904369645435,144.06569729057372,0.517920024962889,301.19283402014617,35,215,180
Ann Sothern,1909-01-22 12:00:00,2001-03-15,92.13963039014374,cardiac,Aquarius,Air,False,False,Sagittarius,False,0.6003567099121101,53.1045506145519,0.5113872690063673,300.7562792879129,0.9887674919250313,8.595741723234994,-0.15173497572153347,98.72748434363541,0.9949373063894659,5.767821984905424,-0.15148924887397885,261.28675942467896,0.6296169734697775,50.97813081616872,0.8206287853571613,34.85221280221032,-0.9228164254149491,202.65863954558228,-0.9879880395526719,171.11044001389774,0.9519213496685626,17.838951806522388,22,74,52
Donna Reed,1921-01-27 12:00:00,1986-01-14,64.96098562628337,cancer,Aquarius,Air,False,True,Pisces,False,0.97434038486695,346.9924425852541,-0.9818103365051571,169.05513334262733,0.8544977696980287,328.7042947607323,0.4927345281077332,299.5204731879741,-0.47558189548142277,241.60275605350333,-0.8925783284240998,153.19904821176644,0.3061707667432414,72.17138609641569,0.2790848963503849,286.20559606432977,-0.7832732374175305,141.56125469157354,-0.4979338842352567,119.86340076386334,-0.9981279028329447,183.50646574025225,27,14,13
June Allyson,1917-10-07 12:00:00,2006-07-08,88.74743326488706,disease,Libra,Air,False,False,Leo,False,0.04460683445626859,272.5566316816312,-0.8928300141669362,153.23104810509255,0.568092586160968,304.6173228070324,-0.9239146961142704,202.49473468304745,0.9946267543009686,5.942246126285511,-0.8438021446133679,147.54382181485684,0.9997511072137686,358.7216411184372,0.9094183340768905,24.5749070297627,-0.9763966085203232,192.47334087392818,-0.9827423584356156,169.3400562517147,0.11415841243390305,83.44491404121845,280,189,91
Gloria DeHaven,1925-07-23 12:00:00,2016-07-30,91.01711156741958,cardiac,Leo,Fire,True,False,Leo,False,0.9910921588551996,7.653265422518643,0.44269569879343734,296.2760042292128,0.9986911883348574,2.931727411333128,0.9995040396679856,358.19540789795695,-0.2030522651221002,101.71550420872288,-0.4094964741252094,245.826791980712,0.8462073704636249,32.19847269287612,0.8726262956510528,29.23471870826745,-0.9395375372709207,200.02596368484723,-0.9992971714943955,182.1482645082317,0.7710296431902575,39.55355984467619,204,212,8
Esther Williams,1921-08-08 12:00:00,2013-06-06,91.82477754962355,natural,Leo,Fire,False,False,Leo,True,0.508609350825856,300.5712436206118,-0.8407443707377279,212.78119299795716,0.9320755730413612,338.7607054761664,0.9998612453113411,0.9544792374029925,0.5158821074944165,301.05643452234364,0.09885215146526616,275.6730760960848,0.7333041856403125,42.835884422395964,0.8357886683114625,33.30195074862178,-0.9283865798220177,201.81530703160985,-0.9996237654924165,181.57173947367167,0.9140376558739227,23.930571002769256,220,157,63
Jane Powell,1929-04-01 12:00:00,2021-09-16,92.45722108145107,natural,Aries,Fire,False,True,Cancer,False,-0.9540955604045553,162.57228403110565,0.901718128758614,25.615165259323646,-0.9093238083919063,204.5879265172166,-0.9996776979311716,178.54527520222908,0.139133577395086,82.00228678191853,0.18533801705054107,280.68084016066354,0.7995860883202836,36.9094051416497,0.7995167518479565,36.91601969850431,-0.9221929327674749,202.75119102855137,-0.9897553701602834,188.2083757679255,0.979233144325056,11.697079943059364,91,259,168
Cyd Charisse,1922-03-08 12:00:00,2008-06-17,86.27515400410678,cardiac,Pisces,Water,False,True,Sagittarius,False,-0.1653471645937063,99.51740255312745,-0.9043174596472168,154.73151266744486,-0.39198460147477754,113.07804358878985,-0.08956850100100425,95.13878376364062,-0.2914616591618511,253.0545162977008,-0.0510646187096777,92.92706017367166,0.846651810064862,327.84934794255435,0.9759232878448089,12.598285842381529,-0.983617731641115,190.38530680357695,-0.9901165531168488,171.93786269471843,-0.6595884255386817,131.2684913351511,67,169,102
Ann Miller,1923-04-12 12:00:00,2004-01-22,80.77754962354551,cancer,Aries,Fire,True,False,Taurus,False,0.17770175986576905,280.2359223431332,0.8623605400017855,329.58266638221704,-0.29711504504693226,252.71559183847415,0.997744129689012,356.1507477614671,0.8185724822485831,324.9421480074725,0.5228321400501372,301.52241830924953,-0.14515046626431077,261.6540075483227,0.9679063402942768,345.4448845210885,-0.9986424861413109,177.0142124107839,-0.9514103442873794,162.06572034058922,-0.5358855847149997,237.59601046219444,102,22,80
Vera-Ellen,1921-02-16 12:00:00,1981-08-30,60.53114305270363,cancer,Aquarius,Air,False,False,Aries,False,-0.985646125095542,189.71948077942233,-0.1966813752881554,101.34296162159485,-0.9869373286467373,189.27102005571336,-0.999987972955697,180.2810072474255,-0.43617896233951686,115.86033683455292,0.9040819364817905,25.300082208654118,0.9648257929986634,15.241618057177249,-0.15318197909545986,261.1886278028244,-0.6444288287970537,130.12286451352878,-0.2670996889700101,105.49175407190087,-0.014236849050869822,269.18426107750673,47,242,170
Betty Hutton,1921-02-26 12:00:00,2007-03-11,86.03148528405202,disease,Pisces,Water,False,False,Aries,False,0.9737171525004172,13.165266739264212,0.7485881172784096,41.53177617609367,0.9387303006508261,339.83940866797445,0.999912262767374,359.24101573634374,0.5020380568946824,300.13492860996104,-0.06876660160750715,93.94314797387031,0.8382911273942478,326.96010441132387,0.9868929369197059,9.286794370768064,-0.987902827012253,188.92109904925198,-0.9901492479751386,171.9512306950519,-0.7190737884210354,135.97806354827955,57,70,13
Dorothy McGuire,1916-06-14 12:00:00,2001-09-13,85.2457221081451,cardiac,Gemini,Air,False,False,Virgo,False,0.040219795639735136,87.69495371914155,-0.6112296231527281,232.32153407448567,-0.5802138644988865,125.46558613405242,0.8558705949418204,31.143952151792988,-0.4096139665558914,114.18058709269448,0.27747935864861556,73.89017760253122,0.8508988007424497,328.30956287829895,0.9992367906188105,2.2386546707160164,-0.9956333795838685,185.3563446138353,-0.9402412221044872,160.09210604212535,-0.8760419316375492,151.1685287444978,166,256,90
Teresa Wright,1918-10-27 12:00:00,2005-03-06,86.35455167693361,cardiac,Scorpio,Water,False,False,Sagittarius,True,-0.6788237372751262,132.75179396496534,-0.943151476464053,160.5877253595845,-0.7812738437262651,141.37735574850058,-0.687988113024867,133.47106082697627,0.8582659221838089,30.87756526104897,-0.026434176010216644,91.51474316364799,0.8095892293550436,324.05581741008814,0.9724914678517594,13.470135519232144,-0.9926648443528485,186.9439745898726,-0.9774905603912122,167.82026053805313,-0.6391015296531299,129.72485541001726,300,65,130
Jane Wyman,1917-01-05 02:00:00,2007-09-10,90.67488021902807,natural,Capricorn,Earth,False,False,Capricorn,False,-0.45053132358961506,243.22222176931865,0.04844989311161553,87.22293840793577,-0.43319520624213564,244.32949246319893,-0.5065565373487488,239.56526660392566,-0.8106824445283751,144.16266177546183,-0.6962376775464668,225.87407365484145,0.8403968084391538,32.817954639441,0.8752640770637897,28.923755519979977,-0.9617961305096756,195.88853072467828,-0.9928371214919766,173.13815352481294,0.6928330173810409,46.1452127502219,5,253,117
Patricia Neal,1926-01-20 05:30:00,2010-08-08,84.5448323066393,cancer,Capricorn,Earth,False,False,Sagittarius,False,-0.9591785176876929,196.42746600147652,-0.04155721109344516,92.38173868423215,-0.4943219202673181,240.3749530720164,-0.8149586433187425,215.41672716028364,0.33899310329466514,289.8155403599345,0.5051896862344165,59.65605503332034,0.6043922626433667,307.18512222687787,0.9912849496459807,7.569871266862663,-0.9980591738539557,183.57027125384076,-0.9840942506904273,169.76725783900213,-0.9646879629410953,164.72837130819758,20,220,165
Kim Stanley,1925-02-11 12:00:00,2001-08-20,76.51745379876797,cancer,Aquarius,Air,False,False,Taurus,False,-0.9957861449579346,185.2617480468702,0.996628048846552,355.2934749110983,-0.8184645969354951,215.06861193536082,-0.9770157953399995,167.69199330239945,-0.675161639077953,227.533296335619,-0.9971885554421062,175.7026156877806,-0.8702525800544587,209.51199579509068,0.8895719087955898,332.81950234221296,-0.9687706868050788,165.64326776147286,-0.8728838233742539,150.79550765677607,0.7659624495731281,319.9926919451522,42,232,175
Geraldine Page,1924-11-22 12:00:00,1987-06-13,62.55167693360712,cardiac,Scorpio,Water,False,False,Pisces,True,-0.9269714871155953,202.03245867773416,-0.21139619211157984,102.20418522156768,-0.870059227157417,209.5344771941323,-0.778635460388262,218.8641913269191,-0.5060269331666809,120.39954622869573,-0.48357140764442413,118.91891725677328,0.7719258204035679,39.47285778627875,0.12622014270406454,277.2512229351725,-0.7001658472600534,134.44031146442873,-0.4100110676309629,114.20553005454302,-0.6412601288931625,230.1141515586213,327,164,163
Kim Hunter,1922-11-12 12:00:00,2002-09-11,79.82751540041068,cardiac,Scorpio,Water,False,False,Aquarius,True,0.4887523838644724,299.25861232649027,0.034740251376365244,88.00912962126728,0.921943847594022,337.21193419442193,0.8095179404990336,324.04885960666303,-0.8724705899659181,209.2529802742924,0.08672912124943312,274.97546347697585,-0.29237718259659684,252.9996717998883,0.9715151937433849,346.2917949855628,-0.9860834624497397,170.43008292889965,-0.8983060756572923,153.9362940922453,-0.2424476660388042,255.9689512557559,316,254,62
Lee Remick,1935-12-14 12:00:00,1991-07-02,55.54551676933607,cancer,Sagittarius,Fire,False,False,Aquarius,True,-0.9480797371709833,198.54399386456288,-0.9042278857227712,205.28050780982716,-0.8390675745628198,212.95821161405618,0.29739427948214964,287.3011645338704,-0.9594878126638662,196.3646859103034,-0.39393287643714364,246.80056309498366,0.8710890035179955,330.58543637863886,-0.34133129612276636,250.04199541028208,-0.4811404139330666,118.75991076357465,-0.3545050526832562,110.76311325877688,0.9951929088535731,5.620215088944917,348,183,165
Jean Simmons,1929-01-31 12:00:00,2010-01-22,80.9719370294319,cancer,Aquarius,Air,False,False,Gemini,False,0.9882489759727736,351.2077163543519,-0.9908000321373533,172.22206505566143,0.699296332709749,314.3705759036991,0.6032941598288738,307.10619056912407,0.6210782706772431,51.60508166397025,0.47470171853179094,298.33993073016825,0.13260686301936025,277.62025904902833,0.9826635282604446,349.3156668877517,-0.9958318308149929,174.76687310277754,-0.9752898637487266,167.23638872229023,-0.5899484576251585,233.8466493167139,31,22,9
Janet Leigh,1927-07-06 12:00:00,2004-10-03,77.24298425735797,disease,Cancer,Water,False,False,Leo,False,0.04895903111982792,87.1937322877117,-0.4834920636903074,241.08627631612333,0.3967350384196484,66.62577201756581,0.9998684417397933,0.9293973982159116,0.6912761378230798,46.268788685219164,-0.999783387988543,178.80742215336167,-0.5815460550317785,234.4406424578886,0.8666487582896756,330.0715084730821,-0.9765529925442904,167.56821221499246,-0.9021688973864063,154.44464003345485,0.5872649383929629,305.9631592032252,187,277,90
Sandra Dee,1942-04-23 12:00:00,2005-02-20,62.82819986310746,disease,Taurus,Earth,False,False,Gemini,False,0.4887044757136338,299.25546603846215,0.9885269060753451,351.31251623511764,0.5107289796994179,300.71239892076534,0.9111975919809048,335.67137804009684,-0.9802137225678604,191.41664188674662,-0.47737683423014404,118.51421861262394,0.6004781297984115,53.09585114951447,0.1340265566944454,277.7023341567333,-0.7440994276750077,138.08180479860545,-0.773957931736427,140.71065036955378,-0.710018984774864,224.76353999698864,113,51,62
Troy Donahue,1936-01-27 12:00:00,2001-09-02,65.59616700889802,cardiac,Aquarius,Air,False,False,Pisces,False,-0.8320499450727198,213.69010360205877,0.9694252800886952,345.7953131074249,-0.6892322224284448,226.4306366897984,-0.7787340048809138,218.85519221160524,0.28963764041607704,286.8362633303145,-0.9183973414884868,203.30710252641978,-0.10247295636107212,95.88159218444264,0.35002161450070995,290.4886371594543,-0.7676861997510595,140.1465638532303,-0.7252196166197129,136.48712041165302,-0.9882745346382446,171.2173020251854,27,245,147
Tab Hunter,1931-07-11 12:00:00,2018-07-08,86.98973305954826,cardiac,Cancer,Water,True,False,Virgo,False,0.9994319450341557,358.068683853622,0.9673338034947928,345.3149209386706,0.9813858310055887,11.07223861400891,0.5600346776512907,55.94180403305086,-0.7780881382960184,141.08585892298075,-0.25277960004779043,104.64205576774009,0.9657471678972018,344.96050050656925,0.9747665333508199,12.898629665730716,-0.976123343880714,192.54562538395805,-0.9999908916101992,179.75545501326633,-0.4608657198989991,117.44298494499265,192,189,3
Sal Mineo,1939-01-10 12:00:00,1976-02-12,37.086926762491444,homicide,Capricorn,Earth,True,False,Scorpio,False,0.8333831667815028,33.552144076025854,0.29444361393301954,287.12417703487836,0.8705787447888299,29.474036827193117,0.6844060921427076,46.81108245379775,-0.8723962587092102,209.2616943729172,0.659649729052261,48.72683539149904,-0.2729677526844791,105.84094203011242,-0.9930607977976567,173.24626742927492,0.16661127076789212,80.40915073189231,0.32799633931354655,70.85279351760018,0.9989427104902117,2.634952944282702,10,43,33
Nick Adams,1931-07-10 12:00:00,1968-02-07,36.577686516084874,overdose,Cancer,Water,True,False,Virgo,False,-0.8614406536962008,210.5212737381141,0.9732843623229829,13.27370142800882,-0.8399228799492799,212.86802316943204,-0.9729357236335625,193.3604235240971,-0.9947247609805234,185.88775599731883,0.82844015420635,34.06116402928768,0.19875578096276336,78.53579007947246,-0.9361403525599332,159.41316466801067,0.1287886322040668,82.60040238038721,0.46884597031784425,62.04058798303825,0.9763594370992658,12.483197736450336,191,38,153
Brandon de Wilde,1942-04-09 12:00:00,1972-07-06,30.239561943874058,accident,Aries,Fire,False,False,Gemini,False,0.07851640377517555,85.49670633004109,-0.17786090327389853,100.24518819360884,-0.5400909766262842,122.68983223363468,-0.26898436800250625,105.60383977492293,0.7054360903933086,45.13521409384319,-0.9673521380865112,194.68093462469744,0.9506911893448069,18.06761361180307,-0.722087651912151,136.22711091215223,0.4240311253696787,64.91064779362941,0.5586506654154586,56.03746646140236,-0.7080703721785012,135.0781315987207,99,188,89
Bobby Driscoll,1937-03-03 12:00:00,1968-03-30,31.071868583162217,overdose,Pisces,Water,False,False,Scorpio,False,0.8882792347289096,27.34219354547082,-0.9062015785755386,154.98560483947043,0.9225816741300791,22.693528074707103,0.7915332908863807,322.3290316544911,-0.9072028311111983,155.12162104421125,-0.8017605981006984,216.7014424860479,0.9336190892361779,20.993817741913688,-0.7662576478019483,140.01900805783833,0.3662055688761435,68.51820568277267,0.583766757934725,54.28408518757642,-0.4843141330609569,118.96754604347251,62,90,28
Brad Renfro,1982-07-25 12:00:00,2008-01-15,25.472963723477072,overdose,Leo,Fire,False,False,Libra,False,-0.9914222311832491,172.4900727835315,-0.9644530590270285,195.3226436130414,-0.9874241954164037,189.09623573557926,-0.9581748291973727,163.37039483648886,-0.49028066711175405,240.64096932230143,0.42663146959244924,64.74602610991812,0.7804535939116418,321.3021248127066,-0.26248360029668294,105.21748137762759,0.559083427336555,56.00756568984309,0.41609216060704685,65.41188611446242,-0.678517505179941,227.27209599308975,206,15,174
Jonathan Brandis,1976-04-13 12:00:00,2003-11-12,27.578370978781656,suicide,Aries,Fire,True,False,Cancer,False,-0.8988413326601468,205.99381891667988,-0.21796298791341498,257.4105824093831,-0.9129405391347927,204.08507124966022,-0.4129008136477881,245.6128098884487,-0.5036857674082776,239.75585052296097,-0.6509749948035994,130.61515269903825,0.9730771380812641,346.67468579258554,-0.3953566840605981,113.28822138701881,0.5480743678760465,56.76499340019231,0.36336018377867635,68.69329959676904,-0.9934995663321969,186.53648599717633,104,316,153
Lee Thompson Young,1984-02-01 12:00:00,2013-08-19,29.544147843942504,suicide,Aquarius,Air,True,False,Scorpio,False,-0.9665783406303365,194.85486417370825,0.9996428399125917,358.46862336190827,-0.8508126020593197,211.69983724736105,-0.08469056940464707,265.1417683575526,-0.27554544030759426,254.00547852743426,-0.9875660000137285,189.04469845520146,0.9857401659197348,350.31248692818565,-0.49169500028553215,119.45205003239096,0.44247265489558224,63.738247014003605,0.38904322476454295,67.10502085432506,-0.8529190715927717,148.53059754712842,32,231,166
Corey Haim,1971-12-23 12:00:00,2010-03-10,38.209445585215605,disease,Capricorn,Earth,False,False,Pisces,False,0.19421110004811062,78.80135805483371,0.6498777260128187,310.5323835736147,-0.07135611875039442,94.09188190572428,0.44741575485792573,63.42199803969078,-0.5355054691203665,122.37819757853069,0.1441832047606846,81.71001674560011,-0.5188603617144384,121.25583781847665,-0.9291458159645999,158.30205244295848,0.11807252581857319,83.2191244086487,-0.05597454175269464,93.20878209138758,0.9450920934448885,340.9250868718857,357,69,77
Andrew Koenig,1968-08-17 12:00:00,2010-02-14,41.492128678986994,suicide,Leo,Fire,False,False,Leo,True,-0.9998280571385728,181.06251709985824,-0.17605822457263895,259.8597538866804,-0.8774548017819841,151.33684545258734,-0.9929064544814509,173.17148341294003,0.9980843303641562,356.4529501441852,-0.9959282420114484,174.82779082006638,-0.929211979055204,158.31230827346263,-0.9989996010141333,177.43693002024946,-0.040851130230237544,92.34124884383294,-0.22656718322599098,103.0950513010925,0.12945513203902737,277.4381076255882,230,45,180
Dana Plato,1964-11-07 12:00:00,1999-05-08,34.49418206707735,overdose,Scorpio,Water,False,False,Virgo,True,-0.9991627289756313,182.34477388027256,0.5852506975149663,54.17929738451119,-0.8724671293138547,150.74661396952484,-0.1528158208061969,261.2098570733717,0.5238986322832906,58.405870727020385,0.8485648674977734,328.05591788004114,0.345473989213984,69.78926749125327,-0.8886720315815471,152.70684642703932,0.22671800203121742,76.89607654669979,0.1072241120127042,83.84467763606517,0.6048232012283382,52.783879357161624,312,128,181
Gary Coleman,1968-02-08 12:00:00,2010-05-28,42.29705681040383,disease,Aquarius,Air,False,False,Pisces,True,-0.313442244121633,108.26679908145385,-0.998448061110423,183.19250157969753,0.3367584241536068,70.32049766355624,-0.9953434742201905,174.46857146936998,-0.8801952732639046,151.66592809457447,-0.8965054485185494,206.29754056183108,-0.981744908071048,169.0354064195758,-0.9997235564844424,181.34725821128785,-0.03960108218334614,92.26956834385561,-0.21548211199038478,102.44381328402858,-0.14142172108436454,261.8698765294163,39,148,109
Dustin Diamond,1977-01-07 12:00:00,2021-02-01,44.06570841889117,cancer,Capricorn,Earth,False,True,Capricorn,False,0.9006324883296299,25.75867005337267,0.6462333732303917,49.74178733683465,0.7451098292078472,41.83146670768667,0.8348735981300012,326.60267866141345,-0.6152001498974475,127.96646497611246,-0.19261639182246545,258.8944866376278,-0.9845388476516258,169.91165999661058,-0.9972430353057569,175.74447583628813,-0.07691768335650459,94.41141583887034,-0.19180759452649182,101.05829217609576,-0.6736674680602908,227.64924325471503,7,32,25
Anissa Jones,1958-03-11 12:00:00,1976-08-28,18.46406570841889,overdose,Pisces,Water,True,False,Capricorn,False,-0.9654126447706591,164.8868121838798,0.6157982947517138,308.00994873159163,-0.9964545574881633,184.82615483994348,-0.6882501206638916,226.50825011711882,-0.3913280096281782,246.96284269425212,-0.8693521099067119,209.61656243266557,-0.7057071399917032,225.1132988355825,0.07039281951745525,85.96345022377906,0.8013337916897723,36.74234049660183,0.7703827037260902,39.6117322398504,0.998783149635338,2.8268337491220166,70,241,171
Scotty Beckett,1929-10-04 12:00:00,1968-05-10,38.59548254620123,overdose,Libra,Air,False,False,Libra,False,-0.7759930969266974,219.1048428798958,0.987157170409455,350.80749476190636,-0.6706889520938016,227.87973925484675,-0.5277463764952194,238.14668735043077,-0.8414421254797125,212.70728071619686,0.3428723049894913,69.94803265144255,-0.41844857845768657,114.73667844876246,-0.9701269845152073,165.96009164197136,0.1257585615202749,82.77543614922405,0.4892491473540698,60.70875784977467,0.894612317940807,333.45867660595263,277,131,146
Carl Switzer,1927-08-07 12:00:00,1959-01-21,31.45516769336071,homicide,Leo,Fire,False,True,Virgo,False,-0.9732851107767604,166.72648534452392,-0.9522421662502718,197.7788509587224,-0.9868077952182777,170.68302515137597,-0.826015518371629,145.69158475093914,-0.27417025950515994,254.0874268415107,-0.5847562988885144,234.2142244882956,0.859261763260647,30.76620550811066,-0.6666133675067639,131.80621790146438,0.331358371484145,70.64875614199124,0.675279368207128,47.524151492200616,-0.36758439844021135,111.5667178056108,219,21,167
Darla Hood,1931-11-04 12:00:00,1979-06-13,47.60301163586585,cardiac,Scorpio,Water,False,False,Sagittarius,False,-0.7571972460115276,220.7822675753115,-0.9131679845659716,155.94688178763394,-0.6841927049570741,226.82784900046886,-0.9943433334112275,186.0970935031524,-0.9757595578039296,167.35877634646056,0.9731514367365383,346.69316855122275,-0.6436749813966229,229.93359732687557,-0.8553243302795369,211.2044161173921,-0.19826349706765561,101.43543140763921,0.09874081391117906,84.33333443838326,-0.9350618254464593,159.238135577629,308,164,144
Spanky McFarland,1928-10-02 12:00:00,1993-06-30,64.73921971252567,cardiac,Libra,Air,False,False,Gemini,False,-0.0057759279818479625,269.66906186376104,-0.995257342503397,185.58239165919156,-0.11153656099462077,263.5961008411921,-0.938634443275068,200.1765208339336,0.43147241655538654,64.43896025853775,-0.8421062216088944,147.36320432090287,0.2452914936495346,75.80093925436407,0.26607339675226754,285.43074396001873,-0.7629534528382562,139.72526416130773,-0.5691286747534152,124.68948792035587,-0.990723465858486,187.810283625542,276,181,95
Buckwheat Thomas,1931-03-12 12:00:00,1980-10-10,49.57973990417522,cardiac,Pisces,Water,False,False,Cancer,False,-0.8958509278138576,206.38206118061942,0.4446908999711998,296.40356433321955,-0.5781691689928204,234.67812549645555,-0.8758139635551765,208.8585452079916,-0.5183429761565619,121.22116710957945,0.24080070630956654,76.06619649641496,-0.3223410436931136,251.19543948579758,-0.7701338222268491,219.6340925074237,-0.28175212298459007,106.36480475237045,-0.04781961907845995,92.7409076416022,-0.5150953081058031,121.0038257249749,71,284,152
Jackie Cooper,1922-09-15 12:00:00,2011-05-03,88.62696783025325,natural,Virgo,Earth,False,True,Capricorn,False,-0.6310238791120366,230.87429705914104,0.6462297392076578,310.25793982490893,-0.9998737190748259,179.08943473773388,-0.9187801098809232,156.74838888513634,-0.3910631003093546,113.02066479132219,-0.9995686360055198,181.68296540661623,0.9982149218452091,3.4239772715793038,0.9294548973630327,21.64999771060934,-0.9717441927778352,193.65272807819767,-0.9978964318568764,176.28300409307482,0.07352069704804186,85.78377019276482,258,123,135
Jackie Coogan,1914-10-26 12:00:00,1984-03-01,69.34428473648187,cardiac,Scorpio,Water,False,False,Scorpio,True,-0.6274937166891829,128.86545460362967,0.9487641843594709,18.42028779637735,-0.20695016298008878,101.943683610258,0.4364944124808589,64.11957615287116,0.9982728608587829,3.3679359255808947,0.8190574735251929,324.9905542356522,-0.6963171738480761,134.1322720896353,0.5838903340402078,305.7246358249589,-0.8720640781338481,150.69939186917503,-0.4971020590638182,119.80845826151803,-0.15171854367203244,98.72653182878639,299,61,127
Mickey Rooney,1920-09-23 11:55:00,2014-04-06,93.53045859000684,natural,Libra,Air,False,False,Sagittarius,False,-0.9589757235084636,196.4685024330255,-0.8743920813776965,150.97311011046827,-0.9725151102517565,166.53568102400703,-0.6222324315916152,128.47934235662947,0.6092172975826344,307.53292997727135,0.589414450198787,306.1154668146203,0.4164240751590991,65.39097066042885,0.7655224168231844,40.04650905852276,-0.9166965937013893,203.5521734826487,-0.9966455844342176,184.6942642971636,0.9875191672691455,350.9382485671742,267,96,171
Shirley Temple,1928-04-23 21:00:00,2014-02-10,85.79876796714579,disease,Taurus,Earth,False,True,Pisces,False,0.3127475592560947,288.224889429401,0.9897112213443874,8.226073963217075,0.6336472983565966,309.3197291655052,0.003260966956045913,270.18683997485385,-0.7313705632743133,222.99858340644278,0.16199303735680914,80.67740179335473,0.9017050808911427,334.3831055665876,0.9965521208215044,4.759249922223544,-0.9900126214959635,188.10448651122076,-0.9990346291044634,177.48220901016694,-0.7717192995403571,140.5085324821378,114,41,73
Deanna Durbin,1921-12-04 12:00:00,2013-04-20,91.37303216974675,natural,Sagittarius,Fire,False,False,Libra,False,-0.7518229742497263,138.74853724869195,-0.9688166213302194,194.3461142969121,-0.6524071367105395,130.7233364850315,-0.9431843331704719,160.59339029112994,-0.9740643968973444,193.07762687273726,-0.47410786608771016,241.69872083906662,0.8399365444996486,32.86658051604698,0.8301863349943268,33.88211612929075,-0.946298238851511,198.86230873655214,-0.9993663933531926,182.03971939825578,0.8418023895588923,32.66906022100403,338,110,137
Jane Withers,1926-04-12 12:00:00,2021-08-07,95.31827515400411,natural,Aries,Fire,False,False,Aquarius,False,-0.39682729865880134,113.37998682992729,-0.1920609898758198,101.07308570476899,-0.7535464449004712,138.8985229133295,-0.9703653817166846,193.9834935573954,-0.9350106745803283,200.770130424957,0.9909401761126015,7.718376152684243,0.26166145904697424,74.8313298905569,0.6715296375010892,47.81476699172572,-0.8605186921209171,210.6251284144235,-0.976514738729434,192.44196489605497,0.723706613723855,316.3613594235617,102,219,117
Roddy McDowall,1928-09-17 12:00:00,1998-10-03,70.03969883641342,cancer,Virgo,Earth,False,False,Gemini,False,0.9624872339505254,15.743244541002582,-0.5524863075085951,123.53775182340243,0.9996632738369962,358.51307779069674,0.9770370496635117,347.6977074226934,0.42677807361343223,64.73673832189495,0.6554231881456647,310.95174611353497,-0.7481107408466631,138.42698838956443,0.5453564253053693,303.0490238542372,-0.8619677680816331,149.538246940031,-0.74018331445387,137.74703348976516,0.08221100057926473,85.28433450869778,261,276,15
Dean Stockwell,1936-03-05 03:10:00,2021-11-07,85.67282683093771,natural,Pisces,Water,True,False,Aries,False,-0.4862646414356627,240.90463845614985,-0.6660740255893569,131.76477454886242,-0.2796837044586067,253.75867188466762,0.7346104156425733,317.2743069815263,-0.897474743188008,206.17190644380756,0.4910182295060227,60.59247116130712,0.8140591369115289,324.4944374331589,0.9851003459962827,9.902992211389545,-0.9959968375515014,185.12842753211146,-0.999895113716385,179.1701477515281,-0.7974565686737538,142.88790436955702,65,311,119
Richard Jaeckel,1926-10-10 12:00:00,1997-06-14,70.67488021902807,cancer,Libra,Air,False,True,Taurus,False,-0.3900771916161167,247.0406974263854,0.6530136520247681,310.7692055797729,-0.7729184476889659,219.38330883813052,0.11924402897061094,276.8484753639251,-0.6353266318561,129.44421435264482,0.9968181606902928,4.571850006176589,-0.8149377683008492,144.58120902492382,0.6634213007555664,311.5613255805985,-0.8924756099885934,153.18599852000085,-0.7403285359167223,137.75940931187773,0.292340902839759,73.00184544643919,283,165,118
Jeffrey Hunter,1926-11-25 12:00:00,1969-05-27,42.49965776865161,accident,Sagittarius,Fire,True,False,Taurus,True,-0.9980864036679264,183.54512926079695,0.5171119777763825,58.86127271036523,-0.9957537270011687,185.28196335469556,-0.7534880598854654,138.8934345777639,-0.8096456668094417,215.9386734590213,-0.8093383662445692,215.968661707349,-0.9005179153540586,154.2262286251153,-0.9971141372236032,184.35391520457443,-0.001992609120770267,90.11416816839011,0.39443874441123644,66.76902541248084,-0.20876935488128534,257.9497569513271,329,147,182
John Saxon,1936-08-05 12:00:00,2020-07-25,83.96714579055441,disease,Leo,Fire,False,True,Cancer,False,0.9852432493752705,350.1447302774228,-0.9272525624438528,201.9894887985792,0.7396234531672229,317.69934943140026,0.43510892790427097,295.79222533155814,-0.20162795004298512,258.36782671628225,0.8062287395297535,36.27091131325565,0.5966891021219344,306.63313825718694,0.9998608059531311,0.955989228033566,-0.9955362820374507,185.41561375994374,-0.9976789234857912,176.0954912792387,-0.9974378215382249,175.89762751924553,218,207,11
Robert Conrad,1935-03-01 12:00:00,2020-02-08,84.93908281998631,cardiac,Pisces,Water,True,False,Libra,False,0.9348142341649776,339.19815389780183,-0.9482006767107589,198.52219341136518,0.949247642454476,18.332422742163146,0.9981128850602465,356.47949368838283,0.5010488397289111,59.930585028226346,0.6143526257038064,52.095104031159366,0.8099378804549783,324.08986261363236,0.9971979238118333,4.290215056133526,-0.997532298179058,184.02599582847557,-0.9999681037917914,179.54237650521293,-0.921184178932283,157.09981938748115,60,39,21
Clint Walker,1927-05-30 12:00:00,2018-05-21,90.97330595482546,cardiac,Gemini,Air,True,True,Cancer,False,0.9910152104622745,352.31370069637865,0.19364686229792794,78.83431211100336,0.7995069449200768,323.08304482279726,0.9498944002504631,341.7857607676639,-0.9941359445043004,186.20796302909733,-0.671732100602716,227.79910968102124,0.8271535457364073,34.192560968028005,0.88679024536091,27.52735895053376,-0.9277134436053313,201.91885754077308,-0.9934080736476892,186.58237563043167,0.7615457509297744,40.39934197687316,150,141,9
Dale Robertson,1923-07-14 12:00:00,2013-02-27,89.62354551676934,disease,Cancer,Water,True,False,Cancer,False,-0.6685701541429266,228.04319569111473,0.4590600730508022,62.67352764934333,-0.3945851150253512,246.7598987368481,-0.5517895955824869,236.51012646498245,-0.628900157328615,231.03097532731982,-0.8789555949428324,208.4833670201338,0.8871893627173887,27.477839043671025,0.9427874169420103,19.474937295362963,-0.9604582155889801,196.16617649438155,-0.9999987553198473,180.09039961014167,0.3985986757440589,66.50939588106414,195,58,137
Audie Murphy,1925-06-20 12:00:00,1971-05-28,45.93292265571527,accident,Gemini,Air,False,False,Cancer,False,0.9265439219000106,337.90232881107187,0.8044381360550851,36.44397212709265,0.703867285794388,314.7381062828002,0.4708485972454451,298.08939492639604,-0.9643303003484454,195.34923770766875,0.6544633674677394,310.87897215039237,-0.9434387550446413,199.36269006407315,-0.9695547877497969,194.17441632399994,-0.192708741630714,101.11090564058688,0.27021258302213336,74.32308283284765,-0.9797587296042976,191.5476018973679,171,148,23
James Arness,1923-05-26 12:00:00,2011-06-03,88.01916495550992,natural,Gemini,Air,False,True,Gemini,False,0.9893376161728165,8.37435616105239,-0.18362050846385572,259.4192843427687,0.9929076542003601,353.1720615692878,0.9578092348105519,16.702643667302915,0.7675851503140887,320.1375299501252,-0.9790143659672699,168.2412512134551,0.9984307660760972,356.78975422439635,0.9573914290465043,16.78573488349417,-0.9645175333610303,195.30865801469437,-0.9986241648332455,176.99412692048065,-0.131239106993999,97.54120142876803,146,154,8
Peter Graves,1926-03-18 12:00:00,2010-03-14,83.98631074606433,cardiac,Pisces,Water,False,True,Capricorn,False,0.9982956969022242,356.65440977171875,0.231401224452658,283.37958172725496,0.9373636812416575,339.6134321391954,0.6084797035627538,52.52034337033041,-0.9978484189860807,183.75919090204513,0.8930112118869691,26.745892056463504,0.5867645775265352,305.9277473841091,0.9998787788436057,0.8921363372612632,-0.9967222871411353,184.64025426335363,-0.9918357066419698,172.6735624883653,-0.9969790229397001,175.5452766601736,77,73,4
Hugh OBrian,1925-04-19 12:00:00,2016-09-05,91.37850787132102,natural,Aries,Fire,False,False,Gemini,False,-0.7001680970133584,134.44049200383424,-0.7022875678888393,225.38917475866506,-0.863245525505589,149.68296699943988,-0.9404949859863959,160.134849663114,-0.9999657415236868,179.5257330166893,-0.3854307590717025,247.32951508696968,0.8807360815004044,28.26871564736348,0.8622311619705377,30.431971738735058,-0.9353122544091104,200.7213495025706,-0.9981240638153234,183.51006029113495,0.8427945144712664,32.56359930819096,109,249,140
Jack Palance,1919-02-18 12:00:00,2006-11-10,87.72347707049965,natural,Aquarius,Air,True,False,Pisces,False,-0.18814881915436354,259.15522892648903,0.2281137680740115,283.186046782508,-0.17716344347212873,259.7954181964591,-0.46859542531583603,242.05683887947887,-0.5765236408351627,234.79359633255888,-0.7766589697070481,140.95568353442343,0.9999996089660931,359.9493307060179,0.9739870092308577,13.097208383743919,-0.9857200247007133,189.6943685502057,-0.9862377657468587,170.483408304779,-0.22919189433282686,103.24949986788903,49,314,100
Lee Marvin,1924-02-19 12:00:00,1987-08-29,63.520876112251884,cardiac,Aquarius,Air,False,False,Sagittarius,False,-0.9944527543562282,186.03778014802506,0.2134189570143112,77.67721249661187,-0.7971168251058138,217.14434521367144,-0.8636808836170723,149.73241903140226,-0.26573228442278635,254.5895302104336,-0.6803562244987856,132.87148595716243,0.7391344057716195,42.342267663646766,0.10854617267909689,276.2315155781484,-0.7266835180940774,136.60907745106232,-0.4569013750445079,117.18733893161729,-0.853848593396986,211.36723581126952,50,241,174
Charles Bronson,1921-11-03 12:00:00,2003-08-30,81.81793292265571,disease,Scorpio,Water,False,False,Virgo,True,0.4411331072561741,296.1762002061199,0.33256186965708484,289.4243445187691,0.7920420809552461,322.37675873340964,0.7973193935953904,322.8748803710856,-0.9171055615984344,156.50653686119887,0.7941886630212726,322.5786898603362,0.12846644889376538,277.3809832455389,0.9959186003256862,354.8216665290209,-0.996498176433011,175.20364215325483,-0.9223862040532853,157.27746005064546,-0.7936638850832636,217.47076223257312,307,242,65
James Coburn,1928-08-31 12:00:00,2002-11-18,74.21218343600273,cardiac,Virgo,Earth,True,True,Gemini,True,0.20522054887855704,78.1575899284345,0.560858596582422,55.8848037657454,0.3912826675512944,66.96566570849521,0.8118996500682678,35.71805023700415,-0.6154208696523921,127.98250779466599,-0.1265179025086857,97.26842118856814,-0.9652597103730204,195.14675936823573,0.7490753358872221,318.5103439967998,-0.934668013874726,159.17457632390628,-0.8546859488606049,148.72505706973976,0.9968063358033209,4.580341986018809,244,322,78
Robert Vaughn,1932-11-22 12:00:00,2016-11-11,83.96714579055441,disease,Scorpio,Water,False,False,Virgo,False,0.9833686760653005,349.5358298463222,-0.9284248517711693,201.80940549865744,0.9275960338331488,338.063128580162,0.4279639779549477,64.66158170101048,-0.8442490436794704,147.59156617123648,0.9187928328383959,23.249764470800613,0.7111019786957579,315.3246462163478,0.9996687789337898,1.4747166842505344,-0.9999001052905219,179.19013526242813,-0.9906538507569348,172.160419651337,-0.9974456084322499,175.90386882560873,327,316,11
David McCallum,1933-09-19 12:00:00,2023-09-25,90.01232032854209,natural,Virgo,Earth,False,False,Scorpio,False,0.9943678927065313,6.083830890039252,-0.704454863985975,134.7855201491349,0.9536389470146133,342.4851434597902,0.26225105546664573,285.20367383549547,0.8891885682590295,332.771459190202,-0.7329868510323146,222.86261973851194,0.9300891377435218,21.55128581210539,0.8971591932528719,26.21286753944056,-0.9633039766719574,195.56984293156856,-0.998170257816418,183.46656081313375,0.5153276602066957,58.98064123538529,262,268,6
Martin Landau,1928-06-20 12:00:00,2017-07-15,89.06502395619438,disease,Gemini,Air,False,False,Aries,False,0.9113563291418485,24.30653574644505,-0.46936358090912605,242.00700687642694,0.828960939377866,34.007851157724716,0.9695475079611727,345.8238804498825,-0.01769695000735684,91.01401347884116,-0.9504327128417845,161.88469570640697,0.9911938212704834,7.6094032591555845,0.9323860599648603,21.190133536518015,-0.9555763350528259,197.14217109549236,-0.9995079047568308,181.79754604908848,0.21969516119132354,77.30887101824274,172,196,24
George Peppard,1928-10-01 12:00:00,1994-05-08,65.59616700889802,disease,Libra,Air,False,False,Gemini,False,-0.7703426528264289,219.6153312456758,0.9809321473002,348.79321505175517,-0.9176312711777616,203.4177897409213,-0.7413239825342018,222.15567897964195,0.3255402976701859,288.99831196523263,-0.9999999974471496,180.00409402329643,0.059071114383821774,86.61350303222122,0.35870597681960326,291.02074688175384,-0.7984523965200022,142.98257020055712,-0.6243074603130376,128.63137491614324,-0.988320837310381,171.2346941371054,275,128,147
Michael Parks,1940-04-24 12:00:00,2017-05-09,77.03764544832306,cardiac,Taurus,Earth,True,False,Gemini,False,0.9663605836277969,14.903452446927616,0.8487523481909115,328.07622610575834,0.9616755942722565,15.913737899040306,0.2865012983397741,286.6486093193388,0.998993583049178,357.429231132721,-0.984078902930002,169.76230897475568,-0.6076301714511138,232.58165451850624,0.905877386441349,334.9417127135748,-0.9869776452301842,170.74332927203832,-0.9805093309051023,168.66924290460844,0.641839375796184,309.9291142592241,115,129,14
Richard Crenna,1926-11-30 12:00:00,2003-01-17,76.12867898699521,cancer,Sagittarius,Fire,True,False,Taurus,False,0.6504750202857138,49.42257405290363,0.0496938847418541,272.84842303963165,0.6807341171468801,47.09896378541626,0.9999645698433668,0.4823090917645061,-0.9034461290817835,205.38519082265387,-0.9950914201834598,174.32071888080097,-0.9165352301970291,203.57530045932714,0.8790179567516805,331.52412610632,-0.9571317797252584,163.16282798134247,-0.8931265616822411,153.2687973491416,0.8435276710458159,327.5145294815163,334,17,48
Raymond Burr,1917-05-21 12:00:00,1993-09-12,76.30937713894593,cancer,Taurus,Earth,False,False,Taurus,False,-0.3402666208286014,109.89311887888934,0.5885071239277134,53.94885939473531,-0.6291363494097119,128.9864326665062,0.30132614301993305,72.46272823586992,-0.9267856434797711,157.93917383382845,-0.8321821107130926,146.3235504042728,-0.875559421988928,208.8887476765029,0.8154010504813038,324.6270361698518,-0.9701835256166367,165.97345152893058,-0.7671080710154864,140.09490168089985,0.8092067171205093,324.01849779056965,141,255,114
William Talman,1915-02-04 12:00:00,1968-08-30,53.56605065023956,cancer,Aquarius,Air,False,False,Aquarius,False,-0.9234842842085476,202.55910342105557,0.6186082479518734,51.785427555054866,-0.9137995876156657,203.96417631137322,-0.021792653777151543,268.75127406010574,-0.9787692213234949,191.82747306193747,-0.9693782298804543,194.21566857283764,0.489103852088394,299.2816973778575,-0.6899256810905375,226.37577382954365,-0.4272454891969405,115.29287855106823,0.14501828778158557,81.66166180503227,0.7205309078755847,43.90166941471841,35,243,157
William Hopper,1915-01-26 12:00:00,1970-03-06,55.1047227926078,disease,Aquarius,Air,False,False,Capricorn,False,0.7656553706056418,40.03466802945195,-0.22254272243445675,257.1415766471322,0.9785577548035618,11.886441264887594,-0.10707763806737518,96.14688142866339,-0.043951207018804096,92.51903011635778,-0.38049526985537374,247.6356358178034,0.6307133300566329,309.1027703630739,-0.553833905590351,236.36956539845002,-0.5299374901494684,122.00123138663544,0.07349079091263443,85.78548833603723,0.9696838334742606,14.144190612281363,26,65,39
Lee J Cobb,1911-12-08 12:00:00,1976-02-11,64.17522245037645,cardiac,Sagittarius,Fire,False,False,Taurus,False,0.39710047650935787,66.60296004927082,0.9289617293541527,338.2735417283498,0.938691726462539,20.167003009607697,0.15844715001839424,80.88322525895461,0.9393010920587438,20.065486731055145,-0.7806339226091759,141.31865345543963,0.28940982749991356,73.17737343981679,0.175741814629519,280.1218300157841,-0.7696168679045193,140.31949638292923,-0.22944067044719854,103.26414392470878,-0.9471232069064746,198.71555392978598,342,42,65
E G Marshall,1914-06-18 12:00:00,1998-08-24,84.18069815195072,cancer,Gemini,Air,True,False,Leo,False,0.42670241507690415,64.7415315973369,-0.8700175409827867,150.46067793879985,0.9080637736070688,24.76086410184989,0.9630840380645301,15.616722510777251,0.9192832306571143,336.82151908041146,0.8322611660110476,33.66828007391587,0.6591179531955961,311.23263753665066,0.9997573271721611,358.73771625765846,-0.9984435289593797,183.19716094531248,-0.9047178796161233,154.78531295329503,-0.9897075161802771,171.77244244556948,169,236,67
Edward G Robinson,1893-12-12 12:00:00,1973-01-26,79.11841204654347,cancer,Sagittarius,Fire,False,False,Scorpio,False,0.6989296688414652,45.658805864201554,0.05104109376623272,272.92571053370455,0.4208908968663202,65.10915368597304,0.942581846539995,340.48976498144134,0.8517032966194983,31.60258457464559,-0.49363615055894733,240.4201432909703,-0.6283834109742511,231.06904601947838,0.9377572775977484,339.67826822914003,-0.9962472861051047,175.03469115926333,-0.4180553555700506,114.71187470323805,-0.005355167076310866,269.6931700613927,346,26,45
James Cagney,1899-07-17 12:00:00,1986-03-30,86.69678302532512,cardiac,Cancer,Water,False,False,Virgo,False,-0.2614310039005977,254.84501019630466,0.8962887032139226,26.325557569098095,-0.8919171974315625,206.88484145981116,0.31453594750548614,288.33280164897025,-0.22616916249862598,103.07163864287321,-0.6151305905781725,127.96140984544468,0.9892199128790614,351.57946503951337,0.9505666356923242,18.090609781759184,-0.9842873813173895,190.17026383957932,-0.7728930030541895,140.61439356971147,-0.546153240550751,123.10350733435243,198,89,109
Pat OBrien,1899-11-11 12:00:00,1983-10-15,83.92060232717317,cardiac,Scorpio,Water,False,False,Sagittarius,False,0.8882604278730301,332.6554604892792,0.9314603979645172,338.66362076024524,0.5052423739178764,300.34744300456623,0.060802802792515605,273.48589411733997,0.0627637567885695,273.5984635774215,0.9464994402302958,18.826618390557883,0.6874400735680792,313.42780856084175,0.999967519558752,359.53820442617837,-0.9999880580395671,180.2800115053637,-0.6814114234446124,132.95403534510524,-0.9984377045479862,176.79686109738856,315,288,27
George Raft,1901-09-26 12:00:00,1980-11-24,79.15947980835044,disease,Libra,Air,True,False,Scorpio,True,0.5047984822881009,59.68202391670127,-0.40261477967125625,113.74174307588189,0.9390443269351205,20.10832199245891,0.9841451354402345,349.78368252344865,0.7130511141010957,44.516292273228146,0.012426817249578018,270.71202250775576,-0.04717750061562814,267.2959246092279,0.9556110496558282,342.86457842931657,-0.9853583695634315,170.183341635924,-0.5669245073932537,124.53603954447723,-0.01944781074811493,268.8856522715621,269,329,60
Franchot Tone,1905-02-27 12:00:00,1968-09-18,63.553730321697465,cancer,Pisces,Water,False,False,Scorpio,False,-0.9543464414853254,197.37965738591438,-0.7075255481515802,224.96605789852458,-0.6077440569057111,232.57343826480044,-0.9971633354906172,175.68337488190735,0.15518377798977434,278.9274549256097,-0.7670326353881842,140.08816478501655,0.517116604766543,58.86096297565115,-0.0730179132447398,265.8126552204111,-0.7526459846290616,138.82010403864206,-0.05380066390035878,93.08403999664488,-0.8595825427974517,210.73025691390438,58,262,161
Robert Young,1907-02-22 11:53:00,1998-07-21,91.40588637919234,disease,Pisces,Water,False,False,Sagittarius,False,-0.82714058032217,145.8061171767361,0.9965717361533883,4.745684919395984,-0.9176922472085256,156.591002407165,-0.9695833102769541,165.8322589220555,-0.8630702272228928,210.33692441125135,-0.05194586359108672,267.02238110689194,0.6789941345249825,47.23490891659776,0.8679383156294134,29.78006477517249,-0.9349189680455494,200.78494237492998,-0.9598372800038134,163.70653136366104,0.8477479778132442,32.03243461979123,53,202,149
Walter Pidgeon,1897-09-23 12:00:00,1984-09-25,87.00068446269678,cardiac,Libra,Air,False,True,Libra,False,0.9994566415159178,1.8888632774200573,0.6847707375840748,46.782420373249266,0.98975871217362,351.79296550782783,0.44493696733948235,63.5806939744609,0.4292517098539063,64.57991885795195,-0.19614132939115236,101.31140458958185,0.9749898718067805,347.1588205538175,0.9700283538321386,14.063183665937657,-0.9942094229200976,186.1689087259082,-0.7216578778704291,136.19152807646327,-0.4574848716636787,117.22492957538523,266,269,3
Van Johnson,1916-08-25 12:00:00,2008-12-12,92.29568788501027,natural,Virgo,Earth,False,True,Libra,False,-0.3241709056780296,108.91535213394556,0.7850480191791386,321.72511966684147,-0.09176946062936342,95.26541105454584,-0.9522597596648699,197.7755493725287,0.5252547644265881,58.314604547766805,-0.18804270656700098,259.1614192223927,0.5608098027467446,55.88818048496253,0.8509335436698696,31.6866476348917,-0.9487363215627687,198.4253393316193,-0.9980575011024685,176.42819001371464,0.9667342093352661,14.819989467013386,238,347,109
Robert Walker,1918-10-13 12:00:00,1951-08-28,32.87063655030801,overdose,Libra,Air,False,False,Sagittarius,False,0.7074812425688629,315.03035007207177,-0.9976453283668022,176.0673249636442,0.7865322479548273,321.862615375501,0.9069897763147023,335.0926201620472,-0.5330625847797893,237.7873841536936,-0.032747522241674924,268.1233696676085,0.806648230920188,36.23026467339241,-0.752555461127486,138.8122273573663,0.3646614008497125,68.61325377640907,0.7274518456885289,43.32680351035289,0.10139141475101832,84.18070004677469,286,240,46
John Hodiak,1914-04-16 12:00:00,1955-10-19,41.50581793292265,cardiac,Aries,Fire,False,False,Cancer,True,-0.9999841460184841,179.6773680464816,0.7794924649264027,321.2141294312801,-0.9685199695619394,194.41455153791102,-0.9982425146124394,176.60259659538818,0.32406257709220665,71.09120881598521,-0.9886748704684871,188.6311754140295,-0.9119794511611223,155.78034646406184,-0.9874747067894651,170.92208878494023,-0.042235963954660366,92.42066253625522,0.5167196289349724,58.887533202559126,0.12481341442546132,277.169980831384,106,292,179
Van Heflin,1910-12-13 12:00:00,1971-07-23,60.60506502395619,cardiac,Sagittarius,Fire,False,True,Scorpio,False,-0.7730699229845798,219.36962864274125,-0.06886141371513436,93.9485932153955,-0.6538639062929111,229.16643865110808,-0.9019793830946072,205.58051947959808,0.07211600635993293,85.86446728049606,0.938307144967951,20.23082041534539,0.8321367345239983,33.6811379512762,-0.2311984811322054,256.6323583955169,-0.6355285023542938,129.4591935285458,-0.00850071327670662,90.48706085973511,-0.03893986519616552,267.76834584589164,347,204,143
Dane Clark,1912-02-18 12:00:00,1998-09-11,86.55989048596851,natural,Aquarius,Air,False,False,Gemini,False,-0.9393310160712772,200.060488903572,0.06291923080890752,86.39261077601901,-0.9526357406513757,197.70485023665435,-0.7422185811649131,222.07925085919928,0.3926539660093464,66.88026196606856,-0.19116519501109988,101.02079145354054,0.9805160127660393,348.67119165001617,0.9894885228615216,8.31477810128024,-0.9899116604665763,188.14541585841198,-0.9300965428119852,158.44986924054808,-0.5843673475136593,125.75830857934244,49,254,160
Mark Stevens,1916-12-13 12:00:00,1994-09-15,77.75222450376455,cancer,Sagittarius,Fire,False,True,Capricorn,False,0.021685072958323576,271.2425605560308,-0.997502028683355,175.94937722841883,0.249524292590873,284.449364066592,0.9746833312822389,347.08003215134806,-0.9855160533396338,189.76352578743536,-0.9579871266675415,196.6671432500673,-0.7851967513911401,218.26112097770306,0.9118175808466834,335.75774867984484,-0.9707769470160692,166.11442869855404,-0.7893140707747391,142.12145647367555,0.44011079150866844,296.11095028377065,348,258,90
Cornel Wilde,1912-10-13 12:00:00,1989-10-16,77.00479123887749,disease,Libra,Air,False,True,Libra,True,0.9983192034809382,3.322431602239817,-0.9833867937686901,169.54154697510427,0.94329557285522,340.6125813016864,0.9236855083193778,22.52903175717671,0.9867739617386069,350.6710589490829,-0.8826193629887391,208.04003190255622,-0.8207422431978144,214.84083569120824,0.8859806789889356,332.3724466185591,-0.9604721503085101,163.83669132260198,-0.6970884045441326,134.19387055949215,0.6503978290868156,310.57160319992585,287,289,2
Victor Mature,1913-01-29 12:00:00,1999-08-04,86.507871321013,cancer,Aquarius,Air,False,False,Capricorn,False,-0.9989139340556487,182.67057661642752,-0.9989832705890882,177.41609152105758,-0.9999813267149152,179.64985440275777,-0.9359110683477525,159.37583632960676,0.48438403679437503,298.97212405711844,-0.47608562889633127,118.43005877669873,0.9830775854685144,349.44439460346825,0.9811996822332689,11.127637996014187,-0.989016720402384,188.49966777653827,-0.9364556540536033,159.46460293930818,-0.5984950558683817,126.76218982665274,29,216,178
Tony Curtis,1925-06-03 12:00:00,2010-09-29,85.31964407939768,cardiac,Gemini,Air,False,False,Cancer,False,-0.4046669887127799,113.8702606257852,-0.648426032130779,229.57696370638075,-0.4769774548701462,118.4881801892567,-0.7510138686052255,138.67827879795874,-0.41118947332172245,114.27957758254776,0.4116844775050855,65.68930494759007,0.8552913567364259,328.7919375375502,0.9985165834775172,3.121209265298262,-0.9941165804016623,186.21821450889863,-0.9864884487902691,170.5706783345631,-0.8638911713343029,149.75633168181116,154,272,118
Robert Stack,1919-01-13 12:00:00,2003-05-14,84.32854209445586,cardiac,Capricorn,Earth,False,False,Aquarius,False,-0.5153882976945535,121.02341287602889,-0.700110681565207,134.4358846728059,-0.6778022139747303,132.67213809483803,0.11738777063572381,83.2586327472606,0.9947917285521584,354.14976772310683,0.8553464789989493,31.201966609123957,0.5047514676390149,300.3148556222916,0.9929037138358571,6.829837148406625,-0.9964685142032162,184.81664072966151,-0.9612591965568094,163.99948047046348,-0.9813176278153392,168.90743185159897,13,134,121
Jeff Chandler,1918-12-15 12:00:00,1961-06-17,42.502395619438744,disease,Sagittarius,Fire,False,True,Capricorn,False,-0.9983176158442708,183.3240008131496,0.13702946661479803,82.1240094711105,-0.9844497122684729,190.11745403299716,-0.674761780344858,132.43565381251426,-0.8900822363997668,207.1164175112782,-0.9186571270920931,203.26945403027514,-0.8702152443769628,150.48366192214948,-0.9994935591865212,178.17643894117347,0.0035630054405129978,89.79585439393657,0.5011648613438799,59.92290342332532,-0.20987623194842078,257.8849007781779,349,168,181
John Payne,1912-05-23 12:00:00,1989-12-06,77.53593429158111,cardiac,Gemini,Air,True,True,Cancer,False,-0.9767234641732188,192.3863351591451,-0.9443701833431782,199.20107786350727,-0.646131450866517,229.74943913372653,-0.3831734361297713,247.46960833899942,-0.4186258023621543,114.74785900986795,-0.8920723433251028,206.8651770649468,-0.6688819642115656,228.01916719351206,0.8735533993158835,330.87423051469574,-0.9828614830065391,169.3770173604501,-0.7477898961015774,138.3992928414501,0.5045178989433264,300.29935465005553,144,340,169
Rory Calhoun,1922-08-08 12:00:00,1999-04-28,76.7173169062286,disease,Leo,Fire,False,False,Sagittarius,True,-0.12830644143187575,262.62826101019164,-0.642372151127868,230.03106687798103,-0.5476455428705296,236.7943631621349,-0.16309335198453234,260.6135087189265,0.7463082937377853,318.27159485437716,-0.9983743235889131,183.26748449188324,-0.8415635949600209,212.6943984312908,0.8981057279648842,333.9101800520302,-0.9805171025616322,168.67150951712784,-0.8616196649947502,149.49892808026942,0.7208434197103709,316.1241587001867,220,118,102
Rod Cameron,1910-12-07 12:00:00,1983-12-21,73.03490759753593,cancer,Sagittarius,Fire,False,False,Scorpio,False,0.9680468806667342,14.523039466270063,-0.8744191278847697,150.9763039780201,0.9480360079101314,18.551870377384944,0.8675213215933792,330.17186627828255,0.847490357316574,327.9397470100212,0.6652684085292445,48.29707974225792,-0.9755303711075052,192.70108746912095,0.7369982499264227,317.47633639737626,-0.9262969762067367,157.86474765534538,-0.5647724240365019,124.38648952183229,0.8882181455219762,27.349813128681845,341,355,14
Randolph Scott,1898-01-23 12:00:00,1987-03-02,89.09787816563997,cardiac,Aquarius,Air,False,False,Capricorn,False,0.7901192274159562,37.803345123853944,0.5915486523709834,53.733017544855954,0.5576928397384949,56.10360807136465,0.9998078772082001,1.1231403450205448,-0.35365091397731696,110.71078465172218,-0.9837195723066458,169.64711213593108,0.9822912145418509,10.798787913516435,0.9160806181632818,23.64034174715829,-0.9537145321763396,197.50046082315146,-0.8382337020227852,146.9540702458454,0.23064439993693758,76.6649867769035,23,61,38
Joel McCrea,1905-11-05 12:00:00,1990-10-20,84.95277207392198,disease,Scorpio,Water,False,True,Capricorn,False,0.9632779218070237,344.4245963288626,-0.1985977601717605,258.5450281644637,0.8564672029056679,328.92220499292125,0.9954001814117192,5.497618455660728,-0.8092621285468025,144.02390190499472,0.38821521808532206,67.15650944520044,0.7995791893760297,323.08993666771187,0.9968181667315236,4.571845663676072,-0.9995523782040763,181.71438928711126,-0.8137174784124729,144.46074574251503,-0.9194746428329651,156.84939875137917,309,293,16
Glenn Ford,1916-05-01 12:00:00,2006-08-30,90.32717316906229,cardiac,Taurus,Earth,False,False,Leo,False,-0.4417900953984999,116.21815215334792,-0.9513022187447884,197.95438768038872,-0.12688223380822827,97.28946542848831,0.5657575673105765,55.545085313791276,0.810520127466297,35.853219555266776,-0.9097582719824036,204.5280321432149,0.8094965628113747,35.95322663191641,0.9170289901520319,23.5044660561839,-0.95152002791437,197.913859580527,-0.9913234735986793,172.44690249417735,0.603322290872751,52.89178839802645,122,242,120
Dana Andrews,1909-01-01 12:00:00,1992-12-17,83.95619438740589,disease,Capricorn,Earth,True,False,Scorpio,False,0.9674623753482922,345.34400808377035,-0.8243511026830037,145.52275813867482,0.7790825519458814,321.17665130884825,0.5268352213243735,58.208128187777845,-0.4851466572579466,240.97791856105874,0.8872171015026264,27.47439433571762,0.6554709643695815,310.955370619625,0.999993174921861,0.21168578289683637,-0.9994161018443142,181.95806595429528,-0.8624852923368972,149.59678717641071,-0.9977166770039724,176.12738809361485,1,352,14
Zachary Scott,1914-02-21 12:00:00,1965-10-03,51.611225188227245,cancer,Pisces,Water,False,False,Cancer,False,-0.7876721809133987,218.03149777224704,0.9996339592345017,358.4497005032836,-0.909638436093956,204.54456619659956,-0.19898453992230453,258.52241602103175,-0.8022414860491589,143.34468477096155,-0.8059628704654421,143.7033476242411,0.010381794976084966,270.59484372176746,-0.7897962336861101,217.83352670691738,-0.38087414909941164,112.38783997632184,0.21125736426683073,77.80395282194485,0.14421389780541147,81.70823959022584,52,276,141
Farley Granger,1925-07-01 12:00:00,2011-03-27,85.73305954825462,natural,Cancer,Water,False,True,Leo,False,-0.04595989515552713,267.3657640370673,0.2869561931039597,73.32418480472788,0.028199781198015774,271.6159426678325,-0.8403068370419752,212.82746494982808,-0.6112777680675641,232.31804863172113,0.0827328575715933,85.25433209860773,0.9187814152997843,336.7485783507427,0.9955498359423149,5.407379241699914,-0.9877098043619922,188.99213526002512,-0.9954005995247543,174.50263160238399,-0.7854287100035773,141.76034609624975,182,86,96
Louis Jourdan,1921-06-19 12:00:00,2015-02-14,93.65366187542779,natural,Gemini,Air,False,True,Cancer,False,-0.5324290030252588,237.83027984196707,0.9933923698375051,6.59022014046991,-0.9778587173520759,192.0793512674046,0.6371610688944396,309.58045182208787,-0.08154611040834336,265.3225582533826,0.9054080865509004,334.8783016554575,0.2494048630170696,75.5577021499808,0.8274445351982629,34.16288207203456,-0.9064911188530218,204.9751335162397,-0.9936098927231131,186.48071975800426,0.9801182905638959,348.5557675157787,170,45,125
Fernando Lamas,1915-01-09 12:00:00,1982-10-08,67.74264202600958,cancer,Capricorn,Earth,False,False,Capricorn,False,-0.05723743307262481,266.7187433551113,-0.5107844295468811,239.28390566368583,-0.2995090324001108,252.57188313322624,0.538859411670882,302.6060277644861,0.8564976375631967,328.9255832529961,-0.19232743480640066,258.9113581098186,-0.44742540486995647,116.57862019840451,0.370491121862985,291.74590922320175,-0.8211197342480825,145.19704103090714,-0.4307325859634624,115.51406087260642,-0.6388076432670072,129.70296581469228,9,281,93
Ricardo Montalban,1920-11-25 12:00:00,2009-01-14,88.13415468856947,cardiac,Sagittarius,Fire,False,False,Capricorn,False,0.6222704046603919,51.51787832802148,-0.26252627050354493,105.22001505480422,0.1580292454800221,80.90747494802952,0.46770351237070534,62.11467047827131,0.9673963440310002,345.3290626017424,-0.7134703590509275,135.5179793902835,0.9995115958861888,358.2092087470327,0.9518565158744381,17.851073800057577,-0.9873259234181869,189.13178238320566,-0.9930035205893876,173.21841910122671,-0.0925895996854428,95.31260248450025,330,14,49
Gilbert Roland,1905-12-11 12:00:00,1994-05-15,88.42162902121834,cancer,Sagittarius,Fire,False,False,Aquarius,False,-0.9108777711835682,155.62693622041087,0.825160704231854,34.39521234525165,-0.951654025123992,162.11111761361042,-0.9394285519441624,200.04419043234975,0.4078677548837715,65.92903930314662,-0.9318705944908606,158.72830956176674,0.9720824241187433,13.57038175201967,0.9218997571247661,22.79458711205956,-0.9716279165926216,193.68092453626434,-0.9061292515146524,154.9758062921113,0.004240738421002542,89.75702285817596,345,135,155
Cesar Romero,1907-02-15 12:00:00,1994-01-01,86.87474332648871,disease,Aquarius,Air,False,False,Sagittarius,False,0.7092838647697073,315.1766784328288,-0.8079330746959231,143.89447601410933,0.5551158725560343,303.7186961653325,0.999469699660735,358.13397362976815,0.8328411434816919,33.60829201925608,-0.6246513777504547,128.65660408014736,0.951293595072986,342.04400951992,0.9834769852205835,10.429946565904629,-0.983843674141021,190.3132462800831,-0.9083725501531049,155.28141003006664,-0.4951161472865494,119.67740951171675,46,1,45
Anthony Quinn,1915-04-21 06:30:00,2001-06-03,86.11635865845311,disease,Taurus,Earth,False,False,Aries,True,0.7326841763084304,42.88810744571927,-0.45970913907866945,117.36834037269668,0.3220885990815933,71.21071837194722,0.8279436464277319,34.111923383613544,-0.1319210027668626,262.4193861511669,-0.0562288115497256,93.22337365848699,0.924448060911394,337.5852739204247,0.9861951724898258,9.531340950125525,-0.9818243565202384,190.94063499823915,-0.9590406605062415,163.54462706762797,-0.6986413852057864,134.31810352397304,111,154,43
Rossano Brazzi,1916-09-18 12:00:00,1994-12-24,78.26146475017111,disease,Virgo,Earth,False,False,Scorpio,False,-0.12575242572360595,97.22420948228574,0.013418098923634405,89.23117649088974,0.1981111150462375,78.5734761274619,-0.13898216090697652,97.9889525762074,0.431712215260454,295.57627079057823,-0.8767513476488834,208.7470704511116,-0.7725601220441052,219.41565449208196,0.9317682900232336,338.7121584017123,-0.9784351518573138,168.07950213489835,-0.8181740146998885,144.90242114859223,0.28001673370083907,286.26120343005255,262,358,96
Maximilian Schell,1930-12-08 12:00:00,2014-02-01,83.14852840520192,disease,Sagittarius,Fire,False,True,Leo,False,0.5466660897756168,56.86140793250328,-0.6812485050198553,227.05871716707176,0.5233283267978538,58.44422493890892,0.6285090784197495,51.059789496579725,0.38872398835784394,67.12487449496166,0.9928819108978099,353.15966629335855,0.66392504092106,311.5999102228187,0.9993598720559558,357.94980961193085,-0.9996242330742637,178.42923756507997,-0.989924982701999,171.85997323503773,-0.9790629248354299,191.74508866856723,342,32,55
Oskar Werner,1922-11-13 12:00:00,1984-10-23,61.94113620807666,cardiac,Scorpio,Water,False,False,Aquarius,True,0.9392606901873949,339.927767350817,0.7598272974893142,40.551024817839505,0.9996136161127891,1.5927995291066566,0.9971989762598399,355.7105910894664,0.8927262479826646,333.2178507485315,0.4436929758263256,63.66025398024331,0.8529754304221445,31.463216359138414,0.02826167909419324,271.61949057011975,-0.6560577094030275,130.99989982009265,-0.35792523880754495,110.97283238935043,-0.47076495837527366,241.91603689951458,317,297,20
Hardy Kruger,1928-04-12 12:00:00,2022-01-19,93.76865160848733,natural,Aries,Fire,False,False,Pisces,False,0.1227696183574191,277.0519722280087,-0.8320232939722203,213.69285633069748,0.5821452397641637,305.6015692606088,0.20680778647232853,281.9353456585217,0.38431009001482347,292.60091648675285,0.7245008311076451,316.42733869401593,0.5729463675852196,55.04405844883081,0.8052235746015399,36.36814733694362,-0.9098497299033033,204.51540642959694,-0.9798626076604893,191.51783222839856,0.971687832694372,346.3335977253444,103,19,84
Horst Buchholz,1933-12-04 12:00:00,2003-03-03,69.24024640657085,disease,Sagittarius,Fire,False,False,Capricorn,True,-0.01022031014985909,90.58559083182635,-0.36618622804625695,248.51939655104917,-0.10198719578308198,95.85361356708285,0.9991808108334377,2.319313106953757,0.9763391223911523,347.5114185841012,0.37959466576118284,292.3085775862993,-0.6481114222104534,130.39936208045333,0.5846847952667948,305.78072536369956,-0.8612817083249027,149.460799048685,-0.8230447481160169,145.39075652481165,-0.1863323867008756,100.73882336120937,338,62,89
Curt Jurgens,1915-12-13 12:00:00,1982-06-18,66.51060917180014,cardiac,Sagittarius,Fire,False,False,Leo,False,-0.9935402351885397,186.515984574039,0.5835043482350792,54.302600799967536,-0.9795661261268315,168.39740061610527,-0.6205283320866718,128.35472635393594,0.7644163727195561,40.14490213897841,-0.759550336277465,220.57542744992148,-0.012543332861069373,90.7186988809125,0.321792219477479,288.7713454016339,-0.8021851094645299,143.33927449078556,-0.3693340757084699,111.67455387507961,-0.895179884852779,153.53154479390685,347,169,178
James Mason,1909-05-15 12:00:00,1984-07-27,75.1978097193703,cardiac,Taurus,Earth,False,False,Aquarius,False,0.3317063371481825,70.62762402679397,-0.3830418631513058,112.52223041150171,0.2404126266161991,76.08910480944512,0.21414609179432292,77.63456478081542,-0.05887972541579421,266.6244879322826,-0.4999255633879814,119.99507543557021,-0.9288941222780523,201.73692009307814,0.7524917779912765,318.80668686630463,-0.9620261799187871,164.15968688473518,-0.5709886952974903,124.81919929657272,0.9682274932666793,345.5182844399324,135,209,74
Rex Harrison,1908-03-05 12:00:00,1990-06-02,82.23956194387407,cancer,Pisces,Water,False,False,Taurus,False,0.049434809235387144,87.16643916015352,-0.9656518944222242,164.93947792014325,0.2849519254069829,73.44402504070922,0.9870250882038232,9.239756710068587,0.8068080526430196,323.7852316165397,0.9309073793854618,338.5767034391211,0.44528803943734657,296.4417689167048,0.9917851436194945,352.65087943598917,-0.9994757212499704,181.8554007764644,-0.7978479816495642,142.925088351184,-0.8718305036025035,209.32794236862628,65,153,88
Trevor Howard,1913-09-29 12:00:00,1988-01-07,74.26967830253251,disease,Libra,Air,False,True,Cancer,False,-0.18513256637097336,100.6688614017724,0.8490621959277813,328.10981468767716,-0.17230612468722806,99.92192916948733,-0.9727000202368675,166.58125825576465,-0.7876508746179057,141.96652082123472,-0.20269527119535646,101.69461558218177,-0.9901721004436648,188.03941246750895,0.8125745727472143,324.34824226804534,-0.9402187653302071,160.0883276959109,-0.656160119890235,131.00767503066024,0.998167916412465,3.4687787493030555,272,7,100
Michael Redgrave,1908-03-20 12:00:00,1985-03-21,76.99931553730322,disease,Pisces,Water,True,False,Taurus,False,0.9997292603470112,1.3332861357234833,-0.8944555964251732,153.43858827929557,0.7067264586063864,45.030808674564355,0.9356730099465869,339.3371477719645,0.9723134914053878,346.48615728718903,-0.9956503941884547,185.34589129624578,-0.5321363569162828,237.85008618145147,0.8788781262140073,331.50732718554735,-0.9889644433188571,171.48009104744585,-0.6616888241113323,131.42879964845054,0.6517637768664818,310.67471546349384,80,80,0
Ralph Richardson,1902-12-19 12:00:00,1983-10-10,80.80492813141684,cardiac,Sagittarius,Fire,False,False,Virgo,False,0.3411468954462662,289.9467645425742,-0.1964391175104093,101.32880510444403,0.03235738087012808,271.85426502527105,-0.4771586515985644,241.500007084317,0.9190460547900554,336.78701770211416,0.38267437981012753,292.4994385933205,0.14578057270463704,278.38248303054434,0.9642448078802853,344.63226797800917,-0.9950053387302039,174.2710955485897,-0.6482344691527022,130.40862029952734,-0.5437475383135988,237.06088372708376,353,283,70
John Gielgud,1904-04-14 12:00:00,2000-05-21,96.09856262833675,natural,Aries,Fire,False,False,Taurus,False,0.8025917592061267,36.621685239305506,-0.03738559464971401,267.85746391659626,0.8389107279091551,32.97472669660347,0.5961101027127035,53.40819067454972,0.8029933257541017,36.583097825795925,0.7618534790033362,40.3721299137475,-0.04500790430686133,92.57963439439436,0.6305868126795658,50.90657020773,-0.8374867936461966,213.124324912426,-0.9922110357870504,172.84417386662585,0.5189809240220716,301.2639186914883,105,142,37
Laurence Olivier,1907-05-22 05:00:00,1989-07-11,82.13552361396304,disease,Taurus,Earth,False,True,Capricorn,False,0.6534021889591171,49.20139379044834,0.8157769062522174,35.335746800997754,0.7223714073029616,43.74938311589566,-0.26428378773670846,105.32439970079841,-0.8845060683712954,207.80920093362082,0.9662183433920877,345.0648928111923,0.2489396507485565,284.4147750587881,0.9861059871948842,350.43784884654866,-0.9999996354285294,179.9510752085036,-0.7627852609787279,139.71035944524726,-0.8542402780926296,211.32409493811383,142,192,50
Robert Donat,1905-03-18 12:00:00,1958-06-09,53.223819301848046,disease,Pisces,Water,False,True,Scorpio,False,0.1579787795859427,80.91040321427425,-0.8569406428425832,211.0252054896566,0.47205581423659476,61.832173158011535,0.9998747366454475,0.9068891013469127,-0.6135398386091077,127.84589881553242,-0.983647668368416,169.62421255854733,0.4279850313506648,295.3397529781092,-0.8212947129567233,214.78538972059738,-0.4530938486841324,116.94235601647003,0.33785649094896214,70.25366638793808,0.6356978635571543,50.52823706022312,77,160,83
Leslie Howard,1893-04-03 12:00:00,1943-06-01,50.15468856947297,accident,Aries,Fire,True,False,Gemini,False,0.5568248329309903,56.16350305589749,-0.9660914655942778,194.96328788484843,0.6710027590085778,47.855494527975495,-0.2936436311765014,107.07622137367784,0.5006976796091421,300.0461688559102,0.13977423671371586,81.9652174859018,-0.4051056475096139,246.1022522741717,-0.9044159209763151,205.25526803254675,-0.34583818731381843,110.23297022776886,0.5419447045179696,57.18387831452519,-0.34012308721198525,109.88437338302612,93,152,59
David Niven,1910-03-01 12:00:00,1983-07-29,73.4072553045859,disease,Pisces,Water,False,False,Taurus,False,-0.8268163470463931,145.7730753944258,-0.7203479448913926,136.08321488687298,-0.9842159001991405,190.19343235562656,-0.9164409037715451,203.5888096303099,0.5311916507672683,57.91399472221085,0.6694883096817922,47.972415424342586,-0.9909086825366339,187.7318001053396,0.6611689756046577,311.38908656215483,-0.9405651458013925,160.14668286215064,-0.5297633674024935,121.98946791158784,0.9388023226633152,20.148614830855067,60,210,150
George Sanders,1906-07-03 12:00:00,1972-04-25,65.80971937029432,suicide,Cancer,Water,False,False,Cancer,True,0.4187134087983442,294.75338622666004,0.48541581998412425,299.0397193930044,-0.42716459013759106,244.71224797683027,0.5671161981303271,304.5493733065815,0.9041223261284281,334.70533334784636,-0.9691263107402411,194.2743266057583,0.16611796651041333,80.43781443277362,0.1589602594713917,279.1465511257898,-0.8141357968852828,144.50200085526595,-0.12435864958186683,97.14372012273903,-0.9747725300988942,167.10290961407938,184,116,68
Herbert Marshall,1890-05-23 12:00:00,1966-01-22,75.66324435318275,cardiac,Gemini,Air,True,False,Sagittarius,True,-0.5036385455187143,239.75898238169228,-0.9586458095608364,196.53505059601224,-0.7609453143301407,220.45239427034522,-0.7394275489403759,222.31732566834557,0.24159537155258531,76.01928037490401,-0.6442305127866236,130.10800645214957,-0.9572278565696467,196.81815677862022,0.829790236728877,326.07719627150504,-0.9771721214567528,167.73408206158206,-0.20612843773091208,101.89556469462731,0.9171694625975203,336.51572282377634,143,22,121
Claude Rains,1889-11-10 12:00:00,1967-05-30,77.54414784394251,disease,Scorpio,Water,False,False,Virgo,False,-0.9392529196248763,200.07352985418152,-0.31245379888012464,251.7928298064311,-0.5724318934828628,235.08001621926564,-0.03496444361313518,267.99627654367424,0.964291546444357,15.357623910008726,-0.9098758182119558,204.51180383509777,-0.7975287420390765,217.105241606165,0.8320926694525383,326.3143097112552,-0.9816072675205224,168.99402128622344,-0.20296445992555628,101.710366356053,0.5020775676962695,300.137546224459,314,150,164
Basil Rathbone,1892-06-13 12:00:00,1967-07-21,75.0965092402464,cardiac,Gemini,Air,True,False,Aquarius,False,0.8174066912326065,35.17397012654817,0.9998699338242585,359.07588818430395,0.8815099070152059,28.1749575671886,0.7343945643535684,42.74391768528503,-0.23658743737999474,256.31478473672416,-0.3775950822171228,112.18479585069454,-0.9465184354531807,198.82324553132662,0.7573656107925517,319.2325031467053,-0.952812162726528,162.32841837933188,-0.17363610495090204,99.99929761425417,0.9762097382359742,347.4771834386928,165,202,37
Boris Karloff,1887-11-23 12:00:00,1969-02-02,81.19096509240246,disease,Sagittarius,Fire,False,False,Virgo,False,0.29967752743923726,72.56176428990761,-0.8697109234276504,150.42506430042386,0.2490061657373524,75.58129000366438,-0.9696952214067853,165.8584797628689,0.5618524926309844,55.81599299354866,0.7222636563531888,316.2416897327179,-0.27838795022580487,253.83598392115655,0.9782658431481591,348.0326286572046,-0.9999987847968812,179.91067724452398,-0.3529383476798342,110.66714326799436,-0.6480572348703321,229.6047146448381,327,33,71
Bela Lugosi,1882-10-20 12:00:00,1956-08-16,73.81793292265571,cardiac,Libra,Air,False,False,Scorpio,False,0.4472416483580377,296.5668482187946,0.8209616868021234,325.18117847471257,0.6947884276385553,314.0103600247899,-0.8835668858301918,207.92432553684563,-0.662921394161667,131.52305733843662,0.39827174725301445,66.52981857490435,-0.9995371997000824,181.7432159736066,0.6777259667426285,312.66619661947885,-0.9399840463294222,160.04887737371996,0.029827691565265095,88.2907456453515,0.977392697039801,12.20628779540317,293,229,64
Peter Lorre,1904-06-26 12:00:00,1964-03-23,59.73716632443532,cardiac,Cancer,Water,False,False,Gemini,True,-0.026665754164198932,268.4719837065281,-0.665010913881711,228.31683731806095,0.4028328725784971,293.75539489400273,0.7267287237844214,316.6128478870487,-0.03280246656481279,268.1202198975876,0.9999793519934449,359.63180537673406,0.9864589338916648,9.439638178602877,-0.35362736974674547,249.29065752392668,-0.6682010312536558,131.92837091420233,0.14105648734164186,81.89101478168058,0.2511080243971707,284.54308904138486,178,83,95
Sydney Greenstreet,1879-12-27 12:00:00,1954-01-18,74.0561259411362,disease,Capricorn,Earth,True,False,Taurus,False,0.9241718804079323,22.45618891269703,0.8822663635754945,28.083026247082543,0.6803494988526088,47.12903984333579,0.42143994797207823,65.0744691519354,-0.9981909141530518,183.44693197707073,-0.15673425034608512,99.01739095747723,-0.8711044674070353,209.41275951856863,0.6670371841591695,311.8388030426423,-0.9728749502831238,166.62451592428994,0.023962042679914766,88.62694466784447,0.991219779730739,7.598163162855769,361,18,22
Vincent Price,1911-05-27 12:00:00,1993-10-25,82.41204654346338,cancer,Gemini,Air,False,False,Pisces,False,-0.8388546585275848,147.01937128864822,0.2275792647256604,283.15459471420377,-0.9822152082694061,190.82200634410387,0.0790852780323913,85.46401056413376,-0.584448252916649,234.23597883166715,0.9848476249853282,350.0131644639774,0.18359007772762562,280.57894195156837,0.9829803816003813,349.41403555437785,-0.9998230099043424,178.9220006029889,-0.8445715722805838,147.62606240958274,-0.8988599653878897,205.99138294566092,147,298,151
Christopher Lee,1922-05-27 12:00:00,2015-06-07,93.02669404517454,cardiac,Gemini,Air,False,False,Sagittarius,False,0.9814987236569149,11.038507106441955,-0.4459418827456036,243.51638408949185,0.9257459309226764,337.781105117767,0.869373016733774,29.61413844634886,-0.9967967104627492,175.4127572082172,0.6219950740743068,308.4619721721239,0.5052217135788067,59.65392869047059,0.8073077579101589,36.16628006583517,-0.8961525230873061,206.34314637704057,-0.9940837054671371,186.2355802659973,0.9999289513716536,0.6829958275589263,147,158,11
Peter Cushing,1913-05-26 12:00:00,1994-08-11,81.20739219712526,cancer,Gemini,Air,True,False,Aries,False,0.27587676429906705,73.98572960345179,-0.5860536853363646,234.12253702371794,0.17098408182340538,80.15495942840815,-0.9144878666258678,156.13310170761824,0.30000805492127947,72.54191307856239,0.34070620181591565,289.91990553215055,0.05981752531227192,273.42933892550786,0.9699498141033066,345.91830913968823,-0.9988946278688718,177.30578717873516,-0.8323146849542821,146.33725153079504,-0.6522576988888092,229.28796023466168,146,223,77
Donald Pleasence,1919-10-05 12:00:00,1995-02-02,75.32648870636551,cardiac,Libra,Air,False,False,Leo,False,-0.5295857322509849,121.9774686979867,0.8835332630458478,27.928438910060038,-0.4862009486152697,119.09118529370701,-0.2797117160512728,106.24299978068288,0.9999597244923031,359.4857674068229,-0.46651386571174586,117.80824091121943,-0.9967869881416624,184.59420262670665,0.8584924647672701,329.14773597949227,-0.9547314723944614,162.6943503848355,-0.7940860910179746,142.56901967327354,0.9564494312913043,343.0283748564356,278,33,120
Herbert Lom,1917-01-11 12:00:00,2012-09-27,95.70704996577686,natural,Capricorn,Earth,True,False,Aquarius,False,-0.2746323888365887,254.05989185779475,-0.9888811615134757,188.55205663083024,-0.30540761478948997,252.21731133779798,-0.526486102215271,238.23165909667821,0.36994199207940315,291.71203982997207,0.6417105404675829,50.080511230148986,-0.023957866590736367,91.37281599116051,0.6621765792130857,48.533916894016954,-0.8907902164346143,207.02728632569165,-0.9976414524846269,183.9359116468292,0.6271497277310313,308.8401462791319,11,271,105
Omar Sharif,1932-04-10 12:00:00,2015-07-10,83.24435318275154,cardiac,Aries,Fire,False,False,Aries,False,0.04310087897286841,87.52973630965207,0.8709123355304166,330.5648324603321,0.2951970932465313,72.83064368183133,0.15312809236396252,81.19175214556601,-0.08833056817352945,95.06757316335622,0.9823916867461022,10.768019701703054,0.42061378450775677,294.8733443335101,0.999846637484794,1.0034663003136721,-0.9974692217949607,184.07714641291824,-0.9948800371648151,174.19961919986167,-0.9851474735931613,189.8872791845942,101,191,90
Albert Finney,1936-05-09 12:00:00,2019-02-07,82.7460643394935,disease,Taurus,Earth,False,True,Taurus,False,-0.004464522148444558,269.74420087358374,0.07617159847213575,85.63145746078249,-0.2600021581758316,254.9298097965979,-0.5133693550490944,239.11147743344057,0.8484758199955209,328.04627614691793,0.9971595427300924,355.6804887087358,0.4311530068829309,295.54075513085735,0.9920291756266543,352.7610071689189,-0.9998186772712746,181.0911144713349,-0.9981032060296432,176.47047403128013,-0.942546797952832,199.51624695767964,130,38,92
Peter OToole,1932-08-02 12:00:00,2013-12-14,81.36344969199179,natural,Leo,Fire,True,False,Gemini,False,-0.6782818882289641,132.70952918029897,0.16167033608052503,279.3038618092163,-0.2187257345905128,102.63420028380062,-0.8974804995755906,206.17115866183332,-0.0857743152521146,94.92055248836482,0.7681127609141628,320.18471759591824,0.30661976923355555,287.85563967283747,0.9668602333763979,345.2082664378383,-0.9977591508344522,176.16358946504712,-0.9797302613968099,168.44425281027065,-0.6912927938078111,226.26746798157885,215,348,133
Richard Harris,1930-10-01 12:00:00,2002-10-25,72.06297056810403,cancer,Libra,Air,True,False,Cancer,False,0.9113088163574461,24.313148509083874,-0.7619186013524079,139.6336307344709,0.8898187636038186,27.14951836811605,0.9817513279855689,349.037340496871,0.24043558027294534,76.0877499200939,0.8883022595325731,27.339321180892398,-0.9931098617109758,173.27021364085175,0.6603520340305358,311.32672643482056,-0.8959898785071232,153.63586098651018,-0.8196156162403566,145.04633395668327,0.692809828009399,46.14705526329412,274,298,24
Sean Connery,1930-08-25 18:05:00,2020-10-31,90.18206707734429,disease,Virgo,Earth,False,False,Gemini,True,0.3951161636561069,66.72678091291846,-0.7343845362069258,222.74476422513288,0.8841222147559363,27.85630643396769,0.9745453548536154,347.0447225688463,0.3119385439399616,288.1760950512552,-0.9896618341833165,188.24582737982354,0.9351502451770176,20.74756833128953,0.9150175153939494,23.791785410543145,-0.9653488274545993,195.12720558680775,-0.9991090228298009,182.41881787351187,0.563352624989214,55.71202732056302,237,305,68
Roger Moore,1927-10-14 00:45:00,2017-05-23,89.60438056125942,cancer,Libra,Air,False,True,Libra,False,-0.7329217489211756,222.8681029040259,0.8257927094096028,325.6689423711404,-0.9944349325234058,173.95251973450686,-0.8116216014017147,215.7453298266505,-0.501468801396085,239.90277721152637,-0.9518271134531321,197.85656855550087,0.9302970220633933,21.518837294038093,0.8995896837490125,25.895814697668808,-0.963216839808488,195.58843246602314,-0.9993970461100548,181.98976370618738,0.3930997946329295,66.85248429464212,287,143,144
David Hemmings,1941-11-18 12:00:00,2003-12-03,62.03696098562629,cardiac,Scorpio,Water,True,True,Aries,False,0.9653252431632208,15.132382776751996,-0.8111214488083874,144.205645145124,0.606400531086093,52.670309482375444,0.9963883136225966,355.12894039677354,0.9464000429052448,341.155741755188,0.028523671485039506,88.36549231737914,0.6829968649363495,46.921725154765674,0.012539753418705618,270.71849377784105,-0.6630970516465301,131.53650147636378,-0.6904826283535277,133.6683252342262,-0.499024933615882,240.06448893279432,322,337,15
Oliver Reed,1938-02-13 12:00:00,1999-05-02,61.210130047912386,cardiac,Aquarius,Air,False,False,Aries,False,0.2163505992789107,77.50522394100977,-0.4156233545626724,114.55857822257182,0.31201785620121286,71.81912196884537,-0.4484611439175223,116.64499533043136,-0.9347078421456898,200.81900401799675,0.4120982484002104,65.66328819075892,0.8226163970394171,34.65243067314291,0.11531552912545974,276.62182461381144,-0.6934296681156444,133.9022137707571,-0.661283555849005,131.39783767164607,-0.2410662152216047,256.05052221766937,44,122,78
Richard Attenborough,1923-08-29 12:00:00,2014-08-24,90.98425735797399,natural,Virgo,Earth,False,True,Leo,False,0.9977352646382172,356.14318898844124,-0.6344494797672409,129.37916536019023,0.9618152466984332,344.11547053381423,0.9567304480634794,343.08362206394594,0.1997598812834588,78.47708210077212,-0.07685451023756196,265.5922144603351,0.8645720338488017,30.166127013413274,0.8653793613885092,30.073948371630422,-0.9523322966535548,197.76193078456936,-0.9999062541422433,179.2154564312615,0.7639115500408047,40.18974434694687,241,236,5
John Mills,1908-02-22 12:00:00,2005-04-23,97.16358658453115,natural,Pisces,Water,False,False,Aries,False,0.4856021609325985,60.94806811201062,0.989169652452929,351.5598226787912,0.9268353804983149,22.053237620912512,0.8715258552825265,29.363559230199428,0.42122125870583527,294.91171469008486,0.4089391306667825,65.86178994558719,-0.4149975610990919,114.51916289428968,0.5850818496023759,54.19122747917362,-0.8182671552533692,215.08829633310484,-0.9996505161258575,181.51482983461887,0.18517524131176216,280.671349516428,53,113,60
Dirk Bogarde,1921-03-28 12:00:00,1999-05-08,78.10814510609171,cardiac,Aries,Fire,False,False,Taurus,False,0.7638866081764345,40.191958796741694,0.3450462940346441,69.81537824840126,0.6460954613828892,49.75214082886191,0.6451170507605904,49.82554790001262,-0.9983945510222967,176.75291240549285,-0.7794159934245299,218.79286463068473,-0.6695501507243837,227.96764528982845,0.9356117712039379,339.3272066272607,-0.9930550987247727,173.24349140687244,-0.890327649625828,152.91444809562248,0.3292277701446204,289.221910994411,87,128,41
Stanley Baker,1928-02-28 12:00:00,1976-06-28,48.328542094455855,cancer,Pisces,Water,False,True,Aquarius,False,-0.47306869690345027,118.23367738812516,0.8271670700621102,34.19118208258875,-0.3103462897014983,108.08010074870123,-0.8878412590993877,152.60322153407174,-0.9082475348420258,204.73571378422182,0.7183243827960356,44.08368889912707,-0.7167944790192389,224.20954309201107,-0.8560415112825405,211.12501237370714,-0.24915953307593622,104.42778326727759,0.10802696145998154,83.7984089985975,-0.8212860986616296,145.21374515444055,59,180,121
Richard Todd,1919-06-11 12:00:00,2009-12-03,90.47775496235455,cancer,Gemini,Air,False,True,Gemini,False,-0.9901489957371857,171.95112747768343,-0.8471717881168194,212.09462293034056,-0.9918415737459825,187.32380094903056,-0.4798053643162657,118.67269082402852,0.3972825380627134,66.5915936416231,-0.8419331643888769,212.655176451591,0.768131511533448,39.81360455663099,0.9335018106619317,21.012565491023906,-0.9582254691473266,196.61946371443486,-0.9981986577384475,176.56045525445091,0.6430209865422833,49.98254250293772,162,337,175
Jack Hawkins,1910-09-14 12:00:00,1973-07-18,62.83915126625599,cancer,Virgo,Earth,False,False,Virgo,False,0.5725192850156167,304.926090663385,0.7828007542596971,38.48227003031121,0.301262411608049,287.5334422712871,0.9844757486759896,349.8910415836541,-0.9271980027313671,201.99783594836612,-0.36178571117893965,111.20990322706345,0.6111985660993435,52.32378235760049,-0.03924049214072847,267.75110801559515,-0.6918709930245573,133.77839726447047,-0.07193838958675797,94.12532952694124,-0.7125242352444205,224.55933305431216,257,199,58
Stewart Granger,1913-05-06 12:00:00,1993-08-16,80.27652292950035,cancer,Taurus,Earth,False,False,Pisces,False,-0.1441442255070585,98.28772633152485,0.20008450831738572,78.45809910881933,-0.33446215403187557,109.5398351357649,0.19378107731814498,78.8264736816559,-0.9974981825177851,184.0537412762822,-0.09681610126260026,264.44414334104437,-0.12800035534976534,262.6459442606915,0.9476823786418156,341.3845520715204,-0.996755177624048,175.38309861521506,-0.8113970857185406,144.2326559113331,-0.38601165842036245,247.29344037764898,126,228,102
Alec Guinness,1914-04-02 12:00:00,2000-08-05,86.34086242299794,cancer,Aries,Fire,False,False,Cancer,False,-0.5218116754164056,121.45385374268761,-0.48086613210187606,118.74198575560605,-0.6723787686386015,132.250925850783,-0.563514013358296,124.29916525130918,0.9611786598858755,16.017251358717047,-0.36276779744125015,111.27027355024842,0.9715989745137873,346.3120659943649,0.9896267642278269,8.259825848643345,-0.9862495563473049,189.51250482479537,-0.9459211957586814,161.07098365318552,-0.6426570204216425,129.99023336208677,92,218,126
Eleanor Roosevelt,1884-10-11 11:00:00,1962-11-07,78.06707734428474,disease,Libra,Air,False,False,Scorpio,False,0.8983042375944167,26.063945598086292,-0.5523172802663459,236.47386622291015,0.853646939849005,31.389425537842868,0.18197745246032385,79.51503794789559,-0.11963186361165055,263.1291431336134,-0.9974273393394114,184.11075917409724,-0.7519586958243898,221.23966778778663,0.9060799982519737,334.9691357339907,-0.9862031893964895,170.47143342788863,-0.17198960555733253,99.90351911767982,0.3422387582509624,290.01333014940394,285,311,26
Bess Truman,1885-02-13 12:00:00,1982-10-18,97.67008898015058,cardiac,Aquarius,Air,False,False,Aquarius,True,-0.5034314285660624,239.77271765130754,0.10277801536877777,275.89916355382843,-0.4739135887541001,241.711362554288,-0.2473431531620726,255.67965080744528,0.4307925774091686,295.51786961371596,0.2834749447291598,73.53228975599902,-0.6132390600999287,127.82407840159408,0.49630591280326664,60.24409937403601,-0.8273567504819208,214.17183788617817,-0.8346774150062726,146.58226336854844,0.015106042665201882,270.865545410488,44,291,118
Mamie Eisenhower,1896-11-14 12:00:00,1979-11-01,82.95687885010267,cardiac,Scorpio,Water,True,False,Gemini,False,0.9694713409286986,345.80607192658147,0.9737374758214701,13.160153201044125,0.9533721453214892,17.56557940267075,0.8727011144524919,330.77405993461906,0.6051315129582487,52.761693958469024,0.99945944835717,358.1160221555633,0.5223202048762468,301.48801532975256,0.9973787027964037,355.85054866164995,-0.9998903323023697,179.15144311357218,-0.5988250786479076,126.78579636506022,-0.9639068562449337,195.44062838936503,319,305,14
Jacqueline Kennedy Onassis,1929-07-28 14:30:00,1994-05-19,64.80492813141684,cancer,Leo,Fire,False,False,Virgo,False,0.3952907345877645,293.2841076644071,-0.7336918418920734,137.1967937343685,0.7155897988694503,315.69155618953994,0.9934960261501955,6.538267596580681,-0.7439214745670187,221.93345478056688,-0.8471331622714742,147.90121202126136,0.22890464513062037,76.76740778805805,0.2566556338343862,284.87171140591073,-0.799296255830383,143.0629521871012,-0.6194237655177783,128.27406697963858,-0.9934872336082434,186.54269036069073,209,139,70
Edward M Kennedy,1932-02-22 03:58:00,2009-08-25,77.50308008213553,cancer,Pisces,Water,False,False,Aquarius,False,-0.9999985865361712,180.09633409703446,0.40960923504358704,65.81971007662244,-0.8549029217560764,211.25098834678192,-0.2971213220873658,107.28478481903554,-0.5326496401677526,122.18465576593195,-0.9963228463233836,184.91503586107495,-0.6110566951177526,232.33405181958534,0.9316289141739336,338.69017343888976,-0.9786308656478013,168.13391328940793,-0.9423726763536602,160.45391203577094,0.5137947656973696,300.9169294258627,53,237,181
Lady Bird Johnson,1912-12-22 12:00:00,2007-07-11,94.54620123203286,natural,Capricorn,Earth,False,True,Sagittarius,False,-0.9482201174406899,198.51868673260853,0.999514339615689,1.785753656407536,-0.9191161713605434,203.20278766262282,-0.9563181364269444,196.99737764808842,-0.827924589325465,145.88612967962678,0.959176500791847,343.57212537867264,0.0862928660458727,85.04962616887212,0.683191272246373,46.90647353921332,-0.8972302714880875,206.20364616545314,-0.9994291541333197,178.06394485868185,0.8771092809243969,331.29559979987056,357,192,165
Pat Nixon,1912-03-16 12:00:00,1993-06-22,81.26488706365502,cancer,Pisces,Water,False,False,Gemini,False,-0.0963074575470354,95.52657669497171,-0.9015497881496979,154.36253368072863,-0.2858520313841986,106.60978532102246,0.19029907278511657,79.02976174587678,0.3423401467620618,69.98048725434693,0.3491281357439222,290.43399727902903,0.23695379230088692,283.7068201773988,0.9804641599349736,348.65607758832107,-0.999907992228052,179.22276344676425,-0.8311404444315212,146.2160680586871,-0.6668180237974987,228.17804917100477,76,173,97
Betty Ford,1918-04-08 15:45:00,2011-07-08,93.2457221081451,natural,Aries,Fire,False,False,Virgo,False,0.034657308089694375,88.01388478501721,-0.7980848008482055,217.0523984626959,-0.048155399818967846,92.76016865088474,-0.5429323794188371,122.88348261232812,-0.06007246177786961,266.5560279759634,0.8392497960928204,327.0609845268627,0.4483684276626609,63.36094794326495,0.7877298706708117,38.02613239882572,-0.8965798205892416,206.28792066310262,-0.9991082188913608,182.41990905253652,0.9980863558022276,356.4548263873238,98,189,91
Nancy Reagan,1921-07-06 13:18:00,2016-03-06,94.66392881587953,cardiac,Cancer,Water,False,False,Cancer,False,-0.4624896452864704,242.4521231885805,-0.9725984499718029,193.44379589758506,-0.704107018944284,225.24255345783965,-0.09871529414107455,264.33480379210346,-0.7474967766712352,138.37400373607193,0.996911022171663,4.504606747045699,0.06366172435936224,86.34998356702442,0.7758846955149494,39.11468889116372,-0.8880648555268698,207.36892418550391,-0.989111608297656,188.46280533641595,0.8573172363983721,329.0166837467503,187,66,121
Barbara Bush,1925-06-08 19:00:00,2018-04-17,92.85420944558521,disease,Gemini,Air,False,False,Cancer,False,0.6426917109470885,309.99282769487155,-0.5280183144639562,121.87165784779677,0.512430419077585,300.82585476717315,0.783654368729352,321.5963945412416,-0.9993455297596857,177.9269667361619,0.4959119350372412,299.7299023581721,0.4899071423258889,60.66552150705655,0.8373001256138819,33.14389183429921,-0.9041542481151486,205.29038569667503,-0.9880153525499737,188.8794273193597,0.9975220056561798,4.034386556504316,159,107,52
Clementine Churchill,1885-04-01 12:00:00,1977-12-12,92.69267624914443,cardiac,Aries,Fire,False,False,Aries,False,-0.3676235404018565,248.43087067656907,0.30898813397564323,72.00173866736114,-0.37016622712224645,248.27413069690894,-0.385881164541581,247.3015450678206,-0.6434875354736103,130.05237056966132,0.5879059652963111,306.0085495368539,0.31654588224346436,71.54583745600188,0.7199538987257685,43.94932563744507,-0.9100676063468538,204.4853041041075,-0.7155632555259446,135.68937902879716,0.9922403717748746,7.142320227142591,91,346,110
Denis Thatcher,1915-05-10 12:00:00,2003-06-26,88.12594113620807,cancer,Taurus,Earth,False,False,Aries,False,0.6979248345693599,45.73925061071236,0.6514647568383483,49.347870489800144,0.9072500510001318,24.871947128721928,0.4404362853418503,63.86827883171955,0.7133495562918974,315.5081020891075,-0.8250156630812784,145.5900793582518,0.9985867902982695,3.0464362493094512,0.9560255879677596,17.054623105563394,-0.9666840736584048,194.83121577570068,-0.9761166487606,167.45260875243872,-0.09520607013735811,95.46318052103499,130,177,47
Konrad Adenauer,1876-01-05 12:00:00,1967-04-19,91.27994524298425,cardiac,Capricorn,Earth,False,False,Pisces,False,-0.24501615625863052,104.18278851489268,-0.4092354072537105,114.15681332699222,0.22629573704335143,76.9209161403366,-0.43771519399332814,115.95819215352816,-0.8535571739715949,211.39929874339362,-0.4860524997275043,240.91854763726303,0.7414746667730743,42.14281348606778,0.8511326663471921,31.66492105320711,-0.9179458447231592,203.37239782351367,-0.44665431812404655,116.52923023161941,0.8244959782322342,34.46257552097048,5,109,104
Willy Brandt,1913-12-18 12:00:00,1992-10-08,78.80355920602327,cancer,Sagittarius,Fire,False,False,Cancer,False,0.33334200479834214,289.4717476119942,-0.9801295017354825,191.44099459619966,0.8214363061017271,325.22883303203787,0.8955119858614591,333.57426867176076,0.9911853886189986,352.38694892591013,-0.38315587001902257,247.47069796305294,-0.5284248770986381,238.10090822962434,0.9324402384698416,338.8184559768571,-0.9801497386354672,168.56485229415966,-0.7798173470233368,141.2438549094008,0.1007252671935688,275.78093610524274,352,282,70
Helmut Schmidt,1918-12-23 12:00:00,2015-11-10,96.8788501026694,disease,Capricorn,Earth,False,False,Aquarius,False,0.7301786696323093,316.90137465018074,0.60443185423674,52.81203038852232,0.8037062759702878,323.4854975471428,-0.10411615946990653,264.02375287424246,-0.5576380699844541,236.10738858579418,0.4036122520123345,66.19580709535205,-0.12327039642921396,97.0808843089662,0.607740626200835,52.573685785800876,-0.8816152379861195,208.16217332720814,-0.9907319903373742,187.80668868699087,0.2785127619129645,286.17146173273056,357,314,43
Helmut Kohl,1930-04-03 12:00:00,2017-06-16,87.20054757015743,natural,Aries,Fire,True,False,Pisces,False,0.300305543863204,72.52404428538168,0.15568313179193327,278.95641779542905,0.43559685544194127,64.17672120301589,0.9723863489154517,13.495967267385517,-0.4120103162209063,114.33118243280234,-0.5173570218520945,121.15513214383145,0.9553400586037599,342.81195821389906,0.9603078687393616,16.19708700130532,-0.9740609003266659,193.07851223634268,-0.9997618500037326,181.2504649958554,-0.39664765116146583,113.36877353517005,93,167,74
Francois Mitterrand,1916-10-26 04:00:00,1996-01-08,79.1978097193703,cancer,Scorpio,Water,True,True,Sagittarius,True,0.25763934919951403,75.06996454103285,0.3822320784615088,292.4720114389403,-0.3342985277333924,109.5298874318251,-0.8752112300301456,151.0699844945488,0.5428660562421552,57.12104233148062,-0.4831773115403373,241.10687631104355,-0.6480225450447309,229.6073243663588,0.9612767942573386,344.0031387349402,-0.9851399686587078,170.11021690640905,-0.8466879156129086,147.85323560170906,-0.03258726482231219,268.1325566446728,300,8,73
Jacques Chirac,1932-11-29 12:00:00,2019-09-26,86.81998631074606,natural,Sagittarius,Fire,False,False,Virgo,True,0.4388154604327171,296.0283272540793,-0.45538857582452696,242.9100613331,0.5197695324527023,301.31679346064516,0.9497543550016555,341.7601072465158,0.9515700991762434,17.90453019850895,0.05756316139735736,86.70004967543127,0.9573585550684971,343.2077442449398,0.9611713830100842,16.018762321635155,-0.9931036552407068,186.7328201825295,-0.9990068561373283,177.4462424627718,-0.5108948508749463,120.72345370881837,334,269,65
Vaclav Havel,1936-10-05 12:00:00,2011-12-18,75.1978097193703,disease,Libra,Air,False,True,Virgo,False,0.27321229585569823,74.14449304324336,-0.273839063696128,105.89284188832603,0.467024308679102,62.15868930658206,0.19192940405491785,78.93459652872582,0.9828626164156914,10.622630363061973,-0.663310539297367,131.5528447505846,-0.7670937254925897,219.9063795412402,0.788853067392641,322.0784576787635,-0.9460978154965368,161.10220350807768,-0.9285536311293341,158.21046343817346,0.9682263451606326,345.51802139048755,279,352,73
Boris Yeltsin,1931-02-01 12:00:00,2007-04-23,76.21902806297057,cardiac,Aquarius,Air,False,True,Leo,False,0.15147194972692896,81.2877621641764,0.9983721896816465,3.2696288650866023,-0.09293714222255973,95.33260143701307,-0.9795226087926938,168.38500991447154,-0.7868615305849994,218.10682363233525,-0.9207322992277709,157.03337494903306,-0.8590424731946,210.79075875887486,0.9068456387610977,335.07301816590075,-0.9733557063991898,166.74411371249894,-0.9365737545262351,159.4839016075842,0.8267691563152478,325.76826864294856,32,113,81
Mikhail Gorbachev,1931-03-02 12:00:00,2022-08-30,91.49349760438056,disease,Pisces,Water,False,False,Cancer,False,-0.9977532130209689,176.15850805529777,0.4892102502829523,60.71131317316636,-0.824044735148325,214.50823870188037,-0.8921460938317923,206.85582467994374,0.6168873763483984,308.0891887836908,-0.06037170208316405,266.5388515942691,0.8623237191060166,30.421500264948747,0.8143679506640202,35.47508585754117,-0.9380774711641344,200.268840631644,-0.9912496912597957,187.5851908426075,0.8630879158115309,30.33491779071136,61,242,181
Pope John XXIII,1881-11-25 10:15:00,1963-06-03,81.51403148528405,cancer,Sagittarius,Fire,False,False,Cancer,False,-0.9880648655696174,188.86102951074645,0.12429330606089406,277.13994694025973,-0.9883424633439204,188.75717099657635,-0.993957237279376,186.3019410802085,0.7072331988802502,44.989755652006764,0.8027380299022738,323.3923661831514,0.27564085330847266,286.00020846727347,0.9574851875246492,343.2328765474042,-0.9998091152710301,178.88048444644818,-0.19675996876869417,101.34755444199322,-0.7273038365203746,223.33916119207277,329,154,175
Pope Paul VI,1897-09-26 12:00:00,1978-08-06,80.85420944558521,cardiac,Libra,Air,False,False,Libra,False,0.6431144846689755,310.0244527738844,0.9283866838124942,338.1847090016597,0.9213791525036761,337.1285447152826,0.8793609226192375,28.434632255550042,0.9426858720929149,340.5076191411463,0.5043879444207011,300.29073117581356,0.07757356725680087,274.44910783909313,0.9711766150528227,346.2101725856255,-0.992789609437049,173.1154061677447,-0.49559439878241995,119.708953304945,-0.5575892033523491,236.1107614923149,269,218,51
Pope John Paul I,1912-10-17 12:00:00,1978-09-28,65.9438740588638,cardiac,Libra,Air,False,False,Libra,True,0.9469794919972983,341.2588007335512,-0.8234933256509291,214.56396638227227,0.8707129034502767,330.5415894438057,0.9964847804784697,355.1944714911752,0.9940659052902692,6.244962905690869,-0.6325653492188826,230.7603560300567,-0.08133577134298117,94.66535003927785,0.25389564609171317,284.7081568547278,-0.7641905359663336,139.83503217490204,-0.27759423858614907,106.1166736858589,-0.963639557860248,164.5019521528557,291,271,20
Pope Benedict XVI,1927-04-16 04:15:00,2022-12-31,95.70704996577686,natural,Aries,Fire,False,False,Gemini,False,-0.26575653709658964,254.58808880678086,-0.9754728011096405,192.71608125294188,0.43229791391912037,295.6134801647899,-0.5371442070122208,237.510556566788,0.9376586930036258,339.6620100701863,0.9830446072035968,10.565914948439797,0.2522841874199828,75.38728010281096,0.7156236270000835,44.30566900786047,-0.8782780959829543,208.56465631483928,-0.9711427573884434,193.79796356072188,0.6269605346262741,308.8262305974031,106,365,106
Billy Graham,1918-11-07 15:30:00,2018-02-21,99.28815879534565,natural,Scorpio,Water,False,False,Sagittarius,True,-0.3153234171036318,108.38033928760223,-0.6842894216095782,133.17974978071868,-0.13941083992813913,98.01375553737554,-0.5422059211045465,122.8339320810498,0.9803637012621936,348.6268523008024,-0.6023696042913814,127.03979722762345,-0.6351746201765734,129.43293692232686,0.4724179324680635,61.80863542342604,-0.8271559039802725,214.19232053455656,-0.9704817021070065,193.95588613784827,-0.506369857095281,239.57767118155107,311,52,106
Oral Roberts,1918-01-24 12:00:00,2009-12-15,91.88774811772758,disease,Aquarius,Air,True,False,Libra,False,0.7653015440280393,319.93382616919683,-0.9320225611508286,158.75232267538257,0.9970584557225682,4.395738420370435,0.3245034149725349,288.9354922572531,0.7326797111601373,317.11151664335614,-0.14337341384285618,261.7569014849538,0.6129381974566182,52.19774166365133,0.8642082167401304,30.207583432846036,-0.9490047294770174,198.37662114000904,-0.9997721196520374,178.77679481079338,0.9224677938204213,22.710434578037052,24,349,40
Jerry Falwell,1933-08-11 12:00:00,2007-05-15,73.75496235455168,cardiac,Leo,Fire,True,False,Libra,False,0.10367573656290918,275.9508754445996,0.9942225212468521,6.161920977872757,0.5887979247071122,306.0717516178181,0.3416383030429404,289.9767198133056,-0.9352040738124114,159.26113953232112,0.11173297586863348,83.58477631166298,-0.9943071686800191,186.1165711776295,0.7738046563539024,320.6967839440058,-0.9557913321458524,162.89967212664237,-0.9047678843201947,154.7920391040783,0.9726830349603183,13.422934668005666,223,135,88
Pat Robertson,1930-03-22 12:00:00,2023-06-08,93.21013004791239,cardiac,Aries,Fire,False,True,Pisces,False,0.2364635247757666,76.32209174011032,0.7496143035558187,41.44302128570996,0.43888310845753853,63.96735924057964,-0.3560930539891698,110.8604500087038,-0.9190629798507944,156.78947814282364,0.8163901056533401,324.72504517357885,0.5592973246524509,55.99278302047486,0.7675999172097233,39.861149983645646,-0.897971659064841,206.10728140480273,-0.9759510901035238,192.59098045949395,0.9987502890357851,357.1352438581737,81,159,78
Robert Schuller,1926-09-16 12:00:00,2015-04-02,88.53935660506502,cancer,Virgo,Earth,False,False,Taurus,False,-0.9422350137798284,199.56964966155715,-0.3209099615350894,251.28203557789666,-0.9682189096583603,194.48368208873418,-0.28738063621466453,253.29879665966456,0.9565155342301193,343.0413548176335,-0.994694242165423,174.09522231458507,0.9745274953667689,12.95984094479195,0.9479026515418405,18.575870624431218,-0.9744680345375168,192.97502319770703,-0.99998940335747,179.7362319700061,0.043976496489132745,87.47951950138417,259,92,167
Norman Vincent Peale,1898-05-31 12:00:00,1993-12-24,95.56194387405887,cardiac,Gemini,Air,True,False,Aries,False,-0.922597694404563,202.69114877110275,-0.8878590577983871,207.39456216974366,-0.7535927525078889,221.09744094566946,-0.986959892660321,170.7370081286081,-0.3661452136676015,248.52192188731462,0.7859804912062505,38.18854713946226,0.21809151563795698,77.40303678573866,0.6432934438732091,49.96215598196446,-0.8795305302038905,208.41421667529528,-0.9549017728226893,162.7271822991256,0.6645349878594389,311.64666081512667,151,358,158
Fulton Sheen,1895-05-08 12:00:00,1979-12-09,84.58316221765914,cardiac,Taurus,Earth,False,True,Cancer,False,-0.8729786740064484,209.19335241043422,0.22582699932091205,283.0515134527575,-0.9968624278841524,184.53991902215773,-0.9457333799927613,198.96216091796242,0.5281853071765037,58.11707485234115,0.41939180574183854,65.20380439905924,0.8028870176525716,323.4066833885205,0.9963424042310807,4.901939479677566,-0.9951764810855397,185.62981788925921,-0.6487843006891904,130.45000594465876,-0.9612055687939237,163.98833718500887,128,343,150
Wilt Chamberlain,1936-08-21 12:00:00,1999-10-12,63.13757700205339,cardiac,Leo,Fire,False,False,Leo,False,0.6362189087329493,50.48955261303499,0.8140317483110883,35.50826444013532,0.6608185850761699,48.63766734203503,0.9873401452885727,350.87335341254413,-0.7612862667885281,139.57772391538282,-0.7276935179435808,136.69338042958722,0.5750790850405305,54.894829243097774,0.058189232896621576,273.33588180924727,-0.7165319291197956,135.76888738896162,-0.6522639292879641,130.71251071271848,-0.7796628354098818,218.77028471088727,234,285,51
Bill Russell,1934-02-12 12:00:00,2022-07-31,88.4599589322382,natural,Aquarius,Air,True,False,Pisces,False,-0.9667399924170386,165.18130600716648,-0.7961735180372767,217.23376169861274,-0.9605835836634748,163.85964256171724,-0.9050099137598141,154.82461830911845,0.32274648647168924,71.17089767757238,-0.9683831517456429,165.55399168438655,0.997998272041423,3.625873341780391,0.910007171017679,24.493657471245534,-0.9717321259687944,193.6556568816825,-0.9975284219236343,184.02915789889542,0.017393641385598457,89.00336750060592,43,212,169
Jerry West,1938-05-28 12:00:00,2024-06-12,86.03969883641342,natural,Gemini,Air,False,False,Gemini,False,0.9635420008082308,15.518952849144782,-0.20311833236373572,101.71937014488465,0.8065170106837984,36.242983492566,0.9833100666233534,349.51735647427813,0.6270462105086879,308.8325319610055,-0.04790720375006013,92.74593163168112,0.9012930820474757,334.32856110498824,0.9854986502960684,9.769403904551211,-0.9800562495836811,191.46213416656371,-0.9982081693779348,183.43044907992174,-0.7171123036476561,135.8165786397344,148,164,16
Elgin Baylor,1934-09-16 12:00:00,2021-03-22,86.51060917180014,natural,Virgo,Earth,False,False,Leo,False,-0.9872525353172056,189.15823887484603,-0.9432099364888374,199.40219425512362,-0.8620361971759989,149.54598152357727,-0.909859070555543,204.51411661454824,0.5014319752094581,300.0947840249104,-0.4455217709985648,116.45672635501643,0.977406832220611,347.7975432763466,0.9909775390854496,7.702420245909092,-0.9889309361533488,188.53285753519654,-0.9999111500521469,180.7637820269722,-0.5976925838850419,126.70481926765612,259,81,178
John Havlicek,1940-04-08 12:00:00,2019-04-25,79.04175222450377,disease,Aries,Fire,False,True,Gemini,False,0.9588263803945123,16.49865931310555,-0.11261507107924694,263.53391496981067,0.9399565028062637,19.955747090356567,0.5290165027129162,301.9390279356649,0.9776008969918395,12.149738871175572,-0.45409410031605374,242.9933378134893,-0.20472997879826696,258.1863072749269,0.9542465896243755,342.6011996592538,-0.9952033335160149,174.38588710611506,-0.9915198451806326,172.5329870230172,0.020329940405086556,271.1649000358177,99,115,16
George Mikan,1924-06-18 12:00:00,2005-06-01,80.95003422313484,disease,Gemini,Air,False,False,Aquarius,False,0.9619648353565367,344.1468152926876,0.1520084650459279,81.25666197292622,0.9999931084877902,0.2127135446011721,0.9468413937256688,341.23418949742006,0.9081441400926981,24.749867760880875,0.430238185076683,295.4826769131967,-0.01953068388990595,268.8809030882725,0.9822980521461737,349.20330325983014,-0.9999234925347993,179.29125125010103,-0.9511195924342144,162.01169881443428,-0.5840691954186548,234.26273987912714,170,152,18
Dolph Schayes,1928-05-19 12:00:00,2015-12-10,87.5564681724846,cancer,Taurus,Earth,False,False,Aries,True,-0.9405590120666284,199.85435192743472,-0.9860085254598897,189.5957084856234,-0.965767739454506,195.03495650306775,-0.9839081853953241,169.70742006799665,-0.9687462433086457,194.36237931368524,-0.8224062252868795,145.3263966124602,0.9891044354317973,351.53440255192265,0.983528204089407,10.413723664221452,-0.9825276286049535,190.7262505711468,-0.9997954059470215,178.8409783782078,-0.2838294402153012,106.48889130415748,140,344,161
Willis Reed,1942-06-25 12:00:00,2023-03-21,80.7337440109514,cardiac,Cancer,Water,False,False,Leo,True,-0.04681658835973345,267.3166262330844,-0.6011765487323625,126.95420829582795,0.3021282673427671,287.58547673037094,0.9293255437986833,338.3299225249691,0.7780170294103852,321.0793733379229,0.2280108197945503,283.1799886272475,-0.07785309659297127,265.53482772671083,0.9610927951100009,343.9649286026449,-0.9994815560030872,178.15495348210766,-0.9969469968761526,175.5217141799287,-0.5233171300738824,238.44497778364973,176,80,96
Dave DeBusschere,1940-10-16 12:00:00,2003-05-14,62.57084188911704,cardiac,Libra,Air,False,False,Libra,False,-0.8632417632142394,210.3174600385112,-0.9958961546392777,185.19256281550187,-0.9967632514576216,175.38884923322513,-0.6862373458088971,226.66700475457017,-0.5890608276285018,126.0903899707501,0.0427115262097778,87.55206514237427,0.7100419576759939,44.76167077720043,0.12620265608310544,277.250212949107,-0.7304105482146608,136.92082280652164,-0.7073575870430402,135.02032602024582,-0.6463112763454902,229.73593819572898,290,134,156
Pete Maravich,1947-06-22 12:00:00,1988-01-05,40.53661875427789,cardiac,Cancer,Water,False,False,Taurus,True,-0.9697249918451752,194.13453698300816,0.9346043320711473,339.1643157982186,-0.9994181975121247,178.04545139115385,-0.38906738320142636,247.10351829805438,-0.9974404731755936,184.100248220592,-0.8830255104469217,152.0095107910442,-0.7545215786259726,138.98358391114294,-0.9954091873931231,185.492229798359,0.0012665681150427165,89.92743097313974,-0.006535698515299367,90.37447060706967,0.4370771222706297,295.917538221205,173,5,168
Moses Malone,1955-03-23 12:00:00,2015-09-13,60.473648186173854,cardiac,Aries,Fire,False,False,Taurus,False,-0.9792317453356524,168.30252469398908,-0.9999512259154745,179.43410747310568,-0.793326523118173,217.5025239226065,-0.9937481851122028,173.58986455873972,-0.09249349494251331,95.30707235758865,0.6793457677135828,47.207459844975546,0.9878939568063754,8.924375756986564,-0.07024774169495308,265.9717831992899,-0.6498645158766719,130.53138773044512,-0.7462572456484408,138.26720075515618,0.005223721614434135,270.2992985630422,82,256,174
Darryl Dawkins,1957-01-11 12:00:00,2015-08-27,58.620123203285424,cardiac,Capricorn,Earth,False,False,Aries,False,-0.7326619754940782,222.88997645678865,-0.2552207581275423,255.21333350368073,-0.3285307461842186,250.82037799054527,-0.668950039219634,228.0139200372307,-0.37699715866316574,112.14780333576279,0.8806095240848858,331.7159775704451,0.9795989925764468,348.40676734604983,-0.2661142417098787,254.56682826816643,-0.5888352625303289,126.074398392393,-0.683366291286846,133.10726028013815,0.5898996856318808,306.1498899127303,11,239,137
Reggie Lewis,1965-11-21 12:00:00,1993-07-27,27.67693360711841,cardiac,Scorpio,Water,False,False,Capricorn,True,-0.41476210270732833,245.49566414696085,0.9730654866133592,13.328210379028206,-0.871173070227004,209.40475471890366,-0.9259844714373097,157.817276151594,-0.26068892764054996,254.889055409468,-0.16533933414276383,99.51694763994918,0.9785414265224628,348.1090175223837,-0.5077276095405603,120.51258514962899,0.5108593723203316,59.278910930937315,0.4304907367818194,64.50129243998612,-0.9967132595537069,184.6466435417573,325,208,117
Hank Gathers,1967-02-11 12:00:00,1990-03-04,23.055441478439427,cardiac,Aquarius,Air,False,False,Libra,True,0.9299027442269501,21.580340333072684,-0.07071879386495428,94.05527339301472,0.9913885791163894,352.4753346652458,0.718543320513313,315.9343448737586,0.0877418059184225,84.96629191822777,0.9007601492002403,334.2581660434647,0.41932159537999353,294.79176438047097,-0.2636503973503825,105.28677460539592,0.6458693640723652,49.7691112656168,0.5341859941913064,57.71127562797247,0.07026774836175363,274.0293659379458,42,63,21
Len Bias,1963-11-18 12:00:00,1986-06-19,22.581793292265573,overdose,Scorpio,Water,False,False,Sagittarius,True,-0.8434636306795759,212.49230164261945,0.8736717954624529,330.888170695874,-0.6558458493086922,229.01618211471538,-0.6660792239442426,228.2348261342651,0.8183792762427238,35.077119357585616,0.9508732268200055,341.9660467021602,0.3041780482161808,287.70872016113475,-0.17957503819200268,100.34500796760491,0.6580189350568014,48.851040039620074,0.633218043906791,50.71205493744097,0.22813003071043003,283.187003796941,322,170,152
Maurice Stokes,1933-06-17 12:00:00,1970-04-06,36.799452429842574,disease,Gemini,Air,False,False,Virgo,False,0.3494621044140488,290.45441855414435,0.997245945380451,355.74672339062124,0.24367982066410568,284.1038286560461,0.3879669059476989,292.8280533663549,-0.47848889336572675,241.4132443124747,0.6741994545265653,47.60798593247824,0.12588652205280657,82.76804581805982,-0.9383272539956343,159.77251169396015,0.12275758054098229,82.94872274488307,0.44982618490293497,63.26746729796665,0.9897911460690844,8.19400622247474,168,96,72
Jim Brown,1936-02-17 12:00:00,2023-05-18,87.24435318275154,natural,Aquarius,Air,False,True,Pisces,False,0.006280916460494149,89.64012762915746,-0.8110973863078658,144.20328800233537,-0.05830832802193124,93.34271706288058,-0.9762549958248927,167.4891481472547,-0.5354873333092314,122.37696719453362,-0.6438630941228414,130.0804875995722,0.9968998131347226,355.48722345452967,0.9548834680889733,17.2763495390575,-0.9806163112629346,191.2995167260425,-0.9967165520585842,184.6443142862572,-0.3829037222030913,112.51366228064879,48,138,90
Gale Sayers,1943-05-30 12:00:00,2020-09-23,77.31690622861053,disease,Gemini,Air,True,False,Aries,False,-0.3861838478828958,112.71725466849307,-0.5588161275422858,236.0260354466209,-0.841881517142479,147.33933976789643,0.8841160884402381,27.857057645056813,0.9099776890948261,24.497731490694314,-0.994349327263633,173.90614066940856,-0.7612993042053103,220.42112404972963,0.9079732800506595,335.2267593701877,-0.9845512935043571,169.91573176721417,-0.9751842042734221,167.2090158490194,0.5668474033237851,304.5306768864193,150,267,117
Walter Payton,1954-07-25 12:00:00,1999-11-01,45.267624914442166,cancer,Leo,Fire,True,False,Sagittarius,False,-0.11514085640125267,96.61174949401205,0.2405878267335606,76.07876304176182,-0.7480627521999984,138.42284501556088,0.9895632737830661,8.285108843553616,0.9632317525854324,15.5852525496407,0.2556713422120324,284.81336896235973,-0.9810343930369743,191.1766021216364,-0.9455794790800087,198.98927886284187,-0.14414822373394515,98.2879578307365,-0.26253116302022506,105.22030556525345,-0.9106835423611794,204.40001642779848,206,305,99
Ernie Davis,1939-12-14 12:00:00,1963-05-18,23.422313483915126,disease,Sagittarius,Fire,False,False,Pisces,True,-0.9080312288445385,155.2346841828509,0.6691713526373274,47.996858422020864,-0.9972071129692394,175.71682869165394,-0.22094372670302076,102.76446864030663,-0.9156281499402541,156.29509073330613,0.9836356529245859,10.379609182352567,0.4743866504936735,298.31942241473405,-0.21539368011793336,102.43862466954732,0.6627698686772996,48.48853758681648,0.7990272535186358,36.962687950585675,-0.05372550825249534,266.9202723416364,348,138,155
Brian Piccolo,1943-10-31 12:00:00,1970-06-16,26.622861054072555,cancer,Scorpio,Water,False,False,Gemini,False,-0.6726168525603936,227.7306425582551,0.92807135826792,338.13614345292115,-0.8337274680113604,213.51643494430283,0.6169861138377747,308.09637703001226,0.9552297408503807,17.209418256364557,0.4702205741667874,61.95138456764684,0.7813855600452336,321.3876116112417,-0.448946614753311,116.67611991096891,0.562522178691071,55.769596709000865,0.6948684506981142,45.983264642058856,-0.9060867464405832,205.02995043129096,304,167,137
Korey Stringer,1974-05-08 12:00:00,2001-08-01,27.23066392881588,disease,Taurus,Earth,False,False,Cancer,False,0.1428953026227867,81.78458024106318,0.8949390898829117,26.499392840103155,0.3047583909749026,72.25637127597429,0.07109154643985202,85.92331556723241,-0.9087021439092461,155.3266091054357,-0.3687680490285453,111.63965972580496,0.9420485922551907,340.3984866600367,-0.4785175265826105,118.58862402712859,0.5223040174210183,58.513072290400316,0.37055178065608985,68.2503489557684,-0.9733395411287218,193.25992493404954,128,213,85
Sean Taylor,1983-04-01 12:00:00,2007-11-27,24.654346338124572,homicide,Aries,Fire,False,False,Aries,False,-0.5925782894864484,233.65981428657892,-0.6765190935916784,227.4277720685137,-0.8070659335906614,216.18975221026093,-0.9056185359807988,154.9067187153785,0.2681911207471149,74.44334369252053,0.9690734883886969,14.286596097774236,0.5807045146601661,305.5001097157223,-0.10119008211198667,95.8077048073238,0.6398848909389937,50.21676335746446,0.5111166889384605,59.261759505724655,-0.4523539677464825,243.10518732619812,91,331,125
Junior Seau,1969-01-19 12:00:00,2012-05-02,43.279945242984255,suicide,Capricorn,Earth,False,False,Scorpio,False,-0.22888865123566665,103.23165083643084,-0.8252533594073792,214.38581350487567,0.45164479846766165,63.15073842175923,-0.08488897570940504,94.86964057147281,0.4085981292444728,294.11680184934704,-0.713206560621341,224.50358755080111,-0.9954577563212498,185.46307762158887,-0.9989179059998569,182.66568786416363,-0.08010169137629543,94.59441098113246,-0.24992604590553125,104.47313600835798,-0.45620235342272253,242.85767751733192,19,123,104
Dave Duerson,1960-11-28 12:00:00,2011-02-17,50.217659137577,suicide,Sagittarius,Fire,False,True,Cancer,False,0.13571581842341793,82.19998577424278,-0.5705433674227034,124.78812511255285,-0.09018502297707878,95.17425141274958,0.9999422343919883,359.3841507805716,-0.7944841155283713,217.39344381595635,0.023336744382582264,88.66278164490478,0.015899949135203074,270.91103836902585,-0.8389325418788096,212.9724302459395,-0.31766277333840365,108.52163806174212,-0.48096993747247196,118.74876933598031,-0.32021348362328905,108.67583595705773,333,48,80
Andre Waters,1962-03-10 12:00:00,2006-11-20,44.695414099931554,suicide,Pisces,Water,False,False,Aquarius,False,-0.36519205060482096,248.5805976986103,-0.9918708093769636,187.3106489274258,-0.23769003902010974,256.2497554021462,-0.4335098880371455,244.3094864167295,-0.16587666890160221,260.4518342758431,0.04598089559231118,272.6354404727331,-0.9544256728254135,197.36445311185014,-0.9735899333078087,193.19723205589574,-0.06704566326765084,93.84431732845437,-0.29139182047221523,106.94130066778501,-0.8143186691701443,215.47995095407367,69,324,110
Mike Webster,1952-03-18 12:00:00,2002-09-24,50.5160848733744,cardiac,Pisces,Water,False,False,Scorpio,False,-0.9982088728815698,183.42977538584046,-0.6831287948243423,133.08862457656238,-0.9898059507508868,171.8119474672407,-0.3629298025420903,248.71976537426482,0.47390116722483655,298.28782922216857,-0.3565080902983266,110.8859000912811,-0.23987018891091805,256.12112106335144,-0.6989265083078994,225.6590590622892,-0.2994923450987746,107.42711475393196,-0.43240751955851653,115.62044468596036,-0.22307220451208784,102.88954270535089,78,267,176
Reggie White,1961-12-19 12:00:00,2004-12-26,43.017111567419576,cardiac,Sagittarius,Fire,False,False,Sagittarius,False,0.9909684503880979,7.706304608433868,0.7998981430513936,36.879623167450696,0.9611128210298051,343.9690829786666,0.9948423678807807,354.17830232021817,0.9025816056316643,334.49951041183317,-0.35901268407234815,248.96042604693574,-0.9986862070178196,177.06269761246386,-0.9984031134857628,183.2384147361904,-0.018149703869476706,91.03995853222321,-0.21480514553807317,102.40409587690851,-0.3756072064378376,247.9381531309017,353,361,8
Derrick Thomas,1967-01-01 12:00:00,2000-02-08,33.100616016427104,accident,Capricorn,Earth,False,False,Libra,False,0.780998014383615,38.647956303166325,-0.9830187468593189,190.57399236869927,0.43177567346986506,64.41969827500373,0.9957466208416667,354.713615661183,-0.9560059888763863,162.94154843553844,-0.04995838584764169,267.13640331620417,0.6828236663718652,46.93530970779216,-0.7933904182516528,142.5034898646088,0.32448263351568796,71.06576654892402,0.14075893187421476,81.90823526754059,0.17819855112994767,79.73515194504245,1,39,38
Jerome Brown,1965-02-04 12:00:00,1992-06-25,27.38398357289528,accident,Aquarius,Air,False,False,Virgo,True,-0.7511423362378735,138.68942769864634,0.7412293925901591,42.16375348502419,-0.9973537877521267,175.83086667231447,-0.9299719098964724,158.43043667669968,-0.7642114365768331,220.1631111471383,-0.37072914360036263,111.7605924806171,0.9558915132504047,342.9192035620014,-0.5388339772666658,122.60429785308676,0.5297942760403586,58.008444056730696,0.42703374402889827,64.72053916251213,-0.9838468118716153,190.31224204780767,35,177,142
Jack Tatum,1948-11-18 12:00:00,2010-07-27,61.68377823408624,cardiac,Scorpio,Water,False,False,Sagittarius,False,-0.3698198853216342,248.2954904238061,-0.4524028381234015,243.102047626247,0.29135735579753574,286.93923641757885,0.8477778119862112,327.9707883278993,0.0842606720063457,274.8335119764065,-0.04785098478270611,92.74270682371468,0.9061479843004174,25.021656218195858,0.010329612110530519,270.59185370347797,-0.6907568973776574,133.6900537543541,-0.728766613998789,136.7830943721994,-0.39223715548191734,246.90622644467223,323,208,115
Lyle Alzado,1949-04-03 12:00:00,1992-05-14,43.110198494182065,cancer,Aries,Fire,False,True,Aries,False,0.7600795266978533,40.52879071198284,-0.7641604190787491,139.83235690657335,0.8457095854758366,32.25195802509151,0.8104358107605878,35.861466817277226,0.9984706325622414,356.8308053431808,-0.80849817789106,216.05054220690297,-0.979374901629757,168.34305008759557,-0.9340774389327764,200.92039368144648,-0.08683744077017594,94.98169323188785,-0.12595794428156412,97.23607920895,-0.40445223237519284,246.14319424062418,93,135,42
Ken Stabler,1945-12-25 12:00:00,2015-07-08,69.53045859000684,cancer,Capricorn,Earth,False,False,Leo,True,-0.9756322432458902,192.67451269209855,-0.953918174533215,197.4616185152988,-0.949954547408699,198.20321074093283,-0.47400109734811946,241.7056685157775,0.933666434293332,339.01375520673923,0.48468781998227944,298.992021250256,-0.5865124686060315,125.90991099852423,0.5832632814000396,305.6803933269737,-0.8753645831747637,151.08815332938292,-0.88941624554409,152.79998398729592,-0.08955318144730202,95.13790247628675,359,189,170
Johnny Unitas,1933-05-07 12:00:00,2002-09-11,69.34428473648187,cardiac,Taurus,Earth,True,False,Virgo,False,-0.5316925983584746,122.11988836889566,0.8017633185738412,36.70118167566952,-0.976012039786695,167.42504942428917,-0.9511454756167385,162.01650153165053,0.9977722463178937,3.8251799732865663,0.8220288374195027,325.28840689640055,-0.6717514908056424,132.2023900472958,0.5195767679087399,301.30386620723147,-0.8759631899364285,151.15917459386762,-0.803995017077531,143.51330988835775,-0.15172602123818807,98.72696527975944,127,254,127
Bart Starr,1934-01-09 12:00:00,2019-05-26,85.37166324435319,natural,Capricorn,Earth,False,False,Aquarius,False,-0.7243047190122816,136.41103934565092,-0.6010835859408713,126.94754325471274,-0.8568711314969903,148.96706819372332,0.16426039418387828,80.54572803213705,-0.8384368601855322,146.97542216628693,0.5085568006428384,59.432253311451575,0.903728474199454,334.652570700956,0.9819651011096299,10.898064145698008,-0.9938988441621421,186.33234757648194,-0.9998907459510369,179.1530449637299,-0.8547673460495917,148.734041677214,9,146,137
Steve McNair,1973-02-14 12:00:00,2009-07-04,36.380561259411365,homicide,Aquarius,Air,False,False,Capricorn,False,-0.7311047448951289,136.97908883671187,-0.8048305952519521,143.59389815123922,-0.39058227264084183,112.99073495465268,-0.29100040614527567,106.91785836861106,-0.7988851301247767,143.023771616067,0.879964994747727,28.361858949851012,-0.055978571061174556,93.2090133162992,-0.8965559300697917,153.70898878309978,0.1933353417705157,78.85250472603099,0.040321859459919236,87.68910114540068,0.9598229300571814,16.29639894493863,45,185,140
Aaron Hernandez,1989-11-06 12:00:00,2017-04-19,27.446954140999317,suicide,Scorpio,Water,False,False,Scorpio,False,-0.9684031171505935,165.55857789637966,0.9768100233544584,347.6368069642532,-0.9830422709844484,169.43335508794908,0.06740655059155443,86.1349584679026,-0.889940059142404,207.13428429040903,-0.1050381750801147,96.02936599351723,0.977749045069315,347.8906578178796,-0.3758315539476503,112.07571727061926,0.450813329432142,63.20412169577838,0.4332048239425128,64.32888106302403,-0.987468005080687,189.08034457140943,310,109,164
Joe Frazier,1944-01-12 12:00:00,2011-11-07,67.81656399726215,cancer,Capricorn,Earth,False,False,Gemini,False,0.39962696583584306,293.5548603845739,-0.5811047796621133,234.47171547394692,0.803004758970061,323.4180013296667,0.9965930695678037,355.2691122783361,0.11778960893229354,83.23544826362989,-0.36896861116969254,248.3479770778531,-0.5315146471445126,122.10785066564522,0.4359568188875145,295.8461933880194,-0.8080142938466802,143.902373787194,-0.84438053394532,147.60562583843068,-0.6196335234927827,128.28937735428696,12,311,66
Ken Norton,1943-08-09 12:00:00,2013-09-18,70.10814510609171,cardiac,Leo,Fire,False,False,Taurus,False,0.769288313059335,39.70997706505841,-0.38674449589795884,112.75208347891717,0.7884693946854853,37.95729675849893,0.6627180620062627,48.49250142360796,0.1374148741599034,82.10171635897105,0.9276388126301532,338.06969039185566,-0.7103790836622857,135.26576699114696,0.5422485790079211,302.83684094215107,-0.8924791987801575,153.18645435287885,-0.8818994435807564,151.87234791596927,0.10512559099825974,83.96559755938702,221,261,40
Leon Spinks,1953-07-11 12:00:00,2021-02-05,67.57015742642027,cancer,Cancer,Water,True,True,Cancer,True,-0.8827002947137121,208.0301661061498,-0.5506089457512197,123.40879922663906,-0.9656590462530347,195.05894498658625,-0.4901569749855283,240.64910039356425,0.4522094393222201,296.8855278889715,-0.5483100314355792,236.74884885671116,-0.2587430166902725,104.99549027358435,0.3116774733453576,288.1603519370351,-0.8506853419082275,148.28628936080904,-0.8949850203307681,153.50650577349973,-0.6824988372681173,133.03922095284787,192,36,156
Floyd Patterson,1935-01-04 12:00:00,2006-05-11,71.34565366187543,disease,Capricorn,Earth,False,False,Libra,False,-0.6080377566781564,127.44775483595072,0.44702763972126125,296.5531397238516,-0.4423640191406536,116.25481240925157,0.2629907490509927,74.7524031034863,0.08497242279049305,274.8744390746935,0.9971668599617866,355.68605862281254,-0.9407322211562404,160.17488918617605,0.7269398429220026,316.63046001433264,-0.9084375567511181,155.29031862150623,-0.875275113131729,151.07755191161482,0.49970932293326437,60.019229177316504,4,131,127
Emile Griffith,1938-02-03 12:00:00,2013-07-23,75.4633812457221,disease,Aquarius,Air,False,False,Aries,False,-0.9735018511420943,166.78068074776988,0.7999152787405422,323.1220128312259,-0.9876257218691917,170.9770941365344,-0.9547001712446107,197.31167754059408,-0.06506692090990329,93.73069556226203,-0.8257224473054731,145.66180488495394,-0.8359114579779734,213.28913495529792,0.8884375942772319,332.6775675811717,-0.9620051128097028,164.15526534047152,-0.9460271744078623,161.08971081067455,0.9419438648736658,340.38060817919006,34,204,170
Alexis Arguello,1952-04-19 12:00:00,2009-07-01,57.19644079397673,suicide,Aries,Fire,False,False,Scorpio,False,0.335068485362078,70.4232974435796,-0.3936990678804347,246.81513707172985,0.2284718963015577,76.79287742263068,0.718070187742691,44.10461944894853,-0.9905706712208072,187.87444347644066,0.4825052540450041,298.84915233658535,0.9160700872881755,336.3581536009334,-0.23750167413972298,256.260866079088,-0.5891457601994726,126.09641216153236,-0.6775579714022125,132.65310778475947,0.8964186483563307,333.6912361189332,110,182,72
Hector Camacho,1962-05-24 12:00:00,2012-11-24,50.502395619438744,homicide,Gemini,Air,False,True,Aries,False,-0.9999929953135279,179.785546946508,0.2644151082000805,74.66779866299584,-0.852401950916443,148.47388786762463,-0.520339526750618,121.35502903585056,-0.3587077444084632,248.97914462250094,-0.03659207512689719,92.09703962840155,-0.09571830767781674,264.50733577907187,-0.7859481199618131,218.19154701017072,-0.32309699049880874,108.85032152878003,-0.507971374608361,120.52879825255226,-0.22782488301121415,103.1690472615343,144,329,180
Diego Corrales,1977-08-25 12:00:00,2007-05-07,29.694729637234772,accident,Virgo,Earth,False,False,Gemini,False,-0.26908415457062324,254.39022401126928,0.9972489271203668,355.74902752486423,-0.479350549436713,241.3570060364225,0.8893716272029161,332.79439175339803,-0.03625705020626773,267.92216863216976,-0.9761626462104684,167.46474569212057,0.9981084346276573,356.47534357378754,-0.6353046657312068,129.44258461866474,0.3652311724768705,68.5781898577109,0.23981494842120166,76.1243812698448,-0.8252090080833232,145.6096872639247,237,127,110
Arturo Gatti,1972-04-15 12:00:00,2009-07-11,37.23477070499658,homicide,Aries,Fire,False,False,Gemini,False,0.10966260615522128,83.70413333523183,0.25864793023827976,284.98985022799997,-0.21539829277953987,102.43889530835153,0.9970694296812899,355.6124728035494,0.9743548753484802,346.9961317656843,0.6722367874486952,47.7600632529971,-0.22700180559889246,103.1206195095718,-0.9437795691112718,160.6962936190268,0.15378098345499897,81.15389585996715,-0.025891195230691742,91.48362200341694,0.9999923733726639,359.77622881118157,106,192,86
Johnny Tapia,1967-02-13 12:00:00,2012-05-27,45.281314168377826,cardiac,Aquarius,Air,False,False,Scorpio,True,-0.21651904186291956,102.50466142018462,-0.6609245051461309,131.37041897481797,0.08794061504541043,84.95485679170497,-0.07188075507938,94.1220187418063,0.6787540518256321,312.74635681365805,0.5006008020971583,300.0397567135493,-0.9020371030216225,205.57285915027543,-0.9697089871267554,194.13829163106766,-0.15325205321013127,98.81543512090727,-0.32668110235274883,109.06745521588573,-0.9124675801167631,204.15138836339733,44,148,104
Edwin Valero,1981-12-03 12:00:00,2010-04-19,28.372347707049965,suicide,Sagittarius,Fire,False,False,Virgo,False,-0.7441465106896314,138.08584295088994,-0.5444652475852995,122.98812809602745,-0.9081848431757163,155.25570328478676,-0.45375669723500983,116.98496643836162,0.6980383509081373,314.26983173050894,-0.7677090532328682,140.1486072099733,0.938631823351573,339.8230439584854,-0.4594474261597542,117.35145666971476,0.43609107247473344,64.14525914644116,0.3521591767295141,69.38056299569703,-0.988217709118128,171.196003932912,337,109,137
Hank Aaron,1934-02-05 12:00:00,2021-01-22,86.9596167008898,natural,Aquarius,Air,True,False,Pisces,False,0.9730768350584078,346.67461046324416,-0.8855551184098744,207.68008805075786,0.9930797575631589,353.25551092985614,0.8818480833060284,331.86610652274175,0.39828054682779074,66.52926892111026,-0.2522829562250835,104.61264699683508,0.9688727918192609,345.6668801927216,0.9752193351656147,12.781889296357296,-0.9918843227734,187.30456179466526,-0.9995543597355633,181.71059016781757,-0.469794818071388,118.02097855770666,36,22,14
Ernie Banks,1931-01-31 12:00:00,2015-01-23,83.97535934291581,cardiac,Aquarius,Air,False,False,Leo,False,0.9914203845369735,352.4892632884184,-0.36535183271866545,248.57076331002176,0.8585645354024494,30.844210942727102,0.4847940187529139,61.00102203883665,-0.8364755598685105,213.23020236060063,0.7975110686100944,37.10692008330135,0.7147953084585958,315.62642645952417,0.9998850521073738,0.8687449583762614,-0.9998487605216164,180.99649629736143,-0.9955119152836346,174.56961380910647,-0.9972511974498435,175.7507827542417,31,23,8
Frank Robinson,1935-08-31 12:00:00,2019-02-07,83.43600273785079,disease,Virgo,Earth,True,False,Scorpio,True,-0.9470087123338062,161.2640122418535,-0.9556884646460702,162.87963944276177,-0.8586110988065279,149.16099299870478,-0.25501512067248394,104.77448112331496,-0.9123736381171734,155.83545969778524,0.8497578850777974,31.81465460972123,0.6272496270680968,308.8474952525254,0.9939150236474674,353.67606283111957,-0.999815446391062,181.10079280127792,-0.9963665836466864,175.11429996917397,-0.9942043693462499,186.17160261985646,243,38,160
Harmon Killebrew,1936-06-29 12:00:00,2011-05-17,74.87748117727584,cancer,Cancer,Water,False,False,Cancer,False,0.7514916707962203,318.71975674676145,0.9414193801637113,19.708694567081096,0.7208441228614054,316.12421682704746,0.4122989689939068,294.34933448342053,0.5335365329537939,302.2447170182762,-0.6272847354099237,128.85007813533002,-0.9482520413917357,198.51292696578918,0.8164086642811151,324.72688647867415,-0.9725215652363429,166.53726951888603,-0.9440489722545382,160.74304138470734,0.9895592453856105,351.7132895631568,181,137,44
Billy Martin,1928-05-16 12:00:00,1989-12-25,61.607118412046546,accident,Taurus,Earth,False,False,Pisces,True,-0.7844866475972907,218.32677565921188,-0.6248464636730717,231.329080817288,-0.7265441400029223,223.40254589770598,-0.11757549406068564,263.2478019848504,-0.41644481360015423,245.389663720356,0.33976023286875434,70.13773316110552,0.887215509173859,27.47459208794089,-0.013308827036396194,269.2374378679611,-0.7115543335548271,135.36152130403102,-0.521859262967029,121.45705001265712,-0.36831568044087454,248.38822162133482,137,359,143
Casey Stengel,1890-07-30 12:00:00,1975-09-29,85.160848733744,cancer,Leo,Fire,False,False,Sagittarius,False,0.522399999263974,58.50662317427279,-0.9998795086264409,180.8894467829918,0.36466281739771733,68.61316661204137,0.9449169225010295,340.8943994089024,-0.9285507000985169,201.7899889724422,0.27107303618243306,74.27187127251216,0.8446476779091325,327.63420711010605,0.9898659302188599,8.16388771759975,-0.9985699944024256,183.0644904069018,-0.5204545769388669,121.36274856009067,-0.8896233143213021,152.82595083977554,211,272,61
Leo Durocher,1905-07-27 12:00:00,1991-10-07,86.19301848049281,natural,Leo,Fire,False,True,Scorpio,False,0.3424775603217497,69.97210748932906,-0.529004284316527,121.9382029888268,0.6906114705101734,46.32146843415117,0.3245293278133075,71.06293809724555,0.9147648591869619,336.17235598328705,-0.07047506490105829,94.0412738220106,0.8550771436267509,328.76825832348965,0.9877659240884885,8.971539593767432,-0.995956773344025,185.1540438834043,-0.8359471842831239,146.71459468775885,-0.6802240400366842,132.8611528035956,208,280,72
Sparky Anderson,1934-02-22 12:00:00,2010-11-04,76.69541409993155,disease,Pisces,Water,False,False,Pisces,False,-0.3620838646981122,248.77177143953466,-0.5282329730599828,121.88614150372808,-0.45083792744880913,243.20254277629556,-0.11164124958815275,263.5900649290539,-0.1608541653828587,260.74352150074924,-0.8747294804868184,151.01297588664212,-0.6244781295441428,231.3561062065711,0.8871743163783808,332.52029261124386,-0.9644843660597235,164.68414586705262,-0.9430699272337059,160.57367205475677,0.7260129819352985,316.5531813403777,53,308,110
Earl Weaver,1930-08-14 12:00:00,2013-01-19,82.43121149897331,cardiac,Leo,Fire,False,False,Gemini,False,-0.9312065738273234,158.62368567675867,0.9461292054660265,18.892242701327827,-0.702186969820163,134.60272930545543,-0.13929917100808054,98.00729433427458,-0.5261824795526627,238.25211864391053,0.828668342506048,325.9621866080543,0.5725721695367454,304.9297864316848,0.9849329518193185,350.0413945598982,-0.9997753174987632,178.78540808168842,-0.9847101199629745,169.96783685413905,-0.9016811494358004,205.6200656766861,226,19,158
Don Zimmer,1931-01-17 12:00:00,2014-06-04,83.37577002053388,cardiac,Capricorn,Earth,False,True,Leo,False,-0.7358332984635682,137.37767570964735,-0.6838474904542188,226.85496391965805,-0.9984055155605615,176.76402247893384,-0.8376011176600251,146.8876638208208,0.5068030741052415,59.54888224766108,0.9924913262426323,7.025728623154748,0.5387199263906755,302.59654113654125,0.9977269140431315,3.8639176305119083,-0.9992448545901482,182.22679510054874,-0.993246709116991,173.33745628852424,-0.99178722214928,187.34818948826518,17,155,138
Tommy Lasorda,1927-09-22 12:00:00,2021-01-07,93.29226557152636,cardiac,Virgo,Earth,False,False,Libra,False,-0.3243341517783052,108.92523966426992,0.3155949304076936,71.60326707274115,-0.2504205677176124,104.50240060420214,-0.3065476277454468,107.8512971502335,-0.9237417381575181,202.52062176157898,0.5845521752353033,305.771359543448,0.5064261601995101,59.57393010448652,0.8172236107811978,35.19217544293656,-0.9353195999598026,200.7201599808443,-0.9917065143502916,187.3842567332564,0.996980828053823,355.54660843752026,265,7,107
Roy Halladay,1977-05-14 12:00:00,2017-11-07,40.48186173853525,accident,Taurus,Earth,False,False,Aries,False,-0.9895252514965148,171.69978663722438,0.22829885709061604,76.80306098237077,-0.8851678835210098,207.72781181569164,-0.957527702364171,196.75867747244314,-0.9986260635618587,176.9962022476398,-0.8412444332214883,147.27176293117793,-0.6985239764743382,134.30870205790822,-0.9727996959267106,166.6058898015706,0.06664041376028385,86.17895380394376,-0.09521415383544221,95.4636457964719,0.45348487600213555,296.9674907872121,134,311,177
Nick Adenhart,1986-08-24 12:00:00,2009-04-09,22.622861054072555,accident,Virgo,Earth,True,False,Capricorn,False,-0.6594327009130394,228.7433783199126,-0.9819620591545446,169.1010140209286,-0.3289553374425725,250.79461900330563,-0.9590811268749613,163.5528140476992,0.38427560733350974,67.40122355661458,0.8707904670107158,330.5506271840799,0.22110646795110703,282.77402948463964,-0.10060070089856553,95.77376254474933,0.6065159771096388,52.661990475449784,0.5254182748988896,58.303594417355384,0.21465480549008484,282.3952762963132,236,99,137
Cory Lidle,1972-03-22 12:00:00,2006-10-11,34.55167693360712,accident,Aries,Fire,False,False,Taurus,False,-0.9609719546339983,196.06011753929707,0.9417455689173458,340.3467989858281,-0.8966200739298674,206.28271259906643,-0.8370725578632084,146.83226788562905,-0.8181222124354036,144.89725938817116,0.6940457021462528,313.9512207045228,0.1654954051279328,80.47398523948729,-0.8143915057859191,144.52723972197836,0.31021554590499645,71.9277792363873,0.1087796560197949,83.75502712651402,0.6202374722294166,51.666521971918655,82,284,163
Arnold Palmer,1929-09-10 12:00:00,2016-09-25,87.03901437371663,cardiac,Virgo,Earth,True,False,Libra,False,0.9633476143206975,15.5605252587616,-0.6853061893352462,226.74030803637135,0.8814550139887786,331.8183820619781,0.16546140222696307,80.47596069701936,0.2396003968793287,76.1370433286159,-0.30989857891182887,108.05311849349303,0.9752178225189797,347.2177189712973,0.97427091051712,13.025230858850053,-0.9895483559438147,188.29103827754327,-0.9970837178974218,175.62318694906264,-0.4461120856423427,116.49451165917469,253,269,16
Sam Snead,1912-05-27 12:00:00,2002-05-23,89.98494182067077,natural,Gemini,Air,False,False,Cancer,False,0.9980048242728291,356.38006776353984,0.998453829684884,356.81343875908715,0.9187137212017117,23.261244698990772,0.7827123161372652,38.49041224912425,0.8406137683435565,327.2049889022293,-0.8315046624938263,213.7463851143748,0.9329916888609282,21.093926708634534,0.9027369537541772,25.479807190454096,-0.9447151937705321,199.14088192044383,-0.9807076342931844,168.7272189999388,0.5073754133165171,59.51083506385142,148,143,5
Ben Hogan,1912-08-13 12:00:00,1997-07-25,84.94455852156058,disease,Leo,Fire,False,True,Virgo,False,0.9523472722414438,342.2408820928759,-0.6919995658615874,226.21139900442114,0.9914885975798683,352.5192229399979,0.9996998491686749,1.4038421211827483,0.8555531848491319,31.17909790695714,0.289325186540668,73.18243975632296,0.733938900304633,317.2176304554719,0.9942370482114168,6.15416183072017,-0.9976448445839624,183.93307917133785,-0.8930963042786954,153.26494344796217,-0.9205207535311875,157.00233165727514,226,206,20
Byron Nelson,1912-02-04 12:00:00,2006-09-26,94.63928815879535,natural,Aquarius,Air,True,False,Gemini,False,-0.6569168304030668,228.9348455133601,0.3127415707683924,71.77547180623623,-0.0748632453520263,265.70663524963885,-0.2009452413299771,258.4077603918968,-0.6477695658891751,130.3736470253994,0.9199852406920207,336.9239243200044,-0.125888541390952,97.23207080932013,0.7470069204508077,41.668230978020006,-0.9025245119016256,205.5080868756352,-0.9986443543630616,177.01626811562426,0.8615791406182686,329.4943537567444,35,269,131
Gene Sarazen,1902-02-27 12:00:00,1999-05-13,97.20191649555099,disease,Pisces,Water,False,False,Pisces,False,0.27033131721887915,74.31601689884019,-0.9773746578362941,167.78882474104392,0.225094502099482,76.99156471346515,-0.7252451388448725,136.4892443142232,-0.7314213222000461,222.9943187841482,0.23512327909909048,76.40111023629748,-0.2529061663031465,104.6495510206195,0.5619038765954092,55.81243398343497,-0.8126258278912952,215.64671896213935,-0.9923739440842413,172.91949871831116,0.1722829554416184,279.9205815159838,58,133,75
Bobby Jones,1902-03-17 12:00:00,1971-12-18,69.75222450376455,disease,Pisces,Water,False,False,Pisces,True,-0.0011320084705276408,269.93514067841346,-0.9999189275629393,180.72958715372977,0.2639122362346952,285.3023277207572,0.904180161722999,334.7130899922303,0.9976264799778255,356.0516102299995,0.6558510690792831,310.98421406195285,-0.5815291885286509,125.55816964258156,0.4459654248422263,296.48512292537316,-0.9059684568818777,154.95403540305423,-0.26296993211278663,105.24636065975191,-0.014708616615468698,90.8427720444339,76,352,89
Walter Hagen,1892-12-21 12:00:00,1969-10-06,76.78576317590691,cancer,Capricorn,Earth,False,False,Pisces,False,0.22323234319053756,282.89895532825915,-0.9305270145389022,201.4828835370745,0.3041844747692588,287.7091066915676,0.3083616355405946,287.9605227502785,0.24062147331277,283.9232231120595,-0.9999687843910442,180.45271477210147,-0.9045891824503343,205.23199044238717,0.8243176413389189,325.51937148803444,-0.9763426044386347,167.51234121278173,-0.29515608950605243,107.16689741483593,0.7047189319460206,314.80684146005245,356,279,77
Payne Stewart,1957-01-30 12:00:00,1999-10-25,42.729637234770706,accident,Aquarius,Air,False,False,Taurus,True,-0.1517494816451893,261.2716747910255,-0.07315968410507513,94.19548943494397,0.6479557666070546,310.3876521650533,-0.5993686615038566,233.17530527454386,-0.42301629721617945,244.97483405789106,-0.8812030513055134,208.21217096868344,-0.8875069845496956,152.56162830496288,-0.9898962014620157,188.1516648793334,0.016974348388402376,89.02739476766476,-0.1608442774304218,99.25590448709039,-0.2842067464414332,253.4885621502423,30,298,97
Seve Ballesteros,1957-04-09 12:00:00,2011-05-07,54.072553045859,cancer,Aries,Fire,False,False,Gemini,False,0.8891903186347668,27.22832161734645,0.8087844395710687,323.9773373301414,0.9551716152161931,342.77932898589296,0.999550666573037,1.717664173968675,0.6811030921650634,312.92990280754645,-0.8684959522247216,209.715672913349,0.4608132250838874,297.4395958889494,-0.4974718698930277,240.16711926378898,-0.487379654452721,119.16849888429539,-0.6315918472972392,129.16766403155265,0.8279568248556152,34.1105769745962,99,127,28
Bobby Locke,1917-11-20 12:00:00,1987-03-09,69.29500342231348,disease,Scorpio,Water,False,True,Virgo,False,-0.3546338410962897,110.77100502164038,-0.8770516962394178,151.28873104891434,0.1141137031192601,83.44749254645461,0.9225139696250692,22.703580823180744,-0.4675692148540256,242.12337564697387,0.4064768406036821,293.98370672968537,-0.5914510618473252,126.26004770412416,0.5951274331570156,306.52171705275526,-0.8716373880914124,150.64947565784533,-0.5681398645943029,124.62061445316984,-0.1681547037694398,99.68054693409402,324,68,109
Peter Thomson,1929-08-23 12:00:00,2018-06-20,88.82135523613962,disease,Leo,Fire,False,False,Libra,True,0.4889024601489168,299.26846896317704,-0.993967338007049,173.70333341197409,0.4255439651642864,295.18509948975793,0.9566396781254728,16.934242212143943,-0.6150097434934283,127.95262827218784,-0.869720865822215,150.42621849784348,0.9764650850536883,12.455162639050343,0.934850734699666,20.79595651853207,-0.9639829858594329,195.42423652146394,-0.9996264528434844,181.56611578805482,0.1388395289570282,82.01929963867858,235,171,64
Kel Nagle,1920-12-21 12:00:00,2015-01-29,94.10266940451746,natural,Sagittarius,Fire,True,False,Aquarius,False,0.767176599386747,39.89897746526418,0.8400107482157392,32.85874537653014,0.5470683501161085,56.83387892207162,0.9300418019544456,21.558667920338962,0.9074372543887471,24.846432789228686,0.8668546822074944,330.0951652388703,0.363079830022432,68.71054015538701,0.7573120013633575,40.77220051307614,-0.921734450273704,202.81902150985962,-0.9943329159167082,186.1027105288631,0.9389188516243079,339.87077717045395,356,29,38
Billy Casper,1931-06-24 12:00:00,2015-02-07,83.62217659137578,cardiac,Cancer,Water,False,True,Virgo,False,-0.6899917822420313,226.3705416353335,0.9077859742171128,335.2011605080493,-0.7997477942829381,216.893974773271,0.03401557268645548,271.94932478999044,-0.9752783823313932,192.76658852795555,0.9237164999214799,22.524396877490744,0.6767710766583198,312.5918359493355,0.9954477927136368,354.5309293637345,-0.9985047411297231,183.1336461462111,-0.995393357411271,174.4983019619226,-0.9989851245810815,182.5815511443411,175,38,137
Ken Venturi,1931-05-15 12:00:00,2013-05-17,82.00410677618069,disease,Taurus,Earth,False,True,Leo,False,0.9985781591939553,3.055727262164595,-0.33928030729343334,109.8330325764551,0.8675680574971745,29.82274974602243,0.6893337527805106,46.422607258150066,0.05323572165089676,273.05162473451105,0.8976520647397329,333.851137588615,0.23582342421138178,283.6401657728204,0.9938082128054673,353.62074468495206,-0.9992204538767011,182.26249045173984,-0.9908366914090254,172.23760075376464,-0.8302117592940133,213.87950305108444,135,137,2
