planet,star,orb,cosine,name,category
Sun,Aldebaran,0.2950534106422822,0.9999867405637947,Marilyn Monroe,overdose
Pluto,Sirius,0.695715907403212,0.9999262803490074,Marilyn Monroe,overdose
Sun,Vega,1.5273731004239153,0.9996447048361289,Elvis Presley,cardiac
Uranus,Algol,1.3286745081098736,0.9997311299161913,Elvis Presley,cardiac
Rahu,Altair,0.09075658272223563,0.9999987454703831,Elvis Presley,cardiac
Rahu,Spica,0.8288989658565811,0.9998953545474463,Michael Jackson,overdose
Ketu,Algol,1.5111010341434366,0.999652234439404,Michael Jackson,overdose
Sun,Rigel,0.3520254428722751,0.999981125672764,Prince (musician),overdose
Jupiter,Spica,1.8814931412633484,0.9994608731128602,Prince (musician),overdose
Pluto,Regulus,0.12891539904947535,0.9999974687551855,Prince (musician),overdose
Sun,Vega,1.7955397133652014,0.9995090025607125,David Bowie,cancer
Mars,Vega,1.279317111322996,0.9997507339602921,David Bowie,cancer
Uranus,Rigel,1.8464674342896643,0.9994807572314043,David Bowie,cancer
Rahu,Aldebaran,0.07407824688711173,0.9999991641928715,David Bowie,cancer
Ketu,Antares,0.024078246887114574,0.9999999116972031,David Bowie,cancer
Sun,Fomalhaut,1.6420477669425395,0.9995893549549664,George Harrison,cancer
Jupiter,Sirius,1.4653606341223906,0.9996729681076179,George Harrison,cancer
Ketu,Deneb Algedi,1.070939618094883,0.9998253204495778,George Harrison,cancer
Rahu,Rigel,0.44872536370345983,0.9999693321199343,Freddie Mercury,disease
Saturn,Aldebaran,0.4331075470403647,0.9999714297411896,Jimi Hendrix,overdose
Rahu,Regulus,0.4858540279411159,0.9999640471144469,Jimi Hendrix,overdose
Mars,Aldebaran,1.8939714631606819,0.9994536989248892,Jim Morrison,overdose
Moon,Fomalhaut,1.5713577911051289,0.9996239481890005,Frank Sinatra,cardiac
Saturn,Sirius,0.7956648364613415,0.9999035775658854,Frank Sinatra,cardiac
Sun,Rigel,0.7297103402170109,0.9999189001837926,Dean Martin,disease
Venus,Betelgeuse,1.4200295413247943,0.9996928876598915,Dean Martin,disease
Uranus,Deneb Algedi,0.15420014479877864,0.9999963784537117,Dean Martin,disease
Venus,Altair,0.8521047370413157,0.9998894133520497,Sammy Davis Jr,cancer
Pluto,Sirius,0.13730342152882713,0.9999971286426107,Sammy Davis Jr,cancer
Mars,Sirius,1.5871907265955514,0.9996163323327352,Ray Charles,disease
Rahu,Algol,1.2902923979327596,0.9997464388794496,Ray Charles,disease
Ketu,Spica,1.0497076020672296,0.9998321778515554,Ray Charles,disease
Saturn,Altair,1.5509762754852545,0.9996336395961853,Johnny Cash,disease
Moon,Vega,1.4571257836191762,0.9996766332080458,June Carter Cash,cardiac
Neptune,Regulus,0.7143432606333135,0.9999222799596377,June Carter Cash,cardiac
Moon,Aldebaran,1.309853889353377,0.999738692706025,Buddy Holly,accident
Ketu,Betelgeuse,0.9013472148258757,0.9998762628738511,Buddy Holly,accident
Ketu,Spica,0.5920839979544041,0.9999466066067243,Big Bopper,accident
Moon,Algol,0.06274211865892809,0.9999994004256357,Otis Redding,accident
Venus,Spica,0.8465992849421582,0.9998908377112875,Otis Redding,accident
Sun,Altair,0.26559665925708487,0.9999892559213719,Sam Cooke,homicide
Jupiter,Sirius,0.6762102208702458,0.9999303560876801,Sam Cooke,homicide
Saturn,Vega,0.7892079627700355,0.9999051361404919,Sam Cooke,homicide
Venus,Fomalhaut,0.7767639630424128,0.9999081040809632,Marvin Gaye,homicide
Moon,Antares,1.8434768645772976,0.9994824376730075,Isaac Hayes,cardiac
Jupiter,Sirius,1.5001245101856568,0.9996572680877382,Isaac Hayes,cardiac
Saturn,Aldebaran,1.552785363031262,0.9996327844909174,Isaac Hayes,cardiac
Ketu,Fomalhaut,0.7224703284288125,0.9999205014850301,Isaac Hayes,cardiac
Uranus,Betelgeuse,0.6930569833277076,0.9999268427567292,Donna Summer,cancer
Venus,Altair,0.5625525770688,0.999951799950113,Etta James,disease
Jupiter,Antares,1.0127659303574603,0.9998437818112684,Dinah Washington,overdose
Pluto,Sirius,0.9295804616788814,0.9998683899097489,Dinah Washington,overdose
Ketu,Deneb Algedi,1.2875928060691422,0.9997474987425975,Dinah Washington,overdose
Saturn,Betelgeuse,1.9391415649459987,0.9994273327923971,Billie Holiday,disease
Pluto,Betelgeuse,1.4978535256064447,0.9996583049422626,Billie Holiday,disease
Rahu,Deneb Algedi,0.45873378107995677,0.9999679488316794,Billie Holiday,disease
Uranus,Deneb Algedi,0.2660510832583327,0.9999892191247104,Ella Fitzgerald,disease
Rahu,Vega,1.1518564965500104,0.9997979276627598,Ella Fitzgerald,disease
Ketu,Sirius,0.2181435034499799,0.9999927521569139,Ella Fitzgerald,disease
Rahu,Regulus,0.5918325826570197,0.9999466519413271,Sarah Vaughan,cancer
Sun,Fomalhaut,1.6975300039526928,0.9995611380894097,Nina Simone,disease
Sun,Spica,0.31487653481295297,0.9999848990509844,Chuck Berry,cardiac
Pluto,Sirius,1.8635803173325485,0.9994710888996549,Chuck Berry,cardiac
Mercury,Antares,1.4138031153376573,0.9996955748197457,Little Richard,cancer
Saturn,Altair,0.4845874736764699,0.9999642343174067,Little Richard,cancer
Mercury,Fomalhaut,1.1107774713083245,0.9998120833494678,Fats Domino,natural
Pluto,Sirius,1.0973259472757206,0.9998166069970552,Fats Domino,natural
Moon,Regulus,1.1083014031334812,0.9998129201711654,Bo Diddley,cardiac
Mercury,Vega,0.09658984640890367,0.9999985790212359,Bo Diddley,cardiac
Venus,Deneb Algedi,1.6636215601812978,0.9995784944399398,Bo Diddley,cardiac
Neptune,Regulus,1.3598390521109138,0.999718369703941,Bo Diddley,cardiac
Mars,Fomalhaut,0.20010524170112376,0.9999939012444253,Muddy Waters,cardiac
Jupiter,Vega,0.8906278550119282,0.9998791884260436,Muddy Waters,cardiac
Pluto,Betelgeuse,0.6471283709141034,0.999936217578496,Muddy Waters,cardiac
Sun,Rigel,1.8796890735241476,0.9994619064070138,Howlin Wolf,disease
Pluto,Sirius,0.4940806846023804,0.9999628192795841,BB King,disease
Ketu,Altair,0.16211103962723428,0.9999959973314239,BB King,disease
Neptune,Spica,1.3740471291057759,0.9997124540975406,Stevie Ray Vaughan,accident
Moon,Spica,0.9754624878339939,0.9998550776408255,Duane Allman,accident
Mars,Antares,0.23639958124465466,0.9999914882760701,Duane Allman,accident
Mercury,Altair,0.03878168251162606,0.9999997709248307,Ronnie Van Zant,accident
Moon,Aldebaran,1.1108829916695981,0.9998120476459106,Steve Gaines,accident
Moon,Altair,0.920645494057851,0.9998709077236142,Randy Rhoads,accident
Pluto,Regulus,0.6211390837381714,0.9999412377792589,Randy Rhoads,accident
Venus,Deneb Algedi,0.8749278859917808,0.9998834101300844,Cliff Burton,accident
Uranus,Regulus,1.0095068083290926,0.9998447856005304,Cliff Burton,accident
Moon,Spica,0.6161839829158282,0.9999421715750351,Dimebag Darrell,homicide
Sun,Regulus,0.08873249307927722,0.9999988008044163,Keith Moon,overdose
Moon,Sirius,1.3086304663729464,0.9997391805866391,Keith Moon,overdose
Jupiter,Spica,0.021390915719337045,0.9999999303079102,Keith Moon,overdose
Rahu,Rigel,0.22676261914864426,0.9999921681005762,Keith Moon,overdose
Sun,Aldebaran,0.08834732921661725,0.9999988111925894,John Bonham,overdose
Pluto,Regulus,1.9050153763847106,0.9994473098797522,Sid Vicious,overdose
Moon,Aldebaran,0.40698071316158746,0.9999747727116968,GG Allin,overdose
Pluto,Regulus,1.2729924532609687,0.999753192398116,GG Allin,overdose
Sun,Regulus,1.1227863000559068,0.9998079983100909,Layne Staley,overdose
Moon,Betelgeuse,0.690952219610125,0.9999272864230963,Shannon Hoon,overdose
Mercury,Spica,1.4775347256270095,0.9996675119315022,Shannon Hoon,overdose
Venus,Regulus,1.482821881450974,0.999665128281042,Shannon Hoon,overdose
Mars,Antares,1.2684048786753976,0.9997549679969238,Shannon Hoon,overdose
Sun,Fomalhaut,0.9370556049285028,0.999866264783649,Bradley Nowell,overdose
Venus,Altair,1.0435280873685997,0.9998341478826762,Bradley Nowell,overdose
Jupiter,Regulus,0.7784565557893757,0.9999077031626818,Bradley Nowell,overdose
Jupiter,Fomalhaut,0.021564840027394894,0.9999999291700042,Hillel Slovak,overdose
Mercury,Antares,1.0871977072922903,0.9998199766809974,Jonathan Melvoin,overdose
Uranus,Regulus,0.7186291260427424,0.9999213445759956,Jonathan Melvoin,overdose
Saturn,Fomalhaut,0.1907453684389111,0.9999944584361522,Chris Cornell,suicide
Rahu,Betelgeuse,1.9356329526488736,0.9994294030471595,Chris Cornell,suicide
Jupiter,Regulus,1.437836517326133,0.9996851374804097,Scott Weiland,overdose
Rahu,Algol,1.2908300021385024,0.9997462275503646,Scott Weiland,overdose
Moon,Deneb Algedi,1.6812731778889543,0.9995695029837659,Tom Petty,overdose
Mercury,Spica,1.580489343034344,0.9996195651057713,Glenn Frey,disease
Uranus,Betelgeuse,1.4183437363482057,0.9996936163739885,Glenn Frey,disease
Mercury,Vega,1.3398869954908719,0.9997265730668707,Maurice Gibb,disease
Mercury,Vega,1.3398869954908719,0.9997265730668707,Robin Gibb,cancer
Pluto,Regulus,0.916129065286782,0.9998721711710059,Andy Gibb,cardiac
Sun,Algol,0.5650903030495726,0.9999513641031358,Dusty Springfield,cancer
Mars,Vega,1.4950472846914522,0.9996595840073325,Dusty Springfield,cancer
Sun,Spica,0.4324261131680771,0.9999715195726147,Laura Nyro,cancer
Sun,Algol,0.3196835675005154,0.99998443445831,Selena,homicide
Moon,Regulus,0.579667823905254,0.9999488224579578,Aaliyah,accident
Venus,Antares,0.8601788147934428,0.9998873077456603,Aaliyah,accident
Moon,Sirius,0.3761636211315391,0.9999784485366294,Lisa Left Eye Lopes,accident
Saturn,Aldebaran,1.1497918781978171,0.9997986513889642,Notorious BIG,homicide
Mercury,Rigel,1.8430674013071666,0.999482667544029,Tupac Shakur,homicide
Rahu,Betelgeuse,0.6591814512494949,0.9999338195210866,Eazy-E,disease
Mars,Fomalhaut,1.7480414527372545,0.9995346341537419,Big Pun,cardiac
Jupiter,Antares,1.047583391958483,0.9998328563621856,Big Pun,cardiac
Sun,Aldebaran,1.128954032953132,0.9998058831626087,Big L,homicide
Uranus,Spica,0.2728307753030208,0.9999886626740411,Big L,homicide
Neptune,Antares,1.5447595200213868,0.9996365704866277,Big L,homicide
Sun,Altair,0.5288086754438268,0.9999574089056158,Jam Master Jay,homicide
Saturn,Fomalhaut,0.5100055432512249,0.9999603839049561,Jam Master Jay,homicide
Moon,Vega,1.5021488825380516,0.9996563425040598,Scott La Rock,homicide
Mars,Deneb Algedi,1.245760316941471,0.9997636385664066,Scott La Rock,homicide
Jupiter,Deneb Algedi,1.1524688645438914,0.9997977127551702,Scott La Rock,homicide
Uranus,Regulus,1.888704481818678,0.9994567328634477,Scott La Rock,homicide
Saturn,Betelgeuse,1.9954912411650838,0.9993935702598747,Pimp C,overdose
Neptune,Antares,1.5274810018983658,0.9996446546375816,Pimp C,overdose
Ketu,Betelgeuse,0.6926059958369137,0.9999269379346614,Pimp C,overdose
Mercury,Vega,1.680238946316308,0.9995700324215406,Mac Miller,overdose
Uranus,Vega,0.6705924175797691,0.9999315084398593,Mac Miller,overdose
Neptune,Vega,1.4652950596966434,0.9996729973745156,Mac Miller,overdose
Mars,Regulus,1.3870804073352758,0.9997069735639097,Lil Peep,overdose
Uranus,Altair,0.9230852100219522,0.9998702226412979,Lil Peep,overdose
Sun,Altair,1.4946921445727526,0.9996597457067821,XXXTentacion,homicide
Mercury,Vega,0.7446184662978226,0.9999155526099571,XXXTentacion,homicide
Neptune,Altair,1.9926121278356845,0.9993953187461617,XXXTentacion,homicide
Sun,Antares,0.31660690816366355,0.9999847326237764,Juice WRLD,overdose
Mercury,Antares,1.7337173334247495,0.9995422290968228,Juice WRLD,overdose
Saturn,Algol,1.2615196199850196,0.9997576208749357,Juice WRLD,overdose
Neptune,Altair,1.6646177890983154,0.9995779895027342,Juice WRLD,overdose
Pluto,Antares,1.7759266243637342,0.9995196696758982,Juice WRLD,overdose
Neptune,Altair,1.3552690892014425,0.9997202593649881,Pop Smoke,homicide
Pluto,Antares,1.811844432809238,0.9995000456400721,Pop Smoke,homicide
Venus,Sirius,1.0524875253809256,0.9998312878183282,Nipsey Hussle,homicide
Mars,Regulus,1.8403569568811236,0.9994841878892449,Princess Diana,accident
Rahu,Regulus,0.11571345720108184,0.9999979606473549,Princess Diana,accident
Sun,Fomalhaut,1.542754076779886,0.9996375134426647,Steve Jobs,cancer
Moon,Sirius,1.7797073045546483,0.9995176225618808,Heath Ledger,overdose
Moon,Deneb Algedi,0.2682906058218464,0.9999890368620661,Philip Seymour Hoffman,overdose
Mercury,Sirius,1.3788985328400543,0.9997104201112545,Philip Seymour Hoffman,overdose
Pluto,Regulus,0.195662406152195,0.9999941690529544,Carrie Fisher,cardiac
Mars,Sirius,0.03218437189767087,0.9999998422334953,Alan Rickman,cancer
Rahu,Betelgeuse,1.9763536355080902,0.9994051451707398,Alan Rickman,cancer
Venus,Deneb Algedi,0.09071677119010246,0.9999987465707723,Leonard Nimoy,disease
Uranus,Rigel,1.1337616888261977,0.9998042264015229,Farrah Fawcett,cancer
Rahu,Aldebaran,1.4114025903715088,0.999696607669244,Farrah Fawcett,cancer
Ketu,Antares,1.3614025903715117,0.9997177217270152,Farrah Fawcett,cancer
Mercury,Aldebaran,1.619561971318035,0.9996005237507355,Cory Monteith,overdose
Pluto,Spica,1.0260142664541263,0.9998396681022412,Cory Monteith,overdose
Ketu,Vega,0.8237004098571674,0.9998966630060759,Cory Monteith,overdose
Mercury,Algol,0.5913889453257113,0.9999467318899834,Marlon Brando,disease
Rahu,Regulus,0.20778846894154412,0.999993423919065,Marlon Brando,disease
Moon,Sirius,1.4615172685524698,0.9996746812514158,Clark Gable,cardiac
Neptune,Betelgeuse,1.9723632964496716,0.9994075445814241,Clark Gable,cardiac
Pluto,Rigel,1.007115407668266,0.9998455200792452,Clark Gable,cardiac
Mercury,Antares,1.6611089042330036,0.9995797666337409,Humphrey Bogart,cancer
Uranus,Antares,0.008196268846802468,0.9999999897680801,Humphrey Bogart,cancer
Pluto,Rigel,1.463002622770972,0.999674019702127,Humphrey Bogart,cancer
Jupiter,Antares,0.9793701668317851,0.9998539142325711,Spencer Tracy,cardiac
Pluto,Rigel,1.8921458799320732,0.9994547514717194,Spencer Tracy,cardiac
Mars,Regulus,1.1251683057434718,0.9998071828039883,Gary Cooper,cancer
Saturn,Vega,0.8437682853390811,0.9998915665475119,Gary Cooper,cancer
Neptune,Betelgeuse,1.350153762574891,0.9997223669879267,Gary Cooper,cancer
Pluto,Rigel,0.3814852292032498,0.9999778344460571,Gary Cooper,cancer
Moon,Altair,0.9949979296385436,0.9998492149865078,Cary Grant,cardiac
Moon,Altair,0.13853694028301788,0.9999970768189734,James Stewart,cardiac
Venus,Sirius,1.9178295635369125,0.9994398501700956,James Stewart,cardiac
Mars,Betelgeuse,0.15807632096907298,0.9999961940935991,James Stewart,cardiac
Uranus,Vega,1.10805536039976,0.9998130032227408,James Stewart,cardiac
Neptune,Sirius,1.1080689210039196,0.9998129986458472,James Stewart,cardiac
Saturn,Fomalhaut,1.6185176438380608,0.9996010387316925,Henry Fonda,cardiac
Ketu,Fomalhaut,1.4150383030627154,0.9996950426842894,Henry Fonda,cardiac
Saturn,Rigel,0.3998154227925994,0.9999756531901963,Burt Lancaster,cardiac
Uranus,Altair,1.9939729734917933,0.9993944926187333,Burt Lancaster,cardiac
Moon,Rigel,0.9573224180800395,0.9998604174609004,Kirk Douglas,natural
Jupiter,Algol,0.5137193648297114,0.9999598048453535,Kirk Douglas,natural
Pluto,Sirius,0.46294919857975003,0.9999673570762946,Rock Hudson,disease
Sun,Spica,0.01460703644514183,0.999999967502574,Montgomery Clift,cardiac
Uranus,Fomalhaut,1.8677198895207425,0.9994687367570703,Montgomery Clift,cardiac
Sun,Algol,0.4899646523533612,0.9999634361774647,William Holden,accident
Jupiter,Aldebaran,0.9003382925714618,0.999876539723217,William Holden,accident
Mars,Fomalhaut,1.8145111625149184,0.9994985729829723,Steve McQueen,cancer
Jupiter,Aldebaran,0.7186442673386466,0.9999213412615127,Steve McQueen,cancer
Neptune,Regulus,1.5676725782645633,0.9996257098750544,Steve McQueen,cancer
Venus,Vega,1.3031046047494215,0.999741378528827,Paul Newman,cancer
Uranus,Deneb Algedi,1.4456100564295298,0.999681723904189,Robert Mitchum,cancer
Uranus,Fomalhaut,1.424565110133642,0.9996909227968483,Yul Brynner,cancer
Pluto,Sirius,0.38818744639043246,0.9999770487654389,Peter Sellers,cardiac
Ketu,Altair,0.5990179832730291,0.9999453486990008,Peter Sellers,cardiac
Pluto,Sirius,0.5349200958874718,0.9999564187770946,Richard Burton,disease
Sun,Algol,0.21968359977943308,0.999992649456023,Peter Ustinov,cardiac
Ketu,Algol,1.2457094187561353,0.9997636578793486,Peter Ustinov,cardiac
Saturn,Betelgeuse,0.6471586722696969,0.9999362116052807,Orson Welles,cardiac
Pluto,Betelgeuse,1.8885932402537122,0.9994567968508377,Orson Welles,cardiac
Rahu,Deneb Algedi,1.0869012701810448,0.9998200748355773,Orson Welles,cardiac
Moon,Deneb Algedi,0.9979078804955179,0.9998483317535335,John Huston,disease
Mercury,Regulus,1.0815849866881422,0.9998218305894079,Alfred Hitchcock,disease
Pluto,Rigel,0.3277833059218125,0.9999836357081183,Alfred Hitchcock,disease
Sun,Betelgeuse,1.3813799299899756,0.9997093769969139,Billy Wilder,disease
Mercury,Sirius,1.4019763399297602,0.9997006464317243,Billy Wilder,disease
Mercury,Sirius,0.15601611648258995,0.9999962926516268,Stanley Kubrick,cardiac
Neptune,Regulus,1.8820888786486591,0.9994605316819009,Stanley Kubrick,cardiac
Mars,Spica,1.7711008619784536,0.9995222763448157,Federico Fellini,cardiac
Venus,Rigel,0.9698964583196386,0.9998567267489448,Ingmar Bergman,natural
Jupiter,Betelgeuse,1.5283439967604835,0.9996442530225546,Ingmar Bergman,natural
Saturn,Spica,0.018736303761642148,0.9999999465321682,Jean Renoir,cardiac
Neptune,Rigel,1.01810415664346,0.9998421306818073,Jean Renoir,cardiac
Pluto,Aldebaran,1.9457248302782801,0.9994234382270866,Jean Renoir,cardiac
Sun,Algol,0.8302900254660237,0.999895003026537,Charlie Chaplin,cardiac
Ketu,Vega,0.8129973773094434,0.9998993310029357,Charlie Chaplin,cardiac
Neptune,Rigel,1.184854449920138,0.9997861844580236,Buster Keaton,cancer
Venus,Algol,1.3141041982277457,0.9997369942114199,Harold Lloyd,cancer
Neptune,Aldebaran,0.2961356017174097,0.9999866431202409,Harold Lloyd,cancer
Pluto,Aldebaran,1.389321871061739,0.9997060258083182,Harold Lloyd,cancer
Rahu,Vega,0.9695403257085786,0.9998568319430436,WC Fields,disease
Ketu,Sirius,0.4004596742914117,0.999975574663749,WC Fields,disease
Jupiter,Altair,0.5698001714523571,0.9999505499982458,Groucho Marx,disease
Rahu,Rigel,1.1910115842387654,0.9997839565656829,Groucho Marx,disease
Moon,Rigel,1.9062823594613576,0.9994465745394713,Stan Laurel,cardiac
Saturn,Regulus,0.8215533663554595,0.9998972010076653,Stan Laurel,cardiac
Uranus,Spica,1.150475519986145,0.9997984118906292,Stan Laurel,cardiac
Venus,Aldebaran,0.3720942305555184,0.9999789123062653,Red Skelton,disease
Pluto,Betelgeuse,1.4449972936785258,0.9996819936533734,Red Skelton,disease
Moon,Aldebaran,0.27807708982089707,0.9999882224676311,Jack Benny,cancer
Saturn,Spica,1.2106377958355665,0.999776777977758,Jack Benny,cancer
Neptune,Aldebaran,0.9280997720407527,0.9998688088390276,Jack Benny,cancer
Pluto,Aldebaran,1.0089047025915363,0.9998449706913005,Jack Benny,cancer
Sun,Altair,1.791041516330381,0.9995114593786616,George Burns,natural
Neptune,Rigel,1.2410573446054087,0.9997654197431541,George Burns,natural
Pluto,Aldebaran,1.14366759640275,0.999800790542619,George Burns,natural
Rahu,Fomalhaut,1.6217429799263527,0.9995994471762116,George Burns,natural
Moon,Sirius,1.7638750991480947,0.9995261661336323,Bob Hope,disease
Uranus,Vega,0.7291070102606909,0.9999190342344098,Milton Berle,cancer
Neptune,Sirius,0.7109299821227495,0.9999230209002508,Milton Berle,cancer
Pluto,Betelgeuse,0.26489020540256547,0.999989313001064,Lucille Ball,cardiac
Rahu,Vega,1.7169880728230282,0.9995510202071519,Desi Arnaz,cancer
Moon,Antares,1.788806540194173,0.9995126777834028,Jackie Gleason,cancer
Jupiter,Sirius,1.7469115659704073,0.999535235512543,Art Carney,natural
Uranus,Deneb Algedi,0.26139760501644105,0.9999895929607009,Art Carney,natural
Venus,Betelgeuse,0.766151783218362,0.9999105978626321,Phil Silvers,natural
Mars,Fomalhaut,0.41718386209930713,0.9999734919475417,Don Rickles,disease
Jupiter,Deneb Algedi,1.3255373654175742,0.999732398022802,Don Rickles,disease
Pluto,Sirius,1.1509472720875067,0.9997982465400211,Don Rickles,disease
Moon,Regulus,0.005634296726242383,0.9999999951649143,Rodney Dangerfield,cardiac
Uranus,Fomalhaut,1.8654867960161141,0.9994700062692062,Rodney Dangerfield,cardiac
Sun,Rigel,0.0087931045008105,0.9999999882236906,Joan Rivers,cardiac
Mercury,Betelgeuse,0.23256587200079082,0.9999917621076615,Joan Rivers,cardiac
Venus,Betelgeuse,0.6874501376928919,0.9999280216418456,Joan Rivers,cardiac
Uranus,Algol,0.04167219725951199,0.999999735504967,Joan Rivers,cardiac
Rahu,Fomalhaut,1.3355809457588634,0.9997283276101044,Joan Rivers,cardiac
Uranus,Deneb Algedi,0.709382250668682,0.9999233557061148,Phyllis Diller,natural
Venus,Aldebaran,1.3105310332660167,0.999738422476399,Totie Fields,cardiac
Jupiter,Rigel,1.842661358598022,0.9994828954443535,Totie Fields,cardiac
Neptune,Regulus,0.9682905905839334,0.9998572007829443,Totie Fields,cardiac
Moon,Betelgeuse,1.9822103526951622,0.99940161471899,Gilda Radner,cancer
Uranus,Rigel,1.8719167203264249,0.9994663467537046,Gilda Radner,cancer
Ketu,Fomalhaut,1.4050791242308946,0.9996993200031045,Madeline Kahn,cancer
Venus,Vega,1.9037224083355682,0.9994480597975155,John Belushi,overdose
Jupiter,Vega,0.2640795014632431,0.999989378316568,John Belushi,overdose
Uranus,Betelgeuse,1.567763177845734,0.9996256666142446,John Belushi,overdose
Mars,Spica,1.093812775856776,0.999817779374594,Sam Kinison,accident
Neptune,Spica,1.546317601726713,0.9996358370338814,Sam Kinison,accident
Uranus,Regulus,0.6711607747475057,0.9999313922926459,Bill Hicks,cancer
Sun,Fomalhaut,1.0767510254970603,0.999823419579822,Mitch Hedberg,overdose
Jupiter,Regulus,0.5156427752496597,0.9999595032955471,Mitch Hedberg,overdose
Moon,Sirius,1.8881966891100745,0.9994570249208287,Greg Giraldo,overdose
Venus,Altair,0.7787289602060241,0.9999076385577201,Greg Giraldo,overdose
Jupiter,Betelgeuse,1.4434678564568202,0.9996826664402881,Greg Giraldo,overdose
Mars,Deneb Algedi,0.43927184954992526,0.9999706106921834,Patrice ONeal,cardiac
Moon,Fomalhaut,0.928067115351439,0.999868818071009,Bernie Mac,disease
Saturn,Antares,0.19284266684371687,0.999994335904241,Bernie Mac,disease
Pluto,Regulus,1.6381703141262847,0.9995912918882721,Bernie Mac,disease
Sun,Antares,0.6152236802962534,0.9999423516802742,Richard Pryor,cardiac
Venus,Altair,0.7503719341131614,0.9999142425821584,Flip Wilson,cancer
Mars,Vega,0.7609648348148426,0.9999118042756515,Flip Wilson,cancer
Rahu,Deneb Algedi,0.7074972371609647,0.9999237624874833,Flip Wilson,cancer
Mercury,Regulus,0.7279709949505389,0.9999192863385764,Robin Harris,cardiac
Saturn,Spica,0.21487565948052634,0.9999929676791747,Robin Harris,cardiac
Neptune,Spica,1.8427015846521044,0.9994828728688436,Robin Harris,cardiac
Rahu,Altair,0.4883108008070849,0.9999636825981404,Robin Harris,cardiac
Sun,Aldebaran,0.2950534106422822,0.9999867405637947,Marilyn Monroe,overdose
Pluto,Sirius,0.695715907403212,0.9999262803490074,Marilyn Monroe,overdose
Venus,Regulus,1.759124665236186,0.999528714736789,Carole Lombard,accident
Rahu,Betelgeuse,0.9226625676938056,0.9998703414508352,Carole Lombard,accident
Moon,Algol,0.3628968473236611,0.9999799419052634,Natalie Wood,accident
Mars,Regulus,1.345996179554902,0.9997240741298993,Jayne Mansfield,accident
Rahu,Fomalhaut,1.296073170502325,0.9997441618761538,Jayne Mansfield,accident
Venus,Antares,0.41888417481143847,0.9999732754308868,Dorothy Dandridge,overdose
Sun,Rigel,1.7348431165038676,0.9995416344454787,Judy Garland,overdose
Mercury,Betelgeuse,1.4678474294299093,0.999671857245333,Judy Garland,overdose
Saturn,Rigel,1.2230478664211262,0.9997721782637972,Frances Farmer,cancer
Venus,Antares,1.894828680482533,0.9994532043429605,Veronica Lake,disease
Jupiter,Algol,0.7347212949320614,0.9999177825423479,Betty Grable,cancer
Sun,Spica,0.15022034512244886,0.9999965629804569,Rita Hayworth,disease
Mercury,Spica,1.4855161501934901,0.9996639103282956,Rita Hayworth,disease
Jupiter,Sirius,1.2899586413830093,0.9997465700329237,Rita Hayworth,disease
Uranus,Deneb Algedi,0.37992473904910185,0.9999780154137856,Rita Hayworth,disease
Ketu,Rigel,1.1379540408951954,0.9998027759339491,Rita Hayworth,disease
Mercury,Fomalhaut,1.789366519241014,0.9995123726517364,Lana Turner,cancer
Uranus,Fomalhaut,0.8542002326057059,0.9998888687840817,Lana Turner,cancer
Venus,Fomalhaut,1.387078662380361,0.999706974301131,Joan Crawford,cardiac
Pluto,Rigel,1.9288387428412506,0.9994334013114696,Joan Crawford,cardiac
Uranus,Vega,1.35558452920651,0.999720129136179,Bette Davis,cancer
Neptune,Sirius,1.955895879809745,0.9994173952403365,Bette Davis,cancer
Neptune,Sirius,1.317420300618167,0.9997356652207984,Barbara Stanwyck,cardiac
Mars,Vega,0.2943464569988805,0.9999868040272619,Katharine Hepburn,natural
Moon,Algol,0.1059401027889848,0.999998290593324,Ingrid Bergman,cancer
Venus,Regulus,0.9131860510188403,0.9998729911206542,Ingrid Bergman,cancer
Saturn,Sirius,0.8394603785950068,0.9998926709275121,Ingrid Bergman,cancer
Jupiter,Vega,1.8439290344352912,0.999482183767371,Vivien Leigh,disease
Saturn,Rigel,0.21334755517395365,0.9999930673451534,Vivien Leigh,disease
Neptune,Regulus,1.2305101617999128,0.9997693898300847,Audrey Hepburn,cancer
Saturn,Altair,1.4693017908112438,0.9996712067030487,Elizabeth Taylor,cardiac
Moon,Deneb Algedi,0.17871967635164765,0.9999951351536747,Debbie Reynolds,cardiac
Mercury,Algol,1.2111793752654378,0.9997765782235561,Debbie Reynolds,cardiac
Saturn,Altair,1.5075048811683018,0.9996538876153872,Debbie Reynolds,cardiac
Saturn,Vega,1.2120851512983677,0.9997762439407649,Anne Bancroft,cancer
Jupiter,Regulus,1.950951051965319,0.9994203370744016,Maureen OHara,natural
Uranus,Fomalhaut,0.2114154519931617,0.9999931923424864,Maureen OHara,natural
Moon,Algol,0.343898889282773,0.9999819870442564,Lauren Bacall,cardiac
Pluto,Sirius,0.6794066127272345,0.9999296961368518,Lauren Bacall,cardiac
Mercury,Algol,1.3173787023130181,0.9997356819128453,Gloria Swanson,cardiac
Venus,Deneb Algedi,0.7188427578836354,0.9999212978047765,Gloria Swanson,cardiac
Uranus,Antares,1.838097956343887,0.9994854533011678,Gloria Swanson,cardiac
Mars,Vega,0.4561811177906634,0.9999683045402733,Mary Pickford,disease
Pluto,Aldebaran,0.7661352982128165,0.9999106017097991,Lillian Gish,cardiac
Mars,Regulus,1.0802927683963333,0.9998222560565182,Mae West,cardiac
Pluto,Aldebaran,0.8771990036047299,0.9998828040737467,Mae West,cardiac
Ketu,Spica,1.4480605770579018,0.9996806439979696,Mae West,cardiac
Saturn,Vega,1.767151597107727,0.9995244042918189,Marlene Dietrich,disease
Neptune,Betelgeuse,1.1844550014053823,0.999786328595327,Marlene Dietrich,disease
Pluto,Rigel,0.523014388428976,0.9999583371478709,Marlene Dietrich,disease
Rahu,Regulus,1.1853496754780508,0.9997860056929913,Greta Garbo,disease
Mercury,Fomalhaut,1.3851259420849829,0.9997077987195707,Anna Magnani,cancer
Venus,Algol,0.5108141889193973,0.9999602581786037,Anna Magnani,cancer
Uranus,Vega,0.6182120775964108,0.999941790281806,Anna Magnani,cancer
Neptune,Sirius,1.932559443142864,0.9994312134902793,Anna Magnani,cancer
Saturn,Vega,1.244980513208077,0.9997639343706449,Anita Ekberg,disease
Uranus,Aldebaran,1.1264271390944458,0.9998067511304812,Tuesday Weld,disease
Venus,Sirius,1.244745256178021,0.99976402357472,Ernest Hemingway,suicide
Pluto,Rigel,0.6746152599543649,0.9999306842313045,Ernest Hemingway,suicide
Ketu,Betelgeuse,0.9216763385011859,0.9998706184794116,Ernest Hemingway,suicide
Mercury,Spica,0.9358953078686625,0.9998665957630685,F Scott Fitzgerald,cardiac
Venus,Spica,0.9336321013177553,0.9998672401719264,F Scott Fitzgerald,cardiac
Jupiter,Regulus,0.5519456693499762,0.9999536004208701,F Scott Fitzgerald,cardiac
Rahu,Deneb Algedi,1.1780755863031231,0.9997886239630704,F Scott Fitzgerald,cardiac
Venus,Regulus,1.218555202911773,0.9997738488574709,William Faulkner,cardiac
Rahu,Altair,1.1996783012594392,0.9997808010445379,William Faulkner,cardiac
Neptune,Betelgeuse,0.04061757995634707,0.9999997487229588,John Steinbeck,cardiac
Pluto,Rigel,0.1512414536270228,0.999996516096051,John Steinbeck,cardiac
Mercury,Deneb Algedi,0.29676128237997546,0.9999865866194271,Jack Kerouac,disease
Mars,Antares,0.7037782751598343,0.9999245618564935,Jack Kerouac,disease
Moon,Aldebaran,0.577049345894963,0.9999492837686039,William Burroughs,cardiac
Mercury,Deneb Algedi,0.557662310294063,0.9999526343067283,William Burroughs,cardiac
Jupiter,Altair,1.7169106978067816,0.9995510606692111,William Burroughs,cardiac
Saturn,Aldebaran,1.4193196188586938,0.9996931946398488,William Burroughs,cardiac
Pluto,Betelgeuse,0.5707058152746356,0.9999503926823645,William Burroughs,cardiac
Sun,Aldebaran,1.9113595277956108,0.9994436229146842,Allen Ginsberg,cancer
Mercury,Aldebaran,0.08948842858596606,0.9999987802848586,Allen Ginsberg,cancer
Pluto,Sirius,0.6584235925904522,0.9999339716068757,Allen Ginsberg,cancer
Venus,Aldebaran,1.228563610533584,0.9997701188322365,Hunter S Thompson,suicide
Pluto,Sirius,0.5594865626763124,0.9999523239123594,Truman Capote,overdose
Sun,Spica,0.7963767205883414,0.9999034049524971,Arthur Miller,cardiac
Sun,Spica,0.2711538111162781,0.9999888016160233,Eugene ONeill,disease
Venus,Deneb Algedi,0.45872158634841753,0.9999679505357095,Edward Albee,natural
Pluto,Sirius,0.9564631885316714,0.9998606679028281,Edward Albee,natural
Ketu,Spica,0.14928146099131823,0.9999966058092356,Harold Pinter,cancer
Sun,Betelgeuse,0.8980776984394083,0.9998771589071274,Jean-Paul Sartre,disease
Moon,Deneb Algedi,1.840255142548699,0.9994842449554548,Jean-Paul Sartre,disease
Saturn,Fomalhaut,1.0272231107289826,0.9998392900855116,Jean-Paul Sartre,disease
Ketu,Fomalhaut,0.5042652134370655,0.9999612706725597,Jean-Paul Sartre,disease
Jupiter,Vega,1.6156336915386191,0.9996024591474849,Albert Camus,accident
Saturn,Rigel,0.13014066267342628,0.9999974204106192,Albert Camus,accident
Mercury,Vega,1.2033844610800202,0.9997794446620796,Simone de Beauvoir,disease
Neptune,Sirius,0.7064562827729617,0.9999239866590632,Simone de Beauvoir,disease
Rahu,Sirius,0.03866961407800318,0.9999997722468467,Simone de Beauvoir,disease
Ketu,Vega,1.4086696140780077,0.9996977814229957,Simone de Beauvoir,disease
Sun,Regulus,1.2358346188619578,0.9997673898746139,Jorge Luis Borges,cancer
Pluto,Rigel,0.21854571601343764,0.9999927254051889,Jorge Luis Borges,cancer
Pluto,Sirius,0.20672459247661834,0.9999934910856416,Gabriel Garcia Marquez,disease
Mars,Sirius,1.9978456411909207,0.9993921385565387,Octavio Paz,cancer
Pluto,Betelgeuse,0.3808821554821691,0.999977904471562,Octavio Paz,cancer
Moon,Sirius,1.739887633296263,0.9995389651360924,Pablo Neruda,cancer
Jupiter,Algol,1.7361555321712814,0.9995409407255387,Pablo Neruda,cancer
Mercury,Vega,1.2287337703223216,0.9997700551517886,Arthur C Clarke,disease
Sun,Regulus,0.7680616534657929,0.9999101515888126,Ray Bradbury,natural
Moon,Antares,0.7911863675949178,0.9999046599380728,Ray Bradbury,natural
Jupiter,Regulus,0.8607366077995096,0.9998871615478035,Ray Bradbury,natural
Uranus,Fomalhaut,0.013970980449585113,0.9999999702711228,Ray Bradbury,natural
Neptune,Regulus,1.5117860077819785,0.9996519191058794,Philip K Dick,cardiac
Venus,Antares,0.8930425272076548,0.9998785324620751,Kurt Vonnegut,accident
Mars,Aldebaran,0.6006690428222328,0.9999450470183157,Joseph Heller,cardiac
Moon,Algol,0.9489672308616655,0.9998628432318081,Gore Vidal,disease
Jupiter,Vega,1.8474183636148496,0.9994802223207742,Gore Vidal,disease
Pluto,Sirius,0.6332994746933593,0.9999389144380426,Gore Vidal,disease
Ketu,Altair,0.7340053822941854,0.9999179426875239,Gore Vidal,disease
Moon,Regulus,0.4073950626797682,0.9999747213176555,James Baldwin,cancer
Mars,Fomalhaut,0.900492588448742,0.9998764974043419,James Baldwin,cancer
Jupiter,Antares,0.30678915992109523,0.9999856648011276,James Baldwin,cancer
Pluto,Sirius,1.4679372789528884,0.9996718170739106,James Baldwin,cancer
Ketu,Deneb Algedi,0.12470033363842958,0.9999976315741147,James Baldwin,cancer
Jupiter,Regulus,1.5218552847289288,0.9996472671399876,Richard Wright,cardiac
Saturn,Aldebaran,1.673841077959679,0.9995733003417608,Ralph Ellison,cancer
Pluto,Betelgeuse,0.3538458943404663,0.9999809299566224,Ralph Ellison,cancer
Neptune,Betelgeuse,1.9773014747377857,0.9994045745178334,Langston Hughes,disease
Pluto,Rigel,1.0097465046597307,0.9998447118857707,Langston Hughes,disease
Pluto,Sirius,0.9097708582580708,0.9998739393164938,Maya Angelou,natural
Neptune,Regulus,1.3877323000489525,0.9997066980826258,Anne Sexton,suicide
Moon,Algol,0.9808738963431409,0.9998534652976092,Virginia Woolf,suicide
Mars,Betelgeuse,1.3494468268159636,0.9997226576337128,Virginia Woolf,suicide
Sun,Spica,1.398344089097094,0.9997021954804309,Oscar Wilde,disease
Saturn,Rigel,1.2392357340966242,0.9997661078396606,Oscar Wilde,disease
Jupiter,Sirius,0.6723941528962314,0.999931139905946,Mark Twain,cardiac
Neptune,Altair,0.14385063728366276,0.9999968482766312,Mark Twain,cardiac
Moon,Antares,1.433634879054921,0.9996869748750403,Charles Dickens,cardiac
Neptune,Vega,0.25195969546928154,0.9999903308969419,Leo Tolstoy,disease
Ketu,Regulus,0.6068463900035965,0.9999439109318075,Fyodor Dostoevsky,disease
Jupiter,Sirius,1.4135826194666379,0.9996956697634555,Franz Kafka,disease
Mars,Betelgeuse,1.7883185030296715,0.9995129436361917,James Joyce,disease
Rahu,Betelgeuse,1.176439787194738,0.9997892105409459,Marcel Proust,disease
Mars,Antares,0.8333475999005202,0.9998942283056668,HP Lovecraft,cancer
Uranus,Spica,0.14644696417386172,0.9999967334805417,HP Lovecraft,cancer
Pluto,Aldebaran,1.9940175817074675,0.9993944655289181,HP Lovecraft,cancer
Jupiter,Altair,0.8362807329104953,0.9998934824394502,Agatha Christie,natural
Uranus,Spica,1.1111813233218868,0.9998119466849485,Agatha Christie,natural
Pluto,Aldebaran,1.948898708850237,0.9994215558920856,Agatha Christie,natural
Mercury,Betelgeuse,1.2840641384603373,0.9997488807554084,Ian Fleming,cardiac
Uranus,Vega,0.9152880110120236,0.9998724057653474,Ian Fleming,cardiac
Neptune,Sirius,0.8813985060421459,0.9998816792823567,Ian Fleming,cardiac
Venus,Antares,1.143047216267405,0.9998010065983564,CS Lewis,disease
Pluto,Rigel,1.9795438825671994,0.9994032233723571,CS Lewis,disease
Mercury,Deneb Algedi,1.2426624180724275,0.9997648126039971,Dr Seuss,cancer
Pluto,Rigel,1.851429519119776,0.9994779629615246,Dr Seuss,cancer
Rahu,Algol,1.3962537273337468,0.9997030851371383,Shel Silverstein,cardiac
Ketu,Spica,0.9437462726662318,0.9998643482442449,Shel Silverstein,cardiac
Pluto,Sirius,1.876412960392102,0.9994637802933318,Maurice Sendak,cardiac
Rahu,Aldebaran,0.736314821825232,0.9999174255198829,Maurice Sendak,cardiac
Ketu,Antares,0.6863148218252206,0.999928259185525,Maurice Sendak,cardiac
Neptune,Regulus,0.6700242587184277,0.9999316244482053,Eric Carle,disease
Venus,Rigel,0.3409049279116516,0.999982299317317,John F Kennedy,homicide
Uranus,Deneb Algedi,0.18875947012196548,0.9999945732246232,John F Kennedy,homicide
Ketu,Sirius,1.5799777290486219,0.999619811348467,John F Kennedy,homicide
Venus,Vega,0.6115540384658402,0.9999430373358323,Robert F Kennedy,homicide
Pluto,Sirius,0.41802575912656437,0.9999733848510217,Robert F Kennedy,homicide
Neptune,Regulus,1.0710720970297132,0.9998252772312343,Martin Luther King Jr,homicide
Moon,Algol,0.47015805383009024,0.999966332562501,Malcolm X,homicide
Sun,Deneb Algedi,0.3130245493874213,0.9999850761643614,Abraham Lincoln,homicide
Mars,Spica,1.621726077986267,0.9995994555248003,Abraham Lincoln,homicide
Mars,Betelgeuse,1.737453007896093,0.999540254387069,Franklin D Roosevelt,cardiac
Saturn,Aldebaran,0.4204818743167209,0.9999730711783987,Harry S Truman,disease
Mars,Vega,1.515633773253228,0.9996501450983676,Dwight D Eisenhower,cardiac
Jupiter,Altair,0.9808297955550529,0.9998534784736001,Dwight D Eisenhower,cardiac
Rahu,Rigel,0.523425643708535,0.9999582716021211,Dwight D Eisenhower,cardiac
Venus,Fomalhaut,0.7696168907357333,0.9999097873603207,Richard Nixon,cardiac
Uranus,Altair,0.8947843014312866,0.9998780581934122,Richard Nixon,cardiac
Pluto,Betelgeuse,0.09119893816252045,0.9999987332112102,Richard Nixon,cardiac
Pluto,Betelgeuse,1.3443019339436972,0.9997247682931517,Gerald Ford,disease
Venus,Fomalhaut,0.5265252730666248,0.9999577759266529,Ronald Reagan,disease
Mars,Deneb Algedi,1.86588355985117,0.9994697808201479,George H W Bush,disease
Moon,Regulus,0.21431592408839606,0.9999930042687769,Winston Churchill,cardiac
Jupiter,Spica,0.26250817868390186,0.999989504342324,Winston Churchill,cardiac
Rahu,Algol,1.8024295493912916,0.9995052275367401,Winston Churchill,cardiac
Ketu,Spica,0.5375704506086834,0.999955985848895,Winston Churchill,cardiac
Moon,Regulus,1.1982649869409556,0.9997813171883316,Margaret Thatcher,cardiac
Mercury,Spica,0.04761119179707407,0.9999996547427396,Margaret Thatcher,cardiac
Jupiter,Vega,0.9620625963355565,0.9998590317864626,Margaret Thatcher,cardiac
Pluto,Sirius,0.6634035285354685,0.9999329690396038,Margaret Thatcher,cardiac
Ketu,Altair,1.261398409407775,0.999757667447839,Margaret Thatcher,cardiac
Rahu,Rigel,1.509712409302793,0.9996528732664179,Charles de Gaulle,cardiac
Uranus,Spica,0.394339537365056,0.9999763155300205,Jawaharlal Nehru,cardiac
Moon,Altair,0.30630238865626325,0.9999857102552137,Indira Gandhi,homicide
Venus,Vega,1.4843976155357268,0.999664416233798,Indira Gandhi,homicide
Sun,Betelgeuse,1.0513307826756488,0.9998316584524004,Benazir Bhutto,homicide
Moon,Spica,1.9647884688670274,0.9994120860278733,Benazir Bhutto,homicide
Jupiter,Aldebaran,0.14862563519810124,0.9999966355665403,Benazir Bhutto,homicide
Saturn,Regulus,1.8035420356717395,0.9995046166368805,Anwar Sadat,homicide
Uranus,Deneb Algedi,1.3611935770547916,0.999717808391481,Anwar Sadat,homicide
Jupiter,Deneb Algedi,0.9536496521342315,0.9998614863981276,Fidel Castro,disease
Pluto,Sirius,1.0779885424048814,0.9998230134685214,Fidel Castro,disease
Rahu,Sirius,0.3561250975857746,0.9999806834970899,Fidel Castro,disease
Ketu,Vega,1.0138749024142157,0.9998434395171074,Fidel Castro,disease
Mercury,Sirius,1.8241676437834116,0.9994932222364458,Che Guevara,homicide
Venus,Rigel,1.166602974077648,0.999792720718724,Che Guevara,homicide
Pluto,Sirius,1.9627580151528576,0.9994133004065536,Che Guevara,homicide
Rahu,Aldebaran,0.9285122515999831,0.9998686922039107,Che Guevara,homicide
Ketu,Antares,0.8785122515999717,0.9998824529116872,Che Guevara,homicide
Moon,Sirius,1.7784979465743618,0.999518277862863,Hugo Chavez,cancer
Mercury,Sirius,0.7747736604742386,0.9999085744003541,Hugo Chavez,cancer
Jupiter,Sirius,0.45097457274003716,0.999969023909181,Hugo Chavez,cancer
Neptune,Spica,0.4046473603485765,0.999975061153751,Hugo Chavez,cancer
Rahu,Vega,1.7205574638994676,0.9995491516680332,Hugo Chavez,cancer
Ketu,Sirius,0.3505574638994773,0.9999812827594701,Hugo Chavez,cancer
Mars,Spica,1.4115324999007726,0.9996965518193037,Pope John Paul II,disease
Uranus,Fomalhaut,1.6007595554437444,0.9996097448025197,Pope John Paul II,disease
Pluto,Betelgeuse,1.0034989269870493,0.9998466275120383,Mother Teresa,cardiac
Sun,Deneb Algedi,0.3589429513488085,0.9999803766035511,Dalai Lama 13th,disease
Mercury,Deneb Algedi,1.1674568513233226,0.9997924171883665,Dalai Lama 13th,disease
Uranus,Regulus,1.4572918241774744,0.999676559512051,Albert Einstein,disease
Rahu,Altair,0.30110627604847195,0.9999861909642022,Albert Einstein,disease
Uranus,Sirius,1.352334670698582,0.9997214693820351,Marie Curie,disease
Mercury,Betelgeuse,0.6062923306785848,0.9999440133043196,Nikola Tesla,cardiac
Venus,Sirius,0.808290384613727,0.9999004932912698,Nikola Tesla,cardiac
Sun,Deneb Algedi,1.7149663753283448,0.9995520768239249,Thomas Edison,disease
Venus,Fomalhaut,1.561293806277149,0.9996287494212379,Thomas Edison,disease
Saturn,Fomalhaut,1.9117314372297756,0.9994434063956924,Thomas Edison,disease
Rahu,Spica,1.7672922165214402,0.9995243286046533,Thomas Edison,disease
Mars,Vega,0.7397534919757618,0.9999166524661072,Alexander Graham Bell,disease
Jupiter,Aldebaran,1.687868631653103,0.9995661190166137,Alexander Graham Bell,disease
Saturn,Fomalhaut,0.5352288954385358,0.9999563684456572,Alexander Graham Bell,disease
Pluto,Algol,1.701538129326579,0.9995590633563904,Alexander Graham Bell,disease
Sun,Deneb Algedi,0.47725323414863396,0.9999653087468047,Charles Darwin,cardiac
Mars,Spica,1.5904786825366557,0.9996147412096377,Charles Darwin,cardiac
Moon,Rigel,1.602114820776194,0.9996090837553874,Sigmund Freud,cancer
Venus,Algol,0.07664556395587852,0.999999105256148,Sigmund Freud,cancer
Saturn,Betelgeuse,1.1970454101267052,0.999781762090038,Sigmund Freud,cancer
Ketu,Spica,0.3665606437358804,0.9999795348502313,Sigmund Freud,cancer
Mercury,Sirius,0.2890236858373072,0.9999872769659656,Carl Jung,cardiac
Jupiter,Spica,0.02825249110910022,0.9999998784266947,Carl Jung,cardiac
Saturn,Deneb Algedi,0.6633553142623327,0.9999329787823783,Carl Jung,cardiac
Saturn,Deneb Algedi,1.863853581850833,0.9994709337891018,Carl Sagan,disease
Jupiter,Rigel,1.0790073717551536,0.9998226787730295,Richard Feynman,cancer
Pluto,Rigel,1.8454151907212264,0.9994813488117955,Enrico Fermi,cancer
Venus,Altair,1.8448910339146778,0.9994816433714793,Werner Heisenberg,cancer
Jupiter,Vega,0.015989360886010218,0.999999961060807,Werner Heisenberg,cancer
Saturn,Vega,0.7462524214969903,0.9999151815939337,Werner Heisenberg,cancer
Neptune,Betelgeuse,1.8096168703965105,0.9995012741146518,Werner Heisenberg,cancer
Pluto,Rigel,0.9506554003846333,0.999862354817657,Werner Heisenberg,cancer
Mars,Sirius,1.5933764981005965,0.9996133361559896,Paul Dirac,natural
Venus,Betelgeuse,1.1006794754170954,0.9998154843872713,Alan Turing,suicide
Jupiter,Antares,1.8694082229128242,0.9994677759328361,Alan Turing,suicide
Uranus,Altair,0.8853604413391736,0.9998806131964276,Alan Turing,suicide
Pluto,Betelgeuse,0.18572078989765828,0.9999947465403192,Alan Turing,suicide
Rahu,Altair,1.5896310399882054,0.9996151517197365,Claude Shannon,disease
Pluto,Aldebaran,1.0729568982533522,0.9998246617772187,Norbert Wiener,cardiac
Moon,Fomalhaut,0.12450624359900075,0.999997638941055,Jonas Salk,cardiac
Venus,Antares,0.7799811017796117,0.999907341302068,Jonas Salk,cardiac
Rahu,Fomalhaut,1.3774714834685824,0.999711019156154,Jonas Salk,cardiac
Venus,Betelgeuse,1.4011469171904736,0.9997010005102258,Alexander Fleming,cardiac
Ketu,Rigel,1.7389959386647007,0.9995394375406417,Alexander Fleming,cardiac
Moon,Rigel,1.3202509705080132,0.999734528127021,Louis Pasteur,cardiac
Mercury,Aldebaran,0.9301810354840114,0.9998682197999573,Rachel Carson,cancer
Moon,Antares,1.730620464260852,0.9995438629072804,Pablo Picasso,cardiac
Mars,Sirius,1.7300853202294064,0.9995441449364867,Pablo Picasso,cardiac
Rahu,Antares,1.0490267036825855,0.999832395492311,Pablo Picasso,cardiac
Ketu,Aldebaran,0.9990267036825884,0.9998479914800911,Pablo Picasso,cardiac
Neptune,Regulus,1.5028277374256618,0.9996560318385718,Andy Warhol,cardiac
Mars,Fomalhaut,1.8728295640676151,0.9994658261991165,Keith Haring,disease
Jupiter,Spica,0.7797382306201541,0.9999073989964773,Keith Haring,disease
Pluto,Regulus,0.03577960153543813,0.9999998050174594,Keith Haring,disease
Sun,Sirius,0.9668954081230225,0.9998576119874053,Frida Kahlo,disease
Mars,Vega,1.9743082397594094,0.9994063756829086,Frida Kahlo,disease
Neptune,Sirius,1.6934939021346196,0.9995632223610398,Frida Kahlo,disease
Rahu,Regulus,1.9746302732319805,0.9994061820317212,Diego Rivera,cardiac
Mercury,Vega,1.1177236848348002,0.9998097258133384,Jackson Pollock,accident
Jupiter,Antares,0.09881565620952415,0.9999985127768057,Jackson Pollock,accident
Uranus,Altair,1.9008166252929186,0.9994497432861115,Jackson Pollock,accident
Pluto,Betelgeuse,1.4755644205931304,0.9996683980425725,Jackson Pollock,accident
Rahu,Algol,0.5352424618251561,0.999956366233797,Jackson Pollock,accident
Ketu,Spica,1.8047575381748402,0.9995039487369267,Jackson Pollock,accident
Saturn,Altair,1.0438435563332291,0.9998340475927893,Mark Rothko,suicide
Venus,Fomalhaut,0.5651353470727258,0.9999513563492388,Norman Rockwell,disease
Saturn,Spica,1.3332096178447728,0.9997292914204533,Norman Rockwell,disease
Neptune,Aldebaran,0.9950912627767963,0.9998491866979167,Norman Rockwell,disease
Pluto,Aldebaran,0.9597450000146495,0.999859710133729,Norman Rockwell,disease
Uranus,Deneb Algedi,0.5484475582811683,0.9999541866934308,Andrew Wyeth,natural
Saturn,Spica,0.4395327097674624,0.9999705757764928,Roy Lichtenstein,disease
Pluto,Sirius,1.7325367656243031,0.9995428522715588,Roy Lichtenstein,disease
Jupiter,Vega,0.08270934207672553,0.9999989580813868,Robert Rauschenberg,cardiac
Pluto,Sirius,0.6558839989783252,0.9999344799728327,Robert Rauschenberg,cardiac
Ketu,Altair,1.744764153046276,0.9995363773571335,Robert Rauschenberg,cardiac
Mercury,Algol,0.1002163487189236,0.9999984703158031,Cy Twombly,cancer
Pluto,Sirius,1.0513903907049809,0.9998316393632404,Cy Twombly,cancer
Rahu,Aldebaran,1.699323987317797,0.9995602100713551,Cy Twombly,cancer
Ketu,Antares,1.7493239873178084,0.9995339510802813,Cy Twombly,cancer
Rahu,Aldebaran,0.6504290288897607,0.9999355652857315,Francis Bacon,cardiac
Ketu,Antares,0.6004290288897494,0.999945090925108,Francis Bacon,cardiac
Rahu,Deneb Algedi,0.7518327000001364,0.9999139083701764,Claude Monet,cancer
Venus,Regulus,0.37377882537705887,0.9999787209326536,Edgar Degas,natural
Neptune,Altair,1.4621447858276042,0.9996744018487932,Edgar Degas,natural
Mercury,Algol,0.5610296524481448,0.9999520605660983,Vincent van Gogh,suicide
Sun,Rigel,0.04357065568282792,0.9999997108568489,Paul Gauguin,disease
Neptune,Fomalhaut,1.2655877680815593,0.9997560551697564,Paul Gauguin,disease
Pluto,Algol,1.312120159978818,0.9997377877509868,Paul Gauguin,disease
Venus,Rigel,1.8156472623949895,0.9994979449330168,Gustav Klimt,cardiac
Uranus,Rigel,1.7261382841460033,0.9995462223924169,Gustav Klimt,cardiac
Saturn,Regulus,1.1213766616599798,0.9998084801015413,Egon Schiele,disease
Uranus,Spica,1.0953288247690978,0.9998172739162272,Egon Schiele,disease
Jupiter,Altair,1.4379290151507007,0.9996850969702322,Wassily Kandinsky,disease
Rahu,Rigel,0.3601634154633899,0.999980242931677,Piet Mondrian,disease
Uranus,Spica,0.16339768118143638,0.9999959335426348,Man Ray,disease
Pluto,Aldebaran,1.9581887249111105,0.9994160286283887,Man Ray,disease
Pluto,Rigel,1.8293563962164683,0.9994903353740888,Rene Magritte,cancer
Moon,Vega,1.363266939235757,0.9997169481120999,Max Ernst,cardiac
Jupiter,Fomalhaut,1.88231058818036,0.9994604045874197,Max Ernst,cardiac
Rahu,Aldebaran,1.4589350605309477,0.9996758297198733,Max Ernst,cardiac
Ketu,Antares,1.4089350605309505,0.9996976675192611,Max Ernst,cardiac
Moon,Betelgeuse,1.444430039704244,0.9996822432668575,Joan Miro,cardiac
Venus,Algol,1.7775666397623127,0.9995187821959387,Joan Miro,cardiac
Mars,Rigel,1.7911467022855305,0.9995114019987122,Joan Miro,cardiac
Neptune,Aldebaran,0.2846529733060379,0.999987658859538,Joan Miro,cardiac
Pluto,Aldebaran,1.3823190381863384,0.9997089817313283,Joan Miro,cardiac
Pluto,Rigel,1.620480410963907,0.9996000705733966,Alexander Calder,cardiac
Rahu,Vega,1.6444727949220805,0.9995881412355305,Alexander Calder,cardiac
Pluto,Rigel,1.4896800329272395,0.9996620236839276,Henry Moore,natural
Rahu,Vega,1.22087718680865,0.9997729861969444,Henry Moore,natural
Moon,Betelgeuse,0.08206677928545503,0.9999989742076759,Auguste Rodin,disease
Rahu,Deneb Algedi,0.6460135547713435,0.9999364371444318,Auguste Rodin,disease
Pluto,Rigel,1.7827627886768056,0.9995159649378323,Alberto Giacometti,cardiac
Moon,Deneb Algedi,1.7970966258394014,0.9995081507736348,Louise Bourgeois,cardiac
Pluto,Betelgeuse,0.8616495588789377,0.9998869220583341,Louise Bourgeois,cardiac
Rahu,Algol,1.2847049252294624,0.9997486300712072,Louise Bourgeois,cardiac
Venus,Deneb Algedi,1.3036560483279231,0.9997411596067686,Ansel Adams,cardiac
Jupiter,Altair,1.2357664694533241,0.9997674155272225,Ansel Adams,cardiac
Neptune,Betelgeuse,0.021736549895592816,0.9999999280375469,Ansel Adams,cardiac
Pluto,Rigel,0.1339179147602465,0.999997268495638,Ansel Adams,cardiac
Mercury,Aldebaran,0.8151676080649679,0.9998987928391726,Richard Avedon,cardiac
Uranus,Deneb Algedi,0.05524730489048579,0.9999995351135377,Irving Penn,natural
Moon,Betelgeuse,1.5073434594566635,0.9996539617296946,Helmut Newton,accident
Venus,Antares,0.8473576396670239,0.9998906420595624,Helmut Newton,accident
Mercury,Fomalhaut,1.7427942066320838,0.9995374236025978,Diane Arbus,suicide
Sun,Regulus,0.7522344950639024,0.9999138163285878,Henri Cartier-Bresson,natural
Mercury,Regulus,1.2725059968391292,0.9997533809825315,Henri Cartier-Bresson,natural
Venus,Sirius,1.652902076033115,0.9995839084753193,Henri Cartier-Bresson,natural
Mars,Regulus,0.883469043514225,0.9998811227341566,Henri Cartier-Bresson,natural
Saturn,Rigel,0.920850614736338,0.9998708501946841,Robert Capa,accident
Uranus,Altair,1.8626538190681572,0.9994716146298855,Robert Capa,accident
Sun,Antares,1.8426545453526728,0.9994828992680078,Gordon Parks,cancer
Venus,Vega,0.486059762478817,0.9999640166597359,Gordon Parks,cancer
Uranus,Altair,1.1515891866150696,0.9997980214380825,Gordon Parks,cancer
Pluto,Betelgeuse,0.6944663818638332,0.9999265449131457,Gordon Parks,cancer
Saturn,Rigel,0.8964583412710709,0.9998776014973553,Joe Louis,cardiac
Pluto,Betelgeuse,0.9695419005616941,0.9998568314779501,Joe Louis,cardiac
Venus,Algol,0.1064293073163931,0.9999982747696649,Sugar Ray Robinson,disease
Ketu,Algol,0.3452863332018552,0.9999818414066557,Sugar Ray Robinson,disease
Mars,Regulus,0.46286714146415875,0.9999673686470337,Rocky Marciano,accident
Moon,Rigel,1.1292150132697572,0.9998057934071575,Sonny Liston,overdose
Mars,Algol,0.852460989210563,0.9998893208651988,Sonny Liston,overdose
Mercury,Fomalhaut,1.2336254540878144,0.9997682207219705,Babe Ruth,cancer
Venus,Fomalhaut,0.20502629508496284,0.9999935975911554,Babe Ruth,cancer
Pluto,Aldebaran,0.004775019387693646,0.999999996527238,Babe Ruth,cancer
Sun,Betelgeuse,1.735578493357906,0.999541245802752,Lou Gehrig,disease
Mercury,Aldebaran,1.7445286587109337,0.9995365024911849,Lou Gehrig,disease
Mars,Fomalhaut,0.6941772966102917,0.9999266060539109,Jackie Robinson,cardiac
Rahu,Antares,0.3194258703606181,0.9999844595429179,Jackie Robinson,cardiac
Ketu,Aldebaran,0.26942587036062093,0.9999889438854872,Jackie Robinson,cardiac
Saturn,Vega,1.8685478045190962,0.9994682657021736,Mickey Mantle,cancer
Mars,Antares,0.40918401599671483,0.9999744988236471,Joe DiMaggio,cancer
Ketu,Regulus,1.1799638581147462,0.9997879458382124,Joe DiMaggio,cancer
Moon,Betelgeuse,1.3956881982605438,0.999703325597274,Ted Williams,cardiac
Uranus,Deneb Algedi,1.774919273611431,0.9995202143889435,Ted Williams,cardiac
Ketu,Rigel,1.4243089346684172,0.9996910339420666,Ted Williams,cardiac
Saturn,Deneb Algedi,1.2855766226074934,0.9997482888509852,Roberto Clemente,accident
Sun,Rigel,0.9340602182260227,0.9998671183926963,Thurman Munson,accident
Sun,Regulus,0.17215883625263473,0.9999954857765825,Kobe Bryant,accident
Venus,Rigel,0.18713112039168323,0.9999946664497754,Dale Earnhardt,accident
Saturn,Vega,1.8519412749365642,0.9994776743530218,Ayrton Senna,accident
Saturn,Fomalhaut,0.7325427119574783,0.9999182693924235,Brandon Lee,accident
Moon,Antares,0.17368123853051998,0.999995405584993,Jim Fixx,cardiac
Venus,Rigel,1.8227971532960652,0.9994939833667594,Jim Fixx,cardiac
Mercury,Antares,0.05417127295515911,0.9999995530460402,Florence Griffith Joyner,cardiac
Uranus,Vega,0.33388961478561896,0.9999830203265916,Jose Fernandez,accident
Neptune,Vega,1.5462452983069852,0.9996358710864126,Jose Fernandez,accident
Ketu,Betelgeuse,0.19559429854842847,0.9999941731116014,Jose Fernandez,accident
Mars,Betelgeuse,1.629353387513902,0.9995956792339874,Coco Chanel,cardiac
Saturn,Aldebaran,0.7108519742348278,0.999923037792408,Coco Chanel,cardiac
Sun,Altair,1.414014944037831,0.9996954835941045,Christian Dior,cardiac
Sun,Antares,0.06486612445058881,0.999999359143793,Gianni Versace,homicide
Rahu,Aldebaran,1.8779935071107872,0.999462876652877,Gianni Versace,homicide
Ketu,Antares,1.9279935071107843,0.9994338977338338,Gianni Versace,homicide
Venus,Algol,0.6384655243317745,0.9999379137901915,Alexander McQueen,suicide
Mars,Antares,1.4463743197911754,0.9996813873014704,Alexander McQueen,suicide
Saturn,Algol,1.5919449885438794,0.9996140305665746,Alexander McQueen,suicide
Venus,Spica,0.08674266888650095,0.9999988539852239,Karl Lagerfeld,cancer
Uranus,Algol,0.6658389231904884,0.9999324759923419,Karl Lagerfeld,cancer
Pluto,Sirius,0.05886882018475603,0.9999994721684261,Hubert de Givenchy,natural
Venus,Betelgeuse,0.215699307771402,0.9999929136641851,Oscar de la Renta,cancer
Saturn,Altair,0.19616625100496776,0.9999941389840976,Oscar de la Renta,cancer
Moon,Deneb Algedi,1.7707049413255618,0.9995224898893657,Gia Carangi,disease
Jupiter,Vega,0.18458773095557035,0.9999948104461067,Johnny Carson,disease
Pluto,Sirius,0.6536560633427797,0.999934924334631,Johnny Carson,disease
Ketu,Altair,1.7872182054652512,0.9995135427449368,Johnny Carson,disease
Venus,Altair,1.4797805397807338,0.9996665004732322,Ed McMahon,disease
Sun,Antares,1.9672751366504144,0.9994105970857625,Dick Clark,cardiac
Mercury,Antares,0.34062809155091145,0.9999823280537071,Dick Clark,cardiac
Mars,Antares,1.1656699486326545,0.9997930521302537,Dick Clark,cardiac
Jupiter,Aldebaran,1.9649845030817374,0.9994119687168161,Dick Clark,cardiac
Pluto,Rigel,1.8490344211294172,0.9994793126350165,Ed Sullivan,cancer
Sun,Sirius,0.49947435305027454,0.9999620030816819,Merv Griffin,cancer
Pluto,Sirius,0.9986375452991183,0.9998481098800713,Merv Griffin,cancer
Jupiter,Rigel,1.5165506727804114,0.9996497216978131,Mike Wallace,natural
Moon,Fomalhaut,0.7413423237641155,0.9999162940613852,Walter Cronkite,disease
Mars,Antares,0.08036147979709085,0.9999990163954726,Walter Cronkite,disease
Jupiter,Fomalhaut,0.23850633622998885,0.9999913358900566,Tim Russert,cardiac
Moon,Betelgeuse,0.7092730232071887,0.9999233793066777,Andy Rooney,disease
Rahu,Antares,1.2195272562106823,0.9997734879212712,Andy Rooney,disease
Ketu,Aldebaran,1.169527256210685,0.999791680293252,Andy Rooney,disease
Mercury,Spica,0.4814003940754503,0.9999647032216668,Barbara Walters,natural
Venus,Regulus,0.3027322733183837,0.999986041422136,Barbara Walters,natural
Mars,Spica,1.3872922753206467,0.9997068840454817,Barbara Walters,natural
Jupiter,Rigel,0.5961525257369544,0.9999458703027577,Barbara Walters,natural
Venus,Vega,1.6466012498049167,0.999587074474515,Larry King,disease
Uranus,Algol,1.9421246392397116,0.9994255696832481,Larry King,disease
Rahu,Deneb Algedi,0.2983297060064274,0.9999864444620058,Larry King,disease
Sun,Regulus,1.4889550451245839,0.9996623525536049,Regis Philbin,cardiac
Moon,Altair,0.03229722579163763,0.999999841125145,Regis Philbin,cardiac
Saturn,Vega,1.7916785468523813,0.9995111118208134,Regis Philbin,cardiac
Moon,Fomalhaut,1.216130842200016,0.999774747800705,Alex Trebek,cancer
Venus,Betelgeuse,1.6696257688464016,0.999575446637514,Alex Trebek,cancer
Sun,Regulus,1.8880862934256015,0.9994570884046058,Monty Hall,cardiac
Jupiter,Aldebaran,1.6509639812882142,0.999584883604168,Allen Ludden,cancer
Mars,Altair,0.8136661388118114,0.9998991653194798,Gary Moore,cardiac
Pluto,Betelgeuse,1.7353059791648633,0.9995413898442457,Gary Moore,cardiac
Mars,Regulus,0.4087657018394282,0.9999745509371446,Art Linkletter,natural
Uranus,Altair,0.006588177042431198,0.9999999933891811,Art Linkletter,natural
Pluto,Betelgeuse,0.38345678753277923,0.9999776047467629,Art Linkletter,natural
Venus,Deneb Algedi,0.8995065679049503,0.9998767677162292,Joey Bishop,natural
Uranus,Deneb Algedi,0.38900170141067747,0.9999769523806318,Joey Bishop,natural
Ketu,Betelgeuse,0.5188517384494844,0.9999589976900712,Joey Bishop,natural
Sun,Regulus,0.10717704476206791,0.9999982504427082,River Phoenix,overdose
Rahu,Fomalhaut,0.999684377320591,0.999847791280506,River Phoenix,overdose
Saturn,Regulus,0.15978946557942209,0.9999961111539886,Brittany Murphy,disease
Jupiter,Altair,0.9289394945200797,0.9998685713395843,Paul Walker,accident
Uranus,Regulus,1.852292440366739,0.9994774762645334,James Gandolfini,cardiac
Rahu,Fomalhaut,0.23815439269992567,0.9999913614409357,Anton Yelchin,accident
Mars,Regulus,0.601042068341286,0.9999449787443075,Luke Perry,cardiac
Mercury,Aldebaran,0.28082499503575775,0.9999879885513259,Cameron Boyce,disease
Mars,Spica,0.9211412602693372,0.9998707686571827,Cameron Boyce,disease
Jupiter,Algol,1.898485717830809,0.9994510918578583,Cameron Boyce,disease
Pluto,Antares,0.580609045523687,0.9999486561278585,Cameron Boyce,disease
Moon,Regulus,0.6270909513737308,0.999940106254546,DMX,overdose
Mercury,Vega,1.4057290761846275,0.9996990417797043,DMX,overdose
Moon,Regulus,0.3654267108321676,0.9999796612693393,Bob Saget,accident
Mercury,Aldebaran,1.302820873551127,0.999741491133494,Bob Saget,accident
Rahu,Antares,0.9655092793572067,0.9998580199363503,Bob Saget,accident
Ketu,Aldebaran,1.0155092793572322,0.9998429343692266,Bob Saget,accident
Saturn,Regulus,1.0227699198572964,0.9998406804391218,Olivia Newton-John,cancer
Uranus,Betelgeuse,1.7871831245133762,0.999513561840347,Olivia Newton-John,cancer
Mercury,Aldebaran,0.11133823755085359,0.9999981119508862,Anne Heche,accident
Ketu,Betelgeuse,0.3990580881134065,0.9999757453384452,Leslie Jordan,cardiac
Mars,Deneb Algedi,1.4429444825780706,0.9996828965045866,Kirstie Alley,cancer
Mercury,Sirius,1.5317540240382357,0.9996426638673609,Christine McVie,cardiac
Saturn,Betelgeuse,1.7933464705463962,0.9995102012321051,Jeff Beck,disease
Uranus,Aldebaran,0.5397023007790125,0.9999556360642862,Jeff Beck,disease
Ketu,Spica,1.5045328303832832,0.9996552509151543,Lisa Marie Presley,cardiac
Sun,Rigel,0.5746793619099151,0.9999496995001984,Lance Reddick,cardiac
Mercury,Rigel,0.804694839221952,0.9999013765858443,Lance Reddick,cardiac
Pluto,Sirius,0.15863382026634554,0.9999961672011423,Harry Belafonte,cardiac
Mercury,Antares,1.7798125343728088,0.999517565521143,Tina Turner,disease
Mars,Fomalhaut,0.77024775838305,0.9999096394043573,Tina Turner,disease
Saturn,Algol,0.893932415331701,0.9998782902693962,Tina Turner,disease
Ketu,Algol,1.2428538892614398,0.9997647401252401,Tina Turner,disease
Venus,Sirius,1.8377496234230364,0.9994856482866482,Tony Bennett,disease
Jupiter,Deneb Algedi,0.271800802159305,0.9999887481121885,Tony Bennett,disease
Pluto,Sirius,0.8600086661587625,0.9998873523228494,Tony Bennett,disease
Rahu,Sirius,0.8636136431610026,0.999886405970274,Tony Bennett,disease
Ketu,Vega,0.5063863568389593,0.9999609441669896,Tony Bennett,disease
Rahu,Aldebaran,0.6604089771760471,0.9999335728120989,Jimmy Buffett,cancer
Ketu,Antares,0.7104089771760584,0.9999231336857096,Jimmy Buffett,cancer
Sun,Spica,1.3119060558023534,0.9997378733128224,Suzanne Somers,cancer
Moon,Deneb Algedi,0.32339906439483457,0.9999840705381263,Ryan ONeal,cardiac
Mercury,Rigel,0.739127137803834,0.9999167935462137,Andre Braugher,cancer
Uranus,Aldebaran,1.111192513684145,0.9998119428973951,David Soul,cancer
Pluto,Sirius,1.710388096831153,0.9995544650079583,Glynis Johns,natural
Sun,Altair,1.2780816076851238,0.999751215166431,Chita Rivera,natural
Mercury,Altair,1.6468441502617566,0.9995869526474596,Carl Weathers,cardiac
Sun,Sirius,1.9884725948006405,0.9993978282631795,Toby Keith,cancer
Rahu,Regulus,0.46934781028451766,0.9999664485029424,Toby Keith,cancer
Moon,Regulus,0.7458181117031586,0.9999152802903637,Louis Gossett Jr,disease
Mars,Aldebaran,0.05567194229519146,0.9999995279397283,Louis Gossett Jr,disease
Moon,Betelgeuse,0.3257638395119642,0.9999838367265781,Dickey Betts,cancer
Mars,Aldebaran,0.43893667240685375,0.9999706555246394,Dickey Betts,cancer
Pluto,Sirius,1.4788388150320486,0.9996669247893857,Roger Corman,natural
Ketu,Regulus,0.9844636973583363,0.9998523907863129,Morgan Spurlock,cancer
Mars,Spica,0.16507048705116745,0.9999958498546757,Donald Sutherland,disease
Jupiter,Sirius,1.599739630244244,0.9996102419146015,Willie Mays,cardiac
Mars,Aldebaran,0.059234485347744226,0.999999465590783,Bill Cobbs,natural
Jupiter,Rigel,1.866788677299283,0.9994692663351339,Bob Newhart,natural
Neptune,Regulus,1.7178443257381844,0.9995505723213272,Bob Newhart,natural
Mercury,Betelgeuse,1.608485731108658,0.9996059687723463,Richard Simmons,cardiac
Uranus,Betelgeuse,0.9822090323245618,0.9998530661186482,Richard Simmons,cardiac
Sun,Sirius,0.9388140925451012,0.9998657623863167,Shelley Duvall,disease
Moon,Antares,0.37909575939866613,0.9999781112476361,Shelley Duvall,disease
Rahu,Deneb Algedi,0.23113156171331184,0.9999918634057756,John Mayall,natural
Jupiter,Antares,0.38105361661123993,0.9999778845737382,Phil Donahue,natural
Saturn,Fomalhaut,1.2465996710027412,0.9997633199658982,Phil Donahue,natural
Rahu,Vega,1.970360883416447,0.9994087468157056,Phil Donahue,natural
Ketu,Sirius,0.6003608834164567,0.9999451033880574,Phil Donahue,natural
Saturn,Fomalhaut,0.3622838935970094,0.9999800096063739,Alain Delon,disease
Rahu,Vega,0.30625791639107547,0.9999857144043792,Alain Delon,disease
Ketu,Sirius,1.6762579163910658,0.9995720673274087,Alain Delon,disease
Venus,Antares,0.604388338448274,0.9999443643886446,James Earl Jones,natural
Jupiter,Sirius,0.00835417241904679,0.9999999893700405,James Earl Jones,natural
Saturn,Vega,0.17252179134754897,0.9999954667222448,James Earl Jones,natural
Rahu,Aldebaran,1.6661289236929804,0.9995772230094717,Frankie Beverly,natural
Ketu,Antares,1.7161289236929917,0.999551469383549,Frankie Beverly,natural
Mercury,Aldebaran,0.6939411459840414,0.9999266559802525,Kris Kristofferson,natural
Venus,Betelgeuse,0.21242870893243548,0.9999931269316744,Kris Kristofferson,natural
Mars,Betelgeuse,1.0519351709055371,0.9998314648500861,Kris Kristofferson,natural
Venus,Altair,0.9385898097041832,0.9998658265159971,John Amos,cardiac
Saturn,Algol,1.753916259971298,0.9995315011446494,John Amos,cardiac
Rahu,Spica,1.9640559703221072,0.9994125242671016,John Amos,cardiac
Ketu,Algol,0.375944029677882,0.999978473691209,John Amos,cardiac
Venus,Vega,0.6815086632011571,0.9999292604356486,Maggie Smith,natural
Saturn,Deneb Algedi,1.1709751546636085,0.9997911641838864,Maggie Smith,natural
Uranus,Algol,1.3583977522183588,0.9997189663621946,Maggie Smith,natural
Rahu,Altair,0.6351757442525354,0.9999385519504967,Maggie Smith,natural
Mars,Regulus,0.2630573554719149,0.9999894603818602,Jerry Garcia,cardiac
Saturn,Aldebaran,0.14250484694220233,0.9999969069724547,Jerry Garcia,cardiac
Ketu,Fomalhaut,1.7199360197222404,0.9995494772665006,Jerry Garcia,cardiac
Moon,Antares,0.14340305891965954,0.9999968678587191,Rory Gallagher,disease
Mercury,Deneb Algedi,1.8533595087267827,0.9994768741128395,Rory Gallagher,disease
Ketu,Regulus,1.374831779668142,0.9997121256129617,Gary Moore,cardiac
Jupiter,Fomalhaut,0.5736861374157911,0.9999498732182813,Danny Kirwan,disease
Uranus,Rigel,0.4012753389524448,0.9999754750627502,Bob Welch,suicide
Mars,Regulus,1.1723460895767062,0.9997906749200267,Gary Thain,overdose
Mars,Altair,1.3505637657443117,0.9997221983516867,David Byron,disease
Uranus,Rigel,1.2197768708740568,0.9997733951896217,David Byron,disease
Rahu,Aldebaran,1.192685562273894,0.999783348858667,David Byron,disease
Ketu,Antares,1.142685562273897,0.9998011324951476,David Byron,disease
Sun,Regulus,1.1103791210711336,0.9998122181035102,Ken Hensley,natural
Uranus,Rigel,0.24615400685351574,0.9999907713560544,Ken Hensley,natural
Sun,Rigel,1.4107709635558052,0.9996968791412881,Jon Lord,cancer
Mercury,Antares,0.6071077098328601,0.9999438626157768,Lemmy Kilmister,cancer
Jupiter,Spica,0.03177035064697975,0.9999998462664186,Lemmy Kilmister,cancer
Rahu,Betelgeuse,1.1212277204840149,0.9998085309718604,Lemmy Kilmister,cancer
Mercury,Betelgeuse,1.8302625132323982,0.9994898303977122,Ronnie James Dio,cancer
Mercury,Vega,0.8845842864318456,0.9998808224223943,Jeff Hanneman,disease
Saturn,Deneb Algedi,0.28278083255230513,0.9999878206588491,Jeff Hanneman,disease
Saturn,Sirius,0.4778314435512101,0.9999652246369778,Joey Jordison,disease
Neptune,Antares,1.5403911255479272,0.9996386229267504,Joey Jordison,disease
Mars,Antares,0.00030939561199261334,0.9999999999854201,Neil Peart,cancer
Uranus,Aldebaran,1.9426298227917584,0.9994252708325149,Rick Wright,cancer
Sun,Vega,0.13317296939743528,0.9999972988001876,Syd Barrett,cancer
Jupiter,Spica,1.5906010734568383,0.9996146819180997,Syd Barrett,cancer
Rahu,Betelgeuse,0.43298015404900525,0.9999714465457831,Syd Barrett,cancer
Moon,Spica,1.9200034313872436,0.9994385797049382,Ginger Baker,disease
Uranus,Aldebaran,0.6106922411389064,0.9999431977639069,Alvin Lee,cardiac
Venus,Algol,0.7166485861511447,0.9999217775211859,Gary Brooker,cancer
Jupiter,Sirius,1.2670164737189538,0.9997555041090161,Keith Relf,accident
Ketu,Deneb Algedi,0.27953925215126674,0.9999880982869294,Keith Relf,accident
Moon,Spica,1.3420234225599472,0.9997257004624065,Paul Kossoff,cardiac
Venus,Sirius,0.24220129307595073,0.9999910653610418,Andy Fraser,disease
Uranus,Sirius,0.04460836745349184,0.9999996969199316,Andy Fraser,disease
Rahu,Deneb Algedi,0.15975324311398253,0.9999961129169024,Andy Fraser,disease
Venus,Algol,0.5501520193022635,0.9999539014966703,Lowell George,cardiac
Uranus,Aldebaran,0.6074072032775746,0.9999438072161574,Lowell George,cardiac
Rahu,Sirius,0.7058212563951685,0.9999241232511572,Lowell George,cardiac
Sun,Deneb Algedi,1.427778768169901,0.9996895268096477,Tim Buckley,overdose
Uranus,Rigel,0.9636178038920207,0.9998585756688249,Tim Buckley,overdose
Ketu,Antares,1.9898783098367687,0.9993969766588329,Tim Buckley,overdose
Sun,Betelgeuse,0.664609599339272,0.9999327250955758,Nick Drake,overdose
Sun,Vega,0.11484465757359885,0.9999979911561099,Sandy Denny,accident
Mars,Vega,0.16421710506699583,0.9999958926545979,Sandy Denny,accident
Uranus,Rigel,1.9144900275311159,0.9994417990794026,Sandy Denny,accident
Rahu,Aldebaran,0.02511238704067864,0.9999999039492579,Sandy Denny,accident
Ketu,Antares,0.07511238704066159,0.9999991406940774,Sandy Denny,accident
Jupiter,Sirius,1.8864076357988324,0.9994580532707416,Richard Manuel,suicide
Saturn,Aldebaran,1.4742238533383016,0.9996690002640318,Richard Manuel,suicide
Ketu,Deneb Algedi,0.9151232362672772,0.9998724517005456,Richard Manuel,suicide
Mercury,Aldebaran,0.9316023115858769,0.9998678167923654,Levon Helm,cancer
Sun,Sirius,1.4898328791356334,0.999661954329252,Robbie Robertson,disease
Mercury,Betelgeuse,0.4424269337561526,0.9999701869988308,Robbie Robertson,disease
Moon,Aldebaran,0.11967696717640308,0.9999978185476482,Doug Sahm,cardiac
Sun,Rigel,0.2433946493109147,0.9999909771000922,Clarence White,accident
Venus,Aldebaran,1.3845208335556833,0.9997080539545039,Clarence White,accident
Saturn,Betelgeuse,0.4106210370213432,0.9999743193937748,Clarence White,accident
Uranus,Aldebaran,0.4328007934337563,0.9999714701971212,Clarence White,accident
Ketu,Altair,1.9895516544426073,0.9993971746054777,Clarence White,accident
Mercury,Antares,0.7360904414032916,0.9999174758380845,Gene Clark,disease
Uranus,Aldebaran,1.9399339942798122,0.9994268647010907,Gene Clark,disease
Mercury,Rigel,0.799574220251003,0.9999026277382665,Michael Clarke,disease
Venus,Sirius,1.6281962659558786,0.999596253266212,Michael Clarke,disease
Uranus,Rigel,0.40524433227446366,0.9999749875157524,Michael Clarke,disease
Moon,Algol,1.079955411756142,0.9998223670485819,Skip Battin,disease
Jupiter,Spica,0.8349693451731923,0.9998938162360451,Skip Battin,disease
Uranus,Algol,1.7670297843219984,0.9995244698516155,Skip Battin,disease
Mars,Sirius,1.2619368928674106,0.9997574605113994,Randy Meisner,disease
Uranus,Rigel,0.03978976049559435,0.9999997588610463,JD Souther,natural
Sun,Altair,1.8869283044769531,0.9994577540903143,Warren Zevon,cancer
Uranus,Rigel,1.3414491348564184,0.9997259351616667,Warren Zevon,cancer
Rahu,Aldebaran,0.9278207097725613,0.9998688877189069,Warren Zevon,cancer
Ketu,Antares,0.8778207097725783,0.9998826378952078,Warren Zevon,cancer
Uranus,Sirius,1.991150471921955,0.9993962054444149,Dan Fogelberg,cancer
Saturn,Aldebaran,1.2582952623897938,0.9997588582506178,Harry Chapin,accident
Rahu,Regulus,1.0192680857417997,0.999841769522535,Harry Chapin,accident
Venus,Altair,0.8320418643712628,0.9998945594981608,Jim Croce,accident
Jupiter,Deneb Algedi,0.27188339637751824,0.9999887412727655,Gordon Lightfoot,natural
Sun,Algol,0.5135491867932274,0.999959831471384,Gerry Rafferty,disease
Uranus,Rigel,1.99689081322974,0.9993927193878677,Gerry Rafferty,disease
Mars,Spica,0.0793365067535774,0.999999041326288,Sonny Bono,accident
Rahu,Altair,1.9905573520396729,0.9993965650688693,Sonny Bono,accident
Jupiter,Spica,0.7996799476651688,0.9999026019859831,Davy Jones,cardiac
Rahu,Betelgeuse,0.8034583871443317,0.9999016794272121,Davy Jones,cardiac
Sun,Deneb Algedi,0.6311168391655428,0.9999393347649936,Peter Tork,cancer
Jupiter,Aldebaran,1.6663293205692753,0.9995771213098853,Peter Tork,cancer
Mars,Antares,0.6383294140209159,0.9999379402586063,Michael Nesmith,cardiac
Venus,Fomalhaut,1.8011666237850932,0.9995059205906878,David Cassidy,disease
Sun,Antares,0.5503398764355723,0.9999538700095746,Andy Williams,cancer
Venus,Spica,0.26287145955544133,0.9999894752727287,Andy Williams,cancer
Saturn,Antares,0.41060097899273273,0.9999743219025968,Andy Williams,cancer
Neptune,Regulus,0.6411511782241064,0.9999373903758031,Andy Williams,cancer
Moon,Rigel,1.543313223493385,0.9996372506559472,Perry Como,disease
Uranus,Altair,1.6372237539384855,0.9995917640354453,Perry Como,disease
Pluto,Betelgeuse,1.0085807987869941,0.9998450702155187,Perry Como,disease
Pluto,Sirius,0.45832232869815925,0.9999680063009377,Mel Torme,cardiac
Ketu,Altair,0.32101834892461056,0.9999843042050344,Mel Torme,cardiac
Jupiter,Algol,1.3434740104902616,0.9997251071904961,Rosemary Clooney,cancer
Pluto,Sirius,1.4850279319142885,0.9996641311929068,Rosemary Clooney,cancer
Rahu,Aldebaran,0.21671159290119135,0.9999928469952989,Rosemary Clooney,cancer
Ketu,Antares,0.2667115929012027,0.9999891655282476,Rosemary Clooney,cancer
Uranus,Fomalhaut,1.7155076756987455,0.9995517940415538,Peggy Lee,cardiac
Neptune,Regulus,1.1286835346344333,0.9998059761695659,Eydie Gorme,natural
Venus,Rigel,0.8320419896282942,0.9998945594664149,Vic Damone,disease
Pluto,Sirius,1.92374605201681,0.9994363890489745,Vic Damone,disease
Rahu,Aldebaran,0.8422550294080935,0.9998919551316157,Vic Damone,disease
Ketu,Antares,0.7922550294080963,0.9999044022150572,Vic Damone,disease
Sun,Sirius,1.502747631768841,0.999656068504759,Jerry Vale,natural
Neptune,Regulus,1.800343442278546,0.9995063720654487,Jerry Vale,natural
Mercury,Altair,1.6947533029771762,0.9995625725298919,Julius La Rosa,natural
Moon,Aldebaran,1.185909692779589,0.9997858034496421,Eddie Fisher,disease
Venus,Regulus,1.2424166542172657,0.9997649056181254,Eddie Fisher,disease
Neptune,Regulus,1.3493792982691275,0.999722685389075,Eddie Fisher,disease
Rahu,Deneb Algedi,0.07223829465482368,0.9999992051967178,Robert Goulet,disease
Saturn,Altair,1.0235927890146286,0.9998404239818289,John Gary,cancer
Saturn,Vega,1.2011759502654513,0.9997802534377729,Brook Benton,disease
Sun,Antares,0.9177568295030483,0.99987171652853,Lou Rawls,cancer
Rahu,Deneb Algedi,0.3370048183803078,0.999982702007357,Lou Rawls,cancer
Saturn,Altair,1.1478471348862627,0.9997993319071296,Junior Parker,disease
Jupiter,Rigel,0.5879022731481456,0.9999473581421686,Little Walter,homicide
Neptune,Regulus,0.9941710523893619,0.9998494654910758,Little Walter,homicide
Uranus,Altair,0.9401747890498768,0.99986537299097,Sonny Boy Williamson II,cardiac
Pluto,Betelgeuse,0.6009805536277781,0.9999449900061235,Sonny Boy Williamson II,cardiac
Uranus,Deneb Algedi,0.7862512343954791,0.9999058456033213,Elmore James,cardiac
Ketu,Betelgeuse,0.8896585303180586,0.9998794512508881,Elmore James,cardiac
Sun,Algol,0.6781192584336608,0.9999299623078797,Bessie Smith,accident
Moon,Regulus,1.9521313174560646,0.999419635573573,Bessie Smith,accident
Neptune,Aldebaran,1.7348602284854309,0.9995416254037593,Bessie Smith,accident
Pluto,Aldebaran,0.5274654724104693,0.9999576249967276,Bessie Smith,accident
Sun,Altair,1.8513599417973978,0.9994780021940162,Lead Belly,disease
Mercury,Altair,0.7466709672826255,0.999915086425494,Lead Belly,disease
Pluto,Aldebaran,0.9337377584804756,0.9998672101225955,Blind Lemon Jefferson,cardiac
Moon,Regulus,1.6016945070380189,0.9996092888283498,Son House,disease
Mercury,Fomalhaut,1.2309987463439143,0.9997692066693081,Son House,disease
Neptune,Betelgeuse,0.04220896895222381,0.9999997286472625,Son House,disease
Pluto,Rigel,0.08227243490321712,0.9999989690600571,Son House,disease
Sun,Rigel,0.8676363241429499,0.9998853452922073,Skip James,cancer
Neptune,Betelgeuse,1.9117709386612631,0.9994433833961948,Skip James,cancer
Pluto,Rigel,1.3278150361448269,0.9997314776329842,Skip James,cancer
Venus,Fomalhaut,0.28237662521945595,0.9999878554522298,Mississippi John Hurt,cardiac
Jupiter,Algol,0.053649996444640635,0.9999995616065035,Mississippi John Hurt,cardiac
Neptune,Aldebaran,1.2239018918544389,0.9997718599997428,Mississippi John Hurt,cardiac
Pluto,Aldebaran,1.940162894525443,0.9994267294531759,Mississippi John Hurt,cardiac
Rahu,Aldebaran,1.4447408996694833,0.9996821064886972,Bukka White,cancer
Ketu,Antares,1.394740899669472,0.9997037281656922,Bukka White,cancer
Sun,Vega,1.3496029654998551,0.9997225934527847,Tampa Red,natural
Mercury,Altair,1.2919123131336505,0.9997458018332424,Tampa Red,natural
Venus,Spica,1.3434211744900324,0.9997251288109896,Eddie Lang,disease
Mars,Regulus,1.0635507104640567,0.9998277224553886,Eddie Lang,disease
Rahu,Spica,0.9180886635982404,0.9998716237466229,Eddie Lang,disease
Ketu,Algol,1.4219113364017488,0.99969207320397,Eddie Lang,disease
Sun,Altair,0.8481389115850106,0.9998904403121289,Django Reinhardt,cardiac
Venus,Altair,1.4797805397807338,0.9996665004732322,Wes Montgomery,cardiac
Sun,Rigel,1.9772646194421384,0.9994045967119197,Grant Green,cardiac
Neptune,Regulus,1.1130506282816555,0.9998113134604592,Joe Pass,cancer
Sun,Rigel,0.6612615813170493,0.9999334011850385,Tal Farlow,cancer
Rahu,Spica,0.831940663482726,0.9998945851455145,Tal Farlow,cancer
Ketu,Algol,1.5080593365172916,0.9996536329852693,Tal Farlow,cancer
Sun,Spica,0.7425204205455884,0.9999160278128035,Barney Kessel,disease
Moon,Altair,0.9485703785218789,0.9998629579214586,Barney Kessel,disease
Saturn,Spica,0.775689407859403,0.9999083581540958,Barney Kessel,disease
Pluto,Sirius,1.6986840457478962,0.9995605412221595,Barney Kessel,disease
Venus,Betelgeuse,0.019279692779164748,0.9999999433858549,Herb Ellis,disease
Sun,Antares,1.8435692615658184,0.9994823857946533,Jim Hall,natural
Mercury,Deneb Algedi,0.3371614537599612,0.9999826859239104,Gabor Szabo,disease
Jupiter,Sirius,1.8184789787735838,0.999496377815013,Larry Coryell,cardiac
Saturn,Aldebaran,1.5652993267479332,0.9996268421995438,Larry Coryell,cardiac
Ketu,Deneb Algedi,0.86213318069548,0.9998867950896052,Larry Coryell,cardiac
Rahu,Rigel,1.1269325995784385,0.9998065776644313,Allan Holdsworth,cardiac
Uranus,Aldebaran,1.9481872952384833,0.999421978077457,Bert Jansch,cancer
Moon,Spica,0.793887165836253,0.99990400793079,Davey Graham,cancer
Pluto,Betelgeuse,1.8282100202026328,0.9994909738879169,Ewan MacColl,cardiac
Moon,Betelgeuse,1.0538072757246653,0.9998308644569621,Pete Seeger,natural
Mars,Regulus,1.4394197732516432,0.9996844437211779,Woody Guthrie,disease
Uranus,Altair,0.11156665446384295,0.9999981041960554,Woody Guthrie,disease
Pluto,Betelgeuse,0.3165736609275882,0.9999847358300875,Woody Guthrie,disease
Mercury,Rigel,0.3786570099109525,0.9999781618843752,Dave Van Ronk,cardiac
Mercury,Fomalhaut,1.0091450746024293,0.9998448968128018,Fred Neil,natural
Moon,Rigel,1.0160241098279101,0.9998427750786085,Tim Rose,disease
Mercury,Sirius,1.0015303774114273,0.9998472286437793,Steve Goodman,disease
Uranus,Betelgeuse,0.27776334399348457,0.9999882490290414,Steve Goodman,disease
Moon,Antares,0.9489531080250231,0.999862847314107,Blaze Foley,homicide
Jupiter,Altair,1.7669688137484627,0.9995245026643592,Blaze Foley,homicide
Moon,Aldebaran,0.11967696717640308,0.9999978185476482,Guy Clark,disease
Ketu,Rigel,1.6555024755099765,0.9995825983190992,Merle Haggard,disease
Saturn,Vega,1.268201990124851,0.99975504637597,George Jones,disease
Moon,Altair,1.2076312790395036,0.9997778852661824,Conway Twitty,disease
Mercury,Regulus,1.2519684389823453,0.999761277023343,Conway Twitty,disease
Uranus,Algol,0.8978193330216335,0.9998772295751235,Conway Twitty,disease
Ketu,Regulus,1.817930589656413,0.9994966814931074,Conway Twitty,disease
Sun,Algol,1.8476069970886897,0.999480116179166,Loretta Lynn,natural
Venus,Aldebaran,0.015502450699173664,0.9999999633962606,Loretta Lynn,natural
Mercury,Regulus,1.0335284320974267,0.9998373111383873,Patsy Cline,accident
Pluto,Sirius,1.8332980502461282,0.999488136880318,Hank Williams,cardiac
Ketu,Sirius,1.235603371425455,0.9997674769143801,Roger Miller,cancer
Moon,Vega,0.6055917359134355,0.9999441426180401,Marty Robbins,cardiac
Pluto,Sirius,0.5895322134349925,0.9999470658443705,Marty Robbins,cardiac
Ketu,Altair,0.367599798833794,0.9999794186537113,Marty Robbins,cardiac
Jupiter,Rigel,1.0576043180935102,0.9998296434489593,Eddie Rabbitt,cancer
Neptune,Spica,1.6451064205228931,0.9995878238127051,Keith Whitley,overdose
Mercury,Antares,1.2274040927990768,0.9997705525343488,Mindy McCready,suicide
Venus,Spica,1.2467137881950805,0.9997632766329307,Mindy McCready,suicide
Mars,Betelgeuse,0.1639453117098526,0.9999959062393533,Mindy McCready,suicide
Neptune,Antares,1.589232779966153,0.999615344520022,Mindy McCready,suicide
Sun,Betelgeuse,0.2646582709905374,0.9999893317076315,Errol Flynn,cardiac
Venus,Sirius,1.44403151384698,0.9996824185749017,Errol Flynn,cardiac
Rahu,Rigel,0.7661139835139323,0.9999106066839668,Errol Flynn,cardiac
Saturn,Rigel,0.05855268040217254,0.9999994778223693,Tyrone Power,cardiac
Pluto,Betelgeuse,0.819444751012739,0.9998977280133995,Tyrone Power,cardiac
Sun,Regulus,0.12895542161558637,0.9999974671832617,Gene Kelly,cardiac
Mercury,Regulus,1.899664927513868,0.9994504098200657,Gene Kelly,cardiac
Uranus,Altair,1.4159700745275359,0.9996946409571975,Gene Kelly,cardiac
Pluto,Betelgeuse,1.0593363223499495,0.9998290850331927,Gene Kelly,cardiac
Pluto,Betelgeuse,0.6992455302578975,0.9999255304469967,Ginger Rogers,cardiac
Moon,Fomalhaut,0.40250517918565265,0.9999753245035322,Gene Tierney,disease
Sun,Spica,1.7349057322828116,0.9995416013597882,Linda Darnell,accident
Saturn,Spica,0.8975538633368672,0.9998773021650977,Linda Darnell,accident
Pluto,Sirius,1.6974843937722994,0.9995611616705398,Linda Darnell,accident
Mars,Aldebaran,1.278865058604822,0.9997509100805115,Susan Hayward,cancer
Uranus,Deneb Algedi,0.2188454989696993,0.999992705434149,Susan Hayward,cancer
Saturn,Betelgeuse,0.9963962487596802,0.9998487908883272,Dorothy Lamour,cardiac
Ketu,Regulus,0.3858107330725318,0.9999773289461132,Dorothy Lamour,cardiac
Mercury,Fomalhaut,1.5249174413416995,0.9996458463135579,Ann Sheridan,cancer
Venus,Vega,0.12295444492178831,0.9999976974289506,Ann Sheridan,cancer
Jupiter,Fomalhaut,0.31280036306679904,0.999985097533378,Ann Sheridan,cancer
Pluto,Betelgeuse,1.4908661141399335,0.9996614853074873,Ann Sheridan,cancer
Mars,Regulus,1.1185772252081279,0.9998094351090213,Greer Garson,cardiac
Jupiter,Algol,1.5004665612133365,0.9996571117827562,Greer Garson,cardiac
Mars,Sirius,0.2731094008046995,0.9999886395060159,Norma Shearer,disease
Saturn,Altair,1.4076621765999562,0.9996982135216739,Claudette Colbert,cardiac
Rahu,Regulus,1.3250551709673744,0.9997325926713597,Myrna Loy,natural
Jupiter,Sirius,0.6235420740248259,0.9999407822394554,Rosalind Russell,cancer
Sun,Spica,0.1715245717003313,0.9999955189777301,Jean Arthur,cardiac
Jupiter,Antares,0.2227633920665255,0.999992441913862,Jean Arthur,cardiac
Uranus,Antares,0.18186575105153224,0.9999949623705895,Jean Arthur,cardiac
Neptune,Betelgeuse,0.4512900378589677,0.9999689805575419,Jean Arthur,cardiac
Pluto,Rigel,0.7124226618493736,0.9999226973120191,Jean Arthur,cardiac
Saturn,Fomalhaut,1.7510229770867909,0.9995330454330625,Madeleine Carroll,cancer
Sun,Spica,0.34233485506166517,0.9999821505151607,Miriam Hopkins,cardiac
Rahu,Spica,1.2887133976736607,0.9997470590663586,Miriam Hopkins,cardiac
Ketu,Algol,1.0512866023263285,0.9998316726002283,Miriam Hopkins,cardiac
Mercury,Spica,1.1525301848680556,0.9997976912288079,Constance Bennett,disease
Jupiter,Algol,1.4923123766670088,0.9996608282519861,Constance Bennett,disease
Jupiter,Aldebaran,0.3159338273487151,0.9999847974690378,Mary Astor,cardiac
Mercury,Rigel,0.8524024479408041,0.999889336065789,Olivia de Havilland,natural
Venus,Sirius,1.1270443951667914,0.9998065392874438,Olivia de Havilland,natural
Rahu,Altair,1.6928550945711436,0.9995635517911494,Olivia de Havilland,natural
Moon,Vega,1.0377683749164817,0.9998359736087146,Joan Fontaine,natural
Jupiter,Aldebaran,0.897128295101993,0.9998774184875997,Joan Fontaine,natural
Venus,Deneb Algedi,0.34863100375775957,0.9999814879117411,Ida Lupino,cardiac
Uranus,Deneb Algedi,0.3316478939100307,0.9999832475621913,Ida Lupino,cardiac
Ketu,Betelgeuse,0.46589636066443063,0.9999669401421007,Ida Lupino,cardiac
Sun,Altair,0.07838155182150786,0.9999990642660497,Ann Sothern,cardiac
Mars,Antares,1.575413251693135,0.9996220047295431,Ann Sothern,cardiac
Neptune,Sirius,1.1971152152032687,0.9997817366373628,Ann Sothern,cardiac
Uranus,Fomalhaut,0.17949334797799565,0.9999950929430212,Donna Reed,cancer
Jupiter,Aldebaran,1.6119664551858506,0.9996042616917661,June Allyson,disease
Moon,Regulus,1.4662032622341599,0.9996725919129165,Gloria DeHaven,cardiac
Jupiter,Vega,0.5205744207068506,0.9999587249696824,Gloria DeHaven,cardiac
Pluto,Sirius,0.5619864423345007,0.999951896914465,Gloria DeHaven,cardiac
Neptune,Regulus,0.8536587429709073,0.9998890096321241,Jane Powell,natural
Mars,Antares,1.1771508063770568,0.9997889556781507,Cyd Charisse,cardiac
Mercury,Algol,0.45645740831620074,0.9999682661355236,Ann Miller,cancer
Uranus,Fomalhaut,1.2854071769316988,0.9997483551975029,Vera-Ellen,cancer
Uranus,Fomalhaut,1.859162850234668,0.9994735931903646,Betty Hutton,disease
Mercury,Aldebaran,1.3481882339194584,0.9997231747081866,Dorothy McGuire,cardiac
Jupiter,Algol,1.8123179954618145,0.9994997842810873,Dorothy McGuire,cardiac
Rahu,Altair,0.79298165018173,0.9999042267814433,Dorothy McGuire,cardiac
Jupiter,Sirius,1.6648939264539138,0.9995778494894186,Teresa Wright,cardiac
Uranus,Deneb Algedi,0.283631749579456,0.9999877472509022,Teresa Wright,cardiac
Ketu,Rigel,1.647616379413833,0.9995865652155277,Teresa Wright,cardiac
Sun,Vega,1.2633964769366912,0.9997568991566287,Jane Wyman,natural
Moon,Aldebaran,1.4009464733508281,0.99970108604777,Jane Wyman,natural
Mercury,Altair,1.5849330454404367,0.9996174229741985,Jane Wyman,natural
Jupiter,Algol,0.3502929866600475,0.999981310991083,Jane Wyman,natural
Jupiter,Altair,1.5484319219041254,0.999634840554759,Patricia Neal,cancer
Pluto,Sirius,0.7283329774025731,0.9999192060502138,Patricia Neal,cancer
Sun,Deneb Algedi,1.258943213505006,0.9997586098478597,Kim Stanley,cancer
Venus,Spica,0.07995045227158926,0.9999990264314889,Geraldine Page,cardiac
Pluto,Sirius,0.8128489770928979,0.9998993677501316,Geraldine Page,cardiac
Venus,Antares,1.189264628909541,0.9997845898557332,Kim Hunter,cardiac
Jupiter,Antares,1.915710793963541,0.9994410870498921,Lee Remick,cancer
Saturn,Fomalhaut,0.7839744270946767,0.9999063901053401,Lee Remick,cancer
Rahu,Vega,1.5996327977501323,0.9996102939664887,Lee Remick,cancer
Ketu,Sirius,0.229632797750142,0.9999919685863867,Lee Remick,cancer
Mercury,Deneb Algedi,0.37739658060797865,0.999978307026227,Jean Simmons,cancer
Neptune,Regulus,0.6890255308869371,0.9999276913698129,Jean Simmons,cancer
Sun,Sirius,0.6621967434214895,0.9999332126846481,Janet Leigh,disease
Venus,Regulus,1.017004357938589,0.9998424715627204,Janet Leigh,disease
Pluto,Sirius,1.324321567947976,0.9997328886707909,Janet Leigh,disease
Rahu,Betelgeuse,1.652105614159538,0.9995843093438762,Janet Leigh,disease
Mars,Betelgeuse,0.4323673598130853,0.9999715273112733,Sandra Dee,disease
Jupiter,Fomalhaut,1.5328247865642197,0.9996421641356288,Sal Mineo,homicide
Venus,Fomalhaut,1.1111090148276048,0.9998119711579724,Brandon de Wilde,accident
Jupiter,Rigel,0.46846524006650725,0.9999665745653019,Brandon de Wilde,accident
Mercury,Deneb Algedi,1.45823160593568,0.9996761422379504,Bobby Driscoll,overdose
Venus,Algol,0.08961079198760302,0.9999987769469857,Bobby Driscoll,overdose
Mars,Spica,1.176890039868539,0.9997890491670398,Brad Renfro,overdose
Pluto,Spica,0.4095044419034366,0.9999744588689967,Brad Renfro,overdose
Rahu,Sirius,1.7772305183627992,0.999518964151808,Brad Renfro,overdose
Mars,Sirius,1.7274409751696425,0.9995455372673776,Jonathan Brandis,suicide
Venus,Altair,1.4982031569611536,0.9996581454147266,Corey Haim,disease
Moon,Aldebaran,0.1220898279643734,0.9999977296984861,Andrew Koenig,suicide
Saturn,Algol,0.7112583255635059,0.9999229497790568,Andrew Koenig,suicide
Mars,Regulus,0.8857465519784853,0.9998805090452907,Dana Plato,overdose
Moon,Aldebaran,0.5509883224813166,0.9999537612396923,Gary Coleman,disease
Mercury,Fomalhaut,1.8823135471466799,0.9994604028910978,Gary Coleman,disease
Venus,Vega,0.174572296789961,0.999995358321512,Gary Coleman,disease
Ketu,Spica,1.875288084639891,0.9994644229513494,Gary Coleman,disease
Sun,Vega,1.6365358238293197,0.9995921070059405,Dustin Diamond,cancer
Mercury,Vega,1.1081371801766977,0.9998129756065709,Dustin Diamond,cancer
Venus,Fomalhaut,0.5817664815063495,0.9999484512190023,Dustin Diamond,cancer
Moon,Antares,1.1636015079640458,0.9997937858969649,Anissa Jones,overdose
Pluto,Regulus,0.7719879659863977,0.9999092306490078,Anissa Jones,overdose
Jupiter,Rigel,0.42573865244426656,0.9999723936554733,Scotty Beckett,overdose
Mars,Betelgeuse,0.9771605413387192,0.9998545726616136,Spanky McFarland,cardiac
Neptune,Regulus,0.5222233049516092,0.9999584630856685,Spanky McFarland,cardiac
Venus,Antares,0.02983830281013411,0.9999998643958553,Jackie Coogan,cardiac
Rahu,Fomalhaut,1.271540911804152,0.9997537549034475,Jackie Coogan,cardiac
Venus,Spica,1.6239506167457876,0.9995983559825955,Mickey Rooney,natural
Uranus,Fomalhaut,1.2086296406483257,0.9997775178787813,Mickey Rooney,natural
Pluto,Sirius,1.0342789921302966,0.9998370747660253,Shirley Temple,disease
Rahu,Aldebaran,1.7853171630225262,0.9995145769882807,Shirley Temple,disease
Ketu,Antares,1.8353171630225233,0.9994870088694373,Shirley Temple,disease
Uranus,Fomalhaut,1.9981861918541313,0.9993919313290401,Deanna Durbin,natural
Venus,Fomalhaut,1.8428425613678314,0.9994827937465498,Jane Withers,natural
Pluto,Sirius,1.4433740744456998,0.9996827076710487,Jane Withers,natural
Neptune,Regulus,0.03413394014305027,0.9999998225411871,Roddy McDowall,cancer
Pluto,Sirius,1.854059420739901,0.9994764789609325,Richard Jaeckel,cancer
Pluto,Sirius,1.569158516169182,0.9996250000320692,Jeffrey Hunter,accident
Mars,Spica,0.7620899694098,0.999911543280787,Robert Conrad,cardiac
Sun,Aldebaran,1.7525224452386396,0.9995322454107973,Clint Walker,cardiac
Pluto,Sirius,0.4279547879627188,0.9999721055052364,Clint Walker,cardiac
Rahu,Betelgeuse,0.3067421786988689,0.9999856691913217,Clint Walker,cardiac
Sun,Betelgeuse,0.13518360265329932,0.9999972166195626,Audie Murphy,accident
Mercury,Betelgeuse,0.23440343480467618,0.9999916314141386,Audie Murphy,accident
Venus,Sirius,0.10610596171058262,0.9999982852366707,Audie Murphy,accident
Pluto,Sirius,1.3957081485526714,0.9997033171161669,Audie Murphy,accident
Mercury,Aldebaran,1.6600829334771987,0.9995802855447443,James Arness,natural
Mars,Betelgeuse,1.6439938883177376,0.9995883810687851,James Arness,natural
Pluto,Sirius,1.4803991262297416,0.9996662216076546,Peter Graves,cardiac
Mercury,Algol,1.4148571989198864,0.9996951207354525,Hugh OBrian,natural
Venus,Algol,1.5513083655687474,0.9996334827011369,Hugh OBrian,natural
Mars,Rigel,0.1414045794662968,0.9999969545500385,Hugh OBrian,natural
Mercury,Deneb Algedi,0.9286571496126044,0.9998686512194075,Jack Palance,natural
Rahu,Antares,0.6338646254812659,0.9999388053660904,Jack Palance,natural
Ketu,Aldebaran,0.683864625481263,0.9999287705054624,Jack Palance,natural
Ketu,Fomalhaut,1.4772666200019557,0.9996676325769183,Lee Marvin,cardiac
Uranus,Fomalhaut,1.9057924554780925,0.999446858931238,Charles Bronson,disease
Neptune,Regulus,0.5738224198796615,0.9999498493998371,James Coburn,cardiac
Venus,Spica,0.6661890242582444,0.9999324049656265,Robert Vaughn,disease
Saturn,Altair,1.5965450721843126,0.9996117968940933,Robert Vaughn,disease
Uranus,Algol,0.3862405072858124,0.9999772784092906,David McCallum,natural
Sun,Betelgeuse,0.13235756520693087,0.9999973317772343,Martin Landau,disease
Mars,Algol,0.4253542039431757,0.9999724434906342,Martin Landau,disease
Rahu,Aldebaran,1.2656709198416962,0.9997560231146371,Martin Landau,disease
Ketu,Antares,1.215670919841699,0.9997749181360729,Martin Landau,disease
Mars,Betelgeuse,0.5564895197188093,0.9999528333203221,George Peppard,disease
Neptune,Regulus,0.4916457078930705,0.9999631848496102,George Peppard,disease
Mars,Rigel,1.8632696785874003,0.9994712651969753,Michael Parks,cardiac
Jupiter,Algol,1.2992307429532524,0.999742913834281,Michael Parks,cardiac
Venus,Antares,0.047317016867992834,0.9999996589960358,Richard Crenna,cancer
Pluto,Sirius,1.493572332721044,0.9996602553187369,Richard Crenna,cancer
Uranus,Deneb Algedi,0.16470758924896245,0.999995868082308,Raymond Burr,cancer
Ketu,Sirius,1.1498328078385072,0.9997986370542024,Raymond Burr,cancer
Mercury,Fomalhaut,1.2022457579173533,0.9997798618504917,William Talman,cancer
Pluto,Betelgeuse,1.6783696648851532,0.9995709885068548,William Talman,cancer
Moon,Aldebaran,1.2727361740199825,0.9997532917587951,William Hopper,disease
Pluto,Betelgeuse,1.8121149788634483,0.9994998963342051,William Hopper,disease
Pluto,Betelgeuse,0.5260886674341805,0.9999578459232752,Lee J Cobb,cardiac
Moon,Algol,1.8465804148691625,0.9994806936927094,E G Marshall,cancer
Jupiter,Deneb Algedi,1.3160637020448576,0.9997362093080506,E G Marshall,cancer
Pluto,Betelgeuse,1.7796229035349285,0.9995176683097508,E G Marshall,cancer
Saturn,Spica,0.9597924427686735,0.9998596962639064,Edward G Robinson,cancer
Pluto,Aldebaran,0.23053490639654228,0.9999919053599724,Edward G Robinson,cancer
Pluto,Rigel,0.7450296118451831,0.9999154593292607,James Cagney,cardiac
Ketu,Betelgeuse,0.7188159377540728,0.9999213036773709,James Cagney,cardiac
Mercury,Antares,0.7941676490894736,0.9999039400911924,Pat OBrien,cardiac
Pluto,Rigel,0.6422204409930714,0.999937181372795,Pat OBrien,cardiac
Mercury,Spica,0.26761979257025814,0.9999890916162075,George Raft,disease
Pluto,Rigel,1.8552185431440051,0.9994758242228908,George Raft,disease
Venus,Algol,1.9154451903858813,0.9994412420056021,Franchot Tone,cancer
Saturn,Deneb Algedi,1.6958476782293133,0.9995620074572064,Franchot Tone,cancer
Sun,Fomalhaut,1.145442153578017,0.9998001718820072,Robert Young,disease
Moon,Betelgeuse,1.0284528156345374,0.9998389050888169,Robert Young,disease
Venus,Vega,0.9617311377271562,0.999859128902767,Robert Young,disease
Mars,Antares,0.0341531653821221,0.9999998223412309,Robert Young,disease
Ketu,Altair,0.7572873401026072,0.9999126546457917,Robert Young,disease
Rahu,Altair,1.305650659072512,0.9997403669767906,Walter Pidgeon,cardiac
Mars,Antares,1.1173328472406183,0.9998098588532803,Robert Walker,overdose
Jupiter,Sirius,1.0246564868558892,0.99984009216172,Robert Walker,overdose
Uranus,Deneb Algedi,0.4478034578172583,0.9999694580041135,Robert Walker,overdose
Ketu,Rigel,0.9061950023882019,0.9998749283118371,Robert Walker,overdose
Sun,Algol,0.5203685976741887,0.9999587576013822,John Hodiak,cardiac
Moon,Vega,0.25191496650376166,0.9999903343296329,John Hodiak,cardiac
Pluto,Betelgeuse,0.5322574678684191,0.999956851555563,John Hodiak,cardiac
Pluto,Betelgeuse,1.7059085101986255,0.9995567955337489,Van Heflin,cardiac
Uranus,Altair,0.7334585159576363,0.9999180649129289,Dane Clark,natural
Pluto,Betelgeuse,1.712877331832388,0.9995531673309375,Dane Clark,natural
Rahu,Algol,1.6272104299074073,0.9995967420043931,Dane Clark,natural
Ketu,Spica,0.7127895700925819,0.9999226176684795,Dane Clark,natural
Jupiter,Algol,0.6478729902619342,0.9999360707129119,Mark Stevens,cancer
Pluto,Betelgeuse,1.2916531473955928,0.9997459038061969,Cornel Wilde,disease
Mars,Vega,1.2833679906593716,0.9997491529558535,Victor Mature,cancer
Pluto,Betelgeuse,0.4192716527407754,0.9999732259665026,Victor Mature,cancer
Mars,Sirius,1.4781261499184666,0.9996672457178368,Tony Curtis,cardiac
Pluto,Sirius,1.8002990480642183,0.9995063964076387,Tony Curtis,cardiac
Moon,Rigel,1.408432627802597,0.9996978830962672,Robert Stack,cardiac
Rahu,Antares,1.2724385893822046,0.9997534071086752,Robert Stack,cardiac
Ketu,Aldebaran,1.222438589382179,0.9997724051833125,Robert Stack,cardiac
Jupiter,Sirius,0.9998491559551468,0.999847741100317,Jeff Chandler,disease
Saturn,Regulus,1.608392639940348,0.9996060143771738,Jeff Chandler,disease
Uranus,Deneb Algedi,0.9890833833402439,0.9998510022308965,Jeff Chandler,disease
Moon,Regulus,0.9466258331063955,0.9998635191984132,John Payne,cardiac
Jupiter,Antares,1.8768333943348239,0.9994635399943511,John Payne,cardiac
Uranus,Altair,1.5857409004578926,0.9996170328936154,John Payne,cardiac
Pluto,Betelgeuse,0.9010247254461774,0.9998763513990002,John Payne,cardiac
Moon,Deneb Algedi,0.7691558259797375,0.9999098954161225,Rory Calhoun,disease
Pluto,Betelgeuse,1.5888672375947408,0.99961552143897,Rod Cameron,cancer
Sun,Altair,1.786377670079787,0.9995140001656033,Randolph Scott,cardiac
Mars,Vega,0.6425611445710047,0.9999371147041485,Randolph Scott,cardiac
Saturn,Antares,0.09727588400264153,0.9999985587643122,Randolph Scott,cardiac
Rahu,Altair,1.536659786021687,0.9996403714523603,Glenn Ford,cardiac
Mercury,Vega,0.08516254928093758,0.999998895356946,Dana Andrews,disease
Uranus,Vega,1.1656175187430904,0.9997930707455328,Dana Andrews,disease
Neptune,Sirius,1.7837424609651436,0.999515432856144,Dana Andrews,disease
Sun,Fomalhaut,1.8388434987745654,0.999485035846528,Zachary Scott,cancer
Venus,Fomalhaut,0.5079068522410353,0.9999607092752753,Zachary Scott,cancer
Saturn,Aldebaran,1.4690756333913697,0.9996713079065563,Zachary Scott,cancer
Pluto,Betelgeuse,0.40419646994826053,0.9999751167002638,Zachary Scott,cancer
Pluto,Sirius,1.1183994856874762,0.9998094956629915,Farley Granger,natural
Sun,Betelgeuse,1.1183009284474679,0.9998095292362515,Louis Jourdan,natural
Mars,Betelgeuse,1.68088634486854,0.9995697010471891,Louis Jourdan,natural
Rahu,Spica,0.19656158744916752,0.9999941153367504,Louis Jourdan,natural
Mars,Vega,1.49712385141072,0.9996586377533825,Fernando Lamas,cancer
Jupiter,Deneb Algedi,0.645492539716713,0.9999365396298971,Fernando Lamas,cancer
Saturn,Betelgeuse,1.4213862287313361,0.9996923005832313,Fernando Lamas,cancer
Ketu,Regulus,1.202374918184347,0.9997798145497035,Fernando Lamas,cancer
Ketu,Deneb Algedi,0.6870267122118889,0.999928110281641,Gilbert Roland,cancer
Mercury,Fomalhaut,1.8759706319244742,0.9994640330480326,Cesar Romero,disease
Ketu,Altair,0.38677174482654664,0.9999772158637169,Cesar Romero,disease
Moon,Sirius,0.3892153312221893,0.9999769270594489,Anthony Quinn,disease
Saturn,Betelgeuse,0.8140418671494842,0.999899072174257,Anthony Quinn,disease
Pluto,Betelgeuse,1.6538391464330005,0.9995834365895363,Anthony Quinn,disease
Rahu,Deneb Algedi,0.2915714111446164,0.9999870516723699,Anthony Quinn,disease
Moon,Rigel,0.28925840300944117,0.9999872562927754,Rossano Brazzi,disease
Venus,Antares,1.5236321774076202,0.9996464430177631,Oskar Werner,cardiac
Mars,Fomalhaut,0.1162940669978525,0.999997940130496,Hardy Kruger,natural
Pluto,Sirius,0.9431405866527882,0.9998645223040603,Hardy Kruger,natural
Rahu,Deneb Algedi,0.4957609996703809,0.9999625659558976,Horst Buchholz,disease
Saturn,Sirius,0.6987483702756663,0.9999256363029791,Curt Jurgens,cardiac
Mercury,Rigel,1.4937705299438448,0.9996601651495444,James Mason,cardiac
Mars,Deneb Algedi,0.14107990088854194,0.9999969685192703,James Mason,cardiac
Neptune,Sirius,0.9079835111518975,0.9998744341403443,James Mason,cardiac
Rahu,Rigel,1.1398282054630755,0.9998021257802068,James Mason,cardiac
Mercury,Fomalhaut,0.08889870980686965,0.9999987963074611,Rex Harrison,cancer
Venus,Algol,1.8388225791466333,0.9994850475624489,Rex Harrison,cancer
Uranus,Vega,0.5443771440614569,0.9999548641902591,Rex Harrison,cancer
Neptune,Sirius,1.9136035078866342,0.9994423158703089,Rex Harrison,cancer
Saturn,Rigel,1.341763864900173,0.9997258065505811,Trevor Howard,disease
Uranus,Altair,1.9182909116284463,0.9994395806664863,Trevor Howard,disease
Mercury,Fomalhaut,0.9546143781054752,0.9998612060180826,Michael Redgrave,disease
Uranus,Vega,1.0278289449331055,0.9998391004681603,Michael Redgrave,disease
Pluto,Rigel,1.7039649721301657,0.9995578047679573,Ralph Richardson,cardiac
Rahu,Spica,1.9942824544076814,0.9993943046637279,Ralph Richardson,cardiac
Neptune,Aldebaran,0.7622469236291067,0.9999115068418343,Leslie Howard,accident
Pluto,Aldebaran,1.6713312824503248,0.9995745788981667,Leslie Howard,accident
Mars,Sirius,0.24867605430877404,0.9999905812776756,George Sanders,suicide
Mars,Antares,1.956058271938673,0.9994172985018892,Herbert Marshall,cardiac
Uranus,Spica,0.6360933023116218,0.9999383742916421,Herbert Marshall,cardiac
Venus,Spica,0.563281450046162,0.9999516749691195,Claude Rains,disease
Uranus,Spica,0.1352118641977711,0.999997215455652,Claude Rains,disease
Neptune,Aldebaran,0.5309949736625299,0.9999570560042332,Basil Rathbone,cardiac
Pluto,Aldebaran,1.1575861610188412,0.9997959123998452,Basil Rathbone,cardiac
Moon,Altair,1.6586594247429503,0.9995810049899128,Bela Lugosi,cardiac
Venus,Antares,1.0826325770799485,0.9998214852935691,Bela Lugosi,cardiac
Mars,Betelgeuse,1.5330045387830467,0.9996420802098923,Peter Lorre,cardiac
Jupiter,Algol,0.47535570975851726,0.9999655840566605,Peter Lorre,cardiac
Rahu,Vega,0.7775383401616978,0.9999079207653628,Sydney Greenstreet,disease
Pluto,Betelgeuse,1.8627310399852348,0.9994715708217938,Vincent Price,cancer
Mercury,Betelgeuse,1.266875395002387,0.9997555585516246,Christopher Lee,cardiac
Venus,Algol,1.7655259920237114,0.999525278822394,Peter Cushing,cancer
Jupiter,Vega,1.7244681418112577,0.9995471000154575,Peter Cushing,cancer
Pluto,Betelgeuse,0.19977821445817767,0.999993921162219,Peter Cushing,cancer
Mars,Altair,0.24149510947870567,0.9999911173862627,Herbert Lom,natural
Jupiter,Algol,0.048368731375095564,0.9999996436685893,Herbert Lom,natural
Moon,Aldebaran,1.0605340573000461,0.99982869833691,Omar Sharif,cardiac
Mercury,Aldebaran,0.09100891775395326,0.9999987384846247,Albert Finney,disease
Mars,Betelgeuse,0.306087458659988,0.9999857303021349,Peter OToole,natural
Jupiter,Regulus,1.712350160901991,0.9995534423108329,Peter OToole,natural
Saturn,Altair,1.0092433948159965,0.9998448665889471,Peter OToole,natural
Rahu,Algol,1.7139070394698628,0.9995526299766484,Richard Harris,cancer
Ketu,Spica,0.6260929605301158,0.9999402967380846,Richard Harris,cancer
Sun,Regulus,1.9651265930757802,0.9994118836798185,Sean Connery,disease
Mars,Betelgeuse,0.47258448462916647,0.9999659841603288,Sean Connery,disease
Jupiter,Sirius,1.3534085237124174,0.999721026879464,Sean Connery,disease
Rahu,Algol,0.23219064607638273,0.9999917886685057,Sean Connery,disease
Mars,Spica,1.873468294157135,0.9994654618086102,Roger Moore,cancer
Neptune,Regulus,1.3097758201406577,0.9997387238523362,Roger Moore,cancer
Sun,Deneb Algedi,0.6120059693095072,0.999942953116122,Oliver Reed,cardiac
Mars,Regulus,1.4455956707874975,0.999681730238318,Richard Attenborough,natural
Sun,Fomalhaut,1.3896473060086691,0.9997058880778299,John Mills,natural
Uranus,Vega,0.04624435470316257,0.9999996742816971,John Mills,natural
Neptune,Sirius,1.7568903207924365,0.9995299110845325,John Mills,natural
Mars,Altair,1.6065539662823767,0.9996069145920446,Stanley Baker,cancer
Pluto,Sirius,1.0739387428468063,0.9998243407417479,Stanley Baker,cancer
Mars,Aldebaran,1.4996028287254433,0.9996575064087431,Richard Todd,cancer
Pluto,Betelgeuse,0.8398973329929049,0.9998925591669644,Jack Hawkins,cancer
Venus,Algol,1.8543997800535195,0.9994762867491203,Stewart Granger,cancer
Pluto,Betelgeuse,0.20883857918269655,0.9999933572834917,Stewart Granger,cancer
Venus,Algol,1.9827097593285856,0.9994013131915584,Alec Guinness,cancer
Pluto,Betelgeuse,0.3948575928200313,0.9999762532594199,Alec Guinness,cancer
Jupiter,Regulus,0.9835085146257825,0.9998526770780513,Eleanor Roosevelt,disease
Sun,Deneb Algedi,1.4764514180552624,0.9996679992769019,Bess Truman,cardiac
Mars,Deneb Algedi,1.0362711145763228,0.9998364465588669,Bess Truman,cardiac
Jupiter,Regulus,1.819125435682139,0.9994960197129297,Bess Truman,cardiac
Saturn,Rigel,0.46664153823194,0.9999668343029834,Bess Truman,cardiac
Mars,Betelgeuse,0.43207407771437545,0.999971565925003,Mamie Eisenhower,cardiac
Jupiter,Aldebaran,0.2888358523855601,0.9999872934976888,Jacqueline Kennedy Onassis,cancer
Neptune,Regulus,0.30400964567652977,0.9999859233780524,Jacqueline Kennedy Onassis,cancer
Sun,Fomalhaut,1.5408448751566084,0.9996384100081357,Edward M Kennedy,cancer
Saturn,Altair,1.986191350781894,0.9993992089965216,Edward M Kennedy,cancer
Mercury,Antares,0.42518178812056817,0.9999724658258712,Lady Bird Johnson,natural
Uranus,Altair,0.11996677366937547,0.9999978079697686,Lady Bird Johnson,natural
Pluto,Betelgeuse,0.2667949853380236,0.9999891587519946,Lady Bird Johnson,natural
Uranus,Altair,0.55839326918084,0.999952510056657,Pat Nixon,cancer
Pluto,Betelgeuse,1.7997825487298655,0.9995066795699221,Pat Nixon,cancer
Ketu,Spica,0.7171121476626752,0.9999216762939308,Pat Nixon,cancer
Venus,Fomalhaut,1.4627059192261527,0.9996741519020949,Betty Ford,natural
Jupiter,Aldebaran,0.7887370008033372,0.9999052493254469,Betty Ford,natural
Sun,Sirius,0.18516271168009268,0.999994778065426,Nancy Reagan,cardiac
Rahu,Spica,0.7063458169501189,0.9999240104287249,Nancy Reagan,cardiac
Sun,Rigel,0.6024373046831784,0.9999447230016425,Barbara Bush,disease
Moon,Vega,1.5173695712423978,0.9996493433352007,Barbara Bush,disease
Venus,Betelgeuse,0.8802398301920533,0.9998819901577451,Barbara Bush,disease
Pluto,Sirius,1.678740167466941,0.9995707990896591,Barbara Bush,disease
Saturn,Betelgeuse,1.0976854599358035,0.9998164868123643,Denis Thatcher,cancer
Pluto,Betelgeuse,1.9652989425796505,0.9994117805250776,Denis Thatcher,cancer
Rahu,Deneb Algedi,1.309837570273487,0.9997386992168005,Denis Thatcher,cancer
Sun,Vega,0.8904396878659782,0.9998792394684852,Konrad Adenauer,cardiac
Moon,Algol,0.799145482117563,0.9999027321321589,Konrad Adenauer,cardiac
Saturn,Deneb Algedi,0.05589943795007457,0.9999995240738286,Konrad Adenauer,cardiac
Pluto,Betelgeuse,1.4435427911944174,0.9996826334937057,Willy Brandt,cancer
Mars,Altair,0.6647325149749577,0.9999327002093583,Helmut Schmidt,disease
Saturn,Regulus,1.750004247011816,0.9995335885730631,Helmut Schmidt,disease
Uranus,Deneb Algedi,1.2816134808045945,0.9997498383312614,Helmut Schmidt,disease
Venus,Algol,0.587699625213439,0.9999473944265382,Helmut Kohl,natural
Neptune,Regulus,1.3561675457926299,0.9997198883591257,Helmut Kohl,natural
Moon,Spica,0.11207501798861585,0.9999980868798959,Francois Mitterrand,cancer
Saturn,Altair,1.0235927890146286,0.9998404239818289,Jacques Chirac,natural
Moon,Rigel,0.43723169225216907,0.999970883048739,Vaclav Havel,disease
Ketu,Betelgeuse,0.5739547840703381,0.9999498262607841,Vaclav Havel,disease
Mercury,Vega,1.6087814518438108,0.9996058238829549,Boris Yeltsin,cardiac
Jupiter,Sirius,1.8073146628237708,0.9995025421676084,Boris Yeltsin,cardiac
Saturn,Vega,1.9269823425247523,0.9994344913235013,Boris Yeltsin,cardiac
Mars,Sirius,1.0448679754477723,0.9998337217134488,Pope John XXIII,cancer
Rahu,Antares,0.5637571936574659,0.9999515933053336,Pope John XXIII,cancer
Ketu,Aldebaran,0.6137571936574915,0.9999426261785676,Pope John XXIII,cancer
Venus,Regulus,0.016183376018375384,0.9999999601100964,Pope Paul VI,cardiac
Rahu,Altair,1.14668175256827,0.9997997391539217,Pope Paul VI,cardiac
Sun,Spica,0.08147952747842169,0.9999989888358356,Pope John Paul I,cardiac
Moon,Vega,1.8390403502588697,0.9994849255944263,Pope John Paul I,cardiac
Pluto,Betelgeuse,1.2693997907557275,0.9997545834652362,Pope John Paul I,cardiac
Sun,Algol,0.9837204734788685,0.9998526135727642,Pope Benedict XVI,natural
Mars,Betelgeuse,0.7353732706148151,0.9999176365636463,Pope Benedict XVI,natural
Pluto,Sirius,0.235941053792601,0.9999915212631719,Pope Benedict XVI,natural
Jupiter,Sirius,1.7206349132204082,0.9995491110811193,Billy Graham,natural
Uranus,Deneb Algedi,0.26766126471335383,0.9999890882350803,Billy Graham,natural
Sun,Altair,1.9317594113820178,0.9994316842752662,Oral Roberts,disease
Uranus,Deneb Algedi,0.9537787407411997,0.9998614488973009,Oral Roberts,disease
Ketu,Betelgeuse,1.0484663823575602,0.9998325744861891,Oral Roberts,disease
Uranus,Algol,1.216442335525663,0.9997746324004468,Jerry Falwell,cardiac
Ketu,Regulus,0.7059774755279307,0.9999240896603251,Jerry Falwell,cardiac
Mars,Fomalhaut,0.2413431148842733,0.9999911285639831,Pat Robertson,cardiac
Jupiter,Aldebaran,0.4240502484628763,0.9999726121840218,Pat Robertson,cardiac
Neptune,Regulus,1.614279553638113,0.9996031252191876,Pat Robertson,cardiac
Pluto,Sirius,1.6745672966824827,0.999572930028899,Robert Schuller,cancer
Rahu,Sirius,1.4666750098173083,0.9996723812049064,Robert Schuller,cancer
Sun,Aldebaran,0.1763728353707137,0.9999952620792737,Norman Vincent Peale,cardiac
Mars,Algol,1.3140392607152869,0.9997370202029221,Norman Vincent Peale,cardiac
Saturn,Antares,0.8699313848237296,0.9998847379352555,Norman Vincent Peale,cardiac
Pluto,Aldebaran,0.8725352473865797,0.9998840469153928,Fulton Sheen,cardiac
Sun,Regulus,1.6041677463987583,0.9996080813507209,Wilt Chamberlain,cardiac
Ketu,Betelgeuse,1.8094098429285168,0.9995013882111462,Wilt Chamberlain,cardiac
Sun,Deneb Algedi,0.4320552088917111,0.9999715684083886,Bill Russell,natural
Moon,Altair,0.11648019710105473,0.999997933531528,Bill Russell,natural
Jupiter,Spica,0.6778814170282033,0.9999300114282885,Bill Russell,natural
Uranus,Algol,1.9820994333298998,0.9994016816786234,Bill Russell,natural
Jupiter,Spica,1.0239083167741398,0.9998403255890222,Elgin Baylor,natural
Saturn,Deneb Algedi,0.7448634812145656,0.9999154970271752,Elgin Baylor,natural
Moon,Algol,0.49523836494963547,0.9999626448402674,John Havlicek,disease
Sun,Betelgeuse,1.8097705952257286,0.999501189385741,George Mikan,disease
Moon,Vega,0.029417253606709437,0.999999868195882,George Mikan,disease
Mercury,Aldebaran,1.289841301939333,0.9997466161347475,George Mikan,disease
Saturn,Spica,1.8781729636650653,0.9994627740047282,George Mikan,disease
Mercury,Rigel,1.2601257794825642,0.9997581561620431,Dolph Schayes,cancer
Jupiter,Algol,0.46083121336738486,0.9999676550731685,Dolph Schayes,cancer
Pluto,Sirius,1.4082415440641114,0.9996979650637026,Dolph Schayes,cancer
Rahu,Aldebaran,0.4283546978362125,0.9999720533481192,Dolph Schayes,cancer
Ketu,Antares,0.47835469783620965,0.9999651484334744,Dolph Schayes,cancer
Mercury,Rigel,0.21491849981271116,0.9999929648747934,Willis Reed,cardiac
Sun,Spica,0.8575955468417078,0.9998879835859007,Dave DeBusschere,cardiac
Moon,Algol,1.5051107704985505,0.9996549860207897,Dave DeBusschere,cardiac
Sun,Betelgeuse,1.4761412127161861,0.9996681387625368,Pete Maravich,cardiac
Venus,Aldebaran,0.611590216966519,0.9999430305960676,Pete Maravich,cardiac
Venus,Deneb Algedi,1.774711853988947,0.999520326510301,Moses Malone,cardiac
Saturn,Antares,0.6088149389643149,0.9999435464503695,Darryl Dawkins,cardiac
Pluto,Regulus,0.23784590389988125,0.9999913838059982,Darryl Dawkins,cardiac
Venus,Vega,0.5345977555036256,0.9999564712845764,Reggie Lewis,cardiac
Jupiter,Betelgeuse,0.8318847115347268,0.9998945993240846,Reggie Lewis,cardiac
Sun,Deneb Algedi,1.4594482422395458,0.999675601637727,Hank Gathers,cardiac
Rahu,Sirius,0.421240821273571,0.9999729738809853,Len Bias,overdose
Ketu,Vega,1.7912408212735613,0.9995113506530443,Len Bias,overdose
Moon,Algol,1.3209311733372004,0.9997342545226238,Maurice Stokes,disease
Uranus,Algol,0.4004891587812658,0.9999755710669217,Maurice Stokes,disease
Rahu,Fomalhaut,1.8340883286697363,0.9994876955259882,Maurice Stokes,disease
Mercury,Altair,1.1606192789068928,0.9997948415308939,Jim Brown,natural
Sun,Aldebaran,1.6299945938360025,0.9995953609647195,Gale Sayers,disease
Moon,Algol,1.4237076587095245,0.9996912947353382,Gale Sayers,disease
Saturn,Rigel,1.8872263743236743,0.9994575827798239,Gale Sayers,disease
Mercury,Sirius,1.627072505897047,0.9995968103580174,Walter Payton,cancer
Jupiter,Sirius,0.13577681298117739,0.9999971921380139,Walter Payton,cancer
Neptune,Spica,0.43527135877107526,0.9999711435545738,Walter Payton,cancer
Rahu,Vega,1.5794542700086254,0.9996200632097618,Walter Payton,cancer
Ketu,Sirius,0.20945427000863504,0.9999933180581353,Walter Payton,cancer
Moon,Altair,1.9638171424651887,0.9994126671177196,Ernie Davis,disease
Venus,Vega,1.1135479514387612,0.9998111448136919,Ernie Davis,disease
Saturn,Algol,1.5856236107199742,0.9996170895404277,Ernie Davis,disease
Ketu,Algol,0.31235342582529313,0.9999851400889074,Ernie Davis,disease
Uranus,Aldebaran,1.8429595388785316,0.9994827280890651,Brian Piccolo,cancer
Uranus,Spica,0.9963441764145955,0.9998488066920979,Korey Stringer,disease
Neptune,Antares,0.9666836486282762,0.9998576743478145,Korey Stringer,disease
Mars,Algol,0.7870946514975046,0.9999056434980196,Sean Taylor,homicide
Jupiter,Antares,1.112205487517059,0.9998115998825411,Sean Taylor,homicide
Uranus,Antares,0.8096130678756595,0.9999001673654475,Sean Taylor,homicide
Rahu,Betelgeuse,0.31375830693313844,0.9999850061169221,Sean Taylor,homicide
Venus,Vega,0.3879469572374319,0.9999770771939325,Dave Duerson,suicide
Saturn,Vega,0.4314104568771313,0.9999716532010782,Dave Duerson,suicide
Mercury,Deneb Algedi,0.179540139917151,0.9999950903842585,Andre Waters,suicide
Venus,Fomalhaut,1.526161867107703,0.9996452680898215,Mike Webster,cardiac
Ketu,Regulus,0.4745772740752443,0.9999656966818328,Mike Webster,cardiac
Uranus,Regulus,0.6359681128510317,0.9999383985461053,Reggie White,cardiac
Mercury,Altair,0.018554434510804185,0.9999999475651318,Jerome Brown,accident
Saturn,Fomalhaut,1.0827490594701317,0.9998214468792078,Jerome Brown,accident
Moon,Rigel,0.17868082384588035,0.9999951372686154,Jack Tatum,cardiac
Uranus,Betelgeuse,1.0622232859104201,0.9998281522161564,Jack Tatum,cardiac
Saturn,Regulus,0.1536195330263581,0.9999964056748596,Lyle Alzado,cancer
Uranus,Betelgeuse,1.863411440788724,0.9994711847460832,Lyle Alzado,cancer
Rahu,Algol,0.370846007366076,0.999979053549555,Lyle Alzado,cancer
Mercury,Antares,1.50807498267568,0.9996536257985118,Ken Stabler,cancer
Jupiter,Spica,0.16521018666492182,0.999995842827149,Ken Stabler,cancer
Rahu,Betelgeuse,1.0682628735844872,0.9998261925336018,Ken Stabler,cancer
Mercury,Algol,0.8961538992854585,0.9998776846158998,Johnny Unitas,cardiac
Uranus,Algol,1.484311057387842,0.9996644553675685,Johnny Unitas,cardiac
Rahu,Fomalhaut,0.3365479886518301,0.9999827488723165,Johnny Unitas,cardiac
Venus,Deneb Algedi,0.5935146104051796,0.9999463482756367,Bart Starr,natural
Jupiter,Spica,1.9043354971626343,0.9994477042712039,Bart Starr,natural
Uranus,Spica,0.9207878445567985,0.9998708678008096,Steve McNair,homicide
Rahu,Vega,0.553176323196169,0.9999533932807888,Steve McNair,homicide
Ketu,Sirius,0.8168236768038213,0.9998983812098992,Steve McNair,homicide
Venus,Antares,1.3278526410847746,0.99973146242385,Joe Frazier,cancer
Uranus,Aldebaran,1.5367230619128094,0.9996403418362783,Ken Norton,cardiac
Mercury,Vega,0.38308789257399667,0.9999776478154561,Floyd Patterson,disease
Saturn,Deneb Algedi,1.8109585253146179,0.99950053438862,Floyd Patterson,disease
Uranus,Algol,1.3287186921644398,0.9997311120345574,Floyd Patterson,disease
Rahu,Altair,0.28608611975784015,0.9999875342787317,Floyd Patterson,disease
Jupiter,Algol,1.5799045582513216,0.9996198465594696,Alexis Arguello,suicide
Moon,Altair,1.351973141093822,0.9997216182785098,Hector Camacho,homicide
Mars,Algol,0.4571756530146551,0.9999681661897637,Hector Camacho,homicide
Sun,Algol,0.5539315201756345,0.9999532659398184,Arturo Gatti,homicide
Venus,Aldebaran,1.3172933052407672,0.9997357161782617,Arturo Gatti,homicide
Rahu,Altair,0.7335513059547338,0.9999180441806492,Arturo Gatti,homicide
Sun,Deneb Algedi,0.5635181848206798,0.9999516343410212,Johnny Tapia,cardiac
Sun,Antares,1.4626585392040852,0.9996741730103729,Edwin Valero,suicide
Moon,Spica,1.272939529467351,0.999753212918561,Hank Aaron,natural
Jupiter,Spica,0.6392473474119811,0.9999377616452569,Hank Aaron,natural
Mercury,Vega,0.46875109196747644,0.9999665337614813,Ernie Banks,cardiac
Jupiter,Sirius,1.7036857166121138,0.9995579496843658,Ernie Banks,cardiac
Saturn,Vega,1.8151953574028994,0.9994981947987108,Ernie Banks,cardiac
Mercury,Rigel,0.8622610045542558,0.9998867615191814,Harmon Killebrew,cancer
Mercury,Aldebaran,0.2083898704859024,0.9999933857977567,Billy Martin,accident
Jupiter,Algol,0.2104520348720662,0.9999932542458396,Billy Martin,accident
Pluto,Sirius,1.3537092338418688,0.9997209029029136,Billy Martin,accident
Rahu,Aldebaran,0.5872296785473594,0.9999474785229447,Billy Martin,accident
Ketu,Antares,0.6372296785473566,0.9999381539094379,Billy Martin,accident
Moon,Vega,1.9380679205992237,0.9994279666936068,Casey Stengel,cancer
Uranus,Spica,0.8486475957443247,0.999890308854957,Casey Stengel,cancer
Mercury,Regulus,0.43042517800043356,0.9999717825325632,Leo Durocher,natural
Rahu,Regulus,1.6426879580164098,0.9995890347151617,Leo Durocher,natural
Sun,Fomalhaut,0.6807321066224858,0.9999294215526934,Sparky Anderson,disease
Moon,Rigel,0.1214978214692195,0.9999977516622188,Sparky Anderson,disease
Jupiter,Spica,1.0015647051671976,0.9998472181712978,Sparky Anderson,disease
Uranus,Algol,1.6105129115262216,0.999604975013938,Sparky Anderson,disease
Rahu,Algol,0.8280258232249409,0.9998955748896025,Earl Weaver,cardiac
Venus,Antares,0.8593580306864226,0.9998875227013106,Don Zimmer,cardiac
Jupiter,Sirius,0.046078064549135433,0.9999996766199873,Don Zimmer,cardiac
Saturn,Vega,0.20671013130993288,0.9999934919962551,Don Zimmer,cardiac
Neptune,Regulus,1.9457715513729283,0.9994234105404054,Tommy Lasorda,cardiac
Jupiter,Aldebaran,1.02425619115688,0.9998402170742406,Roy Halladay,accident
Rahu,Spica,1.0150232046481733,0.9998430846886075,Roy Halladay,accident
Sun,Regulus,1.1968365002476844,0.9997818382549335,Nick Adenhart,accident
Ketu,Spica,0.47858872502794725,0.9999651143242162,Nick Adenhart,accident
Rahu,Altair,0.5376557176626875,0.9999559718852291,Cory Lidle,accident
Jupiter,Rigel,1.4358553107545475,0.9996860045404482,Arnold Palmer,cardiac
Neptune,Regulus,1.8993337980802494,0.9994506013832801,Arnold Palmer,cardiac
Moon,Spica,1.0465952537226713,0.9998331715228419,Sam Snead,natural
Jupiter,Antares,1.376566243679406,0.9997113988350429,Sam Snead,natural
Uranus,Altair,1.5304381583356417,0.9996432775121643,Sam Snead,natural
Pluto,Betelgeuse,0.8124399447690678,0.9998994690009129,Sam Snead,natural
Moon,Regulus,0.024747150960990894,0.9999999067228759,Ben Hogan,disease
Venus,Regulus,1.1108039193820787,0.9998120744008944,Ben Hogan,disease
Uranus,Altair,1.0654369531844168,0.9998271108511647,Ben Hogan,disease
Pluto,Betelgeuse,0.9099726040340101,0.999873883402424,Ben Hogan,disease
Jupiter,Antares,0.9473110429404414,0.9998633215496713,Byron Nelson,natural
Uranus,Altair,1.516023368532558,0.9996499652245939,Byron Nelson,natural
Pluto,Betelgeuse,1.5657575716969632,0.9996266236955671,Byron Nelson,natural
Rahu,Algol,0.8858438413825382,0.9998804827948681,Byron Nelson,natural
Ketu,Spica,1.454156158617451,0.9996779498385012,Byron Nelson,natural
Neptune,Betelgeuse,0.039829863896258644,0.999999758374722,Gene Sarazen,disease
Pluto,Rigel,0.15112365693889274,0.9999965215209167,Gene Sarazen,disease
Neptune,Betelgeuse,0.062308554327728416,0.9999994086834333,Bobby Jones,disease
Pluto,Rigel,0.10803006541598847,0.9999982224824842,Bobby Jones,disease
Neptune,Aldebaran,0.47937070470459275,0.9999650002303587,Walter Hagen,cancer
Pluto,Aldebaran,1.3889061982899307,0.9997062016823277,Walter Hagen,cancer
Mercury,Vega,0.11092780523080137,0.999998125845265,Payne Stewart,accident
Pluto,Regulus,0.1610747629150353,0.9999960483410543,Payne Stewart,accident
Pluto,Regulus,1.6882890764927367,0.9995659028474918,Seve Ballesteros,cancer
Venus,Vega,0.9131315028499785,0.9998730062933526,Bobby Locke,disease
Sun,Regulus,0.021936511454157426,0.9999999267074452,Peter Thomson,disease
Neptune,Regulus,1.2376937299058568,0.9997666895276729,Peter Thomson,disease
Uranus,Fomalhaut,1.443817373557465,0.999682512753369,Kel Nagle,natural
Venus,Aldebaran,1.737070150551972,0.9995404569641855,Billy Casper,cardiac
