family_id,birth_year,birth_order,source
929156,1939,2,graduate
923265,1939,6,graduate
923265,1923,1,sibling_roster
923265,1925,2,sibling_roster
923265,1929,3,sibling_roster
923265,1933,4,sibling_roster
923265,1936,5,sibling_roster
923265,1940,6,sibling_roster
920475,1939,3,graduate
920475,1930,1,sibling_roster
920475,1933,2,sibling_roster
920475,1939,3,sibling_roster
920475,1941,4,sibling_roster
913811,1939,1,sibling_roster
913811,1943,2,sibling_roster
911419,1939,2,graduate
911419,1938,1,sibling_roster
911419,1940,2,sibling_roster
911419,1944,3,sibling_roster
928547,1940,10,graduate
928547,1922,1,sibling_roster
928547,1927,2,sibling_roster
928547,1928,3,sibling_roster
928547,1930,4,sibling_roster
928547,1930,5,sibling_roster
928547,1932,6,sibling_roster
928547,1936,7,sibling_roster
928547,1938,8,sibling_roster
928547,1940,9,sibling_roster
916748,1939,5,graduate
916748,1933,1,sibling_roster
916748,1935,2,sibling_roster
916748,1936,3,sibling_roster
916748,1940,4,sibling_roster
916748,1941,5,sibling_roster
915954,1939,3,graduate
915954,1937,1,sibling_roster
915954,1938,2,sibling_roster
915954,1940,3,sibling_roster
915954,1940,4,sibling_roster
915954,1945,5,sibling_roster
915954,1953,6,sibling_roster
915954,1955,7,sibling_roster
915954,1958,8,sibling_roster
932793,1939,2,graduate
932793,1932,1,sibling_roster
932793,1939,2,sibling_roster
932793,1944,3,sibling_roster
925106,1939,1,sibling_roster
925106,1943,2,sibling_roster
925106,1944,3,sibling_roster
925106,1947,4,sibling_roster
925106,1950,5,sibling_roster
925106,1962,6,sibling_roster
925106,1963,7,sibling_roster
925098,1939,2,graduate
930230,1939,3,graduate
930230,1916,1,sibling_roster
930230,1920,2,sibling_roster
930230,1940,3,sibling_roster
926010,1938,2,graduate
926010,1939,2,sibling_roster
926010,1941,3,sibling_roster
926010,1944,4,sibling_roster
912793,1938,1,sibling_roster
912793,1944,2,sibling_roster
933946,1938,10,graduate
933946,1923,1,sibling_roster
933946,1924,2,sibling_roster
933946,1926,3,sibling_roster
933946,1928,4,sibling_roster
933946,1929,5,sibling_roster
933946,1931,6,sibling_roster
933946,1933,7,sibling_roster
933946,1935,8,sibling_roster
933946,1937,9,sibling_roster
933946,1939,10,sibling_roster
933946,1943,11,sibling_roster
909324,1939,4,graduate
932060,1939,5,graduate
932060,1935,1,sibling_roster
932060,1937,2,sibling_roster
932060,1938,3,sibling_roster
932060,1939,4,sibling_roster
932060,1940,5,sibling_roster
932060,1946,6,sibling_roster
932060,1949,7,sibling_roster
932060,1954,8,sibling_roster
900481,1939,2,graduate
917919,1940,2,graduate
917919,1939,1,sibling_roster
917919,1940,2,sibling_roster
920559,1940,1,sibling_roster
920559,1941,2,sibling_roster
900384,1940,1,sibling_roster
900384,1942,2,sibling_roster
900384,1954,3,sibling_roster
920072,1940,1,sibling_roster
920072,1948,2,sibling_roster
928526,1939,5,graduate
928526,1933,1,sibling_roster
928526,1937,2,sibling_roster
928526,1940,3,sibling_roster
928526,1940,4,sibling_roster
928526,1942,5,sibling_roster
928526,1955,6,sibling_roster
928526,1959,7,sibling_roster
920362,1940,1,sibling_roster
920362,1943,2,sibling_roster
920362,1947,3,sibling_roster
911396,1939,1,sibling_roster
911396,1944,2,sibling_roster
902791,1939,1,sibling_roster
902791,1947,2,sibling_roster
923975,1939,5,graduate
923975,1927,1,sibling_roster
923975,1931,2,sibling_roster
923975,1934,3,sibling_roster
923975,1936,4,sibling_roster
923975,1940,5,sibling_roster
923975,1942,6,sibling_roster
904175,1939,3,graduate
921995,1939,6,graduate
906544,1939,1,sibling_roster
905864,1939,5,graduate
905864,1932,1,sibling_roster
905864,1933,2,sibling_roster
905864,1934,3,sibling_roster
905864,1937,4,sibling_roster
905864,1940,5,sibling_roster
905864,1945,6,sibling_roster
905864,1949,7,sibling_roster
930841,1940,1,sibling_roster
930841,1950,2,sibling_roster
924210,1939,2,graduate
911193,1939,3,graduate
914324,1939,2,graduate
914324,1937,1,sibling_roster
914324,1940,2,sibling_roster
914324,1942,3,sibling_roster
914324,1945,4,sibling_roster
914324,1947,5,sibling_roster
927678,1939,4,graduate
927678,1935,1,sibling_roster
927678,1938,2,sibling_roster
927678,1938,3,sibling_roster
927678,1940,4,sibling_roster
927678,1942,5,sibling_roster
927678,1944,6,sibling_roster
927678,1946,7,sibling_roster
923798,1939,1,sibling_roster
923798,1949,2,sibling_roster
917415,1940,3,graduate
917415,1935,1,sibling_roster
917415,1937,2,sibling_roster
917415,1940,3,sibling_roster
917415,1944,4,sibling_roster
917415,1950,5,sibling_roster
917415,1953,6,sibling_roster
917415,1955,7,sibling_roster
906698,1939,2,graduate
931269,1939,2,graduate
929122,1939,4,graduate
929122,1924,1,sibling_roster
929122,1926,2,sibling_roster
929122,1930,3,sibling_roster
929122,1940,4,sibling_roster
903554,1939,3,graduate
906421,1939,5,graduate
906421,1927,1,sibling_roster
906421,1928,2,sibling_roster
906421,1931,3,sibling_roster
906421,1937,4,sibling_roster
906421,1939,5,sibling_roster
907624,1939,2,graduate
902908,1940,1,sibling_roster
902908,1949,2,sibling_roster
921340,1939,4,graduate
921340,1922,1,sibling_roster
921340,1923,2,sibling_roster
921340,1928,3,sibling_roster
921340,1940,4,sibling_roster
921340,1943,5,sibling_roster
917609,1939,2,graduate
917609,1937,1,sibling_roster
917609,1940,2,sibling_roster
925500,1939,3,graduate
925500,1923,1,sibling_roster
925500,1931,2,sibling_roster
925500,1933,3,sibling_roster
925500,1940,4,sibling_roster
925500,1941,5,sibling_roster
925500,1943,6,sibling_roster
909181,1939,1,sibling_roster
909181,1942,2,sibling_roster
909181,1945,3,sibling_roster
909181,1951,4,sibling_roster
909181,1953,5,sibling_roster
909181,1955,6,sibling_roster
925958,1939,3,graduate
925958,1935,1,sibling_roster
925958,1937,2,sibling_roster
925958,1940,3,sibling_roster
925958,1946,4,sibling_roster
925958,1949,5,sibling_roster
929859,1939,4,graduate
927736,1938,3,graduate
927736,1936,1,sibling_roster
927736,1937,2,sibling_roster
927736,1939,3,sibling_roster
927736,1940,4,sibling_roster
927736,1942,5,sibling_roster
927736,1943,6,sibling_roster
927736,1945,7,sibling_roster
927736,1950,8,sibling_roster
927736,1951,9,sibling_roster
927736,1954,10,sibling_roster
927736,1957,11,sibling_roster
915238,1940,1,sibling_roster
915238,1947,2,sibling_roster
913056,1940,1,sibling_roster
913056,1941,2,sibling_roster
913056,1944,3,sibling_roster
913056,1946,4,sibling_roster
913056,1948,5,sibling_roster
913056,1950,6,sibling_roster
905731,1938,3,graduate
905731,1936,1,sibling_roster
905731,1937,2,sibling_roster
905731,1938,3,sibling_roster
905731,1939,4,sibling_roster
905731,1942,5,sibling_roster
923196,1938,4,graduate
923196,1923,1,sibling_roster
923196,1932,2,sibling_roster
923196,1935,3,sibling_roster
923196,1939,4,sibling_roster
925476,1938,6,graduate
913211,1938,2,graduate
913211,1928,1,sibling_roster
913211,1939,2,sibling_roster
918155,1939,9,graduate
918155,1923,1,sibling_roster
918155,1927,3,sibling_roster
918155,1930,5,sibling_roster
918155,1934,7,sibling_roster
918155,1940,9,sibling_roster
918155,1940,10,sibling_roster
918155,1942,11,sibling_roster
926890,1939,5,graduate
926890,1926,1,sibling_roster
926890,1928,2,sibling_roster
926890,1930,3,sibling_roster
926890,1932,4,sibling_roster
926890,1940,5,sibling_roster
909780,1938,2,graduate
909780,1935,1,sibling_roster
909780,1937,2,sibling_roster
909780,1939,3,sibling_roster
909780,1941,4,sibling_roster
927489,1938,2,graduate
917188,1939,5,graduate
917188,1926,1,sibling_roster
917188,1930,2,sibling_roster
917188,1934,3,sibling_roster
917188,1940,4,sibling_roster
908078,1938,2,graduate
908078,1938,1,sibling_roster
908078,1940,2,sibling_roster
908078,1940,3,sibling_roster
908078,1942,4,sibling_roster
900145,1939,2,graduate
900145,1935,1,sibling_roster
900145,1939,2,sibling_roster
904389,1940,1,sibling_roster
904389,1941,2,sibling_roster
904389,1944,3,sibling_roster
904389,1950,4,sibling_roster
904389,1953,5,sibling_roster
922248,1940,1,sibling_roster
922248,1941,2,sibling_roster
906495,1939,6,graduate
906495,1920,1,sibling_roster
906495,1925,2,sibling_roster
906495,1927,3,sibling_roster
906495,1935,4,sibling_roster
906495,1935,5,sibling_roster
906495,1940,6,sibling_roster
912063,1939,3,graduate
912063,1936,1,sibling_roster
912063,1937,2,sibling_roster
912063,1939,3,sibling_roster
912063,1944,4,sibling_roster
912063,1952,5,sibling_roster
916477,1939,3,graduate
916477,1935,1,sibling_roster
916477,1940,3,sibling_roster
911242,1939,3,graduate
911242,1935,1,sibling_roster
911242,1937,2,sibling_roster
911242,1939,3,sibling_roster
911242,1940,4,sibling_roster
911242,1947,5,sibling_roster
916146,1939,3,graduate
916146,1935,1,sibling_roster
916146,1937,2,sibling_roster
916146,1939,3,sibling_roster
930593,1939,3,graduate
930593,1935,1,sibling_roster
930593,1936,2,sibling_roster
930593,1940,3,sibling_roster
921387,1940,1,sibling_roster
921387,1942,2,sibling_roster
921387,1951,3,sibling_roster
921387,1956,4,sibling_roster
921387,1961,5,sibling_roster
920734,1939,2,graduate
925254,1939,1,sibling_roster
925254,1941,2,sibling_roster
925254,1960,3,sibling_roster
925254,1962,4,sibling_roster
919536,1939,1,sibling_roster
923545,1939,1,sibling_roster
923545,1940,2,sibling_roster
923545,1949,3,sibling_roster
931194,1939,5,graduate
905314,1939,3,graduate
905314,1935,1,sibling_roster
905314,1938,2,sibling_roster
905314,1939,3,sibling_roster
905314,1941,4,sibling_roster
923065,1939,1,sibling_roster
914868,1940,1,sibling_roster
914868,1941,2,sibling_roster
914868,1944,3,sibling_roster
914868,1946,4,sibling_roster
914868,1947,5,sibling_roster
914868,1950,6,sibling_roster
914868,1953,7,sibling_roster
914868,1954,8,sibling_roster
914868,1958,9,sibling_roster
932669,1940,1,sibling_roster
932669,1943,2,sibling_roster
932669,1946,3,sibling_roster
932669,1951,4,sibling_roster
921033,1939,4,graduate
919858,1938,2,graduate
919858,1935,1,sibling_roster
919858,1939,2,sibling_roster
916795,1939,1,sibling_roster
916795,1944,2,sibling_roster
916795,1948,3,sibling_roster
918784,1939,4,graduate
929614,1938,7,graduate
929614,1921,1,sibling_roster
929614,1924,2,sibling_roster
929614,1926,3,sibling_roster
929614,1929,4,sibling_roster
929614,1932,5,sibling_roster
929614,1936,6,sibling_roster
929614,1939,7,sibling_roster
929614,1942,8,sibling_roster
929614,1947,9,sibling_roster
921078,1939,2,graduate
921078,1936,1,sibling_roster
921078,1939,2,sibling_roster
921078,1940,3,sibling_roster
921078,1943,4,sibling_roster
921078,1952,5,sibling_roster
928562,1939,3,graduate
928562,1935,1,sibling_roster
928562,1937,2,sibling_roster
928562,1940,3,sibling_roster
928562,1942,4,sibling_roster
928562,1947,5,sibling_roster
925474,1940,1,sibling_roster
925474,1941,2,sibling_roster
925474,1955,3,sibling_roster
908559,1937,5,graduate
908559,1930,1,sibling_roster
908559,1933,2,sibling_roster
908559,1935,3,sibling_roster
908559,1937,4,sibling_roster
908559,1938,5,sibling_roster
908559,1949,6,sibling_roster
920626,1939,2,graduate
920626,1939,1,sibling_roster
920626,1941,2,sibling_roster
903609,1940,1,sibling_roster
903609,1942,2,sibling_roster
903609,1947,3,sibling_roster
931096,1937,6,graduate
931096,1918,1,sibling_roster
931096,1919,2,sibling_roster
931096,1922,3,sibling_roster
931096,1926,4,sibling_roster
931096,1927,5,sibling_roster
931096,1933,6,sibling_roster
931096,1935,7,sibling_roster
931096,1938,8,sibling_roster
913181,1940,2,graduate
913181,1937,1,sibling_roster
913181,1940,2,sibling_roster
913181,1951,3,sibling_roster
932646,1938,3,graduate
932646,1933,1,sibling_roster
932646,1936,2,sibling_roster
932646,1939,3,sibling_roster
932646,1941,4,sibling_roster
932646,1942,5,sibling_roster
932646,1951,6,sibling_roster
916801,1939,1,sibling_roster
916801,1943,2,sibling_roster
913344,1939,2,graduate
913344,1937,1,sibling_roster
913344,1939,2,sibling_roster
913344,1941,3,sibling_roster
913344,1942,4,sibling_roster
913344,1944,5,sibling_roster
913344,1946,6,sibling_roster
913344,1949,7,sibling_roster
913344,1950,8,sibling_roster
913344,1952,9,sibling_roster
913344,1954,10,sibling_roster
913344,1955,11,sibling_roster
929536,1940,1,sibling_roster
929536,1943,2,sibling_roster
928505,1940,1,sibling_roster
928505,1941,2,sibling_roster
928505,1946,3,sibling_roster
932647,1940,1,sibling_roster
932647,1941,2,sibling_roster
932647,1944,3,sibling_roster
932647,1944,4,sibling_roster
932647,1946,5,sibling_roster
932647,1949,6,sibling_roster
932647,1955,7,sibling_roster
930922,1939,4,graduate
930922,1932,1,sibling_roster
930922,1937,2,sibling_roster
930922,1938,3,sibling_roster
930922,1939,4,sibling_roster
930922,1949,5,sibling_roster
900106,1939,1,sibling_roster
900106,1941,2,sibling_roster
900106,1946,3,sibling_roster
900106,1948,4,sibling_roster
900106,1950,5,sibling_roster
900106,1958,6,sibling_roster
923803,1939,2,graduate
923803,1935,1,sibling_roster
923803,1939,2,sibling_roster
909615,1939,2,graduate
909615,1937,1,sibling_roster
909615,1940,2,sibling_roster
909615,1944,3,sibling_roster
909615,1946,4,sibling_roster
909615,1951,5,sibling_roster
909615,1961,6,sibling_roster
902697,1939,3,graduate
902697,1934,1,sibling_roster
902697,1938,2,sibling_roster
902697,1940,3,sibling_roster
902697,1945,4,sibling_roster
902697,1950,5,sibling_roster
902697,1956,6,sibling_roster
930205,1939,5,graduate
930205,1933,1,sibling_roster
930205,1935,2,sibling_roster
930205,1937,3,sibling_roster
930205,1938,4,sibling_roster
930205,1940,5,sibling_roster
930205,1941,6,sibling_roster
930205,1942,7,sibling_roster
930205,1944,8,sibling_roster
930205,1946,9,sibling_roster
930205,1949,10,sibling_roster
930205,1950,11,sibling_roster
919255,1939,2,graduate
919255,1934,1,sibling_roster
919255,1940,2,sibling_roster
919255,1941,3,sibling_roster
919255,1946,4,sibling_roster
919255,1951,5,sibling_roster
904040,1940,1,sibling_roster
904040,1941,2,sibling_roster
904040,1943,3,sibling_roster
904040,1953,4,sibling_roster
926661,1939,2,graduate
926661,1937,1,sibling_roster
926661,1940,2,sibling_roster
926661,1941,3,sibling_roster
931032,1938,7,graduate
904109,1939,5,graduate
904109,1935,1,sibling_roster
904109,1936,2,sibling_roster
904109,1937,3,sibling_roster
904109,1939,4,sibling_roster
904109,1940,5,sibling_roster
908960,1940,1,sibling_roster
908960,1950,2,sibling_roster
908328,1938,9,graduate
919217,1939,1,sibling_roster
919217,1942,2,sibling_roster
919217,1947,3,sibling_roster
932747,1939,4,graduate
911335,1939,2,graduate
911335,1933,1,sibling_roster
911335,1939,2,sibling_roster
912377,1939,6,graduate
919978,1939,4,graduate
919978,1923,1,sibling_roster
919978,1934,2,sibling_roster
919978,1935,3,sibling_roster
919978,1940,4,sibling_roster
924059,1939,2,graduate
924059,1936,1,sibling_roster
924059,1940,2,sibling_roster
924059,1945,3,sibling_roster
924654,1939,1,sibling_roster
924654,1940,2,sibling_roster
924654,1944,3,sibling_roster
924654,1949,4,sibling_roster
909253,1939,3,graduate
911781,1938,3,graduate
911781,1931,1,sibling_roster
911781,1933,2,sibling_roster
911781,1939,3,sibling_roster
911781,1949,4,sibling_roster
907886,1939,3,graduate
921800,1941,1,sibling_roster
921800,1944,2,sibling_roster
921800,1951,3,sibling_roster
921239,1939,2,graduate
921239,1939,1,sibling_roster
921239,1940,2,sibling_roster
921239,1942,3,sibling_roster
921239,1945,4,sibling_roster
921239,1948,5,sibling_roster
921239,1950,6,sibling_roster
921239,1953,7,sibling_roster
921239,1954,8,sibling_roster
921239,1955,9,sibling_roster
921239,1959,10,sibling_roster
914337,1939,3,graduate
914337,1934,1,sibling_roster
914337,1937,2,sibling_roster
914337,1940,3,sibling_roster
914337,1942,4,sibling_roster
914337,1945,5,sibling_roster
914337,1950,6,sibling_roster
920800,1939,7,graduate
920800,1922,1,sibling_roster
920800,1925,2,sibling_roster
920800,1927,3,sibling_roster
920800,1929,4,sibling_roster
920800,1932,5,sibling_roster
920800,1935,6,sibling_roster
920800,1939,7,sibling_roster
904683,1939,3,graduate
904683,1934,1,sibling_roster
904683,1937,2,sibling_roster
904683,1940,3,sibling_roster
904683,1943,4,sibling_roster
904683,1950,5,sibling_roster
907231,1940,1,sibling_roster
907231,1942,2,sibling_roster
907231,1948,3,sibling_roster
907231,1952,4,sibling_roster
907231,1959,5,sibling_roster
925464,1939,1,sibling_roster
925464,1953,2,sibling_roster
925464,1958,3,sibling_roster
907834,1939,3,graduate
922329,1939,7,graduate
922329,1926,1,sibling_roster
922329,1928,2,sibling_roster
922329,1930,3,sibling_roster
922329,1932,4,sibling_roster
922329,1933,5,sibling_roster
922329,1936,6,sibling_roster
922329,1940,7,sibling_roster
922329,1941,8,sibling_roster
922329,1944,9,sibling_roster
922329,1947,10,sibling_roster
922329,1957,11,sibling_roster
930728,1939,4,graduate
930728,1933,1,sibling_roster
930728,1935,2,sibling_roster
930728,1937,3,sibling_roster
930728,1940,4,sibling_roster
930728,1944,5,sibling_roster
930728,1953,6,sibling_roster
914769,1940,1,sibling_roster
905725,1938,2,graduate
905725,1939,1,sibling_roster
905725,1942,2,sibling_roster
928844,1939,8,graduate
916306,1939,1,sibling_roster
916306,1941,2,sibling_roster
916306,1942,3,sibling_roster
916306,1944,4,sibling_roster
916306,1945,5,sibling_roster
916306,1947,6,sibling_roster
916306,1954,7,sibling_roster
916306,1958,8,sibling_roster
916306,1958,9,sibling_roster
906323,1940,1,sibling_roster
906323,1943,2,sibling_roster
928540,1939,3,graduate
928540,1929,1,sibling_roster
928540,1940,2,sibling_roster
929238,1940,4,graduate
929238,1936,1,sibling_roster
929238,1936,2,sibling_roster
929238,1938,3,sibling_roster
929238,1941,4,sibling_roster
929238,1949,5,sibling_roster
920514,1939,2,graduate
931231,1940,1,sibling_roster
931231,1945,2,sibling_roster
933046,1938,10,graduate
933046,1902,1,sibling_roster
933046,1912,2,sibling_roster
933046,1916,3,sibling_roster
933046,1918,4,sibling_roster
933046,1925,5,sibling_roster
933046,1927,6,sibling_roster
933046,1928,7,sibling_roster
933046,1936,8,sibling_roster
933046,1938,9,sibling_roster
933046,1938,10,sibling_roster
901088,1940,1,sibling_roster
901088,1941,2,sibling_roster
901088,1944,3,sibling_roster
901088,1945,4,sibling_roster
901088,1949,5,sibling_roster
921812,1939,2,graduate
921812,1933,1,sibling_roster
921812,1939,2,sibling_roster
921812,1947,3,sibling_roster
921812,1951,4,sibling_roster
921812,1951,5,sibling_roster
920902,1940,5,graduate
920902,1927,1,sibling_roster
920902,1929,2,sibling_roster
920902,1930,3,sibling_roster
920902,1932,4,sibling_roster
920902,1940,5,sibling_roster
914403,1939,8,graduate
914403,1925,1,sibling_roster
914403,1926,2,sibling_roster
914403,1928,3,sibling_roster
914403,1929,4,sibling_roster
914403,1934,5,sibling_roster
914403,1935,6,sibling_roster
914403,1936,7,sibling_roster
914403,1938,8,sibling_roster
914403,1939,9,sibling_roster
914403,1942,10,sibling_roster
914403,1948,11,sibling_roster
923658,1939,2,graduate
923658,1939,1,sibling_roster
923658,1940,2,sibling_roster
923658,1942,3,sibling_roster
923658,1945,4,sibling_roster
923658,1947,5,sibling_roster
912928,1938,2,graduate
912928,1931,1,sibling_roster
912928,1939,2,sibling_roster
919529,1939,10,graduate
919529,1921,1,sibling_roster
919529,1925,2,sibling_roster
919529,1926,3,sibling_roster
919529,1928,4,sibling_roster
919529,1930,5,sibling_roster
919529,1932,6,sibling_roster
919529,1935,7,sibling_roster
919529,1940,8,sibling_roster
923587,1939,2,graduate
923587,1932,1,sibling_roster
923587,1939,2,sibling_roster
925201,1939,2,graduate
925201,1939,1,sibling_roster
925201,1939,2,sibling_roster
925201,1950,4,sibling_roster
906050,1939,1,sibling_roster
906050,1944,2,sibling_roster
901625,1939,2,graduate
913015,1939,2,graduate
913015,1936,1,sibling_roster
913015,1940,2,sibling_roster
913015,1944,3,sibling_roster
913015,1946,4,sibling_roster
913015,1947,5,sibling_roster
913015,1951,6,sibling_roster
926338,1938,6,graduate
902927,1939,1,sibling_roster
902927,1941,2,sibling_roster
905308,1939,5,graduate
905308,1933,1,sibling_roster
905308,1934,2,sibling_roster
905308,1936,3,sibling_roster
905308,1937,4,sibling_roster
905308,1940,5,sibling_roster
915051,1939,2,graduate
915051,1934,1,sibling_roster
915051,1939,2,sibling_roster
914444,1939,2,graduate
927730,1939,1,sibling_roster
932181,1939,6,graduate
932181,1927,1,sibling_roster
932181,1930,2,sibling_roster
932181,1931,3,sibling_roster
932181,1932,4,sibling_roster
932181,1936,5,sibling_roster
932181,1940,6,sibling_roster
916038,1940,1,sibling_roster
902743,1939,2,graduate
929490,1940,1,sibling_roster
929490,1942,2,sibling_roster
929490,1943,3,sibling_roster
929490,1945,4,sibling_roster
929490,1947,5,sibling_roster
929490,1951,6,sibling_roster
929490,1957,7,sibling_roster
929490,1957,8,sibling_roster
908143,1938,12,graduate
919492,1939,1,sibling_roster
919492,1941,2,sibling_roster
919492,1941,3,sibling_roster
913328,1939,1,sibling_roster
913328,1941,2,sibling_roster
913328,1943,3,sibling_roster
913328,1951,4,sibling_roster
907846,1938,6,graduate
907846,1916,2,sibling_roster
907846,1918,3,sibling_roster
907846,1932,4,sibling_roster
907846,1936,5,sibling_roster
907846,1939,6,sibling_roster
908805,1939,4,graduate
908805,1934,1,sibling_roster
908805,1935,2,sibling_roster
908805,1937,3,sibling_roster
908805,1939,4,sibling_roster
908805,1948,5,sibling_roster
909868,1939,1,sibling_roster
909868,1940,2,sibling_roster
921974,1938,3,graduate
903377,1939,3,graduate
903377,1935,1,sibling_roster
903377,1937,2,sibling_roster
903377,1940,3,sibling_roster
903377,1944,4,sibling_roster
903377,1954,5,sibling_roster
914659,1938,2,graduate
914659,1936,1,sibling_roster
914659,1939,2,sibling_roster
911601,1938,3,graduate
911601,1929,1,sibling_roster
911601,1937,2,sibling_roster
911601,1939,3,sibling_roster
911601,1941,4,sibling_roster
911601,1949,5,sibling_roster
921500,1938,2,graduate
913116,1940,1,sibling_roster
913116,1943,2,sibling_roster
913116,1946,3,sibling_roster
910090,1939,1,sibling_roster
910090,1941,2,sibling_roster
931554,1939,2,graduate
931554,1938,1,sibling_roster
931554,1939,2,sibling_roster
931554,1940,3,sibling_roster
931554,1941,4,sibling_roster
931554,1949,5,sibling_roster
917185,1939,6,graduate
917185,1931,2,sibling_roster
917185,1935,3,sibling_roster
917185,1937,4,sibling_roster
917185,1937,5,sibling_roster
917185,1939,6,sibling_roster
917185,1943,7,sibling_roster
908132,1939,2,graduate
908132,1937,1,sibling_roster
908132,1940,2,sibling_roster
908132,1944,3,sibling_roster
908132,1944,4,sibling_roster
905793,1940,1,sibling_roster
905793,1941,2,sibling_roster
905793,1943,3,sibling_roster
905793,1945,4,sibling_roster
922347,1938,4,graduate
922347,1932,1,sibling_roster
922347,1934,2,sibling_roster
922347,1936,3,sibling_roster
922347,1938,4,sibling_roster
910060,1939,3,graduate
910060,1935,1,sibling_roster
910060,1937,2,sibling_roster
910060,1940,3,sibling_roster
920692,1939,1,sibling_roster
903489,1940,1,sibling_roster
903489,1942,2,sibling_roster
903489,1944,3,sibling_roster
908007,1939,3,graduate
908007,1937,1,sibling_roster
908007,1938,2,sibling_roster
908007,1940,3,sibling_roster
908007,1945,4,sibling_roster
908007,1952,5,sibling_roster
908007,1954,6,sibling_roster
908007,1955,7,sibling_roster
914036,1939,2,graduate
914036,1933,1,sibling_roster
914036,1939,2,sibling_roster
910812,1939,4,graduate
910812,1939,5,sibling_roster
932212,1939,3,graduate
932212,1935,1,sibling_roster
932212,1937,2,sibling_roster
932212,1939,3,sibling_roster
932212,1947,4,sibling_roster
920216,1940,1,sibling_roster
920216,1942,2,sibling_roster
920216,1945,3,sibling_roster
900919,1939,1,sibling_roster
900919,1945,2,sibling_roster
911347,1939,2,graduate
911347,1938,1,sibling_roster
911347,1940,2,sibling_roster
918719,1939,4,graduate
918719,1931,1,sibling_roster
918719,1933,2,sibling_roster
918719,1935,3,sibling_roster
918719,1940,4,sibling_roster
918719,1943,5,sibling_roster
918719,1945,6,sibling_roster
918719,1954,7,sibling_roster
905251,1939,2,graduate
905251,1937,1,sibling_roster
905251,1939,2,sibling_roster
905251,1940,3,sibling_roster
905251,1942,4,sibling_roster
925475,1940,1,sibling_roster
925475,1946,2,sibling_roster
925475,1950,3,sibling_roster
915990,1939,4,graduate
915990,1920,1,sibling_roster
915990,1922,2,sibling_roster
915990,1933,3,sibling_roster
915990,1940,4,sibling_roster
933741,1940,3,graduate
933741,1930,1,sibling_roster
933741,1940,3,sibling_roster
923519,1938,3,graduate
923519,1930,1,sibling_roster
923519,1937,2,sibling_roster
923519,1939,3,sibling_roster
919891,1938,2,graduate
923728,1940,1,sibling_roster
923728,1943,2,sibling_roster
930105,1940,1,sibling_roster
932970,1939,2,graduate
932970,1937,1,sibling_roster
932970,1939,2,sibling_roster
928536,1939,1,sibling_roster
928536,1944,2,sibling_roster
928536,1945,3,sibling_roster
931409,1940,1,sibling_roster
931314,1939,2,graduate
931314,1939,1,sibling_roster
901821,1940,1,sibling_roster
901821,1945,2,sibling_roster
901821,1952,3,sibling_roster
909585,1939,9,graduate
908803,1939,2,graduate
908803,1936,1,sibling_roster
908803,1940,2,sibling_roster
917337,1939,4,graduate
917337,1926,1,sibling_roster
917337,1928,2,sibling_roster
917337,1930,3,sibling_roster
917337,1939,4,sibling_roster
930772,1938,2,graduate
930772,1936,1,sibling_roster
930772,1939,2,sibling_roster
929085,1939,2,graduate
933546,1939,8,graduate
933546,1921,1,sibling_roster
933546,1925,2,sibling_roster
933546,1928,3,sibling_roster
933546,1930,4,sibling_roster
933546,1932,5,sibling_roster
933546,1934,6,sibling_roster
933546,1937,7,sibling_roster
933546,1939,8,sibling_roster
923788,1938,2,graduate
909653,1939,2,graduate
909653,1935,1,sibling_roster
909653,1939,2,sibling_roster
904948,1938,2,graduate
904948,1934,1,sibling_roster
904948,1939,2,sibling_roster
904948,1942,3,sibling_roster
908079,1938,2,graduate
908079,1937,1,sibling_roster
908079,1939,2,sibling_roster
908079,1943,3,sibling_roster
929507,1939,3,graduate
929507,1935,1,sibling_roster
929507,1938,2,sibling_roster
929507,1939,3,sibling_roster
929507,1941,4,sibling_roster
929507,1945,5,sibling_roster
929507,1947,6,sibling_roster
929507,1950,7,sibling_roster
929507,1951,8,sibling_roster
902121,1939,2,graduate
902121,1936,1,sibling_roster
902121,1940,2,sibling_roster
927084,1939,4,graduate
927084,1929,1,sibling_roster
927084,1931,2,sibling_roster
927084,1935,3,sibling_roster
927084,1939,4,sibling_roster
927084,1943,5,sibling_roster
927084,1944,6,sibling_roster
927084,1949,7,sibling_roster
919892,1939,2,graduate
919892,1937,1,sibling_roster
919892,1940,2,sibling_roster
923381,1939,1,sibling_roster
923381,1940,2,sibling_roster
921933,1940,1,sibling_roster
921933,1947,2,sibling_roster
909529,1939,3,graduate
909529,1934,1,sibling_roster
909529,1937,2,sibling_roster
909529,1940,3,sibling_roster
909332,1939,2,graduate
909332,1940,1,sibling_roster
909332,1944,2,sibling_roster
909332,1944,3,sibling_roster
909332,1947,4,sibling_roster
909332,1950,5,sibling_roster
925262,1938,3,graduate
925262,1928,1,sibling_roster
925262,1939,2,sibling_roster
925262,1939,3,sibling_roster
905921,1939,3,graduate
905921,1936,1,sibling_roster
905921,1937,2,sibling_roster
905921,1939,3,sibling_roster
905921,1940,4,sibling_roster
927419,1939,3,graduate
904984,1939,1,sibling_roster
920183,1940,1,sibling_roster
911481,1939,1,sibling_roster
911481,1940,2,sibling_roster
911481,1946,3,sibling_roster
911481,1951,4,sibling_roster
911481,1955,5,sibling_roster
930587,1940,1,sibling_roster
930587,1942,2,sibling_roster
930587,1949,3,sibling_roster
930587,1954,4,sibling_roster
910366,1940,1,sibling_roster
910366,1941,2,sibling_roster
910366,1945,3,sibling_roster
924039,1939,3,graduate
924039,1935,2,sibling_roster
924039,1940,3,sibling_roster
904319,1939,4,graduate
904319,1934,1,sibling_roster
904319,1935,2,sibling_roster
904319,1937,3,sibling_roster
904319,1939,4,sibling_roster
904319,1959,5,sibling_roster
926074,1938,2,graduate
926074,1937,1,sibling_roster
926074,1939,2,sibling_roster
926074,1947,3,sibling_roster
906662,1939,3,graduate
906662,1928,1,sibling_roster
906662,1933,2,sibling_roster
906662,1939,3,sibling_roster
906662,1942,4,sibling_roster
920870,1939,2,graduate
920870,1935,1,sibling_roster
920870,1939,2,sibling_roster
920870,1943,3,sibling_roster
910424,1939,2,graduate
910424,1936,1,sibling_roster
910424,1939,2,sibling_roster
910424,1940,3,sibling_roster
910424,1942,4,sibling_roster
910424,1951,5,sibling_roster
910424,1952,6,sibling_roster
910424,1954,7,sibling_roster
909899,1939,3,graduate
909899,1934,1,sibling_roster
909899,1937,2,sibling_roster
909899,1940,3,sibling_roster
909899,1942,4,sibling_roster
909899,1952,5,sibling_roster
922163,1937,2,graduate
922163,1933,1,sibling_roster
922163,1938,2,sibling_roster
900579,1939,3,graduate
900579,1931,1,sibling_roster
900579,1935,2,sibling_roster
900579,1939,3,sibling_roster
901886,1941,1,sibling_roster
927362,1940,1,sibling_roster
927362,1946,2,sibling_roster
905218,1939,5,graduate
905218,1920,1,sibling_roster
905218,1930,2,sibling_roster
905218,1936,3,sibling_roster
905218,1939,4,sibling_roster
905218,1939,5,sibling_roster
905218,1943,6,sibling_roster
905218,1951,7,sibling_roster
925733,1939,2,graduate
925733,1937,1,sibling_roster
925733,1939,2,sibling_roster
901823,1939,2,graduate
918490,1939,2,graduate
918490,1938,1,sibling_roster
918490,1940,2,sibling_roster
918490,1950,3,sibling_roster
918490,1950,4,sibling_roster
930124,1939,2,graduate
930124,1936,1,sibling_roster
930124,1939,2,sibling_roster
930124,1942,3,sibling_roster
931655,1938,2,graduate
931655,1939,1,sibling_roster
931655,1944,2,sibling_roster
912500,1939,6,graduate
912500,1924,1,sibling_roster
912500,1925,2,sibling_roster
912500,1926,3,sibling_roster
912500,1929,4,sibling_roster
912500,1930,5,sibling_roster
912500,1939,6,sibling_roster
911410,1939,3,graduate
911410,1926,1,sibling_roster
911410,1929,2,sibling_roster
911410,1940,3,sibling_roster
911410,1940,4,sibling_roster
918168,1939,2,graduate
918168,1934,1,sibling_roster
918168,1940,2,sibling_roster
918168,1945,3,sibling_roster
918168,1949,4,sibling_roster
927393,1939,1,sibling_roster
927393,1945,2,sibling_roster
927393,1951,3,sibling_roster
909254,1940,1,sibling_roster
905479,1939,1,sibling_roster
905479,1945,2,sibling_roster
905479,1949,3,sibling_roster
922181,1939,2,graduate
922181,1938,1,sibling_roster
922181,1940,2,sibling_roster
933304,1938,4,graduate
917718,1939,2,graduate
917718,1939,1,sibling_roster
903159,1938,2,graduate
903159,1935,1,sibling_roster
903159,1938,2,sibling_roster
920706,1939,2,graduate
920706,1936,1,sibling_roster
920706,1940,2,sibling_roster
920706,1944,3,sibling_roster
920706,1949,4,sibling_roster
932795,1939,2,graduate
932795,1937,1,sibling_roster
932795,1939,2,sibling_roster
932795,1941,3,sibling_roster
932795,1945,4,sibling_roster
932795,1951,5,sibling_roster
910519,1939,1,sibling_roster
910519,1940,2,sibling_roster
910519,1941,3,sibling_roster
910519,1945,4,sibling_roster
910519,1948,5,sibling_roster
910519,1951,6,sibling_roster
910519,1952,7,sibling_roster
932671,1939,1,sibling_roster
932671,1943,2,sibling_roster
932671,1959,3,sibling_roster
926916,1939,2,graduate
926916,1936,1,sibling_roster
926916,1940,2,sibling_roster
926916,1947,3,sibling_roster
901071,1938,6,graduate
919382,1939,3,graduate
919382,1934,1,sibling_roster
919382,1940,2,sibling_roster
919382,1948,3,sibling_roster
906064,1939,2,graduate
906064,1939,1,sibling_roster
906064,1940,2,sibling_roster
906064,1941,3,sibling_roster
906064,1943,4,sibling_roster
906064,1945,5,sibling_roster
906064,1946,6,sibling_roster
906064,1949,7,sibling_roster
906064,1954,8,sibling_roster
906623,1940,1,sibling_roster
906623,1940,2,sibling_roster
906623,1950,3,sibling_roster
907138,1940,1,sibling_roster
907138,1940,2,sibling_roster
907138,1941,3,sibling_roster
907138,1942,4,sibling_roster
907138,1943,5,sibling_roster
907138,1946,6,sibling_roster
907138,1956,7,sibling_roster
906225,1940,2,graduate
906225,1939,1,sibling_roster
906225,1940,2,sibling_roster
906225,1943,3,sibling_roster
906225,1947,4,sibling_roster
906225,1950,5,sibling_roster
906225,1952,6,sibling_roster
906225,1962,7,sibling_roster
915453,1940,1,sibling_roster
909510,1939,3,graduate
909510,1938,1,sibling_roster
909510,1939,2,sibling_roster
909510,1940,3,sibling_roster
925481,1938,2,graduate
925481,1936,1,sibling_roster
925481,1939,2,sibling_roster
925481,1941,3,sibling_roster
925481,1944,4,sibling_roster
928778,1939,1,sibling_roster
928778,1944,2,sibling_roster
901688,1939,4,graduate
901688,1933,1,sibling_roster
901688,1935,2,sibling_roster
901688,1938,3,sibling_roster
901688,1939,4,sibling_roster
901688,1941,5,sibling_roster
901688,1946,6,sibling_roster
901688,1948,7,sibling_roster
901688,1949,8,sibling_roster
901688,1951,9,sibling_roster
901688,1952,10,sibling_roster
901688,1957,11,sibling_roster
919756,1939,3,graduate
919756,1930,1,sibling_roster
919756,1936,2,sibling_roster
919756,1940,3,sibling_roster
910443,1940,1,sibling_roster
910443,1942,2,sibling_roster
910443,1944,3,sibling_roster
910443,1946,4,sibling_roster
910443,1947,5,sibling_roster
910443,1952,6,sibling_roster
910443,1954,7,sibling_roster
910443,1957,8,sibling_roster
900778,1939,6,graduate
927652,1940,2,graduate
927652,1924,1,sibling_roster
927652,1940,2,sibling_roster
910553,1940,9,graduate
913574,1939,2,graduate
913574,1937,1,sibling_roster
913574,1940,2,sibling_roster
900316,1939,3,graduate
900316,1936,1,sibling_roster
900316,1938,2,sibling_roster
900316,1940,3,sibling_roster
900316,1942,4,sibling_roster
900316,1945,5,sibling_roster
900316,1946,6,sibling_roster
900316,1949,7,sibling_roster
912473,1940,1,sibling_roster
925970,1939,7,graduate
925970,1930,1,sibling_roster
925970,1932,2,sibling_roster
925970,1936,3,sibling_roster
925970,1936,4,sibling_roster
925970,1937,5,sibling_roster
925970,1939,6,sibling_roster
925970,1941,7,sibling_roster
925970,1944,8,sibling_roster
933130,1939,6,graduate
933130,1931,1,sibling_roster
933130,1932,2,sibling_roster
933130,1935,3,sibling_roster
933130,1938,4,sibling_roster
933130,1940,5,sibling_roster
933130,1940,6,sibling_roster
933130,1941,7,sibling_roster
933130,1944,8,sibling_roster
933130,1947,9,sibling_roster
933130,1948,10,sibling_roster
933130,1950,11,sibling_roster
911261,1940,1,sibling_roster
911261,1944,2,sibling_roster
922855,1939,4,graduate
922855,1932,1,sibling_roster
922855,1934,2,sibling_roster
922855,1937,3,sibling_roster
922855,1939,4,sibling_roster
922855,1944,5,sibling_roster
922855,1951,6,sibling_roster
906103,1939,2,graduate
906103,1939,1,sibling_roster
906103,1940,2,sibling_roster
931120,1938,3,graduate
931120,1935,1,sibling_roster
931120,1937,2,sibling_roster
931120,1939,3,sibling_roster
931120,1941,4,sibling_roster
931120,1944,5,sibling_roster
931120,1946,6,sibling_roster
931120,1948,7,sibling_roster
915682,1940,1,sibling_roster
915682,1948,2,sibling_roster
924437,1939,3,graduate
924437,1930,1,sibling_roster
924437,1936,2,sibling_roster
924437,1939,3,sibling_roster
914181,1939,2,graduate
914181,1935,1,sibling_roster
914181,1940,2,sibling_roster
925725,1940,3,graduate
925725,1926,1,sibling_roster
925725,1936,2,sibling_roster
925725,1940,3,sibling_roster
902418,1940,1,sibling_roster
902418,1943,2,sibling_roster
902418,1946,3,sibling_roster
902418,1948,4,sibling_roster
902418,1951,5,sibling_roster
922369,1939,1,sibling_roster
902061,1939,5,graduate
902061,1929,1,sibling_roster
902061,1931,2,sibling_roster
902061,1933,3,sibling_roster
902061,1934,4,sibling_roster
902061,1940,5,sibling_roster
902061,1944,6,sibling_roster
914829,1939,4,graduate
914829,1936,1,sibling_roster
914829,1936,2,sibling_roster
914829,1937,3,sibling_roster
914829,1940,4,sibling_roster
914829,1942,5,sibling_roster
928012,1938,3,graduate
928012,1939,1,sibling_roster
928012,1941,2,sibling_roster
928012,1946,3,sibling_roster
925483,1939,2,graduate
907936,1938,2,graduate
907936,1937,1,sibling_roster
907936,1939,2,sibling_roster
907936,1943,3,sibling_roster
904206,1939,3,graduate
919938,1939,3,graduate
919938,1931,1,sibling_roster
919938,1937,2,sibling_roster
919938,1940,3,sibling_roster
930820,1939,3,graduate
930820,1935,1,sibling_roster
930820,1937,2,sibling_roster
930820,1939,3,sibling_roster
930820,1943,4,sibling_roster
930820,1948,5,sibling_roster
930820,1950,6,sibling_roster
930820,1952,7,sibling_roster
903417,1939,2,graduate
903417,1922,1,sibling_roster
903417,1939,2,sibling_roster
903417,1950,3,sibling_roster
915505,1940,4,graduate
915505,1938,1,sibling_roster
915505,1940,2,sibling_roster
915505,1943,3,sibling_roster
919930,1939,4,graduate
917754,1939,3,graduate
917754,1930,1,sibling_roster
917754,1933,2,sibling_roster
917754,1940,3,sibling_roster
917754,1941,4,sibling_roster
913338,1939,3,graduate
913338,1934,1,sibling_roster
913338,1937,2,sibling_roster
913338,1940,3,sibling_roster
913338,1943,4,sibling_roster
913338,1945,5,sibling_roster
917051,1940,1,sibling_roster
917051,1942,2,sibling_roster
917051,1949,3,sibling_roster
917051,1953,4,sibling_roster
917051,1955,5,sibling_roster
917051,1956,6,sibling_roster
917051,1956,7,sibling_roster
917051,1959,8,sibling_roster
915121,1939,1,sibling_roster
915121,1942,2,sibling_roster
915121,1946,3,sibling_roster
915121,1948,4,sibling_roster
923114,1939,2,graduate
923114,1938,1,sibling_roster
923114,1940,2,sibling_roster
923114,1944,3,sibling_roster
932428,1939,1,sibling_roster
932428,1942,2,sibling_roster
932428,1955,3,sibling_roster
932428,1956,4,sibling_roster
915275,1939,2,graduate
915275,1936,1,sibling_roster
915275,1939,2,sibling_roster
915275,1942,3,sibling_roster
933427,1939,1,sibling_roster
933427,1943,2,sibling_roster
933427,1946,3,sibling_roster
933427,1949,4,sibling_roster
926121,1939,2,graduate
926121,1938,1,sibling_roster
926121,1939,2,sibling_roster
926121,1943,3,sibling_roster
926121,1950,4,sibling_roster
926121,1957,5,sibling_roster
903455,1939,2,graduate
912394,1939,3,graduate
912394,1934,1,sibling_roster
912394,1936,2,sibling_roster
912394,1939,3,sibling_roster
919501,1939,1,sibling_roster
919501,1941,2,sibling_roster
919501,1944,3,sibling_roster
919501,1947,4,sibling_roster
919501,1955,5,sibling_roster
927399,1940,6,graduate
927399,1925,1,sibling_roster
927399,1931,2,sibling_roster
927399,1932,3,sibling_roster
927399,1934,4,sibling_roster
927399,1935,5,sibling_roster
927399,1940,6,sibling_roster
903783,1940,1,sibling_roster
903783,1945,2,sibling_roster
903783,1953,3,sibling_roster
924435,1940,1,sibling_roster
924435,1941,2,sibling_roster
913813,1939,2,graduate
913813,1934,1,sibling_roster
913813,1939,2,sibling_roster
913813,1945,3,sibling_roster
913813,1947,4,sibling_roster
918284,1939,5,graduate
918284,1935,1,sibling_roster
918284,1937,2,sibling_roster
918284,1940,3,sibling_roster
918284,1944,4,sibling_roster
918284,1945,5,sibling_roster
918284,1946,6,sibling_roster
918284,1948,7,sibling_roster
918284,1951,8,sibling_roster
918284,1953,9,sibling_roster
928433,1939,4,graduate
928433,1925,1,sibling_roster
928433,1927,2,sibling_roster
928433,1940,4,sibling_roster
928433,1940,5,sibling_roster
924507,1939,1,sibling_roster
924507,1941,2,sibling_roster
930470,1938,2,graduate
930777,1939,12,graduate
930777,1916,1,sibling_roster
930777,1919,2,sibling_roster
930777,1919,3,sibling_roster
930777,1926,4,sibling_roster
930777,1929,5,sibling_roster
930777,1932,6,sibling_roster
930777,1933,7,sibling_roster
930777,1935,8,sibling_roster
930777,1937,9,sibling_roster
930777,1938,10,sibling_roster
930777,1939,11,sibling_roster
930777,1940,12,sibling_roster
916790,1939,2,graduate
916790,1936,1,sibling_roster
916790,1940,2,sibling_roster
904160,1939,5,graduate
904160,1932,1,sibling_roster
904160,1933,2,sibling_roster
904160,1935,3,sibling_roster
904160,1936,4,sibling_roster
904160,1939,5,sibling_roster
904160,1952,6,sibling_roster
929159,1939,4,graduate
929159,1936,1,sibling_roster
929159,1937,2,sibling_roster
929159,1938,3,sibling_roster
929159,1939,4,sibling_roster
929159,1941,5,sibling_roster
929159,1942,6,sibling_roster
929159,1943,7,sibling_roster
929159,1944,8,sibling_roster
929159,1945,9,sibling_roster
929159,1946,10,sibling_roster
929159,1953,11,sibling_roster
904230,1939,4,graduate
904230,1932,1,sibling_roster
904230,1938,2,sibling_roster
904230,1939,3,sibling_roster
927932,1939,3,graduate
927932,1935,1,sibling_roster
927932,1937,2,sibling_roster
927932,1939,3,sibling_roster
927932,1941,4,sibling_roster
927932,1943,5,sibling_roster
927932,1945,6,sibling_roster
927932,1949,7,sibling_roster
927932,1950,8,sibling_roster
927932,1951,9,sibling_roster
922370,1939,1,sibling_roster
922370,1940,2,sibling_roster
922370,1941,3,sibling_roster
922370,1943,4,sibling_roster
922370,1949,5,sibling_roster
922370,1957,6,sibling_roster
922370,1960,7,sibling_roster
922370,1962,8,sibling_roster
919760,1939,3,graduate
919760,1933,1,sibling_roster
919760,1936,2,sibling_roster
919760,1940,3,sibling_roster
919760,1944,4,sibling_roster
902225,1939,9,graduate
902225,1920,1,sibling_roster
902225,1923,2,sibling_roster
902225,1925,3,sibling_roster
902225,1929,4,sibling_roster
902225,1931,5,sibling_roster
902225,1935,6,sibling_roster
902225,1939,7,sibling_roster
904578,1939,2,graduate
904578,1935,1,sibling_roster
904578,1940,2,sibling_roster
917003,1939,4,graduate
914909,1939,3,graduate
914909,1936,1,sibling_roster
914909,1938,2,sibling_roster
914909,1939,3,sibling_roster
914909,1941,4,sibling_roster
914909,1944,5,sibling_roster
914909,1948,6,sibling_roster
914909,1949,7,sibling_roster
914909,1951,8,sibling_roster
914909,1952,9,sibling_roster
914909,1956,10,sibling_roster
933079,1939,2,graduate
933079,1935,1,sibling_roster
933079,1939,2,sibling_roster
933079,1942,3,sibling_roster
933079,1946,4,sibling_roster
933079,1950,5,sibling_roster
901128,1939,3,graduate
901128,1936,1,sibling_roster
901128,1939,2,sibling_roster
901128,1940,3,sibling_roster
901128,1942,4,sibling_roster
901128,1952,5,sibling_roster
922764,1939,1,sibling_roster
907405,1939,5,graduate
914015,1940,1,sibling_roster
924955,1938,7,graduate
923882,1939,1,sibling_roster
923882,1942,2,sibling_roster
923882,1949,3,sibling_roster
910629,1940,1,sibling_roster
910537,1939,2,graduate
910537,1937,1,sibling_roster
910537,1939,2,sibling_roster
910537,1945,3,sibling_roster
915851,1939,1,sibling_roster
915851,1945,2,sibling_roster
919957,1939,3,graduate
919957,1935,1,sibling_roster
919957,1938,2,sibling_roster
919957,1939,3,sibling_roster
926987,1939,7,graduate
926987,1929,1,sibling_roster
926987,1931,2,sibling_roster
926987,1932,3,sibling_roster
926987,1933,4,sibling_roster
926987,1935,5,sibling_roster
926987,1938,6,sibling_roster
926987,1940,7,sibling_roster
926987,1941,8,sibling_roster
926987,1941,9,sibling_roster
926987,1944,10,sibling_roster
905685,1940,4,graduate
908955,1938,1,sibling_roster
908955,1944,2,sibling_roster
908955,1949,3,sibling_roster
908955,1954,4,sibling_roster
908955,1954,5,sibling_roster
931668,1939,7,graduate
931668,1922,1,sibling_roster
931668,1923,2,sibling_roster
931668,1924,3,sibling_roster
931668,1925,4,sibling_roster
931668,1926,5,sibling_roster
931668,1931,6,sibling_roster
931668,1940,7,sibling_roster
907178,1939,2,graduate
914558,1939,2,graduate
914558,1937,1,sibling_roster
914558,1940,2,sibling_roster
914558,1944,3,sibling_roster
914558,1946,4,sibling_roster
914558,1953,5,sibling_roster
914558,1955,6,sibling_roster
914558,1956,7,sibling_roster
914558,1958,8,sibling_roster
922111,1939,2,graduate
922111,1938,1,sibling_roster
922111,1939,2,sibling_roster
905611,1939,2,graduate
905611,1938,1,sibling_roster
905611,1940,2,sibling_roster
905611,1943,3,sibling_roster
905611,1945,4,sibling_roster
905611,1946,5,sibling_roster
905611,1952,6,sibling_roster
902938,1940,1,sibling_roster
902938,1942,2,sibling_roster
902938,1950,3,sibling_roster
902938,1953,4,sibling_roster
902938,1954,5,sibling_roster
902938,1956,6,sibling_roster
902938,1964,7,sibling_roster
928014,1939,2,graduate
928014,1939,1,sibling_roster
928014,1940,2,sibling_roster
927341,1940,1,sibling_roster
927341,1950,2,sibling_roster
927341,1954,3,sibling_roster
931034,1939,4,graduate
931034,1936,1,sibling_roster
931034,1936,2,sibling_roster
931034,1937,3,sibling_roster
931034,1939,4,sibling_roster
931034,1940,5,sibling_roster
931034,1941,6,sibling_roster
931034,1949,7,sibling_roster
931034,1952,8,sibling_roster
931034,1954,9,sibling_roster
931034,1959,10,sibling_roster
928777,1940,1,sibling_roster
910379,1939,1,sibling_roster
910379,1941,2,sibling_roster
910379,1950,3,sibling_roster
907786,1939,2,graduate
907786,1939,1,sibling_roster
907786,1940,2,sibling_roster
907786,1949,3,sibling_roster
907786,1952,4,sibling_roster
907786,1955,5,sibling_roster
923084,1938,3,graduate
918138,1939,1,sibling_roster
931429,1939,1,sibling_roster
931429,1942,2,sibling_roster
931429,1945,3,sibling_roster
919460,1939,10,graduate
919460,1924,1,sibling_roster
919460,1926,2,sibling_roster
919460,1929,3,sibling_roster
919460,1931,4,sibling_roster
919460,1932,5,sibling_roster
919460,1933,6,sibling_roster
919460,1934,7,sibling_roster
919460,1935,8,sibling_roster
919460,1937,9,sibling_roster
919460,1940,10,sibling_roster
919460,1942,11,sibling_roster
917479,1940,1,sibling_roster
917479,1942,2,sibling_roster
917725,1938,6,graduate
905357,1939,3,graduate
905357,1930,1,sibling_roster
905357,1933,2,sibling_roster
905357,1939,3,sibling_roster
901133,1938,2,graduate
901133,1938,1,sibling_roster
901133,1939,2,sibling_roster
901133,1945,3,sibling_roster
901133,1949,4,sibling_roster
907332,1939,2,graduate
907705,1939,1,sibling_roster
907705,1948,2,sibling_roster
900676,1940,1,sibling_roster
900676,1942,2,sibling_roster
900676,1946,3,sibling_roster
900676,1949,4,sibling_roster
900676,1956,5,sibling_roster
919407,1940,1,sibling_roster
919407,1941,2,sibling_roster
919407,1952,3,sibling_roster
919407,1955,4,sibling_roster
919407,1960,5,sibling_roster
919407,1963,6,sibling_roster
919401,1939,5,graduate
919401,1921,1,sibling_roster
919401,1922,2,sibling_roster
919401,1925,3,sibling_roster
919401,1940,4,sibling_roster
901544,1940,1,sibling_roster
901544,1954,2,sibling_roster
930419,1939,1,sibling_roster
930419,1942,2,sibling_roster
930458,1938,1,sibling_roster
918496,1939,5,graduate
918496,1928,1,sibling_roster
918496,1930,2,sibling_roster
918496,1932,3,sibling_roster
918496,1934,4,sibling_roster
918496,1940,5,sibling_roster
902374,1940,1,sibling_roster
902374,1942,2,sibling_roster
902374,1945,3,sibling_roster
914516,1939,2,graduate
914516,1938,1,sibling_roster
914516,1939,2,sibling_roster
914516,1947,3,sibling_roster
914516,1948,4,sibling_roster
914516,1953,5,sibling_roster
927680,1939,2,graduate
927680,1939,1,sibling_roster
927680,1940,2,sibling_roster
927680,1943,3,sibling_roster
927680,1947,4,sibling_roster
923432,1939,4,graduate
923432,1930,1,sibling_roster
923432,1934,2,sibling_roster
923432,1938,3,sibling_roster
923432,1939,4,sibling_roster
923432,1939,5,sibling_roster
924315,1939,3,graduate
924315,1927,1,sibling_roster
924315,1933,2,sibling_roster
924315,1940,3,sibling_roster
924315,1941,4,sibling_roster
924315,1943,5,sibling_roster
924315,1944,6,sibling_roster
907156,1939,5,graduate
911609,1940,1,sibling_roster
911609,1942,2,sibling_roster
911609,1944,3,sibling_roster
911609,1946,4,sibling_roster
911609,1953,5,sibling_roster
932306,1939,3,graduate
904596,1940,1,sibling_roster
904596,1945,2,sibling_roster
925010,1939,3,graduate
925010,1937,2,sibling_roster
925010,1940,3,sibling_roster
925010,1942,4,sibling_roster
905745,1938,3,graduate
905745,1929,1,sibling_roster
905745,1936,2,sibling_roster
905745,1938,3,sibling_roster
917500,1939,2,graduate
917500,1939,1,sibling_roster
917500,1940,2,sibling_roster
917500,1943,3,sibling_roster
917500,1945,4,sibling_roster
917500,1953,5,sibling_roster
917500,1957,6,sibling_roster
911802,1939,2,graduate
911802,1938,1,sibling_roster
911802,1940,2,sibling_roster
911802,1950,3,sibling_roster
911802,1955,4,sibling_roster
924201,1940,1,sibling_roster
924201,1941,2,sibling_roster
924201,1946,3,sibling_roster
924201,1950,4,sibling_roster
924201,1956,5,sibling_roster
924427,1940,1,sibling_roster
924427,1942,2,sibling_roster
924427,1944,3,sibling_roster
929699,1939,3,graduate
929699,1931,1,sibling_roster
929699,1940,2,sibling_roster
929699,1942,3,sibling_roster
925321,1938,3,graduate
925321,1938,1,sibling_roster
925321,1939,2,sibling_roster
925321,1943,3,sibling_roster
925321,1947,4,sibling_roster
908323,1940,1,sibling_roster
908323,1944,2,sibling_roster
908323,1946,3,sibling_roster
908323,1949,4,sibling_roster
908323,1952,5,sibling_roster
923365,1939,2,graduate
923365,1939,1,sibling_roster
923365,1940,2,sibling_roster
923365,1953,3,sibling_roster
931227,1940,4,graduate
931227,1935,1,sibling_roster
931227,1937,2,sibling_roster
931227,1939,3,sibling_roster
931227,1940,4,sibling_roster
931227,1942,5,sibling_roster
927900,1940,1,sibling_roster
927900,1944,2,sibling_roster
909398,1939,4,graduate
909398,1934,1,sibling_roster
909398,1937,2,sibling_roster
909398,1938,3,sibling_roster
909398,1940,4,sibling_roster
909398,1944,5,sibling_roster
909398,1947,6,sibling_roster
909398,1949,7,sibling_roster
932434,1940,1,sibling_roster
932434,1946,2,sibling_roster
932434,1951,3,sibling_roster
922042,1938,2,graduate
922042,1935,1,sibling_roster
922042,1939,2,sibling_roster
916424,1939,8,graduate
916424,1923,1,sibling_roster
916424,1926,2,sibling_roster
916424,1928,3,sibling_roster
916424,1930,4,sibling_roster
916424,1932,5,sibling_roster
916424,1934,6,sibling_roster
916424,1937,7,sibling_roster
916424,1939,8,sibling_roster
916424,1943,9,sibling_roster
905139,1939,6,graduate
905139,1925,1,sibling_roster
905139,1927,2,sibling_roster
905139,1929,3,sibling_roster
905139,1931,4,sibling_roster
905139,1935,5,sibling_roster
905139,1940,6,sibling_roster
932758,1939,1,sibling_roster
932758,1943,2,sibling_roster
909788,1939,6,graduate
900392,1940,1,sibling_roster
900392,1942,2,sibling_roster
900392,1945,3,sibling_roster
900392,1947,4,sibling_roster
900392,1949,5,sibling_roster
900392,1953,6,sibling_roster
920931,1940,1,sibling_roster
920931,1941,2,sibling_roster
901330,1938,2,graduate
901330,1936,1,sibling_roster
901330,1939,2,sibling_roster
933706,1939,5,graduate
933706,1930,1,sibling_roster
933706,1932,2,sibling_roster
933706,1936,3,sibling_roster
933706,1940,4,sibling_roster
933706,1944,5,sibling_roster
912902,1938,5,graduate
912902,1926,1,sibling_roster
912902,1926,2,sibling_roster
912902,1929,3,sibling_roster
912902,1930,4,sibling_roster
912902,1939,5,sibling_roster
922718,1939,7,graduate
922718,1917,1,sibling_roster
922718,1919,2,sibling_roster
922718,1923,3,sibling_roster
922718,1926,4,sibling_roster
922718,1927,5,sibling_roster
922718,1930,6,sibling_roster
922718,1940,7,sibling_roster
904691,1937,9,graduate
904691,1926,3,sibling_roster
904691,1930,6,sibling_roster
904691,1934,7,sibling_roster
904691,1936,8,sibling_roster
904691,1938,9,sibling_roster
923654,1938,2,graduate
923654,1936,1,sibling_roster
923654,1939,2,sibling_roster
923654,1940,3,sibling_roster
923654,1942,4,sibling_roster
923654,1944,5,sibling_roster
923654,1950,6,sibling_roster
923654,1952,7,sibling_roster
923654,1955,8,sibling_roster
933529,1939,4,graduate
933529,1934,1,sibling_roster
933529,1936,2,sibling_roster
933529,1936,3,sibling_roster
933529,1939,4,sibling_roster
933529,1942,5,sibling_roster
933529,1944,6,sibling_roster
933529,1951,7,sibling_roster
917473,1939,1,sibling_roster
917473,1947,2,sibling_roster
923229,1939,1,sibling_roster
923229,1948,2,sibling_roster
926246,1939,3,graduate
927801,1939,2,graduate
927801,1938,1,sibling_roster
927801,1940,2,sibling_roster
927801,1945,3,sibling_roster
927801,1948,4,sibling_roster
908076,1940,1,sibling_roster
908076,1941,2,sibling_roster
917844,1939,3,graduate
917844,1931,1,sibling_roster
917844,1934,2,sibling_roster
917844,1939,3,sibling_roster
924790,1938,6,graduate
930528,1940,1,sibling_roster
930528,1942,2,sibling_roster
930528,1943,3,sibling_roster
930528,1945,4,sibling_roster
926755,1939,6,graduate
926755,1925,1,sibling_roster
926755,1928,2,sibling_roster
926755,1931,3,sibling_roster
926755,1935,4,sibling_roster
926755,1937,5,sibling_roster
926755,1940,6,sibling_roster
931008,1939,2,graduate
931008,1939,1,sibling_roster
931008,1940,2,sibling_roster
931008,1942,3,sibling_roster
931008,1943,4,sibling_roster
931008,1951,5,sibling_roster
909435,1938,1,sibling_roster
915713,1939,2,graduate
915713,1937,1,sibling_roster
915713,1940,2,sibling_roster
915713,1944,3,sibling_roster
915713,1948,4,sibling_roster
927885,1939,5,graduate
927885,1930,1,sibling_roster
927885,1931,2,sibling_roster
927885,1932,3,sibling_roster
927885,1936,4,sibling_roster
927885,1939,5,sibling_roster
927885,1943,6,sibling_roster
927885,1943,7,sibling_roster
927885,1949,8,sibling_roster
908043,1939,1,sibling_roster
908043,1941,2,sibling_roster
908043,1945,3,sibling_roster
908043,1946,4,sibling_roster
908043,1947,5,sibling_roster
908043,1953,6,sibling_roster
911631,1939,2,graduate
911631,1939,1,sibling_roster
910940,1939,2,graduate
910940,1937,1,sibling_roster
910940,1940,2,sibling_roster
921359,1939,6,graduate
921359,1932,2,sibling_roster
921359,1933,3,sibling_roster
921359,1935,5,sibling_roster
921359,1940,6,sibling_roster
921359,1943,7,sibling_roster
921359,1947,8,sibling_roster
921359,1950,9,sibling_roster
921359,1951,10,sibling_roster
905403,1939,3,graduate
905403,1927,1,sibling_roster
905403,1931,2,sibling_roster
905403,1940,3,sibling_roster
927316,1939,3,graduate
927316,1935,1,sibling_roster
927316,1937,2,sibling_roster
927316,1939,3,sibling_roster
928445,1938,5,graduate
900286,1939,2,graduate
900286,1936,1,sibling_roster
900286,1939,2,sibling_roster
925526,1939,5,graduate
917315,1939,5,graduate
917315,1935,1,sibling_roster
917315,1935,2,sibling_roster
917315,1936,3,sibling_roster
917315,1938,4,sibling_roster
917315,1940,5,sibling_roster
917315,1941,6,sibling_roster
917315,1942,7,sibling_roster
917315,1946,8,sibling_roster
917315,1948,9,sibling_roster
917315,1949,10,sibling_roster
917315,1951,11,sibling_roster
914668,1939,3,graduate
930199,1939,3,graduate
930199,1930,1,sibling_roster
930199,1935,2,sibling_roster
930199,1939,3,sibling_roster
930199,1948,4,sibling_roster
917613,1939,3,graduate
917613,1933,1,sibling_roster
917613,1937,2,sibling_roster
917613,1939,3,sibling_roster
917613,1941,4,sibling_roster
917613,1945,5,sibling_roster
917613,1950,6,sibling_roster
917613,1954,7,sibling_roster
919588,1937,2,graduate
909580,1939,3,graduate
909580,1925,1,sibling_roster
909580,1930,2,sibling_roster
909580,1940,3,sibling_roster
909580,1943,4,sibling_roster
909580,1947,5,sibling_roster
910803,1940,1,sibling_roster
910803,1941,2,sibling_roster
910803,1945,3,sibling_roster
910803,1950,4,sibling_roster
910803,1950,5,sibling_roster
913241,1938,3,graduate
913241,1937,1,sibling_roster
913241,1938,2,sibling_roster
913241,1939,3,sibling_roster
930093,1938,2,graduate
930093,1936,1,sibling_roster
930093,1939,2,sibling_roster
930093,1945,3,sibling_roster
930093,1947,4,sibling_roster
930093,1949,5,sibling_roster
903061,1940,1,sibling_roster
926685,1938,3,graduate
926685,1937,1,sibling_roster
926685,1939,2,sibling_roster
926685,1939,3,sibling_roster
926685,1940,4,sibling_roster
926685,1941,5,sibling_roster
926685,1943,6,sibling_roster
926685,1944,7,sibling_roster
926685,1945,8,sibling_roster
926685,1947,9,sibling_roster
902024,1939,2,graduate
902024,1938,1,sibling_roster
902024,1940,2,sibling_roster
902024,1942,3,sibling_roster
902024,1946,4,sibling_roster
921580,1939,2,graduate
919267,1939,2,graduate
919267,1935,1,sibling_roster
919267,1940,2,sibling_roster
919267,1945,3,sibling_roster
919267,1950,4,sibling_roster
903947,1940,1,sibling_roster
903947,1942,2,sibling_roster
903947,1950,3,sibling_roster
932433,1938,1,sibling_roster
932433,1939,2,sibling_roster
932433,1940,3,sibling_roster
932433,1950,4,sibling_roster
932433,1952,5,sibling_roster
932433,1958,6,sibling_roster
903569,1938,2,graduate
903569,1933,1,sibling_roster
903569,1938,2,sibling_roster
903569,1941,3,sibling_roster
903569,1944,4,sibling_roster
924944,1939,3,graduate
924944,1935,1,sibling_roster
924944,1937,2,sibling_roster
924944,1940,3,sibling_roster
924944,1944,4,sibling_roster
913054,1939,1,sibling_roster
913054,1941,2,sibling_roster
913054,1943,3,sibling_roster
913054,1945,4,sibling_roster
913054,1948,5,sibling_roster
913054,1953,6,sibling_roster
918618,1939,2,graduate
907775,1939,1,sibling_roster
907775,1941,2,sibling_roster
907775,1942,3,sibling_roster
907775,1952,4,sibling_roster
916503,1940,1,sibling_roster
904608,1938,4,graduate
904608,1936,2,sibling_roster
904608,1938,3,sibling_roster
904608,1939,4,sibling_roster
904608,1941,5,sibling_roster
927841,1938,4,graduate
927841,1925,1,sibling_roster
927841,1933,2,sibling_roster
927841,1936,3,sibling_roster
927841,1939,4,sibling_roster
927841,1947,5,sibling_roster
920396,1939,2,graduate
903151,1940,1,sibling_roster
915748,1939,1,sibling_roster
915748,1947,2,sibling_roster
915748,1951,3,sibling_roster
930137,1939,6,graduate
930137,1930,1,sibling_roster
930137,1933,2,sibling_roster
930137,1934,3,sibling_roster
930137,1935,4,sibling_roster
930137,1938,5,sibling_roster
930137,1940,6,sibling_roster
910748,1939,1,sibling_roster
902935,1938,5,graduate
902134,1939,2,graduate
902134,1939,1,sibling_roster
902134,1940,2,sibling_roster
902134,1943,3,sibling_roster
902134,1945,4,sibling_roster
902134,1947,5,sibling_roster
902134,1950,6,sibling_roster
906690,1938,2,graduate
914300,1938,6,graduate
914300,1926,1,sibling_roster
914300,1927,2,sibling_roster
914300,1929,3,sibling_roster
914300,1931,4,sibling_roster
914300,1935,5,sibling_roster
914300,1939,6,sibling_roster
932541,1938,6,graduate
932541,1933,1,sibling_roster
932541,1934,2,sibling_roster
932541,1935,3,sibling_roster
932541,1937,4,sibling_roster
932541,1938,5,sibling_roster
932541,1939,6,sibling_roster
932541,1941,7,sibling_roster
932541,1943,8,sibling_roster
932541,1945,9,sibling_roster
932541,1947,10,sibling_roster
906920,1939,2,graduate
906920,1935,1,sibling_roster
906920,1940,2,sibling_roster
908130,1939,5,graduate
908130,1933,1,sibling_roster
908130,1935,2,sibling_roster
908130,1937,3,sibling_roster
908130,1937,4,sibling_roster
908130,1939,5,sibling_roster
908130,1940,6,sibling_roster
908130,1941,7,sibling_roster
908130,1942,8,sibling_roster
908130,1955,9,sibling_roster
904246,1939,4,graduate
904246,1935,1,sibling_roster
904246,1937,2,sibling_roster
904246,1940,4,sibling_roster
904246,1942,5,sibling_roster
904246,1944,6,sibling_roster
904246,1946,7,sibling_roster
904246,1948,8,sibling_roster
904246,1948,9,sibling_roster
904246,1952,10,sibling_roster
904246,1954,11,sibling_roster
910818,1939,2,graduate
930160,1940,5,graduate
930160,1932,1,sibling_roster
930160,1934,2,sibling_roster
930160,1937,3,sibling_roster
930160,1939,4,sibling_roster
930160,1941,5,sibling_roster
930160,1942,6,sibling_roster
930160,1951,7,sibling_roster
917007,1939,2,graduate
926875,1938,1,sibling_roster
926875,1942,2,sibling_roster
906791,1939,2,graduate
906791,1938,1,sibling_roster
906791,1940,2,sibling_roster
906791,1940,3,sibling_roster
906791,1943,4,sibling_roster
905543,1939,2,graduate
932322,1939,2,graduate
909016,1939,11,graduate
921531,1939,2,graduate
921531,1937,1,sibling_roster
921531,1940,2,sibling_roster
921531,1945,3,sibling_roster
921531,1946,4,sibling_roster
931693,1939,2,graduate
931693,1935,1,sibling_roster
931693,1940,2,sibling_roster
901402,1939,5,graduate
901402,1926,1,sibling_roster
901402,1928,2,sibling_roster
901402,1934,3,sibling_roster
901402,1936,4,sibling_roster
901402,1939,5,sibling_roster
901402,1942,6,sibling_roster
905176,1940,1,sibling_roster
905176,1941,2,sibling_roster
905176,1948,3,sibling_roster
926738,1939,6,graduate
926738,1931,1,sibling_roster
926738,1932,2,sibling_roster
926738,1933,3,sibling_roster
926738,1935,4,sibling_roster
926738,1938,5,sibling_roster
926738,1940,6,sibling_roster
926738,1944,7,sibling_roster
926738,1947,8,sibling_roster
901395,1940,1,sibling_roster
901395,1942,2,sibling_roster
926656,1939,2,graduate
900809,1939,3,graduate
900809,1924,1,sibling_roster
900809,1938,2,sibling_roster
900809,1940,3,sibling_roster
900809,1950,4,sibling_roster
928514,1939,1,sibling_roster
900074,1939,3,graduate
925454,1939,1,sibling_roster
925454,1940,2,sibling_roster
925454,1941,3,sibling_roster
925454,1948,4,sibling_roster
925454,1955,5,sibling_roster
926894,1937,2,graduate
926894,1936,1,sibling_roster
926894,1938,2,sibling_roster
900273,1939,1,sibling_roster
912039,1939,2,graduate
923511,1940,1,sibling_roster
923511,1940,2,sibling_roster
923511,1946,3,sibling_roster
905118,1939,3,graduate
905118,1936,1,sibling_roster
905118,1938,2,sibling_roster
905118,1940,3,sibling_roster
905118,1940,4,sibling_roster
905118,1942,5,sibling_roster
905118,1944,6,sibling_roster
905118,1946,7,sibling_roster
919836,1938,2,graduate
919836,1938,1,sibling_roster
919836,1939,2,sibling_roster
919836,1940,3,sibling_roster
919836,1942,4,sibling_roster
919836,1943,5,sibling_roster
919836,1945,6,sibling_roster
919836,1948,7,sibling_roster
924846,1940,1,sibling_roster
924846,1944,2,sibling_roster
916824,1940,1,sibling_roster
916824,1957,2,sibling_roster
916824,1959,3,sibling_roster
914913,1940,1,sibling_roster
914913,1947,2,sibling_roster
914913,1949,3,sibling_roster
905320,1939,1,sibling_roster
905320,1942,2,sibling_roster
905320,1945,3,sibling_roster
902435,1939,1,sibling_roster
902435,1940,2,sibling_roster
902435,1944,3,sibling_roster
902435,1947,4,sibling_roster
904210,1939,6,graduate
904210,1931,1,sibling_roster
904210,1933,2,sibling_roster
904210,1936,3,sibling_roster
904210,1937,4,sibling_roster
904210,1938,5,sibling_roster
904210,1939,6,sibling_roster
904210,1941,7,sibling_roster
904210,1943,8,sibling_roster
933071,1939,2,graduate
931973,1939,3,graduate
931973,1932,1,sibling_roster
931973,1934,2,sibling_roster
931973,1939,3,sibling_roster
931973,1941,4,sibling_roster
931973,1946,5,sibling_roster
931973,1948,6,sibling_roster
911330,1941,1,sibling_roster
911330,1946,2,sibling_roster
917357,1938,1,sibling_roster
917357,1945,2,sibling_roster
909160,1939,2,graduate
911170,1939,2,graduate
918685,1939,2,graduate
918685,1936,1,sibling_roster
918685,1940,2,sibling_roster
909196,1939,1,sibling_roster
909196,1942,2,sibling_roster
909196,1950,3,sibling_roster
909196,1954,4,sibling_roster
925024,1939,3,graduate
909038,1937,2,graduate
909038,1936,1,sibling_roster
909038,1938,2,sibling_roster
933747,1931,1,sibling_roster
933747,1939,2,sibling_roster
933747,1945,3,sibling_roster
930828,1939,7,graduate
930828,1933,1,sibling_roster
930828,1933,2,sibling_roster
930828,1935,3,sibling_roster
930828,1935,4,sibling_roster
930828,1936,5,sibling_roster
930828,1939,6,sibling_roster
930828,1940,7,sibling_roster
930076,1939,2,graduate
919230,1940,2,graduate
903421,1939,3,graduate
906670,1939,3,graduate
931986,1939,4,graduate
927454,1939,1,sibling_roster
927454,1941,2,sibling_roster
927454,1944,3,sibling_roster
927454,1953,4,sibling_roster
917568,1939,2,graduate
904469,1940,1,sibling_roster
904469,1942,2,sibling_roster
904469,1946,3,sibling_roster
900590,1939,1,sibling_roster
900590,1945,2,sibling_roster
900590,1946,3,sibling_roster
911838,1940,1,sibling_roster
911838,1950,2,sibling_roster
913702,1939,2,graduate
913702,1937,1,sibling_roster
913702,1940,2,sibling_roster
913702,1942,3,sibling_roster
913702,1954,4,sibling_roster
913702,1956,5,sibling_roster
929996,1930,1,sibling_roster
929996,1939,2,sibling_roster
910572,1939,5,graduate
910572,1922,1,sibling_roster
910572,1923,2,sibling_roster
910572,1924,3,sibling_roster
910572,1925,4,sibling_roster
910572,1939,5,sibling_roster
925524,1940,1,sibling_roster
925524,1943,2,sibling_roster
924589,1939,1,sibling_roster
924589,1944,2,sibling_roster
903302,1940,1,sibling_roster
907129,1940,1,sibling_roster
902527,1940,1,sibling_roster
902527,1944,2,sibling_roster
902527,1946,3,sibling_roster
902527,1948,4,sibling_roster
902527,1950,5,sibling_roster
927219,1940,1,sibling_roster
927219,1941,2,sibling_roster
927219,1945,3,sibling_roster
927219,1948,4,sibling_roster
925477,1938,2,graduate
925477,1929,1,sibling_roster
925477,1939,2,sibling_roster
925477,1944,3,sibling_roster
912383,1938,5,graduate
915499,1939,4,graduate
915499,1931,1,sibling_roster
915499,1933,2,sibling_roster
915499,1936,3,sibling_roster
915499,1940,4,sibling_roster
929709,1938,2,graduate
929709,1929,1,sibling_roster
929709,1937,2,sibling_roster
929709,1938,3,sibling_roster
915783,1939,2,graduate
915783,1935,1,sibling_roster
915783,1939,2,sibling_roster
915783,1945,3,sibling_roster
902502,1939,2,graduate
902502,1936,1,sibling_roster
902502,1940,2,sibling_roster
907010,1940,1,sibling_roster
907010,1941,2,sibling_roster
907010,1943,3,sibling_roster
933193,1939,1,sibling_roster
933193,1940,2,sibling_roster
933193,1944,3,sibling_roster
929279,1939,1,sibling_roster
904713,1938,3,graduate
904713,1933,1,sibling_roster
904713,1938,2,sibling_roster
904713,1943,3,sibling_roster
904713,1945,4,sibling_roster
904713,1947,5,sibling_roster
926456,1939,6,graduate
926456,1932,2,sibling_roster
926456,1935,3,sibling_roster
926456,1936,4,sibling_roster
926456,1938,5,sibling_roster
926456,1940,6,sibling_roster
926456,1941,7,sibling_roster
926456,1944,8,sibling_roster
905115,1939,5,graduate
905115,1934,1,sibling_roster
905115,1935,2,sibling_roster
905115,1936,3,sibling_roster
905115,1937,4,sibling_roster
905115,1939,5,sibling_roster
907011,1939,3,graduate
919444,1940,1,sibling_roster
919444,1942,2,sibling_roster
919444,1945,3,sibling_roster
919444,1947,4,sibling_roster
919444,1947,5,sibling_roster
919444,1951,6,sibling_roster
906439,1938,2,graduate
906439,1934,1,sibling_roster
906439,1939,2,sibling_roster
917652,1940,1,sibling_roster
917652,1941,2,sibling_roster
917652,1942,3,sibling_roster
901761,1940,1,sibling_roster
901761,1947,2,sibling_roster
901761,1948,3,sibling_roster
915787,1939,3,graduate
915787,1932,1,sibling_roster
915787,1938,2,sibling_roster
915787,1939,3,sibling_roster
933643,1939,7,graduate
933643,1935,1,sibling_roster
933643,1937,2,sibling_roster
933643,1937,5,sibling_roster
933643,1938,6,sibling_roster
933643,1940,7,sibling_roster
933643,1941,8,sibling_roster
933643,1943,9,sibling_roster
933643,1945,10,sibling_roster
914167,1938,3,graduate
914167,1936,1,sibling_roster
914167,1937,2,sibling_roster
914167,1939,3,sibling_roster
914167,1944,4,sibling_roster
915383,1940,1,sibling_roster
915383,1943,2,sibling_roster
921906,1939,1,sibling_roster
921904,1939,1,sibling_roster
900218,1939,2,graduate
900218,1937,1,sibling_roster
900218,1940,2,sibling_roster
900218,1942,3,sibling_roster
900218,1944,4,sibling_roster
900218,1947,5,sibling_roster
910231,1939,3,graduate
910231,1930,1,sibling_roster
910231,1937,2,sibling_roster
910231,1940,3,sibling_roster
910231,1945,4,sibling_roster
901547,1939,4,graduate
910028,1939,1,sibling_roster
901842,1939,4,graduate
901842,1925,1,sibling_roster
901842,1931,2,sibling_roster
901842,1937,3,sibling_roster
901842,1940,4,sibling_roster
901842,1950,5,sibling_roster
931884,1940,1,sibling_roster
931884,1944,2,sibling_roster
915381,1938,6,graduate
915381,1930,1,sibling_roster
915381,1932,2,sibling_roster
915381,1934,3,sibling_roster
915381,1936,4,sibling_roster
915381,1939,5,sibling_roster
915381,1941,6,sibling_roster
915381,1944,7,sibling_roster
915381,1946,8,sibling_roster
900724,1939,3,graduate
900724,1932,1,sibling_roster
900724,1936,2,sibling_roster
900724,1939,3,sibling_roster
900724,1946,4,sibling_roster
900724,1946,5,sibling_roster
907264,1939,3,graduate
907264,1933,1,sibling_roster
907264,1936,2,sibling_roster
907264,1940,3,sibling_roster
907264,1941,4,sibling_roster
930136,1939,4,graduate
930136,1933,1,sibling_roster
930136,1936,2,sibling_roster
930136,1938,3,sibling_roster
930136,1940,4,sibling_roster
930136,1942,5,sibling_roster
930136,1944,6,sibling_roster
930136,1945,7,sibling_roster
930136,1947,8,sibling_roster
930136,1954,9,sibling_roster
930136,1954,10,sibling_roster
929893,1939,4,graduate
929893,1933,1,sibling_roster
929893,1935,2,sibling_roster
929893,1937,3,sibling_roster
929893,1940,4,sibling_roster
929893,1943,5,sibling_roster
929893,1945,6,sibling_roster
929893,1947,7,sibling_roster
929893,1949,8,sibling_roster
901150,1940,1,sibling_roster
901150,1940,2,sibling_roster
901150,1946,3,sibling_roster
931649,1939,2,graduate
915832,1939,3,graduate
915832,1932,1,sibling_roster
915832,1937,2,sibling_roster
915832,1940,3,sibling_roster
915832,1944,4,sibling_roster
915832,1952,5,sibling_roster
908753,1940,1,sibling_roster
908753,1942,2,sibling_roster
908753,1948,3,sibling_roster
908753,1952,4,sibling_roster
924956,1940,1,sibling_roster
924956,1942,2,sibling_roster
924956,1945,3,sibling_roster
924956,1949,4,sibling_roster
924956,1954,5,sibling_roster
900397,1940,2,graduate
900397,1938,1,sibling_roster
900397,1940,2,sibling_roster
900397,1947,3,sibling_roster
902358,1939,2,graduate
902358,1930,1,sibling_roster
902358,1940,2,sibling_roster
907173,1939,4,graduate
907173,1935,1,sibling_roster
907173,1936,2,sibling_roster
907173,1937,3,sibling_roster
907173,1940,4,sibling_roster
907173,1944,5,sibling_roster
906047,1939,5,graduate
910512,1939,3,graduate
910512,1938,1,sibling_roster
910512,1939,2,sibling_roster
910512,1940,3,sibling_roster
914045,1939,2,graduate
914045,1935,1,sibling_roster
914045,1940,2,sibling_roster
901141,1940,1,sibling_roster
901141,1940,2,sibling_roster
901141,1944,3,sibling_roster
901141,1947,4,sibling_roster
914670,1939,11,graduate
932534,1939,3,graduate
908182,1938,4,graduate
909264,1938,1,sibling_roster
909264,1942,2,sibling_roster
926194,1939,5,graduate
932290,1939,1,sibling_roster
932290,1942,2,sibling_roster
932290,1952,3,sibling_roster
932290,1955,4,sibling_roster
932290,1956,5,sibling_roster
921885,1938,3,graduate
921885,1922,1,sibling_roster
921885,1932,2,sibling_roster
921885,1939,3,sibling_roster
921885,1947,4,sibling_roster
912700,1939,1,sibling_roster
912700,1944,2,sibling_roster
912700,1947,3,sibling_roster
913590,1939,5,graduate
913590,1933,1,sibling_roster
913590,1935,2,sibling_roster
913590,1936,3,sibling_roster
913590,1937,4,sibling_roster
913590,1940,5,sibling_roster
913590,1941,6,sibling_roster
913590,1951,7,sibling_roster
930705,1939,3,graduate
930705,1935,1,sibling_roster
930705,1939,2,sibling_roster
930705,1940,3,sibling_roster
930705,1945,4,sibling_roster
906068,1938,5,graduate
910822,1940,1,sibling_roster
910822,1941,2,sibling_roster
910822,1944,3,sibling_roster
910822,1947,4,sibling_roster
910822,1949,5,sibling_roster
910822,1953,6,sibling_roster
904262,1939,3,graduate
904262,1933,1,sibling_roster
904262,1938,2,sibling_roster
904262,1940,3,sibling_roster
904262,1944,4,sibling_roster
904262,1944,5,sibling_roster
904262,1945,6,sibling_roster
904262,1952,7,sibling_roster
907439,1939,5,graduate
907439,1925,1,sibling_roster
907439,1927,2,sibling_roster
907439,1929,3,sibling_roster
907439,1935,4,sibling_roster
907439,1940,5,sibling_roster
904551,1939,4,graduate
915839,1939,2,graduate
915839,1938,1,sibling_roster
915839,1940,2,sibling_roster
915839,1950,3,sibling_roster
916190,1940,1,sibling_roster
916190,1944,2,sibling_roster
903797,1939,3,graduate
903797,1932,1,sibling_roster
903797,1940,2,sibling_roster
925595,1939,5,graduate
925595,1936,1,sibling_roster
925595,1937,2,sibling_roster
925595,1938,3,sibling_roster
925595,1940,4,sibling_roster
925595,1943,5,sibling_roster
925595,1945,6,sibling_roster
925595,1946,7,sibling_roster
906796,1939,2,graduate
904570,1939,3,graduate
904570,1938,1,sibling_roster
904570,1940,2,sibling_roster
904570,1941,3,sibling_roster
904570,1943,4,sibling_roster
904570,1949,5,sibling_roster
904570,1953,6,sibling_roster
907374,1939,3,graduate
907374,1932,1,sibling_roster
907374,1938,2,sibling_roster
907374,1940,3,sibling_roster
907374,1946,4,sibling_roster
922489,1939,1,sibling_roster
922489,1959,2,sibling_roster
901856,1939,2,graduate
906262,1939,3,graduate
906262,1936,1,sibling_roster
906262,1936,2,sibling_roster
906262,1940,3,sibling_roster
906262,1941,4,sibling_roster
906262,1943,5,sibling_roster
906262,1945,6,sibling_roster
906262,1947,7,sibling_roster
906262,1949,8,sibling_roster
906262,1951,9,sibling_roster
913909,1939,6,graduate
913909,1917,1,sibling_roster
913909,1925,2,sibling_roster
913909,1930,3,sibling_roster
913909,1932,4,sibling_roster
913909,1936,5,sibling_roster
913909,1940,6,sibling_roster
926335,1938,4,graduate
926335,1924,1,sibling_roster
926335,1926,2,sibling_roster
926335,1932,3,sibling_roster
926335,1939,4,sibling_roster
928244,1939,4,graduate
928244,1929,1,sibling_roster
928244,1933,2,sibling_roster
928244,1937,3,sibling_roster
928244,1939,4,sibling_roster
928244,1945,5,sibling_roster
905127,1939,1,sibling_roster
905127,1948,2,sibling_roster
905127,1949,3,sibling_roster
905127,1950,4,sibling_roster
905127,1951,5,sibling_roster
905127,1952,6,sibling_roster
929754,1938,11,graduate
929754,1922,1,sibling_roster
929754,1923,2,sibling_roster
929754,1924,3,sibling_roster
929754,1928,4,sibling_roster
929754,1929,5,sibling_roster
929754,1932,6,sibling_roster
929754,1934,7,sibling_roster
929754,1935,8,sibling_roster
929754,1936,9,sibling_roster
929754,1938,10,sibling_roster
929754,1939,11,sibling_roster
900511,1938,3,graduate
900511,1937,1,sibling_roster
900511,1938,2,sibling_roster
900511,1940,3,sibling_roster
901640,1938,2,graduate
901640,1939,1,sibling_roster
901640,1940,2,sibling_roster
901640,1953,3,sibling_roster
916496,1939,2,graduate
924722,1940,2,graduate
902775,1939,7,graduate
902775,1924,1,sibling_roster
902775,1928,2,sibling_roster
902775,1930,3,sibling_roster
902775,1932,4,sibling_roster
902775,1933,5,sibling_roster
902775,1940,6,sibling_roster
911971,1940,1,sibling_roster
911971,1944,2,sibling_roster
911971,1948,3,sibling_roster
933744,1937,3,graduate
919796,1939,3,graduate
919796,1936,1,sibling_roster
919796,1938,2,sibling_roster
919796,1939,3,sibling_roster
919796,1940,4,sibling_roster
919796,1941,5,sibling_roster
919796,1945,6,sibling_roster
919796,1947,7,sibling_roster
919796,1949,8,sibling_roster
905520,1938,6,graduate
915695,1939,2,graduate
921584,1939,1,sibling_roster
921584,1940,2,sibling_roster
920083,1939,1,sibling_roster
924656,1938,3,graduate
924656,1933,1,sibling_roster
924656,1936,2,sibling_roster
924656,1939,3,sibling_roster
924656,1942,4,sibling_roster
931558,1939,3,graduate
931558,1910,1,sibling_roster
931558,1922,2,sibling_roster
931558,1939,3,sibling_roster
931647,1939,5,graduate
931647,1930,1,sibling_roster
931647,1933,2,sibling_roster
931647,1936,3,sibling_roster
931647,1940,4,sibling_roster
911266,1940,1,sibling_roster
911266,1943,2,sibling_roster
911266,1944,3,sibling_roster
911266,1958,4,sibling_roster
916411,1939,3,graduate
916411,1933,1,sibling_roster
916411,1935,2,sibling_roster
916411,1940,3,sibling_roster
916411,1940,4,sibling_roster
916411,1946,5,sibling_roster
916411,1950,6,sibling_roster
919654,1939,3,graduate
919654,1935,1,sibling_roster
919654,1937,2,sibling_roster
919654,1939,3,sibling_roster
919654,1941,4,sibling_roster
919654,1943,5,sibling_roster
919654,1945,6,sibling_roster
928831,1940,1,sibling_roster
928831,1944,2,sibling_roster
928831,1948,3,sibling_roster
921898,1939,4,graduate
921898,1931,1,sibling_roster
921898,1932,2,sibling_roster
921898,1937,3,sibling_roster
921898,1940,4,sibling_roster
911605,1940,1,sibling_roster
911605,1943,2,sibling_roster
911605,1946,3,sibling_roster
911605,1951,4,sibling_roster
911605,1957,5,sibling_roster
912882,1940,1,sibling_roster
912882,1943,2,sibling_roster
912882,1944,3,sibling_roster
912882,1948,4,sibling_roster
912882,1951,5,sibling_roster
912264,1939,4,graduate
912264,1939,2,sibling_roster
926564,1940,1,sibling_roster
926564,1949,2,sibling_roster
916881,1939,2,graduate
916881,1937,1,sibling_roster
916881,1940,2,sibling_roster
916881,1949,3,sibling_roster
916881,1952,4,sibling_roster
900177,1939,2,graduate
900177,1940,1,sibling_roster
900177,1946,2,sibling_roster
900177,1952,3,sibling_roster
920096,1939,2,graduate
920096,1936,1,sibling_roster
920096,1939,2,sibling_roster
920096,1954,3,sibling_roster
923003,1938,5,graduate
923003,1915,1,sibling_roster
923003,1926,2,sibling_roster
923003,1938,3,sibling_roster
923003,1939,4,sibling_roster
923003,1941,5,sibling_roster
923003,1948,6,sibling_roster
906039,1939,4,graduate
906039,1925,1,sibling_roster
906039,1926,2,sibling_roster
906039,1933,3,sibling_roster
906039,1939,4,sibling_roster
906039,1942,5,sibling_roster
923043,1940,1,sibling_roster
923043,1945,2,sibling_roster
900369,1939,1,sibling_roster
900369,1942,2,sibling_roster
900369,1946,3,sibling_roster
900369,1962,4,sibling_roster
906533,1939,6,graduate
919092,1939,2,graduate
917219,1939,2,graduate
917219,1936,1,sibling_roster
917219,1940,2,sibling_roster
917219,1946,3,sibling_roster
921835,1939,5,graduate
921835,1934,1,sibling_roster
921835,1936,2,sibling_roster
921835,1937,3,sibling_roster
921835,1940,4,sibling_roster
921835,1942,5,sibling_roster
912293,1940,1,sibling_roster
912293,1942,2,sibling_roster
912293,1943,3,sibling_roster
912293,1949,4,sibling_roster
913423,1939,2,graduate
913423,1936,1,sibling_roster
913423,1940,2,sibling_roster
928148,1940,1,sibling_roster
928148,1943,2,sibling_roster
928148,1947,3,sibling_roster
908641,1939,1,sibling_roster
908641,1952,2,sibling_roster
914161,1939,2,graduate
914161,1935,1,sibling_roster
914161,1940,2,sibling_roster
908997,1940,1,sibling_roster
908997,1946,2,sibling_roster
914333,1938,2,graduate
914333,1937,1,sibling_roster
914333,1939,2,sibling_roster
914333,1944,3,sibling_roster
900741,1939,5,graduate
900741,1930,1,sibling_roster
900741,1934,2,sibling_roster
900741,1938,3,sibling_roster
900741,1939,4,sibling_roster
900741,1940,5,sibling_roster
900741,1943,6,sibling_roster
900741,1945,7,sibling_roster
920494,1939,1,sibling_roster
920494,1940,2,sibling_roster
920494,1942,3,sibling_roster
920494,1944,4,sibling_roster
920494,1945,5,sibling_roster
903371,1940,1,sibling_roster
903371,1942,2,sibling_roster
903371,1945,3,sibling_roster
903371,1947,4,sibling_roster
910770,1938,4,graduate
910770,1930,1,sibling_roster
910770,1931,2,sibling_roster
910770,1934,3,sibling_roster
910770,1939,4,sibling_roster
921648,1939,3,graduate
921648,1937,1,sibling_roster
921648,1939,2,sibling_roster
921648,1940,3,sibling_roster
921648,1942,4,sibling_roster
921648,1951,5,sibling_roster
921648,1954,6,sibling_roster
921648,1958,7,sibling_roster
901629,1939,5,graduate
901629,1932,1,sibling_roster
901629,1934,2,sibling_roster
901629,1936,3,sibling_roster
901629,1939,4,sibling_roster
901629,1940,5,sibling_roster
919456,1938,2,graduate
919456,1937,1,sibling_roster
919456,1939,2,sibling_roster
919456,1949,3,sibling_roster
925740,1939,2,graduate
925740,1940,2,sibling_roster
925740,1944,3,sibling_roster
925740,1945,4,sibling_roster
920299,1939,3,graduate
920299,1936,1,sibling_roster
920299,1938,2,sibling_roster
920299,1940,3,sibling_roster
920299,1941,4,sibling_roster
920299,1948,5,sibling_roster
903604,1940,2,graduate
903604,1939,1,sibling_roster
903604,1941,2,sibling_roster
903604,1943,3,sibling_roster
903604,1945,4,sibling_roster
903604,1947,5,sibling_roster
903604,1950,6,sibling_roster
903604,1953,7,sibling_roster
903604,1955,8,sibling_roster
913452,1938,1,sibling_roster
913452,1943,2,sibling_roster
913452,1945,3,sibling_roster
913452,1946,4,sibling_roster
913452,1952,5,sibling_roster
913452,1953,6,sibling_roster
913452,1955,7,sibling_roster
914900,1939,1,sibling_roster
914900,1940,2,sibling_roster
909121,1939,3,graduate
909121,1937,1,sibling_roster
909121,1939,2,sibling_roster
909121,1940,3,sibling_roster
909121,1942,4,sibling_roster
909121,1946,5,sibling_roster
909121,1950,6,sibling_roster
909121,1952,7,sibling_roster
909121,1961,8,sibling_roster
909072,1940,1,sibling_roster
909072,1943,2,sibling_roster
909072,1945,3,sibling_roster
909072,1954,4,sibling_roster
909072,1955,5,sibling_roster
909072,1961,6,sibling_roster
917144,1939,1,sibling_roster
917144,1944,2,sibling_roster
929027,1940,1,sibling_roster
929027,1945,2,sibling_roster
927472,1939,2,graduate
927472,1939,1,sibling_roster
927472,1939,2,sibling_roster
927472,1944,3,sibling_roster
915060,1939,4,graduate
908617,1938,3,graduate
908617,1935,1,sibling_roster
908617,1938,2,sibling_roster
908617,1939,3,sibling_roster
908617,1939,4,sibling_roster
908607,1940,1,sibling_roster
908607,1941,2,sibling_roster
908607,1952,3,sibling_roster
912877,1938,2,graduate
918047,1940,2,graduate
919241,1939,4,graduate
919241,1926,1,sibling_roster
919241,1930,2,sibling_roster
919241,1934,3,sibling_roster
919241,1940,4,sibling_roster
908319,1939,3,graduate
908319,1933,1,sibling_roster
908319,1935,2,sibling_roster
908319,1939,3,sibling_roster
908319,1940,4,sibling_roster
908319,1942,5,sibling_roster
922636,1939,1,sibling_roster
925761,1939,1,sibling_roster
925761,1940,2,sibling_roster
908871,1939,4,graduate
908871,1930,1,sibling_roster
908871,1935,2,sibling_roster
908871,1936,3,sibling_roster
908871,1940,4,sibling_roster
908871,1947,5,sibling_roster
920318,1937,1,sibling_roster
920318,1940,2,sibling_roster
920318,1953,3,sibling_roster
900873,1939,3,graduate
900873,1935,1,sibling_roster
900873,1937,2,sibling_roster
900873,1939,3,sibling_roster
900873,1941,4,sibling_roster
900873,1943,5,sibling_roster
900873,1945,6,sibling_roster
900873,1949,7,sibling_roster
900873,1950,8,sibling_roster
911321,1939,4,graduate
917824,1939,2,graduate
901567,1939,2,graduate
912493,1939,5,graduate
907151,1939,1,sibling_roster
907151,1942,2,sibling_roster
907151,1945,3,sibling_roster
901034,1939,3,graduate
901034,1937,1,sibling_roster
901034,1939,2,sibling_roster
901034,1940,3,sibling_roster
901034,1941,4,sibling_roster
912834,1939,3,graduate
912834,1935,1,sibling_roster
912834,1937,2,sibling_roster
912834,1940,3,sibling_roster
912834,1945,4,sibling_roster
902559,1939,2,graduate
919132,1939,2,graduate
919132,1935,1,sibling_roster
919132,1939,2,sibling_roster
919132,1947,3,sibling_roster
919132,1949,4,sibling_roster
908124,1939,2,graduate
908124,1937,1,sibling_roster
908124,1940,2,sibling_roster
908124,1942,3,sibling_roster
908124,1945,4,sibling_roster
908124,1947,5,sibling_roster
915285,1938,2,graduate
915285,1936,1,sibling_roster
915285,1939,2,sibling_roster
915285,1941,3,sibling_roster
915285,1944,4,sibling_roster
915285,1952,5,sibling_roster
914086,1939,2,graduate
914086,1936,1,sibling_roster
914086,1940,2,sibling_roster
914086,1941,3,sibling_roster
914086,1946,4,sibling_roster
914086,1951,5,sibling_roster
914086,1954,6,sibling_roster
926389,1940,1,sibling_roster
926389,1948,2,sibling_roster
926389,1954,3,sibling_roster
922885,1939,6,graduate
922885,1928,1,sibling_roster
922885,1930,2,sibling_roster
922885,1932,3,sibling_roster
922885,1935,4,sibling_roster
922885,1937,5,sibling_roster
922885,1940,6,sibling_roster
922885,1944,7,sibling_roster
917768,1938,2,graduate
903269,1940,2,graduate
903269,1935,1,sibling_roster
903269,1940,2,sibling_roster
903269,1942,3,sibling_roster
903269,1945,4,sibling_roster
903269,1947,5,sibling_roster
903269,1953,6,sibling_roster
903846,1939,4,graduate
903846,1933,1,sibling_roster
903846,1935,2,sibling_roster
903846,1937,3,sibling_roster
903846,1940,4,sibling_roster
903846,1941,5,sibling_roster
906560,1940,3,graduate
906560,1939,1,sibling_roster
906560,1940,2,sibling_roster
906560,1941,3,sibling_roster
906560,1943,4,sibling_roster
906560,1944,5,sibling_roster
906560,1946,6,sibling_roster
906560,1948,7,sibling_roster
906560,1949,8,sibling_roster
906560,1952,9,sibling_roster
903333,1939,1,sibling_roster
903333,1941,2,sibling_roster
903333,1944,3,sibling_roster
903333,1944,4,sibling_roster
912200,1939,2,graduate
912200,1937,1,sibling_roster
912200,1940,2,sibling_roster
905600,1939,3,graduate
905600,1933,1,sibling_roster
905600,1934,2,sibling_roster
905600,1940,3,sibling_roster
905600,1945,4,sibling_roster
905600,1949,5,sibling_roster
912415,1939,6,graduate
926958,1939,5,graduate
926958,1930,1,sibling_roster
926958,1931,2,sibling_roster
926958,1934,3,sibling_roster
926958,1938,4,sibling_roster
926958,1940,5,sibling_roster
929553,1939,1,sibling_roster
920116,1939,3,graduate
920116,1927,1,sibling_roster
920116,1935,2,sibling_roster
920116,1939,3,sibling_roster
920116,1944,4,sibling_roster
913895,1940,1,sibling_roster
913895,1941,2,sibling_roster
913895,1944,3,sibling_roster
913895,1945,4,sibling_roster
913895,1949,5,sibling_roster
929812,1939,2,graduate
929812,1937,1,sibling_roster
929812,1940,2,sibling_roster
929812,1947,3,sibling_roster
932830,1939,2,graduate
932830,1929,1,sibling_roster
932830,1940,2,sibling_roster
933366,1939,2,graduate
933366,1940,1,sibling_roster
933366,1942,2,sibling_roster
933366,1945,3,sibling_roster
911718,1939,1,sibling_roster
911718,1941,2,sibling_roster
911718,1942,3,sibling_roster
911718,1945,4,sibling_roster
911718,1946,5,sibling_roster
921006,1939,3,graduate
921006,1936,1,sibling_roster
921006,1938,2,sibling_roster
921006,1940,3,sibling_roster
921006,1942,4,sibling_roster
907875,1939,1,sibling_roster
907875,1943,2,sibling_roster
907875,1945,3,sibling_roster
907875,1949,4,sibling_roster
907875,1957,5,sibling_roster
909168,1939,13,graduate
909168,1919,2,sibling_roster
909168,1920,3,sibling_roster
909168,1922,4,sibling_roster
909168,1924,6,sibling_roster
909168,1928,7,sibling_roster
909168,1931,8,sibling_roster
909168,1932,10,sibling_roster
909168,1937,11,sibling_roster
909168,1939,12,sibling_roster
910465,1939,4,graduate
910465,1926,1,sibling_roster
910465,1935,2,sibling_roster
910465,1937,3,sibling_roster
910465,1939,4,sibling_roster
932860,1938,7,graduate
932860,1930,1,sibling_roster
932860,1932,2,sibling_roster
932860,1934,3,sibling_roster
932860,1939,5,sibling_roster
928984,1938,2,graduate
928984,1933,1,sibling_roster
928984,1939,2,sibling_roster
919525,1938,7,graduate
917597,1938,6,graduate
917597,1918,1,sibling_roster
917597,1921,2,sibling_roster
917597,1923,3,sibling_roster
917597,1924,4,sibling_roster
917597,1939,5,sibling_roster
907555,1939,2,graduate
928724,1939,5,graduate
928724,1935,1,sibling_roster
928724,1938,2,sibling_roster
928724,1940,3,sibling_roster
928724,1940,4,sibling_roster
928724,1947,5,sibling_roster
928724,1955,6,sibling_roster
928724,1957,7,sibling_roster
928120,1939,3,graduate
910579,1939,5,graduate
910579,1927,1,sibling_roster
910579,1929,2,sibling_roster
910579,1934,3,sibling_roster
910579,1938,4,sibling_roster
910579,1939,5,sibling_roster
927501,1939,4,graduate
905563,1938,3,graduate
905563,1932,1,sibling_roster
905563,1935,2,sibling_roster
905563,1939,3,sibling_roster
905563,1944,4,sibling_roster
931722,1941,1,sibling_roster
911331,1939,3,graduate
919762,1939,2,graduate
919762,1937,1,sibling_roster
919762,1940,2,sibling_roster
919762,1941,3,sibling_roster
919762,1943,4,sibling_roster
919762,1943,5,sibling_roster
919762,1947,6,sibling_roster
919762,1950,7,sibling_roster
919762,1952,8,sibling_roster
919762,1956,9,sibling_roster
922196,1939,3,graduate
922196,1936,1,sibling_roster
922196,1937,2,sibling_roster
922196,1940,3,sibling_roster
904734,1939,2,graduate
904734,1939,1,sibling_roster
904734,1940,2,sibling_roster
904734,1945,3,sibling_roster
910093,1939,2,graduate
910093,1929,1,sibling_roster
910093,1940,2,sibling_roster
926235,1940,1,sibling_roster
926235,1950,2,sibling_roster
926235,1957,3,sibling_roster
913271,1939,2,graduate
913271,1936,1,sibling_roster
913271,1939,2,sibling_roster
913271,1943,3,sibling_roster
913271,1947,4,sibling_roster
922705,1938,2,graduate
922705,1938,1,sibling_roster
922705,1938,2,sibling_roster
922705,1944,3,sibling_roster
917705,1938,2,graduate
927684,1940,1,sibling_roster
927684,1941,2,sibling_roster
927684,1943,3,sibling_roster
927684,1945,4,sibling_roster
927684,1946,5,sibling_roster
927684,1947,6,sibling_roster
927684,1950,7,sibling_roster
933558,1939,2,graduate
933558,1938,1,sibling_roster
933558,1940,2,sibling_roster
933558,1945,3,sibling_roster
910638,1938,5,graduate
910638,1931,1,sibling_roster
910638,1935,2,sibling_roster
910638,1935,3,sibling_roster
910638,1936,4,sibling_roster
910638,1939,5,sibling_roster
929636,1940,3,graduate
929636,1934,1,sibling_roster
929636,1937,2,sibling_roster
929636,1939,3,sibling_roster
917809,1939,4,graduate
906894,1940,1,sibling_roster
913718,1940,1,sibling_roster
913718,1946,2,sibling_roster
904739,1940,1,sibling_roster
905562,1939,1,sibling_roster
905562,1945,2,sibling_roster
905562,1951,3,sibling_roster
905562,1955,4,sibling_roster
910115,1939,1,sibling_roster
910115,1943,2,sibling_roster
916173,1939,4,graduate
916173,1930,1,sibling_roster
916173,1932,2,sibling_roster
916173,1938,3,sibling_roster
916173,1940,4,sibling_roster
916173,1950,5,sibling_roster
916669,1939,2,graduate
916669,1935,1,sibling_roster
916669,1940,2,sibling_roster
919816,1939,3,graduate
919816,1940,1,sibling_roster
919816,1941,2,sibling_roster
918501,1939,4,graduate
918501,1932,1,sibling_roster
918501,1933,2,sibling_roster
918501,1935,3,sibling_roster
918501,1939,4,sibling_roster
918501,1941,5,sibling_roster
918501,1944,6,sibling_roster
918501,1945,7,sibling_roster
918501,1946,8,sibling_roster
918501,1950,9,sibling_roster
918501,1952,10,sibling_roster
904326,1939,2,graduate
904326,1939,1,sibling_roster
904326,1940,2,sibling_roster
904326,1941,3,sibling_roster
904326,1942,4,sibling_roster
904326,1944,5,sibling_roster
904326,1948,6,sibling_roster
904326,1952,7,sibling_roster
923573,1940,2,graduate
923573,1937,1,sibling_roster
923573,1941,2,sibling_roster
923573,1943,3,sibling_roster
926313,1939,3,graduate
926313,1936,1,sibling_roster
926313,1939,2,sibling_roster
926313,1940,3,sibling_roster
926313,1942,4,sibling_roster
926313,1947,5,sibling_roster
926313,1951,6,sibling_roster
929621,1939,3,graduate
929621,1928,1,sibling_roster
929621,1933,2,sibling_roster
929621,1940,3,sibling_roster
908845,1938,4,graduate
908845,1932,1,sibling_roster
908845,1935,2,sibling_roster
908845,1936,3,sibling_roster
908845,1939,4,sibling_roster
908845,1940,5,sibling_roster
908845,1942,6,sibling_roster
908845,1944,7,sibling_roster
908845,1946,8,sibling_roster
908845,1947,9,sibling_roster
908845,1950,10,sibling_roster
908845,1952,11,sibling_roster
909472,1939,2,graduate
909472,1933,1,sibling_roster
909472,1939,2,sibling_roster
909472,1945,3,sibling_roster
913265,1938,6,graduate
913265,1921,1,sibling_roster
913265,1926,2,sibling_roster
913265,1927,3,sibling_roster
913265,1927,4,sibling_roster
913265,1929,5,sibling_roster
913265,1940,6,sibling_roster
924224,1939,2,graduate
924224,1937,1,sibling_roster
924224,1939,2,sibling_roster
924224,1943,3,sibling_roster
924224,1944,4,sibling_roster
907006,1939,2,graduate
931189,1939,2,graduate
931189,1940,1,sibling_roster
931189,1941,2,sibling_roster
931189,1945,3,sibling_roster
931189,1950,4,sibling_roster
931189,1954,5,sibling_roster
917296,1938,6,graduate
909237,1939,6,graduate
909237,1927,1,sibling_roster
909237,1928,2,sibling_roster
909237,1930,3,sibling_roster
909237,1930,4,sibling_roster
909237,1936,5,sibling_roster
909237,1939,6,sibling_roster
908056,1939,2,graduate
908056,1926,1,sibling_roster
908056,1940,2,sibling_roster
926403,1938,4,graduate
905048,1939,2,graduate
905048,1932,1,sibling_roster
905048,1940,2,sibling_roster
905048,1945,3,sibling_roster
905048,1947,4,sibling_roster
907372,1938,2,graduate
907372,1936,1,sibling_roster
907372,1939,2,sibling_roster
907372,1947,3,sibling_roster
918558,1940,1,sibling_roster
918558,1942,2,sibling_roster
918558,1946,3,sibling_roster
931839,1940,1,sibling_roster
931839,1941,2,sibling_roster
931839,1946,3,sibling_roster
931839,1950,4,sibling_roster
931839,1953,5,sibling_roster
927693,1940,2,graduate
927693,1939,1,sibling_roster
927693,1941,2,sibling_roster
927693,1941,3,sibling_roster
927693,1942,4,sibling_roster
919687,1939,2,graduate
919687,1937,1,sibling_roster
919687,1939,2,sibling_roster
904970,1939,3,graduate
917915,1938,2,graduate
917915,1939,1,sibling_roster
917915,1939,2,sibling_roster
917915,1941,3,sibling_roster
917915,1946,4,sibling_roster
917915,1954,5,sibling_roster
928463,1937,3,graduate
928463,1934,1,sibling_roster
928463,1936,2,sibling_roster
928463,1937,3,sibling_roster
928463,1939,4,sibling_roster
919635,1939,11,graduate
924158,1939,1,sibling_roster
924158,1940,2,sibling_roster
924158,1940,3,sibling_roster
924158,1945,4,sibling_roster
924158,1947,5,sibling_roster
906021,1939,9,graduate
906021,1929,1,sibling_roster
906021,1930,2,sibling_roster
906021,1931,3,sibling_roster
906021,1932,4,sibling_roster
906021,1932,5,sibling_roster
906021,1934,6,sibling_roster
906021,1936,7,sibling_roster
906021,1936,8,sibling_roster
906021,1940,9,sibling_roster
906021,1941,10,sibling_roster
906021,1943,11,sibling_roster
912740,1939,1,sibling_roster
912740,1941,2,sibling_roster
912740,1944,3,sibling_roster
912740,1946,4,sibling_roster
908569,1939,10,graduate
908569,1927,1,sibling_roster
908569,1929,2,sibling_roster
908569,1931,3,sibling_roster
908569,1931,4,sibling_roster
908569,1934,5,sibling_roster
908569,1935,6,sibling_roster
908569,1938,7,sibling_roster
908569,1939,8,sibling_roster
908569,1940,9,sibling_roster
908569,1941,10,sibling_roster
908569,1942,11,sibling_roster
908569,1943,12,sibling_roster
910625,1938,2,graduate
910625,1934,1,sibling_roster
910625,1938,2,sibling_roster
910625,1941,3,sibling_roster
910625,1943,4,sibling_roster
915278,1941,1,sibling_roster
915278,1955,2,sibling_roster
901169,1939,2,graduate
901169,1938,1,sibling_roster
901169,1939,2,sibling_roster
901169,1944,3,sibling_roster
901169,1949,4,sibling_roster
901169,1951,5,sibling_roster
901169,1953,6,sibling_roster
901169,1955,7,sibling_roster
901169,1957,8,sibling_roster
901169,1959,9,sibling_roster
920038,1939,6,graduate
920038,1932,1,sibling_roster
920038,1933,2,sibling_roster
920038,1933,3,sibling_roster
920038,1936,4,sibling_roster
920038,1937,5,sibling_roster
920038,1940,6,sibling_roster
920038,1943,7,sibling_roster
927050,1940,1,sibling_roster
927050,1941,2,sibling_roster
927050,1942,3,sibling_roster
927050,1950,4,sibling_roster
903620,1939,2,graduate
903620,1939,1,sibling_roster
903620,1940,2,sibling_roster
932002,1940,3,graduate
932002,1936,1,sibling_roster
932002,1939,2,sibling_roster
932002,1940,3,sibling_roster
917656,1940,2,graduate
917656,1931,1,sibling_roster
917656,1940,2,sibling_roster
917656,1944,3,sibling_roster
931859,1939,2,graduate
931859,1936,1,sibling_roster
931859,1939,2,sibling_roster
931859,1952,3,sibling_roster
906363,1937,2,graduate
922051,1939,5,graduate
922051,1916,1,sibling_roster
922051,1916,2,sibling_roster
922051,1924,3,sibling_roster
922051,1930,4,sibling_roster
922051,1940,5,sibling_roster
922051,1942,6,sibling_roster
916624,1939,1,sibling_roster
916624,1941,2,sibling_roster
916670,1940,2,graduate
916670,1935,1,sibling_roster
916670,1940,2,sibling_roster
906534,1939,1,sibling_roster
906534,1944,2,sibling_roster
903774,1940,1,sibling_roster
903774,1946,2,sibling_roster
933082,1939,2,graduate
908404,1939,1,sibling_roster
921467,1939,3,graduate
921467,1933,1,sibling_roster
921467,1935,2,sibling_roster
921467,1940,3,sibling_roster
921467,1942,4,sibling_roster
921467,1947,5,sibling_roster
921467,1953,6,sibling_roster
923285,1939,2,graduate
923321,1939,3,graduate
923321,1935,1,sibling_roster
923321,1935,2,sibling_roster
923321,1939,3,sibling_roster
923321,1941,4,sibling_roster
923321,1945,5,sibling_roster
922097,1940,2,graduate
922097,1936,1,sibling_roster
922097,1940,2,sibling_roster
922097,1943,3,sibling_roster
922097,1948,4,sibling_roster
926379,1939,2,graduate
926902,1938,5,graduate
926902,1920,1,sibling_roster
926902,1922,2,sibling_roster
926902,1926,3,sibling_roster
926902,1933,4,sibling_roster
926902,1939,5,sibling_roster
926902,1944,6,sibling_roster
920052,1939,3,graduate
920052,1932,1,sibling_roster
920052,1936,2,sibling_roster
920052,1940,3,sibling_roster
912219,1938,5,graduate
912219,1926,1,sibling_roster
912219,1930,2,sibling_roster
912219,1936,3,sibling_roster
912219,1937,4,sibling_roster
912219,1938,5,sibling_roster
912219,1948,6,sibling_roster
912219,1952,7,sibling_roster
912219,1954,8,sibling_roster
903585,1940,7,graduate
903585,1923,1,sibling_roster
903585,1926,2,sibling_roster
903585,1928,3,sibling_roster
903585,1930,4,sibling_roster
903585,1932,5,sibling_roster
903585,1936,6,sibling_roster
903585,1941,7,sibling_roster
922286,1939,3,graduate
904247,1939,1,sibling_roster
919715,1939,1,sibling_roster
902747,1939,4,graduate
920682,1938,4,graduate
925074,1939,5,graduate
925074,1925,1,sibling_roster
925074,1928,2,sibling_roster
925074,1931,3,sibling_roster
925074,1932,4,sibling_roster
925074,1939,5,sibling_roster
925074,1943,6,sibling_roster
925074,1945,7,sibling_roster
925074,1948,8,sibling_roster
930334,1938,2,graduate
930334,1930,1,sibling_roster
930334,1939,2,sibling_roster
930334,1941,3,sibling_roster
930334,1942,4,sibling_roster
930334,1948,5,sibling_roster
905599,1939,5,graduate
905599,1921,1,sibling_roster
905599,1929,2,sibling_roster
905599,1935,3,sibling_roster
905599,1936,4,sibling_roster
905599,1940,5,sibling_roster
907981,1938,2,graduate
907981,1930,1,sibling_roster
907981,1938,2,sibling_roster
907981,1941,3,sibling_roster
907981,1944,4,sibling_roster
930785,1939,1,sibling_roster
930785,1942,2,sibling_roster
930785,1944,3,sibling_roster
913038,1939,1,sibling_roster
913038,1946,2,sibling_roster
909782,1939,3,graduate
909782,1933,1,sibling_roster
909782,1935,2,sibling_roster
909782,1939,3,sibling_roster
909782,1946,4,sibling_roster
918318,1939,5,graduate
918318,1933,1,sibling_roster
918318,1933,2,sibling_roster
918318,1935,3,sibling_roster
918318,1938,4,sibling_roster
918318,1939,5,sibling_roster
918318,1941,6,sibling_roster
918318,1947,7,sibling_roster
918318,1951,8,sibling_roster
918911,1939,3,graduate
918911,1929,1,sibling_roster
918911,1933,2,sibling_roster
918911,1939,3,sibling_roster
933460,1939,2,graduate
905117,1940,1,sibling_roster
905117,1942,2,sibling_roster
905117,1949,3,sibling_roster
908462,1939,1,sibling_roster
908462,1941,2,sibling_roster
908462,1954,3,sibling_roster
910780,1939,1,sibling_roster
910780,1943,2,sibling_roster
910780,1947,3,sibling_roster
910780,1951,4,sibling_roster
911109,1938,5,graduate
911109,1923,1,sibling_roster
911109,1925,2,sibling_roster
911109,1929,3,sibling_roster
911109,1939,5,sibling_roster
904238,1939,3,graduate
933121,1939,6,graduate
903192,1937,8,graduate
903192,1923,1,sibling_roster
903192,1927,2,sibling_roster
903192,1930,3,sibling_roster
903192,1931,4,sibling_roster
903192,1935,5,sibling_roster
903192,1937,6,sibling_roster
903192,1941,7,sibling_roster
903192,1943,8,sibling_roster
933600,1939,3,graduate
933600,1937,1,sibling_roster
933600,1938,2,sibling_roster
933600,1940,3,sibling_roster
933600,1941,4,sibling_roster
933600,1945,5,sibling_roster
933600,1946,6,sibling_roster
933600,1948,7,sibling_roster
933600,1950,9,sibling_roster
933600,1954,10,sibling_roster
933833,1939,4,graduate
933833,1929,1,sibling_roster
933833,1933,2,sibling_roster
933833,1936,3,sibling_roster
933833,1940,4,sibling_roster
930497,1939,3,graduate
930497,1935,1,sibling_roster
930497,1937,2,sibling_roster
930497,1940,3,sibling_roster
930497,1940,4,sibling_roster
930497,1944,5,sibling_roster
930497,1947,6,sibling_roster
930497,1948,7,sibling_roster
915347,1938,3,graduate
915347,1937,1,sibling_roster
915347,1938,2,sibling_roster
915347,1939,3,sibling_roster
915347,1941,4,sibling_roster
915347,1953,5,sibling_roster
915347,1955,6,sibling_roster
915347,1957,7,sibling_roster
918393,1939,1,sibling_roster
918393,1940,2,sibling_roster
918393,1942,3,sibling_roster
918393,1945,4,sibling_roster
918393,1947,5,sibling_roster
918393,1949,6,sibling_roster
918393,1950,7,sibling_roster
918393,1951,8,sibling_roster
918393,1954,9,sibling_roster
918393,1958,10,sibling_roster
918393,1960,11,sibling_roster
916444,1938,4,graduate
916444,1936,1,sibling_roster
916444,1936,2,sibling_roster
916444,1937,3,sibling_roster
916444,1940,4,sibling_roster
916444,1942,6,sibling_roster
916444,1945,7,sibling_roster
916444,1946,8,sibling_roster
916444,1947,9,sibling_roster
916444,1948,10,sibling_roster
916444,1951,11,sibling_roster
907753,1939,4,graduate
927998,1939,4,graduate
927998,1935,1,sibling_roster
927998,1937,2,sibling_roster
927998,1938,3,sibling_roster
927998,1940,4,sibling_roster
929096,1939,2,graduate
912927,1939,1,sibling_roster
911614,1940,1,sibling_roster
911614,1953,2,sibling_roster
909765,1940,1,sibling_roster
909765,1942,2,sibling_roster
909765,1943,3,sibling_roster
909765,1945,4,sibling_roster
909765,1947,5,sibling_roster
909765,1949,6,sibling_roster
909765,1954,7,sibling_roster
924025,1939,2,graduate
924025,1938,1,sibling_roster
924025,1940,2,sibling_roster
907054,1939,5,graduate
919700,1939,2,graduate
919700,1936,1,sibling_roster
919700,1939,2,sibling_roster
919700,1941,3,sibling_roster
919700,1947,4,sibling_roster
919700,1953,5,sibling_roster
904106,1940,1,sibling_roster
904106,1948,2,sibling_roster
929358,1939,4,graduate
929358,1935,1,sibling_roster
929358,1937,2,sibling_roster
929358,1938,3,sibling_roster
929358,1939,4,sibling_roster
929358,1941,5,sibling_roster
929358,1943,6,sibling_roster
929358,1945,7,sibling_roster
929358,1948,8,sibling_roster
922577,1938,3,graduate
922577,1935,1,sibling_roster
922577,1937,2,sibling_roster
922577,1940,3,sibling_roster
922577,1941,4,sibling_roster
913267,1940,2,graduate
913267,1939,1,sibling_roster
913267,1941,2,sibling_roster
913267,1942,3,sibling_roster
913267,1944,4,sibling_roster
913267,1950,5,sibling_roster
913267,1952,6,sibling_roster
920654,1938,4,graduate
920654,1933,1,sibling_roster
920654,1935,2,sibling_roster
920654,1937,3,sibling_roster
920654,1939,4,sibling_roster
920654,1940,5,sibling_roster
920654,1941,6,sibling_roster
920654,1943,7,sibling_roster
920654,1947,8,sibling_roster
920654,1949,9,sibling_roster
908246,1938,7,graduate
908246,1922,1,sibling_roster
908246,1925,2,sibling_roster
908246,1927,3,sibling_roster
908246,1934,4,sibling_roster
908246,1935,5,sibling_roster
908246,1937,6,sibling_roster
908246,1939,7,sibling_roster
933325,1939,2,graduate
933325,1938,1,sibling_roster
933325,1940,2,sibling_roster
933325,1943,3,sibling_roster
933325,1945,4,sibling_roster
933325,1948,5,sibling_roster
926307,1938,1,sibling_roster
926307,1939,2,sibling_roster
926307,1943,3,sibling_roster
926307,1947,4,sibling_roster
927757,1940,4,graduate
932978,1938,5,graduate
932978,1922,1,sibling_roster
932978,1925,2,sibling_roster
932978,1928,3,sibling_roster
932978,1935,4,sibling_roster
932978,1939,5,sibling_roster
910555,1939,4,graduate
910555,1932,1,sibling_roster
910555,1935,2,sibling_roster
910555,1937,3,sibling_roster
910555,1940,4,sibling_roster
910555,1949,5,sibling_roster
901578,1939,3,graduate
919259,1939,2,graduate
919259,1926,1,sibling_roster
919259,1939,2,sibling_roster
900762,1939,2,graduate
900762,1936,1,sibling_roster
900762,1940,2,sibling_roster
900762,1950,3,sibling_roster
900762,1952,4,sibling_roster
900762,1953,5,sibling_roster
900762,1957,6,sibling_roster
900762,1963,7,sibling_roster
920213,1940,1,sibling_roster
920213,1946,2,sibling_roster
918040,1939,3,graduate
918040,1936,1,sibling_roster
918040,1938,2,sibling_roster
918040,1939,3,sibling_roster
918040,1941,4,sibling_roster
917908,1939,11,graduate
917908,1913,1,sibling_roster
917908,1916,2,sibling_roster
917908,1920,3,sibling_roster
917908,1924,4,sibling_roster
917908,1927,5,sibling_roster
917908,1930,6,sibling_roster
917908,1933,7,sibling_roster
917908,1934,8,sibling_roster
917908,1939,9,sibling_roster
923780,1940,1,sibling_roster
923780,1943,2,sibling_roster
923780,1949,3,sibling_roster
923780,1953,4,sibling_roster
931661,1939,2,graduate
931661,1939,1,sibling_roster
931661,1940,2,sibling_roster
931661,1944,3,sibling_roster
928186,1939,3,graduate
906536,1940,1,sibling_roster
906536,1952,2,sibling_roster
928327,1939,1,sibling_roster
928327,1949,2,sibling_roster
926590,1939,4,graduate
926590,1927,1,sibling_roster
926590,1932,2,sibling_roster
926590,1937,3,sibling_roster
926590,1939,4,sibling_roster
926590,1940,5,sibling_roster
926590,1941,6,sibling_roster
911606,1941,1,sibling_roster
929976,1939,6,graduate
929976,1930,1,sibling_roster
929976,1930,2,sibling_roster
929976,1932,3,sibling_roster
929976,1933,4,sibling_roster
929976,1938,5,sibling_roster
929976,1940,6,sibling_roster
925238,1939,3,graduate
931188,1939,2,graduate
907213,1940,1,sibling_roster
911952,1939,3,graduate
911952,1930,1,sibling_roster
911952,1935,2,sibling_roster
911952,1940,3,sibling_roster
911952,1944,4,sibling_roster
911952,1955,5,sibling_roster
923433,1938,2,graduate
923433,1931,1,sibling_roster
923433,1939,2,sibling_roster
923433,1941,3,sibling_roster
921748,1939,3,graduate
921748,1900,1,sibling_roster
921748,1937,2,sibling_roster
921748,1940,3,sibling_roster
921748,1944,4,sibling_roster
921748,1946,5,sibling_roster
927843,1940,2,graduate
927843,1939,1,sibling_roster
927843,1940,2,sibling_roster
908698,1938,2,graduate
902412,1939,5,graduate
902412,1927,1,sibling_roster
902412,1928,2,sibling_roster
902412,1933,3,sibling_roster
902412,1937,4,sibling_roster
902412,1940,5,sibling_roster
902412,1941,6,sibling_roster
902412,1943,7,sibling_roster
902412,1946,8,sibling_roster
902412,1948,9,sibling_roster
902412,1950,10,sibling_roster
917879,1939,2,graduate
917879,1938,1,sibling_roster
917879,1940,2,sibling_roster
917879,1945,3,sibling_roster
917879,1947,4,sibling_roster
920577,1939,1,sibling_roster
920577,1941,2,sibling_roster
927641,1938,6,graduate
919323,1939,1,sibling_roster
919323,1944,2,sibling_roster
919323,1950,3,sibling_roster
906844,1938,2,graduate
926343,1939,1,sibling_roster
926343,1942,2,sibling_roster
926343,1944,3,sibling_roster
926343,1945,4,sibling_roster
900471,1939,1,sibling_roster
900471,1942,2,sibling_roster
905959,1940,1,sibling_roster
909451,1939,2,graduate
909451,1930,1,sibling_roster
909451,1939,2,sibling_roster
909451,1945,3,sibling_roster
922927,1939,2,graduate
922927,1936,1,sibling_roster
922927,1939,2,sibling_roster
922927,1947,3,sibling_roster
912538,1940,1,sibling_roster
900406,1939,1,sibling_roster
900406,1944,2,sibling_roster
918885,1939,3,graduate
933518,1939,4,graduate
927590,1939,2,graduate
925536,1939,2,graduate
925536,1937,1,sibling_roster
925536,1939,2,sibling_roster
925536,1940,3,sibling_roster
925536,1942,4,sibling_roster
925536,1947,5,sibling_roster
925536,1948,6,sibling_roster
901713,1939,1,sibling_roster
901713,1943,2,sibling_roster
901713,1950,3,sibling_roster
900674,1939,1,sibling_roster
900674,1944,2,sibling_roster
900674,1953,3,sibling_roster
902165,1939,3,graduate
911348,1939,4,graduate
911348,1931,1,sibling_roster
911348,1936,2,sibling_roster
911348,1938,3,sibling_roster
911348,1939,4,sibling_roster
911348,1941,5,sibling_roster
911348,1946,6,sibling_roster
911348,1948,7,sibling_roster
929175,1939,10,graduate
929175,1925,1,sibling_roster
929175,1927,2,sibling_roster
929175,1929,3,sibling_roster
929175,1931,4,sibling_roster
929175,1936,5,sibling_roster
929175,1938,6,sibling_roster
929175,1940,7,sibling_roster
929175,1942,8,sibling_roster
930215,1937,8,graduate
926580,1938,1,sibling_roster
926580,1945,2,sibling_roster
906763,1940,1,sibling_roster
906763,1945,2,sibling_roster
906763,1955,3,sibling_roster
909530,1939,2,graduate
913219,1939,2,graduate
913219,1932,1,sibling_roster
913219,1939,2,sibling_roster
913219,1947,3,sibling_roster
917835,1938,3,graduate
917835,1932,1,sibling_roster
917835,1936,2,sibling_roster
917835,1939,3,sibling_roster
917835,1940,4,sibling_roster
917835,1950,5,sibling_roster
914215,1940,1,sibling_roster
914215,1946,2,sibling_roster
926092,1940,1,sibling_roster
926092,1942,2,sibling_roster
926092,1945,3,sibling_roster
926092,1952,4,sibling_roster
926092,1958,5,sibling_roster
908109,1940,1,sibling_roster
908109,1942,2,sibling_roster
908109,1944,3,sibling_roster
908109,1946,4,sibling_roster
908109,1949,5,sibling_roster
908109,1951,6,sibling_roster
908109,1953,7,sibling_roster
908109,1955,8,sibling_roster
906994,1939,3,graduate
906994,1922,1,sibling_roster
906994,1924,2,sibling_roster
906994,1939,3,sibling_roster
904949,1939,2,graduate
904949,1935,1,sibling_roster
904949,1939,2,sibling_roster
904949,1945,3,sibling_roster
904949,1949,4,sibling_roster
919419,1939,3,graduate
919419,1925,1,sibling_roster
919419,1934,2,sibling_roster
919419,1939,3,sibling_roster
931517,1940,1,sibling_roster
931517,1956,2,sibling_roster
926743,1938,3,graduate
926743,1934,1,sibling_roster
926743,1937,2,sibling_roster
926743,1938,3,sibling_roster
926743,1940,4,sibling_roster
926743,1941,5,sibling_roster
917465,1939,2,graduate
917465,1938,1,sibling_roster
917465,1940,2,sibling_roster
917465,1942,3,sibling_roster
903312,1939,2,graduate
903312,1936,1,sibling_roster
903312,1939,2,sibling_roster
931099,1939,2,graduate
904048,1940,10,graduate
909001,1939,3,graduate
915901,1939,5,graduate
915901,1926,1,sibling_roster
915901,1928,2,sibling_roster
915901,1937,3,sibling_roster
915901,1939,4,sibling_roster
915901,1939,5,sibling_roster
915901,1941,6,sibling_roster
915901,1944,7,sibling_roster
915901,1946,8,sibling_roster
915901,1949,9,sibling_roster
915901,1950,10,sibling_roster
921320,1939,2,graduate
921320,1935,1,sibling_roster
921320,1939,2,sibling_roster
921320,1940,3,sibling_roster
921320,1944,4,sibling_roster
921320,1946,5,sibling_roster
921320,1951,6,sibling_roster
929813,1939,2,graduate
914617,1939,1,sibling_roster
916422,1939,2,graduate
916422,1938,1,sibling_roster
916422,1940,2,sibling_roster
916422,1942,3,sibling_roster
916422,1949,4,sibling_roster
916422,1950,5,sibling_roster
916422,1950,6,sibling_roster
916422,1952,7,sibling_roster
916422,1953,8,sibling_roster
916422,1954,9,sibling_roster
916422,1955,10,sibling_roster
916422,1956,11,sibling_roster
929329,1938,2,graduate
929329,1938,1,sibling_roster
929329,1939,2,sibling_roster
919769,1940,1,sibling_roster
919769,1941,2,sibling_roster
919769,1943,3,sibling_roster
919769,1946,4,sibling_roster
919769,1950,5,sibling_roster
926577,1939,1,sibling_roster
926577,1942,2,sibling_roster
926577,1948,3,sibling_roster
926577,1953,4,sibling_roster
926577,1959,5,sibling_roster
910744,1938,3,graduate
910744,1935,1,sibling_roster
910744,1937,2,sibling_roster
910744,1939,3,sibling_roster
910744,1953,4,sibling_roster
927414,1939,5,graduate
927414,1932,1,sibling_roster
927414,1933,2,sibling_roster
927414,1938,3,sibling_roster
927414,1938,4,sibling_roster
927414,1940,5,sibling_roster
927414,1941,6,sibling_roster
927414,1943,7,sibling_roster
907741,1938,3,graduate
907375,1939,2,graduate
923611,1939,4,graduate
921100,1939,1,sibling_roster
921100,1941,2,sibling_roster
921100,1949,3,sibling_roster
929539,1940,1,sibling_roster
929539,1943,2,sibling_roster
910766,1939,4,graduate
910766,1932,1,sibling_roster
910766,1933,2,sibling_roster
910766,1937,3,sibling_roster
910766,1940,4,sibling_roster
910766,1943,5,sibling_roster
910766,1943,6,sibling_roster
910766,1945,7,sibling_roster
925186,1938,5,graduate
925186,1923,1,sibling_roster
925186,1926,2,sibling_roster
925186,1927,3,sibling_roster
925186,1930,4,sibling_roster
925186,1939,5,sibling_roster
902503,1939,4,graduate
902503,1933,1,sibling_roster
902503,1936,2,sibling_roster
902503,1938,3,sibling_roster
902503,1939,4,sibling_roster
902503,1941,5,sibling_roster
902503,1942,6,sibling_roster
902503,1943,7,sibling_roster
902503,1947,8,sibling_roster
902503,1949,9,sibling_roster
902503,1951,10,sibling_roster
910471,1938,2,graduate
910471,1922,1,sibling_roster
910471,1938,2,sibling_roster
916209,1939,3,graduate
916209,1938,1,sibling_roster
916209,1939,2,sibling_roster
912417,1938,2,graduate
921252,1939,2,graduate
921252,1939,1,sibling_roster
921252,1940,2,sibling_roster
921252,1943,3,sibling_roster
921252,1945,4,sibling_roster
903862,1939,1,sibling_roster
902648,1939,2,graduate
902648,1938,1,sibling_roster
902648,1940,2,sibling_roster
902648,1942,3,sibling_roster
902648,1945,4,sibling_roster
902648,1947,5,sibling_roster
902648,1949,6,sibling_roster
915009,1939,3,graduate
901315,1940,2,graduate
926012,1939,2,graduate
926012,1938,1,sibling_roster
926012,1940,2,sibling_roster
932569,1938,2,graduate
926489,1939,2,graduate
919251,1939,1,sibling_roster
919251,1941,2,sibling_roster
919251,1944,3,sibling_roster
919251,1947,4,sibling_roster
910621,1938,5,graduate
910621,1928,1,sibling_roster
910621,1931,2,sibling_roster
910621,1933,3,sibling_roster
910621,1934,4,sibling_roster
910621,1939,5,sibling_roster
910621,1940,6,sibling_roster
910621,1947,7,sibling_roster
933578,1939,5,graduate
933578,1936,1,sibling_roster
933578,1936,2,sibling_roster
933578,1939,3,sibling_roster
933578,1940,4,sibling_roster
933578,1944,5,sibling_roster
902864,1939,2,graduate
902864,1930,1,sibling_roster
902864,1939,2,sibling_roster
917432,1937,4,graduate
917432,1927,1,sibling_roster
917432,1933,2,sibling_roster
917432,1935,3,sibling_roster
917432,1937,4,sibling_roster
917432,1941,5,sibling_roster
917432,1950,6,sibling_roster
905069,1940,1,sibling_roster
905069,1943,2,sibling_roster
925757,1938,2,graduate
925757,1938,1,sibling_roster
925757,1939,2,sibling_roster
925757,1941,3,sibling_roster
925757,1944,4,sibling_roster
914797,1939,1,sibling_roster
914797,1943,2,sibling_roster
907291,1939,10,graduate
910299,1939,2,graduate
910299,1938,1,sibling_roster
910299,1940,2,sibling_roster
910299,1943,3,sibling_roster
922009,1939,1,sibling_roster
922009,1942,2,sibling_roster
922009,1944,3,sibling_roster
920194,1939,2,graduate
920194,1937,1,sibling_roster
920194,1940,2,sibling_roster
931028,1939,2,graduate
931028,1932,1,sibling_roster
931028,1940,2,sibling_roster
927994,1940,1,sibling_roster
927994,1947,2,sibling_roster
933008,1940,1,sibling_roster
933008,1943,2,sibling_roster
933008,1944,3,sibling_roster
916851,1940,1,sibling_roster
914683,1939,7,graduate
914683,1926,1,sibling_roster
914683,1928,2,sibling_roster
914683,1929,3,sibling_roster
914683,1931,4,sibling_roster
914683,1933,5,sibling_roster
914683,1939,6,sibling_roster
914683,1941,7,sibling_roster
914930,1939,2,graduate
914930,1937,1,sibling_roster
914930,1940,2,sibling_roster
910260,1939,1,sibling_roster
910260,1939,2,sibling_roster
910260,1945,3,sibling_roster
910260,1953,4,sibling_roster
910226,1939,2,graduate
910226,1917,1,sibling_roster
910226,1940,2,sibling_roster
929938,1939,8,graduate
929938,1927,1,sibling_roster
929938,1930,2,sibling_roster
929938,1931,3,sibling_roster
929938,1932,4,sibling_roster
929938,1935,5,sibling_roster
929938,1937,6,sibling_roster
929938,1940,7,sibling_roster
926501,1939,1,sibling_roster
926501,1941,2,sibling_roster
915243,1939,10,graduate
915243,1908,1,sibling_roster
915243,1920,2,sibling_roster
915243,1921,3,sibling_roster
915243,1924,4,sibling_roster
915243,1926,5,sibling_roster
915243,1928,6,sibling_roster
915243,1932,7,sibling_roster
915243,1934,8,sibling_roster
915243,1937,9,sibling_roster
915243,1940,10,sibling_roster
931493,1939,2,graduate
931493,1938,1,sibling_roster
931493,1940,2,sibling_roster
931493,1949,3,sibling_roster
906910,1939,1,sibling_roster
906910,1940,2,sibling_roster
906910,1954,3,sibling_roster
916810,1940,1,sibling_roster
916810,1942,2,sibling_roster
916810,1943,3,sibling_roster
916810,1944,4,sibling_roster
916810,1946,5,sibling_roster
916810,1951,6,sibling_roster
919909,1939,1,sibling_roster
919909,1949,2,sibling_roster
919909,1953,3,sibling_roster
923939,1938,5,graduate
923939,1928,1,sibling_roster
923939,1930,2,sibling_roster
923939,1933,3,sibling_roster
923939,1936,4,sibling_roster
923939,1939,5,sibling_roster
923939,1943,6,sibling_roster
917140,1939,3,graduate
917140,1935,1,sibling_roster
917140,1938,2,sibling_roster
917140,1940,3,sibling_roster
917140,1941,4,sibling_roster
917140,1946,5,sibling_roster
917140,1952,6,sibling_roster
915055,1939,4,graduate
915055,1928,1,sibling_roster
915055,1930,2,sibling_roster
915055,1931,3,sibling_roster
915055,1933,4,sibling_roster
915055,1939,5,sibling_roster
915055,1941,6,sibling_roster
928910,1938,4,graduate
928910,1929,1,sibling_roster
928910,1930,2,sibling_roster
928910,1936,3,sibling_roster
928910,1939,4,sibling_roster
920593,1939,2,graduate
920593,1937,1,sibling_roster
920593,1940,2,sibling_roster
920593,1943,3,sibling_roster
920593,1947,4,sibling_roster
920593,1953,5,sibling_roster
911666,1940,1,sibling_roster
911666,1943,2,sibling_roster
911666,1945,3,sibling_roster
911666,1947,4,sibling_roster
911666,1955,5,sibling_roster
915556,1938,1,sibling_roster
915556,1939,2,sibling_roster
915556,1940,3,sibling_roster
915556,1941,4,sibling_roster
915556,1943,5,sibling_roster
915556,1945,6,sibling_roster
915556,1950,7,sibling_roster
927819,1940,1,sibling_roster
927819,1941,2,sibling_roster
927819,1950,3,sibling_roster
927819,1952,4,sibling_roster
927819,1955,5,sibling_roster
909247,1939,1,sibling_roster
909247,1941,2,sibling_roster
909247,1945,3,sibling_roster
901793,1939,2,graduate
901793,1938,1,sibling_roster
901793,1940,2,sibling_roster
901793,1941,3,sibling_roster
901793,1943,4,sibling_roster
901793,1945,5,sibling_roster
901793,1948,6,sibling_roster
901793,1951,7,sibling_roster
908823,1939,2,graduate
908823,1937,1,sibling_roster
908823,1940,2,sibling_roster
908823,1945,3,sibling_roster
908823,1947,4,sibling_roster
918413,1940,1,sibling_roster
918413,1943,2,sibling_roster
918413,1949,3,sibling_roster
918413,1953,4,sibling_roster
931677,1938,2,graduate
931677,1939,1,sibling_roster
927624,1940,1,sibling_roster
927624,1943,2,sibling_roster
927624,1947,3,sibling_roster
902349,1939,7,graduate
902349,1931,1,sibling_roster
902349,1932,2,sibling_roster
902349,1934,3,sibling_roster
902349,1934,4,sibling_roster
902349,1936,5,sibling_roster
902349,1938,6,sibling_roster
902349,1940,7,sibling_roster
902349,1941,8,sibling_roster
902349,1942,9,sibling_roster
902349,1950,10,sibling_roster
902349,1952,11,sibling_roster
902326,1939,1,sibling_roster
902326,1941,2,sibling_roster
902326,1942,3,sibling_roster
902326,1944,4,sibling_roster
901794,1939,3,graduate
901794,1937,1,sibling_roster
901794,1939,2,sibling_roster
901794,1940,3,sibling_roster
931808,1940,1,sibling_roster
931808,1942,2,sibling_roster
931808,1944,3,sibling_roster
931808,1950,4,sibling_roster
927720,1939,2,graduate
927720,1935,1,sibling_roster
927720,1940,2,sibling_roster
927576,1939,4,graduate
927576,1932,1,sibling_roster
927576,1937,2,sibling_roster
927576,1938,3,sibling_roster
927576,1940,4,sibling_roster
927576,1947,5,sibling_roster
919429,1939,6,graduate
919429,1928,1,sibling_roster
919429,1932,2,sibling_roster
919429,1935,3,sibling_roster
919429,1937,4,sibling_roster
919429,1940,5,sibling_roster
925414,1939,3,graduate
925414,1934,1,sibling_roster
925414,1939,2,sibling_roster
925414,1940,3,sibling_roster
925414,1941,4,sibling_roster
912108,1939,2,graduate
925444,1938,5,graduate
925444,1928,1,sibling_roster
925444,1930,2,sibling_roster
925444,1933,3,sibling_roster
925444,1936,4,sibling_roster
925444,1939,5,sibling_roster
925444,1940,6,sibling_roster
925444,1949,7,sibling_roster
931939,1939,2,graduate
931939,1937,1,sibling_roster
931939,1940,2,sibling_roster
931939,1943,3,sibling_roster
931939,1946,4,sibling_roster
931939,1947,5,sibling_roster
914249,1939,3,graduate
914249,1936,1,sibling_roster
914249,1938,2,sibling_roster
914249,1939,3,sibling_roster
915267,1939,4,graduate
915267,1935,1,sibling_roster
915267,1936,2,sibling_roster
915267,1937,3,sibling_roster
915267,1939,4,sibling_roster
915267,1941,5,sibling_roster
915267,1942,6,sibling_roster
915267,1943,7,sibling_roster
915267,1948,8,sibling_roster
915267,1948,9,sibling_roster
928381,1939,3,graduate
928381,1933,1,sibling_roster
928381,1938,2,sibling_roster
928381,1939,3,sibling_roster
900371,1939,1,sibling_roster
900371,1941,2,sibling_roster
927277,1940,1,sibling_roster
927277,1942,2,sibling_roster
927277,1947,3,sibling_roster
927277,1959,4,sibling_roster
909423,1939,2,graduate
909423,1932,1,sibling_roster
909423,1939,2,sibling_roster
909423,1941,3,sibling_roster
909423,1952,4,sibling_roster
909423,1957,5,sibling_roster
907526,1939,8,graduate
927538,1938,7,graduate
927538,1927,1,sibling_roster
927538,1927,2,sibling_roster
927538,1930,3,sibling_roster
927538,1934,4,sibling_roster
927538,1936,5,sibling_roster
927538,1936,6,sibling_roster
927538,1939,7,sibling_roster
916486,1938,2,graduate
916486,1937,1,sibling_roster
916486,1939,2,sibling_roster
916486,1941,3,sibling_roster
916486,1943,4,sibling_roster
916486,1944,5,sibling_roster
916486,1947,6,sibling_roster
916486,1948,7,sibling_roster
916486,1951,8,sibling_roster
916486,1954,9,sibling_roster
917312,1939,3,graduate
917312,1931,1,sibling_roster
917312,1936,2,sibling_roster
917312,1939,3,sibling_roster
917312,1941,4,sibling_roster
917312,1943,5,sibling_roster
927461,1939,1,sibling_roster
927461,1941,2,sibling_roster
927461,1944,3,sibling_roster
927461,1949,4,sibling_roster
927461,1954,5,sibling_roster
930717,1940,1,sibling_roster
930717,1945,2,sibling_roster
930717,1948,3,sibling_roster
930717,1951,4,sibling_roster
916160,1938,7,graduate
916160,1917,1,sibling_roster
916160,1922,2,sibling_roster
916160,1923,3,sibling_roster
916160,1926,4,sibling_roster
916160,1927,5,sibling_roster
916160,1928,6,sibling_roster
916160,1929,7,sibling_roster
916160,1939,8,sibling_roster
916160,1943,9,sibling_roster
904978,1939,4,graduate
908598,1939,1,sibling_roster
908598,1941,2,sibling_roster
908598,1943,3,sibling_roster
908598,1945,4,sibling_roster
908598,1964,5,sibling_roster
926515,1939,5,graduate
926515,1930,1,sibling_roster
926515,1933,2,sibling_roster
926515,1935,3,sibling_roster
926515,1937,4,sibling_roster
926515,1939,5,sibling_roster
926515,1951,6,sibling_roster
929969,1940,1,sibling_roster
929969,1944,2,sibling_roster
929969,1947,3,sibling_roster
929969,1951,4,sibling_roster
914096,1939,4,graduate
914096,1934,1,sibling_roster
914096,1936,2,sibling_roster
914096,1937,3,sibling_roster
914096,1940,4,sibling_roster
914096,1941,5,sibling_roster
914096,1943,6,sibling_roster
914096,1946,7,sibling_roster
914096,1959,8,sibling_roster
909651,1939,3,graduate
909651,1936,1,sibling_roster
909651,1938,2,sibling_roster
909651,1940,3,sibling_roster
909651,1942,4,sibling_roster
909651,1945,5,sibling_roster
909651,1947,6,sibling_roster
902354,1940,3,graduate
928710,1938,2,graduate
904699,1939,2,graduate
904699,1938,1,sibling_roster
904699,1940,2,sibling_roster
913130,1940,2,graduate
913130,1939,1,sibling_roster
913130,1940,2,sibling_roster
913130,1941,3,sibling_roster
924189,1939,3,graduate
907215,1939,1,sibling_roster
907215,1941,2,sibling_roster
907215,1941,3,sibling_roster
907215,1943,4,sibling_roster
926232,1939,6,graduate
926251,1939,4,graduate
926251,1935,1,sibling_roster
926251,1937,2,sibling_roster
926251,1938,3,sibling_roster
926251,1940,4,sibling_roster
926251,1943,5,sibling_roster
926251,1947,6,sibling_roster
904013,1939,1,sibling_roster
904013,1942,2,sibling_roster
904013,1945,3,sibling_roster
904013,1948,4,sibling_roster
904013,1949,5,sibling_roster
918128,1939,4,graduate
909476,1939,2,graduate
909476,1936,1,sibling_roster
909476,1939,2,sibling_roster
903561,1940,1,sibling_roster
903561,1941,2,sibling_roster
903561,1944,3,sibling_roster
903561,1946,4,sibling_roster
903561,1953,5,sibling_roster
910065,1939,1,sibling_roster
910065,1941,2,sibling_roster
910065,1942,3,sibling_roster
928938,1940,5,graduate
930441,1939,2,graduate
930441,1936,1,sibling_roster
930441,1940,2,sibling_roster
909362,1940,1,sibling_roster
921163,1939,2,graduate
921163,1929,1,sibling_roster
921163,1940,2,sibling_roster
921163,1943,3,sibling_roster
923165,1939,1,sibling_roster
923165,1945,2,sibling_roster
905780,1939,4,graduate
922436,1939,2,graduate
925512,1939,1,sibling_roster
901436,1939,1,sibling_roster
901436,1942,2,sibling_roster
930197,1939,4,graduate
920050,1939,2,graduate
920050,1926,1,sibling_roster
920050,1939,2,sibling_roster
923234,1939,2,graduate
923234,1938,1,sibling_roster
923234,1940,2,sibling_roster
926756,1936,1,sibling_roster
926756,1940,2,sibling_roster
926756,1948,3,sibling_roster
930193,1939,4,graduate
930193,1929,1,sibling_roster
930193,1933,2,sibling_roster
930193,1936,3,sibling_roster
930193,1939,4,sibling_roster
930193,1943,5,sibling_roster
927442,1938,9,graduate
927442,1922,1,sibling_roster
927442,1924,2,sibling_roster
927442,1925,3,sibling_roster
927442,1926,4,sibling_roster
927442,1927,5,sibling_roster
927442,1928,6,sibling_roster
927442,1930,7,sibling_roster
927442,1936,8,sibling_roster
927442,1939,9,sibling_roster
900979,1939,2,graduate
900979,1932,1,sibling_roster
900979,1940,2,sibling_roster
933593,1939,2,graduate
933593,1937,1,sibling_roster
933593,1940,2,sibling_roster
933593,1944,3,sibling_roster
933593,1946,4,sibling_roster
919335,1939,2,graduate
919335,1937,1,sibling_roster
919335,1940,2,sibling_roster
919335,1944,3,sibling_roster
907499,1939,2,graduate
907499,1937,1,sibling_roster
907499,1940,2,sibling_roster
907499,1945,3,sibling_roster
907499,1948,4,sibling_roster
903786,1940,1,sibling_roster
900969,1939,4,graduate
900969,1917,2,sibling_roster
900969,1931,3,sibling_roster
900969,1940,4,sibling_roster
932765,1939,5,graduate
932765,1932,2,sibling_roster
932765,1933,3,sibling_roster
932765,1934,4,sibling_roster
932765,1940,5,sibling_roster
931782,1940,1,sibling_roster
931782,1942,2,sibling_roster
931782,1943,3,sibling_roster
931782,1945,4,sibling_roster
931782,1946,5,sibling_roster
931782,1957,6,sibling_roster
903675,1940,1,sibling_roster
903675,1942,2,sibling_roster
921732,1937,1,sibling_roster
921732,1940,2,sibling_roster
921732,1946,3,sibling_roster
903819,1939,3,graduate
924396,1940,1,sibling_roster
924396,1941,2,sibling_roster
924396,1947,3,sibling_roster
924396,1950,4,sibling_roster
900606,1939,2,graduate
924045,1939,2,graduate
924045,1936,1,sibling_roster
924045,1940,2,sibling_roster
924045,1944,3,sibling_roster
905491,1939,2,graduate
905491,1928,1,sibling_roster
905491,1939,2,sibling_roster
905491,1947,3,sibling_roster
906241,1939,2,graduate
906241,1939,1,sibling_roster
906241,1940,2,sibling_roster
906241,1941,3,sibling_roster
906241,1958,4,sibling_roster
927317,1940,1,sibling_roster
901267,1940,1,sibling_roster
915065,1939,4,graduate
915065,1923,1,sibling_roster
915065,1926,2,sibling_roster
915065,1927,3,sibling_roster
915065,1939,4,sibling_roster
906300,1938,1,sibling_roster
906300,1941,2,sibling_roster
906300,1945,3,sibling_roster
906300,1947,4,sibling_roster
906300,1947,5,sibling_roster
906300,1956,6,sibling_roster
910531,1938,2,graduate
910531,1935,1,sibling_roster
910531,1938,2,sibling_roster
910531,1939,3,sibling_roster
910531,1939,4,sibling_roster
910531,1943,5,sibling_roster
910531,1948,6,sibling_roster
910531,1949,7,sibling_roster
909980,1939,6,graduate
909980,1923,1,sibling_roster
909980,1926,2,sibling_roster
909980,1929,3,sibling_roster
909980,1935,4,sibling_roster
909980,1936,5,sibling_roster
909980,1939,6,sibling_roster
911136,1939,3,graduate
911136,1935,1,sibling_roster
911136,1938,2,sibling_roster
911136,1940,3,sibling_roster
911136,1949,4,sibling_roster
911136,1955,5,sibling_roster
919211,1939,3,graduate
921903,1940,1,sibling_roster
900229,1938,10,graduate
900229,1921,1,sibling_roster
900229,1930,6,sibling_roster
900229,1931,7,sibling_roster
900229,1935,8,sibling_roster
900229,1936,9,sibling_roster
900229,1938,10,sibling_roster
908271,1939,2,graduate
908271,1936,1,sibling_roster
908271,1939,2,sibling_roster
908271,1944,3,sibling_roster
908271,1944,4,sibling_roster
926816,1939,3,graduate
926816,1936,1,sibling_roster
926816,1939,2,sibling_roster
926816,1940,3,sibling_roster
926816,1941,4,sibling_roster
926816,1943,5,sibling_roster
926816,1944,6,sibling_roster
926816,1946,7,sibling_roster
926816,1949,8,sibling_roster
926816,1952,9,sibling_roster
926816,1954,10,sibling_roster
912342,1939,5,graduate
912342,1922,1,sibling_roster
912342,1922,2,sibling_roster
912342,1926,3,sibling_roster
912342,1928,4,sibling_roster
912342,1940,5,sibling_roster
911716,1939,2,graduate
911716,1936,1,sibling_roster
911716,1940,2,sibling_roster
924262,1939,8,graduate
924262,1913,1,sibling_roster
924262,1916,2,sibling_roster
924262,1921,3,sibling_roster
924262,1922,4,sibling_roster
924262,1925,5,sibling_roster
924262,1928,6,sibling_roster
924262,1934,7,sibling_roster
924262,1940,8,sibling_roster
914565,1939,2,graduate
914565,1934,1,sibling_roster
914565,1939,2,sibling_roster
914565,1941,3,sibling_roster
914565,1945,4,sibling_roster
914565,1949,5,sibling_roster
918291,1939,4,graduate
918291,1929,1,sibling_roster
918291,1931,2,sibling_roster
918291,1936,3,sibling_roster
918291,1939,4,sibling_roster
918291,1946,5,sibling_roster
918291,1956,6,sibling_roster
905766,1940,1,sibling_roster
905766,1943,2,sibling_roster
905766,1946,3,sibling_roster
905766,1948,4,sibling_roster
905766,1955,5,sibling_roster
905766,1957,6,sibling_roster
924098,1939,6,graduate
924098,1932,1,sibling_roster
924098,1933,2,sibling_roster
924098,1935,3,sibling_roster
924098,1937,4,sibling_roster
924098,1938,5,sibling_roster
924098,1940,6,sibling_roster
924098,1943,7,sibling_roster
924098,1945,8,sibling_roster
902027,1939,8,graduate
902027,1923,1,sibling_roster
902027,1924,2,sibling_roster
902027,1928,3,sibling_roster
902027,1929,4,sibling_roster
902027,1932,5,sibling_roster
902027,1938,6,sibling_roster
902027,1940,7,sibling_roster
920360,1938,11,graduate
927445,1939,3,graduate
927445,1933,1,sibling_roster
927445,1934,2,sibling_roster
927445,1940,3,sibling_roster
927445,1950,4,sibling_roster
927445,1955,5,sibling_roster
927445,1957,6,sibling_roster
927445,1965,7,sibling_roster
923774,1939,4,graduate
912302,1940,1,sibling_roster
912302,1944,2,sibling_roster
915728,1939,1,sibling_roster
915728,1949,2,sibling_roster
911226,1939,4,graduate
911226,1935,1,sibling_roster
911226,1937,2,sibling_roster
911226,1938,3,sibling_roster
911226,1939,4,sibling_roster
911226,1941,5,sibling_roster
911226,1947,6,sibling_roster
911226,1947,7,sibling_roster
911226,1955,8,sibling_roster
911226,1958,9,sibling_roster
908241,1939,3,graduate
908557,1940,1,sibling_roster
908557,1941,2,sibling_roster
927535,1939,5,graduate
918327,1939,1,sibling_roster
918327,1942,2,sibling_roster
918327,1944,3,sibling_roster
918327,1946,4,sibling_roster
918327,1951,5,sibling_roster
911060,1938,3,graduate
911060,1931,1,sibling_roster
911060,1935,2,sibling_roster
911060,1939,3,sibling_roster
911060,1943,4,sibling_roster
911060,1948,5,sibling_roster
911060,1951,6,sibling_roster
927990,1939,7,graduate
927990,1929,1,sibling_roster
927990,1930,2,sibling_roster
927990,1930,3,sibling_roster
927990,1931,4,sibling_roster
927990,1933,5,sibling_roster
927990,1934,6,sibling_roster
927990,1940,7,sibling_roster
914996,1938,4,graduate
914996,1933,1,sibling_roster
914996,1935,2,sibling_roster
914996,1936,3,sibling_roster
914996,1938,4,sibling_roster
914996,1944,5,sibling_roster
931737,1939,6,graduate
931737,1929,1,sibling_roster
931737,1931,2,sibling_roster
931737,1933,3,sibling_roster
931737,1935,4,sibling_roster
931737,1937,5,sibling_roster
931737,1939,6,sibling_roster
931737,1941,7,sibling_roster
931737,1943,8,sibling_roster
931737,1945,9,sibling_roster
931737,1947,10,sibling_roster
931737,1948,11,sibling_roster
903799,1939,2,graduate
903799,1937,1,sibling_roster
903799,1939,2,sibling_roster
903799,1939,3,sibling_roster
903799,1941,4,sibling_roster
903799,1942,5,sibling_roster
903799,1943,6,sibling_roster
903799,1948,7,sibling_roster
903799,1953,8,sibling_roster
903799,1955,9,sibling_roster
910995,1939,1,sibling_roster
910995,1950,2,sibling_roster
915981,1939,1,sibling_roster
915981,1944,2,sibling_roster
915981,1946,3,sibling_roster
915981,1951,4,sibling_roster
915981,1959,5,sibling_roster
924706,1938,3,graduate
924706,1935,1,sibling_roster
924706,1937,2,sibling_roster
924706,1939,3,sibling_roster
924706,1941,4,sibling_roster
924706,1942,5,sibling_roster
924706,1950,6,sibling_roster
924706,1952,7,sibling_roster
924706,1956,8,sibling_roster
929067,1939,4,graduate
929067,1933,1,sibling_roster
929067,1935,2,sibling_roster
929067,1937,3,sibling_roster
929067,1939,4,sibling_roster
929067,1941,5,sibling_roster
929067,1943,6,sibling_roster
929067,1945,7,sibling_roster
929067,1947,8,sibling_roster
929067,1949,9,sibling_roster
913870,1939,1,sibling_roster
922970,1940,1,sibling_roster
922970,1942,2,sibling_roster
916429,1939,3,graduate
916429,1932,1,sibling_roster
916429,1934,2,sibling_roster
916429,1939,3,sibling_roster
916429,1945,4,sibling_roster
932217,1939,3,graduate
932217,1933,1,sibling_roster
932217,1934,2,sibling_roster
932217,1940,3,sibling_roster
932217,1941,4,sibling_roster
917116,1939,2,graduate
917116,1934,1,sibling_roster
917116,1939,2,sibling_roster
917116,1944,3,sibling_roster
900846,1939,4,graduate
900846,1931,1,sibling_roster
900846,1935,2,sibling_roster
900846,1938,3,sibling_roster
900846,1940,4,sibling_roster
907465,1939,2,graduate
907465,1939,1,sibling_roster
907465,1940,2,sibling_roster
923751,1939,4,graduate
909689,1937,5,graduate
909689,1926,1,sibling_roster
909689,1928,2,sibling_roster
909689,1929,3,sibling_roster
909689,1933,4,sibling_roster
909689,1938,5,sibling_roster
909689,1941,6,sibling_roster
909689,1945,7,sibling_roster
908493,1939,3,graduate
908493,1930,1,sibling_roster
908493,1936,2,sibling_roster
908493,1940,3,sibling_roster
913468,1939,1,sibling_roster
913468,1942,2,sibling_roster
913468,1944,3,sibling_roster
913468,1945,4,sibling_roster
913468,1950,5,sibling_roster
913468,1954,6,sibling_roster
928533,1940,1,sibling_roster
928533,1944,2,sibling_roster
928533,1947,3,sibling_roster
908811,1939,3,graduate
924018,1939,9,graduate
924018,1927,1,sibling_roster
924018,1928,2,sibling_roster
924018,1929,3,sibling_roster
924018,1931,4,sibling_roster
924018,1933,5,sibling_roster
924018,1934,6,sibling_roster
924018,1936,7,sibling_roster
924018,1938,8,sibling_roster
924018,1939,9,sibling_roster
924018,1943,10,sibling_roster
920281,1939,4,graduate
920281,1934,1,sibling_roster
920281,1936,2,sibling_roster
920281,1938,3,sibling_roster
920281,1940,4,sibling_roster
920281,1943,5,sibling_roster
920281,1945,6,sibling_roster
901852,1938,2,graduate
901852,1936,1,sibling_roster
901852,1939,2,sibling_roster
927686,1940,1,sibling_roster
927686,1945,2,sibling_roster
930797,1939,6,graduate
930797,1925,1,sibling_roster
930797,1929,2,sibling_roster
930797,1932,3,sibling_roster
930797,1934,4,sibling_roster
930797,1936,5,sibling_roster
930797,1940,6,sibling_roster
930797,1944,7,sibling_roster
921482,1939,1,sibling_roster
921482,1946,2,sibling_roster
921482,1951,3,sibling_roster
921482,1958,4,sibling_roster
912520,1939,6,graduate
912520,1931,1,sibling_roster
912520,1932,2,sibling_roster
912520,1933,3,sibling_roster
912520,1936,4,sibling_roster
912520,1939,5,sibling_roster
912520,1940,6,sibling_roster
912520,1941,7,sibling_roster
912520,1941,8,sibling_roster
917509,1940,4,graduate
917509,1933,1,sibling_roster
917509,1934,2,sibling_roster
917509,1935,3,sibling_roster
917509,1940,4,sibling_roster
917509,1945,5,sibling_roster
917509,1950,6,sibling_roster
916554,1940,1,sibling_roster
916554,1941,2,sibling_roster
916554,1943,3,sibling_roster
916554,1944,4,sibling_roster
916554,1949,5,sibling_roster
916554,1953,6,sibling_roster
916554,1955,7,sibling_roster
905443,1939,2,graduate
905443,1936,1,sibling_roster
905443,1940,2,sibling_roster
905443,1944,3,sibling_roster
905443,1947,4,sibling_roster
905443,1957,5,sibling_roster
908675,1938,3,graduate
908675,1932,1,sibling_roster
908675,1938,2,sibling_roster
908675,1939,3,sibling_roster
908675,1939,4,sibling_roster
908675,1941,5,sibling_roster
908675,1943,6,sibling_roster
908675,1943,7,sibling_roster
908675,1953,8,sibling_roster
903469,1939,1,sibling_roster
903469,1941,2,sibling_roster
911301,1938,9,graduate
926666,1939,9,graduate
907690,1939,3,graduate
907690,1922,1,sibling_roster
907690,1933,2,sibling_roster
907690,1939,3,sibling_roster
916861,1939,4,graduate
916861,1937,1,sibling_roster
916861,1938,2,sibling_roster
916861,1939,3,sibling_roster
916861,1940,4,sibling_roster
916861,1941,5,sibling_roster
916861,1948,6,sibling_roster
916861,1949,7,sibling_roster
916861,1957,8,sibling_roster
916861,1959,9,sibling_roster
924652,1939,2,graduate
924652,1938,1,sibling_roster
924652,1940,2,sibling_roster
930703,1939,3,graduate
930703,1935,1,sibling_roster
930703,1938,2,sibling_roster
930703,1940,3,sibling_roster
930703,1943,4,sibling_roster
930703,1944,5,sibling_roster
930703,1946,6,sibling_roster
930703,1947,7,sibling_roster
930703,1948,8,sibling_roster
930703,1950,9,sibling_roster
930703,1951,10,sibling_roster
930703,1954,11,sibling_roster
921813,1939,7,graduate
932705,1939,10,graduate
932705,1919,1,sibling_roster
932705,1920,2,sibling_roster
932705,1923,3,sibling_roster
932705,1927,4,sibling_roster
932705,1927,5,sibling_roster
932705,1929,6,sibling_roster
932705,1931,7,sibling_roster
932705,1935,8,sibling_roster
932705,1937,9,sibling_roster
932705,1940,10,sibling_roster
932705,1941,11,sibling_roster
932705,1942,12,sibling_roster
903784,1939,2,graduate
903784,1935,1,sibling_roster
903784,1940,2,sibling_roster
903784,1948,3,sibling_roster
903784,1950,4,sibling_roster
919716,1939,11,graduate
919716,1920,1,sibling_roster
919716,1923,2,sibling_roster
919716,1926,3,sibling_roster
919716,1930,4,sibling_roster
919716,1932,5,sibling_roster
919716,1934,6,sibling_roster
919716,1935,7,sibling_roster
919716,1936,8,sibling_roster
919716,1937,9,sibling_roster
919716,1939,10,sibling_roster
913392,1939,4,graduate
913392,1927,1,sibling_roster
913392,1933,2,sibling_roster
913392,1936,3,sibling_roster
913392,1940,4,sibling_roster
910616,1939,2,graduate
910616,1937,1,sibling_roster
910616,1940,2,sibling_roster
910616,1942,3,sibling_roster
910616,1947,4,sibling_roster
910616,1949,5,sibling_roster
910616,1949,6,sibling_roster
907199,1938,3,graduate
910333,1939,6,graduate
910333,1923,1,sibling_roster
910333,1924,2,sibling_roster
910333,1926,3,sibling_roster
910333,1928,4,sibling_roster
910333,1937,5,sibling_roster
910333,1939,6,sibling_roster
910333,1943,7,sibling_roster
926329,1939,1,sibling_roster
926329,1940,2,sibling_roster
926329,1950,3,sibling_roster
926329,1956,4,sibling_roster
926663,1939,7,graduate
914857,1939,3,graduate
914857,1933,1,sibling_roster
914857,1936,2,sibling_roster
914857,1939,3,sibling_roster
914857,1943,4,sibling_roster
914857,1949,5,sibling_roster
912539,1939,4,graduate
912539,1935,1,sibling_roster
912539,1939,2,sibling_roster
912539,1939,3,sibling_roster
912539,1940,4,sibling_roster
912539,1942,5,sibling_roster
912539,1945,6,sibling_roster
912539,1947,7,sibling_roster
912539,1947,8,sibling_roster
912539,1948,9,sibling_roster
908642,1939,2,graduate
908642,1937,1,sibling_roster
908642,1940,2,sibling_roster
908642,1941,3,sibling_roster
908642,1945,4,sibling_roster
919063,1938,4,graduate
921408,1939,6,graduate
923901,1939,2,graduate
904402,1938,1,sibling_roster
904402,1939,2,sibling_roster
904402,1940,3,sibling_roster
904402,1946,4,sibling_roster
920934,1939,2,graduate
911649,1939,3,graduate
911649,1937,1,sibling_roster
911649,1939,2,sibling_roster
911649,1940,3,sibling_roster
911649,1942,4,sibling_roster
911649,1944,5,sibling_roster
919069,1939,2,graduate
919069,1938,1,sibling_roster
919069,1940,2,sibling_roster
919069,1944,3,sibling_roster
922353,1940,2,graduate
922353,1938,1,sibling_roster
922353,1940,2,sibling_roster
922353,1942,3,sibling_roster
922353,1946,4,sibling_roster
922353,1948,5,sibling_roster
907328,1939,1,sibling_roster
926218,1938,4,graduate
926218,1923,1,sibling_roster
926218,1924,2,sibling_roster
926218,1929,3,sibling_roster
926218,1939,4,sibling_roster
926218,1942,5,sibling_roster
925837,1939,2,graduate
924393,1939,4,graduate
924393,1935,1,sibling_roster
924393,1937,2,sibling_roster
924393,1938,3,sibling_roster
924393,1940,4,sibling_roster
924393,1943,5,sibling_roster
924393,1957,6,sibling_roster
923215,1939,1,sibling_roster
923215,1942,2,sibling_roster
923215,1943,3,sibling_roster
927662,1939,2,graduate
927662,1937,1,sibling_roster
927662,1940,2,sibling_roster
913372,1939,2,graduate
931565,1938,4,graduate
931565,1925,1,sibling_roster
931565,1926,2,sibling_roster
931565,1927,3,sibling_roster
931565,1938,4,sibling_roster
920995,1938,2,graduate
932187,1938,4,graduate
932187,1932,1,sibling_roster
932187,1935,2,sibling_roster
932187,1936,3,sibling_roster
932187,1939,4,sibling_roster
927006,1940,1,sibling_roster
927006,1945,2,sibling_roster
927006,1950,3,sibling_roster
927006,1962,4,sibling_roster
930764,1940,1,sibling_roster
930764,1942,2,sibling_roster
930764,1944,3,sibling_roster
930764,1946,4,sibling_roster
930764,1964,5,sibling_roster
906137,1938,1,sibling_roster
906137,1943,2,sibling_roster
927211,1939,1,sibling_roster
927211,1941,2,sibling_roster
906038,1939,2,graduate
908604,1939,4,graduate
908786,1939,3,graduate
908786,1940,1,sibling_roster
908786,1944,2,sibling_roster
908786,1948,3,sibling_roster
908786,1953,4,sibling_roster
916303,1940,1,sibling_roster
916303,1948,2,sibling_roster
916303,1949,3,sibling_roster
916303,1950,4,sibling_roster
916303,1951,5,sibling_roster
916303,1952,6,sibling_roster
927403,1938,3,graduate
927403,1935,1,sibling_roster
927403,1936,2,sibling_roster
927403,1939,3,sibling_roster
932203,1939,4,graduate
915124,1940,1,sibling_roster
928931,1939,2,graduate
928931,1940,1,sibling_roster
928931,1940,2,sibling_roster
928931,1953,3,sibling_roster
922456,1939,1,sibling_roster
922456,1942,2,sibling_roster
906268,1939,2,graduate
906268,1935,1,sibling_roster
906268,1940,2,sibling_roster
908066,1940,5,graduate
928585,1940,1,sibling_roster
919094,1939,5,graduate
919094,1937,1,sibling_roster
919094,1938,2,sibling_roster
919094,1938,3,sibling_roster
919094,1940,4,sibling_roster
919094,1941,5,sibling_roster
919094,1943,6,sibling_roster
919094,1948,7,sibling_roster
919094,1952,8,sibling_roster
919094,1953,9,sibling_roster
919094,1954,10,sibling_roster
919094,1955,11,sibling_roster
900601,1939,4,graduate
900601,1926,1,sibling_roster
900601,1929,2,sibling_roster
900601,1938,3,sibling_roster
900601,1939,4,sibling_roster
900601,1945,5,sibling_roster
900601,1950,6,sibling_roster
924124,1939,1,sibling_roster
924124,1942,2,sibling_roster
924124,1948,3,sibling_roster
921663,1938,1,sibling_roster
921663,1947,2,sibling_roster
921663,1953,3,sibling_roster
921663,1956,4,sibling_roster
920064,1938,4,graduate
913121,1938,2,graduate
913121,1937,1,sibling_roster
913121,1939,2,sibling_roster
913121,1943,3,sibling_roster
913121,1945,4,sibling_roster
929816,1939,3,graduate
929816,1935,1,sibling_roster
929816,1937,2,sibling_roster
929816,1940,3,sibling_roster
929816,1945,4,sibling_roster
929816,1947,5,sibling_roster
901557,1939,3,graduate
901557,1933,1,sibling_roster
901557,1936,2,sibling_roster
901557,1940,3,sibling_roster
901557,1942,4,sibling_roster
912083,1940,1,sibling_roster
912083,1951,2,sibling_roster
930435,1939,2,graduate
919926,1939,5,graduate
919926,1930,1,sibling_roster
919926,1933,2,sibling_roster
919926,1935,3,sibling_roster
919926,1937,4,sibling_roster
919926,1940,5,sibling_roster
919926,1941,6,sibling_roster
917774,1940,1,sibling_roster
917774,1941,2,sibling_roster
917774,1944,3,sibling_roster
919346,1939,3,graduate
919346,1934,1,sibling_roster
919346,1936,2,sibling_roster
919346,1939,3,sibling_roster
919346,1941,4,sibling_roster
919346,1947,5,sibling_roster
908126,1939,2,graduate
908126,1936,1,sibling_roster
908126,1939,2,sibling_roster
908126,1943,3,sibling_roster
908126,1948,4,sibling_roster
930367,1939,5,graduate
930367,1930,1,sibling_roster
930367,1931,2,sibling_roster
930367,1935,3,sibling_roster
930367,1936,4,sibling_roster
930367,1939,5,sibling_roster
933516,1939,1,sibling_roster
933516,1942,2,sibling_roster
901673,1939,3,graduate
901673,1938,1,sibling_roster
901673,1939,2,sibling_roster
901673,1940,3,sibling_roster
901673,1943,4,sibling_roster
901673,1946,5,sibling_roster
931522,1939,3,graduate
931522,1938,1,sibling_roster
931522,1940,2,sibling_roster
931522,1943,3,sibling_roster
916535,1938,2,graduate
916535,1936,1,sibling_roster
916535,1939,2,sibling_roster
916535,1941,3,sibling_roster
916535,1943,4,sibling_roster
906909,1940,1,sibling_roster
906909,1944,2,sibling_roster
900117,1939,2,graduate
900117,1938,1,sibling_roster
900117,1940,2,sibling_roster
900117,1942,3,sibling_roster
900117,1944,4,sibling_roster
900117,1949,5,sibling_roster
900117,1957,6,sibling_roster
900117,1959,7,sibling_roster
910400,1940,1,sibling_roster
910400,1944,2,sibling_roster
921426,1939,3,graduate
921426,1933,1,sibling_roster
921426,1937,2,sibling_roster
921426,1940,3,sibling_roster
921426,1947,4,sibling_roster
900311,1939,3,graduate
928746,1939,3,graduate
928746,1934,1,sibling_roster
928746,1935,2,sibling_roster
928746,1939,3,sibling_roster
928746,1942,4,sibling_roster
905021,1938,2,graduate
905021,1934,1,sibling_roster
905021,1939,2,sibling_roster
923773,1939,3,graduate
913262,1940,1,sibling_roster
913262,1946,2,sibling_roster
913262,1948,3,sibling_roster
913262,1955,4,sibling_roster
907825,1939,4,graduate
907825,1933,1,sibling_roster
907825,1934,2,sibling_roster
907825,1937,3,sibling_roster
907825,1940,4,sibling_roster
911164,1939,4,graduate
911164,1937,2,sibling_roster
911164,1938,3,sibling_roster
911164,1939,4,sibling_roster
911164,1941,5,sibling_roster
911164,1943,6,sibling_roster
909612,1937,7,graduate
909612,1925,1,sibling_roster
909612,1927,2,sibling_roster
909612,1927,3,sibling_roster
909612,1929,4,sibling_roster
909612,1933,5,sibling_roster
909612,1935,6,sibling_roster
909612,1940,7,sibling_roster
909612,1940,8,sibling_roster
909612,1942,9,sibling_roster
909612,1944,10,sibling_roster
921784,1939,2,graduate
921784,1939,1,sibling_roster
921784,1940,2,sibling_roster
921784,1942,3,sibling_roster
921784,1944,4,sibling_roster
921784,1946,5,sibling_roster
930751,1940,1,sibling_roster
930751,1944,2,sibling_roster
930751,1947,3,sibling_roster
930751,1949,4,sibling_roster
930751,1951,5,sibling_roster
930751,1956,6,sibling_roster
929779,1939,2,graduate
929779,1936,1,sibling_roster
929779,1939,2,sibling_roster
929779,1944,3,sibling_roster
916034,1939,3,graduate
916034,1938,1,sibling_roster
916034,1939,2,sibling_roster
916034,1940,3,sibling_roster
916034,1941,4,sibling_roster
916034,1943,5,sibling_roster
916034,1946,6,sibling_roster
917232,1939,8,graduate
917232,1922,2,sibling_roster
917232,1927,4,sibling_roster
917232,1930,5,sibling_roster
917232,1931,6,sibling_roster
917232,1937,7,sibling_roster
917232,1939,8,sibling_roster
917232,1941,9,sibling_roster
917839,1940,1,sibling_roster
917839,1942,2,sibling_roster
907095,1939,2,graduate
907095,1933,1,sibling_roster
907095,1940,2,sibling_roster
907095,1943,3,sibling_roster
913071,1939,4,graduate
920628,1939,3,graduate
920628,1932,1,sibling_roster
920628,1937,2,sibling_roster
920628,1940,3,sibling_roster
920628,1953,4,sibling_roster
927635,1939,6,graduate
927635,1925,1,sibling_roster
927635,1928,2,sibling_roster
927635,1930,3,sibling_roster
927635,1934,4,sibling_roster
927635,1937,5,sibling_roster
927635,1939,6,sibling_roster
926366,1939,3,graduate
926366,1928,1,sibling_roster
926366,1930,2,sibling_roster
926366,1940,3,sibling_roster
928112,1940,1,sibling_roster
926521,1939,1,sibling_roster
926521,1940,2,sibling_roster
929799,1939,5,graduate
906412,1939,3,graduate
930446,1939,6,graduate
930446,1920,1,sibling_roster
930446,1922,2,sibling_roster
930446,1927,3,sibling_roster
930446,1929,4,sibling_roster
930446,1932,5,sibling_roster
930446,1939,6,sibling_roster
916149,1939,8,graduate
916149,1920,1,sibling_roster
916149,1923,2,sibling_roster
916149,1927,3,sibling_roster
916149,1929,4,sibling_roster
916149,1931,5,sibling_roster
916149,1934,6,sibling_roster
916149,1939,7,sibling_roster
916149,1941,8,sibling_roster
916149,1945,9,sibling_roster
916149,1946,10,sibling_roster
931223,1939,2,graduate
907852,1939,4,graduate
907852,1932,1,sibling_roster
907852,1936,2,sibling_roster
907852,1938,3,sibling_roster
907852,1940,4,sibling_roster
907852,1943,5,sibling_roster
907852,1952,6,sibling_roster
912025,1939,1,sibling_roster
912025,1941,2,sibling_roster
912025,1944,3,sibling_roster
912025,1952,4,sibling_roster
926451,1938,3,graduate
902356,1939,3,graduate
928509,1938,2,graduate
928509,1933,1,sibling_roster
928509,1939,2,sibling_roster
916320,1939,2,graduate
932695,1939,4,graduate
932695,1929,1,sibling_roster
932695,1937,2,sibling_roster
932695,1938,3,sibling_roster
932695,1940,4,sibling_roster
932695,1941,5,sibling_roster
932695,1944,6,sibling_roster
932695,1946,7,sibling_roster
932695,1951,8,sibling_roster
932695,1953,9,sibling_roster
932695,1955,10,sibling_roster
932695,1958,11,sibling_roster
909896,1939,2,graduate
909896,1939,1,sibling_roster
909896,1940,2,sibling_roster
909896,1943,3,sibling_roster
909896,1945,4,sibling_roster
909896,1950,5,sibling_roster
909896,1951,6,sibling_roster
909896,1958,7,sibling_roster
933297,1939,2,graduate
933297,1935,1,sibling_roster
933297,1940,2,sibling_roster
933297,1952,3,sibling_roster
911059,1939,3,graduate
933957,1939,3,graduate
933957,1933,1,sibling_roster
933957,1935,2,sibling_roster
933957,1939,3,sibling_roster
933957,1948,4,sibling_roster
906057,1939,2,graduate
906057,1938,1,sibling_roster
906057,1940,2,sibling_roster
900551,1940,1,sibling_roster
900551,1944,2,sibling_roster
900551,1951,3,sibling_roster
911189,1940,1,sibling_roster
911189,1947,2,sibling_roster
911189,1950,3,sibling_roster
911189,1955,4,sibling_roster
914189,1939,4,graduate
914189,1932,1,sibling_roster
914189,1934,2,sibling_roster
914189,1935,3,sibling_roster
914189,1940,4,sibling_roster
914189,1943,5,sibling_roster
914189,1947,6,sibling_roster
914189,1951,7,sibling_roster
916517,1939,2,graduate
916517,1937,1,sibling_roster
916517,1939,2,sibling_roster
916517,1941,3,sibling_roster
916517,1943,4,sibling_roster
916517,1949,5,sibling_roster
915269,1939,6,graduate
915269,1925,1,sibling_roster
915269,1927,2,sibling_roster
915269,1928,3,sibling_roster
915269,1934,4,sibling_roster
915269,1937,5,sibling_roster
915269,1939,6,sibling_roster
919471,1939,1,sibling_roster
919471,1944,2,sibling_roster
919471,1950,3,sibling_roster
920156,1939,2,graduate
920156,1925,1,sibling_roster
920156,1940,2,sibling_roster
927415,1938,4,graduate
927415,1934,1,sibling_roster
927415,1936,2,sibling_roster
927415,1939,3,sibling_roster
927415,1940,4,sibling_roster
927415,1945,5,sibling_roster
923487,1939,2,graduate
923487,1937,1,sibling_roster
923487,1939,2,sibling_roster
923487,1945,3,sibling_roster
923487,1950,4,sibling_roster
917498,1939,3,graduate
928523,1939,5,graduate
930725,1939,2,graduate
930725,1938,1,sibling_roster
930725,1940,2,sibling_roster
930725,1942,3,sibling_roster
930725,1945,4,sibling_roster
901326,1939,2,graduate
901326,1934,1,sibling_roster
901326,1940,2,sibling_roster
901326,1943,3,sibling_roster
916487,1939,2,graduate
916487,1936,1,sibling_roster
916487,1940,2,sibling_roster
912113,1940,2,graduate
927126,1938,2,graduate
927126,1936,1,sibling_roster
927126,1939,2,sibling_roster
903233,1940,1,sibling_roster
903233,1943,2,sibling_roster
903233,1946,3,sibling_roster
932993,1939,6,graduate
932993,1929,1,sibling_roster
932993,1931,2,sibling_roster
932993,1933,3,sibling_roster
932993,1935,4,sibling_roster
932993,1937,5,sibling_roster
932993,1940,6,sibling_roster
932993,1947,7,sibling_roster
932993,1948,8,sibling_roster
901634,1939,2,graduate
901634,1936,1,sibling_roster
901634,1940,2,sibling_roster
923972,1939,6,graduate
923972,1924,1,sibling_roster
923972,1932,2,sibling_roster
923972,1932,3,sibling_roster
923972,1934,4,sibling_roster
923972,1937,5,sibling_roster
923972,1940,6,sibling_roster
923972,1943,7,sibling_roster
901135,1939,3,graduate
901135,1935,1,sibling_roster
901135,1938,2,sibling_roster
901135,1940,3,sibling_roster
904484,1940,2,graduate
904484,1932,1,sibling_roster
904484,1940,2,sibling_roster
901213,1939,3,graduate
901213,1934,1,sibling_roster
901213,1936,2,sibling_roster
901213,1940,3,sibling_roster
920875,1939,2,graduate
925020,1939,3,graduate
925020,1936,1,sibling_roster
925020,1940,2,sibling_roster
933571,1938,6,graduate
933571,1927,1,sibling_roster
933571,1929,2,sibling_roster
933571,1931,3,sibling_roster
933571,1936,4,sibling_roster
933571,1937,5,sibling_roster
933571,1939,6,sibling_roster
930737,1939,2,graduate
930737,1931,1,sibling_roster
930737,1940,2,sibling_roster
904123,1939,3,graduate
904123,1921,1,sibling_roster
904123,1927,2,sibling_roster
904123,1940,3,sibling_roster
904123,1946,4,sibling_roster
901261,1939,1,sibling_roster
901261,1941,2,sibling_roster
901261,1943,3,sibling_roster
901261,1948,4,sibling_roster
901261,1965,5,sibling_roster
925394,1939,2,graduate
925394,1935,1,sibling_roster
925394,1940,2,sibling_roster
925394,1947,3,sibling_roster
925378,1939,1,sibling_roster
925378,1940,2,sibling_roster
925378,1946,3,sibling_roster
902575,1938,3,graduate
902575,1931,1,sibling_roster
902575,1937,2,sibling_roster
902575,1939,3,sibling_roster
902575,1942,4,sibling_roster
902575,1945,5,sibling_roster
910171,1940,1,sibling_roster
910171,1945,2,sibling_roster
910171,1947,3,sibling_roster
907180,1939,6,graduate
907180,1925,1,sibling_roster
907180,1928,2,sibling_roster
907180,1930,3,sibling_roster
907180,1936,4,sibling_roster
907180,1939,5,sibling_roster
907180,1940,6,sibling_roster
928070,1940,1,sibling_roster
928070,1945,2,sibling_roster
928070,1951,3,sibling_roster
901950,1939,2,graduate
902059,1939,4,graduate
902059,1928,1,sibling_roster
902059,1935,2,sibling_roster
902059,1937,3,sibling_roster
902059,1940,4,sibling_roster
902059,1941,5,sibling_roster
925948,1940,2,graduate
925948,1941,1,sibling_roster
925948,1944,2,sibling_roster
925948,1947,3,sibling_roster
908000,1938,10,graduate
920020,1938,6,graduate
920020,1931,1,sibling_roster
920020,1934,2,sibling_roster
920020,1934,3,sibling_roster
920020,1936,4,sibling_roster
920020,1937,5,sibling_roster
920020,1939,6,sibling_roster
920020,1939,7,sibling_roster
920020,1941,8,sibling_roster
920020,1945,9,sibling_roster
920020,1947,10,sibling_roster
924524,1939,1,sibling_roster
924524,1942,2,sibling_roster
924524,1952,3,sibling_roster
924524,1957,4,sibling_roster
927880,1939,1,sibling_roster
927880,1940,2,sibling_roster
927880,1944,3,sibling_roster
927880,1950,4,sibling_roster
933299,1939,1,sibling_roster
933299,1940,2,sibling_roster
933299,1941,3,sibling_roster
933299,1944,4,sibling_roster
933299,1945,5,sibling_roster
933299,1945,6,sibling_roster
933299,1947,7,sibling_roster
933299,1954,8,sibling_roster
933299,1955,9,sibling_roster
930760,1940,1,sibling_roster
930760,1945,2,sibling_roster
909337,1939,2,graduate
909337,1934,1,sibling_roster
909337,1940,2,sibling_roster
909337,1943,3,sibling_roster
909337,1945,4,sibling_roster
930453,1940,1,sibling_roster
930453,1948,2,sibling_roster
930453,1949,3,sibling_roster
930453,1952,4,sibling_roster
918297,1939,1,sibling_roster
918297,1948,2,sibling_roster
918297,1950,3,sibling_roster
927071,1940,1,sibling_roster
927071,1940,2,sibling_roster
927071,1942,3,sibling_roster
927071,1944,4,sibling_roster
927071,1947,5,sibling_roster
927071,1949,6,sibling_roster
927071,1951,7,sibling_roster
927071,1953,8,sibling_roster
927071,1954,9,sibling_roster
927071,1956,10,sibling_roster
927071,1960,11,sibling_roster
919183,1939,2,graduate
917368,1939,11,graduate
917368,1900,1,sibling_roster
917368,1903,2,sibling_roster
917368,1925,3,sibling_roster
917368,1927,4,sibling_roster
917368,1930,5,sibling_roster
917368,1931,6,sibling_roster
917368,1933,7,sibling_roster
917368,1934,8,sibling_roster
917368,1936,9,sibling_roster
917368,1938,10,sibling_roster
917368,1939,11,sibling_roster
917368,1940,12,sibling_roster
905486,1939,1,sibling_roster
905486,1940,2,sibling_roster
905486,1941,3,sibling_roster
917943,1939,1,sibling_roster
928958,1939,2,graduate
931238,1939,4,graduate
900760,1939,2,graduate
933941,1939,6,graduate
933941,1940,1,sibling_roster
933941,1942,2,sibling_roster
933941,1942,3,sibling_roster
933941,1944,4,sibling_roster
933941,1946,5,sibling_roster
933941,1947,6,sibling_roster
933941,1947,7,sibling_roster
921328,1939,1,sibling_roster
921328,1942,2,sibling_roster
921328,1944,3,sibling_roster
921328,1946,4,sibling_roster
901936,1940,1,sibling_roster
901936,1941,2,sibling_roster
901936,1949,3,sibling_roster
931121,1939,1,sibling_roster
931121,1940,2,sibling_roster
931121,1942,3,sibling_roster
931121,1945,4,sibling_roster
931121,1948,5,sibling_roster
931121,1952,6,sibling_roster
931121,1955,7,sibling_roster
900885,1939,2,graduate
900885,1937,1,sibling_roster
900885,1939,2,sibling_roster
900885,1940,3,sibling_roster
900885,1941,4,sibling_roster
900885,1942,5,sibling_roster
900885,1950,6,sibling_roster
900885,1952,7,sibling_roster
900885,1952,8,sibling_roster
900885,1954,9,sibling_roster
900885,1956,10,sibling_roster
900885,1957,11,sibling_roster
931235,1939,4,graduate
931235,1936,1,sibling_roster
931235,1938,2,sibling_roster
931235,1939,3,sibling_roster
931235,1940,4,sibling_roster
931235,1941,5,sibling_roster
931235,1953,6,sibling_roster
915177,1939,2,graduate
915177,1939,1,sibling_roster
915177,1939,2,sibling_roster
915177,1945,3,sibling_roster
910772,1939,4,graduate
913891,1939,2,graduate
913891,1937,1,sibling_roster
913891,1939,2,sibling_roster
913891,1941,3,sibling_roster
930850,1939,2,graduate
930850,1937,1,sibling_roster
930850,1940,2,sibling_roster
930850,1944,3,sibling_roster
930850,1945,4,sibling_roster
922032,1940,1,sibling_roster
922032,1941,2,sibling_roster
922032,1942,3,sibling_roster
922032,1945,4,sibling_roster
922032,1947,5,sibling_roster
922010,1939,1,sibling_roster
922010,1942,2,sibling_roster
922010,1948,3,sibling_roster
901478,1938,15,graduate
901478,1916,7,sibling_roster
901478,1933,8,sibling_roster
901478,1935,9,sibling_roster
901478,1936,10,sibling_roster
901478,1939,11,sibling_roster
904321,1939,3,graduate
904321,1936,1,sibling_roster
904321,1939,2,sibling_roster
904321,1940,3,sibling_roster
904321,1941,4,sibling_roster
904321,1943,5,sibling_roster
904321,1944,6,sibling_roster
904321,1945,7,sibling_roster
904321,1946,8,sibling_roster
904321,1948,9,sibling_roster
904321,1948,10,sibling_roster
904321,1951,11,sibling_roster
910221,1939,2,graduate
911636,1939,1,sibling_roster
911636,1941,2,sibling_roster
911636,1944,3,sibling_roster
901111,1940,1,sibling_roster
901111,1943,2,sibling_roster
901111,1944,3,sibling_roster
901111,1947,4,sibling_roster
901111,1949,5,sibling_roster
901111,1951,6,sibling_roster
901111,1954,7,sibling_roster
901111,1955,8,sibling_roster
929002,1940,2,graduate
929002,1938,1,sibling_roster
929002,1940,2,sibling_roster
929002,1942,3,sibling_roster
928039,1939,1,sibling_roster
928039,1954,2,sibling_roster
905686,1939,2,graduate
920344,1939,1,sibling_roster
920344,1941,2,sibling_roster
920344,1944,3,sibling_roster
920344,1946,4,sibling_roster
917820,1939,2,graduate
917820,1937,1,sibling_roster
917820,1939,2,sibling_roster
917820,1941,3,sibling_roster
917820,1943,4,sibling_roster
902426,1940,1,sibling_roster
902426,1942,2,sibling_roster
902426,1947,3,sibling_roster
902426,1949,4,sibling_roster
908798,1939,7,graduate
920823,1939,3,graduate
920823,1923,1,sibling_roster
920823,1929,2,sibling_roster
920823,1940,3,sibling_roster
924930,1940,1,sibling_roster
924930,1942,2,sibling_roster
924930,1945,3,sibling_roster
924930,1946,4,sibling_roster
921863,1938,3,graduate
921863,1930,1,sibling_roster
921863,1933,2,sibling_roster
921863,1939,3,sibling_roster
921863,1942,4,sibling_roster
921863,1943,5,sibling_roster
921863,1944,6,sibling_roster
921863,1945,7,sibling_roster
921863,1948,8,sibling_roster
921863,1950,9,sibling_roster
927300,1939,8,graduate
927300,1927,1,sibling_roster
927300,1927,2,sibling_roster
927300,1929,3,sibling_roster
927300,1931,4,sibling_roster
927300,1933,5,sibling_roster
927300,1934,6,sibling_roster
927300,1937,7,sibling_roster
927300,1940,8,sibling_roster
912363,1939,5,graduate
901134,1939,4,graduate
901134,1929,1,sibling_roster
901134,1931,2,sibling_roster
901134,1934,3,sibling_roster
901134,1939,4,sibling_roster
901134,1942,5,sibling_roster
901134,1946,6,sibling_roster
908390,1939,7,graduate
908390,1940,1,sibling_roster
908390,1941,2,sibling_roster
908390,1942,3,sibling_roster
908390,1943,4,sibling_roster
908390,1945,5,sibling_roster
908390,1950,6,sibling_roster
908390,1951,7,sibling_roster
908390,1953,8,sibling_roster
908390,1954,9,sibling_roster
908390,1957,10,sibling_roster
908390,1962,11,sibling_roster
914169,1939,1,sibling_roster
914169,1941,2,sibling_roster
914169,1948,3,sibling_roster
908943,1939,2,graduate
908001,1940,1,sibling_roster
908001,1944,2,sibling_roster
904004,1939,9,graduate
904004,1919,1,sibling_roster
904004,1920,2,sibling_roster
904004,1921,3,sibling_roster
904004,1926,4,sibling_roster
904004,1930,5,sibling_roster
904004,1930,6,sibling_roster
904004,1933,7,sibling_roster
904004,1936,8,sibling_roster
904004,1940,9,sibling_roster
919253,1940,4,graduate
919253,1933,1,sibling_roster
919253,1935,2,sibling_roster
919253,1938,3,sibling_roster
919253,1941,4,sibling_roster
919253,1943,5,sibling_roster
919253,1946,6,sibling_roster
900555,1939,3,graduate
900555,1938,1,sibling_roster
900555,1939,2,sibling_roster
900555,1939,3,sibling_roster
900555,1942,4,sibling_roster
928407,1940,1,sibling_roster
920270,1939,3,graduate
920270,1936,1,sibling_roster
920270,1938,2,sibling_roster
920270,1939,3,sibling_roster
920270,1942,4,sibling_roster
920270,1944,5,sibling_roster
920270,1953,6,sibling_roster
917072,1939,3,graduate
917072,1925,1,sibling_roster
917072,1926,2,sibling_roster
917072,1940,3,sibling_roster
924163,1939,2,graduate
924163,1929,1,sibling_roster
924163,1940,2,sibling_roster
924163,1942,3,sibling_roster
914567,1939,3,graduate
914567,1935,1,sibling_roster
914567,1938,2,sibling_roster
914567,1940,3,sibling_roster
929258,1939,2,graduate
929258,1938,1,sibling_roster
929258,1940,2,sibling_roster
929258,1942,3,sibling_roster
929258,1944,4,sibling_roster
929258,1953,5,sibling_roster
929258,1955,6,sibling_roster
929258,1957,7,sibling_roster
929258,1959,8,sibling_roster
929258,1960,9,sibling_roster
929258,1962,10,sibling_roster
928994,1939,4,graduate
933832,1939,2,graduate
916833,1939,2,graduate
914125,1939,2,graduate
914125,1938,1,sibling_roster
914125,1939,2,sibling_roster
914125,1941,3,sibling_roster
914125,1943,4,sibling_roster
914125,1944,5,sibling_roster
914125,1944,6,sibling_roster
914125,1946,7,sibling_roster
914125,1954,8,sibling_roster
914125,1956,9,sibling_roster
930622,1939,3,graduate
930622,1922,1,sibling_roster
930622,1923,2,sibling_roster
930622,1940,3,sibling_roster
932443,1939,4,graduate
931179,1939,4,graduate
931179,1934,1,sibling_roster
931179,1935,2,sibling_roster
931179,1938,3,sibling_roster
931179,1940,4,sibling_roster
933362,1939,2,graduate
933362,1937,1,sibling_roster
933362,1939,2,sibling_roster
927385,1939,2,graduate
912422,1939,1,sibling_roster
912422,1941,2,sibling_roster
912422,1944,3,sibling_roster
912422,1946,4,sibling_roster
912422,1953,5,sibling_roster
912422,1955,6,sibling_roster
912528,1940,1,sibling_roster
904704,1940,1,sibling_roster
904704,1947,2,sibling_roster
904704,1952,3,sibling_roster
904704,1954,4,sibling_roster
904704,1960,5,sibling_roster
900101,1939,3,graduate
900101,1938,1,sibling_roster
900101,1938,2,sibling_roster
900101,1940,3,sibling_roster
900101,1941,4,sibling_roster
900101,1943,5,sibling_roster
900101,1944,6,sibling_roster
900101,1945,7,sibling_roster
900101,1947,8,sibling_roster
910895,1939,4,graduate
910895,1935,1,sibling_roster
910895,1935,2,sibling_roster
910895,1937,3,sibling_roster
910895,1939,4,sibling_roster
910895,1941,5,sibling_roster
910895,1945,6,sibling_roster
912120,1939,3,graduate
912120,1925,1,sibling_roster
912120,1930,2,sibling_roster
912120,1940,3,sibling_roster
905370,1939,2,graduate
905370,1936,1,sibling_roster
905370,1940,2,sibling_roster
905370,1942,3,sibling_roster
905370,1946,4,sibling_roster
905370,1952,5,sibling_roster
928017,1940,1,sibling_roster
928017,1941,2,sibling_roster
928017,1942,3,sibling_roster
905295,1939,1,sibling_roster
905295,1944,2,sibling_roster
926770,1939,5,graduate
926770,1927,1,sibling_roster
926770,1932,2,sibling_roster
926770,1935,3,sibling_roster
926770,1937,4,sibling_roster
926770,1940,5,sibling_roster
925432,1938,3,graduate
925432,1936,1,sibling_roster
925432,1937,2,sibling_roster
925432,1939,3,sibling_roster
925432,1940,4,sibling_roster
925432,1941,5,sibling_roster
925432,1955,6,sibling_roster
903702,1938,7,graduate
903702,1915,1,sibling_roster
903702,1920,2,sibling_roster
903702,1923,3,sibling_roster
903702,1926,4,sibling_roster
903702,1931,5,sibling_roster
903702,1935,6,sibling_roster
903702,1939,7,sibling_roster
915219,1939,1,sibling_roster
904955,1939,5,graduate
925772,1940,1,sibling_roster
925772,1941,2,sibling_roster
922251,1940,1,sibling_roster
912946,1939,3,graduate
904649,1939,3,graduate
904649,1936,1,sibling_roster
904649,1940,2,sibling_roster
904649,1943,3,sibling_roster
904649,1944,4,sibling_roster
904649,1949,5,sibling_roster
904002,1939,2,graduate
904002,1938,1,sibling_roster
904002,1940,2,sibling_roster
904002,1946,3,sibling_roster
906265,1939,2,graduate
906265,1938,1,sibling_roster
906265,1940,2,sibling_roster
906265,1944,3,sibling_roster
908308,1939,2,graduate
921336,1938,4,graduate
921336,1932,1,sibling_roster
921336,1935,2,sibling_roster
921336,1937,3,sibling_roster
921336,1939,4,sibling_roster
921336,1940,5,sibling_roster
921336,1946,6,sibling_roster
931640,1939,10,graduate
907261,1939,2,graduate
907261,1939,1,sibling_roster
907261,1940,2,sibling_roster
907261,1944,3,sibling_roster
923345,1938,9,graduate
923345,1911,1,sibling_roster
923345,1916,2,sibling_roster
923345,1918,3,sibling_roster
923345,1921,4,sibling_roster
923345,1922,5,sibling_roster
923345,1927,6,sibling_roster
923345,1932,7,sibling_roster
923345,1933,8,sibling_roster
923345,1939,9,sibling_roster
911272,1939,2,graduate
908614,1939,14,graduate
908614,1916,1,sibling_roster
908614,1917,2,sibling_roster
908614,1918,3,sibling_roster
908614,1918,4,sibling_roster
908614,1919,5,sibling_roster
908614,1920,6,sibling_roster
908614,1920,7,sibling_roster
908614,1921,8,sibling_roster
908614,1921,9,sibling_roster
908614,1922,10,sibling_roster
908614,1939,11,sibling_roster
915187,1939,2,graduate
915187,1933,1,sibling_roster
915187,1940,2,sibling_roster
906302,1939,5,graduate
906302,1933,1,sibling_roster
906302,1933,2,sibling_roster
906302,1935,3,sibling_roster
906302,1936,4,sibling_roster
906302,1939,5,sibling_roster
928818,1940,1,sibling_roster
928818,1941,2,sibling_roster
928818,1947,3,sibling_roster
928818,1949,4,sibling_roster
928818,1954,5,sibling_roster
928818,1958,6,sibling_roster
928432,1939,1,sibling_roster
928432,1941,2,sibling_roster
928432,1944,3,sibling_roster
932182,1939,5,graduate
931544,1940,1,sibling_roster
907203,1939,2,graduate
903696,1939,3,graduate
903696,1938,1,sibling_roster
903696,1938,2,sibling_roster
903696,1940,3,sibling_roster
903696,1944,4,sibling_roster
903696,1944,5,sibling_roster
903696,1946,6,sibling_roster
916551,1939,6,graduate
916551,1929,1,sibling_roster
916551,1931,2,sibling_roster
916551,1932,3,sibling_roster
916551,1934,4,sibling_roster
916551,1936,5,sibling_roster
916551,1939,6,sibling_roster
916551,1940,7,sibling_roster
916551,1941,8,sibling_roster
916551,1945,9,sibling_roster
916551,1948,10,sibling_roster
916551,1948,11,sibling_roster
920527,1940,1,sibling_roster
920527,1942,2,sibling_roster
920527,1946,3,sibling_roster
920527,1948,4,sibling_roster
920527,1951,5,sibling_roster
926488,1940,1,sibling_roster
926488,1942,2,sibling_roster
926488,1947,3,sibling_roster
926488,1949,4,sibling_roster
914149,1939,1,sibling_roster
914149,1943,2,sibling_roster
914149,1945,3,sibling_roster
914149,1949,4,sibling_roster
933100,1937,2,graduate
903446,1939,2,graduate
904886,1940,1,sibling_roster
904886,1945,2,sibling_roster
904886,1953,3,sibling_roster
913042,1938,2,graduate
913042,1935,1,sibling_roster
913042,1939,2,sibling_roster
918419,1938,2,graduate
918419,1937,1,sibling_roster
918419,1939,2,sibling_roster
918419,1941,3,sibling_roster
929795,1940,5,graduate
906454,1939,2,graduate
906454,1938,1,sibling_roster
906454,1939,2,sibling_roster
906454,1942,3,sibling_roster
906454,1945,4,sibling_roster
901494,1939,1,sibling_roster
901494,1944,2,sibling_roster
901494,1946,3,sibling_roster
911929,1940,1,sibling_roster
929455,1938,4,graduate
929455,1926,2,sibling_roster
929455,1926,3,sibling_roster
929455,1934,4,sibling_roster
929455,1938,5,sibling_roster
913644,1939,2,graduate
909548,1938,6,graduate
909548,1924,1,sibling_roster
909548,1926,2,sibling_roster
909548,1929,3,sibling_roster
909548,1931,4,sibling_roster
909548,1939,5,sibling_roster
922775,1939,1,sibling_roster
922775,1946,2,sibling_roster
907542,1940,1,sibling_roster
907542,1942,2,sibling_roster
907542,1952,3,sibling_roster
926722,1939,3,graduate
926722,1933,1,sibling_roster
926722,1934,2,sibling_roster
926722,1940,3,sibling_roster
926722,1949,4,sibling_roster
915582,1939,2,graduate
915582,1938,1,sibling_roster
915582,1939,2,sibling_roster
915582,1958,3,sibling_roster
923333,1940,1,sibling_roster
903749,1939,4,graduate
903749,1935,2,sibling_roster
903749,1940,3,sibling_roster
929811,1939,2,graduate
929811,1938,1,sibling_roster
929811,1940,2,sibling_roster
929811,1942,3,sibling_roster
929811,1947,4,sibling_roster
929811,1957,5,sibling_roster
900633,1939,5,graduate
914795,1939,1,sibling_roster
914795,1943,2,sibling_roster
914795,1945,3,sibling_roster
914090,1939,3,graduate
930372,1939,2,graduate
930372,1930,1,sibling_roster
930372,1939,2,sibling_roster
900800,1939,3,graduate
900800,1935,1,sibling_roster
900800,1937,2,sibling_roster
900800,1940,3,sibling_roster
917327,1939,2,graduate
917327,1936,1,sibling_roster
917327,1940,2,sibling_roster
917327,1942,3,sibling_roster
917327,1943,4,sibling_roster
927773,1940,1,sibling_roster
927773,1942,2,sibling_roster
927773,1949,3,sibling_roster
927773,1949,4,sibling_roster
905831,1939,3,graduate
905831,1930,1,sibling_roster
905831,1939,2,sibling_roster
926468,1939,3,graduate
926468,1936,1,sibling_roster
926468,1938,2,sibling_roster
926468,1939,3,sibling_roster
926468,1945,4,sibling_roster
926919,1940,1,sibling_roster
926919,1942,2,sibling_roster
926919,1946,3,sibling_roster
926919,1951,4,sibling_roster
932503,1939,3,graduate
908027,1928,1,sibling_roster
908027,1941,2,sibling_roster
908699,1939,6,graduate
908699,1929,2,sibling_roster
908699,1930,3,sibling_roster
908699,1938,4,sibling_roster
908699,1940,5,sibling_roster
909292,1938,2,graduate
909292,1937,1,sibling_roster
909292,1939,2,sibling_roster
909292,1950,3,sibling_roster
909292,1952,4,sibling_roster
921874,1939,3,graduate
921874,1922,1,sibling_roster
921874,1931,2,sibling_roster
921874,1940,3,sibling_roster
908202,1939,1,sibling_roster
908202,1946,2,sibling_roster
908947,1938,6,graduate
908947,1923,1,sibling_roster
908947,1925,2,sibling_roster
908947,1927,3,sibling_roster
908947,1932,4,sibling_roster
908947,1938,5,sibling_roster
908947,1942,6,sibling_roster
929608,1939,3,graduate
929608,1925,1,sibling_roster
929608,1932,2,sibling_roster
929608,1940,3,sibling_roster
932030,1940,1,sibling_roster
932030,1942,2,sibling_roster
932030,1944,3,sibling_roster
932030,1949,4,sibling_roster
918069,1939,1,sibling_roster
918069,1942,2,sibling_roster
918069,1949,3,sibling_roster
918069,1954,4,sibling_roster
904934,1940,1,sibling_roster
904934,1940,2,sibling_roster
926940,1939,7,graduate
902107,1940,1,sibling_roster
902107,1947,2,sibling_roster
903136,1937,2,graduate
903136,1936,1,sibling_roster
903136,1938,2,sibling_roster
932158,1938,2,graduate
932158,1929,1,sibling_roster
932158,1939,2,sibling_roster
900249,1939,3,graduate
900249,1926,1,sibling_roster
900249,1929,2,sibling_roster
900249,1939,3,sibling_roster
900249,1945,4,sibling_roster
916199,1939,5,graduate
916199,1936,1,sibling_roster
916199,1936,2,sibling_roster
916199,1939,4,sibling_roster
916199,1939,5,sibling_roster
916199,1940,6,sibling_roster
916199,1941,7,sibling_roster
916199,1941,8,sibling_roster
916199,1943,9,sibling_roster
922622,1938,3,graduate
922622,1931,1,sibling_roster
922622,1936,2,sibling_roster
922622,1938,3,sibling_roster
922622,1940,4,sibling_roster
922622,1943,5,sibling_roster
922622,1944,6,sibling_roster
922622,1945,7,sibling_roster
922622,1953,8,sibling_roster
930647,1939,1,sibling_roster
930647,1951,2,sibling_roster
910280,1939,2,graduate
910280,1936,1,sibling_roster
910280,1940,2,sibling_roster
929023,1939,11,graduate
929023,1924,1,sibling_roster
929023,1924,2,sibling_roster
929023,1926,3,sibling_roster
929023,1931,4,sibling_roster
929023,1932,5,sibling_roster
929023,1933,6,sibling_roster
929023,1936,7,sibling_roster
929023,1936,8,sibling_roster
929023,1939,9,sibling_roster
929023,1940,10,sibling_roster
924757,1939,2,graduate
923554,1939,5,graduate
923554,1935,1,sibling_roster
923554,1936,2,sibling_roster
923554,1937,3,sibling_roster
923554,1939,4,sibling_roster
923554,1940,5,sibling_roster
923554,1941,6,sibling_roster
923554,1944,7,sibling_roster
923554,1949,8,sibling_roster
907385,1938,3,graduate
906758,1939,3,graduate
906758,1937,1,sibling_roster
906758,1938,2,sibling_roster
906758,1940,3,sibling_roster
906758,1942,4,sibling_roster
906758,1947,5,sibling_roster
923039,1938,3,graduate
923039,1933,1,sibling_roster
923039,1935,2,sibling_roster
923039,1939,3,sibling_roster
923039,1941,4,sibling_roster
923039,1944,5,sibling_roster
915915,1939,3,graduate
914200,1939,1,sibling_roster
914200,1941,2,sibling_roster
911341,1939,3,graduate
911341,1936,1,sibling_roster
911341,1937,2,sibling_roster
911341,1939,3,sibling_roster
911341,1942,4,sibling_roster
927983,1940,1,sibling_roster
927983,1941,2,sibling_roster
927983,1945,3,sibling_roster
927983,1948,4,sibling_roster
901329,1939,3,graduate
911561,1939,2,graduate
911561,1922,1,sibling_roster
911561,1938,2,sibling_roster
911561,1940,3,sibling_roster
927281,1939,2,graduate
927281,1936,1,sibling_roster
927281,1940,2,sibling_roster
927281,1944,3,sibling_roster
901410,1939,4,graduate
901410,1922,1,sibling_roster
901410,1931,2,sibling_roster
901410,1933,3,sibling_roster
901410,1940,4,sibling_roster
922559,1939,1,sibling_roster
922559,1941,2,sibling_roster
922559,1942,3,sibling_roster
922559,1944,4,sibling_roster
922559,1945,5,sibling_roster
922559,1948,6,sibling_roster
922559,1950,7,sibling_roster
922559,1955,8,sibling_roster
922559,1959,9,sibling_roster
922559,1962,10,sibling_roster
904278,1939,1,sibling_roster
904278,1944,2,sibling_roster
928996,1939,5,graduate
931892,1939,6,graduate
931892,1920,1,sibling_roster
931892,1923,2,sibling_roster
931892,1926,3,sibling_roster
931892,1929,4,sibling_roster
931892,1931,5,sibling_roster
931892,1940,6,sibling_roster
921395,1939,2,graduate
919037,1939,1,sibling_roster
919037,1944,2,sibling_roster
922340,1939,2,graduate
922340,1937,1,sibling_roster
922340,1940,2,sibling_roster
926454,1939,1,sibling_roster
926454,1946,2,sibling_roster
926454,1953,3,sibling_roster
902097,1938,2,graduate
927338,1938,5,graduate
927338,1922,1,sibling_roster
927338,1924,2,sibling_roster
927338,1925,3,sibling_roster
927338,1939,4,sibling_roster
914538,1940,1,sibling_roster
914538,1942,2,sibling_roster
914538,1949,3,sibling_roster
914538,1958,4,sibling_roster
931094,1939,6,graduate
931094,1925,1,sibling_roster
931094,1927,2,sibling_roster
931094,1929,3,sibling_roster
931094,1930,4,sibling_roster
931094,1936,5,sibling_roster
931094,1940,6,sibling_roster
920791,1938,3,graduate
920791,1932,1,sibling_roster
920791,1934,2,sibling_roster
920791,1939,3,sibling_roster
920791,1940,4,sibling_roster
920791,1943,5,sibling_roster
901862,1938,3,graduate
901862,1926,1,sibling_roster
901862,1927,2,sibling_roster
901862,1938,3,sibling_roster
926385,1939,4,graduate
926385,1925,1,sibling_roster
926385,1929,2,sibling_roster
926385,1939,3,sibling_roster
901924,1939,4,graduate
901924,1931,1,sibling_roster
901924,1932,2,sibling_roster
901924,1934,3,sibling_roster
901924,1939,4,sibling_roster
901924,1944,5,sibling_roster
911957,1939,2,graduate
911957,1937,1,sibling_roster
911957,1940,2,sibling_roster
911957,1945,3,sibling_roster
928149,1939,1,sibling_roster
928149,1942,2,sibling_roster
928149,1947,3,sibling_roster
926795,1939,1,sibling_roster
927799,1939,2,graduate
927799,1938,1,sibling_roster
927799,1940,2,sibling_roster
927799,1942,3,sibling_roster
927799,1951,4,sibling_roster
929658,1939,1,sibling_roster
929658,1942,2,sibling_roster
914464,1938,4,graduate
913700,1939,1,sibling_roster
913700,1943,2,sibling_roster
929345,1939,4,graduate
929345,1936,1,sibling_roster
929345,1937,2,sibling_roster
929345,1938,3,sibling_roster
929345,1940,4,sibling_roster
929345,1940,5,sibling_roster
929345,1942,6,sibling_roster
900851,1940,1,sibling_roster
928013,1939,2,graduate
928013,1939,1,sibling_roster
928013,1940,2,sibling_roster
914884,1938,2,graduate
914884,1937,1,sibling_roster
914884,1939,2,sibling_roster
914884,1939,3,sibling_roster
914884,1941,4,sibling_roster
914884,1948,5,sibling_roster
914884,1951,6,sibling_roster
908179,1940,1,sibling_roster
908179,1945,2,sibling_roster
908179,1946,3,sibling_roster
908179,1955,4,sibling_roster
933260,1939,4,graduate
933260,1932,1,sibling_roster
933260,1936,2,sibling_roster
933260,1938,3,sibling_roster
933260,1939,4,sibling_roster
906915,1939,2,graduate
921049,1939,2,graduate
921049,1936,1,sibling_roster
921049,1940,2,sibling_roster
921049,1944,3,sibling_roster
905149,1939,2,graduate
905149,1926,1,sibling_roster
905149,1940,2,sibling_roster
928249,1939,2,graduate
912032,1938,3,graduate
912032,1936,1,sibling_roster
912032,1937,2,sibling_roster
912032,1939,3,sibling_roster
920508,1939,1,sibling_roster
920508,1942,2,sibling_roster
920508,1946,3,sibling_roster
901682,1939,1,sibling_roster
913050,1939,1,sibling_roster
913050,1941,2,sibling_roster
913050,1945,3,sibling_roster
903161,1939,1,sibling_roster
903161,1943,2,sibling_roster
903161,1946,3,sibling_roster
926339,1939,3,graduate
916525,1940,1,sibling_roster
926569,1939,3,graduate
924226,1940,1,sibling_roster
920773,1938,3,graduate
920773,1936,1,sibling_roster
920773,1938,2,sibling_roster
920773,1941,3,sibling_roster
909390,1940,1,sibling_roster
909390,1942,2,sibling_roster
909390,1943,3,sibling_roster
909390,1960,4,sibling_roster
909482,1938,2,graduate
917750,1939,3,graduate
917750,1932,1,sibling_roster
917750,1939,2,sibling_roster
917750,1944,3,sibling_roster
917750,1944,4,sibling_roster
917750,1947,5,sibling_roster
924077,1939,5,graduate
924077,1928,1,sibling_roster
924077,1934,2,sibling_roster
924077,1936,3,sibling_roster
924077,1937,4,sibling_roster
924077,1939,5,sibling_roster
906885,1938,2,graduate
906885,1934,1,sibling_roster
906885,1939,2,sibling_roster
931288,1939,3,graduate
931288,1930,1,sibling_roster
931288,1938,2,sibling_roster
931288,1940,3,sibling_roster
931288,1945,4,sibling_roster
912337,1940,1,sibling_roster
915632,1939,5,graduate
916719,1939,3,graduate
916719,1935,1,sibling_roster
916719,1939,2,sibling_roster
916719,1941,3,sibling_roster
916719,1942,4,sibling_roster
916719,1942,5,sibling_roster
916719,1944,6,sibling_roster
916719,1948,7,sibling_roster
929758,1939,1,sibling_roster
929758,1941,2,sibling_roster
929758,1943,3,sibling_roster
929758,1946,4,sibling_roster
929758,1947,5,sibling_roster
929758,1950,6,sibling_roster
922515,1939,1,sibling_roster
922515,1943,2,sibling_roster
922515,1947,3,sibling_roster
922515,1952,4,sibling_roster
904086,1939,5,graduate
904086,1921,1,sibling_roster
904086,1923,2,sibling_roster
904086,1930,3,sibling_roster
904086,1936,4,sibling_roster
904086,1940,5,sibling_roster
931792,1939,3,graduate
900639,1939,2,graduate
900639,1939,1,sibling_roster
900639,1940,2,sibling_roster
900639,1940,3,sibling_roster
900639,1942,4,sibling_roster
900639,1943,5,sibling_roster
900639,1944,6,sibling_roster
900639,1946,7,sibling_roster
915702,1939,1,sibling_roster
915702,1942,2,sibling_roster
915702,1944,3,sibling_roster
915702,1951,4,sibling_roster
915702,1954,5,sibling_roster
922396,1939,4,graduate
922396,1928,1,sibling_roster
922396,1931,2,sibling_roster
922396,1933,3,sibling_roster
922396,1939,4,sibling_roster
922396,1939,5,sibling_roster
906704,1939,4,graduate
906704,1934,1,sibling_roster
906704,1936,2,sibling_roster
906704,1939,3,sibling_roster
906704,1940,4,sibling_roster
906704,1943,5,sibling_roster
933257,1938,3,graduate
933257,1933,1,sibling_roster
933257,1936,2,sibling_roster
933257,1939,3,sibling_roster
933257,1941,4,sibling_roster
911132,1939,7,graduate
911132,1933,1,sibling_roster
911132,1934,2,sibling_roster
911132,1935,3,sibling_roster
911132,1936,4,sibling_roster
911132,1937,5,sibling_roster
911132,1938,6,sibling_roster
911132,1939,7,sibling_roster
911132,1944,8,sibling_roster
911132,1950,9,sibling_roster
911132,1954,10,sibling_roster
909493,1938,5,graduate
909493,1931,1,sibling_roster
909493,1933,2,sibling_roster
909493,1934,3,sibling_roster
909493,1937,4,sibling_roster
909493,1939,5,sibling_roster
909493,1942,6,sibling_roster
909493,1943,7,sibling_roster
909493,1947,8,sibling_roster
920755,1939,3,graduate
906450,1939,1,sibling_roster
906450,1941,2,sibling_roster
929922,1939,2,graduate
916856,1939,3,graduate
916856,1930,1,sibling_roster
916856,1935,2,sibling_roster
916856,1940,3,sibling_roster
916856,1952,4,sibling_roster
928653,1939,2,graduate
928653,1939,2,sibling_roster
928653,1941,3,sibling_roster
911159,1939,2,graduate
911159,1936,1,sibling_roster
911159,1940,2,sibling_roster
910166,1939,5,graduate
910166,1930,1,sibling_roster
910166,1932,2,sibling_roster
910166,1934,3,sibling_roster
910166,1940,4,sibling_roster
910166,1941,5,sibling_roster
910166,1944,6,sibling_roster
910166,1947,7,sibling_roster
902120,1940,1,sibling_roster
902120,1941,2,sibling_roster
902120,1943,3,sibling_roster
902120,1946,4,sibling_roster
916782,1940,1,sibling_roster
916782,1941,2,sibling_roster
916782,1947,3,sibling_roster
916782,1949,4,sibling_roster
931834,1939,4,graduate
931834,1935,1,sibling_roster
931834,1936,2,sibling_roster
931834,1939,3,sibling_roster
931834,1940,4,sibling_roster
931834,1942,5,sibling_roster
931834,1945,6,sibling_roster
931834,1954,9,sibling_roster
914821,1939,1,sibling_roster
914821,1941,2,sibling_roster
914821,1943,3,sibling_roster
914821,1946,4,sibling_roster
900842,1939,4,graduate
900842,1934,1,sibling_roster
900842,1936,2,sibling_roster
900842,1939,3,sibling_roster
900842,1940,4,sibling_roster
900842,1941,5,sibling_roster
900842,1944,6,sibling_roster
900842,1948,7,sibling_roster
900842,1951,8,sibling_roster
900842,1953,9,sibling_roster
900842,1956,10,sibling_roster
911319,1940,2,graduate
911319,1937,1,sibling_roster
911319,1940,2,sibling_roster
911319,1944,3,sibling_roster
911319,1954,4,sibling_roster
911056,1939,9,graduate
911056,1926,1,sibling_roster
911056,1929,2,sibling_roster
911056,1930,3,sibling_roster
911056,1931,4,sibling_roster
911056,1935,5,sibling_roster
911056,1938,6,sibling_roster
911056,1939,7,sibling_roster
911056,1940,8,sibling_roster
911056,1948,9,sibling_roster
923718,1940,2,graduate
923718,1937,1,sibling_roster
923718,1940,2,sibling_roster
923965,1939,3,graduate
904686,1939,5,graduate
904686,1929,1,sibling_roster
904686,1930,2,sibling_roster
904686,1933,3,sibling_roster
904686,1935,4,sibling_roster
904686,1940,5,sibling_roster
904686,1941,6,sibling_roster
904686,1947,7,sibling_roster
914632,1940,1,sibling_roster
914632,1944,2,sibling_roster
914632,1950,3,sibling_roster
914632,1959,4,sibling_roster
904854,1940,1,sibling_roster
904854,1941,2,sibling_roster
927794,1938,3,graduate
919174,1940,1,sibling_roster
919174,1943,2,sibling_roster
919174,1949,3,sibling_roster
919174,1951,4,sibling_roster
919174,1953,5,sibling_roster
931681,1939,3,graduate
929978,1939,3,graduate
929978,1931,1,sibling_roster
929978,1936,2,sibling_roster
929978,1940,3,sibling_roster
929978,1941,4,sibling_roster
929978,1943,5,sibling_roster
929978,1949,6,sibling_roster
929978,1952,7,sibling_roster
926378,1939,4,graduate
911656,1938,2,graduate
911656,1937,1,sibling_roster
911656,1939,2,sibling_roster
932311,1939,2,graduate
932311,1938,1,sibling_roster
932311,1940,2,sibling_roster
932311,1945,3,sibling_roster
932311,1950,4,sibling_roster
919963,1939,3,graduate
919963,1935,1,sibling_roster
919963,1940,2,sibling_roster
919963,1942,3,sibling_roster
919963,1945,4,sibling_roster
919963,1948,5,sibling_roster
919963,1951,6,sibling_roster
921185,1938,3,graduate
921185,1937,1,sibling_roster
921185,1939,2,sibling_roster
921185,1945,3,sibling_roster
909369,1939,3,graduate
909369,1933,1,sibling_roster
909369,1936,2,sibling_roster
909369,1940,3,sibling_roster
909369,1943,4,sibling_roster
902663,1940,1,sibling_roster
902663,1942,2,sibling_roster
902663,1945,3,sibling_roster
902663,1955,4,sibling_roster
906346,1939,3,graduate
906346,1931,1,sibling_roster
906346,1934,2,sibling_roster
906346,1940,3,sibling_roster
920992,1940,5,graduate
920992,1923,1,sibling_roster
920992,1927,2,sibling_roster
920992,1930,3,sibling_roster
920992,1940,4,sibling_roster
918282,1939,8,graduate
918282,1923,1,sibling_roster
918282,1927,2,sibling_roster
918282,1929,3,sibling_roster
918282,1930,4,sibling_roster
918282,1931,5,sibling_roster
918282,1933,6,sibling_roster
918282,1938,7,sibling_roster
918282,1940,8,sibling_roster
906171,1940,1,sibling_roster
906171,1945,2,sibling_roster
906171,1946,3,sibling_roster
906171,1947,4,sibling_roster
921123,1939,6,graduate
921123,1929,1,sibling_roster
921123,1931,2,sibling_roster
921123,1933,3,sibling_roster
921123,1935,4,sibling_roster
921123,1937,5,sibling_roster
921123,1939,6,sibling_roster
929441,1939,2,graduate
929441,1937,1,sibling_roster
929441,1939,2,sibling_roster
929441,1941,3,sibling_roster
929441,1943,4,sibling_roster
929441,1945,5,sibling_roster
929441,1952,6,sibling_roster
900181,1940,1,sibling_roster
900181,1942,2,sibling_roster
900181,1943,3,sibling_roster
900181,1946,4,sibling_roster
900181,1948,5,sibling_roster
900181,1951,6,sibling_roster
900181,1954,7,sibling_roster
903281,1940,1,sibling_roster
903281,1941,2,sibling_roster
903281,1942,3,sibling_roster
903281,1945,4,sibling_roster
903281,1947,5,sibling_roster
927462,1939,3,graduate
927462,1928,1,sibling_roster
927462,1933,2,sibling_roster
927462,1940,3,sibling_roster
916508,1939,6,graduate
916508,1925,1,sibling_roster
916508,1927,2,sibling_roster
916508,1929,3,sibling_roster
916508,1929,4,sibling_roster
916508,1931,5,sibling_roster
916508,1940,6,sibling_roster
916508,1943,7,sibling_roster
912590,1939,5,graduate
912590,1929,1,sibling_roster
912590,1930,2,sibling_roster
912590,1938,3,sibling_roster
912590,1940,4,sibling_roster
928209,1940,1,sibling_roster
928209,1943,2,sibling_roster
906815,1939,6,graduate
906815,1930,1,sibling_roster
906815,1931,2,sibling_roster
906815,1933,3,sibling_roster
906815,1940,4,sibling_roster
906815,1944,5,sibling_roster
906815,1948,6,sibling_roster
908255,1940,1,sibling_roster
908255,1945,2,sibling_roster
908255,1950,3,sibling_roster
920588,1938,2,graduate
920588,1937,1,sibling_roster
920588,1939,2,sibling_roster
903581,1940,1,sibling_roster
903581,1941,2,sibling_roster
903581,1942,3,sibling_roster
903581,1947,4,sibling_roster
903581,1950,5,sibling_roster
903581,1953,6,sibling_roster
903581,1954,7,sibling_roster
920715,1937,2,graduate
920715,1937,2,sibling_roster
920715,1942,3,sibling_roster
905287,1939,3,graduate
905287,1927,1,sibling_roster
905287,1933,2,sibling_roster
905287,1940,3,sibling_roster
905287,1940,4,sibling_roster
925799,1939,5,graduate
925799,1922,1,sibling_roster
925799,1924,2,sibling_roster
925799,1932,3,sibling_roster
925799,1937,4,sibling_roster
925799,1940,5,sibling_roster
902577,1938,1,sibling_roster
902577,1947,2,sibling_roster
902577,1953,3,sibling_roster
914395,1939,1,sibling_roster
914395,1946,2,sibling_roster
910775,1938,2,graduate
910775,1935,1,sibling_roster
910775,1939,2,sibling_roster
910775,1945,3,sibling_roster
910775,1947,4,sibling_roster
910775,1947,5,sibling_roster
910540,1939,2,graduate
910540,1937,1,sibling_roster
910540,1939,2,sibling_roster
910540,1941,3,sibling_roster
910540,1945,4,sibling_roster
910540,1949,5,sibling_roster
910540,1951,6,sibling_roster
910540,1953,7,sibling_roster
910540,1955,8,sibling_roster
910540,1956,9,sibling_roster
910540,1959,10,sibling_roster
910540,1961,11,sibling_roster
907621,1939,2,graduate
907621,1938,1,sibling_roster
907621,1940,2,sibling_roster
907621,1942,3,sibling_roster
907621,1947,4,sibling_roster
907621,1951,5,sibling_roster
907621,1953,6,sibling_roster
907621,1957,7,sibling_roster
913178,1939,1,sibling_roster
919856,1940,1,sibling_roster
919856,1941,2,sibling_roster
900026,1939,3,graduate
900026,1932,1,sibling_roster
900026,1935,2,sibling_roster
900026,1939,3,sibling_roster
900026,1940,4,sibling_roster
906458,1939,4,graduate
906458,1934,1,sibling_roster
906458,1937,2,sibling_roster
906458,1938,3,sibling_roster
906458,1940,4,sibling_roster
906458,1941,5,sibling_roster
906458,1945,6,sibling_roster
904885,1939,5,graduate
904885,1930,1,sibling_roster
904885,1934,2,sibling_roster
904885,1936,3,sibling_roster
904885,1939,4,sibling_roster
904885,1940,5,sibling_roster
933537,1939,2,graduate
933537,1938,1,sibling_roster
933537,1939,2,sibling_roster
933537,1949,4,sibling_roster
927140,1937,2,graduate
910755,1939,3,graduate
910755,1934,1,sibling_roster
910755,1938,2,sibling_roster
910755,1940,3,sibling_roster
910755,1944,4,sibling_roster
910755,1951,5,sibling_roster
917866,1939,8,graduate
930835,1939,2,graduate
932710,1940,1,sibling_roster
932710,1943,2,sibling_roster
932710,1945,3,sibling_roster
932710,1951,4,sibling_roster
903654,1939,3,graduate
903654,1927,1,sibling_roster
903654,1933,2,sibling_roster
903654,1940,3,sibling_roster
924692,1939,3,graduate
924692,1933,1,sibling_roster
924692,1935,2,sibling_roster
924692,1939,3,sibling_roster
924692,1939,4,sibling_roster
924692,1940,5,sibling_roster
900232,1939,3,graduate
901961,1940,7,graduate
926619,1939,5,graduate
926619,1928,1,sibling_roster
926619,1929,2,sibling_roster
926619,1930,3,sibling_roster
926619,1934,4,sibling_roster
926619,1939,5,sibling_roster
926619,1945,6,sibling_roster
900992,1939,6,graduate
901906,1939,2,graduate
908914,1940,1,sibling_roster
908914,1941,2,sibling_roster
908914,1943,3,sibling_roster
908914,1945,4,sibling_roster
908914,1949,5,sibling_roster
908778,1939,2,graduate
908778,1939,1,sibling_roster
908778,1940,2,sibling_roster
920752,1939,2,graduate
920752,1936,1,sibling_roster
920752,1939,2,sibling_roster
920752,1939,3,sibling_roster
920752,1942,4,sibling_roster
920752,1946,5,sibling_roster
919227,1940,1,sibling_roster
907163,1939,2,graduate
907163,1930,1,sibling_roster
907163,1940,2,sibling_roster
907163,1944,3,sibling_roster
907163,1945,4,sibling_roster
910765,1938,2,graduate
910765,1937,1,sibling_roster
910765,1939,2,sibling_roster
910765,1949,3,sibling_roster
911602,1938,2,graduate
915297,1939,3,graduate
915297,1922,1,sibling_roster
915297,1923,2,sibling_roster
915297,1940,3,sibling_roster
915297,1940,4,sibling_roster
919353,1939,2,graduate
919353,1937,1,sibling_roster
919353,1940,2,sibling_roster
919353,1946,3,sibling_roster
902668,1940,5,graduate
902668,1926,1,sibling_roster
902668,1931,2,sibling_roster
902668,1933,3,sibling_roster
902668,1935,4,sibling_roster
902668,1940,5,sibling_roster
907018,1939,7,graduate
907018,1916,1,sibling_roster
907018,1921,2,sibling_roster
907018,1922,3,sibling_roster
907018,1928,4,sibling_roster
907018,1930,5,sibling_roster
907018,1932,6,sibling_roster
907018,1939,7,sibling_roster
923513,1939,4,graduate
923513,1931,1,sibling_roster
923513,1933,2,sibling_roster
923513,1935,3,sibling_roster
923513,1939,4,sibling_roster
923513,1943,5,sibling_roster
923513,1947,6,sibling_roster
933129,1940,1,sibling_roster
933129,1950,2,sibling_roster
933129,1951,3,sibling_roster
933129,1952,4,sibling_roster
903318,1940,3,graduate
903318,1930,1,sibling_roster
903318,1932,2,sibling_roster
903318,1941,3,sibling_roster
903318,1942,4,sibling_roster
926093,1939,3,graduate
926093,1932,1,sibling_roster
926093,1937,2,sibling_roster
926093,1940,3,sibling_roster
926093,1957,4,sibling_roster
901015,1939,2,graduate
901015,1936,1,sibling_roster
901015,1940,2,sibling_roster
901015,1943,3,sibling_roster
901015,1947,4,sibling_roster
923025,1940,1,sibling_roster
923025,1947,2,sibling_roster
923025,1948,3,sibling_roster
918892,1939,2,graduate
918892,1930,1,sibling_roster
918892,1937,2,sibling_roster
918892,1940,3,sibling_roster
921222,1937,5,graduate
921222,1926,1,sibling_roster
921222,1928,2,sibling_roster
921222,1931,3,sibling_roster
921222,1935,4,sibling_roster
921222,1938,5,sibling_roster
921222,1943,6,sibling_roster
922530,1939,2,graduate
922530,1938,1,sibling_roster
922530,1940,2,sibling_roster
922530,1942,3,sibling_roster
915578,1939,1,sibling_roster
915578,1941,2,sibling_roster
915578,1942,3,sibling_roster
915578,1943,4,sibling_roster
924526,1940,1,sibling_roster
924526,1942,2,sibling_roster
924526,1951,3,sibling_roster
929198,1940,1,sibling_roster
929198,1941,2,sibling_roster
929198,1942,3,sibling_roster
929198,1944,4,sibling_roster
918295,1939,4,graduate
918295,1925,1,sibling_roster
918295,1934,2,sibling_roster
918295,1940,3,sibling_roster
918295,1941,4,sibling_roster
915940,1940,1,sibling_roster
915940,1945,2,sibling_roster
912033,1939,2,graduate
912033,1936,1,sibling_roster
912033,1940,2,sibling_roster
912033,1944,3,sibling_roster
922785,1939,2,graduate
922785,1939,1,sibling_roster
922785,1940,2,sibling_roster
922785,1942,3,sibling_roster
922785,1945,4,sibling_roster
922785,1947,5,sibling_roster
922785,1949,6,sibling_roster
922785,1952,7,sibling_roster
922785,1958,8,sibling_roster
920224,1939,2,graduate
920224,1938,1,sibling_roster
920224,1940,2,sibling_roster
920224,1943,3,sibling_roster
920224,1944,4,sibling_roster
920224,1946,5,sibling_roster
920224,1948,6,sibling_roster
920224,1951,7,sibling_roster
920224,1952,8,sibling_roster
920224,1952,9,sibling_roster
920224,1956,10,sibling_roster
920224,1959,11,sibling_roster
918939,1940,1,sibling_roster
918939,1943,2,sibling_roster
918939,1953,3,sibling_roster
918939,1954,4,sibling_roster
918939,1961,5,sibling_roster
918154,1939,3,graduate
918154,1928,1,sibling_roster
918154,1936,2,sibling_roster
918154,1940,3,sibling_roster
902457,1940,1,sibling_roster
902457,1942,2,sibling_roster
902457,1944,3,sibling_roster
904350,1939,3,graduate
904350,1934,1,sibling_roster
904350,1937,2,sibling_roster
904350,1940,3,sibling_roster
904350,1942,4,sibling_roster
904350,1945,5,sibling_roster
929887,1939,2,graduate
929887,1929,1,sibling_roster
929887,1940,2,sibling_roster
902769,1938,4,graduate
902769,1927,1,sibling_roster
902769,1930,2,sibling_roster
902769,1936,3,sibling_roster
902769,1939,4,sibling_roster
928372,1939,2,graduate
928372,1939,1,sibling_roster
928372,1940,2,sibling_roster
928372,1942,3,sibling_roster
928372,1945,4,sibling_roster
928372,1947,5,sibling_roster
928372,1949,6,sibling_roster
928372,1952,7,sibling_roster
928372,1954,8,sibling_roster
928372,1954,9,sibling_roster
928372,1957,10,sibling_roster
928372,1960,11,sibling_roster
931524,1940,1,sibling_roster
931524,1942,2,sibling_roster
926981,1938,7,graduate
926981,1911,1,sibling_roster
926981,1917,2,sibling_roster
926981,1931,3,sibling_roster
926981,1932,4,sibling_roster
926981,1935,5,sibling_roster
926981,1939,6,sibling_roster
926981,1947,7,sibling_roster
931627,1939,2,graduate
924864,1939,3,graduate
924864,1936,1,sibling_roster
924864,1938,2,sibling_roster
924864,1940,3,sibling_roster
924864,1944,4,sibling_roster
924864,1946,5,sibling_roster
924864,1948,6,sibling_roster
902757,1940,1,sibling_roster
902757,1942,2,sibling_roster
902757,1947,3,sibling_roster
902757,1955,4,sibling_roster
911821,1939,1,sibling_roster
911821,1943,2,sibling_roster
910925,1939,5,graduate
910925,1928,1,sibling_roster
910925,1929,2,sibling_roster
910925,1932,3,sibling_roster
910925,1934,4,sibling_roster
910925,1940,5,sibling_roster
901021,1940,1,sibling_roster
901021,1944,2,sibling_roster
901021,1949,3,sibling_roster
933935,1940,1,sibling_roster
933935,1945,2,sibling_roster
933935,1948,3,sibling_roster
933935,1949,4,sibling_roster
927179,1939,1,sibling_roster
927179,1943,2,sibling_roster
927179,1950,3,sibling_roster
920537,1940,2,graduate
920537,1939,1,sibling_roster
920537,1942,2,sibling_roster
920537,1943,3,sibling_roster
920537,1947,4,sibling_roster
920537,1950,5,sibling_roster
920537,1957,6,sibling_roster
917583,1938,2,graduate
917583,1934,1,sibling_roster
917583,1939,2,sibling_roster
917583,1943,3,sibling_roster
902127,1939,4,graduate
932777,1939,7,graduate
932777,1922,1,sibling_roster
932777,1924,2,sibling_roster
932777,1926,3,sibling_roster
932777,1930,4,sibling_roster
932777,1932,5,sibling_roster
932777,1936,6,sibling_roster
932777,1940,7,sibling_roster
932777,1944,8,sibling_roster
921369,1940,1,sibling_roster
921369,1944,2,sibling_roster
921369,1948,3,sibling_roster
906928,1939,7,graduate
908829,1939,2,graduate
908829,1931,1,sibling_roster
908829,1940,2,sibling_roster
908829,1943,3,sibling_roster
904029,1939,4,graduate
904029,1934,1,sibling_roster
904029,1938,2,sibling_roster
904029,1938,3,sibling_roster
904029,1939,4,sibling_roster
904029,1940,5,sibling_roster
904029,1944,6,sibling_roster
904029,1947,7,sibling_roster
904029,1948,8,sibling_roster
904029,1950,9,sibling_roster
904029,1951,10,sibling_roster
904029,1952,11,sibling_roster
907501,1940,1,sibling_roster
907501,1940,2,sibling_roster
907501,1942,3,sibling_roster
907501,1944,4,sibling_roster
907501,1946,5,sibling_roster
907501,1948,6,sibling_roster
907501,1950,7,sibling_roster
907501,1952,8,sibling_roster
907501,1954,9,sibling_roster
907501,1958,10,sibling_roster
931386,1939,2,graduate
912781,1939,1,sibling_roster
912781,1940,2,sibling_roster
912781,1941,3,sibling_roster
912781,1945,4,sibling_roster
912781,1946,5,sibling_roster
912781,1947,6,sibling_roster
912781,1948,7,sibling_roster
912781,1954,8,sibling_roster
912781,1955,9,sibling_roster
912781,1960,10,sibling_roster
927579,1939,3,graduate
927579,1928,1,sibling_roster
927579,1931,2,sibling_roster
927579,1940,3,sibling_roster
906334,1939,1,sibling_roster
907362,1939,3,graduate
907362,1935,1,sibling_roster
907362,1936,2,sibling_roster
907362,1940,3,sibling_roster
907362,1943,4,sibling_roster
907362,1944,5,sibling_roster
907362,1948,6,sibling_roster
907362,1949,7,sibling_roster
922167,1939,5,graduate
922167,1925,1,sibling_roster
922167,1927,2,sibling_roster
922167,1929,3,sibling_roster
922167,1936,4,sibling_roster
922167,1940,5,sibling_roster
922167,1940,6,sibling_roster
914867,1939,2,graduate
914867,1934,1,sibling_roster
914867,1940,2,sibling_roster
914867,1942,3,sibling_roster
914867,1943,4,sibling_roster
914867,1945,5,sibling_roster
914867,1946,6,sibling_roster
914867,1954,7,sibling_roster
925478,1939,5,graduate
925478,1932,1,sibling_roster
925478,1935,2,sibling_roster
925478,1937,3,sibling_roster
925478,1938,4,sibling_roster
925478,1939,5,sibling_roster
926486,1939,4,graduate
923305,1938,3,graduate
918013,1939,1,sibling_roster
918013,1941,2,sibling_roster
918013,1949,3,sibling_roster
924367,1939,13,graduate
924367,1902,1,sibling_roster
924367,1912,2,sibling_roster
924367,1915,3,sibling_roster
924367,1919,4,sibling_roster
924367,1922,5,sibling_roster
924367,1923,6,sibling_roster
924367,1924,7,sibling_roster
924367,1925,8,sibling_roster
924367,1931,9,sibling_roster
924367,1939,10,sibling_roster
927145,1940,1,sibling_roster
927145,1946,2,sibling_roster
907755,1940,1,sibling_roster
907755,1942,2,sibling_roster
907755,1948,3,sibling_roster
907755,1949,4,sibling_roster
918156,1939,2,graduate
931920,1940,1,sibling_roster
931920,1942,2,sibling_roster
931920,1942,3,sibling_roster
930278,1939,2,graduate
907651,1939,3,graduate
907651,1938,1,sibling_roster
907651,1940,2,sibling_roster
907651,1942,3,sibling_roster
907651,1943,4,sibling_roster
907651,1950,5,sibling_roster
907651,1953,6,sibling_roster
907651,1956,7,sibling_roster
917763,1940,1,sibling_roster
917763,1943,2,sibling_roster
917763,1949,3,sibling_roster
903342,1940,4,graduate
903342,1915,1,sibling_roster
903342,1920,2,sibling_roster
903342,1925,3,sibling_roster
903342,1940,4,sibling_roster
928083,1940,1,sibling_roster
928083,1943,2,sibling_roster
928843,1939,1,sibling_roster
928843,1940,2,sibling_roster
928843,1941,3,sibling_roster
928843,1942,4,sibling_roster
928843,1944,5,sibling_roster
928843,1947,6,sibling_roster
928843,1950,7,sibling_roster
928843,1952,8,sibling_roster
928843,1956,9,sibling_roster
901678,1939,7,graduate
901678,1918,1,sibling_roster
901678,1919,2,sibling_roster
901678,1922,3,sibling_roster
901678,1923,4,sibling_roster
901678,1928,5,sibling_roster
901678,1930,6,sibling_roster
901678,1940,7,sibling_roster
916886,1938,5,graduate
916886,1929,2,sibling_roster
916886,1939,5,sibling_roster
916886,1944,6,sibling_roster
933452,1939,5,graduate
933452,1929,1,sibling_roster
933452,1930,2,sibling_roster
933452,1932,3,sibling_roster
933452,1938,4,sibling_roster
933452,1939,5,sibling_roster
907937,1938,3,graduate
907937,1934,1,sibling_roster
907937,1936,2,sibling_roster
907937,1937,3,sibling_roster
907937,1939,4,sibling_roster
907937,1940,5,sibling_roster
912324,1939,3,graduate
912324,1940,1,sibling_roster
915350,1939,2,graduate
915350,1934,1,sibling_roster
915350,1940,2,sibling_roster
915350,1944,3,sibling_roster
915350,1950,4,sibling_roster
925082,1939,2,graduate
925082,1934,1,sibling_roster
925082,1939,2,sibling_roster
925082,1944,3,sibling_roster
925082,1946,4,sibling_roster
917022,1939,2,graduate
917022,1934,1,sibling_roster
917022,1939,2,sibling_roster
917524,1939,7,graduate
922792,1939,2,graduate
922792,1938,1,sibling_roster
922792,1940,2,sibling_roster
922792,1940,3,sibling_roster
922792,1942,4,sibling_roster
922792,1945,5,sibling_roster
922792,1947,6,sibling_roster
922792,1954,7,sibling_roster
922792,1960,8,sibling_roster
923247,1939,4,graduate
923247,1932,1,sibling_roster
923247,1936,2,sibling_roster
923247,1940,3,sibling_roster
923247,1944,4,sibling_roster
907784,1939,5,graduate
928398,1939,4,graduate
928398,1935,1,sibling_roster
928398,1937,2,sibling_roster
928398,1938,3,sibling_roster
928398,1940,4,sibling_roster
928398,1949,5,sibling_roster
906143,1939,5,graduate
906143,1930,1,sibling_roster
906143,1931,2,sibling_roster
906143,1933,3,sibling_roster
906143,1935,4,sibling_roster
906143,1939,5,sibling_roster
931132,1939,6,graduate
931132,1933,1,sibling_roster
931132,1935,2,sibling_roster
931132,1937,3,sibling_roster
931132,1938,4,sibling_roster
931132,1939,5,sibling_roster
931132,1940,6,sibling_roster
904063,1938,7,graduate
930411,1939,2,graduate
930411,1937,1,sibling_roster
930411,1940,2,sibling_roster
914232,1939,2,graduate
914232,1938,1,sibling_roster
914232,1940,2,sibling_roster
914232,1945,3,sibling_roster
914232,1947,4,sibling_roster
925995,1940,1,sibling_roster
925995,1941,2,sibling_roster
925995,1944,3,sibling_roster
902530,1939,2,graduate
916065,1939,3,graduate
916065,1936,1,sibling_roster
916065,1939,2,sibling_roster
916065,1941,3,sibling_roster
916065,1944,4,sibling_roster
925287,1939,3,graduate
925287,1936,1,sibling_roster
925287,1940,2,sibling_roster
925287,1942,3,sibling_roster
925287,1945,4,sibling_roster
925287,1949,5,sibling_roster
925287,1950,6,sibling_roster
925287,1957,7,sibling_roster
911207,1940,1,sibling_roster
911207,1944,2,sibling_roster
929021,1939,1,sibling_roster
929021,1941,2,sibling_roster
929021,1942,3,sibling_roster
929021,1945,4,sibling_roster
929021,1952,5,sibling_roster
912971,1940,1,sibling_roster
912971,1946,2,sibling_roster
912971,1948,3,sibling_roster
926112,1940,1,sibling_roster
926112,1942,2,sibling_roster
926112,1945,3,sibling_roster
926112,1949,4,sibling_roster
926112,1954,5,sibling_roster
916428,1939,7,graduate
916428,1913,1,sibling_roster
916428,1922,2,sibling_roster
916428,1927,3,sibling_roster
916428,1929,4,sibling_roster
916428,1934,5,sibling_roster
916428,1936,6,sibling_roster
916428,1940,7,sibling_roster
933811,1939,4,graduate
933811,1934,1,sibling_roster
933811,1935,2,sibling_roster
933811,1938,3,sibling_roster
933811,1940,4,sibling_roster
933811,1942,5,sibling_roster
933811,1954,6,sibling_roster
916236,1939,1,sibling_roster
916236,1944,2,sibling_roster
916236,1948,3,sibling_roster
926884,1939,1,sibling_roster
926884,1943,2,sibling_roster
926884,1945,3,sibling_roster
926884,1948,4,sibling_roster
914354,1939,5,graduate
914354,1917,1,sibling_roster
914354,1936,2,sibling_roster
914354,1938,4,sibling_roster
914354,1940,5,sibling_roster
914354,1941,6,sibling_roster
914257,1939,3,graduate
900634,1939,2,graduate
900634,1937,1,sibling_roster
900634,1940,2,sibling_roster
900634,1942,3,sibling_roster
908465,1938,5,graduate
903315,1939,2,graduate
924320,1937,5,graduate
924320,1917,1,sibling_roster
924320,1925,2,sibling_roster
924320,1927,3,sibling_roster
924320,1928,4,sibling_roster
924320,1937,5,sibling_roster
906906,1939,3,graduate
906906,1933,1,sibling_roster
906906,1937,2,sibling_roster
906906,1938,3,sibling_roster
905691,1939,5,graduate
905691,1936,1,sibling_roster
905691,1936,2,sibling_roster
905691,1938,3,sibling_roster
905691,1940,4,sibling_roster
905691,1940,5,sibling_roster
905691,1942,6,sibling_roster
905691,1943,7,sibling_roster
905691,1944,8,sibling_roster
905691,1949,9,sibling_roster
905691,1950,10,sibling_roster
931380,1939,2,graduate
931380,1932,1,sibling_roster
931380,1940,2,sibling_roster
924278,1939,2,graduate
924278,1936,1,sibling_roster
924278,1940,2,sibling_roster
924278,1941,3,sibling_roster
924278,1941,4,sibling_roster
924278,1943,5,sibling_roster
924278,1955,6,sibling_roster
924278,1958,7,sibling_roster
924278,1960,8,sibling_roster
907814,1939,5,graduate
907814,1931,1,sibling_roster
907814,1933,2,sibling_roster
907814,1935,3,sibling_roster
907814,1936,4,sibling_roster
907814,1940,5,sibling_roster
916167,1939,5,graduate
927425,1939,2,graduate
927425,1936,1,sibling_roster
927425,1939,2,sibling_roster
927425,1942,3,sibling_roster
909657,1939,3,graduate
904310,1939,3,graduate
904310,1934,1,sibling_roster
904310,1935,2,sibling_roster
904310,1940,3,sibling_roster
904951,1939,5,graduate
903598,1939,3,graduate
903598,1931,1,sibling_roster
903598,1938,2,sibling_roster
903598,1940,3,sibling_roster
903598,1942,4,sibling_roster
921938,1939,3,graduate
911940,1939,1,sibling_roster
913209,1940,1,sibling_roster
913209,1941,2,sibling_roster
916705,1939,3,graduate
931354,1939,6,graduate
931354,1925,1,sibling_roster
931354,1927,2,sibling_roster
931354,1930,3,sibling_roster
931354,1935,4,sibling_roster
931354,1937,5,sibling_roster
931354,1939,6,sibling_roster
920664,1939,3,graduate
920664,1933,1,sibling_roster
920664,1936,2,sibling_roster
920664,1940,3,sibling_roster
906396,1939,3,graduate
906396,1926,1,sibling_roster
906396,1931,2,sibling_roster
906396,1940,3,sibling_roster
906396,1942,4,sibling_roster
927512,1939,2,graduate
919988,1940,1,sibling_roster
919988,1942,2,sibling_roster
919988,1944,3,sibling_roster
919988,1952,4,sibling_roster
919988,1955,5,sibling_roster
924031,1939,2,graduate
928300,1939,2,graduate
928300,1935,1,sibling_roster
928300,1940,2,sibling_roster
918958,1939,2,graduate
918958,1939,1,sibling_roster
903575,1939,2,graduate
903575,1939,1,sibling_roster
931122,1939,2,graduate
931122,1936,1,sibling_roster
931122,1940,2,sibling_roster
931122,1945,3,sibling_roster
931122,1951,4,sibling_roster
931122,1951,5,sibling_roster
905645,1938,1,sibling_roster
905645,1940,2,sibling_roster
905645,1941,3,sibling_roster
920359,1940,1,sibling_roster
920359,1942,2,sibling_roster
920359,1945,3,sibling_roster
920359,1955,4,sibling_roster
907014,1940,1,sibling_roster
907014,1950,2,sibling_roster
926823,1938,3,graduate
926823,1935,1,sibling_roster
926823,1937,2,sibling_roster
926823,1938,3,sibling_roster
926823,1941,4,sibling_roster
911096,1938,2,graduate
911096,1939,1,sibling_roster
911096,1939,2,sibling_roster
911096,1941,3,sibling_roster
911096,1944,4,sibling_roster
911096,1951,5,sibling_roster
911096,1954,6,sibling_roster
911096,1955,7,sibling_roster
925489,1938,5,graduate
925489,1931,3,sibling_roster
925489,1932,4,sibling_roster
925489,1939,5,sibling_roster
903730,1939,2,graduate
903730,1934,1,sibling_roster
903730,1940,2,sibling_roster
903730,1944,3,sibling_roster
932637,1938,3,graduate
932637,1935,1,sibling_roster
932637,1937,2,sibling_roster
932637,1939,3,sibling_roster
932637,1940,4,sibling_roster
932637,1945,5,sibling_roster
917014,1939,8,graduate
917014,1917,1,sibling_roster
917014,1918,2,sibling_roster
917014,1922,3,sibling_roster
917014,1927,4,sibling_roster
917014,1930,5,sibling_roster
917014,1934,6,sibling_roster
917014,1937,7,sibling_roster
917014,1939,8,sibling_roster
914968,1938,2,graduate
914968,1933,1,sibling_roster
914968,1938,2,sibling_roster
914968,1945,4,sibling_roster
928602,1939,2,graduate
928602,1937,1,sibling_roster
928602,1940,2,sibling_roster
928602,1942,3,sibling_roster
928602,1944,4,sibling_roster
919643,1938,5,graduate
919643,1927,1,sibling_roster
919643,1931,2,sibling_roster
919643,1935,4,sibling_roster
919643,1939,5,sibling_roster
907689,1939,5,graduate
907689,1915,1,sibling_roster
907689,1917,2,sibling_roster
907689,1920,3,sibling_roster
907689,1928,4,sibling_roster
907689,1939,5,sibling_roster
933468,1938,11,graduate
933468,1930,6,sibling_roster
933468,1932,7,sibling_roster
933468,1935,8,sibling_roster
933468,1938,9,sibling_roster
927918,1940,1,sibling_roster
927918,1941,2,sibling_roster
927918,1942,3,sibling_roster
927918,1950,4,sibling_roster
932885,1939,1,sibling_roster
913678,1940,1,sibling_roster
913678,1943,2,sibling_roster
900391,1937,4,graduate
900391,1930,1,sibling_roster
900391,1932,2,sibling_roster
900391,1935,3,sibling_roster
900391,1938,4,sibling_roster
900391,1941,5,sibling_roster
900391,1955,6,sibling_roster
900391,1958,7,sibling_roster
914674,1940,6,graduate
914674,1933,1,sibling_roster
914674,1934,2,sibling_roster
914674,1935,3,sibling_roster
914674,1936,4,sibling_roster
914674,1938,5,sibling_roster
914674,1940,6,sibling_roster
923749,1939,1,sibling_roster
923749,1946,2,sibling_roster
923749,1948,3,sibling_roster
923749,1953,4,sibling_roster
929588,1938,6,graduate
929588,1921,1,sibling_roster
929588,1924,2,sibling_roster
929588,1926,3,sibling_roster
929588,1934,4,sibling_roster
929588,1936,5,sibling_roster
929588,1939,6,sibling_roster
925535,1939,1,sibling_roster
925535,1945,2,sibling_roster
925535,1948,3,sibling_roster
931642,1940,1,sibling_roster
931642,1952,2,sibling_roster
926355,1939,2,graduate
926355,1936,1,sibling_roster
926355,1940,2,sibling_roster
922588,1939,1,sibling_roster
922588,1944,2,sibling_roster
908050,1939,3,graduate
908050,1937,1,sibling_roster
908050,1938,2,sibling_roster
908050,1940,3,sibling_roster
908050,1942,4,sibling_roster
908050,1946,5,sibling_roster
908050,1948,6,sibling_roster
903275,1939,2,graduate
903275,1935,1,sibling_roster
903275,1939,2,sibling_roster
919644,1939,3,graduate
910774,1939,2,graduate
927923,1940,1,sibling_roster
927923,1944,2,sibling_roster
901399,1939,1,sibling_roster
901399,1941,2,sibling_roster
901399,1944,3,sibling_roster
900382,1939,2,graduate
900382,1937,1,sibling_roster
900382,1940,2,sibling_roster
900382,1944,3,sibling_roster
900382,1947,4,sibling_roster
900382,1951,5,sibling_roster
902285,1939,5,graduate
902285,1925,1,sibling_roster
902285,1930,2,sibling_roster
902285,1930,3,sibling_roster
902285,1933,4,sibling_roster
902285,1940,5,sibling_roster
932990,1939,1,sibling_roster
932990,1946,2,sibling_roster
916542,1939,3,graduate
916542,1936,1,sibling_roster
916542,1937,2,sibling_roster
916542,1939,3,sibling_roster
916542,1948,4,sibling_roster
916542,1948,5,sibling_roster
932596,1940,1,sibling_roster
932596,1941,2,sibling_roster
932596,1946,3,sibling_roster
915640,1939,3,graduate
907457,1939,1,sibling_roster
918488,1938,3,graduate
918488,1933,1,sibling_roster
918488,1937,2,sibling_roster
918488,1940,3,sibling_roster
918488,1940,4,sibling_roster
918488,1945,5,sibling_roster
918488,1950,6,sibling_roster
918488,1956,7,sibling_roster
926963,1939,2,graduate
926963,1931,1,sibling_roster
926963,1940,2,sibling_roster
920418,1940,1,sibling_roster
920418,1951,2,sibling_roster
918298,1939,1,sibling_roster
918298,1944,2,sibling_roster
918298,1950,3,sibling_roster
918298,1951,4,sibling_roster
912338,1940,1,sibling_roster
928089,1938,3,graduate
920998,1938,2,graduate
920998,1934,1,sibling_roster
920998,1939,2,sibling_roster
920998,1943,3,sibling_roster
915266,1939,1,sibling_roster
915266,1940,2,sibling_roster
915266,1945,3,sibling_roster
926799,1939,3,graduate
917728,1939,2,graduate
917728,1935,1,sibling_roster
917728,1940,2,sibling_roster
927490,1939,4,graduate
927490,1930,1,sibling_roster
927490,1932,2,sibling_roster
927490,1937,3,sibling_roster
927490,1939,4,sibling_roster
926080,1939,2,graduate
926080,1937,1,sibling_roster
926080,1939,2,sibling_roster
926080,1941,3,sibling_roster
933563,1940,1,sibling_roster
933563,1943,2,sibling_roster
910375,1938,2,graduate
930765,1939,7,graduate
902395,1940,2,graduate
902395,1938,1,sibling_roster
902395,1940,2,sibling_roster
902395,1942,3,sibling_roster
909225,1940,2,graduate
909225,1937,1,sibling_roster
909225,1940,2,sibling_roster
909225,1941,3,sibling_roster
909225,1946,4,sibling_roster
930121,1939,5,graduate
930121,1930,1,sibling_roster
930121,1931,2,sibling_roster
930121,1935,3,sibling_roster
930121,1936,4,sibling_roster
930121,1940,5,sibling_roster
930121,1948,6,sibling_roster
930121,1953,7,sibling_roster
915501,1938,2,graduate
915501,1937,1,sibling_roster
915501,1939,2,sibling_roster
915501,1942,3,sibling_roster
915501,1947,4,sibling_roster
916598,1940,1,sibling_roster
916598,1943,2,sibling_roster
916598,1949,3,sibling_roster
916598,1953,4,sibling_roster
901639,1940,1,sibling_roster
901639,1945,2,sibling_roster
901639,1949,3,sibling_roster
907561,1939,2,graduate
907561,1938,1,sibling_roster
907561,1939,2,sibling_roster
921186,1939,3,graduate
909803,1940,1,sibling_roster
909803,1949,2,sibling_roster
911732,1939,1,sibling_roster
911732,1948,2,sibling_roster
911732,1952,3,sibling_roster
911732,1956,4,sibling_roster
901338,1939,3,graduate
901338,1933,1,sibling_roster
901338,1935,2,sibling_roster
901338,1940,3,sibling_roster
925836,1940,1,sibling_roster
925836,1943,2,sibling_roster
925836,1947,3,sibling_roster
925836,1949,4,sibling_roster
917278,1939,3,graduate
917278,1935,1,sibling_roster
917278,1937,2,sibling_roster
917278,1939,3,sibling_roster
917278,1943,4,sibling_roster
917278,1945,5,sibling_roster
917278,1948,6,sibling_roster
917278,1950,7,sibling_roster
927783,1939,3,graduate
927783,1934,1,sibling_roster
927783,1938,2,sibling_roster
927783,1940,3,sibling_roster
903942,1940,1,sibling_roster
916461,1939,3,graduate
916461,1936,1,sibling_roster
916461,1938,2,sibling_roster
916461,1940,3,sibling_roster
916461,1942,4,sibling_roster
901529,1939,3,graduate
901529,1933,1,sibling_roster
901529,1938,2,sibling_roster
901529,1940,3,sibling_roster
918186,1937,3,graduate
918186,1938,1,sibling_roster
921145,1939,1,sibling_roster
906125,1939,6,graduate
906125,1927,1,sibling_roster
906125,1928,2,sibling_roster
906125,1933,3,sibling_roster
906125,1937,4,sibling_roster
906125,1940,5,sibling_roster
914276,1939,1,sibling_roster
914276,1942,2,sibling_roster
914276,1944,3,sibling_roster
914276,1946,4,sibling_roster
914276,1949,5,sibling_roster
914276,1957,6,sibling_roster
916333,1938,3,graduate
916333,1934,1,sibling_roster
916333,1935,2,sibling_roster
916333,1939,3,sibling_roster
924284,1939,2,graduate
924284,1939,1,sibling_roster
924284,1940,2,sibling_roster
924284,1942,3,sibling_roster
924284,1945,4,sibling_roster
924284,1956,5,sibling_roster
923271,1939,5,graduate
923271,1920,1,sibling_roster
923271,1925,2,sibling_roster
923271,1928,3,sibling_roster
923271,1930,4,sibling_roster
923271,1940,5,sibling_roster
911291,1940,1,sibling_roster
914849,1939,3,graduate
914849,1934,1,sibling_roster
914849,1934,2,sibling_roster
914849,1939,3,sibling_roster
914849,1943,4,sibling_roster
926474,1939,2,graduate
926474,1939,1,sibling_roster
926474,1940,2,sibling_roster
926474,1942,3,sibling_roster
926474,1944,4,sibling_roster
926474,1947,5,sibling_roster
930495,1940,1,sibling_roster
930495,1940,2,sibling_roster
930495,1949,3,sibling_roster
930495,1950,4,sibling_roster
930495,1954,5,sibling_roster
930495,1960,6,sibling_roster
930299,1940,1,sibling_roster
930299,1942,2,sibling_roster
930299,1944,3,sibling_roster
911675,1939,5,graduate
911675,1932,1,sibling_roster
911675,1935,2,sibling_roster
911675,1939,3,sibling_roster
911675,1940,4,sibling_roster
911675,1942,5,sibling_roster
911675,1950,6,sibling_roster
903093,1939,1,sibling_roster
903093,1943,2,sibling_roster
903093,1946,3,sibling_roster
903093,1949,4,sibling_roster
926151,1940,1,sibling_roster
926151,1944,2,sibling_roster
926151,1946,3,sibling_roster
905772,1939,1,sibling_roster
905772,1942,2,sibling_roster
905772,1949,3,sibling_roster
905772,1952,4,sibling_roster
921018,1939,5,graduate
921018,1931,1,sibling_roster
921018,1933,2,sibling_roster
921018,1935,3,sibling_roster
921018,1940,4,sibling_roster
921018,1941,5,sibling_roster
921018,1947,6,sibling_roster
914024,1938,2,graduate
914024,1935,1,sibling_roster
914024,1939,2,sibling_roster
914024,1942,3,sibling_roster
914024,1945,4,sibling_roster
904913,1940,1,sibling_roster
904913,1942,2,sibling_roster
904913,1945,3,sibling_roster
904913,1946,4,sibling_roster
920179,1940,1,sibling_roster
920179,1941,2,sibling_roster
920179,1946,3,sibling_roster
922301,1940,1,sibling_roster
922301,1944,2,sibling_roster
922301,1948,3,sibling_roster
921761,1939,1,sibling_roster
921761,1941,2,sibling_roster
921761,1943,3,sibling_roster
903513,1939,2,graduate
916052,1939,1,sibling_roster
916052,1948,2,sibling_roster
923342,1941,1,sibling_roster
923342,1944,2,sibling_roster
923342,1949,3,sibling_roster
902993,1939,2,graduate
902993,1938,1,sibling_roster
902993,1940,2,sibling_roster
912639,1939,1,sibling_roster
912639,1945,2,sibling_roster
911963,1940,1,sibling_roster
917354,1938,3,graduate
917354,1936,1,sibling_roster
917354,1938,2,sibling_roster
917354,1939,3,sibling_roster
917354,1941,4,sibling_roster
917354,1944,5,sibling_roster
917354,1947,6,sibling_roster
917354,1949,7,sibling_roster
923387,1939,1,sibling_roster
923387,1944,2,sibling_roster
923387,1946,3,sibling_roster
923387,1946,4,sibling_roster
923387,1948,5,sibling_roster
923387,1949,6,sibling_roster
923387,1952,7,sibling_roster
927588,1939,2,graduate
927588,1935,1,sibling_roster
927588,1940,2,sibling_roster
927588,1944,3,sibling_roster
927588,1951,4,sibling_roster
927588,1958,5,sibling_roster
933508,1940,1,sibling_roster
933508,1943,2,sibling_roster
901464,1940,1,sibling_roster
901464,1942,2,sibling_roster
901464,1953,3,sibling_roster
906962,1939,2,graduate
906962,1937,1,sibling_roster
906962,1940,2,sibling_roster
906962,1941,3,sibling_roster
923413,1940,1,sibling_roster
923413,1943,2,sibling_roster
923413,1947,3,sibling_roster
915064,1940,2,graduate
927417,1939,2,graduate
927417,1935,1,sibling_roster
927417,1939,2,sibling_roster
932383,1939,1,sibling_roster
932383,1943,2,sibling_roster
909686,1939,1,sibling_roster
909686,1941,2,sibling_roster
903593,1939,3,graduate
903593,1935,1,sibling_roster
903593,1937,2,sibling_roster
903593,1939,3,sibling_roster
903593,1939,4,sibling_roster
929656,1939,2,graduate
929656,1935,1,sibling_roster
929656,1939,2,sibling_roster
921720,1938,3,graduate
921720,1929,1,sibling_roster
921720,1932,2,sibling_roster
921720,1938,3,sibling_roster
921720,1950,4,sibling_roster
902833,1940,1,sibling_roster
902833,1944,2,sibling_roster
909904,1940,1,sibling_roster
921234,1939,3,graduate
921234,1914,1,sibling_roster
921234,1935,2,sibling_roster
921234,1939,3,sibling_roster
930249,1940,1,sibling_roster
930249,1943,2,sibling_roster
930249,1945,3,sibling_roster
930249,1948,4,sibling_roster
930249,1949,5,sibling_roster
920393,1939,2,graduate
920393,1938,1,sibling_roster
920393,1939,2,sibling_roster
920393,1949,3,sibling_roster
920393,1951,4,sibling_roster
920393,1957,5,sibling_roster
924001,1939,1,sibling_roster
924001,1944,2,sibling_roster
926081,1939,9,graduate
926081,1913,1,sibling_roster
926081,1925,2,sibling_roster
926081,1927,3,sibling_roster
926081,1932,4,sibling_roster
926081,1933,5,sibling_roster
926081,1935,6,sibling_roster
926081,1938,7,sibling_roster
926081,1940,8,sibling_roster
926081,1945,9,sibling_roster
929110,1939,2,graduate
929110,1939,1,sibling_roster
929110,1940,2,sibling_roster
903009,1940,3,graduate
903009,1936,1,sibling_roster
903009,1938,2,sibling_roster
903009,1940,3,sibling_roster
903009,1944,4,sibling_roster
903009,1950,5,sibling_roster
913922,1938,4,graduate
913922,1935,1,sibling_roster
913922,1937,2,sibling_roster
913922,1938,3,sibling_roster
913922,1939,4,sibling_roster
913922,1943,5,sibling_roster
913922,1944,6,sibling_roster
913922,1946,7,sibling_roster
913922,1949,8,sibling_roster
913922,1950,9,sibling_roster
913922,1952,10,sibling_roster
913922,1953,11,sibling_roster
906613,1938,4,graduate
908653,1939,2,graduate
908653,1935,1,sibling_roster
908653,1940,2,sibling_roster
904793,1940,1,sibling_roster
904793,1942,2,sibling_roster
904793,1942,3,sibling_roster
904793,1949,4,sibling_roster
912616,1940,1,sibling_roster
912616,1946,2,sibling_roster
926665,1939,2,graduate
926665,1937,1,sibling_roster
926665,1939,2,sibling_roster
926665,1944,3,sibling_roster
926665,1946,4,sibling_roster
926665,1949,5,sibling_roster
926748,1939,2,graduate
926748,1935,1,sibling_roster
926748,1939,2,sibling_roster
922114,1939,2,graduate
922114,1936,1,sibling_roster
922114,1939,2,sibling_roster
922889,1940,1,sibling_roster
922889,1945,2,sibling_roster
922889,1950,3,sibling_roster
933175,1939,3,graduate
933175,1935,1,sibling_roster
933175,1937,2,sibling_roster
933175,1940,3,sibling_roster
933175,1950,4,sibling_roster
925664,1939,6,graduate
925664,1933,1,sibling_roster
925664,1935,2,sibling_roster
925664,1936,3,sibling_roster
925664,1938,4,sibling_roster
925664,1940,5,sibling_roster
925664,1941,6,sibling_roster
925664,1944,7,sibling_roster
925664,1946,8,sibling_roster
925664,1947,9,sibling_roster
925664,1951,10,sibling_roster
925664,1955,11,sibling_roster
917761,1939,2,graduate
917761,1938,1,sibling_roster
917761,1939,2,sibling_roster
921704,1938,3,graduate
921704,1929,1,sibling_roster
921704,1939,3,sibling_roster
921704,1939,4,sibling_roster
921704,1940,5,sibling_roster
921704,1949,6,sibling_roster
927559,1939,3,graduate
927559,1936,1,sibling_roster
927559,1940,2,sibling_roster
927559,1945,3,sibling_roster
927559,1947,4,sibling_roster
923400,1938,2,graduate
923400,1936,1,sibling_roster
923400,1940,2,sibling_roster
932676,1940,1,sibling_roster
920012,1939,2,graduate
904118,1940,1,sibling_roster
914533,1940,1,sibling_roster
914533,1943,2,sibling_roster
916672,1939,1,sibling_roster
916672,1941,2,sibling_roster
916672,1943,3,sibling_roster
916672,1948,4,sibling_roster
916672,1953,5,sibling_roster
916672,1957,6,sibling_roster
927136,1939,7,graduate
927136,1923,1,sibling_roster
927136,1925,2,sibling_roster
927136,1928,3,sibling_roster
927136,1929,4,sibling_roster
927136,1931,5,sibling_roster
927136,1934,6,sibling_roster
927136,1940,7,sibling_roster
906053,1939,3,graduate
912812,1940,4,graduate
912812,1935,1,sibling_roster
912812,1937,2,sibling_roster
912812,1938,3,sibling_roster
912812,1940,4,sibling_roster
906030,1939,3,graduate
906030,1935,1,sibling_roster
906030,1937,2,sibling_roster
906030,1940,3,sibling_roster
906030,1950,4,sibling_roster
906030,1956,5,sibling_roster
921146,1938,3,graduate
921146,1938,2,sibling_roster
921146,1939,3,sibling_roster
921146,1943,5,sibling_roster
921146,1945,6,sibling_roster
921146,1948,7,sibling_roster
921146,1949,8,sibling_roster
903775,1939,10,graduate
903775,1920,1,sibling_roster
903775,1923,2,sibling_roster
903775,1916,4,sibling_roster
903775,1926,5,sibling_roster
903775,1930,6,sibling_roster
903775,1932,7,sibling_roster
903775,1938,9,sibling_roster
903775,1940,10,sibling_roster
926078,1941,1,sibling_roster
926078,1943,2,sibling_roster
926078,1945,3,sibling_roster
928284,1938,2,graduate
928284,1937,1,sibling_roster
928284,1939,2,sibling_roster
928284,1953,3,sibling_roster
908250,1938,2,graduate
908250,1933,1,sibling_roster
908250,1938,2,sibling_roster
902292,1938,3,graduate
902292,1915,1,sibling_roster
902292,1919,2,sibling_roster
902292,1939,3,sibling_roster
910182,1939,2,graduate
910182,1938,1,sibling_roster
910182,1940,2,sibling_roster
910182,1942,3,sibling_roster
910182,1945,4,sibling_roster
904780,1939,1,sibling_roster
904780,1941,2,sibling_roster
904780,1943,3,sibling_roster
904780,1945,4,sibling_roster
904780,1949,5,sibling_roster
904780,1950,6,sibling_roster
904780,1953,7,sibling_roster
908191,1939,2,graduate
908191,1938,1,sibling_roster
908191,1939,2,sibling_roster
908191,1944,3,sibling_roster
904168,1939,2,graduate
904168,1936,1,sibling_roster
904168,1940,2,sibling_roster
904168,1944,3,sibling_roster
904168,1960,4,sibling_roster
910636,1938,5,graduate
910636,1920,1,sibling_roster
910636,1934,2,sibling_roster
910636,1934,3,sibling_roster
910636,1936,4,sibling_roster
910636,1939,5,sibling_roster
910636,1946,6,sibling_roster
910636,1949,7,sibling_roster
910636,1954,8,sibling_roster
902429,1939,2,graduate
913376,1938,6,graduate
902856,1939,2,graduate
905764,1940,1,sibling_roster
905764,1945,2,sibling_roster
905764,1954,3,sibling_roster
925381,1939,8,graduate
925381,1917,1,sibling_roster
925381,1918,2,sibling_roster
925381,1921,3,sibling_roster
925381,1927,4,sibling_roster
925381,1929,5,sibling_roster
925381,1930,6,sibling_roster
925381,1935,7,sibling_roster
925381,1940,8,sibling_roster
903476,1939,2,graduate
918239,1939,4,graduate
918239,1933,1,sibling_roster
918239,1937,2,sibling_roster
918239,1938,3,sibling_roster
918239,1940,4,sibling_roster
918239,1944,5,sibling_roster
918239,1950,6,sibling_roster
918239,1952,7,sibling_roster
918239,1952,8,sibling_roster
907780,1939,5,graduate
907780,1928,1,sibling_roster
907780,1930,2,sibling_roster
907780,1931,3,sibling_roster
907780,1937,4,sibling_roster
907780,1939,5,sibling_roster
907780,1939,6,sibling_roster
907780,1946,7,sibling_roster
929468,1939,1,sibling_roster
929468,1940,2,sibling_roster
929468,1945,3,sibling_roster
923189,1939,7,graduate
923189,1924,1,sibling_roster
923189,1926,2,sibling_roster
923189,1929,3,sibling_roster
923189,1932,4,sibling_roster
923189,1939,5,sibling_roster
923189,1942,6,sibling_roster
923189,1943,7,sibling_roster
933012,1939,2,graduate
933012,1938,1,sibling_roster
933012,1940,2,sibling_roster
915012,1940,1,sibling_roster
915012,1943,2,sibling_roster
927233,1940,1,sibling_roster
927233,1941,2,sibling_roster
927233,1946,3,sibling_roster
927233,1951,4,sibling_roster
906661,1939,2,graduate
906661,1932,1,sibling_roster
906661,1939,2,sibling_roster
906661,1949,3,sibling_roster
908488,1939,1,sibling_roster
908488,1949,2,sibling_roster
902970,1939,2,graduate
902970,1937,1,sibling_roster
902970,1939,2,sibling_roster
902970,1941,3,sibling_roster
902970,1945,4,sibling_roster
902970,1951,5,sibling_roster
902970,1954,6,sibling_roster
902970,1955,7,sibling_roster
902970,1956,8,sibling_roster
902970,1960,9,sibling_roster
902970,1965,10,sibling_roster
902970,1967,11,sibling_roster
912711,1939,2,graduate
912515,1940,1,sibling_roster
912515,1946,2,sibling_roster
901279,1939,3,graduate
901279,1935,1,sibling_roster
901279,1937,2,sibling_roster
901279,1939,3,sibling_roster
901279,1940,4,sibling_roster
901279,1942,5,sibling_roster
901279,1949,6,sibling_roster
901279,1955,7,sibling_roster
933327,1938,2,graduate
933327,1926,1,sibling_roster
933327,1939,2,sibling_roster
933327,1944,3,sibling_roster
919408,1939,6,graduate
919408,1918,1,sibling_roster
919408,1920,2,sibling_roster
919408,1925,3,sibling_roster
919408,1929,4,sibling_roster
919408,1931,5,sibling_roster
919408,1940,6,sibling_roster
919408,1945,7,sibling_roster
903910,1939,2,graduate
903910,1935,1,sibling_roster
903910,1939,2,sibling_roster
905130,1940,1,sibling_roster
905130,1940,2,sibling_roster
905130,1943,3,sibling_roster
905130,1945,4,sibling_roster
905130,1949,5,sibling_roster
905130,1952,6,sibling_roster
912321,1939,6,graduate
912321,1927,1,sibling_roster
912321,1929,2,sibling_roster
912321,1934,3,sibling_roster
912321,1935,4,sibling_roster
912321,1940,5,sibling_roster
923624,1938,7,graduate
923624,1930,1,sibling_roster
923624,1933,2,sibling_roster
923624,1936,3,sibling_roster
923624,1937,4,sibling_roster
923624,1939,5,sibling_roster
923624,1943,6,sibling_roster
923624,1944,7,sibling_roster
906253,1939,13,graduate
918696,1940,1,sibling_roster
918696,1944,2,sibling_roster
918696,1950,3,sibling_roster
922229,1938,2,graduate
922229,1937,1,sibling_roster
922229,1938,2,sibling_roster
922229,1940,3,sibling_roster
922229,1941,4,sibling_roster
922229,1942,5,sibling_roster
922229,1944,6,sibling_roster
922229,1945,7,sibling_roster
922229,1947,8,sibling_roster
922229,1951,9,sibling_roster
922229,1952,10,sibling_roster
922229,1953,11,sibling_roster
922229,1959,12,sibling_roster
907293,1939,3,graduate
907293,1928,1,sibling_roster
907293,1937,2,sibling_roster
907293,1940,3,sibling_roster
907293,1947,4,sibling_roster
907293,1949,5,sibling_roster
915864,1938,4,graduate
915864,1931,1,sibling_roster
915864,1937,2,sibling_roster
915864,1939,3,sibling_roster
915864,1940,4,sibling_roster
915864,1944,5,sibling_roster
915864,1946,6,sibling_roster
915864,1948,7,sibling_roster
918098,1939,7,graduate
918098,1928,1,sibling_roster
918098,1929,2,sibling_roster
918098,1931,3,sibling_roster
918098,1932,4,sibling_roster
918098,1935,5,sibling_roster
918098,1937,6,sibling_roster
918098,1939,7,sibling_roster
918098,1940,8,sibling_roster
918098,1943,9,sibling_roster
918098,1945,10,sibling_roster
906590,1938,6,graduate
906590,1927,1,sibling_roster
906590,1930,2,sibling_roster
906590,1933,3,sibling_roster
906590,1934,4,sibling_roster
906590,1937,5,sibling_roster
906590,1939,6,sibling_roster
900247,1938,3,graduate
900247,1926,1,sibling_roster
900247,1932,2,sibling_roster
900247,1939,3,sibling_roster
916809,1939,2,graduate
916809,1937,1,sibling_roster
916809,1940,2,sibling_roster
916809,1943,3,sibling_roster
916809,1957,4,sibling_roster
908332,1940,1,sibling_roster
908332,1951,2,sibling_roster
908332,1952,3,sibling_roster
921839,1939,1,sibling_roster
921839,1941,2,sibling_roster
914998,1939,1,sibling_roster
914998,1942,2,sibling_roster
914998,1947,3,sibling_roster
919004,1940,1,sibling_roster
929684,1940,1,sibling_roster
929684,1944,2,sibling_roster
916905,1938,1,sibling_roster
916905,1942,2,sibling_roster
916905,1945,3,sibling_roster
916905,1948,4,sibling_roster
916905,1949,5,sibling_roster
922490,1939,2,graduate
918463,1939,1,sibling_roster
918463,1941,2,sibling_roster
918463,1943,3,sibling_roster
920614,1939,5,graduate
920614,1933,1,sibling_roster
920614,1935,2,sibling_roster
920614,1937,3,sibling_roster
920614,1939,4,sibling_roster
920614,1942,5,sibling_roster
920614,1944,6,sibling_roster
914635,1938,3,graduate
914635,1933,1,sibling_roster
914635,1935,2,sibling_roster
914635,1939,3,sibling_roster
914635,1939,4,sibling_roster
914635,1941,5,sibling_roster
914635,1941,6,sibling_roster
914635,1941,7,sibling_roster
914635,1944,8,sibling_roster
914635,1946,9,sibling_roster
914635,1946,10,sibling_roster
914635,1949,11,sibling_roster
925053,1939,1,sibling_roster
925053,1940,2,sibling_roster
925053,1942,3,sibling_roster
925053,1946,4,sibling_roster
925053,1947,5,sibling_roster
908785,1939,2,graduate
908785,1938,1,sibling_roster
908785,1939,2,sibling_roster
908785,1947,3,sibling_roster
917683,1938,1,sibling_roster
917683,1944,2,sibling_roster
917683,1948,3,sibling_roster
903258,1939,2,graduate
903258,1936,1,sibling_roster
903258,1940,2,sibling_roster
905989,1940,1,sibling_roster
905989,1941,2,sibling_roster
905989,1944,3,sibling_roster
905989,1954,4,sibling_roster
907987,1940,1,sibling_roster
907987,1949,2,sibling_roster
907987,1951,3,sibling_roster
900690,1939,4,graduate
900690,1937,1,sibling_roster
900690,1938,2,sibling_roster
900690,1939,3,sibling_roster
900690,1940,4,sibling_roster
900690,1947,5,sibling_roster
900690,1954,6,sibling_roster
907913,1939,3,graduate
907913,1937,2,sibling_roster
907913,1940,3,sibling_roster
907913,1941,4,sibling_roster
904285,1939,3,graduate
904285,1929,1,sibling_roster
904285,1937,2,sibling_roster
904285,1939,3,sibling_roster
904285,1941,4,sibling_roster
904285,1945,5,sibling_roster
933445,1939,2,graduate
933445,1927,1,sibling_roster
933445,1929,2,sibling_roster
933445,1939,3,sibling_roster
919759,1939,2,graduate
914246,1939,4,graduate
914246,1934,1,sibling_roster
914246,1935,2,sibling_roster
914246,1936,3,sibling_roster
914246,1939,4,sibling_roster
900134,1939,3,graduate
900134,1930,1,sibling_roster
900134,1938,2,sibling_roster
900134,1939,3,sibling_roster
922059,1939,3,graduate
922059,1937,1,sibling_roster
922059,1937,2,sibling_roster
922059,1940,3,sibling_roster
922059,1941,4,sibling_roster
922059,1943,5,sibling_roster
922059,1945,6,sibling_roster
922059,1946,7,sibling_roster
922059,1946,8,sibling_roster
922059,1950,9,sibling_roster
922059,1950,10,sibling_roster
922059,1952,11,sibling_roster
928130,1939,2,graduate
928130,1938,1,sibling_roster
928130,1940,2,sibling_roster
928130,1941,3,sibling_roster
928130,1944,4,sibling_roster
928130,1946,5,sibling_roster
928130,1948,6,sibling_roster
928130,1951,7,sibling_roster
928130,1953,8,sibling_roster
928130,1955,9,sibling_roster
915974,1939,2,graduate
915974,1935,1,sibling_roster
915974,1939,2,sibling_roster
907124,1939,2,graduate
907124,1940,2,sibling_roster
907124,1940,3,sibling_roster
907124,1944,4,sibling_roster
907124,1946,5,sibling_roster
907124,1947,6,sibling_roster
907124,1949,8,sibling_roster
907124,1950,9,sibling_roster
921702,1939,5,graduate
921702,1931,1,sibling_roster
921702,1933,2,sibling_roster
921702,1936,3,sibling_roster
921702,1937,4,sibling_roster
921702,1940,5,sibling_roster
921702,1941,6,sibling_roster
921702,1945,7,sibling_roster
926802,1939,2,graduate
926802,1939,1,sibling_roster
926802,1940,2,sibling_roster
926802,1944,3,sibling_roster
920259,1939,1,sibling_roster
920259,1940,2,sibling_roster
920259,1941,3,sibling_roster
920259,1949,4,sibling_roster
920259,1958,5,sibling_roster
909997,1940,1,sibling_roster
909997,1943,2,sibling_roster
915938,1940,1,sibling_roster
915938,1941,2,sibling_roster
915938,1943,3,sibling_roster
915938,1946,4,sibling_roster
915938,1954,5,sibling_roster
915938,1955,6,sibling_roster
915938,1956,7,sibling_roster
915938,1958,8,sibling_roster
915938,1959,9,sibling_roster
903801,1939,5,graduate
926657,1939,4,graduate
914241,1938,7,graduate
901178,1939,4,graduate
901178,1934,1,sibling_roster
901178,1938,2,sibling_roster
901178,1940,3,sibling_roster
901178,1942,4,sibling_roster
901178,1943,5,sibling_roster
901178,1945,6,sibling_roster
901178,1947,7,sibling_roster
901178,1949,8,sibling_roster
901178,1952,9,sibling_roster
901178,1953,10,sibling_roster
919218,1939,3,graduate
919218,1931,1,sibling_roster
919218,1936,2,sibling_roster
919218,1940,3,sibling_roster
919218,1944,4,sibling_roster
919218,1948,5,sibling_roster
919218,1950,6,sibling_roster
915314,1940,3,graduate
915314,1938,1,sibling_roster
915314,1940,2,sibling_roster
915314,1943,3,sibling_roster
924223,1939,7,graduate
924223,1922,1,sibling_roster
924223,1928,2,sibling_roster
924223,1931,3,sibling_roster
924223,1933,4,sibling_roster
924223,1935,5,sibling_roster
924223,1937,6,sibling_roster
924223,1940,7,sibling_roster
924223,1942,8,sibling_roster
924223,1944,9,sibling_roster
924223,1947,10,sibling_roster
909090,1940,7,graduate
909090,1926,1,sibling_roster
909090,1928,2,sibling_roster
909090,1930,3,sibling_roster
909090,1932,4,sibling_roster
909090,1934,5,sibling_roster
909090,1936,6,sibling_roster
909090,1940,7,sibling_roster
901310,1939,8,graduate
918899,1939,5,graduate
918899,1929,1,sibling_roster
918899,1930,2,sibling_roster
918899,1935,3,sibling_roster
918899,1937,4,sibling_roster
918899,1940,5,sibling_roster
918899,1943,7,sibling_roster
918899,1947,8,sibling_roster
918899,1951,9,sibling_roster
918899,1953,10,sibling_roster
924342,1938,1,sibling_roster
924342,1939,2,sibling_roster
924342,1940,3,sibling_roster
924342,1942,4,sibling_roster
924342,1945,5,sibling_roster
905233,1939,1,sibling_roster
923974,1939,2,graduate
923974,1940,1,sibling_roster
923974,1946,2,sibling_roster
923974,1946,3,sibling_roster
930047,1939,1,sibling_roster
930047,1943,2,sibling_roster
930047,1945,3,sibling_roster
905068,1939,6,graduate
905068,1920,1,sibling_roster
905068,1923,2,sibling_roster
905068,1925,3,sibling_roster
905068,1930,4,sibling_roster
905068,1935,5,sibling_roster
905068,1940,6,sibling_roster
915274,1939,3,graduate
915274,1927,1,sibling_roster
915274,1929,2,sibling_roster
915274,1940,3,sibling_roster
912128,1940,4,graduate
912128,1939,1,sibling_roster
912128,1940,2,sibling_roster
912128,1940,3,sibling_roster
919766,1939,2,graduate
919766,1937,1,sibling_roster
919766,1940,2,sibling_roster
919766,1942,3,sibling_roster
919766,1951,4,sibling_roster
919766,1953,5,sibling_roster
919766,1954,6,sibling_roster
919766,1956,7,sibling_roster
933481,1940,1,sibling_roster
933481,1942,2,sibling_roster
933481,1949,3,sibling_roster
933481,1957,4,sibling_roster
932389,1939,5,graduate
932389,1925,1,sibling_roster
932389,1925,2,sibling_roster
932389,1928,3,sibling_roster
932389,1930,4,sibling_roster
932389,1940,5,sibling_roster
932188,1940,1,sibling_roster
932188,1941,2,sibling_roster
932188,1942,3,sibling_roster
932188,1943,4,sibling_roster
907246,1939,5,graduate
907246,1931,1,sibling_roster
907246,1932,2,sibling_roster
907246,1932,3,sibling_roster
907246,1937,4,sibling_roster
907246,1940,5,sibling_roster
916483,1939,2,graduate
916483,1939,1,sibling_roster
916483,1940,2,sibling_roster
916483,1941,3,sibling_roster
916483,1942,4,sibling_roster
916483,1943,5,sibling_roster
916483,1944,6,sibling_roster
916483,1945,7,sibling_roster
916483,1946,8,sibling_roster
916483,1948,9,sibling_roster
916483,1952,10,sibling_roster
916483,1953,11,sibling_roster
931810,1939,7,graduate
931810,1923,1,sibling_roster
931810,1924,2,sibling_roster
931810,1925,3,sibling_roster
931810,1930,4,sibling_roster
931810,1933,5,sibling_roster
931810,1934,6,sibling_roster
931810,1939,7,sibling_roster
931810,1947,8,sibling_roster
929409,1939,4,graduate
920839,1937,8,graduate
919571,1939,3,graduate
919571,1936,1,sibling_roster
919571,1938,2,sibling_roster
919571,1939,3,sibling_roster
919571,1944,4,sibling_roster
919571,1948,5,sibling_roster
907653,1940,1,sibling_roster
907653,1942,2,sibling_roster
909906,1939,2,graduate
905908,1939,2,graduate
905908,1938,1,sibling_roster
905908,1940,2,sibling_roster
905908,1941,3,sibling_roster
905908,1944,4,sibling_roster
905908,1950,5,sibling_roster
929278,1940,3,graduate
929278,1937,1,sibling_roster
929278,1939,2,sibling_roster
929278,1941,3,sibling_roster
930067,1939,2,graduate
926683,1939,9,graduate
926683,1920,1,sibling_roster
926683,1925,2,sibling_roster
926683,1927,3,sibling_roster
926683,1928,4,sibling_roster
926683,1930,5,sibling_roster
926683,1933,6,sibling_roster
926683,1935,7,sibling_roster
926683,1935,8,sibling_roster
926683,1937,9,sibling_roster
926683,1939,10,sibling_roster
932815,1939,5,graduate
924136,1939,2,graduate
924136,1938,1,sibling_roster
924136,1939,2,sibling_roster
924136,1941,3,sibling_roster
909462,1939,1,sibling_roster
909462,1940,2,sibling_roster
920369,1938,6,graduate
920369,1917,1,sibling_roster
920369,1920,2,sibling_roster
920369,1923,3,sibling_roster
920369,1927,4,sibling_roster
920369,1930,5,sibling_roster
920369,1939,6,sibling_roster
920617,1940,1,sibling_roster
920617,1941,2,sibling_roster
920617,1945,3,sibling_roster
900629,1939,2,graduate
900629,1938,1,sibling_roster
900629,1940,2,sibling_roster
900629,1946,3,sibling_roster
900629,1949,4,sibling_roster
913695,1940,1,sibling_roster
913695,1941,2,sibling_roster
918487,1940,1,sibling_roster
918487,1946,2,sibling_roster
918487,1954,3,sibling_roster
911131,1937,1,sibling_roster
911131,1939,2,sibling_roster
911131,1941,3,sibling_roster
911131,1943,4,sibling_roster
911131,1944,5,sibling_roster
911131,1948,6,sibling_roster
912199,1939,3,graduate
912199,1933,1,sibling_roster
912199,1935,2,sibling_roster
912199,1939,3,sibling_roster
912199,1945,4,sibling_roster
912199,1946,5,sibling_roster
904158,1939,1,sibling_roster
903320,1940,1,sibling_roster
911590,1940,1,sibling_roster
911590,1944,2,sibling_roster
902327,1939,2,graduate
902327,1935,1,sibling_roster
902327,1940,2,sibling_roster
902327,1945,3,sibling_roster
902327,1954,4,sibling_roster
912642,1939,1,sibling_roster
912642,1940,2,sibling_roster
912642,1950,3,sibling_roster
927470,1939,2,graduate
927470,1939,1,sibling_roster
927470,1940,2,sibling_roster
927470,1943,3,sibling_roster
927470,1945,4,sibling_roster
909978,1938,2,graduate
921233,1940,1,sibling_roster
909287,1939,4,graduate
909287,1935,1,sibling_roster
909287,1937,2,sibling_roster
909287,1938,3,sibling_roster
909287,1940,4,sibling_roster
909287,1941,5,sibling_roster
909287,1945,6,sibling_roster
909287,1948,7,sibling_roster
909287,1950,8,sibling_roster
909287,1952,9,sibling_roster
909287,1954,10,sibling_roster
910960,1939,4,graduate
910960,1934,1,sibling_roster
910960,1935,2,sibling_roster
910960,1936,3,sibling_roster
910960,1939,4,sibling_roster
910960,1941,5,sibling_roster
910960,1944,6,sibling_roster
910960,1944,7,sibling_roster
910960,1947,8,sibling_roster
910960,1953,9,sibling_roster
907153,1937,3,graduate
911088,1938,2,graduate
911088,1937,1,sibling_roster
911088,1939,2,sibling_roster
911088,1949,3,sibling_roster
910548,1940,1,sibling_roster
910548,1945,2,sibling_roster
910548,1950,3,sibling_roster
910548,1955,4,sibling_roster
910548,1956,5,sibling_roster
910548,1957,6,sibling_roster
912234,1940,2,graduate
912234,1938,1,sibling_roster
912234,1940,2,sibling_roster
912234,1943,3,sibling_roster
912234,1946,4,sibling_roster
912234,1948,5,sibling_roster
927747,1939,2,graduate
927747,1937,1,sibling_roster
927747,1939,2,sibling_roster
927747,1942,3,sibling_roster
923133,1939,4,graduate
923133,1930,1,sibling_roster
923133,1934,2,sibling_roster
923133,1936,3,sibling_roster
923133,1939,4,sibling_roster
902011,1939,3,graduate
902011,1936,1,sibling_roster
902011,1939,2,sibling_roster
902011,1940,3,sibling_roster
902011,1944,4,sibling_roster
915989,1939,3,graduate
915989,1935,1,sibling_roster
915989,1938,2,sibling_roster
915989,1939,3,sibling_roster
902370,1939,3,graduate
902370,1928,1,sibling_roster
902370,1934,2,sibling_roster
902370,1940,3,sibling_roster
906899,1938,1,sibling_roster
905521,1939,1,sibling_roster
906005,1940,1,sibling_roster
906005,1945,2,sibling_roster
906005,1946,3,sibling_roster
915205,1939,2,graduate
915205,1938,1,sibling_roster
915205,1940,2,sibling_roster
915205,1946,3,sibling_roster
919677,1939,1,sibling_roster
919677,1945,2,sibling_roster
919677,1947,3,sibling_roster
925807,1939,5,graduate
925138,1939,2,graduate
925138,1933,1,sibling_roster
925138,1939,2,sibling_roster
923480,1938,1,sibling_roster
923480,1939,2,sibling_roster
923480,1943,3,sibling_roster
923480,1945,4,sibling_roster
923480,1947,5,sibling_roster
923480,1952,6,sibling_roster
923480,1954,7,sibling_roster
916596,1939,2,graduate
916596,1936,1,sibling_roster
916596,1940,2,sibling_roster
931237,1938,2,graduate
931237,1932,1,sibling_roster
931237,1938,2,sibling_roster
931237,1939,3,sibling_roster
931237,1946,4,sibling_roster
903452,1938,2,graduate
903452,1936,1,sibling_roster
903452,1939,2,sibling_roster
903452,1939,3,sibling_roster
903452,1944,4,sibling_roster
903452,1944,5,sibling_roster
918670,1939,1,sibling_roster
918670,1941,2,sibling_roster
909554,1940,1,sibling_roster
909554,1941,2,sibling_roster
909554,1944,3,sibling_roster
909554,1945,4,sibling_roster
909554,1947,5,sibling_roster
922586,1939,3,graduate
922586,1925,1,sibling_roster
922586,1927,2,sibling_roster
922586,1939,3,sibling_roster
905344,1940,1,sibling_roster
905344,1948,2,sibling_roster
909333,1938,3,graduate
900458,1939,1,sibling_roster
900458,1944,2,sibling_roster
909486,1937,3,graduate
909486,1933,1,sibling_roster
909486,1935,2,sibling_roster
909486,1938,3,sibling_roster
909486,1946,4,sibling_roster
922621,1939,2,graduate
922621,1938,1,sibling_roster
922621,1939,2,sibling_roster
924711,1938,1,sibling_roster
924711,1940,2,sibling_roster
924711,1945,3,sibling_roster
928664,1939,3,graduate
928664,1937,1,sibling_roster
928664,1939,2,sibling_roster
928664,1940,3,sibling_roster
902494,1939,2,graduate
902494,1937,1,sibling_roster
902494,1939,2,sibling_roster
902494,1940,3,sibling_roster
902494,1946,4,sibling_roster
902494,1947,5,sibling_roster
906846,1938,2,graduate
933726,1939,2,graduate
933726,1932,1,sibling_roster
933726,1939,2,sibling_roster
933726,1943,3,sibling_roster
933726,1948,4,sibling_roster
914263,1939,2,graduate
914263,1939,1,sibling_roster
914263,1946,2,sibling_roster
918015,1940,1,sibling_roster
907217,1939,3,graduate
927503,1939,2,graduate
927503,1935,1,sibling_roster
927503,1940,2,sibling_roster
927503,1947,3,sibling_roster
932075,1939,2,graduate
919010,1938,2,graduate
919010,1937,1,sibling_roster
919010,1939,2,sibling_roster
919010,1940,3,sibling_roster
919010,1943,4,sibling_roster
919010,1945,5,sibling_roster
919010,1952,6,sibling_roster
928590,1939,3,graduate
928590,1930,1,sibling_roster
928590,1934,2,sibling_roster
928590,1939,3,sibling_roster
928590,1940,4,sibling_roster
928590,1953,5,sibling_roster
928590,1955,6,sibling_roster
903977,1939,2,graduate
903977,1936,1,sibling_roster
903977,1939,2,sibling_roster
903977,1944,3,sibling_roster
921250,1939,2,graduate
921250,1938,1,sibling_roster
921250,1939,2,sibling_roster
902283,1939,6,graduate
902283,1924,1,sibling_roster
902283,1926,2,sibling_roster
902283,1928,3,sibling_roster
902283,1932,4,sibling_roster
902283,1936,5,sibling_roster
902283,1940,6,sibling_roster
931244,1939,2,graduate
908911,1938,2,graduate
908911,1937,1,sibling_roster
908911,1939,2,sibling_roster
908911,1943,3,sibling_roster
908911,1945,4,sibling_roster
908911,1948,5,sibling_roster
905039,1940,1,sibling_roster
902554,1937,2,graduate
902554,1935,1,sibling_roster
902554,1938,2,sibling_roster
933652,1940,1,sibling_roster
933652,1945,2,sibling_roster
933652,1947,3,sibling_roster
933652,1949,4,sibling_roster
933652,1950,5,sibling_roster
929102,1939,1,sibling_roster
929102,1951,2,sibling_roster
903236,1938,3,graduate
903236,1934,1,sibling_roster
903236,1937,2,sibling_roster
903236,1939,3,sibling_roster
903236,1948,4,sibling_roster
908521,1939,5,graduate
908521,1929,1,sibling_roster
908521,1931,2,sibling_roster
908521,1935,3,sibling_roster
908521,1935,4,sibling_roster
908521,1940,5,sibling_roster
926719,1939,1,sibling_roster
926719,1942,2,sibling_roster
905291,1939,2,graduate
900418,1939,1,sibling_roster
900418,1940,2,sibling_roster
900418,1942,3,sibling_roster
900418,1943,4,sibling_roster
900418,1944,5,sibling_roster
900418,1945,6,sibling_roster
900418,1949,7,sibling_roster
928136,1939,2,graduate
928136,1937,1,sibling_roster
928136,1940,2,sibling_roster
928136,1943,3,sibling_roster
928136,1945,4,sibling_roster
928136,1947,5,sibling_roster
920039,1940,1,sibling_roster
920039,1940,2,sibling_roster
920039,1944,3,sibling_roster
920039,1947,4,sibling_roster
920039,1950,5,sibling_roster
902155,1939,1,sibling_roster
902155,1946,2,sibling_roster
927939,1939,3,graduate
927939,1936,1,sibling_roster
927939,1937,2,sibling_roster
927939,1940,3,sibling_roster
927939,1942,4,sibling_roster
927939,1953,5,sibling_roster
929451,1939,6,graduate
926283,1939,1,sibling_roster
926283,1945,2,sibling_roster
902810,1938,3,graduate
902810,1934,1,sibling_roster
902810,1939,2,sibling_roster
902810,1945,3,sibling_roster
916499,1939,6,graduate
916499,1916,1,sibling_roster
916499,1924,2,sibling_roster
916499,1925,3,sibling_roster
916499,1929,4,sibling_roster
916499,1938,5,sibling_roster
916499,1939,6,sibling_roster
904701,1939,3,graduate
904701,1936,1,sibling_roster
904701,1938,2,sibling_roster
904701,1939,3,sibling_roster
916959,1939,1,sibling_roster
916959,1942,2,sibling_roster
916959,1944,3,sibling_roster
916959,1946,4,sibling_roster
909661,1940,1,sibling_roster
909661,1942,2,sibling_roster
909661,1944,3,sibling_roster
909661,1949,4,sibling_roster
909661,1950,5,sibling_roster
909661,1953,6,sibling_roster
909661,1956,7,sibling_roster
905164,1939,2,graduate
905164,1938,1,sibling_roster
905164,1940,2,sibling_roster
905164,1941,3,sibling_roster
905164,1943,4,sibling_roster
905164,1945,5,sibling_roster
920708,1939,2,graduate
920708,1937,1,sibling_roster
920708,1939,2,sibling_roster
920708,1940,3,sibling_roster
920708,1943,4,sibling_roster
920708,1945,5,sibling_roster
920708,1947,6,sibling_roster
923993,1939,2,graduate
923993,1936,1,sibling_roster
923993,1939,2,sibling_roster
914651,1938,2,graduate
914651,1925,1,sibling_roster
914651,1939,2,sibling_roster
925145,1938,1,sibling_roster
925145,1941,2,sibling_roster
925145,1943,3,sibling_roster
925145,1944,4,sibling_roster
925145,1946,5,sibling_roster
900488,1939,1,sibling_roster
929919,1939,1,sibling_roster
929919,1941,2,sibling_roster
929919,1945,3,sibling_roster
920554,1939,2,graduate
901957,1939,5,graduate
901957,1926,1,sibling_roster
901957,1926,2,sibling_roster
901957,1932,3,sibling_roster
901957,1934,4,sibling_roster
901957,1940,5,sibling_roster
910284,1939,1,sibling_roster
910284,1952,2,sibling_roster
917795,1939,5,graduate
917795,1936,1,sibling_roster
917795,1937,2,sibling_roster
917795,1937,3,sibling_roster
917795,1938,4,sibling_roster
917795,1940,5,sibling_roster
917795,1940,6,sibling_roster
917795,1941,7,sibling_roster
917795,1944,8,sibling_roster
917795,1945,9,sibling_roster
917795,1947,10,sibling_roster
917795,1948,11,sibling_roster
924734,1939,3,graduate
924734,1934,1,sibling_roster
924734,1937,2,sibling_roster
924734,1939,3,sibling_roster
919691,1939,3,graduate
919691,1933,1,sibling_roster
919691,1935,2,sibling_roster
919691,1939,3,sibling_roster
919691,1944,4,sibling_roster
919691,1948,5,sibling_roster
919691,1952,6,sibling_roster
906938,1937,8,graduate
906532,1939,3,graduate
906532,1935,1,sibling_roster
906532,1940,2,sibling_roster
906532,1940,3,sibling_roster
906532,1944,4,sibling_roster
914698,1939,2,graduate
914698,1937,1,sibling_roster
914698,1940,2,sibling_roster
910501,1939,2,graduate
910501,1940,1,sibling_roster
910501,1941,2,sibling_roster
910501,1942,3,sibling_roster
910501,1944,4,sibling_roster
925111,1939,6,graduate
900412,1939,2,graduate
900412,1936,1,sibling_roster
900412,1939,2,sibling_roster
902957,1940,1,sibling_roster
902957,1942,2,sibling_roster
902957,1944,3,sibling_roster
902957,1947,4,sibling_roster
902957,1950,5,sibling_roster
902957,1954,6,sibling_roster
902957,1957,7,sibling_roster
905761,1939,2,graduate
905761,1936,1,sibling_roster
905761,1940,2,sibling_roster
905761,1941,3,sibling_roster
905761,1945,4,sibling_roster
905761,1949,5,sibling_roster
905761,1953,6,sibling_roster
905761,1956,7,sibling_roster
905761,1958,8,sibling_roster
921266,1938,12,graduate
921266,1912,1,sibling_roster
921266,1919,2,sibling_roster
921266,1922,3,sibling_roster
921266,1923,4,sibling_roster
921266,1924,5,sibling_roster
921266,1927,6,sibling_roster
921266,1929,7,sibling_roster
921266,1933,8,sibling_roster
921266,1936,9,sibling_roster
921266,1938,10,sibling_roster
901545,1939,12,graduate
908125,1939,2,graduate
908125,1936,1,sibling_roster
908125,1939,2,sibling_roster
913258,1939,2,graduate
913258,1939,1,sibling_roster
913258,1940,2,sibling_roster
913258,1949,3,sibling_roster
919061,1939,5,graduate
919061,1924,1,sibling_roster
919061,1927,2,sibling_roster
919061,1928,3,sibling_roster
919061,1931,4,sibling_roster
919061,1940,5,sibling_roster
919061,1942,6,sibling_roster
904965,1939,2,graduate
904965,1937,1,sibling_roster
904965,1939,2,sibling_roster
904965,1942,3,sibling_roster
928687,1939,2,graduate
928687,1937,1,sibling_roster
928687,1940,2,sibling_roster
913634,1938,2,graduate
913598,1940,1,sibling_roster
913598,1940,2,sibling_roster
913598,1943,3,sibling_roster
913598,1945,4,sibling_roster
913598,1947,5,sibling_roster
913598,1949,6,sibling_roster
913598,1951,7,sibling_roster
913598,1953,8,sibling_roster
913598,1955,9,sibling_roster
913598,1956,10,sibling_roster
913598,1959,11,sibling_roster
924759,1940,1,sibling_roster
924759,1944,2,sibling_roster
907534,1940,1,sibling_roster
907534,1941,2,sibling_roster
907534,1942,3,sibling_roster
907534,1947,4,sibling_roster
915167,1939,5,graduate
915167,1925,1,sibling_roster
915167,1929,2,sibling_roster
915167,1936,3,sibling_roster
915167,1940,4,sibling_roster
901317,1939,5,graduate
901317,1923,2,sibling_roster
901317,1931,4,sibling_roster
901317,1939,5,sibling_roster
911051,1939,2,graduate
911051,1936,1,sibling_roster
911051,1939,2,sibling_roster
911051,1941,3,sibling_roster
911051,1943,4,sibling_roster
911051,1959,5,sibling_roster
911051,1971,6,sibling_roster
926287,1938,1,sibling_roster
926287,1940,2,sibling_roster
926287,1944,3,sibling_roster
926287,1946,4,sibling_roster
926287,1948,5,sibling_roster
904383,1939,1,sibling_roster
904383,1941,2,sibling_roster
904383,1944,3,sibling_roster
904383,1946,4,sibling_roster
904383,1947,5,sibling_roster
904383,1949,6,sibling_roster
904383,1951,7,sibling_roster
904383,1958,8,sibling_roster
913434,1939,1,sibling_roster
906089,1939,2,graduate
907225,1939,2,graduate
907225,1939,1,sibling_roster
907225,1940,2,sibling_roster
907225,1946,3,sibling_roster
910581,1939,1,sibling_roster
910581,1942,2,sibling_roster
926742,1939,5,graduate
913229,1938,3,graduate
913229,1935,1,sibling_roster
913229,1938,2,sibling_roster
913229,1938,3,sibling_roster
913229,1940,4,sibling_roster
913229,1955,5,sibling_roster
932547,1939,1,sibling_roster
932547,1942,2,sibling_roster
932547,1945,3,sibling_roster
931605,1939,1,sibling_roster
931605,1943,2,sibling_roster
931605,1944,3,sibling_roster
931605,1946,4,sibling_roster
916755,1935,1,sibling_roster
916755,1940,2,sibling_roster
901441,1938,3,graduate
901441,1935,1,sibling_roster
901441,1937,2,sibling_roster
901441,1939,3,sibling_roster
901441,1940,4,sibling_roster
901441,1941,5,sibling_roster
901441,1942,6,sibling_roster
916771,1938,5,graduate
916771,1925,1,sibling_roster
916771,1928,2,sibling_roster
916771,1929,3,sibling_roster
916771,1932,4,sibling_roster
916771,1939,5,sibling_roster
924718,1938,5,graduate
912805,1939,2,graduate
912805,1937,1,sibling_roster
912805,1940,2,sibling_roster
912805,1943,3,sibling_roster
907344,1939,2,graduate
907344,1938,1,sibling_roster
907344,1939,2,sibling_roster
907344,1946,3,sibling_roster
907344,1947,4,sibling_roster
923304,1939,2,graduate
923304,1939,1,sibling_roster
904638,1939,2,graduate
904638,1937,1,sibling_roster
904638,1939,2,sibling_roster
904638,1941,3,sibling_roster
904638,1943,4,sibling_roster
904638,1945,5,sibling_roster
904638,1951,6,sibling_roster
930237,1939,6,graduate
930237,1917,1,sibling_roster
930237,1923,2,sibling_roster
930237,1924,3,sibling_roster
930237,1925,4,sibling_roster
930237,1933,5,sibling_roster
930237,1939,6,sibling_roster
911752,1938,14,graduate
911752,1938,11,sibling_roster
930732,1939,2,graduate
930732,1939,1,sibling_roster
930732,1940,2,sibling_roster
930732,1943,3,sibling_roster
930732,1947,4,sibling_roster
909201,1940,1,sibling_roster
909201,1944,2,sibling_roster
909201,1946,3,sibling_roster
915919,1939,1,sibling_roster
931476,1938,2,graduate
931476,1937,1,sibling_roster
931476,1939,2,sibling_roster
931476,1941,3,sibling_roster
931476,1943,4,sibling_roster
931476,1944,5,sibling_roster
931476,1946,6,sibling_roster
931476,1948,7,sibling_roster
933276,1939,4,graduate
933276,1920,1,sibling_roster
933276,1922,2,sibling_roster
933276,1927,3,sibling_roster
933276,1940,4,sibling_roster
906741,1938,1,sibling_roster
910879,1939,1,sibling_roster
910879,1944,2,sibling_roster
910879,1944,3,sibling_roster
910879,1948,4,sibling_roster
914016,1939,4,graduate
914016,1928,1,sibling_roster
914016,1933,2,sibling_roster
914016,1937,3,sibling_roster
914016,1940,4,sibling_roster
911305,1939,2,graduate
911305,1935,1,sibling_roster
911305,1940,2,sibling_roster
911305,1944,3,sibling_roster
911305,1953,4,sibling_roster
917414,1939,3,graduate
917414,1927,1,sibling_roster
917414,1929,2,sibling_roster
917414,1939,3,sibling_roster
918928,1939,1,sibling_roster
918928,1944,2,sibling_roster
918928,1947,3,sibling_roster
923714,1939,3,graduate
923714,1929,1,sibling_roster
923714,1933,2,sibling_roster
923714,1940,3,sibling_roster
923714,1942,4,sibling_roster
923714,1948,5,sibling_roster
923714,1950,6,sibling_roster
928965,1938,2,graduate
928965,1925,1,sibling_roster
928965,1939,2,sibling_roster
928965,1944,3,sibling_roster
932393,1940,1,sibling_roster
932393,1944,2,sibling_roster
932393,1948,3,sibling_roster
932393,1952,4,sibling_roster
932393,1956,5,sibling_roster
924962,1940,1,sibling_roster
924962,1946,2,sibling_roster
907063,1939,2,graduate
907063,1937,1,sibling_roster
907063,1939,2,sibling_roster
907063,1943,3,sibling_roster
932581,1938,3,graduate
932581,1925,1,sibling_roster
932581,1936,2,sibling_roster
932581,1939,3,sibling_roster
932581,1942,4,sibling_roster
932581,1945,5,sibling_roster
915902,1940,1,sibling_roster
915902,1945,2,sibling_roster
910475,1939,1,sibling_roster
921284,1939,1,sibling_roster
921284,1942,2,sibling_roster
900126,1939,1,sibling_roster
900126,1941,2,sibling_roster
900126,1944,3,sibling_roster
904466,1938,2,graduate
904466,1934,1,sibling_roster
904466,1939,2,sibling_roster
904466,1944,3,sibling_roster
904466,1945,4,sibling_roster
932472,1939,1,sibling_roster
932472,1942,2,sibling_roster
932472,1945,3,sibling_roster
900829,1938,3,graduate
900829,1937,1,sibling_roster
900829,1937,2,sibling_roster
900829,1939,3,sibling_roster
900829,1943,4,sibling_roster
923380,1940,1,sibling_roster
933118,1939,3,graduate
933118,1936,1,sibling_roster
933118,1938,2,sibling_roster
933118,1940,3,sibling_roster
933118,1946,4,sibling_roster
929195,1940,1,sibling_roster
917898,1939,2,graduate
917898,1938,1,sibling_roster
917898,1940,2,sibling_roster
917898,1941,3,sibling_roster
917898,1942,4,sibling_roster
917898,1947,5,sibling_roster
917898,1949,6,sibling_roster
917898,1954,7,sibling_roster
917898,1959,8,sibling_roster
926187,1939,2,graduate
926452,1938,7,graduate
926452,1929,1,sibling_roster
926452,1931,2,sibling_roster
926452,1933,3,sibling_roster
926452,1933,4,sibling_roster
926452,1935,5,sibling_roster
926452,1938,6,sibling_roster
926452,1940,7,sibling_roster
923384,1940,1,sibling_roster
923384,1941,2,sibling_roster
923384,1946,3,sibling_roster
923384,1949,4,sibling_roster
922150,1939,2,graduate
922150,1936,1,sibling_roster
922150,1940,2,sibling_roster
918352,1939,2,graduate
918352,1936,1,sibling_roster
918352,1940,2,sibling_roster
918352,1945,3,sibling_roster
918352,1946,4,sibling_roster
917484,1940,1,sibling_roster
912208,1939,1,sibling_roster
912208,1953,2,sibling_roster
907961,1939,2,graduate
907961,1934,1,sibling_roster
907961,1939,2,sibling_roster
907961,1947,3,sibling_roster
907961,1949,4,sibling_roster
907961,1953,5,sibling_roster
907961,1955,6,sibling_roster
919299,1939,4,graduate
919299,1932,1,sibling_roster
919299,1934,2,sibling_roster
919299,1935,3,sibling_roster
919299,1940,4,sibling_roster
913472,1939,6,graduate
913472,1929,1,sibling_roster
913472,1932,2,sibling_roster
913472,1935,3,sibling_roster
913472,1937,4,sibling_roster
913472,1939,5,sibling_roster
913472,1940,6,sibling_roster
913472,1942,7,sibling_roster
913472,1947,8,sibling_roster
913472,1949,9,sibling_roster
917929,1939,1,sibling_roster
917929,1942,2,sibling_roster
904758,1939,2,graduate
904758,1938,1,sibling_roster
904758,1940,2,sibling_roster
904758,1944,3,sibling_roster
904758,1946,4,sibling_roster
904758,1950,5,sibling_roster
933766,1939,2,graduate
916258,1939,1,sibling_roster
916258,1940,2,sibling_roster
916258,1946,3,sibling_roster
920988,1939,2,graduate
920988,1939,1,sibling_roster
917516,1939,2,graduate
917516,1938,1,sibling_roster
917516,1940,2,sibling_roster
930339,1939,4,graduate
930339,1926,1,sibling_roster
930339,1929,2,sibling_roster
930339,1935,3,sibling_roster
930339,1939,4,sibling_roster
925960,1938,8,graduate
925960,1922,1,sibling_roster
925960,1923,2,sibling_roster
925960,1925,3,sibling_roster
925960,1929,4,sibling_roster
925960,1932,5,sibling_roster
925960,1934,6,sibling_roster
925960,1939,7,sibling_roster
932917,1939,9,graduate
932917,1925,1,sibling_roster
932917,1928,2,sibling_roster
932917,1929,3,sibling_roster
932917,1931,4,sibling_roster
932917,1933,5,sibling_roster
932917,1934,6,sibling_roster
932917,1939,7,sibling_roster
932917,1940,8,sibling_roster
932917,1942,9,sibling_roster
921690,1938,3,graduate
910072,1939,3,graduate
918599,1939,2,graduate
918599,1940,1,sibling_roster
918599,1940,2,sibling_roster
928875,1939,1,sibling_roster
928875,1942,2,sibling_roster
913990,1939,2,graduate
913990,1938,1,sibling_roster
913990,1939,2,sibling_roster
913990,1945,3,sibling_roster
913990,1948,4,sibling_roster
905430,1938,2,graduate
905430,1935,1,sibling_roster
905430,1939,2,sibling_roster
905430,1944,3,sibling_roster
905430,1948,4,sibling_roster
911910,1940,1,sibling_roster
911910,1944,2,sibling_roster
908474,1938,2,graduate
908474,1938,1,sibling_roster
908474,1939,2,sibling_roster
908474,1941,3,sibling_roster
908474,1954,4,sibling_roster
906546,1939,1,sibling_roster
906546,1943,2,sibling_roster
906546,1945,3,sibling_roster
906546,1950,4,sibling_roster
906546,1952,5,sibling_roster
910661,1939,4,graduate
910661,1935,1,sibling_roster
910661,1940,2,sibling_roster
922611,1939,3,graduate
922611,1933,1,sibling_roster
922611,1934,2,sibling_roster
922611,1939,3,sibling_roster
922611,1946,4,sibling_roster
904043,1939,2,graduate
911020,1937,2,graduate
908627,1940,1,sibling_roster
908627,1949,2,sibling_roster
908627,1956,3,sibling_roster
916867,1939,2,graduate
911807,1939,2,graduate
911807,1936,1,sibling_roster
911807,1939,2,sibling_roster
911807,1941,3,sibling_roster
911807,1942,4,sibling_roster
911807,1947,5,sibling_roster
911807,1950,6,sibling_roster
911807,1951,7,sibling_roster
911807,1954,8,sibling_roster
924301,1940,1,sibling_roster
904989,1939,6,graduate
904989,1926,1,sibling_roster
904989,1934,2,sibling_roster
904989,1935,3,sibling_roster
904989,1937,4,sibling_roster
904989,1938,5,sibling_roster
904989,1940,6,sibling_roster
904989,1943,7,sibling_roster
923928,1939,2,graduate
923928,1936,1,sibling_roster
923928,1940,2,sibling_roster
923928,1942,3,sibling_roster
931299,1940,1,sibling_roster
931299,1945,2,sibling_roster
915315,1938,2,graduate
917593,1939,1,sibling_roster
917593,1944,2,sibling_roster
917593,1947,3,sibling_roster
925677,1938,4,graduate
925677,1934,1,sibling_roster
925677,1939,2,sibling_roster
925677,1946,3,sibling_roster
925677,1946,4,sibling_roster
928572,1939,1,sibling_roster
931800,1939,3,graduate
931800,1937,1,sibling_roster
931800,1939,2,sibling_roster
931800,1940,3,sibling_roster
931800,1947,4,sibling_roster
931800,1951,5,sibling_roster
931800,1954,6,sibling_roster
927706,1940,1,sibling_roster
927706,1942,2,sibling_roster
927706,1943,3,sibling_roster
927706,1945,4,sibling_roster
926522,1938,7,graduate
926522,1929,1,sibling_roster
926522,1930,2,sibling_roster
926522,1931,3,sibling_roster
926522,1933,4,sibling_roster
926522,1935,5,sibling_roster
926522,1936,6,sibling_roster
926522,1939,7,sibling_roster
913606,1940,1,sibling_roster
913606,1943,2,sibling_roster
913606,1944,3,sibling_roster
929463,1940,1,sibling_roster
929463,1943,2,sibling_roster
903170,1939,9,graduate
903170,1922,1,sibling_roster
903170,1924,2,sibling_roster
903170,1924,3,sibling_roster
903170,1928,4,sibling_roster
903170,1930,5,sibling_roster
903170,1932,6,sibling_roster
903170,1934,7,sibling_roster
903170,1935,8,sibling_roster
903170,1940,9,sibling_roster
905832,1939,2,graduate
904056,1939,2,graduate
904056,1938,1,sibling_roster
904056,1940,2,sibling_roster
928282,1939,2,graduate
928282,1936,1,sibling_roster
928282,1939,2,sibling_roster
928282,1941,3,sibling_roster
928282,1949,4,sibling_roster
910857,1940,2,graduate
900923,1938,2,graduate
927585,1939,5,graduate
927585,1932,1,sibling_roster
927585,1934,2,sibling_roster
927585,1936,3,sibling_roster
927585,1937,4,sibling_roster
927585,1939,5,sibling_roster
927585,1944,6,sibling_roster
927585,1948,7,sibling_roster
927585,1952,8,sibling_roster
901412,1939,2,graduate
903830,1939,2,graduate
903830,1938,1,sibling_roster
903830,1940,2,sibling_roster
903830,1945,3,sibling_roster
903830,1957,4,sibling_roster
920493,1939,6,graduate
920493,1923,1,sibling_roster
920493,1930,2,sibling_roster
920493,1932,3,sibling_roster
920493,1933,4,sibling_roster
920493,1935,5,sibling_roster
920493,1940,6,sibling_roster
917565,1939,4,graduate
917565,1940,4,sibling_roster
917565,1941,5,sibling_roster
917565,1946,6,sibling_roster
917565,1950,7,sibling_roster
904846,1939,3,graduate
904846,1937,1,sibling_roster
904846,1938,2,sibling_roster
904846,1940,3,sibling_roster
929428,1939,2,graduate
900928,1939,2,graduate
900928,1936,1,sibling_roster
900928,1940,2,sibling_roster
900928,1946,3,sibling_roster
900928,1948,4,sibling_roster
900928,1956,5,sibling_roster
904331,1939,5,graduate
904331,1933,1,sibling_roster
904331,1935,2,sibling_roster
904331,1936,3,sibling_roster
904331,1939,4,sibling_roster
904331,1940,5,sibling_roster
904331,1941,6,sibling_roster
904331,1949,7,sibling_roster
901143,1938,5,graduate
901143,1932,1,sibling_roster
901143,1933,2,sibling_roster
901143,1935,3,sibling_roster
901143,1936,4,sibling_roster
901143,1938,5,sibling_roster
901143,1946,6,sibling_roster
901143,1947,7,sibling_roster
908633,1939,2,graduate
908633,1938,1,sibling_roster
908633,1940,2,sibling_roster
908633,1945,3,sibling_roster
908633,1947,4,sibling_roster
908633,1950,5,sibling_roster
908633,1951,6,sibling_roster
908633,1952,7,sibling_roster
908633,1957,8,sibling_roster
908633,1962,9,sibling_roster
926503,1939,2,graduate
926503,1938,1,sibling_roster
926503,1940,2,sibling_roster
926503,1948,3,sibling_roster
926503,1949,4,sibling_roster
926503,1953,5,sibling_roster
933329,1939,3,graduate
933329,1920,1,sibling_roster
933329,1922,2,sibling_roster
933329,1939,3,sibling_roster
926180,1938,3,graduate
915749,1939,2,graduate
915749,1936,1,sibling_roster
915749,1940,2,sibling_roster
915749,1944,3,sibling_roster
915749,1945,4,sibling_roster
915749,1951,5,sibling_roster
915593,1939,4,graduate
928630,1940,1,sibling_roster
928630,1941,2,sibling_roster
927604,1939,3,graduate
918555,1938,4,graduate
918555,1931,1,sibling_roster
918555,1934,2,sibling_roster
918555,1936,3,sibling_roster
918555,1939,4,sibling_roster
918555,1944,5,sibling_roster
926730,1939,2,graduate
919110,1939,3,graduate
919110,1938,1,sibling_roster
919110,1939,2,sibling_roster
919110,1940,3,sibling_roster
919110,1941,4,sibling_roster
919110,1942,5,sibling_roster
919110,1943,6,sibling_roster
919110,1944,7,sibling_roster
919110,1946,8,sibling_roster
903214,1939,2,graduate
911210,1938,1,sibling_roster
911210,1940,2,sibling_roster
911210,1942,3,sibling_roster
911210,1943,4,sibling_roster
911210,1946,5,sibling_roster
911210,1949,6,sibling_roster
911210,1953,7,sibling_roster
911210,1954,8,sibling_roster
928577,1940,1,sibling_roster
928577,1942,2,sibling_roster
928577,1945,3,sibling_roster
928577,1947,4,sibling_roster
928577,1950,5,sibling_roster
928577,1951,6,sibling_roster
930711,1939,5,graduate
930711,1927,1,sibling_roster
930711,1928,2,sibling_roster
930711,1931,3,sibling_roster
930711,1935,4,sibling_roster
930711,1939,5,sibling_roster
930711,1945,6,sibling_roster
924188,1939,4,graduate
924188,1931,1,sibling_roster
924188,1931,2,sibling_roster
924188,1937,3,sibling_roster
924188,1940,4,sibling_roster
931392,1939,2,graduate
931392,1939,1,sibling_roster
931392,1940,2,sibling_roster
931392,1948,3,sibling_roster
931392,1958,4,sibling_roster
910807,1939,2,graduate
910807,1936,1,sibling_roster
910807,1939,2,sibling_roster
910807,1942,3,sibling_roster
910807,1944,4,sibling_roster
928762,1940,3,graduate
928762,1933,1,sibling_roster
928762,1935,2,sibling_roster
928762,1940,3,sibling_roster
928762,1945,4,sibling_roster
907734,1939,7,graduate
929211,1938,4,graduate
927610,1939,1,sibling_roster
927610,1946,2,sibling_roster
925745,1939,3,graduate
925745,1936,1,sibling_roster
925745,1938,2,sibling_roster
925745,1940,3,sibling_roster
925745,1942,4,sibling_roster
929224,1940,1,sibling_roster
929224,1941,2,sibling_roster
929224,1943,3,sibling_roster
929224,1946,4,sibling_roster
929224,1949,5,sibling_roster
912002,1940,1,sibling_roster
912002,1941,2,sibling_roster
912002,1945,3,sibling_roster
912002,1947,4,sibling_roster
912002,1949,5,sibling_roster
912002,1951,6,sibling_roster
912002,1955,7,sibling_roster
926926,1933,1,sibling_roster
926926,1939,2,sibling_roster
901031,1939,3,graduate
901031,1933,1,sibling_roster
901031,1936,2,sibling_roster
901031,1940,3,sibling_roster
917114,1939,1,sibling_roster
917114,1945,2,sibling_roster
922364,1938,6,graduate
922364,1931,1,sibling_roster
922364,1934,2,sibling_roster
922364,1935,3,sibling_roster
922364,1936,4,sibling_roster
922364,1936,5,sibling_roster
922364,1937,6,sibling_roster
922364,1938,7,sibling_roster
922364,1938,8,sibling_roster
922364,1939,9,sibling_roster
922364,1950,10,sibling_roster
922364,1950,11,sibling_roster
922364,1952,12,sibling_roster
900537,1939,3,graduate
900537,1935,1,sibling_roster
900537,1938,2,sibling_roster
900537,1940,3,sibling_roster
900537,1943,4,sibling_roster
900537,1948,5,sibling_roster
900537,1951,6,sibling_roster
908449,1939,8,graduate
908449,1936,5,sibling_roster
908449,1939,6,sibling_roster
908449,1940,7,sibling_roster
901667,1940,2,graduate
901667,1935,1,sibling_roster
901667,1940,2,sibling_roster
916889,1939,2,graduate
916889,1940,2,sibling_roster
916889,1945,3,sibling_roster
903248,1939,4,graduate
903248,1939,1,sibling_roster
903248,1945,2,sibling_roster
909894,1940,1,sibling_roster
909894,1957,2,sibling_roster
909894,1965,3,sibling_roster
922916,1939,2,graduate
908433,1939,3,graduate
908433,1938,1,sibling_roster
908433,1939,2,sibling_roster
908433,1940,3,sibling_roster
908433,1941,4,sibling_roster
908433,1943,5,sibling_roster
908433,1945,6,sibling_roster
908433,1946,7,sibling_roster
908433,1947,8,sibling_roster
919537,1939,2,graduate
919537,1937,1,sibling_roster
919537,1939,2,sibling_roster
919537,1941,3,sibling_roster
919537,1949,4,sibling_roster
919537,1951,5,sibling_roster
919537,1954,6,sibling_roster
906020,1940,1,sibling_roster
906020,1942,2,sibling_roster
909193,1939,3,graduate
909193,1936,1,sibling_roster
909193,1938,2,sibling_roster
909193,1940,3,sibling_roster
909193,1943,4,sibling_roster
909193,1953,5,sibling_roster
910121,1939,3,graduate
910121,1931,1,sibling_roster
910121,1934,2,sibling_roster
910121,1939,3,sibling_roster
904130,1940,1,sibling_roster
904130,1942,2,sibling_roster
909144,1939,7,graduate
907761,1939,6,graduate
907761,1935,1,sibling_roster
907761,1936,2,sibling_roster
907761,1937,3,sibling_roster
907761,1940,4,sibling_roster
907761,1944,5,sibling_roster
931333,1940,2,graduate
931333,1937,1,sibling_roster
931333,1940,2,sibling_roster
931333,1942,3,sibling_roster
931333,1943,4,sibling_roster
931333,1946,5,sibling_roster
931333,1951,6,sibling_roster
931333,1953,7,sibling_roster
931333,1955,8,sibling_roster
931333,1958,9,sibling_roster
925696,1939,2,graduate
905756,1940,1,sibling_roster
905756,1941,2,sibling_roster
909030,1939,2,graduate
918669,1939,2,graduate
918669,1926,1,sibling_roster
918669,1940,2,sibling_roster
913883,1938,5,graduate
913883,1934,1,sibling_roster
913883,1935,2,sibling_roster
913883,1936,3,sibling_roster
913883,1937,4,sibling_roster
913883,1938,5,sibling_roster
913883,1939,6,sibling_roster
913883,1943,7,sibling_roster
929981,1940,1,sibling_roster
929981,1950,2,sibling_roster
910481,1938,3,graduate
910481,1935,1,sibling_roster
910481,1937,2,sibling_roster
910481,1939,3,sibling_roster
922462,1939,3,graduate
922462,1933,1,sibling_roster
922462,1934,2,sibling_roster
922462,1939,3,sibling_roster
900402,1939,5,graduate
904834,1939,1,sibling_roster
904834,1940,2,sibling_roster
904834,1944,3,sibling_roster
904834,1948,4,sibling_roster
917196,1939,2,graduate
917196,1937,1,sibling_roster
917196,1940,2,sibling_roster
917196,1942,3,sibling_roster
920766,1939,3,graduate
920766,1935,1,sibling_roster
920766,1935,2,sibling_roster
920766,1939,3,sibling_roster
920766,1941,4,sibling_roster
920766,1944,5,sibling_roster
916662,1940,1,sibling_roster
916662,1944,2,sibling_roster
916662,1945,3,sibling_roster
916662,1953,4,sibling_roster
907497,1937,1,sibling_roster
916897,1940,1,sibling_roster
916897,1944,2,sibling_roster
916897,1947,3,sibling_roster
921361,1939,4,graduate
921361,1927,1,sibling_roster
921361,1932,2,sibling_roster
921361,1935,3,sibling_roster
921361,1939,4,sibling_roster
922493,1939,3,graduate
922493,1935,1,sibling_roster
922493,1938,2,sibling_roster
922493,1940,3,sibling_roster
922493,1942,4,sibling_roster
922493,1943,5,sibling_roster
922493,1946,6,sibling_roster
922493,1949,7,sibling_roster
922493,1951,8,sibling_roster
922493,1954,9,sibling_roster
907359,1940,2,graduate
907359,1938,1,sibling_roster
907359,1940,2,sibling_roster
907359,1943,3,sibling_roster
907549,1938,7,graduate
900907,1939,2,graduate
919657,1939,5,graduate
919657,1932,1,sibling_roster
919657,1934,2,sibling_roster
919657,1940,3,sibling_roster
919657,1942,4,sibling_roster
919657,1944,5,sibling_roster
919657,1946,6,sibling_roster
902279,1940,1,sibling_roster
902279,1941,2,sibling_roster
902279,1943,3,sibling_roster
902279,1946,4,sibling_roster
920157,1940,4,graduate
927587,1939,1,sibling_roster
927587,1942,2,sibling_roster
929691,1937,8,graduate
920629,1939,1,sibling_roster
920629,1942,2,sibling_roster
920629,1949,3,sibling_roster
920629,1952,4,sibling_roster
930392,1939,2,graduate
930392,1940,1,sibling_roster
930392,1946,2,sibling_roster
930392,1949,3,sibling_roster
930392,1952,4,sibling_roster
900570,1939,7,graduate
912631,1939,8,graduate
912631,1920,1,sibling_roster
912631,1922,2,sibling_roster
912631,1927,3,sibling_roster
912631,1930,4,sibling_roster
912631,1930,5,sibling_roster
912631,1934,6,sibling_roster
912631,1936,7,sibling_roster
912631,1940,8,sibling_roster
927143,1939,3,graduate
933349,1939,1,sibling_roster
933349,1942,2,sibling_roster
933349,1945,3,sibling_roster
933349,1948,4,sibling_roster
933349,1950,5,sibling_roster
933349,1952,6,sibling_roster
933349,1956,7,sibling_roster
933349,1958,8,sibling_roster
905634,1939,5,graduate
924624,1940,1,sibling_roster
924624,1945,2,sibling_roster
924624,1947,3,sibling_roster
924624,1955,4,sibling_roster
924624,1961,5,sibling_roster
924506,1939,2,graduate
924506,1938,1,sibling_roster
924506,1939,2,sibling_roster
924506,1946,3,sibling_roster
924506,1952,4,sibling_roster
902538,1939,3,graduate
902538,1931,1,sibling_roster
902538,1935,2,sibling_roster
902538,1940,3,sibling_roster
902538,1944,4,sibling_roster
902538,1949,5,sibling_roster
928750,1939,5,graduate
928750,1924,1,sibling_roster
928750,1926,2,sibling_roster
928750,1936,3,sibling_roster
928750,1939,4,sibling_roster
928750,1948,5,sibling_roster
926728,1939,4,graduate
926728,1922,1,sibling_roster
926728,1930,2,sibling_roster
926728,1934,3,sibling_roster
926728,1940,4,sibling_roster
926005,1939,2,graduate
926005,1935,1,sibling_roster
926005,1939,2,sibling_roster
903065,1939,1,sibling_roster
900348,1939,1,sibling_roster
900348,1941,2,sibling_roster
900348,1951,3,sibling_roster
905465,1939,4,graduate
906783,1939,3,graduate
906783,1936,1,sibling_roster
906783,1940,2,sibling_roster
906783,1943,3,sibling_roster
906783,1945,4,sibling_roster
906783,1945,5,sibling_roster
921457,1939,2,graduate
909261,1939,2,graduate
933902,1938,3,graduate
933902,1928,1,sibling_roster
933902,1935,2,sibling_roster
933902,1939,3,sibling_roster
911250,1939,3,graduate
911250,1935,1,sibling_roster
905883,1939,4,graduate
905883,1925,1,sibling_roster
905883,1931,2,sibling_roster
905883,1937,3,sibling_roster
905883,1940,4,sibling_roster
902253,1940,1,sibling_roster
902253,1942,2,sibling_roster
912172,1939,2,graduate
930936,1939,3,graduate
930936,1934,1,sibling_roster
930936,1939,2,sibling_roster
913100,1940,1,sibling_roster
913100,1945,2,sibling_roster
914294,1940,2,graduate
914294,1939,1,sibling_roster
914294,1940,2,sibling_roster
914413,1939,3,graduate
914413,1936,1,sibling_roster
914413,1937,2,sibling_roster
914413,1940,3,sibling_roster
914413,1941,4,sibling_roster
914413,1948,5,sibling_roster
914413,1952,6,sibling_roster
914413,1954,7,sibling_roster
928893,1940,1,sibling_roster
928893,1940,2,sibling_roster
928893,1943,3,sibling_roster
928893,1946,4,sibling_roster
928893,1957,5,sibling_roster
928893,1959,6,sibling_roster
917447,1939,6,graduate
917447,1929,1,sibling_roster
917447,1933,2,sibling_roster
917447,1933,3,sibling_roster
917447,1935,4,sibling_roster
917447,1937,5,sibling_roster
917447,1939,6,sibling_roster
917447,1946,7,sibling_roster
917447,1948,8,sibling_roster
917447,1950,9,sibling_roster
918944,1939,2,graduate
918944,1938,1,sibling_roster
918944,1940,2,sibling_roster
918944,1942,3,sibling_roster
909058,1939,2,graduate
909058,1934,1,sibling_roster
909058,1939,2,sibling_roster
909058,1942,3,sibling_roster
909058,1944,4,sibling_roster
909058,1946,5,sibling_roster
909058,1954,6,sibling_roster
933576,1939,1,sibling_roster
933576,1943,2,sibling_roster
917536,1939,4,graduate
917536,1934,1,sibling_roster
917536,1936,2,sibling_roster
917536,1939,3,sibling_roster
917536,1939,4,sibling_roster
903985,1939,6,graduate
903985,1930,1,sibling_roster
903985,1934,2,sibling_roster
903985,1934,3,sibling_roster
903985,1937,4,sibling_roster
903985,1940,5,sibling_roster
904211,1939,3,graduate
904211,1935,1,sibling_roster
904211,1938,2,sibling_roster
904211,1940,3,sibling_roster
904211,1945,4,sibling_roster
900332,1939,3,graduate
900332,1935,1,sibling_roster
900332,1938,2,sibling_roster
900332,1940,3,sibling_roster
924312,1939,2,graduate
930501,1939,3,graduate
930501,1938,1,sibling_roster
930501,1940,2,sibling_roster
930501,1943,3,sibling_roster
923395,1939,3,graduate
923395,1934,1,sibling_roster
923395,1939,2,sibling_roster
923395,1940,3,sibling_roster
923395,1943,4,sibling_roster
923395,1945,5,sibling_roster
927574,1939,4,graduate
927574,1933,1,sibling_roster
927574,1936,2,sibling_roster
927574,1937,3,sibling_roster
927574,1939,4,sibling_roster
927574,1943,5,sibling_roster
927574,1944,6,sibling_roster
914890,1939,1,sibling_roster
914890,1943,2,sibling_roster
914890,1947,3,sibling_roster
905185,1939,4,graduate
905185,1918,1,sibling_roster
905185,1927,2,sibling_roster
905185,1935,3,sibling_roster
905185,1940,4,sibling_roster
922306,1939,2,graduate
926491,1939,7,graduate
919072,1939,1,sibling_roster
919072,1944,2,sibling_roster
918634,1939,2,graduate
918634,1936,1,sibling_roster
918634,1940,2,sibling_roster
932972,1939,9,graduate
932972,1920,1,sibling_roster
932972,1922,2,sibling_roster
932972,1926,3,sibling_roster
932972,1928,4,sibling_roster
932972,1930,5,sibling_roster
932972,1933,6,sibling_roster
932972,1939,7,sibling_roster
932972,1940,8,sibling_roster
906473,1940,1,sibling_roster
906473,1942,2,sibling_roster
906473,1943,3,sibling_roster
929185,1939,1,sibling_roster
929185,1946,2,sibling_roster
929185,1951,3,sibling_roster
903039,1938,6,graduate
903039,1920,1,sibling_roster
903039,1930,3,sibling_roster
903039,1939,4,sibling_roster
918360,1939,1,sibling_roster
918360,1944,2,sibling_roster
918360,1948,3,sibling_roster
929044,1939,2,graduate
929044,1927,1,sibling_roster
929044,1939,2,sibling_roster
928986,1939,1,sibling_roster
906152,1939,2,graduate
906152,1934,1,sibling_roster
906152,1939,2,sibling_roster
903992,1939,1,sibling_roster
918146,1939,1,sibling_roster
918146,1943,2,sibling_roster
924715,1939,3,graduate
925993,1938,7,graduate
908656,1940,1,sibling_roster
914744,1940,1,sibling_roster
914744,1946,2,sibling_roster
909514,1939,3,graduate
909514,1927,1,sibling_roster
909514,1930,2,sibling_roster
909514,1940,3,sibling_roster
926280,1939,6,graduate
912116,1939,2,graduate
912116,1937,1,sibling_roster
912116,1940,2,sibling_roster
912116,1944,3,sibling_roster
912116,1958,4,sibling_roster
901106,1940,1,sibling_roster
901106,1941,2,sibling_roster
901106,1947,3,sibling_roster
932027,1940,1,sibling_roster
932027,1942,2,sibling_roster
932027,1944,3,sibling_roster
932027,1945,4,sibling_roster
932027,1947,5,sibling_roster
932027,1949,6,sibling_roster
910321,1939,6,graduate
910321,1927,1,sibling_roster
910321,1929,2,sibling_roster
910321,1932,3,sibling_roster
910321,1935,4,sibling_roster
910321,1937,5,sibling_roster
910321,1940,6,sibling_roster
910321,1945,7,sibling_roster
904406,1939,1,sibling_roster
904406,1942,2,sibling_roster
904406,1943,3,sibling_roster
904406,1946,4,sibling_roster
904406,1954,5,sibling_roster
902765,1940,1,sibling_roster
902765,1942,2,sibling_roster
902765,1944,3,sibling_roster
902765,1945,4,sibling_roster
902765,1950,5,sibling_roster
913638,1940,1,sibling_roster
913638,1943,2,sibling_roster
913638,1945,3,sibling_roster
913638,1954,4,sibling_roster
912641,1939,1,sibling_roster
902841,1939,3,graduate
902841,1937,1,sibling_roster
902841,1939,2,sibling_roster
902841,1939,3,sibling_roster
914604,1939,5,graduate
914604,1931,1,sibling_roster
914604,1933,2,sibling_roster
914604,1935,3,sibling_roster
914604,1937,4,sibling_roster
914604,1939,5,sibling_roster
914604,1939,6,sibling_roster
914604,1941,7,sibling_roster
914604,1943,8,sibling_roster
914604,1945,9,sibling_roster
914604,1947,10,sibling_roster
914604,1949,11,sibling_roster
906263,1938,2,graduate
906263,1935,1,sibling_roster
906263,1939,2,sibling_roster
906263,1943,3,sibling_roster
906263,1947,4,sibling_roster
910092,1939,7,graduate
910092,1925,1,sibling_roster
910092,1929,2,sibling_roster
910092,1930,3,sibling_roster
910092,1930,4,sibling_roster
910092,1931,5,sibling_roster
910092,1933,6,sibling_roster
910092,1940,7,sibling_roster
928389,1939,1,sibling_roster
914566,1939,3,graduate
914566,1932,1,sibling_roster
914566,1935,2,sibling_roster
914566,1940,3,sibling_roster
924726,1939,6,graduate
906654,1939,1,sibling_roster
906654,1942,2,sibling_roster
906654,1946,3,sibling_roster
906654,1951,4,sibling_roster
906654,1951,5,sibling_roster
906654,1960,6,sibling_roster
909963,1939,5,graduate
909963,1926,1,sibling_roster
909963,1929,2,sibling_roster
909963,1933,3,sibling_roster
909963,1936,4,sibling_roster
909963,1940,5,sibling_roster
909963,1948,6,sibling_roster
931924,1939,2,graduate
931924,1938,1,sibling_roster
931924,1939,2,sibling_roster
931924,1948,3,sibling_roster
917397,1940,1,sibling_roster
917397,1945,2,sibling_roster
922012,1938,2,graduate
922012,1936,1,sibling_roster
922012,1939,2,sibling_roster
922012,1941,3,sibling_roster
914205,1939,3,graduate
914205,1931,1,sibling_roster
914205,1936,2,sibling_roster
914205,1939,3,sibling_roster
922593,1939,3,graduate
913842,1939,2,graduate
913842,1936,1,sibling_roster
913842,1940,2,sibling_roster
907412,1938,4,graduate
923052,1939,2,graduate
923052,1938,1,sibling_roster
923052,1940,2,sibling_roster
927854,1940,1,sibling_roster
927854,1942,2,sibling_roster
927854,1947,3,sibling_roster
923548,1940,1,sibling_roster
923548,1942,2,sibling_roster
923548,1943,3,sibling_roster
923548,1952,4,sibling_roster
905113,1939,2,graduate
905113,1936,1,sibling_roster
905113,1940,2,sibling_roster
905113,1942,3,sibling_roster
907627,1939,6,graduate
907627,1917,1,sibling_roster
907627,1920,2,sibling_roster
907627,1921,3,sibling_roster
907627,1927,4,sibling_roster
907627,1933,5,sibling_roster
907627,1939,6,sibling_roster
909830,1939,1,sibling_roster
909830,1941,2,sibling_roster
909830,1943,3,sibling_roster
928535,1940,1,sibling_roster
928535,1951,2,sibling_roster
931021,1940,1,sibling_roster
931021,1942,2,sibling_roster
931021,1944,3,sibling_roster
931021,1952,4,sibling_roster
931021,1954,5,sibling_roster
901359,1939,2,graduate
931385,1939,2,graduate
931385,1939,1,sibling_roster
931385,1939,2,sibling_roster
931385,1941,3,sibling_roster
931385,1943,4,sibling_roster
931385,1962,5,sibling_roster
904508,1939,3,graduate
931515,1939,5,graduate
931515,1925,1,sibling_roster
931515,1929,2,sibling_roster
931515,1933,3,sibling_roster
931515,1935,4,sibling_roster
931515,1940,5,sibling_roster
931515,1941,6,sibling_roster
908844,1939,3,graduate
900614,1939,2,graduate
916481,1938,8,graduate
916481,1916,1,sibling_roster
916481,1926,2,sibling_roster
916481,1927,3,sibling_roster
916481,1930,4,sibling_roster
916481,1932,5,sibling_roster
916481,1933,6,sibling_roster
916481,1934,7,sibling_roster
916481,1939,8,sibling_roster
919806,1939,4,graduate
919806,1929,1,sibling_roster
919806,1930,2,sibling_roster
919806,1933,3,sibling_roster
919806,1936,4,sibling_roster
919806,1940,5,sibling_roster
914360,1939,4,graduate
914360,1934,1,sibling_roster
914360,1935,2,sibling_roster
914360,1935,3,sibling_roster
914360,1940,4,sibling_roster
914360,1951,5,sibling_roster
914360,1953,6,sibling_roster
917011,1937,11,graduate
917011,1914,1,sibling_roster
917011,1915,2,sibling_roster
917011,1917,3,sibling_roster
917011,1920,4,sibling_roster
917011,1925,5,sibling_roster
917011,1925,6,sibling_roster
917011,1927,7,sibling_roster
917011,1931,8,sibling_roster
917011,1933,9,sibling_roster
917011,1938,10,sibling_roster
904049,1939,3,graduate
904049,1925,1,sibling_roster
904049,1926,2,sibling_roster
904049,1940,3,sibling_roster
908356,1940,1,sibling_roster
908356,1947,2,sibling_roster
908356,1948,3,sibling_roster
908356,1953,4,sibling_roster
906550,1940,1,sibling_roster
906550,1943,2,sibling_roster
906550,1959,3,sibling_roster
907664,1939,5,graduate
907664,1935,1,sibling_roster
907664,1936,2,sibling_roster
907664,1937,3,sibling_roster
907664,1940,4,sibling_roster
907664,1947,5,sibling_roster
916904,1939,1,sibling_roster
916904,1941,2,sibling_roster
916904,1955,3,sibling_roster
927080,1938,3,graduate
927080,1934,1,sibling_roster
927080,1936,2,sibling_roster
927080,1938,3,sibling_roster
927080,1939,4,sibling_roster
927080,1941,5,sibling_roster
922819,1939,1,sibling_roster
922819,1945,2,sibling_roster
922819,1959,3,sibling_roster
911489,1939,2,graduate
911489,1937,1,sibling_roster
911489,1939,2,sibling_roster
911489,1941,3,sibling_roster
911489,1942,4,sibling_roster
911489,1947,5,sibling_roster
911489,1953,6,sibling_roster
925704,1939,2,graduate
925704,1936,1,sibling_roster
925704,1940,2,sibling_roster
930028,1939,1,sibling_roster
930028,1941,2,sibling_roster
930028,1946,3,sibling_roster
926859,1939,2,graduate
926859,1925,1,sibling_roster
926859,1940,2,sibling_roster
922834,1940,1,sibling_roster
922834,1941,2,sibling_roster
922834,1946,3,sibling_roster
922834,1947,4,sibling_roster
902141,1939,4,graduate
926153,1939,6,graduate
926153,1932,1,sibling_roster
926153,1934,2,sibling_roster
926153,1935,3,sibling_roster
926153,1937,4,sibling_roster
926153,1938,5,sibling_roster
926153,1940,6,sibling_roster
926153,1941,7,sibling_roster
926153,1943,8,sibling_roster
926153,1945,9,sibling_roster
926153,1947,10,sibling_roster
926153,1949,11,sibling_roster
913274,1939,3,graduate
902003,1939,4,graduate
916915,1939,5,graduate
916915,1932,1,sibling_roster
916915,1933,2,sibling_roster
916915,1935,3,sibling_roster
916915,1937,4,sibling_roster
916915,1939,5,sibling_roster
926484,1939,5,graduate
908558,1939,5,graduate
908558,1929,1,sibling_roster
908558,1933,2,sibling_roster
908558,1933,3,sibling_roster
908558,1936,4,sibling_roster
908558,1939,5,sibling_roster
908558,1947,6,sibling_roster
908558,1950,7,sibling_roster
906049,1939,4,graduate
906049,1923,1,sibling_roster
906049,1930,2,sibling_roster
906049,1933,3,sibling_roster
906049,1940,4,sibling_roster
927715,1939,3,graduate
927715,1938,1,sibling_roster
927715,1939,2,sibling_roster
927715,1940,3,sibling_roster
927715,1945,4,sibling_roster
901832,1939,5,graduate
909036,1940,1,sibling_roster
909036,1942,2,sibling_roster
905741,1939,1,sibling_roster
905741,1943,2,sibling_roster
905741,1951,3,sibling_roster
925226,1938,4,graduate
909852,1939,2,graduate
932257,1939,7,graduate
932257,1925,1,sibling_roster
932257,1926,2,sibling_roster
932257,1931,3,sibling_roster
932257,1933,4,sibling_roster
932257,1936,5,sibling_roster
932257,1936,6,sibling_roster
932257,1940,7,sibling_roster
932257,1943,8,sibling_roster
901887,1939,3,graduate
901887,1936,1,sibling_roster
901887,1940,2,sibling_roster
905437,1939,2,graduate
905437,1940,1,sibling_roster
909827,1939,2,graduate
921376,1939,2,graduate
921376,1938,1,sibling_roster
921376,1940,2,sibling_roster
921376,1944,3,sibling_roster
908167,1939,3,graduate
908167,1936,1,sibling_roster
908167,1937,2,sibling_roster
908167,1939,3,sibling_roster
908167,1945,4,sibling_roster
908167,1948,5,sibling_roster
911032,1939,3,graduate
911032,1926,1,sibling_roster
911032,1928,2,sibling_roster
911032,1940,3,sibling_roster
901022,1937,3,graduate
901022,1935,1,sibling_roster
901022,1937,2,sibling_roster
901022,1938,3,sibling_roster
901022,1940,4,sibling_roster
901022,1949,5,sibling_roster
901022,1951,6,sibling_roster
901022,1953,7,sibling_roster
908303,1939,3,graduate
908303,1934,1,sibling_roster
908303,1935,2,sibling_roster
908303,1940,3,sibling_roster
908303,1941,4,sibling_roster
918552,1939,2,graduate
918552,1937,1,sibling_roster
918552,1939,2,sibling_roster
908655,1939,2,graduate
908655,1935,1,sibling_roster
908655,1939,2,sibling_roster
908655,1942,3,sibling_roster
908655,1945,4,sibling_roster
931208,1939,2,graduate
931208,1937,1,sibling_roster
931208,1939,2,sibling_roster
918240,1938,4,graduate
908194,1940,1,sibling_roster
908194,1943,2,sibling_roster
927879,1938,1,sibling_roster
927879,1944,2,sibling_roster
927879,1950,3,sibling_roster
904829,1939,1,sibling_roster
925723,1940,1,sibling_roster
925723,1943,2,sibling_roster
924358,1939,1,sibling_roster
924358,1941,2,sibling_roster
924358,1953,3,sibling_roster
912390,1938,2,graduate
910533,1937,2,graduate
910533,1934,1,sibling_roster
910533,1938,2,sibling_roster
910533,1948,3,sibling_roster
901014,1938,3,graduate
901014,1929,1,sibling_roster
901014,1935,2,sibling_roster
901014,1938,3,sibling_roster
908344,1938,3,graduate
909366,1939,1,sibling_roster
912387,1938,3,graduate
921577,1939,1,sibling_roster
907536,1939,1,sibling_roster
907536,1940,2,sibling_roster
907536,1940,3,sibling_roster
907536,1941,4,sibling_roster
907536,1945,5,sibling_roster
907536,1947,6,sibling_roster
907536,1947,7,sibling_roster
907536,1950,8,sibling_roster
907536,1953,9,sibling_roster
907536,1954,10,sibling_roster
927404,1938,2,graduate
927404,1933,1,sibling_roster
927404,1939,2,sibling_roster
927404,1940,3,sibling_roster
923445,1939,1,sibling_roster
923445,1941,2,sibling_roster
923445,1944,3,sibling_roster
923445,1948,4,sibling_roster
923445,1949,5,sibling_roster
923445,1952,6,sibling_roster
923445,1954,7,sibling_roster
932190,1938,9,graduate
932190,1921,1,sibling_roster
932190,1925,2,sibling_roster
932190,1930,3,sibling_roster
932190,1931,4,sibling_roster
932190,1934,5,sibling_roster
932190,1935,6,sibling_roster
932190,1937,7,sibling_roster
932190,1938,8,sibling_roster
932190,1939,9,sibling_roster
932190,1941,10,sibling_roster
912437,1938,1,sibling_roster
918132,1939,2,graduate
918132,1938,1,sibling_roster
918132,1940,2,sibling_roster
921187,1940,1,sibling_roster
921187,1942,2,sibling_roster
921187,1944,3,sibling_roster
923840,1939,2,graduate
923840,1936,1,sibling_roster
923840,1940,2,sibling_roster
923834,1939,8,graduate
925543,1939,5,graduate
925543,1930,1,sibling_roster
925543,1933,2,sibling_roster
925543,1935,3,sibling_roster
925543,1937,4,sibling_roster
925543,1939,5,sibling_roster
925543,1940,6,sibling_roster
925543,1942,7,sibling_roster
925543,1944,8,sibling_roster
925543,1944,9,sibling_roster
925543,1947,10,sibling_roster
925543,1951,11,sibling_roster
930469,1940,1,sibling_roster
909551,1939,2,graduate
904839,1940,1,sibling_roster
904839,1943,2,sibling_roster
904839,1944,3,sibling_roster
904839,1944,4,sibling_roster
914044,1939,2,graduate
914044,1938,1,sibling_roster
914044,1940,2,sibling_roster
914044,1940,3,sibling_roster
910043,1938,2,graduate
910043,1928,1,sibling_roster
910043,1939,2,sibling_roster
910043,1942,3,sibling_roster
910043,1943,4,sibling_roster
906608,1939,1,sibling_roster
906608,1947,2,sibling_roster
916661,1939,4,graduate
916661,1925,1,sibling_roster
916661,1928,2,sibling_roster
916661,1938,3,sibling_roster
916661,1939,4,sibling_roster
916661,1943,5,sibling_roster
916661,1947,6,sibling_roster
916661,1951,7,sibling_roster
932787,1938,2,graduate
930649,1938,2,graduate
930649,1937,1,sibling_roster
930649,1939,2,sibling_roster
927100,1939,1,sibling_roster
905346,1939,2,graduate
926075,1938,2,graduate
926075,1935,1,sibling_roster
926075,1938,2,sibling_roster
933536,1939,1,sibling_roster
933536,1941,2,sibling_roster
933536,1947,3,sibling_roster
912575,1937,2,graduate
905626,1939,2,graduate
905626,1939,1,sibling_roster
905626,1940,2,sibling_roster
905626,1948,3,sibling_roster
925955,1938,5,graduate
925955,1933,1,sibling_roster
925955,1934,2,sibling_roster
925955,1936,3,sibling_roster
925955,1937,4,sibling_roster
925955,1939,5,sibling_roster
925955,1941,6,sibling_roster
925955,1945,7,sibling_roster
925955,1946,8,sibling_roster
921277,1939,1,sibling_roster
921277,1943,2,sibling_roster
919761,1940,1,sibling_roster
919761,1945,2,sibling_roster
919761,1952,3,sibling_roster
919761,1957,4,sibling_roster
919761,1957,5,sibling_roster
919585,1938,3,graduate
919585,1931,1,sibling_roster
919585,1935,2,sibling_roster
919585,1939,3,sibling_roster
921931,1939,1,sibling_roster
921931,1942,2,sibling_roster
905210,1939,1,sibling_roster
905210,1943,2,sibling_roster
905210,1955,3,sibling_roster
905210,1957,4,sibling_roster
932366,1939,4,graduate
906682,1939,1,sibling_roster
906682,1941,2,sibling_roster
909224,1940,1,sibling_roster
902055,1939,2,graduate
902055,1937,1,sibling_roster
902055,1940,2,sibling_roster
902055,1945,3,sibling_roster
902055,1959,4,sibling_roster
903900,1939,4,graduate
920159,1939,2,graduate
920159,1940,1,sibling_roster
920159,1940,2,sibling_roster
920159,1945,3,sibling_roster
911090,1939,3,graduate
931191,1938,2,graduate
931191,1936,1,sibling_roster
931191,1939,2,sibling_roster
931191,1942,3,sibling_roster
931191,1944,4,sibling_roster
931191,1949,5,sibling_roster
931191,1964,6,sibling_roster
927934,1939,3,graduate
927934,1925,1,sibling_roster
927934,1933,2,sibling_roster
927934,1940,3,sibling_roster
927934,1941,4,sibling_roster
905259,1938,3,graduate
920078,1939,2,graduate
920078,1937,1,sibling_roster
920078,1939,2,sibling_roster
919316,1939,3,graduate
919316,1936,1,sibling_roster
919316,1939,2,sibling_roster
919316,1940,3,sibling_roster
910942,1937,1,sibling_roster
910942,1938,2,sibling_roster
921678,1939,1,sibling_roster
921678,1940,2,sibling_roster
921678,1942,3,sibling_roster
921678,1943,4,sibling_roster
921678,1948,5,sibling_roster
907115,1939,1,sibling_roster
907115,1941,2,sibling_roster
907115,1943,3,sibling_roster
901615,1939,1,sibling_roster
901615,1940,2,sibling_roster
901615,1941,3,sibling_roster
901615,1942,4,sibling_roster
901615,1950,5,sibling_roster
901615,1952,6,sibling_roster
901615,1953,7,sibling_roster
901615,1955,8,sibling_roster
913923,1939,1,sibling_roster
913923,1942,2,sibling_roster
913923,1947,3,sibling_roster
913923,1949,4,sibling_roster
913923,1950,5,sibling_roster
907308,1938,1,sibling_roster
907308,1939,2,sibling_roster
925456,1939,2,graduate
925456,1936,1,sibling_roster
925456,1939,2,sibling_roster
907400,1938,4,graduate
907400,1930,1,sibling_roster
907400,1932,2,sibling_roster
907400,1936,3,sibling_roster
907400,1939,4,sibling_roster
907400,1940,5,sibling_roster
908198,1939,2,graduate
908198,1934,1,sibling_roster
908198,1940,2,sibling_roster
908198,1946,3,sibling_roster
915432,1939,6,graduate
908918,1938,5,graduate
908918,1930,1,sibling_roster
908918,1932,2,sibling_roster
908918,1939,3,sibling_roster
928968,1939,1,sibling_roster
928968,1942,2,sibling_roster
928968,1945,3,sibling_roster
928968,1947,4,sibling_roster
928968,1951,5,sibling_roster
923207,1938,4,graduate
923207,1902,1,sibling_roster
923207,1930,2,sibling_roster
923207,1938,3,sibling_roster
923207,1939,4,sibling_roster
924296,1938,4,graduate
924296,1928,1,sibling_roster
924296,1930,2,sibling_roster
924296,1933,3,sibling_roster
924296,1938,4,sibling_roster
924296,1939,5,sibling_roster
924296,1943,6,sibling_roster
900772,1939,2,graduate
900772,1938,1,sibling_roster
900772,1940,2,sibling_roster
918789,1939,3,graduate
918789,1931,1,sibling_roster
918789,1935,2,sibling_roster
918789,1939,3,sibling_roster
910057,1938,11,graduate
907200,1939,1,sibling_roster
907200,1946,2,sibling_roster
907200,1949,3,sibling_roster
907200,1951,4,sibling_roster
907200,1956,5,sibling_roster
920903,1938,1,sibling_roster
925153,1939,3,graduate
925153,1936,1,sibling_roster
925153,1938,2,sibling_roster
925153,1940,3,sibling_roster
925153,1952,4,sibling_roster
922630,1939,4,graduate
922630,1927,1,sibling_roster
922630,1929,2,sibling_roster
922630,1934,3,sibling_roster
922630,1940,4,sibling_roster
901343,1939,3,graduate
901343,1927,1,sibling_roster
901343,1931,2,sibling_roster
901343,1939,3,sibling_roster
908977,1939,1,sibling_roster
908977,1941,2,sibling_roster
908977,1945,3,sibling_roster
929725,1939,1,sibling_roster
929725,1940,2,sibling_roster
929725,1944,3,sibling_roster
929725,1946,4,sibling_roster
920041,1938,2,graduate
920041,1938,1,sibling_roster
920041,1939,2,sibling_roster
920041,1941,3,sibling_roster
920041,1944,4,sibling_roster
920041,1946,5,sibling_roster
928499,1939,2,graduate
928499,1938,1,sibling_roster
928499,1940,2,sibling_roster
928499,1946,3,sibling_roster
928499,1951,4,sibling_roster
928499,1954,5,sibling_roster
910298,1939,2,graduate
910298,1938,1,sibling_roster
910298,1940,2,sibling_roster
910298,1945,3,sibling_roster
913077,1939,1,sibling_roster
913077,1941,2,sibling_roster
903049,1939,1,sibling_roster
903049,1945,2,sibling_roster
903063,1939,3,graduate
912789,1939,2,graduate
933095,1940,1,sibling_roster
933095,1942,2,sibling_roster
924087,1939,2,graduate
924087,1936,1,sibling_roster
924087,1939,2,sibling_roster
918444,1939,2,graduate
913049,1938,1,sibling_roster
913049,1941,2,sibling_roster
932999,1939,2,graduate
932999,1937,1,sibling_roster
932999,1940,2,sibling_roster
932999,1949,3,sibling_roster
932999,1954,4,sibling_roster
912728,1939,3,graduate
904443,1938,4,graduate
925506,1939,3,graduate
925506,1935,1,sibling_roster
925506,1937,2,sibling_roster
925506,1940,3,sibling_roster
925506,1945,4,sibling_roster
905848,1938,2,graduate
905848,1933,1,sibling_roster
905848,1939,2,sibling_roster
905848,1941,3,sibling_roster
927086,1939,1,sibling_roster
927086,1943,2,sibling_roster
905137,1940,1,sibling_roster
915588,1939,3,graduate
915588,1921,1,sibling_roster
915588,1940,2,sibling_roster
919574,1940,4,graduate
919574,1924,1,sibling_roster
919574,1935,2,sibling_roster
919574,1938,3,sibling_roster
919574,1941,4,sibling_roster
919574,1945,5,sibling_roster
903843,1937,3,graduate
903843,1935,1,sibling_roster
903843,1936,2,sibling_roster
903843,1938,3,sibling_roster
903843,1939,4,sibling_roster
903843,1940,5,sibling_roster
903843,1942,6,sibling_roster
903843,1951,7,sibling_roster
916732,1940,4,graduate
916732,1931,1,sibling_roster
916732,1933,2,sibling_roster
916732,1937,3,sibling_roster
916732,1940,4,sibling_roster
916732,1951,5,sibling_roster
933910,1938,5,graduate
933910,1923,1,sibling_roster
933910,1925,2,sibling_roster
933910,1935,3,sibling_roster
933910,1938,4,sibling_roster
933910,1939,5,sibling_roster
905679,1939,2,graduate
905679,1938,1,sibling_roster
905679,1939,2,sibling_roster
905679,1949,3,sibling_roster
921786,1940,1,sibling_roster
921786,1945,2,sibling_roster
921786,1947,3,sibling_roster
912608,1939,2,graduate
912608,1937,1,sibling_roster
912608,1939,2,sibling_roster
912956,1939,2,graduate
912956,1939,1,sibling_roster
912956,1940,2,sibling_roster
912956,1943,3,sibling_roster
912956,1947,4,sibling_roster
904641,1939,4,graduate
904641,1933,1,sibling_roster
904641,1937,2,sibling_roster
904641,1938,3,sibling_roster
904641,1939,4,sibling_roster
904641,1940,5,sibling_roster
904641,1942,6,sibling_roster
904641,1944,7,sibling_roster
904641,1947,8,sibling_roster
904641,1947,9,sibling_roster
904641,1949,10,sibling_roster
904641,1951,11,sibling_roster
925252,1939,1,sibling_roster
925252,1944,2,sibling_roster
933111,1939,1,sibling_roster
925136,1940,1,sibling_roster
923741,1939,6,graduate
932429,1940,1,sibling_roster
932429,1949,2,sibling_roster
914982,1939,5,graduate
914982,1926,1,sibling_roster
914982,1929,2,sibling_roster
914982,1937,3,sibling_roster
914982,1938,4,sibling_roster
914982,1940,5,sibling_roster
914982,1943,6,sibling_roster
905177,1940,1,sibling_roster
905177,1946,2,sibling_roster
908139,1939,2,graduate
908139,1930,1,sibling_roster
908139,1940,2,sibling_roster
906320,1939,3,graduate
906320,1934,1,sibling_roster
906320,1937,2,sibling_roster
906320,1939,3,sibling_roster
900299,1940,2,graduate
900299,1939,1,sibling_roster
900299,1940,2,sibling_roster
900299,1948,3,sibling_roster
917320,1939,4,graduate
917320,1930,1,sibling_roster
917320,1934,2,sibling_roster
917320,1937,3,sibling_roster
917320,1940,4,sibling_roster
917320,1943,5,sibling_roster
908372,1938,3,graduate
904529,1939,1,sibling_roster
904529,1943,2,sibling_roster
902882,1939,3,graduate
902882,1936,1,sibling_roster
902882,1938,2,sibling_roster
902882,1939,3,sibling_roster
902882,1944,4,sibling_roster
902882,1947,5,sibling_roster
928512,1939,2,graduate
928512,1938,1,sibling_roster
928512,1940,2,sibling_roster
928512,1943,3,sibling_roster
928512,1945,4,sibling_roster
928512,1954,5,sibling_roster
932189,1940,1,sibling_roster
907002,1939,4,graduate
907002,1928,1,sibling_roster
907002,1929,2,sibling_roster
907002,1935,3,sibling_roster
907002,1940,4,sibling_roster
908099,1939,3,graduate
908099,1936,1,sibling_roster
908099,1939,2,sibling_roster
911483,1939,12,graduate
911483,1915,3,sibling_roster
911483,1922,4,sibling_roster
911483,1923,5,sibling_roster
911483,1924,6,sibling_roster
911483,1926,7,sibling_roster
911483,1928,8,sibling_roster
911483,1930,9,sibling_roster
911483,1931,10,sibling_roster
911483,1934,11,sibling_roster
911483,1940,12,sibling_roster
929860,1940,1,sibling_roster
929860,1947,2,sibling_roster
921472,1939,3,graduate
921472,1934,1,sibling_roster
921472,1939,2,sibling_roster
921472,1939,3,sibling_roster
921472,1940,4,sibling_roster
921077,1940,1,sibling_roster
921077,1942,2,sibling_roster
900599,1939,2,graduate
923667,1940,1,sibling_roster
923667,1941,2,sibling_roster
923667,1943,3,sibling_roster
923667,1945,4,sibling_roster
928786,1940,1,sibling_roster
928786,1943,2,sibling_roster
928786,1946,3,sibling_roster
928786,1948,4,sibling_roster
928786,1956,5,sibling_roster
906587,1939,2,graduate
906587,1936,1,sibling_roster
906587,1940,2,sibling_roster
906587,1943,3,sibling_roster
906587,1946,4,sibling_roster
905559,1939,2,graduate
905559,1938,1,sibling_roster
905559,1939,2,sibling_roster
921165,1939,3,graduate
921165,1935,1,sibling_roster
921165,1937,2,sibling_roster
921165,1939,3,sibling_roster
921165,1953,4,sibling_roster
927156,1939,2,graduate
927156,1936,1,sibling_roster
927156,1940,2,sibling_roster
923963,1940,1,sibling_roster
923963,1950,2,sibling_roster
923963,1954,3,sibling_roster
917143,1940,1,sibling_roster
929171,1937,5,graduate
929171,1921,1,sibling_roster
929171,1929,3,sibling_roster
929171,1938,5,sibling_roster
929180,1939,2,graduate
929180,1938,1,sibling_roster
929180,1940,2,sibling_roster
929180,1940,3,sibling_roster
929180,1942,4,sibling_roster
929180,1944,5,sibling_roster
929180,1946,6,sibling_roster
921883,1939,2,graduate
921883,1934,1,sibling_roster
921883,1939,2,sibling_roster
921883,1944,3,sibling_roster
921883,1946,4,sibling_roster
921883,1952,5,sibling_roster
901016,1939,1,sibling_roster
901016,1940,2,sibling_roster
901016,1944,3,sibling_roster
901016,1947,4,sibling_roster
925195,1939,6,graduate
925195,1927,1,sibling_roster
925195,1927,2,sibling_roster
925195,1929,3,sibling_roster
925195,1931,4,sibling_roster
925195,1935,5,sibling_roster
925195,1939,6,sibling_roster
933769,1940,1,sibling_roster
933769,1941,2,sibling_roster
933769,1943,3,sibling_roster
933769,1945,4,sibling_roster
933769,1946,5,sibling_roster
933769,1948,6,sibling_roster
933769,1953,7,sibling_roster
933769,1954,8,sibling_roster
919030,1938,2,graduate
919030,1936,1,sibling_roster
919030,1938,2,sibling_roster
919030,1941,3,sibling_roster
919030,1947,4,sibling_roster
919030,1949,5,sibling_roster
901756,1939,4,graduate
901756,1927,1,sibling_roster
901756,1929,2,sibling_roster
901756,1933,3,sibling_roster
901756,1940,4,sibling_roster
901756,1945,5,sibling_roster
908915,1939,5,graduate
908915,1935,2,sibling_roster
908915,1935,3,sibling_roster
908915,1939,4,sibling_roster
908915,1939,5,sibling_roster
908915,1950,7,sibling_roster
910717,1939,2,graduate
910717,1940,1,sibling_roster
910717,1945,2,sibling_roster
910717,1952,3,sibling_roster
910717,1955,4,sibling_roster
919729,1939,1,sibling_roster
919729,1943,2,sibling_roster
919729,1952,3,sibling_roster
910448,1940,1,sibling_roster
910448,1941,2,sibling_roster
910448,1946,3,sibling_roster
910448,1950,4,sibling_roster
901254,1939,1,sibling_roster
901254,1941,2,sibling_roster
901254,1942,3,sibling_roster
901254,1952,4,sibling_roster
919496,1939,2,graduate
919496,1939,1,sibling_roster
919496,1940,2,sibling_roster
919496,1954,3,sibling_roster
933310,1939,2,graduate
933310,1934,1,sibling_roster
933310,1939,2,sibling_roster
933310,1950,3,sibling_roster
907729,1940,1,sibling_roster
907729,1942,2,sibling_roster
907729,1945,3,sibling_roster
907729,1945,4,sibling_roster
907729,1949,5,sibling_roster
927771,1938,5,graduate
927771,1927,1,sibling_roster
927771,1929,2,sibling_roster
927771,1933,3,sibling_roster
927771,1939,4,sibling_roster
927771,1941,5,sibling_roster
927771,1942,6,sibling_roster
927771,1945,7,sibling_roster
927771,1954,8,sibling_roster
900610,1938,4,graduate
921126,1939,2,graduate
921126,1937,1,sibling_roster
921126,1940,2,sibling_roster
921126,1949,3,sibling_roster
921126,1955,4,sibling_roster
904066,1939,2,graduate
904066,1926,1,sibling_roster
904066,1939,2,sibling_roster
929003,1938,1,sibling_roster
929003,1939,2,sibling_roster
929003,1943,3,sibling_roster
929003,1948,4,sibling_roster
929003,1953,5,sibling_roster
929003,1957,6,sibling_roster
929003,1960,7,sibling_roster
931049,1938,7,graduate
931049,1920,1,sibling_roster
931049,1922,2,sibling_roster
931049,1925,3,sibling_roster
931049,1930,4,sibling_roster
931049,1933,5,sibling_roster
931049,1939,6,sibling_roster
931049,1940,7,sibling_roster
930757,1940,1,sibling_roster
933627,1940,1,sibling_roster
933627,1941,2,sibling_roster
933627,1943,3,sibling_roster
933627,1945,4,sibling_roster
902860,1939,9,graduate
902860,1917,1,sibling_roster
902860,1918,2,sibling_roster
902860,1920,3,sibling_roster
902860,1922,4,sibling_roster
902860,1924,5,sibling_roster
902860,1927,6,sibling_roster
902860,1931,7,sibling_roster
902860,1936,8,sibling_roster
902860,1940,9,sibling_roster
902860,1942,10,sibling_roster
904612,1938,2,graduate
904612,1937,1,sibling_roster
904612,1938,2,sibling_roster
904612,1939,3,sibling_roster
926303,1939,3,graduate
926303,1936,1,sibling_roster
926303,1938,2,sibling_roster
926303,1939,3,sibling_roster
903050,1939,2,graduate
903050,1937,1,sibling_roster
903050,1940,2,sibling_roster
903050,1943,3,sibling_roster
903050,1950,4,sibling_roster
903050,1952,5,sibling_roster
903050,1954,6,sibling_roster
903050,1960,7,sibling_roster
928561,1939,6,graduate
928561,1927,1,sibling_roster
928561,1929,2,sibling_roster
928561,1931,3,sibling_roster
928561,1933,4,sibling_roster
928561,1937,5,sibling_roster
928561,1939,6,sibling_roster
928561,1944,7,sibling_roster
901665,1939,1,sibling_roster
901665,1944,2,sibling_roster
901665,1954,3,sibling_roster
901665,1958,4,sibling_roster
929131,1938,1,sibling_roster
929131,1939,2,sibling_roster
929131,1942,3,sibling_roster
929131,1948,4,sibling_roster
929131,1951,5,sibling_roster
929131,1951,6,sibling_roster
929131,1956,7,sibling_roster
911528,1939,5,graduate
911528,1930,1,sibling_roster
911528,1930,2,sibling_roster
911528,1936,3,sibling_roster
911528,1939,4,sibling_roster
911528,1940,5,sibling_roster
911528,1942,6,sibling_roster
911528,1945,7,sibling_roster
911528,1949,8,sibling_roster
912238,1938,1,sibling_roster
912238,1947,2,sibling_roster
912238,1952,3,sibling_roster
908181,1938,11,graduate
908181,1914,1,sibling_roster
908181,1925,2,sibling_roster
908181,1929,3,sibling_roster
908181,1930,4,sibling_roster
908181,1932,5,sibling_roster
908181,1933,6,sibling_roster
908181,1934,7,sibling_roster
908181,1936,8,sibling_roster
908181,1927,10,sibling_roster
908181,1939,11,sibling_roster
908181,1940,12,sibling_roster
911584,1939,3,graduate
911584,1937,1,sibling_roster
911584,1940,2,sibling_roster
911584,1944,3,sibling_roster
911845,1939,4,graduate
911845,1930,1,sibling_roster
911845,1932,2,sibling_roster
911845,1934,3,sibling_roster
911845,1940,4,sibling_roster
930406,1940,1,sibling_roster
914862,1939,6,graduate
914862,1929,1,sibling_roster
914862,1930,2,sibling_roster
914862,1933,3,sibling_roster
914862,1935,4,sibling_roster
914862,1936,5,sibling_roster
914862,1939,6,sibling_roster
914862,1940,7,sibling_roster
914862,1942,8,sibling_roster
914862,1945,9,sibling_roster
924164,1939,7,graduate
924164,1926,1,sibling_roster
924164,1928,2,sibling_roster
924164,1931,3,sibling_roster
924164,1932,4,sibling_roster
924164,1933,5,sibling_roster
924164,1936,6,sibling_roster
924164,1939,7,sibling_roster
924164,1941,8,sibling_roster
924164,1946,9,sibling_roster
911123,1939,1,sibling_roster
911123,1941,2,sibling_roster
911123,1942,3,sibling_roster
911123,1942,4,sibling_roster
911123,1945,5,sibling_roster
911123,1947,6,sibling_roster
911123,1949,7,sibling_roster
911123,1953,8,sibling_roster
911123,1954,9,sibling_roster
928581,1939,3,graduate
928581,1931,1,sibling_roster
928581,1936,2,sibling_roster
928581,1940,3,sibling_roster
924012,1938,1,sibling_roster
924012,1940,2,sibling_roster
924012,1942,3,sibling_roster
916786,1939,2,graduate
916786,1935,1,sibling_roster
916786,1939,2,sibling_roster
916786,1940,3,sibling_roster
916786,1945,4,sibling_roster
916786,1950,5,sibling_roster
916786,1950,6,sibling_roster
903870,1939,5,graduate
903870,1933,1,sibling_roster
903870,1935,2,sibling_roster
903870,1937,3,sibling_roster
903870,1939,4,sibling_roster
903870,1941,5,sibling_roster
903870,1945,6,sibling_roster
903870,1947,7,sibling_roster
903870,1950,8,sibling_roster
901059,1939,3,graduate
901059,1932,1,sibling_roster
901059,1935,2,sibling_roster
901059,1940,3,sibling_roster
901059,1945,4,sibling_roster
907182,1939,3,graduate
907182,1936,1,sibling_roster
907182,1937,2,sibling_roster
907182,1939,3,sibling_roster
900991,1939,1,sibling_roster
900991,1943,2,sibling_roster
900991,1946,3,sibling_roster
900991,1952,4,sibling_roster
900991,1954,5,sibling_roster
900991,1955,6,sibling_roster
906342,1940,11,graduate
909089,1938,5,graduate
909089,1922,1,sibling_roster
909089,1924,2,sibling_roster
909089,1925,3,sibling_roster
909089,1928,4,sibling_roster
909089,1939,5,sibling_roster
909089,1941,6,sibling_roster
909089,1945,7,sibling_roster
909089,1947,8,sibling_roster
902244,1939,2,graduate
918825,1940,1,sibling_roster
918825,1948,2,sibling_roster
915975,1939,2,graduate
915975,1934,1,sibling_roster
915975,1939,2,sibling_roster
915975,1942,3,sibling_roster
909592,1939,7,graduate
909592,1920,1,sibling_roster
909592,1921,2,sibling_roster
909592,1923,3,sibling_roster
909592,1926,4,sibling_roster
909592,1928,5,sibling_roster
909592,1939,6,sibling_roster
909315,1938,1,sibling_roster
909315,1939,2,sibling_roster
909315,1945,3,sibling_roster
909315,1948,4,sibling_roster
909315,1959,5,sibling_roster
932379,1939,1,sibling_roster
932379,1945,2,sibling_roster
926726,1939,5,graduate
926726,1939,1,sibling_roster
926726,1940,2,sibling_roster
926726,1945,3,sibling_roster
926726,1946,4,sibling_roster
926726,1949,5,sibling_roster
926726,1950,6,sibling_roster
926726,1953,7,sibling_roster
926310,1939,2,graduate
926310,1937,1,sibling_roster
926310,1940,2,sibling_roster
905431,1939,2,graduate
924607,1939,2,graduate
924698,1939,1,sibling_roster
924698,1940,2,sibling_roster
924698,1946,3,sibling_roster
924698,1948,4,sibling_roster
924698,1951,5,sibling_roster
924698,1952,6,sibling_roster
924698,1959,7,sibling_roster
924698,1963,8,sibling_roster
930521,1939,2,graduate
914236,1939,1,sibling_roster
914236,1948,2,sibling_roster
930986,1940,1,sibling_roster
930986,1944,2,sibling_roster
930986,1955,3,sibling_roster
910927,1939,3,graduate
925108,1939,1,sibling_roster
932244,1939,3,graduate
932244,1933,1,sibling_roster
932244,1937,2,sibling_roster
932244,1939,3,sibling_roster
915724,1939,2,graduate
915724,1938,1,sibling_roster
915724,1940,2,sibling_roster
914502,1939,1,sibling_roster
914502,1942,2,sibling_roster
914502,1943,3,sibling_roster
914502,1944,4,sibling_roster
913007,1939,3,graduate
913007,1936,1,sibling_roster
913007,1938,2,sibling_roster
913007,1940,3,sibling_roster
913007,1947,4,sibling_roster
914440,1939,2,graduate
914440,1937,1,sibling_roster
914440,1939,2,sibling_roster
914440,1962,3,sibling_roster
933847,1940,1,sibling_roster
933847,1947,2,sibling_roster
914554,1939,2,graduate
914554,1935,1,sibling_roster
914554,1939,2,sibling_roster
906784,1939,2,graduate
906784,1939,1,sibling_roster
906784,1940,2,sibling_roster
906784,1948,3,sibling_roster
904418,1940,1,sibling_roster
914614,1940,2,graduate
914614,1937,1,sibling_roster
914614,1940,2,sibling_roster
927230,1940,1,sibling_roster
927230,1942,2,sibling_roster
927230,1947,3,sibling_roster
927230,1955,4,sibling_roster
908714,1939,3,graduate
928297,1939,1,sibling_roster
928297,1940,2,sibling_roster
928297,1941,3,sibling_roster
928297,1945,4,sibling_roster
928297,1948,5,sibling_roster
928297,1948,6,sibling_roster
928297,1952,7,sibling_roster
928297,1953,8,sibling_roster
928297,1955,9,sibling_roster
931666,1938,5,graduate
931666,1924,1,sibling_roster
931666,1925,2,sibling_roster
931666,1926,3,sibling_roster
931666,1938,4,sibling_roster
931666,1939,5,sibling_roster
923188,1939,3,graduate
923188,1932,1,sibling_roster
923188,1939,2,sibling_roster
923188,1946,3,sibling_roster
902081,1939,2,graduate
902081,1938,1,sibling_roster
902081,1939,2,sibling_roster
902081,1941,3,sibling_roster
902081,1943,4,sibling_roster
902081,1945,5,sibling_roster
902081,1948,6,sibling_roster
923929,1939,2,graduate
923929,1938,1,sibling_roster
923929,1940,2,sibling_roster
923929,1942,3,sibling_roster
925686,1939,6,graduate
925686,1930,1,sibling_roster
925686,1930,2,sibling_roster
925686,1932,3,sibling_roster
925686,1933,4,sibling_roster
925686,1934,5,sibling_roster
925686,1940,6,sibling_roster
925686,1943,7,sibling_roster
917903,1939,2,graduate
917903,1937,1,sibling_roster
917903,1939,2,sibling_roster
917903,1944,3,sibling_roster
917903,1946,4,sibling_roster
917903,1946,5,sibling_roster
917903,1950,6,sibling_roster
917903,1953,7,sibling_roster
917903,1956,8,sibling_roster
916180,1939,1,sibling_roster
916180,1942,2,sibling_roster
916180,1949,3,sibling_roster
916180,1950,4,sibling_roster
916180,1953,5,sibling_roster
916981,1939,2,graduate
916981,1938,1,sibling_roster
916981,1940,2,sibling_roster
916981,1945,3,sibling_roster
916981,1946,4,sibling_roster
903194,1939,3,graduate
903194,1930,1,sibling_roster
903194,1933,2,sibling_roster
903194,1939,3,sibling_roster
903194,1944,4,sibling_roster
903194,1950,5,sibling_roster
902359,1939,5,graduate
907214,1939,1,sibling_roster
907214,1941,2,sibling_roster
907214,1947,3,sibling_roster
907214,1953,4,sibling_roster
907214,1954,5,sibling_roster
907214,1958,6,sibling_roster
907214,1964,7,sibling_roster
924892,1940,1,sibling_roster
924892,1943,2,sibling_roster
924892,1955,3,sibling_roster
932839,1940,3,graduate
932839,1928,1,sibling_roster
932839,1935,2,sibling_roster
932839,1940,3,sibling_roster
932839,1940,4,sibling_roster
932839,1942,5,sibling_roster
932839,1949,6,sibling_roster
916910,1939,2,graduate
916910,1934,1,sibling_roster
916910,1939,2,sibling_roster
916910,1944,3,sibling_roster
919910,1940,1,sibling_roster
919910,1942,2,sibling_roster
919910,1950,3,sibling_roster
919910,1951,4,sibling_roster
907117,1939,2,graduate
907117,1936,1,sibling_roster
907117,1940,2,sibling_roster
913461,1940,2,graduate
913461,1936,1,sibling_roster
913461,1940,2,sibling_roster
908195,1939,2,graduate
908195,1937,1,sibling_roster
908195,1939,2,sibling_roster
908195,1944,3,sibling_roster
908195,1949,4,sibling_roster
908195,1957,5,sibling_roster
906207,1940,1,sibling_roster
913960,1939,2,graduate
913960,1934,1,sibling_roster
913960,1939,2,sibling_roster
913960,1941,3,sibling_roster
913960,1944,4,sibling_roster
909278,1939,2,graduate
909278,1934,1,sibling_roster
909278,1939,2,sibling_roster
926561,1940,1,sibling_roster
926561,1942,2,sibling_roster
926561,1953,3,sibling_roster
904226,1940,1,sibling_roster
919855,1939,3,graduate
919855,1938,1,sibling_roster
919855,1938,2,sibling_roster
919855,1940,3,sibling_roster
930485,1939,1,sibling_roster
903444,1939,2,graduate
900728,1940,1,sibling_roster
900728,1941,2,sibling_roster
906016,1939,2,graduate
906016,1938,1,sibling_roster
906016,1939,2,sibling_roster
906016,1946,3,sibling_roster
901636,1939,1,sibling_roster
901636,1943,2,sibling_roster
901636,1947,3,sibling_roster
901636,1951,4,sibling_roster
925337,1939,4,graduate
922711,1939,4,graduate
922711,1930,1,sibling_roster
922711,1934,2,sibling_roster
922711,1936,3,sibling_roster
922711,1939,4,sibling_roster
917309,1940,1,sibling_roster
917309,1945,2,sibling_roster
917309,1953,3,sibling_roster
917731,1939,3,graduate
924820,1939,2,graduate
920671,1939,3,graduate
920671,1934,1,sibling_roster
920671,1936,2,sibling_roster
920671,1939,3,sibling_roster
920671,1940,4,sibling_roster
920671,1942,5,sibling_roster
920671,1944,6,sibling_roster
920671,1947,7,sibling_roster
920671,1952,8,sibling_roster
907211,1939,1,sibling_roster
923233,1938,5,graduate
923233,1925,1,sibling_roster
923233,1926,2,sibling_roster
923233,1929,3,sibling_roster
923233,1934,4,sibling_roster
923233,1938,5,sibling_roster
910369,1939,2,graduate
903114,1939,3,graduate
903114,1935,1,sibling_roster
903114,1937,2,sibling_roster
903114,1940,3,sibling_roster
920406,1939,3,graduate
913479,1939,2,graduate
913479,1937,1,sibling_roster
913479,1939,2,sibling_roster
932085,1940,1,sibling_roster
932085,1944,2,sibling_roster
932085,1948,3,sibling_roster
900812,1939,2,graduate
900812,1936,1,sibling_roster
900812,1939,2,sibling_roster
900812,1941,3,sibling_roster
900812,1944,4,sibling_roster
917015,1939,2,graduate
917015,1935,1,sibling_roster
917015,1940,2,sibling_roster
917015,1944,3,sibling_roster
917015,1946,4,sibling_roster
910706,1939,2,graduate
908560,1939,4,graduate
908560,1930,1,sibling_roster
908560,1932,2,sibling_roster
908560,1934,3,sibling_roster
908560,1939,4,sibling_roster
903142,1939,3,graduate
903142,1933,1,sibling_roster
903142,1935,2,sibling_roster
903142,1939,3,sibling_roster
902399,1939,1,sibling_roster
902399,1940,2,sibling_roster
902399,1942,3,sibling_roster
902399,1945,4,sibling_roster
902399,1951,5,sibling_roster
905367,1940,1,sibling_roster
905367,1941,2,sibling_roster
905367,1943,3,sibling_roster
905367,1945,4,sibling_roster
905367,1950,5,sibling_roster
901498,1939,1,sibling_roster
915152,1938,4,graduate
915152,1902,1,sibling_roster
915152,1934,2,sibling_roster
915152,1935,3,sibling_roster
915152,1938,4,sibling_roster
915152,1942,5,sibling_roster
915152,1944,6,sibling_roster
915152,1950,7,sibling_roster
915152,1960,8,sibling_roster
915152,1962,9,sibling_roster
915657,1939,1,sibling_roster
915657,1946,2,sibling_roster
928858,1938,2,graduate
928858,1935,1,sibling_roster
928858,1938,2,sibling_roster
914702,1940,1,sibling_roster
910592,1940,1,sibling_roster
910592,1942,2,sibling_roster
908705,1939,4,graduate
908705,1925,1,sibling_roster
908705,1928,2,sibling_roster
908705,1931,3,sibling_roster
908705,1940,4,sibling_roster
909787,1939,2,graduate
909787,1940,1,sibling_roster
909787,1942,2,sibling_roster
909787,1946,3,sibling_roster
909787,1952,4,sibling_roster
931265,1939,4,graduate
931265,1932,1,sibling_roster
931265,1934,2,sibling_roster
931265,1934,3,sibling_roster
931265,1940,4,sibling_roster
931265,1945,5,sibling_roster
931265,1947,6,sibling_roster
900115,1939,1,sibling_roster
900115,1941,2,sibling_roster
900115,1946,3,sibling_roster
900115,1948,4,sibling_roster
900115,1950,5,sibling_roster
902465,1940,1,sibling_roster
902465,1946,2,sibling_roster
930915,1939,2,graduate
930915,1937,1,sibling_roster
930915,1939,2,sibling_roster
930915,1941,3,sibling_roster
931926,1939,3,graduate
931926,1933,1,sibling_roster
931926,1936,2,sibling_roster
931926,1939,3,sibling_roster
903195,1939,2,graduate
903195,1937,1,sibling_roster
903195,1940,2,sibling_roster
903195,1944,3,sibling_roster
903195,1949,4,sibling_roster
903195,1954,5,sibling_roster
903195,1956,6,sibling_roster
908342,1940,1,sibling_roster
908342,1944,2,sibling_roster
908342,1954,3,sibling_roster
925303,1940,1,sibling_roster
925303,1941,2,sibling_roster
923670,1939,4,graduate
923670,1929,1,sibling_roster
923670,1935,2,sibling_roster
923670,1938,3,sibling_roster
923670,1940,4,sibling_roster
923670,1943,5,sibling_roster
905087,1937,3,graduate
905087,1932,1,sibling_roster
905087,1935,2,sibling_roster
905087,1938,3,sibling_roster
905087,1940,4,sibling_roster
905087,1948,5,sibling_roster
906206,1939,3,graduate
906206,1930,1,sibling_roster
906206,1937,2,sibling_roster
906206,1937,3,sibling_roster
906206,1939,4,sibling_roster
931187,1939,3,graduate
901705,1940,1,sibling_roster
901705,1943,2,sibling_roster
901705,1951,3,sibling_roster
909006,1940,1,sibling_roster
909006,1949,2,sibling_roster
909006,1956,3,sibling_roster
930921,1940,1,sibling_roster
930921,1942,2,sibling_roster
928619,1939,1,sibling_roster
928619,1946,2,sibling_roster
928619,1950,3,sibling_roster
905934,1938,4,graduate
905934,1933,1,sibling_roster
905934,1934,2,sibling_roster
905934,1935,3,sibling_roster
905934,1939,4,sibling_roster
905934,1942,5,sibling_roster
916991,1939,1,sibling_roster
916991,1942,2,sibling_roster
916991,1952,3,sibling_roster
915784,1939,1,sibling_roster
915784,1944,2,sibling_roster
915784,1946,3,sibling_roster
915784,1951,4,sibling_roster
922507,1939,2,graduate
922507,1933,1,sibling_roster
922507,1939,2,sibling_roster
922507,1942,3,sibling_roster
922507,1947,4,sibling_roster
922507,1950,5,sibling_roster
933783,1939,2,graduate
933783,1940,1,sibling_roster
933783,1941,2,sibling_roster
933783,1945,3,sibling_roster
933783,1947,4,sibling_roster
933783,1951,5,sibling_roster
902489,1940,3,graduate
902489,1936,1,sibling_roster
902489,1938,2,sibling_roster
902489,1941,3,sibling_roster
902489,1944,4,sibling_roster
933031,1940,1,sibling_roster
929897,1939,5,graduate
929897,1898,1,sibling_roster
929897,1924,2,sibling_roster
929897,1933,3,sibling_roster
929897,1939,4,sibling_roster
902723,1939,2,graduate
931775,1939,2,graduate
917699,1940,1,sibling_roster
917699,1944,2,sibling_roster
917843,1939,2,graduate
917843,1937,1,sibling_roster
917843,1939,2,sibling_roster
917843,1941,3,sibling_roster
917843,1946,4,sibling_roster
902806,1939,4,graduate
902806,1934,1,sibling_roster
902806,1936,2,sibling_roster
902806,1938,3,sibling_roster
902806,1940,4,sibling_roster
922440,1939,3,graduate
922440,1929,1,sibling_roster
922440,1930,2,sibling_roster
922440,1940,3,sibling_roster
900804,1940,1,sibling_roster
900804,1941,2,sibling_roster
900804,1943,3,sibling_roster
924183,1939,2,graduate
924183,1936,1,sibling_roster
924183,1939,2,sibling_roster
924183,1940,3,sibling_roster
924183,1941,4,sibling_roster
924183,1945,5,sibling_roster
924183,1952,6,sibling_roster
924183,1956,7,sibling_roster
913513,1940,1,sibling_roster
920511,1938,2,graduate
920511,1936,1,sibling_roster
920511,1939,2,sibling_roster
920511,1940,3,sibling_roster
920511,1942,4,sibling_roster
917424,1939,2,graduate
928184,1940,1,sibling_roster
928184,1950,2,sibling_roster
928184,1952,3,sibling_roster
921548,1939,2,graduate
927464,1940,1,sibling_roster
927464,1942,2,sibling_roster
927464,1947,3,sibling_roster
927464,1949,4,sibling_roster
927464,1953,5,sibling_roster
900404,1940,2,graduate
925054,1940,1,sibling_roster
925054,1942,2,sibling_roster
925054,1943,3,sibling_roster
925054,1944,4,sibling_roster
925054,1954,5,sibling_roster
909623,1939,3,graduate
909623,1937,1,sibling_roster
909623,1938,2,sibling_roster
909623,1940,3,sibling_roster
909623,1942,4,sibling_roster
909623,1946,5,sibling_roster
927589,1939,2,graduate
907321,1939,2,graduate
922818,1938,1,sibling_roster
922818,1940,2,sibling_roster
922818,1944,3,sibling_roster
922818,1949,4,sibling_roster
922818,1957,5,sibling_roster
919242,1939,1,sibling_roster
919242,1941,2,sibling_roster
919242,1947,3,sibling_roster
931964,1939,7,graduate
931964,1918,1,sibling_roster
931964,1920,2,sibling_roster
931964,1923,3,sibling_roster
931964,1925,4,sibling_roster
931964,1930,5,sibling_roster
931964,1936,6,sibling_roster
931964,1939,7,sibling_roster
905306,1940,5,graduate
905306,1923,1,sibling_roster
905306,1925,2,sibling_roster
905306,1930,3,sibling_roster
905306,1930,4,sibling_roster
905306,1940,5,sibling_roster
925616,1939,2,graduate
901379,1940,1,sibling_roster
901379,1943,2,sibling_roster
901379,1947,3,sibling_roster
901100,1940,1,sibling_roster
901100,1941,2,sibling_roster
901100,1943,3,sibling_roster
901100,1947,4,sibling_roster
915037,1939,2,graduate
915037,1932,1,sibling_roster
915037,1940,2,sibling_roster
904712,1940,1,sibling_roster
904712,1940,2,sibling_roster
904712,1942,3,sibling_roster
904712,1943,4,sibling_roster
904712,1945,5,sibling_roster
904712,1947,6,sibling_roster
904712,1948,7,sibling_roster
904712,1949,8,sibling_roster
904712,1951,9,sibling_roster
904712,1954,10,sibling_roster
904712,1955,11,sibling_roster
917042,1940,1,sibling_roster
917042,1947,2,sibling_roster
912901,1939,1,sibling_roster
912901,1945,2,sibling_roster
912901,1960,3,sibling_roster
918398,1940,1,sibling_roster
918398,1943,2,sibling_roster
918398,1945,3,sibling_roster
918398,1948,4,sibling_roster
918398,1953,5,sibling_roster
918398,1955,6,sibling_roster
927027,1938,5,graduate
928804,1939,6,graduate
928804,1931,1,sibling_roster
928804,1932,2,sibling_roster
928804,1934,3,sibling_roster
928804,1936,4,sibling_roster
928804,1938,5,sibling_roster
928804,1940,6,sibling_roster
928804,1941,7,sibling_roster
928804,1942,8,sibling_roster
928804,1945,9,sibling_roster
928804,1947,10,sibling_roster
906281,1939,1,sibling_roster
921851,1939,7,graduate
927342,1939,2,graduate
927342,1936,1,sibling_roster
927342,1940,2,sibling_roster
911753,1938,5,graduate
911753,1935,1,sibling_roster
911753,1936,2,sibling_roster
911753,1937,3,sibling_roster
911753,1938,4,sibling_roster
911753,1939,5,sibling_roster
911753,1940,6,sibling_roster
911753,1944,7,sibling_roster
915616,1939,1,sibling_roster
915616,1942,2,sibling_roster
915616,1944,3,sibling_roster
902381,1939,1,sibling_roster
902381,1945,2,sibling_roster
902381,1956,3,sibling_roster
902381,1960,4,sibling_roster
927107,1939,4,graduate
927107,1927,1,sibling_roster
927107,1931,2,sibling_roster
927107,1935,3,sibling_roster
927107,1939,4,sibling_roster
927107,1948,5,sibling_roster
924365,1939,3,graduate
924365,1936,1,sibling_roster
924365,1938,2,sibling_roster
924365,1940,3,sibling_roster
904905,1939,2,graduate
904905,1940,1,sibling_roster
904905,1944,2,sibling_roster
904905,1949,3,sibling_roster
904905,1951,4,sibling_roster
904905,1953,5,sibling_roster
920105,1938,2,graduate
920105,1937,1,sibling_roster
920105,1939,2,sibling_roster
920105,1942,3,sibling_roster
910837,1939,2,graduate
910837,1938,1,sibling_roster
910837,1940,2,sibling_roster
910837,1945,3,sibling_roster
926677,1939,4,graduate
926677,1935,1,sibling_roster
926677,1937,2,sibling_roster
926677,1938,3,sibling_roster
926677,1940,4,sibling_roster
926677,1940,5,sibling_roster
926677,1946,6,sibling_roster
926677,1951,7,sibling_roster
921671,1940,2,graduate
921671,1938,1,sibling_roster
921671,1941,2,sibling_roster
921671,1944,3,sibling_roster
919263,1939,3,graduate
919263,1935,1,sibling_roster
919263,1938,2,sibling_roster
919263,1940,3,sibling_roster
919263,1944,4,sibling_roster
919263,1945,5,sibling_roster
919263,1949,6,sibling_roster
919263,1951,7,sibling_roster
926980,1939,5,graduate
926980,1929,1,sibling_roster
926980,1931,2,sibling_roster
926980,1933,3,sibling_roster
926980,1935,4,sibling_roster
926980,1940,5,sibling_roster
926980,1946,6,sibling_roster
925173,1939,1,sibling_roster
925173,1940,2,sibling_roster
925173,1941,3,sibling_roster
925173,1944,4,sibling_roster
925173,1948,5,sibling_roster
925173,1949,6,sibling_roster
925173,1951,7,sibling_roster
925173,1953,8,sibling_roster
910880,1939,2,graduate
910880,1938,1,sibling_roster
910880,1940,2,sibling_roster
910880,1949,3,sibling_roster
910880,1954,4,sibling_roster
926239,1936,1,sibling_roster
926239,1939,2,sibling_roster
926239,1952,3,sibling_roster
926239,1954,4,sibling_roster
909973,1939,1,sibling_roster
909973,1942,2,sibling_roster
901944,1939,2,graduate
901944,1938,1,sibling_roster
901944,1940,2,sibling_roster
901944,1941,3,sibling_roster
901944,1944,4,sibling_roster
918917,1940,2,graduate
931716,1939,1,sibling_roster
931716,1944,2,sibling_roster
931716,1949,3,sibling_roster
916691,1939,2,graduate
916691,1935,1,sibling_roster
916691,1940,2,sibling_roster
901136,1938,5,graduate
901136,1933,1,sibling_roster
901136,1934,2,sibling_roster
901136,1936,3,sibling_roster
901136,1937,4,sibling_roster
901136,1939,5,sibling_roster
901136,1941,6,sibling_roster
907008,1940,1,sibling_roster
907008,1943,2,sibling_roster
908992,1939,4,graduate
908992,1925,1,sibling_roster
908992,1928,2,sibling_roster
908992,1940,3,sibling_roster
918676,1938,4,graduate
923794,1937,1,sibling_roster
923794,1939,2,sibling_roster
932737,1939,3,graduate
932737,1938,1,sibling_roster
932737,1939,2,sibling_roster
932737,1940,3,sibling_roster
932737,1941,4,sibling_roster
932737,1947,5,sibling_roster
925829,1939,4,graduate
925829,1936,1,sibling_roster
925829,1937,2,sibling_roster
925829,1940,3,sibling_roster
925829,1941,4,sibling_roster
925829,1942,5,sibling_roster
925829,1944,6,sibling_roster
922096,1939,9,graduate
922096,1915,1,sibling_roster
922096,1926,2,sibling_roster
922096,1929,3,sibling_roster
922096,1930,4,sibling_roster
922096,1930,5,sibling_roster
922096,1932,6,sibling_roster
922096,1935,7,sibling_roster
922096,1936,8,sibling_roster
922096,1940,9,sibling_roster
922096,1947,10,sibling_roster
908665,1939,1,sibling_roster
908665,1944,2,sibling_roster
908665,1949,3,sibling_roster
908665,1956,4,sibling_roster
929912,1939,6,graduate
929912,1933,1,sibling_roster
929912,1934,2,sibling_roster
929912,1936,3,sibling_roster
929912,1937,4,sibling_roster
929912,1938,5,sibling_roster
929912,1940,6,sibling_roster
929912,1941,7,sibling_roster
929912,1955,8,sibling_roster
928919,1939,2,graduate
928919,1937,1,sibling_roster
928919,1939,2,sibling_roster
928919,1950,3,sibling_roster
928919,1958,4,sibling_roster
915320,1939,1,sibling_roster
903066,1939,2,graduate
903066,1937,1,sibling_roster
903066,1940,2,sibling_roster
903066,1944,3,sibling_roster
904798,1940,1,sibling_roster
904798,1945,2,sibling_roster
909950,1939,7,graduate
909950,1924,1,sibling_roster
909950,1925,2,sibling_roster
909950,1926,3,sibling_roster
909950,1929,4,sibling_roster
909950,1931,5,sibling_roster
909950,1936,6,sibling_roster
909950,1939,7,sibling_roster
909950,1941,8,sibling_roster
909950,1945,9,sibling_roster
931805,1940,1,sibling_roster
931805,1945,2,sibling_roster
917702,1940,1,sibling_roster
916548,1939,3,graduate
916548,1925,1,sibling_roster
916548,1926,2,sibling_roster
916548,1939,3,sibling_roster
916548,1941,4,sibling_roster
930846,1939,2,graduate
930846,1938,1,sibling_roster
930846,1940,2,sibling_roster
930846,1940,3,sibling_roster
930846,1945,4,sibling_roster
900835,1939,4,graduate
900835,1936,1,sibling_roster
900835,1937,2,sibling_roster
900835,1939,3,sibling_roster
900835,1940,4,sibling_roster
919475,1938,2,graduate
919475,1938,1,sibling_roster
919475,1939,2,sibling_roster
919475,1942,3,sibling_roster
932514,1939,2,graduate
932514,1936,1,sibling_roster
932514,1939,2,sibling_roster
910884,1939,2,graduate
914475,1939,1,sibling_roster
914475,1941,2,sibling_roster
914475,1947,3,sibling_roster
914475,1955,4,sibling_roster
913618,1939,6,graduate
913618,1917,1,sibling_roster
913618,1929,2,sibling_roster
913618,1932,3,sibling_roster
913618,1934,4,sibling_roster
913618,1939,5,sibling_roster
923308,1939,5,graduate
923308,1925,1,sibling_roster
923308,1928,2,sibling_roster
923308,1934,3,sibling_roster
923308,1936,4,sibling_roster
923308,1939,5,sibling_roster
927674,1940,1,sibling_roster
927674,1941,2,sibling_roster
927674,1945,3,sibling_roster
916853,1938,2,graduate
916853,1927,1,sibling_roster
916853,1938,2,sibling_roster
903751,1939,3,graduate
903751,1933,1,sibling_roster
903751,1936,2,sibling_roster
903751,1939,3,sibling_roster
904535,1937,3,graduate
904535,1935,1,sibling_roster
904535,1937,2,sibling_roster
904535,1938,3,sibling_roster
904535,1941,4,sibling_roster
904535,1945,5,sibling_roster
904535,1949,6,sibling_roster
904535,1954,7,sibling_roster
928101,1939,2,graduate
914159,1939,2,graduate
914159,1934,1,sibling_roster
914159,1940,2,sibling_roster
929481,1940,1,sibling_roster
929481,1947,2,sibling_roster
929689,1938,9,graduate
921197,1939,2,graduate
921197,1937,1,sibling_roster
921197,1939,2,sibling_roster
921197,1943,3,sibling_roster
901812,1939,3,graduate
901812,1936,1,sibling_roster
901812,1938,2,sibling_roster
901812,1940,3,sibling_roster
901812,1943,4,sibling_roster
902146,1939,1,sibling_roster
902146,1941,2,sibling_roster
902146,1948,3,sibling_roster
902146,1948,4,sibling_roster
928680,1938,4,graduate
928680,1927,1,sibling_roster
928680,1933,2,sibling_roster
928680,1936,3,sibling_roster
928680,1938,4,sibling_roster
914513,1939,4,graduate
917435,1938,4,graduate
917435,1918,1,sibling_roster
917435,1923,2,sibling_roster
917435,1932,3,sibling_roster
917435,1939,4,sibling_roster
923589,1939,11,graduate
923589,1923,1,sibling_roster
923589,1924,2,sibling_roster
923589,1927,3,sibling_roster
923589,1927,4,sibling_roster
923589,1929,5,sibling_roster
923589,1930,6,sibling_roster
923589,1932,7,sibling_roster
923589,1935,8,sibling_roster
923589,1937,9,sibling_roster
923589,1938,10,sibling_roster
923589,1940,11,sibling_roster
928571,1939,2,graduate
910882,1939,1,sibling_roster
910882,1941,2,sibling_roster
910882,1944,3,sibling_roster
931679,1939,5,graduate
931679,1930,1,sibling_roster
931679,1932,2,sibling_roster
931679,1934,3,sibling_roster
931679,1936,4,sibling_roster
931679,1940,5,sibling_roster
909351,1939,5,graduate
909351,1931,1,sibling_roster
909351,1933,2,sibling_roster
909351,1934,3,sibling_roster
909351,1936,4,sibling_roster
909351,1939,5,sibling_roster
909351,1944,6,sibling_roster
921865,1939,1,sibling_roster
921865,1940,2,sibling_roster
921865,1943,3,sibling_roster
921865,1947,4,sibling_roster
908060,1939,1,sibling_roster
908060,1941,2,sibling_roster
908060,1943,3,sibling_roster
908060,1946,4,sibling_roster
908060,1948,5,sibling_roster
908060,1954,6,sibling_roster
926200,1939,3,graduate
926200,1936,1,sibling_roster
926200,1938,2,sibling_roster
926200,1940,3,sibling_roster
926200,1941,4,sibling_roster
926200,1945,5,sibling_roster
926200,1951,6,sibling_roster
926200,1954,7,sibling_roster
909455,1938,4,graduate
909455,1932,1,sibling_roster
909455,1934,2,sibling_roster
909455,1936,3,sibling_roster
909455,1939,4,sibling_roster
922754,1939,7,graduate
922754,1927,1,sibling_roster
922754,1929,2,sibling_roster
922754,1931,3,sibling_roster
922754,1933,4,sibling_roster
922754,1934,5,sibling_roster
922754,1935,6,sibling_roster
922754,1939,7,sibling_roster
922754,1944,8,sibling_roster
907473,1940,1,sibling_roster
907473,1944,2,sibling_roster
907473,1946,3,sibling_roster
928190,1939,1,sibling_roster
928190,1951,2,sibling_roster
928190,1954,3,sibling_roster
926849,1939,6,graduate
926849,1930,1,sibling_roster
926849,1930,2,sibling_roster
926849,1931,3,sibling_roster
926849,1933,4,sibling_roster
926849,1936,5,sibling_roster
926849,1938,6,sibling_roster
926849,1940,7,sibling_roster
926849,1942,8,sibling_roster
926849,1944,9,sibling_roster
926849,1946,10,sibling_roster
926849,1948,11,sibling_roster
913102,1937,5,graduate
913102,1933,1,sibling_roster
913102,1935,2,sibling_roster
913102,1936,3,sibling_roster
913102,1937,4,sibling_roster
913102,1938,5,sibling_roster
913102,1940,6,sibling_roster
907915,1939,2,graduate
907915,1937,1,sibling_roster
907915,1940,2,sibling_roster
907915,1943,3,sibling_roster
903008,1939,1,sibling_roster
903008,1943,2,sibling_roster
903008,1945,3,sibling_roster
903008,1950,4,sibling_roster
903008,1952,5,sibling_roster
906292,1939,2,graduate
906292,1939,1,sibling_roster
906292,1940,2,sibling_roster
906292,1948,3,sibling_roster
906292,1950,4,sibling_roster
916674,1939,1,sibling_roster
916674,1954,2,sibling_roster
909840,1938,2,graduate
909840,1934,1,sibling_roster
909840,1939,2,sibling_roster
909840,1947,3,sibling_roster
927310,1939,2,graduate
927310,1932,1,sibling_roster
927310,1939,2,sibling_roster
918200,1939,1,sibling_roster
918200,1944,2,sibling_roster
918200,1948,3,sibling_roster
931944,1939,6,graduate
931944,1925,2,sibling_roster
931944,1927,3,sibling_roster
931944,1929,4,sibling_roster
931944,1937,5,sibling_roster
931944,1939,6,sibling_roster
931944,1943,7,sibling_roster
900389,1939,2,graduate
900389,1933,1,sibling_roster
900389,1940,2,sibling_roster
925803,1939,6,graduate
925803,1928,1,sibling_roster
925803,1930,2,sibling_roster
925803,1933,3,sibling_roster
925803,1935,4,sibling_roster
925803,1937,5,sibling_roster
925803,1939,6,sibling_roster
925803,1945,7,sibling_roster
916684,1939,7,graduate
916684,1934,1,sibling_roster
916684,1938,3,sibling_roster
916684,1939,4,sibling_roster
916684,1944,5,sibling_roster
916684,1941,10,sibling_roster
910410,1939,4,graduate
910410,1935,1,sibling_roster
910410,1940,2,sibling_roster
910410,1944,3,sibling_roster
928302,1939,2,graduate
928302,1932,1,sibling_roster
928302,1940,2,sibling_roster
919972,1940,1,sibling_roster
919972,1941,2,sibling_roster
919972,1943,3,sibling_roster
919972,1951,4,sibling_roster
919972,1952,5,sibling_roster
929711,1939,5,graduate
929711,1930,1,sibling_roster
929711,1931,2,sibling_roster
929711,1933,3,sibling_roster
929711,1934,4,sibling_roster
929711,1940,5,sibling_roster
929711,1940,6,sibling_roster
929711,1945,7,sibling_roster
929711,1952,8,sibling_roster
931513,1939,6,graduate
931513,1931,1,sibling_roster
931513,1935,2,sibling_roster
931513,1940,3,sibling_roster
931513,1940,4,sibling_roster
931513,1953,5,sibling_roster
922518,1939,3,graduate
902812,1939,3,graduate
902812,1935,1,sibling_roster
902812,1937,2,sibling_roster
902812,1940,3,sibling_roster
902812,1941,4,sibling_roster
902812,1942,5,sibling_roster
901023,1939,2,graduate
924372,1940,1,sibling_roster
924372,1950,2,sibling_roster
910873,1939,2,graduate
910873,1938,1,sibling_roster
910873,1940,2,sibling_roster
910873,1945,3,sibling_roster
910873,1945,4,sibling_roster
910873,1949,5,sibling_roster
901918,1940,2,graduate
901918,1934,1,sibling_roster
901918,1940,2,sibling_roster
922457,1940,1,sibling_roster
922457,1942,2,sibling_roster
922457,1947,3,sibling_roster
910302,1939,2,graduate
929757,1940,1,sibling_roster
929757,1943,2,sibling_roster
911038,1939,2,graduate
911038,1936,1,sibling_roster
911038,1940,2,sibling_roster
911038,1956,3,sibling_roster
906177,1939,1,sibling_roster
915305,1939,1,sibling_roster
915305,1943,2,sibling_roster
915305,1947,3,sibling_roster
915305,1949,4,sibling_roster
917098,1939,2,graduate
930388,1940,1,sibling_roster
930388,1946,2,sibling_roster
930388,1954,3,sibling_roster
901864,1940,1,sibling_roster
901864,1941,2,sibling_roster
901864,1947,3,sibling_roster
931621,1939,1,sibling_roster
931621,1941,2,sibling_roster
931621,1946,3,sibling_roster
928635,1939,5,graduate
928635,1929,1,sibling_roster
928635,1931,2,sibling_roster
928635,1935,3,sibling_roster
928635,1937,4,sibling_roster
928635,1940,5,sibling_roster
930546,1939,3,graduate
930546,1923,1,sibling_roster
930546,1928,2,sibling_roster
930546,1939,3,sibling_roster
908661,1939,4,graduate
908661,1933,1,sibling_roster
908661,1935,2,sibling_roster
908661,1937,3,sibling_roster
908661,1939,4,sibling_roster
908661,1943,5,sibling_roster
908661,1950,6,sibling_roster
933203,1939,4,graduate
933203,1932,1,sibling_roster
933203,1934,2,sibling_roster
933203,1940,3,sibling_roster
924802,1939,4,graduate
933367,1940,1,sibling_roster
933367,1942,2,sibling_roster
921946,1939,2,graduate
921946,1937,1,sibling_roster
921946,1940,2,sibling_roster
921946,1944,3,sibling_roster
921946,1950,4,sibling_roster
927307,1939,4,graduate
911076,1938,3,graduate
911076,1936,1,sibling_roster
911076,1937,2,sibling_roster
911076,1938,3,sibling_roster
911076,1940,4,sibling_roster
911076,1942,5,sibling_roster
911076,1946,6,sibling_roster
911076,1950,7,sibling_roster
928141,1939,4,graduate
928141,1934,1,sibling_roster
928141,1938,2,sibling_roster
928141,1940,3,sibling_roster
928141,1940,4,sibling_roster
932274,1939,1,sibling_roster
908745,1939,3,graduate
908745,1930,1,sibling_roster
908745,1932,2,sibling_roster
908745,1940,3,sibling_roster
915218,1939,2,graduate
915218,1940,1,sibling_roster
915218,1938,4,sibling_roster
915218,1942,5,sibling_roster
915218,1949,6,sibling_roster
915218,1950,7,sibling_roster
933206,1939,2,graduate
915905,1940,1,sibling_roster
915905,1941,2,sibling_roster
908547,1939,5,graduate
907325,1937,2,graduate
907325,1935,1,sibling_roster
907325,1939,2,sibling_roster
907325,1941,3,sibling_roster
907325,1945,4,sibling_roster
922112,1939,1,sibling_roster
922112,1941,2,sibling_roster
922112,1944,3,sibling_roster
922112,1947,4,sibling_roster
922112,1951,5,sibling_roster
903088,1939,1,sibling_roster
903088,1941,2,sibling_roster
917902,1939,2,graduate
917902,1937,1,sibling_roster
917902,1939,2,sibling_roster
917902,1941,3,sibling_roster
917332,1940,1,sibling_roster
911825,1939,3,graduate
911825,1927,1,sibling_roster
911825,1928,2,sibling_roster
911825,1940,3,sibling_roster
913545,1941,1,sibling_roster
913545,1945,2,sibling_roster
907569,1939,5,graduate
907569,1927,1,sibling_roster
907569,1929,2,sibling_roster
907569,1931,3,sibling_roster
907569,1937,4,sibling_roster
907569,1940,5,sibling_roster
927014,1940,1,sibling_roster
927014,1942,2,sibling_roster
927014,1948,3,sibling_roster
903790,1940,1,sibling_roster
903790,1946,2,sibling_roster
911658,1939,2,graduate
911658,1937,1,sibling_roster
911658,1940,2,sibling_roster
911658,1950,3,sibling_roster
905268,1938,4,graduate
905268,1931,1,sibling_roster
905268,1932,2,sibling_roster
905268,1936,3,sibling_roster
905268,1939,4,sibling_roster
929142,1939,1,sibling_roster
929142,1944,2,sibling_roster
923508,1939,4,graduate
905248,1940,1,sibling_roster
905248,1944,2,sibling_roster
921355,1939,4,graduate
915719,1940,4,graduate
915719,1906,1,sibling_roster
915719,1920,2,sibling_roster
915719,1928,3,sibling_roster
915719,1940,4,sibling_roster
915165,1939,3,graduate
915165,1936,1,sibling_roster
915165,1936,2,sibling_roster
915165,1940,3,sibling_roster
915165,1945,4,sibling_roster
911944,1939,1,sibling_roster
915794,1939,2,graduate
915794,1937,1,sibling_roster
915794,1940,2,sibling_roster
922465,1939,3,graduate
924057,1940,1,sibling_roster
924057,1943,2,sibling_roster
924057,1947,3,sibling_roster
924057,1950,4,sibling_roster
924057,1959,5,sibling_roster
921311,1939,2,graduate
921311,1938,1,sibling_roster
921311,1940,2,sibling_roster
921311,1958,3,sibling_roster
929401,1939,2,graduate
929401,1935,1,sibling_roster
929401,1940,2,sibling_roster
903185,1939,7,graduate
903185,1923,1,sibling_roster
903185,1925,2,sibling_roster
903185,1927,3,sibling_roster
903185,1929,4,sibling_roster
903185,1934,5,sibling_roster
903185,1937,6,sibling_roster
903185,1939,7,sibling_roster
903185,1941,8,sibling_roster
910590,1940,1,sibling_roster
910590,1942,2,sibling_roster
905188,1939,8,graduate
905188,1927,1,sibling_roster
905188,1928,2,sibling_roster
905188,1929,3,sibling_roster
905188,1931,4,sibling_roster
905188,1933,5,sibling_roster
905188,1935,6,sibling_roster
905188,1937,7,sibling_roster
905188,1940,8,sibling_roster
905188,1948,9,sibling_roster
905188,1951,10,sibling_roster
913600,1938,2,graduate
911555,1939,3,graduate
911555,1935,1,sibling_roster
911555,1937,2,sibling_roster
911555,1939,3,sibling_roster
911555,1945,4,sibling_roster
911555,1947,5,sibling_roster
911555,1949,6,sibling_roster
914576,1940,1,sibling_roster
914576,1947,2,sibling_roster
914576,1948,3,sibling_roster
914576,1955,4,sibling_roster
914576,1962,5,sibling_roster
930440,1939,4,graduate
930440,1930,1,sibling_roster
930440,1936,2,sibling_roster
930440,1938,3,sibling_roster
930440,1940,4,sibling_roster
930440,1945,5,sibling_roster
909605,1939,4,graduate
909605,1933,1,sibling_roster
909605,1940,2,sibling_roster
909605,1977,3,sibling_roster
933632,1939,2,graduate
933632,1935,1,sibling_roster
933632,1940,2,sibling_roster
930839,1938,3,graduate
930839,1937,1,sibling_roster
930839,1938,2,sibling_roster
930839,1939,3,sibling_roster
930839,1944,4,sibling_roster
903971,1940,1,sibling_roster
903971,1946,2,sibling_roster
929589,1940,1,sibling_roster
925634,1939,2,graduate
925634,1936,1,sibling_roster
925634,1939,2,sibling_roster
931430,1939,3,graduate
931430,1935,1,sibling_roster
931430,1937,2,sibling_roster
931430,1940,3,sibling_roster
908912,1939,3,graduate
908912,1938,1,sibling_roster
908912,1939,2,sibling_roster
908912,1940,3,sibling_roster
908912,1942,4,sibling_roster
908912,1943,5,sibling_roster
920107,1939,4,graduate
920107,1929,1,sibling_roster
920107,1933,2,sibling_roster
920107,1936,3,sibling_roster
920107,1940,4,sibling_roster
909217,1939,1,sibling_roster
909217,1940,2,sibling_roster
909217,1941,3,sibling_roster
909217,1942,4,sibling_roster
909217,1944,5,sibling_roster
909217,1945,6,sibling_roster
914559,1938,2,graduate
914559,1936,1,sibling_roster
914559,1939,2,sibling_roster
914559,1946,3,sibling_roster
912162,1940,1,sibling_roster
905778,1939,1,sibling_roster
905778,1940,2,sibling_roster
907128,1939,2,graduate
907128,1938,1,sibling_roster
907128,1939,2,sibling_roster
907128,1942,3,sibling_roster
907128,1951,4,sibling_roster
915577,1939,4,graduate
915577,1924,3,sibling_roster
915577,1940,4,sibling_roster
902293,1939,8,graduate
902293,1920,1,sibling_roster
902293,1923,2,sibling_roster
902293,1925,3,sibling_roster
902293,1926,4,sibling_roster
902293,1926,5,sibling_roster
902293,1931,6,sibling_roster
902293,1934,7,sibling_roster
902293,1940,8,sibling_roster
901334,1937,4,graduate
901334,1930,1,sibling_roster
901334,1932,2,sibling_roster
901334,1934,3,sibling_roster
901334,1938,4,sibling_roster
901334,1942,5,sibling_roster
901334,1944,6,sibling_roster
901334,1946,7,sibling_roster
901334,1948,8,sibling_roster
921948,1940,1,sibling_roster
921948,1948,2,sibling_roster
929353,1939,3,graduate
929353,1935,1,sibling_roster
929353,1937,2,sibling_roster
929353,1940,3,sibling_roster
929353,1941,4,sibling_roster
929353,1947,5,sibling_roster
929353,1953,6,sibling_roster
929353,1958,7,sibling_roster
930412,1939,4,graduate
930412,1931,1,sibling_roster
930412,1935,2,sibling_roster
930412,1937,3,sibling_roster
930412,1939,4,sibling_roster
919932,1940,2,graduate
919932,1936,1,sibling_roster
919932,1940,2,sibling_roster
932816,1940,1,sibling_roster
932816,1942,2,sibling_roster
932816,1945,3,sibling_roster
926411,1940,1,sibling_roster
926411,1944,2,sibling_roster
926411,1951,3,sibling_roster
929585,1939,7,graduate
929585,1921,1,sibling_roster
929585,1930,2,sibling_roster
929585,1930,3,sibling_roster
929585,1933,4,sibling_roster
929585,1935,5,sibling_roster
929585,1937,6,sibling_roster
929585,1940,7,sibling_roster
927731,1939,2,graduate
927731,1938,1,sibling_roster
927731,1940,2,sibling_roster
927731,1955,3,sibling_roster
917419,1939,3,graduate
920119,1940,1,sibling_roster
920119,1941,2,sibling_roster
920119,1943,3,sibling_roster
920119,1945,4,sibling_roster
920119,1951,5,sibling_roster
918373,1939,4,graduate
918373,1936,1,sibling_roster
918373,1937,2,sibling_roster
918373,1939,3,sibling_roster
918373,1940,4,sibling_roster
905692,1939,3,graduate
905692,1935,1,sibling_roster
905692,1937,2,sibling_roster
905692,1940,3,sibling_roster
905692,1944,4,sibling_roster
905692,1946,5,sibling_roster
905692,1950,6,sibling_roster
912813,1939,3,graduate
912813,1933,1,sibling_roster
912813,1936,2,sibling_roster
912813,1940,3,sibling_roster
912813,1943,4,sibling_roster
912813,1947,6,sibling_roster
928579,1940,1,sibling_roster
928579,1947,2,sibling_roster
913708,1939,3,graduate
913708,1934,1,sibling_roster
913708,1935,2,sibling_roster
913708,1939,3,sibling_roster
913708,1943,4,sibling_roster
913708,1953,5,sibling_roster
913708,1959,6,sibling_roster
914511,1939,2,graduate
914511,1938,1,sibling_roster
914511,1939,2,sibling_roster
914511,1944,3,sibling_roster
914511,1949,4,sibling_roster
909385,1939,5,graduate
920676,1939,2,graduate
903841,1939,2,graduate
903841,1936,1,sibling_roster
903841,1940,2,sibling_roster
903841,1942,3,sibling_roster
926409,1939,3,graduate
926409,1934,1,sibling_roster
926409,1938,2,sibling_roster
926409,1940,3,sibling_roster
926409,1950,4,sibling_roster
903704,1939,3,graduate
921551,1939,2,graduate
921551,1937,1,sibling_roster
921551,1939,2,sibling_roster
921551,1942,3,sibling_roster
921551,1944,4,sibling_roster
921551,1944,5,sibling_roster
921551,1947,6,sibling_roster
921551,1949,7,sibling_roster
921551,1956,8,sibling_roster
921551,1960,9,sibling_roster
921551,1961,10,sibling_roster
905052,1939,3,graduate
905052,1934,1,sibling_roster
905052,1935,2,sibling_roster
905052,1940,3,sibling_roster
905052,1948,4,sibling_roster
905052,1952,5,sibling_roster
920077,1939,2,graduate
920077,1933,1,sibling_roster
920077,1937,2,sibling_roster
920077,1940,3,sibling_roster
913546,1939,4,graduate
913546,1935,1,sibling_roster
913546,1936,2,sibling_roster
913546,1937,3,sibling_roster
913546,1940,4,sibling_roster
913546,1942,5,sibling_roster
913546,1945,6,sibling_roster
913546,1949,7,sibling_roster
913546,1950,8,sibling_roster
916850,1939,2,graduate
907250,1939,2,graduate
907250,1935,1,sibling_roster
907250,1940,2,sibling_roster
908775,1939,1,sibling_roster
931671,1939,6,graduate
927120,1939,1,sibling_roster
927120,1939,2,sibling_roster
927120,1940,3,sibling_roster
927120,1948,4,sibling_roster
927120,1950,5,sibling_roster
927120,1952,6,sibling_roster
927120,1957,7,sibling_roster
932269,1939,2,graduate
929112,1939,3,graduate
929112,1928,1,sibling_roster
929112,1935,2,sibling_roster
929112,1940,3,sibling_roster
905329,1940,1,sibling_roster
905329,1945,2,sibling_roster
905329,1946,3,sibling_roster
905329,1948,4,sibling_roster
905329,1956,5,sibling_roster
914452,1940,2,graduate
914452,1939,1,sibling_roster
914452,1940,2,sibling_roster
914452,1944,3,sibling_roster
914452,1947,4,sibling_roster
901825,1939,3,graduate
901825,1935,1,sibling_roster
901825,1938,2,sibling_roster
901825,1939,3,sibling_roster
901825,1941,4,sibling_roster
901825,1943,5,sibling_roster
901825,1944,6,sibling_roster
901825,1945,7,sibling_roster
901825,1947,8,sibling_roster
901825,1953,9,sibling_roster
901825,1955,10,sibling_roster
915339,1940,1,sibling_roster
915339,1942,2,sibling_roster
915339,1944,3,sibling_roster
915339,1954,4,sibling_roster
901925,1939,3,graduate
901925,1930,1,sibling_roster
901925,1935,2,sibling_roster
901925,1940,3,sibling_roster
923944,1939,2,graduate
923944,1937,1,sibling_roster
923944,1939,2,sibling_roster
923944,1942,3,sibling_roster
932760,1940,1,sibling_roster
924981,1939,2,graduate
924981,1938,1,sibling_roster
924981,1940,2,sibling_roster
924981,1950,3,sibling_roster
926826,1939,2,graduate
909670,1939,4,graduate
909670,1937,1,sibling_roster
909670,1938,2,sibling_roster
909670,1939,3,sibling_roster
909670,1940,4,sibling_roster
909670,1940,5,sibling_roster
909670,1942,6,sibling_roster
909670,1943,7,sibling_roster
909670,1943,8,sibling_roster
909670,1944,9,sibling_roster
909670,1952,10,sibling_roster
909670,1954,11,sibling_roster
916377,1939,2,graduate
916377,1937,1,sibling_roster
916377,1939,2,sibling_roster
916377,1940,3,sibling_roster
916377,1948,4,sibling_roster
916377,1955,5,sibling_roster
901990,1939,1,sibling_roster
901990,1942,2,sibling_roster
901990,1945,3,sibling_roster
901990,1949,4,sibling_roster
901990,1953,5,sibling_roster
919363,1939,2,graduate
919363,1938,1,sibling_roster
919363,1940,2,sibling_roster
919363,1943,3,sibling_roster
919363,1947,4,sibling_roster
919363,1949,5,sibling_roster
919363,1953,6,sibling_roster
928926,1939,4,graduate
908833,1939,1,sibling_roster
908833,1941,2,sibling_roster
908833,1946,3,sibling_roster
908833,1948,4,sibling_roster
908833,1950,5,sibling_roster
908833,1951,6,sibling_roster
908833,1953,7,sibling_roster
908833,1960,8,sibling_roster
908833,1963,9,sibling_roster
903998,1939,3,graduate
900732,1940,1,sibling_roster
900732,1940,2,sibling_roster
900732,1943,3,sibling_roster
900732,1945,4,sibling_roster
900732,1949,5,sibling_roster
900732,1953,6,sibling_roster
900732,1961,7,sibling_roster
914039,1939,5,graduate
914039,1929,1,sibling_roster
914039,1931,2,sibling_roster
914039,1940,3,sibling_roster
914039,1943,4,sibling_roster
930455,1939,2,graduate
930455,1938,1,sibling_roster
930455,1939,2,sibling_roster
930455,1949,3,sibling_roster
930455,1950,4,sibling_roster
928871,1939,4,graduate
928871,1936,1,sibling_roster
928871,1937,2,sibling_roster
928871,1940,3,sibling_roster
928871,1940,4,sibling_roster
915651,1938,3,graduate
915651,1925,1,sibling_roster
915651,1937,2,sibling_roster
915651,1939,3,sibling_roster
925367,1939,4,graduate
925367,1933,1,sibling_roster
925367,1935,2,sibling_roster
925367,1937,3,sibling_roster
925367,1940,4,sibling_roster
925367,1940,5,sibling_roster
925367,1948,6,sibling_roster
925367,1950,7,sibling_roster
913621,1939,3,graduate
913621,1926,1,sibling_roster
913621,1935,2,sibling_roster
913621,1939,3,sibling_roster
912755,1938,3,graduate
912755,1928,1,sibling_roster
912755,1939,2,sibling_roster
900805,1939,2,graduate
917594,1940,1,sibling_roster
917594,1941,2,sibling_roster
917594,1942,3,sibling_roster
917594,1947,5,sibling_roster
917594,1948,6,sibling_roster
917594,1952,7,sibling_roster
917594,1954,8,sibling_roster
913781,1939,1,sibling_roster
913781,1943,2,sibling_roster
913781,1946,3,sibling_roster
913781,1951,4,sibling_roster
927220,1939,2,graduate
927220,1937,1,sibling_roster
927220,1940,2,sibling_roster
927220,1943,3,sibling_roster
927220,1947,4,sibling_roster
927220,1952,5,sibling_roster
927220,1955,6,sibling_roster
927220,1959,7,sibling_roster
928886,1939,2,graduate
928886,1936,1,sibling_roster
928886,1940,2,sibling_roster
928886,1943,3,sibling_roster
928886,1946,4,sibling_roster
922720,1939,2,graduate
922720,1938,1,sibling_roster
922720,1940,2,sibling_roster
922720,1945,3,sibling_roster
926117,1939,2,graduate
926117,1936,1,sibling_roster
926117,1939,2,sibling_roster
926117,1941,3,sibling_roster
926117,1953,4,sibling_roster
911134,1939,3,graduate
911134,1939,1,sibling_roster
911134,1940,2,sibling_roster
911134,1941,3,sibling_roster
911134,1944,4,sibling_roster
911134,1949,5,sibling_roster
916357,1939,2,graduate
916357,1937,1,sibling_roster
916357,1939,2,sibling_roster
916357,1941,3,sibling_roster
919491,1940,6,graduate
933005,1939,1,sibling_roster
933005,1943,2,sibling_roster
933005,1946,3,sibling_roster
933005,1951,4,sibling_roster
919479,1939,2,graduate
919479,1939,1,sibling_roster
919479,1940,2,sibling_roster
919479,1941,3,sibling_roster
919479,1943,4,sibling_roster
907661,1939,3,graduate
907661,1933,1,sibling_roster
907661,1937,2,sibling_roster
907661,1940,3,sibling_roster
907661,1941,4,sibling_roster
907661,1947,5,sibling_roster
907661,1948,6,sibling_roster
923457,1939,1,sibling_roster
923457,1940,2,sibling_roster
923457,1942,3,sibling_roster
923457,1948,4,sibling_roster
923457,1950,5,sibling_roster
933220,1938,2,graduate
933220,1938,1,sibling_roster
933220,1940,2,sibling_roster
933220,1941,3,sibling_roster
933220,1941,4,sibling_roster
933220,1942,5,sibling_roster
933220,1945,6,sibling_roster
933220,1951,7,sibling_roster
915903,1939,5,graduate
915903,1933,1,sibling_roster
915903,1935,2,sibling_roster
915903,1936,3,sibling_roster
915903,1938,4,sibling_roster
915903,1940,5,sibling_roster
901570,1940,1,sibling_roster
901570,1944,2,sibling_roster
901570,1954,3,sibling_roster
914908,1938,1,sibling_roster
914908,1940,2,sibling_roster
914908,1948,3,sibling_roster
914908,1957,4,sibling_roster
931730,1939,2,graduate
931730,1935,1,sibling_roster
931730,1940,2,sibling_roster
931730,1945,3,sibling_roster
921538,1940,1,sibling_roster
921538,1943,2,sibling_roster
921538,1946,3,sibling_roster
921538,1952,4,sibling_roster
921538,1956,5,sibling_roster
931993,1938,2,graduate
931993,1935,1,sibling_roster
931993,1939,2,sibling_roster
931993,1947,3,sibling_roster
931993,1952,4,sibling_roster
922281,1939,1,sibling_roster
922281,1940,2,sibling_roster
922281,1942,3,sibling_roster
922281,1944,4,sibling_roster
902889,1940,1,sibling_roster
924313,1939,2,graduate
924313,1939,1,sibling_roster
924313,1940,2,sibling_roster
924313,1946,3,sibling_roster
907065,1939,3,graduate
907065,1936,1,sibling_roster
907065,1936,2,sibling_roster
907065,1940,3,sibling_roster
917284,1938,3,graduate
917284,1929,1,sibling_roster
917284,1931,2,sibling_roster
917284,1939,3,sibling_roster
903022,1940,2,graduate
903022,1936,1,sibling_roster
903022,1940,2,sibling_roster
915631,1939,2,graduate
915631,1937,1,sibling_roster
915631,1940,2,sibling_roster
914361,1939,2,graduate
914361,1936,1,sibling_roster
914361,1940,2,sibling_roster
920575,1939,1,sibling_roster
920575,1941,2,sibling_roster
920575,1943,3,sibling_roster
920575,1947,4,sibling_roster
914127,1939,1,sibling_roster
914127,1950,2,sibling_roster
914127,1957,3,sibling_roster
922326,1939,1,sibling_roster
922326,1942,2,sibling_roster
922326,1950,3,sibling_roster
931388,1939,3,graduate
931388,1929,1,sibling_roster
931388,1933,2,sibling_roster
931388,1940,3,sibling_roster
924913,1939,2,graduate
924913,1934,1,sibling_roster
924913,1940,2,sibling_roster
924913,1942,3,sibling_roster
924913,1946,4,sibling_roster
931164,1938,2,graduate
931164,1923,1,sibling_roster
931164,1938,2,sibling_roster
920556,1940,2,graduate
920556,1938,1,sibling_roster
920556,1940,2,sibling_roster
912594,1939,5,graduate
912594,1931,1,sibling_roster
912594,1932,2,sibling_roster
912594,1934,3,sibling_roster
912594,1936,4,sibling_roster
912594,1939,5,sibling_roster
912594,1940,6,sibling_roster
912594,1945,7,sibling_roster
913957,1939,2,graduate
913279,1939,3,graduate
913279,1936,1,sibling_roster
913279,1937,2,sibling_roster
913279,1939,3,sibling_roster
913279,1940,4,sibling_roster
913279,1945,5,sibling_roster
902789,1939,2,graduate
902789,1929,1,sibling_roster
902789,1940,2,sibling_roster
927886,1939,2,graduate
927886,1937,1,sibling_roster
927886,1940,2,sibling_roster
927886,1945,3,sibling_roster
910145,1939,3,graduate
919005,1940,1,sibling_roster
932798,1939,3,graduate
932798,1927,1,sibling_roster
932798,1929,2,sibling_roster
932798,1939,3,sibling_roster
909938,1939,4,graduate
917059,1939,1,sibling_roster
917059,1945,2,sibling_roster
917059,1949,3,sibling_roster
931981,1939,1,sibling_roster
931981,1941,2,sibling_roster
931981,1942,3,sibling_roster
903288,1938,2,graduate
903288,1939,1,sibling_roster
903288,1946,2,sibling_roster
922311,1940,1,sibling_roster
908175,1939,6,graduate
908175,1925,1,sibling_roster
908175,1927,2,sibling_roster
908175,1930,3,sibling_roster
908175,1932,4,sibling_roster
908175,1937,5,sibling_roster
908175,1939,6,sibling_roster
908175,1941,7,sibling_roster
908175,1943,8,sibling_roster
912466,1938,6,graduate
912466,1929,1,sibling_roster
912466,1931,2,sibling_roster
912466,1932,3,sibling_roster
912466,1935,4,sibling_roster
912466,1937,5,sibling_roster
912466,1939,6,sibling_roster
905454,1939,3,graduate
914561,1940,1,sibling_roster
914561,1945,2,sibling_roster
924080,1938,3,graduate
924080,1935,1,sibling_roster
924080,1938,2,sibling_roster
924080,1939,3,sibling_roster
920459,1938,2,graduate
911818,1940,1,sibling_roster
908170,1939,1,sibling_roster
908170,1942,2,sibling_roster
908170,1946,3,sibling_roster
908170,1952,4,sibling_roster
911297,1939,3,graduate
913233,1939,1,sibling_roster
913233,1945,2,sibling_roster
913233,1948,3,sibling_roster
912931,1939,2,graduate
912931,1935,1,sibling_roster
912931,1940,2,sibling_roster
912931,1942,3,sibling_roster
910620,1939,2,graduate
910620,1939,1,sibling_roster
910620,1941,2,sibling_roster
910620,1942,3,sibling_roster
910620,1943,4,sibling_roster
908555,1938,2,graduate
908555,1929,1,sibling_roster
908555,1939,2,sibling_roster
908555,1942,3,sibling_roster
907392,1938,5,graduate
907392,1930,1,sibling_roster
907392,1932,2,sibling_roster
907392,1935,3,sibling_roster
907392,1938,4,sibling_roster
907392,1939,5,sibling_roster
907392,1942,6,sibling_roster
926323,1939,6,graduate
926323,1917,1,sibling_roster
926323,1917,2,sibling_roster
926323,1936,3,sibling_roster
926323,1940,4,sibling_roster
905999,1939,3,graduate
905999,1937,1,sibling_roster
905999,1940,2,sibling_roster
905999,1945,3,sibling_roster
924668,1939,1,sibling_roster
924668,1949,2,sibling_roster
924668,1950,3,sibling_roster
924668,1952,4,sibling_roster
924668,1954,5,sibling_roster
924668,1957,6,sibling_roster
924668,1959,7,sibling_roster
924668,1961,8,sibling_roster
924668,1962,9,sibling_roster
907114,1938,2,graduate
907114,1933,1,sibling_roster
907114,1939,2,sibling_roster
907114,1946,3,sibling_roster
929668,1939,3,graduate
929668,1930,1,sibling_roster
929668,1933,2,sibling_roster
929668,1939,3,sibling_roster
917923,1939,2,graduate
917923,1936,1,sibling_roster
917923,1939,2,sibling_roster
917923,1945,3,sibling_roster
931757,1939,7,graduate
931757,1927,1,sibling_roster
931757,1929,2,sibling_roster
931757,1931,3,sibling_roster
931757,1934,4,sibling_roster
931757,1936,5,sibling_roster
931757,1938,6,sibling_roster
931757,1940,7,sibling_roster
906162,1939,2,graduate
906162,1935,1,sibling_roster
906162,1940,2,sibling_roster
906162,1943,3,sibling_roster
906162,1944,4,sibling_roster
908411,1940,1,sibling_roster
925259,1939,2,graduate
925259,1933,1,sibling_roster
925259,1940,2,sibling_roster
906134,1940,1,sibling_roster
906134,1944,2,sibling_roster
904107,1939,1,sibling_roster
904107,1942,2,sibling_roster
904107,1945,3,sibling_roster
904107,1948,4,sibling_roster
911816,1939,3,graduate
911816,1937,1,sibling_roster
911816,1938,2,sibling_roster
911816,1940,3,sibling_roster
911816,1943,4,sibling_roster
911816,1945,5,sibling_roster
932328,1939,3,graduate
932328,1938,1,sibling_roster
932328,1939,2,sibling_roster
932328,1940,3,sibling_roster
932328,1941,4,sibling_roster
932328,1942,5,sibling_roster
932328,1943,6,sibling_roster
932328,1944,7,sibling_roster
932328,1948,8,sibling_roster
932328,1949,9,sibling_roster
932328,1951,10,sibling_roster
932328,1954,11,sibling_roster
904873,1939,2,graduate
904873,1935,1,sibling_roster
904873,1940,2,sibling_roster
904873,1941,3,sibling_roster
904873,1956,4,sibling_roster
931115,1939,4,graduate
931115,1931,1,sibling_roster
931115,1935,2,sibling_roster
931115,1940,3,sibling_roster
931115,1943,4,sibling_roster
931115,1956,5,sibling_roster
931115,1959,6,sibling_roster
904856,1939,1,sibling_roster
904856,1942,2,sibling_roster
926650,1939,2,graduate
926650,1938,1,sibling_roster
926650,1940,2,sibling_roster
904156,1940,3,graduate
904156,1934,1,sibling_roster
904156,1938,2,sibling_roster
904156,1940,3,sibling_roster
904156,1952,4,sibling_roster
912331,1940,1,sibling_roster
912331,1950,2,sibling_roster
912331,1952,3,sibling_roster
912331,1955,4,sibling_roster
907079,1939,7,graduate
907079,1932,1,sibling_roster
907079,1934,2,sibling_roster
907079,1937,3,sibling_roster
907079,1938,4,sibling_roster
907079,1939,5,sibling_roster
907079,1940,6,sibling_roster
907079,1943,7,sibling_roster
907079,1946,8,sibling_roster
908162,1939,3,graduate
908162,1935,1,sibling_roster
908162,1937,2,sibling_roster
908162,1939,3,sibling_roster
908162,1942,4,sibling_roster
908162,1950,5,sibling_roster
903899,1938,6,graduate
903899,1927,1,sibling_roster
903899,1935,2,sibling_roster
903899,1937,3,sibling_roster
903899,1939,4,sibling_roster
903899,1942,5,sibling_roster
903899,1946,6,sibling_roster
905383,1939,1,sibling_roster
905383,1940,2,sibling_roster
905383,1942,3,sibling_roster
905383,1945,4,sibling_roster
905383,1953,5,sibling_roster
905383,1953,6,sibling_roster
932869,1939,3,graduate
932869,1916,1,sibling_roster
932869,1936,2,sibling_roster
932869,1937,3,sibling_roster
932869,1939,4,sibling_roster
932869,1946,5,sibling_roster
932869,1947,6,sibling_roster
932869,1948,7,sibling_roster
932869,1954,8,sibling_roster
909539,1939,2,graduate
909539,1938,1,sibling_roster
909539,1940,2,sibling_roster
909539,1946,3,sibling_roster
909539,1947,4,sibling_roster
909539,1953,5,sibling_roster
902895,1939,2,graduate
902895,1939,1,sibling_roster
902895,1940,2,sibling_roster
902895,1944,3,sibling_roster
902895,1947,4,sibling_roster
902895,1959,5,sibling_roster
923883,1939,5,graduate
923883,1930,1,sibling_roster
923883,1935,2,sibling_roster
923883,1936,3,sibling_roster
923883,1938,4,sibling_roster
923883,1940,5,sibling_roster
923883,1942,6,sibling_roster
923883,1946,7,sibling_roster
923883,1947,8,sibling_roster
923883,1948,9,sibling_roster
917846,1939,6,graduate
917846,1930,1,sibling_roster
917846,1931,2,sibling_roster
917846,1933,3,sibling_roster
917846,1935,4,sibling_roster
917846,1938,5,sibling_roster
917846,1940,6,sibling_roster
917846,1945,7,sibling_roster
917846,1946,8,sibling_roster
917846,1953,9,sibling_roster
915894,1940,1,sibling_roster
915894,1942,2,sibling_roster
915894,1946,3,sibling_roster
915894,1946,4,sibling_roster
915894,1949,5,sibling_roster
915894,1952,6,sibling_roster
915894,1956,7,sibling_roster
929500,1940,1,sibling_roster
933653,1939,1,sibling_roster
933653,1940,2,sibling_roster
933653,1942,3,sibling_roster
933653,1943,4,sibling_roster
933653,1944,5,sibling_roster
933653,1945,6,sibling_roster
933653,1948,7,sibling_roster
933653,1950,8,sibling_roster
933653,1950,9,sibling_roster
933653,1951,10,sibling_roster
933653,1955,11,sibling_roster
912693,1940,1,sibling_roster
912693,1944,2,sibling_roster
912693,1947,3,sibling_roster
912693,1954,4,sibling_roster
915720,1940,1,sibling_roster
915720,1942,2,sibling_roster
915720,1946,3,sibling_roster
915720,1949,4,sibling_roster
916604,1938,3,graduate
916604,1935,1,sibling_roster
916604,1937,2,sibling_roster
916604,1940,3,sibling_roster
906085,1940,1,sibling_roster
906085,1941,2,sibling_roster
906085,1943,3,sibling_roster
906085,1946,4,sibling_roster
906085,1948,5,sibling_roster
927449,1939,2,graduate
927449,1932,1,sibling_roster
927449,1939,2,sibling_roster
927449,1940,3,sibling_roster
927449,1942,4,sibling_roster
927449,1943,5,sibling_roster
909835,1940,1,sibling_roster
909835,1943,2,sibling_roster
902869,1939,6,graduate
910479,1939,3,graduate
910479,1932,1,sibling_roster
910479,1937,2,sibling_roster
910479,1939,3,sibling_roster
910479,1942,4,sibling_roster
910479,1946,5,sibling_roster
910479,1947,6,sibling_roster
910479,1948,7,sibling_roster
910479,1950,8,sibling_roster
910479,1955,9,sibling_roster
910479,1958,10,sibling_roster
911999,1939,3,graduate
911999,1936,1,sibling_roster
911999,1938,2,sibling_roster
911999,1939,3,sibling_roster
911999,1941,4,sibling_roster
911999,1942,5,sibling_roster
911999,1943,6,sibling_roster
911999,1945,7,sibling_roster
911999,1946,8,sibling_roster
911999,1947,9,sibling_roster
911999,1948,10,sibling_roster
911999,1949,11,sibling_roster
910842,1939,8,graduate
910842,1921,1,sibling_roster
910842,1922,2,sibling_roster
910842,1923,3,sibling_roster
910842,1925,4,sibling_roster
910842,1926,5,sibling_roster
910842,1930,6,sibling_roster
910842,1931,7,sibling_roster
910842,1940,8,sibling_roster
910842,1942,9,sibling_roster
929055,1939,7,graduate
929055,1927,1,sibling_roster
929055,1929,2,sibling_roster
929055,1931,3,sibling_roster
929055,1933,4,sibling_roster
929055,1935,5,sibling_roster
929055,1939,6,sibling_roster
929055,1941,7,sibling_roster
929625,1939,3,graduate
929625,1935,1,sibling_roster
929625,1938,2,sibling_roster
929625,1940,3,sibling_roster
910583,1938,1,sibling_roster
910583,1939,2,sibling_roster
910583,1940,3,sibling_roster
910583,1942,4,sibling_roster
910583,1944,5,sibling_roster
910583,1946,6,sibling_roster
910583,1948,7,sibling_roster
910583,1951,8,sibling_roster
910583,1955,9,sibling_roster
910583,1957,10,sibling_roster
910583,1959,11,sibling_roster
901670,1940,1,sibling_roster
901670,1950,2,sibling_roster
931807,1939,9,graduate
931807,1916,1,sibling_roster
931807,1919,2,sibling_roster
931807,1920,3,sibling_roster
931807,1924,4,sibling_roster
931807,1926,5,sibling_roster
931807,1929,6,sibling_roster
931807,1932,7,sibling_roster
931807,1934,8,sibling_roster
931807,1939,9,sibling_roster
931807,1945,10,sibling_roster
924532,1939,4,graduate
924532,1935,1,sibling_roster
924532,1936,2,sibling_roster
924532,1938,3,sibling_roster
924532,1940,4,sibling_roster
924532,1940,5,sibling_roster
924532,1941,6,sibling_roster
924532,1942,7,sibling_roster
924532,1944,8,sibling_roster
924532,1946,9,sibling_roster
924532,1948,10,sibling_roster
909881,1939,1,sibling_roster
909881,1942,2,sibling_roster
909881,1946,3,sibling_roster
911021,1939,3,graduate
911021,1933,1,sibling_roster
911021,1935,2,sibling_roster
911021,1940,3,sibling_roster
911021,1948,4,sibling_roster
930869,1939,1,sibling_roster
930869,1941,2,sibling_roster
930869,1947,3,sibling_roster
930869,1951,4,sibling_roster
914062,1938,7,graduate
906727,1939,1,sibling_roster
910946,1939,4,graduate
910946,1923,1,sibling_roster
910946,1925,2,sibling_roster
910946,1937,3,sibling_roster
910946,1940,4,sibling_roster
924762,1940,1,sibling_roster
924762,1941,2,sibling_roster
924762,1949,3,sibling_roster
924762,1950,4,sibling_roster
924762,1952,5,sibling_roster
924762,1954,6,sibling_roster
924762,1957,7,sibling_roster
924762,1958,8,sibling_roster
924762,1962,9,sibling_roster
908482,1939,4,graduate
908482,1931,1,sibling_roster
908482,1935,2,sibling_roster
908482,1937,3,sibling_roster
908482,1940,4,sibling_roster
931375,1939,2,graduate
931375,1935,1,sibling_roster
931375,1939,2,sibling_roster
902880,1939,2,graduate
902880,1937,1,sibling_roster
902880,1940,2,sibling_roster
902880,1946,3,sibling_roster
927687,1939,5,graduate
927687,1928,1,sibling_roster
927687,1931,2,sibling_roster
927687,1935,3,sibling_roster
927687,1937,4,sibling_roster
927687,1940,5,sibling_roster
927687,1942,6,sibling_roster
907356,1939,7,graduate
907356,1927,1,sibling_roster
907356,1930,2,sibling_roster
907356,1935,5,sibling_roster
907356,1937,6,sibling_roster
907356,1939,7,sibling_roster
907356,1941,8,sibling_roster
907356,1946,9,sibling_roster
907356,1948,10,sibling_roster
907356,1951,11,sibling_roster
913204,1939,3,graduate
913204,1920,1,sibling_roster
913204,1936,2,sibling_roster
913204,1940,3,sibling_roster
907456,1939,1,sibling_roster
907456,1940,2,sibling_roster
906090,1939,3,graduate
906090,1930,1,sibling_roster
906090,1936,2,sibling_roster
906090,1940,3,sibling_roster
906090,1940,4,sibling_roster
923331,1939,2,graduate
923331,1936,1,sibling_roster
923331,1940,2,sibling_roster
923331,1943,3,sibling_roster
923331,1946,4,sibling_roster
917449,1939,3,graduate
917449,1925,1,sibling_roster
917449,1933,2,sibling_roster
917449,1940,3,sibling_roster
917449,1945,4,sibling_roster
930149,1939,2,graduate
930149,1939,1,sibling_roster
930149,1940,2,sibling_roster
922704,1939,2,graduate
922704,1936,1,sibling_roster
922704,1940,2,sibling_roster
922704,1943,3,sibling_roster
922704,1946,4,sibling_roster
922704,1948,5,sibling_roster
922704,1952,6,sibling_roster
905334,1939,2,graduate
921516,1940,1,sibling_roster
921516,1942,2,sibling_roster
918095,1939,2,graduate
914560,1940,1,sibling_roster
914560,1942,2,sibling_roster
914560,1944,3,sibling_roster
914560,1946,4,sibling_roster
914560,1948,5,sibling_roster
914560,1951,6,sibling_roster
914560,1954,7,sibling_roster
928330,1938,7,graduate
908664,1940,1,sibling_roster
908664,1941,2,sibling_roster
908664,1944,3,sibling_roster
908664,1949,4,sibling_roster
908664,1953,5,sibling_roster
908664,1955,6,sibling_roster
922044,1939,3,graduate
907485,1940,1,sibling_roster
907485,1946,2,sibling_roster
923791,1939,3,graduate
923791,1937,1,sibling_roster
923791,1938,2,sibling_roster
923791,1940,3,sibling_roster
923791,1951,4,sibling_roster
929389,1939,4,graduate
900396,1939,2,graduate
900396,1937,1,sibling_roster
900396,1939,2,sibling_roster
900396,1946,3,sibling_roster
924003,1939,2,graduate
924003,1937,1,sibling_roster
924003,1940,2,sibling_roster
924003,1942,3,sibling_roster
924003,1943,4,sibling_roster
924003,1946,5,sibling_roster
924003,1948,6,sibling_roster
924003,1951,7,sibling_roster
924003,1953,8,sibling_roster
924003,1957,9,sibling_roster
924003,1962,10,sibling_roster
921323,1938,4,graduate
929753,1939,3,graduate
929753,1933,1,sibling_roster
929753,1935,2,sibling_roster
929753,1939,3,sibling_roster
929753,1943,4,sibling_roster
929753,1949,5,sibling_roster
929753,1951,6,sibling_roster
903689,1939,9,graduate
903104,1938,4,graduate
903104,1937,1,sibling_roster
903104,1939,2,sibling_roster
903104,1943,3,sibling_roster
903104,1947,4,sibling_roster
928722,1938,1,sibling_roster
928722,1954,3,sibling_roster
904733,1939,2,graduate
904733,1938,1,sibling_roster
904733,1939,2,sibling_roster
904733,1943,3,sibling_roster
905519,1939,10,graduate
905519,1911,1,sibling_roster
905519,1912,2,sibling_roster
905519,1925,3,sibling_roster
905519,1925,4,sibling_roster
905519,1930,5,sibling_roster
905519,1932,6,sibling_roster
905519,1936,7,sibling_roster
905519,1937,8,sibling_roster
905519,1938,9,sibling_roster
905519,1940,10,sibling_roster
918731,1939,7,graduate
918731,1924,1,sibling_roster
918731,1926,2,sibling_roster
918731,1932,3,sibling_roster
918731,1933,4,sibling_roster
918731,1934,5,sibling_roster
918731,1935,6,sibling_roster
918731,1940,7,sibling_roster
900946,1939,2,graduate
900946,1936,1,sibling_roster
900946,1939,2,sibling_roster
905510,1939,2,graduate
905510,1938,1,sibling_roster
905510,1940,2,sibling_roster
905510,1941,3,sibling_roster
905510,1949,4,sibling_roster
905510,1953,5,sibling_roster
920634,1938,9,graduate
920634,1916,2,sibling_roster
920634,1930,8,sibling_roster
920634,1939,9,sibling_roster
909208,1939,6,graduate
909208,1925,1,sibling_roster
909208,1929,2,sibling_roster
909208,1930,3,sibling_roster
909208,1932,4,sibling_roster
909208,1937,5,sibling_roster
909208,1939,6,sibling_roster
909208,1941,7,sibling_roster
924583,1939,3,graduate
924583,1936,1,sibling_roster
924583,1940,2,sibling_roster
924583,1944,3,sibling_roster
924583,1946,4,sibling_roster
924583,1955,5,sibling_roster
921347,1939,1,sibling_roster
908507,1939,1,sibling_roster
908507,1940,2,sibling_roster
908507,1941,3,sibling_roster
908507,1942,4,sibling_roster
908507,1943,5,sibling_roster
908507,1946,6,sibling_roster
908507,1949,7,sibling_roster
908507,1953,8,sibling_roster
908507,1956,9,sibling_roster
919306,1938,1,sibling_roster
919306,1940,2,sibling_roster
918663,1939,2,graduate
918663,1938,1,sibling_roster
918663,1939,2,sibling_roster
918663,1940,3,sibling_roster
918663,1942,4,sibling_roster
918663,1945,5,sibling_roster
916343,1939,2,graduate
916343,1937,1,sibling_roster
916343,1940,2,sibling_roster
916343,1944,3,sibling_roster
918375,1939,2,graduate
905786,1938,4,graduate
905786,1933,1,sibling_roster
905786,1935,2,sibling_roster
905786,1936,3,sibling_roster
905786,1939,4,sibling_roster
905786,1943,5,sibling_roster
905786,1945,6,sibling_roster
919614,1939,3,graduate
928963,1938,1,sibling_roster
928963,1938,2,sibling_roster
928963,1955,3,sibling_roster
922383,1939,1,sibling_roster
922383,1939,2,sibling_roster
922383,1955,3,sibling_roster
926988,1938,6,graduate
926988,1931,1,sibling_roster
926988,1932,2,sibling_roster
926988,1933,3,sibling_roster
926988,1936,4,sibling_roster
926988,1937,5,sibling_roster
926988,1939,6,sibling_roster
926988,1943,7,sibling_roster
926988,1944,8,sibling_roster
928028,1939,2,graduate
928028,1934,1,sibling_roster
928028,1940,2,sibling_roster
928028,1943,3,sibling_roster
928028,1944,4,sibling_roster
928028,1948,5,sibling_roster
928028,1955,6,sibling_roster
927152,1939,10,graduate
910263,1940,1,sibling_roster
910263,1941,2,sibling_roster
910263,1942,3,sibling_roster
910263,1943,4,sibling_roster
910263,1946,5,sibling_roster
910263,1954,6,sibling_roster
910263,1955,7,sibling_roster
910263,1957,8,sibling_roster
932466,1938,3,graduate
932466,1937,1,sibling_roster
932466,1938,2,sibling_roster
932466,1939,3,sibling_roster
932466,1945,4,sibling_roster
932466,1954,5,sibling_roster
932466,1957,6,sibling_roster
921633,1939,2,graduate
921633,1935,1,sibling_roster
921633,1940,2,sibling_roster
923509,1939,2,graduate
923509,1939,1,sibling_roster
923509,1940,2,sibling_roster
923509,1941,3,sibling_roster
923509,1942,4,sibling_roster
923509,1953,5,sibling_roster
923509,1955,6,sibling_roster
923509,1957,7,sibling_roster
931477,1939,2,graduate
931477,1934,1,sibling_roster
931477,1939,2,sibling_roster
931477,1945,3,sibling_roster
931477,1947,4,sibling_roster
931477,1948,5,sibling_roster
921925,1939,2,graduate
921925,1937,1,sibling_roster
921925,1940,2,sibling_roster
921925,1941,3,sibling_roster
921925,1944,4,sibling_roster
921925,1948,5,sibling_roster
922936,1939,1,sibling_roster
908211,1939,2,graduate
908211,1939,1,sibling_roster
908211,1941,2,sibling_roster
908211,1943,3,sibling_roster
908211,1947,4,sibling_roster
916789,1939,6,graduate
916789,1935,1,sibling_roster
916789,1938,2,sibling_roster
916789,1940,3,sibling_roster
930912,1939,6,graduate
930912,1930,1,sibling_roster
930912,1932,2,sibling_roster
930912,1934,3,sibling_roster
930912,1936,4,sibling_roster
930912,1938,5,sibling_roster
930912,1940,6,sibling_roster
923442,1940,1,sibling_roster
923442,1943,2,sibling_roster
923442,1948,3,sibling_roster
921204,1939,9,graduate
921204,1917,1,sibling_roster
921204,1921,2,sibling_roster
921204,1924,3,sibling_roster
921204,1926,4,sibling_roster
921204,1928,5,sibling_roster
921204,1940,6,sibling_roster
918636,1939,3,graduate
918636,1933,1,sibling_roster
918636,1937,2,sibling_roster
918636,1939,3,sibling_roster
913744,1939,4,graduate
913744,1932,1,sibling_roster
913744,1934,2,sibling_roster
913744,1937,3,sibling_roster
913744,1939,4,sibling_roster
913744,1951,5,sibling_roster
923817,1939,6,graduate
923817,1929,1,sibling_roster
923817,1933,2,sibling_roster
923817,1934,3,sibling_roster
923817,1936,4,sibling_roster
923817,1939,5,sibling_roster
923817,1940,6,sibling_roster
923817,1941,7,sibling_roster
911826,1939,3,graduate
906779,1939,1,sibling_roster
901247,1939,2,graduate
901247,1936,1,sibling_roster
901247,1940,2,sibling_roster
901247,1941,3,sibling_roster
901247,1947,4,sibling_roster
930942,1938,3,graduate
930942,1935,1,sibling_roster
930942,1935,2,sibling_roster
930942,1939,3,sibling_roster
930942,1942,4,sibling_roster
916982,1939,1,sibling_roster
916982,1940,2,sibling_roster
916982,1944,3,sibling_roster
916982,1947,4,sibling_roster
910665,1939,3,graduate
932423,1939,4,graduate
923782,1939,2,graduate
923782,1938,1,sibling_roster
923782,1940,2,sibling_roster
923782,1945,3,sibling_roster
919580,1939,4,graduate
919580,1927,1,sibling_roster
919580,1931,2,sibling_roster
919580,1936,3,sibling_roster
919580,1940,4,sibling_roster
931975,1938,1,sibling_roster
931975,1942,2,sibling_roster
931975,1948,3,sibling_roster
928151,1940,1,sibling_roster
928151,1942,2,sibling_roster
928151,1946,3,sibling_roster
928151,1950,4,sibling_roster
931468,1940,1,sibling_roster
931468,1942,2,sibling_roster
931468,1944,3,sibling_roster
931468,1958,4,sibling_roster
932396,1940,6,graduate
932396,1928,1,sibling_roster
932396,1936,2,sibling_roster
932396,1940,3,sibling_roster
918725,1938,4,graduate
916241,1939,2,graduate
916241,1937,1,sibling_roster
916241,1939,2,sibling_roster
916241,1942,3,sibling_roster
931267,1939,3,graduate
912503,1939,3,graduate
912503,1937,1,sibling_roster
912503,1939,2,sibling_roster
912503,1940,3,sibling_roster
912503,1944,4,sibling_roster
930617,1939,1,sibling_roster
922552,1939,3,graduate
901121,1938,3,graduate
901121,1936,1,sibling_roster
901121,1938,2,sibling_roster
901121,1939,3,sibling_roster
902651,1938,7,graduate
902651,1922,2,sibling_roster
902651,1923,3,sibling_roster
902651,1923,4,sibling_roster
902651,1924,5,sibling_roster
902651,1938,6,sibling_roster
924297,1939,2,graduate
924297,1933,1,sibling_roster
924297,1939,2,sibling_roster
924297,1948,3,sibling_roster
904346,1939,5,graduate
916756,1940,1,sibling_roster
916756,1945,2,sibling_roster
916756,1950,3,sibling_roster
910332,1940,1,sibling_roster
908466,1943,1,sibling_roster
918118,1940,1,sibling_roster
918118,1940,2,sibling_roster
918118,1943,3,sibling_roster
918118,1955,4,sibling_roster
933138,1940,1,sibling_roster
933138,1945,2,sibling_roster
912810,1939,1,sibling_roster
902072,1940,1,sibling_roster
917559,1939,2,graduate
917559,1939,1,sibling_roster
917559,1940,2,sibling_roster
917559,1940,3,sibling_roster
913156,1939,2,graduate
913156,1936,1,sibling_roster
913156,1939,2,sibling_roster
913156,1946,3,sibling_roster
931557,1940,1,sibling_roster
919185,1939,4,graduate
919185,1935,1,sibling_roster
919185,1936,2,sibling_roster
919185,1938,3,sibling_roster
919185,1939,4,sibling_roster
919185,1939,5,sibling_roster
919185,1941,6,sibling_roster
914535,1939,5,graduate
914535,1919,1,sibling_roster
914535,1924,2,sibling_roster
914535,1931,3,sibling_roster
914535,1932,4,sibling_roster
914535,1939,5,sibling_roster
916250,1939,4,graduate
916250,1933,1,sibling_roster
916250,1934,2,sibling_roster
916250,1939,3,sibling_roster
916250,1940,4,sibling_roster
907402,1939,2,graduate
926024,1940,1,sibling_roster
926024,1942,2,sibling_roster
926024,1946,3,sibling_roster
927948,1940,1,sibling_roster
927948,1941,2,sibling_roster
927948,1943,3,sibling_roster
927948,1948,4,sibling_roster
927948,1950,5,sibling_roster
927948,1952,6,sibling_roster
927948,1953,7,sibling_roster
927948,1957,8,sibling_roster
923183,1939,2,graduate
933433,1939,1,sibling_roster
922505,1940,1,sibling_roster
922505,1944,2,sibling_roster
922505,1950,3,sibling_roster
922505,1952,4,sibling_roster
922505,1959,5,sibling_roster
930989,1939,4,graduate
930989,1931,1,sibling_roster
930989,1936,2,sibling_roster
930989,1937,3,sibling_roster
930989,1940,4,sibling_roster
930989,1942,5,sibling_roster
925741,1939,4,graduate
925741,1926,1,sibling_roster
925741,1929,2,sibling_roster
925741,1929,3,sibling_roster
925741,1932,4,sibling_roster
925741,1940,5,sibling_roster
902542,1940,1,sibling_roster
925557,1939,2,graduate
925557,1936,1,sibling_roster
925557,1939,2,sibling_roster
925557,1943,3,sibling_roster
925557,1944,4,sibling_roster
925557,1944,5,sibling_roster
925557,1946,6,sibling_roster
925557,1946,7,sibling_roster
931609,1939,2,graduate
907188,1940,1,sibling_roster
928652,1938,6,graduate
917428,1940,1,sibling_roster
900221,1939,5,graduate
900221,1927,1,sibling_roster
900221,1930,2,sibling_roster
900221,1932,3,sibling_roster
900221,1935,4,sibling_roster
900221,1939,5,sibling_roster
926791,1939,5,graduate
926791,1932,1,sibling_roster
926791,1933,2,sibling_roster
926791,1938,3,sibling_roster
926791,1940,4,sibling_roster
926791,1946,5,sibling_roster
926791,1948,6,sibling_roster
926791,1951,7,sibling_roster
926791,1955,8,sibling_roster
904166,1939,3,graduate
904166,1932,1,sibling_roster
904166,1935,2,sibling_roster
904166,1939,3,sibling_roster
918937,1939,3,graduate
918937,1935,1,sibling_roster
918937,1937,2,sibling_roster
918937,1939,3,sibling_roster
918937,1944,4,sibling_roster
918937,1955,5,sibling_roster
928656,1939,9,graduate
928656,1916,7,sibling_roster
928656,1939,9,sibling_roster
930684,1938,7,graduate
903096,1939,1,sibling_roster
903096,1939,2,sibling_roster
903096,1948,3,sibling_roster
908971,1939,1,sibling_roster
908971,1947,2,sibling_roster
908971,1952,3,sibling_roster
911546,1939,2,graduate
911546,1936,1,sibling_roster
911546,1940,2,sibling_roster
906991,1939,1,sibling_roster
906991,1942,2,sibling_roster
905693,1940,1,sibling_roster
905693,1944,2,sibling_roster
905693,1946,3,sibling_roster
905693,1950,4,sibling_roster
905693,1953,5,sibling_roster
905693,1955,6,sibling_roster
905693,1957,7,sibling_roster
905693,1960,8,sibling_roster
919787,1939,3,graduate
919787,1933,1,sibling_roster
919787,1935,2,sibling_roster
919787,1939,3,sibling_roster
919787,1952,4,sibling_roster
924434,1939,1,sibling_roster
924434,1940,2,sibling_roster
924434,1942,3,sibling_roster
924434,1945,4,sibling_roster
924434,1951,5,sibling_roster
907857,1938,5,graduate
914697,1939,3,graduate
914697,1930,1,sibling_roster
914697,1935,2,sibling_roster
914697,1940,3,sibling_roster
914697,1946,4,sibling_roster
928454,1939,2,graduate
900740,1940,1,sibling_roster
900740,1956,2,sibling_roster
913197,1940,1,sibling_roster
913197,1943,2,sibling_roster
907840,1938,2,graduate
907840,1937,1,sibling_roster
907840,1938,2,sibling_roster
907840,1940,3,sibling_roster
907840,1945,4,sibling_roster
924005,1940,1,sibling_roster
924005,1952,2,sibling_roster
929535,1939,4,graduate
929535,1933,1,sibling_roster
929535,1936,2,sibling_roster
929535,1938,3,sibling_roster
929535,1939,4,sibling_roster
929535,1944,5,sibling_roster
920415,1940,1,sibling_roster
920415,1946,2,sibling_roster
912732,1939,1,sibling_roster
912732,1945,2,sibling_roster
917328,1940,1,sibling_roster
917328,1941,2,sibling_roster
917328,1943,3,sibling_roster
917328,1954,4,sibling_roster
924011,1939,7,graduate
924011,1928,1,sibling_roster
924011,1929,2,sibling_roster
924011,1930,3,sibling_roster
924011,1933,4,sibling_roster
924011,1934,5,sibling_roster
924011,1935,6,sibling_roster
924011,1939,7,sibling_roster
924011,1940,8,sibling_roster
912658,1939,1,sibling_roster
912658,1944,2,sibling_roster
919400,1939,2,graduate
919400,1936,1,sibling_roster
919400,1940,2,sibling_roster
919400,1955,3,sibling_roster
905487,1939,6,graduate
905487,1932,1,sibling_roster
905487,1933,2,sibling_roster
905487,1935,3,sibling_roster
905487,1936,4,sibling_roster
905487,1939,5,sibling_roster
905487,1940,6,sibling_roster
905487,1942,7,sibling_roster
905487,1945,8,sibling_roster
905487,1945,9,sibling_roster
924380,1939,7,graduate
924380,1919,1,sibling_roster
924380,1925,2,sibling_roster
924380,1931,5,sibling_roster
924380,1939,7,sibling_roster
929548,1939,2,graduate
929548,1932,1,sibling_roster
929548,1940,2,sibling_roster
931887,1939,1,sibling_roster
922385,1939,2,graduate
922385,1935,1,sibling_roster
922385,1940,2,sibling_roster
920496,1939,2,graduate
920496,1934,1,sibling_roster
920496,1939,2,sibling_roster
921011,1938,7,graduate
932382,1939,1,sibling_roster
916375,1939,3,graduate
916375,1932,1,sibling_roster
916375,1934,2,sibling_roster
916375,1939,3,sibling_roster
916375,1948,4,sibling_roster
901624,1938,9,graduate
905453,1939,2,graduate
905453,1934,1,sibling_roster
905453,1940,2,sibling_roster
905453,1949,3,sibling_roster
915414,1939,4,graduate
915414,1932,1,sibling_roster
915414,1933,2,sibling_roster
915414,1934,3,sibling_roster
915414,1939,4,sibling_roster
928878,1939,3,graduate
928878,1937,1,sibling_roster
928878,1940,2,sibling_roster
917742,1939,3,graduate
917742,1936,1,sibling_roster
917742,1937,2,sibling_roster
917742,1940,3,sibling_roster
917742,1942,4,sibling_roster
917742,1946,5,sibling_roster
917742,1958,6,sibling_roster
900069,1939,1,sibling_roster
927857,1940,1,sibling_roster
927857,1950,2,sibling_roster
901748,1939,1,sibling_roster
901748,1945,2,sibling_roster
926041,1939,1,sibling_roster
903576,1940,1,sibling_roster
911508,1940,1,sibling_roster
911508,1947,2,sibling_roster
916834,1940,1,sibling_roster
916834,1940,2,sibling_roster
916834,1948,3,sibling_roster
930475,1939,1,sibling_roster
930475,1943,2,sibling_roster
930475,1950,3,sibling_roster
930475,1954,4,sibling_roster
930475,1957,5,sibling_roster
930475,1958,6,sibling_roster
909781,1939,3,graduate
909781,1937,1,sibling_roster
909781,1938,2,sibling_roster
909781,1940,3,sibling_roster
909781,1950,4,sibling_roster
922749,1940,1,sibling_roster
922749,1942,2,sibling_roster
922749,1945,3,sibling_roster
922749,1948,4,sibling_roster
922749,1959,5,sibling_roster
917195,1939,4,graduate
917195,1930,1,sibling_roster
917195,1933,2,sibling_roster
917195,1935,3,sibling_roster
917195,1939,4,sibling_roster
929609,1940,1,sibling_roster
929609,1940,2,sibling_roster
929609,1949,3,sibling_roster
912558,1939,2,graduate
912558,1938,1,sibling_roster
912558,1940,2,sibling_roster
912558,1946,3,sibling_roster
923715,1939,1,sibling_roster
911684,1939,2,graduate
925289,1939,1,sibling_roster
925289,1941,2,sibling_roster
925289,1943,3,sibling_roster
925289,1945,4,sibling_roster
925289,1949,5,sibling_roster
901584,1939,3,graduate
901584,1930,1,sibling_roster
901584,1932,2,sibling_roster
901584,1940,3,sibling_roster
904727,1940,1,sibling_roster
904727,1940,2,sibling_roster
902720,1939,3,graduate
902720,1936,1,sibling_roster
902720,1936,2,sibling_roster
902720,1939,3,sibling_roster
921332,1939,6,graduate
921332,1926,1,sibling_roster
921332,1928,2,sibling_roster
921332,1930,3,sibling_roster
921332,1935,4,sibling_roster
921332,1938,5,sibling_roster
921332,1939,6,sibling_roster
914352,1939,4,graduate
914352,1936,1,sibling_roster
914352,1938,2,sibling_roster
914352,1939,3,sibling_roster
907917,1939,2,graduate
907917,1938,1,sibling_roster
907917,1940,2,sibling_roster
907917,1944,3,sibling_roster
925423,1940,1,sibling_roster
925423,1941,2,sibling_roster
925423,1945,3,sibling_roster
925423,1947,4,sibling_roster
925423,1947,5,sibling_roster
925423,1949,6,sibling_roster
925423,1950,7,sibling_roster
925423,1954,8,sibling_roster
925423,1955,9,sibling_roster
931578,1939,3,graduate
931578,1936,1,sibling_roster
931578,1937,2,sibling_roster
931578,1939,3,sibling_roster
931578,1940,4,sibling_roster
931578,1942,5,sibling_roster
931578,1944,6,sibling_roster
931578,1948,7,sibling_roster
931578,1948,8,sibling_roster
931578,1950,9,sibling_roster
931578,1951,10,sibling_roster
932624,1939,3,graduate
932624,1936,1,sibling_roster
932624,1937,2,sibling_roster
932624,1940,3,sibling_roster
932624,1943,4,sibling_roster
908476,1939,1,sibling_roster
908476,1941,2,sibling_roster
908476,1947,3,sibling_roster
930517,1939,2,graduate
930517,1939,1,sibling_roster
930517,1939,2,sibling_roster
930517,1943,3,sibling_roster
926785,1939,1,sibling_roster
926785,1940,2,sibling_roster
926785,1944,3,sibling_roster
925823,1938,2,graduate
925747,1939,2,graduate
925747,1938,1,sibling_roster
925747,1940,2,sibling_roster
919158,1940,1,sibling_roster
913155,1939,1,sibling_roster
913155,1942,2,sibling_roster
913155,1945,3,sibling_roster
913155,1949,4,sibling_roster
904610,1938,3,graduate
904610,1935,1,sibling_roster
904610,1937,2,sibling_roster
904610,1939,3,sibling_roster
904610,1944,4,sibling_roster
911907,1939,5,graduate
911907,1932,1,sibling_roster
911907,1933,2,sibling_roster
911907,1935,3,sibling_roster
911907,1937,4,sibling_roster
911907,1940,5,sibling_roster
914369,1940,2,graduate
914369,1935,1,sibling_roster
914369,1940,2,sibling_roster
928822,1938,1,sibling_roster
928822,1940,2,sibling_roster
928822,1954,3,sibling_roster
928822,1956,4,sibling_roster
928822,1957,5,sibling_roster
928822,1961,6,sibling_roster
907094,1932,1,sibling_roster
907094,1939,2,sibling_roster
907094,1942,3,sibling_roster
907094,1947,4,sibling_roster
909468,1939,1,sibling_roster
909468,1940,2,sibling_roster
909468,1943,3,sibling_roster
909468,1946,4,sibling_roster
909468,1950,5,sibling_roster
909468,1955,6,sibling_roster
922291,1940,1,sibling_roster
912911,1938,7,graduate
912911,1927,1,sibling_roster
912911,1929,2,sibling_roster
912911,1931,3,sibling_roster
912911,1933,4,sibling_roster
912911,1935,5,sibling_roster
912911,1937,6,sibling_roster
912911,1939,7,sibling_roster
906978,1940,1,sibling_roster
906978,1943,2,sibling_roster
906978,1946,3,sibling_roster
914173,1939,3,graduate
914173,1927,1,sibling_roster
914173,1929,2,sibling_roster
914173,1939,3,sibling_roster
901324,1939,2,graduate
901324,1938,1,sibling_roster
901324,1939,2,sibling_roster
901324,1945,3,sibling_roster
901324,1949,4,sibling_roster
901324,1954,5,sibling_roster
925253,1939,2,graduate
925253,1934,1,sibling_roster
925253,1940,2,sibling_roster
925253,1944,3,sibling_roster
911376,1939,2,graduate
920591,1939,2,graduate
920591,1936,1,sibling_roster
920591,1940,2,sibling_roster
920591,1943,3,sibling_roster
920591,1945,4,sibling_roster
913145,1940,1,sibling_roster
913145,1943,2,sibling_roster
913145,1958,3,sibling_roster
909674,1940,1,sibling_roster
909674,1942,2,sibling_roster
909674,1946,3,sibling_roster
908177,1939,1,sibling_roster
908177,1941,2,sibling_roster
908177,1941,3,sibling_roster
908055,1939,1,sibling_roster
908055,1941,2,sibling_roster
908055,1944,3,sibling_roster
908055,1954,4,sibling_roster
922041,1938,3,graduate
922041,1930,1,sibling_roster
922041,1931,2,sibling_roster
922041,1939,3,sibling_roster
919969,1940,1,sibling_roster
913637,1940,1,sibling_roster
913637,1943,2,sibling_roster
913637,1947,3,sibling_roster
933259,1939,2,graduate
933259,1938,1,sibling_roster
933259,1939,2,sibling_roster
933259,1942,3,sibling_roster
933259,1943,4,sibling_roster
933259,1944,5,sibling_roster
933259,1945,6,sibling_roster
933259,1947,7,sibling_roster
933259,1948,8,sibling_roster
933259,1949,9,sibling_roster
933259,1951,10,sibling_roster
933259,1954,11,sibling_roster
900833,1938,2,graduate
900833,1937,1,sibling_roster
900833,1940,2,sibling_roster
900833,1944,3,sibling_roster
921279,1939,2,graduate
927958,1939,1,sibling_roster
927958,1942,2,sibling_roster
927958,1945,3,sibling_roster
927958,1948,4,sibling_roster
927958,1951,5,sibling_roster
909746,1941,1,sibling_roster
909746,1943,2,sibling_roster
909746,1948,3,sibling_roster
909746,1949,4,sibling_roster
909746,1959,5,sibling_roster
900854,1938,6,graduate
900854,1933,1,sibling_roster
900854,1934,2,sibling_roster
900854,1935,3,sibling_roster
900854,1936,4,sibling_roster
900854,1937,5,sibling_roster
900854,1939,6,sibling_roster
900854,1941,7,sibling_roster
904221,1939,2,graduate
904221,1938,1,sibling_roster
904221,1940,2,sibling_roster
904924,1940,1,sibling_roster
904924,1945,2,sibling_roster
904924,1950,3,sibling_roster
933040,1939,3,graduate
933040,1932,1,sibling_roster
933040,1935,2,sibling_roster
933040,1940,3,sibling_roster
933040,1945,4,sibling_roster
932577,1940,1,sibling_roster
932577,1943,2,sibling_roster
927127,1939,1,sibling_roster
927127,1945,3,sibling_roster
927127,1954,4,sibling_roster
906709,1939,1,sibling_roster
906709,1944,2,sibling_roster
927210,1940,1,sibling_roster
927210,1956,2,sibling_roster
909007,1938,2,graduate
909007,1928,1,sibling_roster
909007,1939,2,sibling_roster
921504,1940,1,sibling_roster
921504,1948,2,sibling_roster
921504,1950,3,sibling_roster
921504,1953,4,sibling_roster
917462,1938,3,graduate
917462,1927,1,sibling_roster
917462,1935,2,sibling_roster
917462,1938,3,sibling_roster
928391,1939,1,sibling_roster
928391,1944,2,sibling_roster
928391,1945,3,sibling_roster
928391,1946,4,sibling_roster
905492,1939,2,graduate
905492,1938,1,sibling_roster
905492,1940,2,sibling_roster
902439,1939,2,graduate
902439,1933,1,sibling_roster
902439,1940,2,sibling_roster
924431,1939,3,graduate
924431,1935,1,sibling_roster
924431,1937,2,sibling_roster
924431,1940,3,sibling_roster
924431,1942,4,sibling_roster
924431,1944,5,sibling_roster
924431,1949,6,sibling_roster
910833,1939,2,graduate
910833,1936,1,sibling_roster
910833,1940,2,sibling_roster
910833,1940,3,sibling_roster
922119,1939,1,sibling_roster
922119,1942,2,sibling_roster
911364,1939,2,graduate
911364,1937,1,sibling_roster
911364,1939,2,sibling_roster
911364,1940,3,sibling_roster
908822,1938,4,graduate
917564,1939,2,graduate
917564,1937,1,sibling_roster
917564,1939,2,sibling_roster
905627,1939,2,graduate
905627,1937,1,sibling_roster
905627,1940,2,sibling_roster
905627,1942,3,sibling_roster
905627,1943,4,sibling_roster
905627,1950,5,sibling_roster
908286,1938,3,graduate
908286,1935,1,sibling_roster
908286,1938,2,sibling_roster
908286,1939,3,sibling_roster
908286,1941,4,sibling_roster
908286,1953,5,sibling_roster
903886,1939,1,sibling_roster
903886,1946,2,sibling_roster
911234,1939,3,graduate
901860,1939,3,graduate
926015,1939,2,graduate
926015,1936,1,sibling_roster
926015,1940,2,sibling_roster
926015,1944,3,sibling_roster
922247,1939,5,graduate
922247,1931,1,sibling_roster
922247,1933,2,sibling_roster
922247,1938,3,sibling_roster
922247,1940,4,sibling_roster
901757,1938,2,graduate
904103,1939,2,graduate
904103,1934,1,sibling_roster
904103,1940,2,sibling_roster
904103,1941,3,sibling_roster
922176,1939,1,sibling_roster
913090,1938,2,graduate
910435,1939,2,graduate
910435,1934,1,sibling_roster
910435,1940,2,sibling_roster
910850,1938,1,sibling_roster
933648,1940,1,sibling_roster
933648,1944,2,sibling_roster
933648,1945,3,sibling_roster
928823,1939,3,graduate
931344,1939,2,graduate
931344,1936,1,sibling_roster
931344,1939,2,sibling_roster
931344,1949,3,sibling_roster
926127,1940,1,sibling_roster
926127,1944,2,sibling_roster
911400,1940,1,sibling_roster
911400,1943,2,sibling_roster
923468,1939,1,sibling_roster
923468,1945,2,sibling_roster
904729,1939,5,graduate
904729,1922,1,sibling_roster
904729,1923,2,sibling_roster
904729,1925,3,sibling_roster
904729,1932,4,sibling_roster
904729,1939,5,sibling_roster
921598,1939,2,graduate
921598,1931,1,sibling_roster
921598,1940,2,sibling_roster
920398,1940,1,sibling_roster
914260,1939,2,graduate
914260,1935,1,sibling_roster
914260,1940,2,sibling_roster
931368,1939,1,sibling_roster
931368,1944,2,sibling_roster
930878,1939,2,graduate
930878,1931,1,sibling_roster
930878,1939,2,sibling_roster
903804,1940,1,sibling_roster
903804,1944,2,sibling_roster
908392,1940,1,sibling_roster
908392,1943,2,sibling_roster
908392,1943,3,sibling_roster
913465,1939,2,graduate
913465,1934,1,sibling_roster
913465,1939,2,sibling_roster
913280,1940,1,sibling_roster
913280,1944,2,sibling_roster
913280,1946,3,sibling_roster
913280,1949,4,sibling_roster
913280,1951,5,sibling_roster
925568,1939,3,graduate
925568,1926,1,sibling_roster
925568,1933,2,sibling_roster
925568,1940,3,sibling_roster
925568,1944,4,sibling_roster
912970,1939,2,graduate
912970,1921,1,sibling_roster
912970,1940,2,sibling_roster
912970,1950,3,sibling_roster
915745,1938,2,graduate
915745,1937,1,sibling_roster
915745,1939,2,sibling_roster
915745,1943,3,sibling_roster
903332,1939,1,sibling_roster
903332,1940,2,sibling_roster
903332,1941,3,sibling_roster
903332,1943,4,sibling_roster
903332,1948,5,sibling_roster
929291,1938,2,graduate
929291,1936,1,sibling_roster
929291,1939,2,sibling_roster
904629,1938,7,graduate
923644,1939,2,graduate
923644,1935,1,sibling_roster
923644,1939,2,sibling_roster
923644,1947,3,sibling_roster
923644,1952,4,sibling_roster
920055,1939,2,graduate
920055,1937,1,sibling_roster
920055,1939,2,sibling_roster
920055,1942,3,sibling_roster
920055,1947,4,sibling_roster
929017,1939,3,graduate
929017,1937,1,sibling_roster
929017,1938,2,sibling_roster
929017,1940,3,sibling_roster
916650,1940,1,sibling_roster
916650,1943,2,sibling_roster
916650,1946,3,sibling_roster
926096,1939,2,graduate
926096,1937,1,sibling_roster
926096,1939,2,sibling_roster
926096,1945,3,sibling_roster
926096,1949,4,sibling_roster
909606,1938,1,sibling_roster
909606,1943,2,sibling_roster
909606,1948,3,sibling_roster
909606,1953,4,sibling_roster
909606,1953,5,sibling_roster
928218,1940,1,sibling_roster
928218,1945,2,sibling_roster
906471,1940,1,sibling_roster
906471,1944,2,sibling_roster
909741,1939,1,sibling_roster
909741,1943,2,sibling_roster
909741,1946,3,sibling_roster
928292,1940,1,sibling_roster
928292,1941,2,sibling_roster
905208,1939,3,graduate
909644,1938,3,graduate
931818,1939,2,graduate
931818,1939,1,sibling_roster
931818,1939,2,sibling_roster
931818,1940,3,sibling_roster
931818,1947,4,sibling_roster
922993,1939,2,graduate
922993,1935,1,sibling_roster
922993,1940,2,sibling_roster
922993,1945,3,sibling_roster
923854,1940,1,sibling_roster
923854,1943,2,sibling_roster
927504,1939,4,graduate
900233,1938,2,graduate
906442,1939,3,graduate
906442,1933,1,sibling_roster
906442,1935,2,sibling_roster
906442,1940,3,sibling_roster
906442,1947,4,sibling_roster
912348,1940,1,sibling_roster
912348,1949,2,sibling_roster
931665,1940,1,sibling_roster
931665,1942,2,sibling_roster
913849,1940,1,sibling_roster
913849,1941,2,sibling_roster
908950,1938,4,graduate
917470,1938,3,graduate
917470,1928,1,sibling_roster
917470,1933,2,sibling_roster
917470,1938,3,sibling_roster
917470,1941,4,sibling_roster
917470,1942,5,sibling_roster
917470,1944,6,sibling_roster
929611,1939,2,graduate
929611,1935,1,sibling_roster
929611,1940,2,sibling_roster
915729,1939,1,sibling_roster
915729,1940,2,sibling_roster
915729,1950,3,sibling_roster
915729,1954,4,sibling_roster
912499,1939,2,graduate
925849,1940,1,sibling_roster
925849,1943,2,sibling_roster
915034,1939,4,graduate
915034,1928,1,sibling_roster
915034,1931,2,sibling_roster
915034,1935,3,sibling_roster
915034,1939,4,sibling_roster
924092,1939,2,graduate
927953,1937,1,sibling_roster
927953,1940,2,sibling_roster
933398,1939,2,graduate
933398,1934,1,sibling_roster
933398,1939,2,sibling_roster
933398,1939,3,sibling_roster
908647,1939,1,sibling_roster
908647,1946,2,sibling_roster
908647,1953,3,sibling_roster
919728,1940,1,sibling_roster
919728,1943,2,sibling_roster
926524,1939,2,graduate
926524,1936,1,sibling_roster
926524,1939,2,sibling_roster
926524,1943,3,sibling_roster
908037,1939,1,sibling_roster
908037,1941,2,sibling_roster
905338,1939,2,graduate
905338,1936,1,sibling_roster
905338,1939,2,sibling_roster
905338,1940,3,sibling_roster
920940,1938,3,graduate
908870,1939,2,graduate
908870,1936,1,sibling_roster
908870,1940,2,sibling_roster
908870,1944,3,sibling_roster
925881,1939,3,graduate
925881,1928,1,sibling_roster
925881,1929,2,sibling_roster
925881,1940,3,sibling_roster
916942,1939,2,graduate
916942,1935,1,sibling_roster
916942,1940,2,sibling_roster
913865,1939,2,graduate
913865,1935,1,sibling_roster
913865,1940,2,sibling_roster
913865,1945,3,sibling_roster
915742,1939,3,graduate
915742,1911,1,sibling_roster
915742,1920,2,sibling_roster
915742,1922,3,sibling_roster
915742,1940,4,sibling_roster
901072,1938,2,graduate
901072,1937,1,sibling_roster
901072,1939,2,sibling_roster
901072,1941,3,sibling_roster
925065,1939,2,graduate
925065,1934,1,sibling_roster
925065,1940,2,sibling_roster
925787,1938,3,graduate
925787,1933,1,sibling_roster
925787,1937,2,sibling_roster
925787,1939,3,sibling_roster
925787,1941,4,sibling_roster
925787,1945,5,sibling_roster
925787,1947,6,sibling_roster
925787,1953,7,sibling_roster
911178,1940,1,sibling_roster
911178,1943,2,sibling_roster
911178,1949,3,sibling_roster
916299,1939,2,graduate
916299,1936,1,sibling_roster
916299,1940,2,sibling_roster
916299,1942,3,sibling_roster
916299,1950,4,sibling_roster
901892,1939,1,sibling_roster
901892,1947,2,sibling_roster
918852,1939,2,graduate
927922,1939,3,graduate
925511,1939,1,sibling_roster
925511,1941,2,sibling_roster
925511,1941,3,sibling_roster
925511,1943,4,sibling_roster
925511,1949,5,sibling_roster
925511,1951,7,sibling_roster
925511,1958,8,sibling_roster
925511,1959,9,sibling_roster
925511,1961,10,sibling_roster
924669,1939,3,graduate
924669,1936,1,sibling_roster
924669,1937,2,sibling_roster
924669,1939,3,sibling_roster
914357,1940,1,sibling_roster
909345,1940,1,sibling_roster
925694,1939,2,graduate
925694,1935,1,sibling_roster
925694,1940,2,sibling_roster
925694,1946,3,sibling_roster
925694,1947,4,sibling_roster
925694,1955,5,sibling_roster
913681,1940,1,sibling_roster
913681,1942,2,sibling_roster
913681,1945,3,sibling_roster
913681,1954,4,sibling_roster
902746,1938,2,graduate
916188,1939,2,graduate
916188,1937,1,sibling_roster
916188,1940,2,sibling_roster
916188,1941,3,sibling_roster
916188,1943,4,sibling_roster
914592,1938,2,graduate
914592,1936,1,sibling_roster
914592,1939,2,sibling_roster
914592,1950,3,sibling_roster
914592,1953,4,sibling_roster
903099,1940,1,sibling_roster
903099,1945,2,sibling_roster
933125,1939,3,graduate
933125,1935,1,sibling_roster
933125,1936,2,sibling_roster
933125,1940,3,sibling_roster
933125,1950,4,sibling_roster
933125,1954,5,sibling_roster
904539,1938,2,graduate
904539,1938,1,sibling_roster
904539,1940,2,sibling_roster
904539,1941,3,sibling_roster
904539,1956,4,sibling_roster
904539,1957,5,sibling_roster
904539,1959,6,sibling_roster
904539,1962,7,sibling_roster
904539,1971,9,sibling_roster
912158,1939,2,graduate
930722,1939,2,graduate
930722,1933,1,sibling_roster
930722,1940,2,sibling_roster
930722,1943,3,sibling_roster
920244,1938,2,graduate
920244,1933,1,sibling_roster
920244,1939,2,sibling_roster
907097,1940,1,sibling_roster
911004,1939,5,graduate
911004,1932,1,sibling_roster
911004,1934,2,sibling_roster
911004,1936,3,sibling_roster
911004,1940,4,sibling_roster
911004,1944,5,sibling_roster
915910,1938,4,graduate
913290,1940,1,sibling_roster
913290,1944,2,sibling_roster
913290,1947,3,sibling_roster
923683,1939,1,sibling_roster
923683,1939,2,sibling_roster
923683,1942,3,sibling_roster
923683,1947,4,sibling_roster
923683,1949,5,sibling_roster
900623,1939,2,graduate
900623,1935,1,sibling_roster
900623,1940,2,sibling_roster
914793,1939,5,graduate
914793,1929,1,sibling_roster
914793,1932,2,sibling_roster
914793,1935,3,sibling_roster
914793,1936,4,sibling_roster
914793,1940,5,sibling_roster
918279,1938,2,graduate
918279,1936,1,sibling_roster
918279,1939,2,sibling_roster
918279,1941,3,sibling_roster
918279,1951,4,sibling_roster
923204,1939,1,sibling_roster
923204,1942,2,sibling_roster
923204,1955,3,sibling_roster
923204,1956,4,sibling_roster
921080,1939,2,graduate
921080,1933,1,sibling_roster
921080,1940,2,sibling_roster
927883,1940,1,sibling_roster
927883,1943,2,sibling_roster
927883,1945,3,sibling_roster
927883,1947,4,sibling_roster
927883,1948,5,sibling_roster
927883,1951,6,sibling_roster
927883,1954,7,sibling_roster
927883,1955,8,sibling_roster
915115,1940,1,sibling_roster
915115,1944,2,sibling_roster
915115,1953,3,sibling_roster
915115,1955,4,sibling_roster
905597,1938,4,graduate
905597,1930,1,sibling_roster
905597,1939,2,sibling_roster
916605,1939,2,graduate
916605,1939,1,sibling_roster
916605,1940,2,sibling_roster
916605,1943,3,sibling_roster
931472,1939,1,sibling_roster
914217,1939,2,graduate
914217,1935,1,sibling_roster
914217,1939,2,sibling_roster
915423,1939,1,sibling_roster
911966,1940,1,sibling_roster
911966,1947,2,sibling_roster
911966,1952,3,sibling_roster
911966,1954,4,sibling_roster
920569,1939,1,sibling_roster
928793,1940,1,sibling_roster
928793,1944,2,sibling_roster
928793,1946,3,sibling_roster
928793,1954,4,sibling_roster
902347,1939,2,graduate
902347,1935,1,sibling_roster
902347,1939,2,sibling_roster
902347,1948,3,sibling_roster
901344,1940,1,sibling_roster
917464,1939,2,graduate
917464,1939,1,sibling_roster
917464,1940,2,sibling_roster
917464,1942,3,sibling_roster
917464,1945,4,sibling_roster
917464,1948,5,sibling_roster
917464,1949,6,sibling_roster
924932,1938,8,graduate
924932,1918,1,sibling_roster
924932,1920,2,sibling_roster
924932,1921,3,sibling_roster
924932,1925,4,sibling_roster
924932,1927,5,sibling_roster
924932,1935,6,sibling_roster
924932,1939,7,sibling_roster
920482,1937,2,graduate
920482,1938,1,sibling_roster
920482,1941,2,sibling_roster
920482,1948,3,sibling_roster
908212,1938,3,graduate
917637,1940,1,sibling_roster
917637,1942,2,sibling_roster
906912,1939,1,sibling_roster
906912,1942,2,sibling_roster
906912,1947,3,sibling_roster
906912,1954,4,sibling_roster
906912,1958,5,sibling_roster
906912,1963,6,sibling_roster
928855,1939,2,graduate
928478,1939,2,graduate
921438,1939,2,graduate
921438,1930,1,sibling_roster
921438,1940,2,sibling_roster
920717,1939,2,graduate
920717,1939,1,sibling_roster
920717,1940,2,sibling_roster
920717,1945,3,sibling_roster
931971,1939,4,graduate
931971,1936,1,sibling_roster
931971,1939,2,sibling_roster
931971,1940,3,sibling_roster
931971,1941,4,sibling_roster
931971,1944,5,sibling_roster
931971,1946,6,sibling_roster
931971,1949,7,sibling_roster
917877,1938,2,graduate
928755,1939,1,sibling_roster
928755,1944,2,sibling_roster
929357,1939,6,graduate
929357,1928,1,sibling_roster
929357,1930,3,sibling_roster
929357,1933,4,sibling_roster
929357,1939,6,sibling_roster
905524,1939,2,graduate
905524,1938,1,sibling_roster
905524,1939,2,sibling_roster
905524,1940,3,sibling_roster
927985,1939,5,graduate
927985,1930,1,sibling_roster
927985,1932,2,sibling_roster
927985,1933,3,sibling_roster
927985,1938,4,sibling_roster
927985,1939,5,sibling_roster
927985,1941,6,sibling_roster
927985,1944,7,sibling_roster
927985,1947,8,sibling_roster
927985,1949,9,sibling_roster
924046,1939,9,graduate
924046,1914,1,sibling_roster
924046,1924,2,sibling_roster
924046,1926,3,sibling_roster
924046,1927,4,sibling_roster
924046,1928,5,sibling_roster
924046,1928,6,sibling_roster
924046,1934,7,sibling_roster
924046,1937,8,sibling_roster
924046,1940,9,sibling_roster
924046,1944,10,sibling_roster
925071,1939,7,graduate
925071,1915,1,sibling_roster
925071,1920,2,sibling_roster
925071,1930,3,sibling_roster
925071,1931,4,sibling_roster
925071,1935,5,sibling_roster
925071,1940,6,sibling_roster
918339,1939,3,graduate
920891,1939,3,graduate
920891,1932,1,sibling_roster
920891,1934,2,sibling_roster
920891,1939,3,sibling_roster
923655,1939,1,sibling_roster
923655,1941,2,sibling_roster
923655,1946,3,sibling_roster
923655,1946,4,sibling_roster
925453,1939,4,graduate
925453,1930,1,sibling_roster
925453,1930,2,sibling_roster
925453,1934,3,sibling_roster
925453,1939,4,sibling_roster
911674,1939,1,sibling_roster
928890,1940,1,sibling_roster
926345,1939,4,graduate
926345,1935,1,sibling_roster
926345,1936,2,sibling_roster
926345,1939,3,sibling_roster
916685,1940,1,sibling_roster
916685,1944,2,sibling_roster
910719,1939,2,graduate
910719,1930,1,sibling_roster
910719,1939,2,sibling_roster
924910,1939,7,graduate
924910,1930,1,sibling_roster
924910,1930,2,sibling_roster
924910,1931,3,sibling_roster
924910,1932,4,sibling_roster
924910,1933,5,sibling_roster
924910,1937,6,sibling_roster
924910,1939,7,sibling_roster
924910,1942,8,sibling_roster
924910,1945,9,sibling_roster
924910,1945,10,sibling_roster
906347,1935,1,sibling_roster
906347,1939,2,sibling_roster
906347,1941,3,sibling_roster
906347,1946,4,sibling_roster
906347,1947,5,sibling_roster
924499,1939,2,graduate
924499,1934,1,sibling_roster
924499,1939,2,sibling_roster
904231,1939,2,graduate
904231,1937,1,sibling_roster
904231,1939,2,sibling_roster
904231,1945,3,sibling_roster
929354,1940,8,graduate
929354,1940,6,sibling_roster
925660,1940,1,sibling_roster
925660,1944,2,sibling_roster
925660,1946,3,sibling_roster
933334,1939,3,graduate
933334,1937,1,sibling_roster
933334,1939,2,sibling_roster
919666,1938,2,graduate
919666,1931,1,sibling_roster
919666,1939,2,sibling_roster
919666,1946,3,sibling_roster
913088,1939,2,graduate
913088,1938,1,sibling_roster
913088,1940,2,sibling_roster
913088,1947,3,sibling_roster
913088,1950,4,sibling_roster
913088,1954,5,sibling_roster
930180,1939,2,graduate
929563,1939,1,sibling_roster
929563,1943,2,sibling_roster
913128,1939,4,graduate
913128,1927,1,sibling_roster
913128,1928,2,sibling_roster
913128,1931,3,sibling_roster
913128,1939,4,sibling_roster
926817,1938,2,graduate
926817,1937,1,sibling_roster
926817,1939,2,sibling_roster
922018,1939,4,graduate
922018,1933,1,sibling_roster
922018,1937,2,sibling_roster
922018,1940,3,sibling_roster
933443,1939,2,graduate
933443,1937,1,sibling_roster
933443,1939,2,sibling_roster
933443,1942,3,sibling_roster
933443,1944,4,sibling_roster
933443,1953,5,sibling_roster
933443,1954,6,sibling_roster
933443,1957,7,sibling_roster
932941,1940,1,sibling_roster
915982,1939,6,graduate
915982,1930,1,sibling_roster
915982,1932,2,sibling_roster
915982,1933,3,sibling_roster
915982,1935,4,sibling_roster
915982,1937,5,sibling_roster
915982,1939,6,sibling_roster
915982,1941,7,sibling_roster
915982,1943,8,sibling_roster
915982,1945,9,sibling_roster
915982,1947,10,sibling_roster
915982,1951,11,sibling_roster
905302,1940,1,sibling_roster
905302,1942,2,sibling_roster
905302,1944,3,sibling_roster
905302,1947,4,sibling_roster
905302,1953,5,sibling_roster
903847,1939,3,graduate
918660,1938,2,graduate
918660,1937,1,sibling_roster
918660,1939,2,sibling_roster
918660,1941,3,sibling_roster
918660,1948,4,sibling_roster
901303,1939,1,sibling_roster
901303,1941,2,sibling_roster
901303,1942,3,sibling_roster
901303,1944,4,sibling_roster
901303,1945,5,sibling_roster
901303,1947,6,sibling_roster
901303,1948,7,sibling_roster
901303,1950,8,sibling_roster
901303,1950,9,sibling_roster
901303,1952,10,sibling_roster
901303,1953,11,sibling_roster
901303,1955,12,sibling_roster
905574,1939,1,sibling_roster
905574,1946,2,sibling_roster
905574,1949,3,sibling_roster
905574,1950,4,sibling_roster
933281,1938,2,graduate
933281,1935,1,sibling_roster
933281,1939,2,sibling_roster
933281,1943,3,sibling_roster
910308,1939,3,graduate
910308,1924,2,sibling_roster
910308,1939,3,sibling_roster
910308,1946,4,sibling_roster
916007,1937,3,graduate
916007,1928,1,sibling_roster
916007,1932,2,sibling_roster
916007,1938,3,sibling_roster
904284,1939,4,graduate
904284,1926,1,sibling_roster
904284,1934,2,sibling_roster
904284,1939,3,sibling_roster
924054,1940,1,sibling_roster
924054,1944,2,sibling_roster
910702,1938,2,graduate
917574,1939,1,sibling_roster
917574,1945,2,sibling_roster
927768,1940,1,sibling_roster
927768,1943,2,sibling_roster
920950,1938,5,graduate
920950,1939,2,sibling_roster
920950,1939,3,sibling_roster
920950,1945,4,sibling_roster
920950,1946,5,sibling_roster
920950,1947,6,sibling_roster
920950,1948,7,sibling_roster
920950,1949,8,sibling_roster
929402,1939,1,sibling_roster
931195,1938,5,graduate
918019,1939,2,graduate
918019,1938,1,sibling_roster
918019,1940,2,sibling_roster
918019,1942,3,sibling_roster
918019,1942,4,sibling_roster
929071,1939,9,graduate
929071,1923,1,sibling_roster
929071,1925,2,sibling_roster
929071,1928,3,sibling_roster
929071,1932,4,sibling_roster
929071,1933,5,sibling_roster
929071,1925,7,sibling_roster
929071,1939,8,sibling_roster
929071,1940,9,sibling_roster
933810,1939,1,sibling_roster
933810,1946,2,sibling_roster
923890,1939,3,graduate
912309,1939,1,sibling_roster
912309,1941,2,sibling_roster
912309,1945,3,sibling_roster
912309,1949,4,sibling_roster
927596,1940,1,sibling_roster
927596,1945,2,sibling_roster
927596,1948,3,sibling_roster
927596,1961,4,sibling_roster
927596,1962,5,sibling_roster
927596,1965,6,sibling_roster
900170,1939,1,sibling_roster
900170,1940,2,sibling_roster
900170,1941,3,sibling_roster
900170,1944,4,sibling_roster
900170,1947,5,sibling_roster
900170,1950,6,sibling_roster
900170,1955,7,sibling_roster
900170,1959,8,sibling_roster
923343,1939,3,graduate
923343,1936,1,sibling_roster
923343,1937,2,sibling_roster
923343,1939,3,sibling_roster
923343,1942,4,sibling_roster
923343,1944,5,sibling_roster
923343,1948,6,sibling_roster
923343,1951,7,sibling_roster
900594,1939,1,sibling_roster
900594,1942,2,sibling_roster
900594,1946,3,sibling_roster
923349,1939,9,graduate
923349,1927,1,sibling_roster
923349,1929,2,sibling_roster
923349,1931,3,sibling_roster
923349,1932,4,sibling_roster
923349,1935,5,sibling_roster
923349,1937,6,sibling_roster
923349,1939,7,sibling_roster
923349,1940,8,sibling_roster
920201,1939,8,graduate
920201,1925,1,sibling_roster
920201,1926,2,sibling_roster
920201,1928,3,sibling_roster
920201,1931,4,sibling_roster
920201,1932,5,sibling_roster
920201,1934,6,sibling_roster
920201,1938,7,sibling_roster
920201,1940,8,sibling_roster
920201,1942,9,sibling_roster
920201,1944,10,sibling_roster
913734,1940,1,sibling_roster
913734,1947,2,sibling_roster
913734,1948,3,sibling_roster
913734,1949,4,sibling_roster
904736,1939,11,graduate
904736,1922,1,sibling_roster
904736,1923,2,sibling_roster
904736,1924,3,sibling_roster
904736,1926,4,sibling_roster
904736,1927,5,sibling_roster
904736,1929,6,sibling_roster
904736,1931,7,sibling_roster
904736,1934,8,sibling_roster
904736,1935,9,sibling_roster
904736,1937,10,sibling_roster
904736,1939,11,sibling_roster
910118,1939,1,sibling_roster
910118,1941,2,sibling_roster
910118,1945,3,sibling_roster
910118,1948,4,sibling_roster
910118,1953,5,sibling_roster
910118,1958,6,sibling_roster
917451,1939,2,graduate
903247,1939,2,graduate
903247,1938,1,sibling_roster
903247,1939,2,sibling_roster
903247,1941,3,sibling_roster
903247,1950,4,sibling_roster
903247,1954,5,sibling_roster
910428,1939,6,graduate
910428,1931,1,sibling_roster
910428,1934,2,sibling_roster
910428,1935,3,sibling_roster
910428,1936,4,sibling_roster
910428,1937,5,sibling_roster
910428,1939,6,sibling_roster
910428,1941,7,sibling_roster
922418,1940,1,sibling_roster
922418,1941,2,sibling_roster
922418,1945,3,sibling_roster
922418,1946,4,sibling_roster
922418,1951,5,sibling_roster
913033,1939,5,graduate
913033,1928,1,sibling_roster
913033,1928,2,sibling_roster
913033,1930,3,sibling_roster
913033,1932,4,sibling_roster
913033,1937,5,sibling_roster
913033,1940,6,sibling_roster
913033,1941,7,sibling_roster
913033,1945,8,sibling_roster
913033,1949,9,sibling_roster
910828,1939,4,graduate
921944,1940,1,sibling_roster
921944,1941,2,sibling_roster
921944,1951,3,sibling_roster
920652,1939,3,graduate
909563,1938,2,graduate
925492,1939,1,sibling_roster
925492,1942,2,sibling_roster
925492,1948,3,sibling_roster
907506,1937,2,graduate
916974,1939,2,graduate
916974,1938,1,sibling_roster
916974,1939,2,sibling_roster
916974,1942,3,sibling_roster
904209,1938,6,graduate
904209,1934,1,sibling_roster
904209,1935,2,sibling_roster
904209,1935,3,sibling_roster
904209,1936,4,sibling_roster
904209,1937,5,sibling_roster
904209,1938,6,sibling_roster
904209,1943,7,sibling_roster
904209,1948,8,sibling_roster
900649,1939,1,sibling_roster
900649,1940,2,sibling_roster
900649,1947,3,sibling_roster
900649,1950,4,sibling_roster
903600,1939,3,graduate
919976,1939,8,graduate
900943,1939,1,sibling_roster
900943,1941,2,sibling_roster
900943,1945,3,sibling_roster
900943,1947,4,sibling_roster
900943,1949,5,sibling_roster
900943,1951,6,sibling_roster
933286,1939,2,graduate
933286,1935,1,sibling_roster
933286,1940,2,sibling_roster
933286,1940,3,sibling_roster
915780,1939,6,graduate
915780,1921,1,sibling_roster
915780,1925,2,sibling_roster
915780,1927,3,sibling_roster
915780,1932,4,sibling_roster
915780,1933,5,sibling_roster
915780,1940,6,sibling_roster
905158,1939,3,graduate
905158,1937,1,sibling_roster
905158,1938,2,sibling_roster
905158,1940,3,sibling_roster
905158,1943,4,sibling_roster
915141,1939,3,graduate
915141,1934,1,sibling_roster
915141,1936,2,sibling_roster
915141,1940,3,sibling_roster
915141,1944,4,sibling_roster
915141,1946,5,sibling_roster
915141,1948,6,sibling_roster
919670,1938,7,graduate
919670,1926,1,sibling_roster
919670,1928,2,sibling_roster
919670,1930,3,sibling_roster
919670,1931,4,sibling_roster
919670,1933,5,sibling_roster
919670,1934,6,sibling_roster
919670,1939,7,sibling_roster
930658,1937,4,graduate
909076,1940,1,sibling_roster
909076,1947,2,sibling_roster
909076,1950,3,sibling_roster
909076,1952,4,sibling_roster
914546,1940,1,sibling_roster
914546,1943,2,sibling_roster
914546,1955,3,sibling_roster
914546,1961,4,sibling_roster
911942,1939,3,graduate
911942,1936,1,sibling_roster
911942,1936,2,sibling_roster
911942,1939,3,sibling_roster
911942,1949,4,sibling_roster
932634,1939,1,sibling_roster
932634,1943,2,sibling_roster
932634,1947,3,sibling_roster
926030,1938,1,sibling_roster
926030,1940,2,sibling_roster
926030,1943,3,sibling_roster
926030,1945,4,sibling_roster
926030,1952,5,sibling_roster
911219,1940,1,sibling_roster
911219,1942,2,sibling_roster
911219,1948,3,sibling_roster
911219,1952,4,sibling_roster
903706,1939,7,graduate
903706,1928,1,sibling_roster
903706,1932,2,sibling_roster
903706,1934,3,sibling_roster
903706,1936,4,sibling_roster
903706,1938,5,sibling_roster
903706,1939,6,sibling_roster
903706,1939,7,sibling_roster
900706,1938,9,graduate
900706,1919,1,sibling_roster
900706,1921,2,sibling_roster
900706,1922,3,sibling_roster
900706,1924,4,sibling_roster
900706,1925,5,sibling_roster
900706,1929,6,sibling_roster
900706,1930,7,sibling_roster
900706,1933,8,sibling_roster
900706,1938,9,sibling_roster
900706,1941,10,sibling_roster
927868,1939,2,graduate
927868,1939,1,sibling_roster
927868,1943,2,sibling_roster
905080,1939,1,sibling_roster
905080,1940,2,sibling_roster
905080,1942,3,sibling_roster
905080,1958,4,sibling_roster
916416,1938,5,graduate
905018,1938,2,graduate
905018,1936,1,sibling_roster
905018,1939,2,sibling_roster
910710,1939,5,graduate
927256,1939,1,sibling_roster
927256,1942,2,sibling_roster
927256,1943,3,sibling_roster
927256,1944,4,sibling_roster
927256,1948,5,sibling_roster
920128,1938,5,graduate
920128,1930,1,sibling_roster
920128,1931,2,sibling_roster
920128,1935,3,sibling_roster
920128,1937,4,sibling_roster
920128,1939,5,sibling_roster
922314,1939,5,graduate
922314,1933,1,sibling_roster
922314,1933,2,sibling_roster
922314,1934,3,sibling_roster
922314,1937,4,sibling_roster
922314,1939,5,sibling_roster
922314,1944,6,sibling_roster
922314,1949,7,sibling_roster
933321,1939,2,graduate
933321,1937,1,sibling_roster
933321,1940,2,sibling_roster
933321,1947,3,sibling_roster
933321,1955,4,sibling_roster
933413,1939,1,sibling_roster
933413,1945,2,sibling_roster
933413,1946,3,sibling_roster
933413,1947,4,sibling_roster
933413,1952,5,sibling_roster
933413,1957,6,sibling_roster
923629,1940,3,graduate
923629,1937,1,sibling_roster
923629,1938,2,sibling_roster
923629,1941,3,sibling_roster
923629,1945,4,sibling_roster
923629,1947,5,sibling_roster
923629,1950,6,sibling_roster
923629,1952,7,sibling_roster
923629,1953,8,sibling_roster
932986,1939,2,graduate
932986,1933,1,sibling_roster
932986,1940,2,sibling_roster
932986,1946,3,sibling_roster
919627,1939,3,graduate
919627,1933,1,sibling_roster
919627,1936,2,sibling_roster
919627,1940,3,sibling_roster
919627,1940,4,sibling_roster
921623,1939,2,graduate
921623,1938,1,sibling_roster
921623,1940,2,sibling_roster
921623,1949,3,sibling_roster
921623,1953,4,sibling_roster
901398,1939,1,sibling_roster
901398,1943,2,sibling_roster
901398,1946,3,sibling_roster
901398,1947,4,sibling_roster
901398,1950,5,sibling_roster
901398,1953,6,sibling_roster
925227,1939,2,graduate
925227,1936,1,sibling_roster
925227,1939,2,sibling_roster
925227,1939,3,sibling_roster
925227,1943,4,sibling_roster
925227,1947,5,sibling_roster
925227,1950,6,sibling_roster
930819,1939,6,graduate
927390,1940,1,sibling_roster
927390,1942,2,sibling_roster
927390,1945,3,sibling_roster
927390,1947,4,sibling_roster
927390,1949,5,sibling_roster
927390,1950,6,sibling_roster
927390,1953,7,sibling_roster
927390,1954,8,sibling_roster
903835,1939,3,graduate
903835,1935,1,sibling_roster
903835,1937,2,sibling_roster
903835,1940,3,sibling_roster
903835,1945,4,sibling_roster
903835,1952,5,sibling_roster
903835,1955,6,sibling_roster
911608,1939,1,sibling_roster
911608,1941,2,sibling_roster
908909,1938,9,graduate
908909,1925,1,sibling_roster
908909,1925,2,sibling_roster
908909,1926,3,sibling_roster
908909,1928,4,sibling_roster
908909,1932,5,sibling_roster
908909,1936,8,sibling_roster
908909,1939,9,sibling_roster
908057,1939,4,graduate
908057,1935,1,sibling_roster
908057,1936,2,sibling_roster
908057,1937,3,sibling_roster
908057,1940,4,sibling_roster
908057,1942,5,sibling_roster
906699,1939,2,graduate
901525,1938,3,graduate
901525,1935,1,sibling_roster
901525,1937,2,sibling_roster
901525,1940,3,sibling_roster
901525,1943,4,sibling_roster
901525,1945,5,sibling_roster
901525,1947,6,sibling_roster
901525,1951,7,sibling_roster
902844,1939,1,sibling_roster
902844,1948,2,sibling_roster
913109,1939,6,graduate
913109,1929,1,sibling_roster
913109,1933,2,sibling_roster
913109,1935,3,sibling_roster
913109,1937,4,sibling_roster
913109,1938,5,sibling_roster
913109,1939,6,sibling_roster
913109,1953,7,sibling_roster
928904,1938,2,graduate
909294,1939,1,sibling_roster
909294,1940,2,sibling_roster
909294,1944,3,sibling_roster
922415,1939,3,graduate
922415,1937,1,sibling_roster
922415,1939,2,sibling_roster
922415,1940,3,sibling_roster
922415,1947,4,sibling_roster
922415,1950,5,sibling_roster
932149,1938,2,graduate
932149,1937,1,sibling_roster
932149,1939,2,sibling_roster
932149,1942,3,sibling_roster
932149,1946,4,sibling_roster
932149,1952,5,sibling_roster
929930,1938,5,graduate
929930,1932,2,sibling_roster
929930,1935,3,sibling_roster
929930,1939,4,sibling_roster
929930,1939,5,sibling_roster
929930,1941,6,sibling_roster
930506,1938,1,sibling_roster
930506,1943,2,sibling_roster
930506,1945,3,sibling_roster
930506,1951,4,sibling_roster
904897,1939,1,sibling_roster
904897,1942,2,sibling_roster
902471,1939,2,graduate
902471,1938,1,sibling_roster
902471,1940,2,sibling_roster
902471,1944,3,sibling_roster
916387,1939,6,graduate
916387,1921,1,sibling_roster
916387,1923,2,sibling_roster
916387,1925,3,sibling_roster
916387,1929,4,sibling_roster
916387,1936,5,sibling_roster
916387,1940,6,sibling_roster
908045,1939,2,graduate
908045,1937,1,sibling_roster
908045,1939,2,sibling_roster
908045,1950,3,sibling_roster
933598,1939,4,graduate
933583,1939,2,graduate
933583,1936,1,sibling_roster
933583,1939,2,sibling_roster
933583,1941,3,sibling_roster
933583,1945,4,sibling_roster
915909,1939,4,graduate
915909,1933,1,sibling_roster
915909,1938,2,sibling_roster
915909,1938,3,sibling_roster
915909,1938,4,sibling_roster
915909,1940,5,sibling_roster
915909,1942,6,sibling_roster
915909,1946,7,sibling_roster
915909,1948,8,sibling_roster
915909,1952,9,sibling_roster
915909,1957,10,sibling_roster
926575,1939,3,graduate
926575,1933,1,sibling_roster
926575,1934,2,sibling_roster
926575,1940,3,sibling_roster
918654,1939,1,sibling_roster
901839,1939,3,graduate
901839,1935,1,sibling_roster
901839,1937,2,sibling_roster
901839,1940,3,sibling_roster
901839,1942,4,sibling_roster
901839,1947,5,sibling_roster
901839,1947,6,sibling_roster
901839,1950,7,sibling_roster
933202,1940,1,sibling_roster
933202,1943,2,sibling_roster
933202,1945,3,sibling_roster
933202,1947,4,sibling_roster
933202,1950,5,sibling_roster
933202,1953,6,sibling_roster
933202,1963,7,sibling_roster
906139,1939,3,graduate
906139,1925,1,sibling_roster
906139,1930,2,sibling_roster
906139,1940,3,sibling_roster
909907,1940,1,sibling_roster
904291,1940,2,graduate
904291,1938,1,sibling_roster
904291,1940,2,sibling_roster
904291,1941,3,sibling_roster
904291,1945,4,sibling_roster
904291,1947,5,sibling_roster
917047,1940,1,sibling_roster
914119,1940,1,sibling_roster
914119,1942,2,sibling_roster
914119,1953,3,sibling_roster
904702,1940,1,sibling_roster
916601,1940,1,sibling_roster
916601,1945,2,sibling_roster
931663,1939,1,sibling_roster
931663,1941,2,sibling_roster
931663,1942,3,sibling_roster
931663,1943,4,sibling_roster
906872,1939,1,sibling_roster
906872,1947,2,sibling_roster
925348,1939,3,graduate
925348,1933,1,sibling_roster
925348,1937,2,sibling_roster
925348,1940,3,sibling_roster
925348,1945,4,sibling_roster
932016,1939,3,graduate
932016,1936,1,sibling_roster
932016,1938,2,sibling_roster
932016,1940,3,sibling_roster
927377,1939,1,sibling_roster
916032,1939,2,graduate
914088,1940,1,sibling_roster
915384,1939,2,graduate
915384,1938,1,sibling_roster
915384,1940,2,sibling_roster
927832,1940,1,sibling_roster
927832,1941,2,sibling_roster
927832,1944,3,sibling_roster
927832,1951,4,sibling_roster
927832,1958,5,sibling_roster
905987,1939,7,graduate
905987,1926,1,sibling_roster
905987,1929,2,sibling_roster
905987,1932,3,sibling_roster
905987,1936,4,sibling_roster
905987,1937,5,sibling_roster
905987,1940,6,sibling_roster
905987,1950,7,sibling_roster
932684,1940,1,sibling_roster
932684,1941,2,sibling_roster
932684,1945,3,sibling_roster
932684,1949,4,sibling_roster
927437,1939,2,graduate
927437,1936,1,sibling_roster
927437,1939,2,sibling_roster
900695,1939,3,graduate
923168,1938,10,graduate
923168,1915,1,sibling_roster
923168,1918,2,sibling_roster
923168,1921,3,sibling_roster
923168,1931,4,sibling_roster
923168,1933,5,sibling_roster
923168,1934,6,sibling_roster
923168,1935,7,sibling_roster
923168,1936,8,sibling_roster
923168,1937,9,sibling_roster
923168,1939,10,sibling_roster
914801,1939,4,graduate
923855,1940,1,sibling_roster
923855,1945,2,sibling_roster
910376,1938,7,graduate
910376,1925,1,sibling_roster
910376,1927,2,sibling_roster
910376,1929,3,sibling_roster
910376,1931,4,sibling_roster
910376,1934,5,sibling_roster
910376,1936,6,sibling_roster
910376,1938,7,sibling_roster
933878,1939,2,graduate
933878,1937,1,sibling_roster
933878,1940,2,sibling_roster
900581,1939,5,graduate
900581,1919,1,sibling_roster
900581,1928,2,sibling_roster
900581,1932,3,sibling_roster
900581,1933,4,sibling_roster
900581,1940,5,sibling_roster
900581,1942,6,sibling_roster
900581,1944,7,sibling_roster
905392,1939,2,graduate
905392,1935,1,sibling_roster
905392,1940,2,sibling_roster
905392,1943,3,sibling_roster
905392,1945,4,sibling_roster
906614,1939,6,graduate
900468,1940,1,sibling_roster
900468,1945,2,sibling_roster
900468,1956,3,sibling_roster
927746,1939,2,graduate
928115,1940,1,sibling_roster
928115,1944,2,sibling_roster
928115,1950,3,sibling_roster
920470,1939,5,graduate
920470,1935,1,sibling_roster
920470,1936,2,sibling_roster
920470,1937,3,sibling_roster
920470,1940,5,sibling_roster
920470,1941,6,sibling_roster
920470,1942,7,sibling_roster
920470,1943,8,sibling_roster
920470,1944,9,sibling_roster
920470,1944,10,sibling_roster
920470,1951,11,sibling_roster
920470,1958,12,sibling_roster
917715,1939,2,graduate
917715,1937,1,sibling_roster
917715,1939,2,sibling_roster
917715,1941,3,sibling_roster
917715,1949,4,sibling_roster
933155,1940,1,sibling_roster
933155,1941,2,sibling_roster
933155,1943,3,sibling_roster
933155,1944,4,sibling_roster
933155,1950,5,sibling_roster
933155,1956,6,sibling_roster
933155,1960,7,sibling_roster
933155,1962,8,sibling_roster
900452,1939,1,sibling_roster
900452,1943,2,sibling_roster
910543,1939,2,graduate
910543,1937,1,sibling_roster
910543,1940,2,sibling_roster
910543,1941,3,sibling_roster
910543,1947,4,sibling_roster
910543,1949,5,sibling_roster
910543,1958,6,sibling_roster
918528,1938,3,graduate
918528,1935,1,sibling_roster
918528,1936,2,sibling_roster
918528,1939,3,sibling_roster
918528,1940,4,sibling_roster
918528,1942,5,sibling_roster
918528,1945,6,sibling_roster
918528,1948,7,sibling_roster
918528,1953,8,sibling_roster
927016,1940,1,sibling_roster
927016,1945,2,sibling_roster
922346,1939,6,graduate
913221,1939,2,graduate
913221,1938,1,sibling_roster
913221,1940,2,sibling_roster
900174,1939,10,graduate
900174,1920,1,sibling_roster
900174,1922,2,sibling_roster
900174,1927,3,sibling_roster
900174,1929,4,sibling_roster
900174,1931,5,sibling_roster
900174,1932,6,sibling_roster
900174,1935,7,sibling_roster
900174,1935,8,sibling_roster
900174,1937,9,sibling_roster
900174,1940,10,sibling_roster
900174,1942,11,sibling_roster
923800,1938,6,graduate
923800,1931,1,sibling_roster
923800,1935,3,sibling_roster
923800,1937,4,sibling_roster
923800,1938,5,sibling_roster
923800,1939,6,sibling_roster
923800,1942,7,sibling_roster
923800,1944,8,sibling_roster
923800,1947,9,sibling_roster
923800,1947,10,sibling_roster
920302,1939,3,graduate
920302,1935,1,sibling_roster
920302,1937,2,sibling_roster
920302,1940,3,sibling_roster
920302,1943,4,sibling_roster
920302,1947,5,sibling_roster
920302,1953,6,sibling_roster
920302,1953,7,sibling_roster
920302,1953,8,sibling_roster
921845,1939,5,graduate
921845,1935,1,sibling_roster
921845,1937,2,sibling_roster
921845,1940,3,sibling_roster
921845,1941,4,sibling_roster
921845,1947,5,sibling_roster
921845,1949,6,sibling_roster
921845,1950,7,sibling_roster
921845,1951,8,sibling_roster
920769,1939,5,graduate
920769,1932,1,sibling_roster
920769,1934,2,sibling_roster
920769,1937,3,sibling_roster
920769,1938,4,sibling_roster
920769,1940,5,sibling_roster
920769,1942,6,sibling_roster
920769,1945,7,sibling_roster
920769,1948,8,sibling_roster
920769,1950,9,sibling_roster
920769,1954,10,sibling_roster
919375,1938,3,graduate
919375,1926,1,sibling_roster
919375,1931,2,sibling_roster
919375,1938,3,sibling_roster
911258,1939,3,graduate
911258,1937,1,sibling_roster
911258,1940,2,sibling_roster
911258,1945,3,sibling_roster
911258,1948,4,sibling_roster
924070,1939,2,graduate
924070,1939,1,sibling_roster
924070,1940,2,sibling_roster
930078,1939,2,graduate
927681,1939,2,graduate
926941,1939,1,sibling_roster
926941,1941,2,sibling_roster
926941,1944,3,sibling_roster
926941,1947,4,sibling_roster
926941,1954,5,sibling_roster
917980,1939,1,sibling_roster
917980,1942,2,sibling_roster
917980,1946,3,sibling_roster
923755,1939,7,graduate
923755,1916,1,sibling_roster
923755,1917,2,sibling_roster
923755,1918,3,sibling_roster
923755,1927,4,sibling_roster
923755,1929,5,sibling_roster
923755,1932,6,sibling_roster
923755,1939,7,sibling_roster
917392,1939,2,graduate
917392,1935,1,sibling_roster
917392,1939,2,sibling_roster
917392,1950,3,sibling_roster
900351,1937,3,graduate
900935,1939,2,graduate
915227,1939,1,sibling_roster
915227,1954,2,sibling_roster
915227,1958,3,sibling_roster
933623,1940,1,sibling_roster
933623,1942,2,sibling_roster
933623,1943,3,sibling_roster
933623,1947,4,sibling_roster
933623,1949,5,sibling_roster
929582,1939,3,graduate
929582,1935,1,sibling_roster
929582,1937,2,sibling_roster
929582,1940,3,sibling_roster
929582,1942,4,sibling_roster
929582,1943,5,sibling_roster
916702,1940,1,sibling_roster
916702,1943,2,sibling_roster
916702,1944,3,sibling_roster
916702,1948,4,sibling_roster
916702,1953,5,sibling_roster
916702,1955,6,sibling_roster
918677,1939,6,graduate
918677,1925,1,sibling_roster
918677,1926,2,sibling_roster
918677,1928,3,sibling_roster
918677,1933,4,sibling_roster
918677,1938,5,sibling_roster
918677,1940,6,sibling_roster
927057,1939,3,graduate
921050,1939,2,graduate
920402,1939,3,graduate
920402,1930,1,sibling_roster
920402,1940,2,sibling_roster
920402,1940,3,sibling_roster
929988,1939,2,graduate
907941,1939,2,graduate
907941,1935,1,sibling_roster
907941,1940,2,sibling_roster
928258,1939,2,graduate
928258,1933,1,sibling_roster
928258,1939,2,sibling_roster
928258,1940,3,sibling_roster
928258,1954,4,sibling_roster
922484,1939,2,graduate
922484,1937,1,sibling_roster
922484,1940,2,sibling_roster
922484,1940,3,sibling_roster
922484,1943,4,sibling_roster
922484,1947,5,sibling_roster
922484,1948,6,sibling_roster
922484,1949,7,sibling_roster
918550,1940,1,sibling_roster
918550,1942,2,sibling_roster
918550,1955,3,sibling_roster
918550,1959,4,sibling_roster
911611,1939,2,graduate
911611,1938,1,sibling_roster
911611,1940,2,sibling_roster
911611,1948,3,sibling_roster
918969,1939,8,graduate
933917,1939,12,graduate
933917,1914,1,sibling_roster
933917,1918,2,sibling_roster
933917,1925,5,sibling_roster
933917,1927,7,sibling_roster
933917,1936,8,sibling_roster
933917,1938,9,sibling_roster
933917,1939,10,sibling_roster
927411,1939,3,graduate
927411,1933,1,sibling_roster
927411,1935,2,sibling_roster
927411,1939,3,sibling_roster
927411,1942,4,sibling_roster
920372,1939,2,graduate
920372,1933,1,sibling_roster
920372,1940,2,sibling_roster
904102,1939,3,graduate
904102,1936,1,sibling_roster
904102,1938,2,sibling_roster
904102,1940,3,sibling_roster
904102,1942,4,sibling_roster
904102,1944,5,sibling_roster
904102,1946,6,sibling_roster
904102,1948,7,sibling_roster
904102,1950,8,sibling_roster
904102,1954,9,sibling_roster
904102,1956,10,sibling_roster
917382,1938,2,graduate
917382,1938,1,sibling_roster
917382,1939,2,sibling_roster
917382,1948,3,sibling_roster
928995,1939,2,graduate
932284,1939,2,graduate
932284,1936,1,sibling_roster
932284,1940,2,sibling_roster
932284,1944,3,sibling_roster
932284,1947,4,sibling_roster
906314,1938,1,sibling_roster
906314,1939,2,sibling_roster
906314,1941,3,sibling_roster
907697,1939,4,graduate
907697,1932,1,sibling_roster
907697,1932,2,sibling_roster
907697,1936,3,sibling_roster
907697,1940,4,sibling_roster
907697,1942,5,sibling_roster
930425,1939,3,graduate
930592,1940,5,graduate
930064,1939,3,graduate
930064,1921,1,sibling_roster
930064,1929,2,sibling_roster
930064,1940,3,sibling_roster
930064,1940,4,sibling_roster
930064,1949,5,sibling_roster
905082,1939,2,graduate
905082,1938,1,sibling_roster
905082,1939,2,sibling_roster
905082,1940,3,sibling_roster
905082,1944,4,sibling_roster
905082,1946,5,sibling_roster
905082,1949,6,sibling_roster
905082,1949,7,sibling_roster
905082,1950,8,sibling_roster
905082,1952,9,sibling_roster
905082,1955,10,sibling_roster
915569,1937,5,graduate
920133,1939,2,graduate
920133,1936,1,sibling_roster
920133,1939,2,sibling_roster
902044,1940,1,sibling_roster
902044,1949,2,sibling_roster
900773,1939,1,sibling_roster
900773,1942,2,sibling_roster
900773,1945,3,sibling_roster
900773,1949,4,sibling_roster
901706,1940,3,graduate
928440,1939,4,graduate
928440,1934,1,sibling_roster
928440,1936,2,sibling_roster
928440,1938,3,sibling_roster
928440,1940,4,sibling_roster
928440,1945,5,sibling_roster
924954,1939,3,graduate
924954,1935,1,sibling_roster
924954,1937,2,sibling_roster
924954,1940,3,sibling_roster
910637,1939,1,sibling_roster
910637,1940,2,sibling_roster
902232,1939,3,graduate
902232,1934,1,sibling_roster
902232,1937,2,sibling_roster
902232,1939,3,sibling_roster
902232,1941,4,sibling_roster
906839,1939,4,graduate
906839,1926,1,sibling_roster
906839,1929,2,sibling_roster
906839,1930,3,sibling_roster
906839,1940,4,sibling_roster
930333,1939,2,graduate
914584,1940,1,sibling_roster
914584,1943,2,sibling_roster
914584,1944,3,sibling_roster
914584,1945,4,sibling_roster
912149,1939,3,graduate
912149,1930,1,sibling_roster
912149,1933,2,sibling_roster
912149,1939,3,sibling_roster
903232,1939,3,graduate
903232,1930,1,sibling_roster
903232,1937,2,sibling_roster
903232,1940,3,sibling_roster
903232,1944,4,sibling_roster
903232,1947,5,sibling_roster
904489,1939,2,graduate
904489,1939,1,sibling_roster
904489,1940,2,sibling_roster
904489,1942,3,sibling_roster
904489,1946,4,sibling_roster
904489,1949,5,sibling_roster
921380,1939,3,graduate
927802,1939,2,graduate
927802,1931,1,sibling_roster
927802,1939,2,sibling_roster
927802,1939,3,sibling_roster
902179,1939,2,graduate
902179,1931,1,sibling_roster
902179,1939,2,sibling_roster
902179,1939,3,sibling_roster
918849,1939,2,graduate
918849,1936,1,sibling_roster
918849,1940,2,sibling_roster
918849,1942,3,sibling_roster
930805,1937,2,graduate
930805,1935,1,sibling_roster
930805,1938,2,sibling_roster
930805,1941,3,sibling_roster
930805,1959,4,sibling_roster
916392,1938,9,graduate
921287,1939,2,graduate
921287,1938,1,sibling_roster
921287,1940,2,sibling_roster
921287,1943,3,sibling_roster
921287,1950,4,sibling_roster
919679,1939,1,sibling_roster
919679,1940,2,sibling_roster
919679,1941,3,sibling_roster
919679,1943,4,sibling_roster
919679,1944,5,sibling_roster
919679,1945,6,sibling_roster
919679,1948,7,sibling_roster
914455,1939,2,graduate
914455,1929,1,sibling_roster
914455,1940,2,sibling_roster
912239,1939,2,graduate
910508,1939,2,graduate
904070,1938,2,graduate
904070,1934,1,sibling_roster
904070,1939,2,sibling_roster
930098,1939,2,graduate
930098,1938,1,sibling_roster
930098,1940,2,sibling_roster
930098,1945,3,sibling_roster
930098,1951,4,sibling_roster
930098,1956,5,sibling_roster
930098,1960,6,sibling_roster
912287,1939,1,sibling_roster
912287,1941,2,sibling_roster
912287,1948,3,sibling_roster
912287,1954,4,sibling_roster
914177,1938,7,graduate
914177,1927,1,sibling_roster
914177,1929,2,sibling_roster
914177,1930,3,sibling_roster
914177,1933,4,sibling_roster
914177,1936,5,sibling_roster
914177,1938,6,sibling_roster
914177,1939,7,sibling_roster
914177,1945,8,sibling_roster
914177,1947,9,sibling_roster
926623,1941,1,sibling_roster
926623,1944,2,sibling_roster
933211,1940,1,sibling_roster
933211,1945,2,sibling_roster
933211,1948,3,sibling_roster
925000,1939,3,graduate
925000,1933,1,sibling_roster
925000,1936,2,sibling_roster
925000,1939,3,sibling_roster
925000,1945,4,sibling_roster
906946,1938,4,graduate
906946,1929,1,sibling_roster
906946,1931,2,sibling_roster
906946,1934,3,sibling_roster
906946,1939,4,sibling_roster
906946,1939,5,sibling_roster
906946,1943,6,sibling_roster
918112,1939,6,graduate
918112,1931,1,sibling_roster
918112,1934,2,sibling_roster
918112,1935,3,sibling_roster
918112,1937,4,sibling_roster
918112,1940,5,sibling_roster
918112,1941,6,sibling_roster
911657,1939,5,graduate
917935,1939,2,graduate
917935,1938,1,sibling_roster
917935,1939,2,sibling_roster
917935,1945,3,sibling_roster
917935,1947,4,sibling_roster
917935,1949,5,sibling_roster
932437,1939,2,graduate
932437,1936,1,sibling_roster
932437,1940,2,sibling_roster
932437,1943,3,sibling_roster
932437,1943,4,sibling_roster
932437,1952,5,sibling_roster
932437,1954,6,sibling_roster
902855,1939,4,graduate
902855,1934,1,sibling_roster
902855,1936,2,sibling_roster
902855,1940,3,sibling_roster
902855,1941,4,sibling_roster
902855,1943,5,sibling_roster
902855,1945,6,sibling_roster
902855,1947,7,sibling_roster
902855,1949,8,sibling_roster
925563,1939,3,graduate
925563,1937,1,sibling_roster
925563,1938,2,sibling_roster
925563,1939,3,sibling_roster
925563,1945,4,sibling_roster
914493,1938,6,graduate
914493,1922,1,sibling_roster
914493,1923,2,sibling_roster
914493,1926,3,sibling_roster
914493,1933,4,sibling_roster
914493,1936,5,sibling_roster
914493,1939,6,sibling_roster
914493,1943,7,sibling_roster
926800,1939,2,graduate
918972,1939,2,graduate
918972,1937,1,sibling_roster
918972,1940,2,sibling_roster
918972,1952,3,sibling_roster
906693,1938,2,graduate
906693,1936,1,sibling_roster
906693,1938,2,sibling_roster
906693,1939,3,sibling_roster
906693,1943,4,sibling_roster
906693,1945,5,sibling_roster
906693,1947,6,sibling_roster
906693,1948,7,sibling_roster
906693,1951,8,sibling_roster
906693,1953,9,sibling_roster
906693,1955,10,sibling_roster
906693,1960,11,sibling_roster
921302,1938,2,graduate
921302,1936,1,sibling_roster
921302,1939,2,sibling_roster
916675,1939,1,sibling_roster
916675,1942,2,sibling_roster
916675,1946,3,sibling_roster
916675,1949,4,sibling_roster
916675,1951,5,sibling_roster
932240,1940,1,sibling_roster
932240,1949,2,sibling_roster
929997,1939,4,graduate
929997,1930,1,sibling_roster
929997,1932,2,sibling_roster
929997,1940,3,sibling_roster
929997,1942,4,sibling_roster
929997,1944,5,sibling_roster
905553,1939,3,graduate
905553,1929,1,sibling_roster
905553,1934,2,sibling_roster
905553,1940,3,sibling_roster
905553,1946,4,sibling_roster
909766,1939,1,sibling_roster
909766,1942,2,sibling_roster
909766,1945,3,sibling_roster
901782,1939,3,graduate
901782,1936,1,sibling_roster
901782,1940,2,sibling_roster
901782,1944,3,sibling_roster
908470,1939,2,graduate
908470,1938,1,sibling_roster
908470,1940,2,sibling_roster
908470,1940,3,sibling_roster
908470,1945,4,sibling_roster
908470,1947,5,sibling_roster
908470,1951,6,sibling_roster
908470,1951,7,sibling_roster
927842,1939,4,graduate
927842,1933,1,sibling_roster
927842,1935,2,sibling_roster
927842,1937,3,sibling_roster
927842,1939,4,sibling_roster
901429,1940,1,sibling_roster
907810,1939,2,graduate
907810,1939,1,sibling_roster
907810,1940,2,sibling_roster
907810,1940,3,sibling_roster
907810,1942,4,sibling_roster
907810,1945,5,sibling_roster
907810,1946,6,sibling_roster
912780,1939,2,graduate
912780,1937,1,sibling_roster
912780,1940,2,sibling_roster
912780,1942,3,sibling_roster
912780,1944,4,sibling_roster
912780,1946,5,sibling_roster
912780,1949,6,sibling_roster
912780,1951,7,sibling_roster
912780,1953,8,sibling_roster
912780,1960,9,sibling_roster
924386,1939,2,graduate
924386,1937,1,sibling_roster
924386,1940,2,sibling_roster
924386,1941,3,sibling_roster
931690,1940,1,sibling_roster
931690,1942,2,sibling_roster
931690,1949,3,sibling_roster
931690,1957,4,sibling_roster
929222,1939,3,graduate
929222,1934,1,sibling_roster
929222,1936,2,sibling_roster
929222,1940,3,sibling_roster
923677,1939,6,graduate
923677,1929,1,sibling_roster
923677,1930,2,sibling_roster
923677,1934,3,sibling_roster
923677,1936,4,sibling_roster
923677,1939,5,sibling_roster
919616,1939,8,graduate
919616,1926,1,sibling_roster
919616,1929,2,sibling_roster
919616,1936,3,sibling_roster
919616,1938,4,sibling_roster
919616,1939,5,sibling_roster
900849,1939,1,sibling_roster
900849,1947,2,sibling_roster
900849,1952,3,sibling_roster
921418,1939,5,graduate
919854,1939,8,graduate
919854,1925,1,sibling_roster
919854,1926,2,sibling_roster
919854,1927,3,sibling_roster
919854,1929,4,sibling_roster
919854,1930,5,sibling_roster
919854,1934,6,sibling_roster
919854,1940,7,sibling_roster
913359,1938,5,graduate
913359,1929,1,sibling_roster
913359,1932,2,sibling_roster
913359,1935,3,sibling_roster
913359,1938,4,sibling_roster
913359,1939,5,sibling_roster
913359,1942,6,sibling_roster
913359,1948,7,sibling_roster
913359,1951,8,sibling_roster
913359,1954,9,sibling_roster
929077,1939,8,graduate
929077,1911,1,sibling_roster
929077,1919,2,sibling_roster
929077,1924,3,sibling_roster
929077,1929,4,sibling_roster
929077,1933,5,sibling_roster
929077,1938,6,sibling_roster
929077,1939,7,sibling_roster
920561,1938,6,graduate
920561,1930,1,sibling_roster
920561,1934,2,sibling_roster
920561,1936,3,sibling_roster
920561,1937,4,sibling_roster
920561,1938,5,sibling_roster
920561,1939,6,sibling_roster
920561,1946,7,sibling_roster
920561,1949,8,sibling_roster
927536,1939,5,graduate
927536,1925,1,sibling_roster
927536,1929,2,sibling_roster
927536,1930,3,sibling_roster
927536,1939,4,sibling_roster
927536,1940,5,sibling_roster
927536,1942,6,sibling_roster
911309,1939,3,graduate
911309,1935,1,sibling_roster
911309,1936,2,sibling_roster
911309,1940,3,sibling_roster
911309,1942,4,sibling_roster
911309,1944,5,sibling_roster
911309,1952,6,sibling_roster
926977,1939,2,graduate
926977,1929,1,sibling_roster
926977,1940,2,sibling_roster
917133,1939,3,graduate
917133,1937,1,sibling_roster
917133,1938,2,sibling_roster
917133,1939,3,sibling_roster
917133,1940,4,sibling_roster
917133,1945,5,sibling_roster
917133,1947,6,sibling_roster
912982,1940,1,sibling_roster
912982,1944,2,sibling_roster
901775,1940,1,sibling_roster
901775,1943,2,sibling_roster
908881,1939,1,sibling_roster
908881,1945,2,sibling_roster
908881,1950,3,sibling_roster
908881,1952,4,sibling_roster
908881,1953,5,sibling_roster
908881,1954,6,sibling_roster
908881,1955,7,sibling_roster
908881,1956,8,sibling_roster
923575,1939,3,graduate
923575,1936,1,sibling_roster
923575,1938,2,sibling_roster
923575,1940,3,sibling_roster
923575,1942,4,sibling_roster
923575,1947,5,sibling_roster
923575,1952,6,sibling_roster
923575,1954,7,sibling_roster
923575,1957,8,sibling_roster
923575,1962,9,sibling_roster
915747,1939,1,sibling_roster
915747,1943,2,sibling_roster
915747,1947,3,sibling_roster
906501,1939,5,graduate
906501,1934,1,sibling_roster
906501,1938,2,sibling_roster
906501,1938,3,sibling_roster
906501,1940,4,sibling_roster
906501,1943,5,sibling_roster
909249,1940,1,sibling_roster
909249,1943,2,sibling_roster
909249,1947,3,sibling_roster
909249,1950,4,sibling_roster
909249,1959,5,sibling_roster
911859,1940,1,sibling_roster
911859,1943,2,sibling_roster
911859,1946,3,sibling_roster
933641,1939,3,graduate
933641,1931,1,sibling_roster
933641,1937,2,sibling_roster
933641,1940,3,sibling_roster
907370,1940,1,sibling_roster
907370,1942,2,sibling_roster
907370,1949,3,sibling_roster
918117,1940,1,sibling_roster
918117,1942,2,sibling_roster
918117,1951,3,sibling_roster
918117,1953,4,sibling_roster
918117,1958,5,sibling_roster
917747,1939,4,graduate
915364,1939,5,graduate
915364,1929,1,sibling_roster
915364,1931,2,sibling_roster
915364,1933,3,sibling_roster
915364,1934,4,sibling_roster
915364,1939,5,sibling_roster
906739,1939,6,graduate
921701,1939,5,graduate
931548,1939,5,graduate
931548,1934,1,sibling_roster
931548,1936,2,sibling_roster
931548,1937,3,sibling_roster
931548,1938,4,sibling_roster
931548,1940,5,sibling_roster
931548,1941,6,sibling_roster
931548,1944,7,sibling_roster
931548,1947,8,sibling_roster
931548,1952,9,sibling_roster
917649,1938,14,graduate
913190,1939,2,graduate
924648,1939,4,graduate
924648,1937,1,sibling_roster
924648,1939,2,sibling_roster
924648,1941,3,sibling_roster
924648,1943,4,sibling_roster
924648,1944,5,sibling_roster
924648,1952,6,sibling_roster
924648,1954,7,sibling_roster
910032,1939,13,graduate
910032,1911,1,sibling_roster
910032,1912,2,sibling_roster
910032,1915,3,sibling_roster
910032,1920,4,sibling_roster
910032,1922,5,sibling_roster
910032,1926,6,sibling_roster
910032,1929,7,sibling_roster
910032,1934,8,sibling_roster
910032,1935,9,sibling_roster
910032,1940,10,sibling_roster
910032,1941,11,sibling_roster
910032,1944,12,sibling_roster
918376,1939,2,graduate
918376,1939,1,sibling_roster
918376,1940,2,sibling_roster
918376,1946,3,sibling_roster
916191,1939,1,sibling_roster
916191,1943,2,sibling_roster
912541,1938,2,graduate
912541,1939,1,sibling_roster
912541,1950,2,sibling_roster
912541,1952,3,sibling_roster
912541,1954,4,sibling_roster
912541,1960,5,sibling_roster
927583,1940,1,sibling_roster
927583,1943,2,sibling_roster
919498,1940,1,sibling_roster
919498,1942,2,sibling_roster
919498,1945,3,sibling_roster
902182,1939,3,graduate
902182,1935,1,sibling_roster
902182,1938,2,sibling_roster
902182,1940,3,sibling_roster
902182,1943,4,sibling_roster
905948,1939,3,graduate
901983,1939,2,graduate
901983,1938,1,sibling_roster
901983,1940,2,sibling_roster
928688,1938,5,graduate
928688,1933,1,sibling_roster
928688,1934,2,sibling_roster
928688,1937,3,sibling_roster
928688,1938,4,sibling_roster
928688,1939,5,sibling_roster
928688,1940,6,sibling_roster
928688,1942,7,sibling_roster
928688,1942,8,sibling_roster
924936,1945,1,sibling_roster
924936,1949,2,sibling_roster
912366,1939,2,graduate
933565,1938,6,graduate
922351,1939,3,graduate
922351,1938,1,sibling_roster
922351,1940,2,sibling_roster
908976,1939,3,graduate
908976,1935,1,sibling_roster
908976,1937,2,sibling_roster
908976,1940,3,sibling_roster
913671,1939,1,sibling_roster
913671,1940,2,sibling_roster
901061,1939,2,graduate
921783,1939,2,graduate
921783,1935,1,sibling_roster
921783,1940,2,sibling_roster
924321,1939,2,graduate
933658,1938,2,graduate
931325,1939,3,graduate
931325,1935,1,sibling_roster
931325,1937,2,sibling_roster
931325,1940,3,sibling_roster
931325,1944,4,sibling_roster
922446,1939,2,graduate
922446,1937,1,sibling_roster
922446,1939,2,sibling_roster
922446,1940,3,sibling_roster
922446,1942,4,sibling_roster
922446,1949,5,sibling_roster
932291,1940,1,sibling_roster
932291,1947,2,sibling_roster
912776,1939,1,sibling_roster
912776,1941,2,sibling_roster
912776,1947,3,sibling_roster
905613,1939,4,graduate
915586,1940,1,sibling_roster
915586,1944,2,sibling_roster
933573,1939,2,graduate
933573,1935,1,sibling_roster
933573,1939,2,sibling_roster
933573,1943,3,sibling_roster
930125,1938,1,sibling_roster
930125,1943,2,sibling_roster
930125,1947,3,sibling_roster
907660,1939,4,graduate
907660,1929,1,sibling_roster
907660,1935,2,sibling_roster
907660,1937,3,sibling_roster
907660,1939,4,sibling_roster
926285,1937,5,graduate
926285,1922,1,sibling_roster
926285,1928,2,sibling_roster
926285,1934,3,sibling_roster
926285,1936,4,sibling_roster
926285,1938,5,sibling_roster
926285,1940,6,sibling_roster
926285,1942,7,sibling_roster
926285,1945,8,sibling_roster
923324,1939,1,sibling_roster
915868,1940,1,sibling_roster
915868,1943,2,sibling_roster
910126,1938,2,graduate
910126,1933,1,sibling_roster
910126,1939,2,sibling_roster
906711,1938,3,graduate
906711,1934,1,sibling_roster
906711,1938,2,sibling_roster
906711,1938,3,sibling_roster
914834,1939,1,sibling_roster
914834,1944,2,sibling_roster
914834,1950,3,sibling_roster
915101,1938,2,graduate
915101,1935,1,sibling_roster
915101,1939,2,sibling_roster
915101,1943,3,sibling_roster
915101,1948,4,sibling_roster
919573,1939,3,graduate
919573,1929,1,sibling_roster
919573,1940,2,sibling_roster
919573,1940,3,sibling_roster
931957,1938,4,graduate
916376,1939,2,graduate
916376,1939,1,sibling_roster
916376,1940,2,sibling_roster
916376,1941,3,sibling_roster
916376,1943,4,sibling_roster
916376,1944,5,sibling_roster
916376,1946,6,sibling_roster
916376,1948,7,sibling_roster
916376,1952,8,sibling_roster
929637,1939,3,graduate
929637,1935,1,sibling_roster
929637,1937,2,sibling_roster
929637,1940,3,sibling_roster
929637,1944,4,sibling_roster
931168,1939,2,graduate
931168,1940,1,sibling_roster
931168,1940,2,sibling_roster
931168,1944,3,sibling_roster
916015,1939,2,graduate
916015,1938,1,sibling_roster
916015,1939,2,sibling_roster
916015,1940,3,sibling_roster
916015,1943,4,sibling_roster
916015,1945,5,sibling_roster
903107,1939,5,graduate
903107,1930,2,sibling_roster
903107,1934,3,sibling_roster
903107,1936,4,sibling_roster
903107,1940,5,sibling_roster
911906,1940,1,sibling_roster
911906,1942,2,sibling_roster
922666,1939,3,graduate
922666,1937,1,sibling_roster
922666,1938,2,sibling_roster
922666,1940,3,sibling_roster
922666,1941,4,sibling_roster
914334,1939,5,graduate
914334,1925,1,sibling_roster
914334,1926,2,sibling_roster
914334,1928,3,sibling_roster
914334,1932,4,sibling_roster
914334,1940,5,sibling_roster
901226,1939,1,sibling_roster
901226,1943,2,sibling_roster
901226,1947,3,sibling_roster
901226,1950,4,sibling_roster
904520,1940,1,sibling_roster
904520,1944,2,sibling_roster
917017,1939,3,graduate
917017,1929,1,sibling_roster
917017,1931,2,sibling_roster
917017,1939,3,sibling_roster
917017,1944,4,sibling_roster
908688,1939,2,graduate
908688,1936,1,sibling_roster
908688,1940,2,sibling_roster
908688,1942,3,sibling_roster
908688,1945,4,sibling_roster
908688,1949,5,sibling_roster
908688,1951,6,sibling_roster
908688,1956,7,sibling_roster
908688,1960,8,sibling_roster
908688,1964,9,sibling_roster
922267,1939,2,graduate
922267,1937,1,sibling_roster
922267,1940,2,sibling_roster
916523,1939,1,sibling_roster
916523,1941,2,sibling_roster
916523,1945,3,sibling_roster
916523,1948,4,sibling_roster
916523,1950,5,sibling_roster
907848,1939,3,graduate
907848,1931,1,sibling_roster
907848,1938,2,sibling_roster
907848,1939,3,sibling_roster
907848,1941,4,sibling_roster
907848,1947,5,sibling_roster
905406,1939,2,graduate
919307,1939,1,sibling_roster
919307,1942,2,sibling_roster
919307,1946,3,sibling_roster
919307,1948,4,sibling_roster
905727,1938,3,graduate
905727,1928,1,sibling_roster
905727,1933,2,sibling_roster
905727,1939,3,sibling_roster
905727,1942,4,sibling_roster
902782,1939,3,graduate
902782,1932,1,sibling_roster
902782,1940,2,sibling_roster
902782,1943,3,sibling_roster
906570,1939,2,graduate
915241,1940,1,sibling_roster
915241,1946,2,sibling_roster
909288,1938,2,graduate
909288,1937,1,sibling_roster
909288,1939,2,sibling_roster
931319,1939,1,sibling_roster
931319,1944,2,sibling_roster
915668,1939,3,graduate
922417,1939,3,graduate
922417,1934,1,sibling_roster
922417,1936,2,sibling_roster
922417,1939,3,sibling_roster
922417,1944,4,sibling_roster
922417,1947,5,sibling_roster
901041,1939,2,graduate
901041,1935,1,sibling_roster
901041,1940,2,sibling_roster
901041,1944,3,sibling_roster
902827,1939,2,graduate
902827,1931,1,sibling_roster
902827,1940,2,sibling_roster
902827,1941,3,sibling_roster
902827,1943,4,sibling_roster
930039,1939,4,graduate
911888,1939,1,sibling_roster
911888,1941,2,sibling_roster
911888,1943,3,sibling_roster
911888,1945,4,sibling_roster
908687,1944,2,sibling_roster
908687,1945,3,sibling_roster
908687,1947,4,sibling_roster
908687,1949,5,sibling_roster
908687,1952,6,sibling_roster
922590,1939,2,graduate
922590,1935,1,sibling_roster
922590,1940,2,sibling_roster
900476,1939,1,sibling_roster
900476,1941,2,sibling_roster
900476,1944,3,sibling_roster
900476,1954,4,sibling_roster
900476,1956,5,sibling_roster
913340,1939,2,graduate
913340,1935,1,sibling_roster
913340,1940,2,sibling_roster
911034,1939,2,graduate
911034,1938,1,sibling_roster
911034,1940,2,sibling_roster
911034,1942,3,sibling_roster
914146,1939,1,sibling_roster
900207,1938,6,graduate
900207,1932,1,sibling_roster
900207,1932,2,sibling_roster
900207,1933,3,sibling_roster
900207,1934,4,sibling_roster
900207,1937,5,sibling_roster
900207,1939,6,sibling_roster
900207,1941,7,sibling_roster
920385,1939,1,sibling_roster
920385,1947,2,sibling_roster
914880,1940,1,sibling_roster
914880,1945,2,sibling_roster
914880,1947,3,sibling_roster
914880,1952,4,sibling_roster
907386,1939,1,sibling_roster
907386,1946,2,sibling_roster
906871,1940,1,sibling_roster
906871,1941,2,sibling_roster
906871,1942,3,sibling_roster
906871,1944,4,sibling_roster
906871,1946,5,sibling_roster
917881,1939,6,graduate
917881,1925,1,sibling_roster
917881,1925,2,sibling_roster
917881,1927,3,sibling_roster
917881,1934,4,sibling_roster
917881,1937,5,sibling_roster
917881,1940,6,sibling_roster
917881,1949,7,sibling_roster
917626,1940,1,sibling_roster
917626,1942,2,sibling_roster
917626,1947,3,sibling_roster
917626,1953,4,sibling_roster
917626,1955,5,sibling_roster
916096,1939,3,graduate
916096,1935,1,sibling_roster
916096,1937,2,sibling_roster
916096,1940,3,sibling_roster
916096,1944,4,sibling_roster
917751,1938,5,graduate
917751,1926,1,sibling_roster
917751,1930,2,sibling_roster
917751,1934,3,sibling_roster
917751,1937,4,sibling_roster
917751,1939,5,sibling_roster
914708,1940,1,sibling_roster
914708,1944,2,sibling_roster
905141,1940,6,graduate
905141,1935,1,sibling_roster
905141,1936,2,sibling_roster
905141,1937,3,sibling_roster
905141,1938,4,sibling_roster
905141,1939,5,sibling_roster
905141,1940,6,sibling_roster
906433,1939,5,graduate
923571,1938,3,graduate
923571,1935,1,sibling_roster
923571,1937,2,sibling_roster
923571,1939,3,sibling_roster
923571,1940,4,sibling_roster
923571,1941,5,sibling_roster
923571,1942,6,sibling_roster
912883,1940,1,sibling_roster
912883,1942,2,sibling_roster
912883,1950,3,sibling_roster
932679,1939,1,sibling_roster
932679,1941,2,sibling_roster
932679,1945,3,sibling_roster
932679,1949,4,sibling_roster
932679,1949,5,sibling_roster
919367,1939,1,sibling_roster
919367,1945,2,sibling_roster
919367,1953,3,sibling_roster
903090,1939,2,graduate
903090,1934,1,sibling_roster
903090,1939,2,sibling_roster
903090,1941,3,sibling_roster
903090,1944,4,sibling_roster
903090,1945,5,sibling_roster
915445,1940,1,sibling_roster
915445,1941,2,sibling_roster
915445,1942,3,sibling_roster
915445,1947,4,sibling_roster
915445,1954,5,sibling_roster
915445,1962,6,sibling_roster
905949,1939,3,graduate
905949,1932,1,sibling_roster
905949,1935,2,sibling_roster
905949,1940,3,sibling_roster
914691,1939,2,graduate
914691,1933,1,sibling_roster
914691,1939,2,sibling_roster
914691,1945,3,sibling_roster
914691,1947,4,sibling_roster
930692,1940,1,sibling_roster
930692,1945,2,sibling_roster
932445,1939,2,graduate
932445,1940,1,sibling_roster
932445,1941,2,sibling_roster
932445,1945,3,sibling_roster
927431,1938,4,graduate
927431,1925,1,sibling_roster
927431,1927,2,sibling_roster
927431,1932,3,sibling_roster
927431,1939,4,sibling_roster
928019,1939,2,graduate
928019,1930,1,sibling_roster
928019,1940,2,sibling_roster
928019,1943,3,sibling_roster
922510,1940,1,sibling_roster
909807,1939,1,sibling_roster
933875,1940,1,sibling_roster
933875,1944,2,sibling_roster
907033,1939,2,graduate
907033,1938,1,sibling_roster
907033,1940,2,sibling_roster
904047,1940,1,sibling_roster
904047,1941,2,sibling_roster
909875,1939,2,graduate
909875,1938,1,sibling_roster
909875,1940,2,sibling_roster
909875,1941,3,sibling_roster
909875,1945,4,sibling_roster
909875,1950,5,sibling_roster
909875,1951,6,sibling_roster
902410,1939,4,graduate
902410,1931,1,sibling_roster
902410,1932,2,sibling_roster
902410,1936,3,sibling_roster
902410,1939,4,sibling_roster
902410,1942,5,sibling_roster
904133,1940,3,graduate
904133,1934,1,sibling_roster
904133,1938,2,sibling_roster
904133,1940,3,sibling_roster
904133,1944,4,sibling_roster
928080,1939,1,sibling_roster
928080,1942,2,sibling_roster
929168,1940,1,sibling_roster
929168,1943,2,sibling_roster
929168,1945,3,sibling_roster
922156,1939,2,graduate
927707,1940,1,sibling_roster
927707,1945,2,sibling_roster
903271,1939,3,graduate
903271,1931,1,sibling_roster
903271,1940,2,sibling_roster
932867,1939,1,sibling_roster
925750,1939,5,graduate
925750,1920,1,sibling_roster
925750,1927,2,sibling_roster
925750,1929,3,sibling_roster
925750,1931,4,sibling_roster
925750,1940,5,sibling_roster
912191,1938,5,graduate
912191,1927,1,sibling_roster
912191,1939,2,sibling_roster
922068,1939,3,graduate
922068,1936,1,sibling_roster
922068,1938,2,sibling_roster
922068,1940,3,sibling_roster
922068,1944,4,sibling_roster
922068,1948,5,sibling_roster
902519,1939,2,graduate
902519,1929,1,sibling_roster
902519,1939,2,sibling_roster
911787,1939,2,graduate
933059,1939,4,graduate
933059,1933,1,sibling_roster
933059,1934,2,sibling_roster
933059,1935,3,sibling_roster
933059,1940,4,sibling_roster
933059,1942,5,sibling_roster
933059,1943,6,sibling_roster
933059,1943,7,sibling_roster
933059,1946,8,sibling_roster
921743,1938,2,graduate
918211,1939,2,graduate
918211,1936,1,sibling_roster
918211,1940,2,sibling_roster
910536,1940,1,sibling_roster
910536,1940,2,sibling_roster
901445,1939,1,sibling_roster
901445,1940,2,sibling_roster
919198,1940,1,sibling_roster
907304,1939,4,graduate
907304,1935,1,sibling_roster
907304,1937,2,sibling_roster
907304,1938,3,sibling_roster
907304,1940,4,sibling_roster
907304,1947,5,sibling_roster
907304,1954,6,sibling_roster
910929,1940,1,sibling_roster
910929,1941,2,sibling_roster
910929,1942,3,sibling_roster
910929,1944,4,sibling_roster
910929,1953,5,sibling_roster
903509,1939,2,graduate
903509,1936,1,sibling_roster
903509,1940,2,sibling_roster
903509,1948,3,sibling_roster
907078,1939,6,graduate
927835,1938,3,graduate
927835,1930,1,sibling_roster
927835,1934,2,sibling_roster
927835,1938,3,sibling_roster
923027,1939,2,graduate
923027,1936,1,sibling_roster
923027,1940,2,sibling_roster
923027,1941,3,sibling_roster
923027,1944,4,sibling_roster
924623,1937,9,graduate
924623,1923,1,sibling_roster
924623,1925,2,sibling_roster
924623,1927,3,sibling_roster
924623,1928,4,sibling_roster
924623,1929,5,sibling_roster
924623,1934,6,sibling_roster
924623,1935,7,sibling_roster
924623,1940,8,sibling_roster
920205,1939,2,graduate
929596,1938,1,sibling_roster
929596,1939,2,sibling_roster
929596,1940,3,sibling_roster
929596,1954,4,sibling_roster
929596,1959,5,sibling_roster
920485,1939,8,graduate
920485,1930,1,sibling_roster
920485,1931,2,sibling_roster
920485,1932,3,sibling_roster
920485,1934,4,sibling_roster
920485,1935,5,sibling_roster
920485,1936,6,sibling_roster
920485,1937,7,sibling_roster
920485,1939,8,sibling_roster
920485,1940,9,sibling_roster
920485,1941,10,sibling_roster
920485,1944,11,sibling_roster
922313,1939,2,graduate
922313,1938,1,sibling_roster
922313,1940,2,sibling_roster
922313,1944,3,sibling_roster
924746,1939,4,graduate
930421,1940,1,sibling_roster
920010,1939,2,graduate
920010,1938,1,sibling_roster
920010,1939,2,sibling_roster
920010,1956,3,sibling_roster
920010,1957,4,sibling_roster
930758,1939,4,graduate
930758,1925,1,sibling_roster
930758,1930,2,sibling_roster
930758,1935,3,sibling_roster
930758,1940,4,sibling_roster
919626,1939,3,graduate
919626,1930,1,sibling_roster
919626,1936,2,sibling_roster
919626,1940,3,sibling_roster
919626,1944,4,sibling_roster
917662,1939,2,graduate
917662,1934,1,sibling_roster
917662,1939,2,sibling_roster
917662,1946,3,sibling_roster
922965,1940,1,sibling_roster
922965,1945,2,sibling_roster
922965,1948,3,sibling_roster
922965,1950,4,sibling_roster
919138,1939,11,graduate
912055,1939,2,graduate
912055,1933,1,sibling_roster
912055,1940,2,sibling_roster
912055,1944,3,sibling_roster
928589,1939,2,graduate
928589,1938,1,sibling_roster
928589,1940,2,sibling_roster
928589,1943,3,sibling_roster
928589,1947,4,sibling_roster
920009,1939,3,graduate
900901,1938,1,sibling_roster
900901,1942,2,sibling_roster
929572,1915,1,sibling_roster
929572,1929,2,sibling_roster
929572,1940,3,sibling_roster
929572,1949,4,sibling_roster
929572,1953,5,sibling_roster
929572,1958,6,sibling_roster
904473,1934,1,sibling_roster
904473,1939,2,sibling_roster
904473,1942,3,sibling_roster
904473,1945,4,sibling_roster
904473,1948,5,sibling_roster
908277,1939,1,sibling_roster
908277,1941,2,sibling_roster
908277,1954,3,sibling_roster
915693,1940,1,sibling_roster
904917,1939,9,graduate
926247,1939,4,graduate
914983,1940,1,sibling_roster
914983,1945,2,sibling_roster
924845,1939,2,graduate
924845,1939,1,sibling_roster
924845,1940,2,sibling_roster
924845,1944,3,sibling_roster
924845,1963,4,sibling_roster
926102,1939,2,graduate
926102,1937,1,sibling_roster
926102,1939,2,sibling_roster
909753,1940,1,sibling_roster
909753,1945,2,sibling_roster
924799,1939,5,graduate
924799,1919,1,sibling_roster
924799,1921,2,sibling_roster
924799,1925,3,sibling_roster
924799,1938,4,sibling_roster
924799,1940,5,sibling_roster
903658,1939,2,graduate
916004,1939,2,graduate
907717,1939,2,graduate
907717,1937,1,sibling_roster
907717,1940,2,sibling_roster
932725,1939,2,graduate
932725,1939,1,sibling_roster
932725,1939,2,sibling_roster
932725,1942,3,sibling_roster
932725,1943,4,sibling_roster
932725,1946,5,sibling_roster
932725,1953,6,sibling_roster
910343,1939,3,graduate
910343,1934,1,sibling_roster
910343,1936,2,sibling_roster
910343,1940,3,sibling_roster
910343,1949,4,sibling_roster
926495,1940,1,sibling_roster
926495,1944,2,sibling_roster
926495,1950,3,sibling_roster
919648,1939,4,graduate
919648,1927,1,sibling_roster
919648,1933,2,sibling_roster
919648,1940,3,sibling_roster
904922,1939,8,graduate
904922,1926,1,sibling_roster
904922,1928,2,sibling_roster
904922,1930,3,sibling_roster
904922,1931,4,sibling_roster
904922,1933,5,sibling_roster
904922,1935,6,sibling_roster
904922,1939,7,sibling_roster
904922,1940,8,sibling_roster
904922,1943,9,sibling_roster
904922,1946,10,sibling_roster
927593,1939,4,graduate
927593,1933,1,sibling_roster
927593,1935,2,sibling_roster
927593,1937,3,sibling_roster
927593,1939,4,sibling_roster
927593,1942,5,sibling_roster
927593,1952,6,sibling_roster
927593,1954,7,sibling_roster
901437,1938,1,sibling_roster
901437,1939,2,sibling_roster
901437,1945,3,sibling_roster
901437,1948,4,sibling_roster
904266,1939,6,graduate
904266,1930,1,sibling_roster
904266,1931,2,sibling_roster
904266,1939,3,sibling_roster
904266,1940,4,sibling_roster
904266,1942,5,sibling_roster
904266,1947,6,sibling_roster
931910,1939,2,graduate
927704,1939,4,graduate
906955,1940,1,sibling_roster
906955,1950,2,sibling_roster
927240,1940,1,sibling_roster
927240,1945,2,sibling_roster
927240,1947,3,sibling_roster
918810,1939,1,sibling_roster
918810,1941,2,sibling_roster
918810,1949,3,sibling_roster
909839,1939,3,graduate
927009,1940,1,sibling_roster
927009,1941,2,sibling_roster
927009,1943,4,sibling_roster
927009,1946,5,sibling_roster
927009,1953,6,sibling_roster
927009,1963,7,sibling_roster
925126,1939,2,graduate
925126,1937,1,sibling_roster
925126,1940,2,sibling_roster
925126,1947,3,sibling_roster
901327,1939,2,graduate
901327,1939,1,sibling_roster
901327,1940,2,sibling_roster
901327,1941,3,sibling_roster
901327,1950,4,sibling_roster
910291,1939,5,graduate
910291,1929,1,sibling_roster
910291,1933,2,sibling_roster
910291,1935,3,sibling_roster
910291,1939,4,sibling_roster
918180,1939,2,graduate
909457,1939,3,graduate
909457,1933,1,sibling_roster
909457,1937,2,sibling_roster
909457,1940,3,sibling_roster
909457,1943,4,sibling_roster
909457,1948,5,sibling_roster
925663,1940,1,sibling_roster
923799,1939,1,sibling_roster
912197,1940,1,sibling_roster
912197,1941,2,sibling_roster
912197,1944,3,sibling_roster
912197,1946,4,sibling_roster
926754,1939,10,graduate
927567,1939,5,graduate
927567,1933,1,sibling_roster
927567,1934,2,sibling_roster
927567,1936,3,sibling_roster
927567,1939,4,sibling_roster
927567,1940,5,sibling_roster
927567,1944,6,sibling_roster
926243,1939,3,graduate
926243,1936,1,sibling_roster
926243,1939,2,sibling_roster
926243,1940,3,sibling_roster
906034,1939,2,graduate
906034,1935,1,sibling_roster
906034,1939,2,sibling_roster
920879,1939,2,graduate
920879,1938,1,sibling_roster
920879,1939,2,sibling_roster
902101,1939,2,graduate
902101,1940,1,sibling_roster
902101,1945,2,sibling_roster
902101,1948,3,sibling_roster
926844,1939,3,graduate
926844,1931,1,sibling_roster
926844,1936,2,sibling_roster
926844,1939,3,sibling_roster
911014,1940,1,sibling_roster
911014,1944,2,sibling_roster
911014,1950,3,sibling_roster
929987,1939,5,graduate
929987,1933,1,sibling_roster
929987,1935,2,sibling_roster
929987,1936,3,sibling_roster
929987,1937,4,sibling_roster
929987,1939,5,sibling_roster
929987,1945,6,sibling_roster
929987,1946,7,sibling_roster
903448,1939,4,graduate
919476,1939,4,graduate
919476,1933,1,sibling_roster
919476,1935,2,sibling_roster
919476,1938,3,sibling_roster
919476,1939,4,sibling_roster
919476,1944,5,sibling_roster
919476,1946,6,sibling_roster
908450,1938,2,graduate
907629,1938,4,graduate
907629,1922,1,sibling_roster
907629,1924,2,sibling_roster
907629,1926,3,sibling_roster
907629,1939,4,sibling_roster
912772,1938,2,graduate
912772,1935,1,sibling_roster
912772,1939,2,sibling_roster
912772,1940,3,sibling_roster
912772,1945,4,sibling_roster
912772,1947,5,sibling_roster
912772,1950,6,sibling_roster
932065,1938,3,graduate
932065,1933,1,sibling_roster
932065,1937,2,sibling_roster
932065,1939,3,sibling_roster
932065,1942,4,sibling_roster
931451,1939,4,graduate
931451,1931,1,sibling_roster
931451,1933,2,sibling_roster
931451,1935,3,sibling_roster
931451,1939,4,sibling_roster
931451,1941,5,sibling_roster
931451,1945,6,sibling_roster
931451,1950,7,sibling_roster
926211,1939,4,graduate
919482,1938,2,graduate
919482,1935,1,sibling_roster
919482,1938,2,sibling_roster
919482,1939,3,sibling_roster
919482,1941,4,sibling_roster
919482,1943,5,sibling_roster
933390,1939,3,graduate
933390,1932,1,sibling_roster
933390,1936,2,sibling_roster
933390,1940,3,sibling_roster
920489,1939,1,sibling_roster
916667,1939,2,graduate
916667,1938,1,sibling_roster
916667,1939,2,sibling_roster
921040,1939,2,graduate
901411,1939,1,sibling_roster
901411,1945,2,sibling_roster
901411,1946,3,sibling_roster
924721,1938,3,graduate
924721,1927,1,sibling_roster
924721,1933,2,sibling_roster
924721,1939,3,sibling_roster
924721,1941,4,sibling_roster
904396,1939,2,graduate
904396,1935,1,sibling_roster
904396,1940,2,sibling_roster
900860,1939,3,graduate
933796,1938,2,graduate
933796,1936,1,sibling_roster
933796,1939,2,sibling_roster
922047,1939,2,graduate
922047,1935,1,sibling_roster
922047,1940,2,sibling_roster
922047,1945,3,sibling_roster
922047,1947,4,sibling_roster
922047,1954,5,sibling_roster
932810,1939,2,graduate
932810,1936,1,sibling_roster
932810,1939,2,sibling_roster
932810,1945,3,sibling_roster
932810,1948,4,sibling_roster
932810,1951,5,sibling_roster
932810,1952,6,sibling_roster
932810,1954,7,sibling_roster
906181,1939,4,graduate
906181,1932,1,sibling_roster
906181,1934,2,sibling_roster
906181,1938,3,sibling_roster
906181,1940,4,sibling_roster
906181,1952,5,sibling_roster
914100,1939,3,graduate
914100,1936,1,sibling_roster
914100,1937,2,sibling_roster
914100,1939,3,sibling_roster
914100,1940,4,sibling_roster
914100,1944,5,sibling_roster
914100,1946,6,sibling_roster
914100,1949,7,sibling_roster
925868,1939,3,graduate
925868,1925,1,sibling_roster
925868,1933,2,sibling_roster
925868,1940,3,sibling_roster
901953,1939,5,graduate
926568,1939,1,sibling_roster
926568,1941,2,sibling_roster
926568,1943,3,sibling_roster
919035,1937,2,graduate
919035,1934,1,sibling_roster
919035,1938,2,sibling_roster
919035,1939,3,sibling_roster
926740,1939,3,graduate
926740,1929,1,sibling_roster
926740,1933,2,sibling_roster
926740,1940,3,sibling_roster
913829,1939,2,graduate
913829,1937,1,sibling_roster
913829,1939,2,sibling_roster
912868,1939,2,graduate
912868,1936,1,sibling_roster
912868,1940,2,sibling_roster
912868,1951,3,sibling_roster
912868,1956,4,sibling_roster
928332,1940,1,sibling_roster
928332,1957,2,sibling_roster
928332,1961,3,sibling_roster
909429,1939,2,graduate
909429,1938,1,sibling_roster
909429,1939,2,sibling_roster
909429,1943,3,sibling_roster
917224,1940,1,sibling_roster
917224,1945,2,sibling_roster
917224,1947,3,sibling_roster
930743,1939,2,graduate
930743,1936,1,sibling_roster
930743,1940,2,sibling_roster
930743,1950,3,sibling_roster
930743,1956,4,sibling_roster
931629,1939,4,graduate
931629,1934,1,sibling_roster
931629,1937,2,sibling_roster
931629,1938,3,sibling_roster
931629,1940,4,sibling_roster
901036,1940,5,graduate
901036,1919,1,sibling_roster
901036,1927,2,sibling_roster
901036,1928,3,sibling_roster
901036,1931,4,sibling_roster
901036,1940,5,sibling_roster
912252,1940,1,sibling_roster
912252,1943,2,sibling_roster
923847,1939,3,graduate
923847,1934,1,sibling_roster
923847,1938,2,sibling_roster
923847,1940,3,sibling_roster
923847,1941,4,sibling_roster
923847,1943,5,sibling_roster
923847,1953,6,sibling_roster
912716,1938,3,graduate
901444,1940,1,sibling_roster
901444,1944,2,sibling_roster
903057,1939,1,sibling_roster
903057,1945,2,sibling_roster
923087,1939,4,graduate
923087,1933,1,sibling_roster
923087,1936,2,sibling_roster
923087,1938,3,sibling_roster
923087,1940,4,sibling_roster
923087,1942,5,sibling_roster
923087,1945,6,sibling_roster
923087,1947,7,sibling_roster
923087,1949,8,sibling_roster
911679,1939,2,graduate
911679,1937,1,sibling_roster
911679,1940,2,sibling_roster
924929,1940,1,sibling_roster
924929,1941,2,sibling_roster
905093,1939,9,graduate
905093,1920,2,sibling_roster
905093,1922,3,sibling_roster
905093,1925,4,sibling_roster
905093,1928,5,sibling_roster
905093,1929,6,sibling_roster
905093,1934,7,sibling_roster
905093,1935,8,sibling_roster
905093,1940,9,sibling_roster
905093,1941,10,sibling_roster
906407,1939,2,graduate
906407,1934,1,sibling_roster
906407,1939,2,sibling_roster
913648,1939,2,graduate
905143,1939,4,graduate
905143,1932,1,sibling_roster
905143,1932,2,sibling_roster
905143,1938,3,sibling_roster
905143,1940,4,sibling_roster
905143,1946,5,sibling_roster
905143,1948,6,sibling_roster
917542,1939,2,graduate
917542,1938,1,sibling_roster
917542,1940,2,sibling_roster
917542,1943,3,sibling_roster
917542,1947,4,sibling_roster
917542,1950,5,sibling_roster
933644,1939,5,graduate
933644,1919,1,sibling_roster
933644,1925,2,sibling_roster
933644,1932,3,sibling_roster
933644,1933,4,sibling_roster
933644,1937,5,sibling_roster
933644,1940,6,sibling_roster
918462,1939,1,sibling_roster
918462,1940,2,sibling_roster
918462,1940,3,sibling_roster
918462,1943,4,sibling_roster
918462,1944,5,sibling_roster
909599,1939,2,graduate
905085,1939,1,sibling_roster
905085,1943,2,sibling_roster
904042,1940,1,sibling_roster
911678,1939,1,sibling_roster
911678,1942,2,sibling_roster
927740,1939,3,graduate
927740,1936,1,sibling_roster
927740,1937,2,sibling_roster
927740,1940,3,sibling_roster
927740,1949,4,sibling_roster
931107,1938,12,graduate
928476,1939,1,sibling_roster
918970,1938,4,graduate
924603,1940,1,sibling_roster
924603,1944,2,sibling_roster
920222,1939,3,graduate
922781,1939,2,graduate
922781,1938,1,sibling_roster
922781,1940,2,sibling_roster
916030,1939,3,graduate
901168,1939,7,graduate
922166,1939,3,graduate
922166,1931,1,sibling_roster
922166,1936,2,sibling_roster
922166,1940,3,sibling_roster
922166,1945,4,sibling_roster
917813,1939,1,sibling_roster
917813,1940,2,sibling_roster
909848,1939,1,sibling_roster
909848,1944,2,sibling_roster
903734,1939,2,graduate
903734,1937,1,sibling_roster
903734,1939,2,sibling_roster
933364,1939,9,graduate
933364,1919,1,sibling_roster
933364,1921,2,sibling_roster
933364,1921,3,sibling_roster
933364,1923,4,sibling_roster
933364,1925,5,sibling_roster
933364,1927,6,sibling_roster
933364,1932,7,sibling_roster
933364,1935,8,sibling_roster
933364,1940,9,sibling_roster
921986,1939,5,graduate
910360,1940,3,graduate
914049,1939,11,graduate
914049,1919,1,sibling_roster
914049,1920,2,sibling_roster
914049,1922,3,sibling_roster
914049,1923,4,sibling_roster
914049,1926,5,sibling_roster
914049,1927,6,sibling_roster
914049,1930,7,sibling_roster
914049,1931,8,sibling_roster
914049,1933,9,sibling_roster
914049,1934,10,sibling_roster
914049,1940,11,sibling_roster
909350,1939,1,sibling_roster
921364,1939,4,graduate
921364,1937,1,sibling_roster
921364,1938,2,sibling_roster
921364,1939,3,sibling_roster
921364,1939,4,sibling_roster
921364,1940,5,sibling_roster
925447,1939,3,graduate
925447,1935,1,sibling_roster
925447,1937,2,sibling_roster
925447,1940,3,sibling_roster
904142,1939,5,graduate
904142,1929,1,sibling_roster
904142,1934,2,sibling_roster
904142,1935,3,sibling_roster
904142,1937,4,sibling_roster
904142,1940,5,sibling_roster
930048,1939,4,graduate
929019,1940,1,sibling_roster
930416,1940,1,sibling_roster
930416,1947,2,sibling_roster
930416,1948,3,sibling_roster
930416,1949,4,sibling_roster
930416,1950,5,sibling_roster
930416,1951,6,sibling_roster
930416,1953,7,sibling_roster
930416,1957,8,sibling_roster
930416,1964,9,sibling_roster
918281,1938,2,graduate
918281,1935,1,sibling_roster
918281,1938,2,sibling_roster
918281,1942,3,sibling_roster
901463,1939,4,graduate
901463,1934,1,sibling_roster
901463,1936,2,sibling_roster
901463,1936,3,sibling_roster
901463,1940,4,sibling_roster
932111,1938,1,sibling_roster
932111,1939,2,sibling_roster
932111,1947,3,sibling_roster
932111,1948,4,sibling_roster
927284,1939,2,graduate
927284,1938,1,sibling_roster
927284,1940,2,sibling_roster
927284,1941,3,sibling_roster
923614,1939,1,sibling_roster
923614,1942,2,sibling_roster
922525,1939,5,graduate
922525,1925,1,sibling_roster
922525,1928,2,sibling_roster
922525,1930,3,sibling_roster
922525,1939,4,sibling_roster
905834,1939,4,graduate
905834,1936,1,sibling_roster
905834,1938,2,sibling_roster
905834,1939,3,sibling_roster
905834,1940,4,sibling_roster
905834,1944,5,sibling_roster
905834,1952,6,sibling_roster
933336,1938,2,graduate
933336,1933,1,sibling_roster
933336,1939,2,sibling_roster
933336,1945,3,sibling_roster
909352,1938,2,graduate
909352,1939,1,sibling_roster
906997,1940,1,sibling_roster
901245,1940,1,sibling_roster
901245,1940,2,sibling_roster
901245,1947,3,sibling_roster
932714,1938,1,sibling_roster
932714,1943,2,sibling_roster
915555,1938,2,graduate
901200,1939,1,sibling_roster
901200,1941,2,sibling_roster
901200,1944,3,sibling_roster
906335,1937,2,graduate
921269,1940,1,sibling_roster
933038,1940,1,sibling_roster
933038,1945,2,sibling_roster
904937,1939,4,graduate
929632,1938,1,sibling_roster
929632,1939,2,sibling_roster
929632,1941,3,sibling_roster
929632,1944,4,sibling_roster
933624,1939,2,graduate
933624,1938,1,sibling_roster
933624,1939,2,sibling_roster
933624,1947,3,sibling_roster
931305,1938,5,graduate
931305,1922,1,sibling_roster
931305,1928,2,sibling_roster
931305,1930,3,sibling_roster
931305,1939,4,sibling_roster
931305,1939,5,sibling_roster
931305,1945,6,sibling_roster
927114,1939,5,graduate
927114,1922,1,sibling_roster
927114,1926,2,sibling_roster
927114,1930,3,sibling_roster
927114,1935,4,sibling_roster
927114,1940,5,sibling_roster
922213,1938,3,graduate
922213,1930,1,sibling_roster
922213,1938,3,sibling_roster
919694,1940,1,sibling_roster
919694,1941,2,sibling_roster
919694,1949,3,sibling_roster
919694,1952,4,sibling_roster
904882,1939,2,graduate
905747,1939,2,graduate
900866,1938,3,graduate
900866,1932,1,sibling_roster
900866,1936,2,sibling_roster
900866,1939,3,sibling_roster
900866,1940,4,sibling_roster
900866,1940,5,sibling_roster
905977,1940,1,sibling_roster
905964,1938,2,graduate
905964,1934,1,sibling_roster
905964,1939,2,sibling_roster
905964,1942,3,sibling_roster
918695,1939,5,graduate
923982,1939,3,graduate
923982,1933,1,sibling_roster
923982,1936,2,sibling_roster
923982,1939,3,sibling_roster
924605,1940,1,sibling_roster
906411,1939,2,graduate
906411,1936,1,sibling_roster
906411,1939,2,sibling_roster
906411,1943,3,sibling_roster
929408,1939,3,graduate
929408,1933,1,sibling_roster
929408,1935,2,sibling_roster
929408,1939,3,sibling_roster
917150,1939,3,graduate
917150,1932,1,sibling_roster
917150,1938,2,sibling_roster
917150,1940,3,sibling_roster
926886,1939,1,sibling_roster
926886,1942,2,sibling_roster
926886,1943,3,sibling_roster
926886,1943,4,sibling_roster
908112,1938,4,graduate
908112,1931,1,sibling_roster
908112,1933,2,sibling_roster
908112,1934,3,sibling_roster
908112,1939,4,sibling_roster
908112,1949,5,sibling_roster
929438,1939,1,sibling_roster
929438,1942,2,sibling_roster
904173,1939,2,graduate
904173,1934,1,sibling_roster
904173,1939,2,sibling_roster
904173,1947,3,sibling_roster
904173,1949,4,sibling_roster
902482,1940,1,sibling_roster
902482,1942,2,sibling_roster
931338,1939,7,graduate
931338,1927,1,sibling_roster
931338,1928,2,sibling_roster
931338,1930,3,sibling_roster
931338,1931,4,sibling_roster
931338,1935,5,sibling_roster
931338,1937,6,sibling_roster
931338,1939,7,sibling_roster
931338,1941,8,sibling_roster
931338,1944,9,sibling_roster
931338,1945,10,sibling_roster
931338,1954,11,sibling_roster
927550,1940,1,sibling_roster
927550,1944,2,sibling_roster
927550,1952,3,sibling_roster
900424,1940,1,sibling_roster
900424,1947,2,sibling_roster
924999,1939,2,graduate
924999,1938,1,sibling_roster
924999,1939,2,sibling_roster
924999,1944,3,sibling_roster
924999,1949,4,sibling_roster
924999,1955,5,sibling_roster
927541,1940,1,sibling_roster
927541,1942,2,sibling_roster
927541,1944,3,sibling_roster
906376,1939,2,graduate
933462,1937,2,graduate
910731,1938,2,graduate
910731,1938,1,sibling_roster
910731,1939,2,sibling_roster
914233,1939,1,sibling_roster
914233,1945,2,sibling_roster
906031,1938,3,graduate
906031,1935,1,sibling_roster
906031,1936,2,sibling_roster
906031,1938,3,sibling_roster
906031,1941,4,sibling_roster
919136,1940,1,sibling_roster
919136,1942,2,sibling_roster
919136,1946,3,sibling_roster
928159,1938,7,graduate
928159,1925,2,sibling_roster
928159,1930,3,sibling_roster
928159,1932,4,sibling_roster
928159,1933,5,sibling_roster
928159,1936,6,sibling_roster
928159,1939,7,sibling_roster
928159,1944,8,sibling_roster
916245,1939,2,graduate
918077,1939,3,graduate
918077,1938,1,sibling_roster
918077,1940,2,sibling_roster
918077,1946,3,sibling_roster
929042,1938,5,graduate
929042,1921,1,sibling_roster
929042,1923,2,sibling_roster
929042,1935,3,sibling_roster
929042,1938,4,sibling_roster
929042,1939,5,sibling_roster
929042,1942,6,sibling_roster
929042,1945,7,sibling_roster
910627,1940,1,sibling_roster
910627,1944,2,sibling_roster
910627,1945,3,sibling_roster
919289,1939,4,graduate
919289,1927,1,sibling_roster
919289,1927,2,sibling_roster
919289,1934,3,sibling_roster
919289,1935,4,sibling_roster
919289,1940,5,sibling_roster
919289,1942,6,sibling_roster
919289,1950,7,sibling_roster
906861,1938,5,graduate
906861,1912,1,sibling_roster
906861,1923,2,sibling_roster
906861,1926,3,sibling_roster
906861,1936,4,sibling_roster
906861,1939,5,sibling_roster
906861,1945,6,sibling_roster
926582,1939,2,graduate
926582,1937,1,sibling_roster
926582,1940,2,sibling_roster
910899,1940,1,sibling_roster
910899,1946,2,sibling_roster
918831,1940,1,sibling_roster
918831,1943,2,sibling_roster
918831,1947,3,sibling_roster
918831,1955,4,sibling_roster
907347,1938,3,graduate
907347,1939,2,sibling_roster
907347,1940,3,sibling_roster
907347,1942,4,sibling_roster
907347,1952,5,sibling_roster
913691,1939,4,graduate
913691,1929,1,sibling_roster
913691,1931,2,sibling_roster
913691,1937,3,sibling_roster
913691,1939,4,sibling_roster
913691,1940,5,sibling_roster
913691,1943,6,sibling_roster
929552,1939,2,graduate
919098,1940,4,graduate
919098,1936,1,sibling_roster
919098,1937,2,sibling_roster
919098,1938,3,sibling_roster
919098,1940,4,sibling_roster
919098,1943,5,sibling_roster
924332,1939,1,sibling_roster
924332,1948,2,sibling_roster
931742,1939,2,graduate
901230,1939,2,graduate
901230,1938,1,sibling_roster
901230,1939,2,sibling_roster
925365,1939,1,sibling_roster
925365,1940,2,sibling_roster
925365,1945,3,sibling_roster
922350,1940,1,sibling_roster
922350,1942,2,sibling_roster
922350,1946,3,sibling_roster
922350,1949,4,sibling_roster
909236,1937,2,graduate
909236,1936,1,sibling_roster
909236,1938,2,sibling_roster
928493,1939,2,graduate
928493,1932,1,sibling_roster
928493,1940,2,sibling_roster
913304,1940,1,sibling_roster
913304,1947,2,sibling_roster
906453,1940,1,sibling_roster
906453,1943,2,sibling_roster
906453,1960,3,sibling_roster
906453,1963,4,sibling_roster
916607,1938,2,graduate
916607,1936,1,sibling_roster
916607,1939,2,sibling_roster
923135,1939,6,graduate
901989,1939,3,graduate
930798,1939,2,graduate
930798,1923,1,sibling_roster
930798,1939,2,sibling_roster
907658,1938,11,graduate
907658,1928,2,sibling_roster
907658,1935,4,sibling_roster
907658,1936,5,sibling_roster
907658,1937,6,sibling_roster
907658,1937,7,sibling_roster
907658,1938,8,sibling_roster
907658,1939,9,sibling_roster
907658,1941,10,sibling_roster
907658,1942,11,sibling_roster
907658,1946,12,sibling_roster
928430,1939,2,graduate
927044,1937,3,graduate
914498,1938,3,graduate
914498,1930,1,sibling_roster
914498,1937,2,sibling_roster
914498,1939,3,sibling_roster
928706,1938,3,graduate
904302,1939,2,graduate
904302,1928,1,sibling_roster
904302,1940,2,sibling_roster
925297,1938,2,graduate
925297,1934,1,sibling_roster
925297,1939,2,sibling_roster
925297,1945,3,sibling_roster
927790,1940,1,sibling_roster
927790,1946,2,sibling_roster
904665,1939,1,sibling_roster
904665,1941,2,sibling_roster
904665,1943,3,sibling_roster
904215,1940,1,sibling_roster
909712,1940,3,graduate
909712,1938,1,sibling_roster
909712,1940,2,sibling_roster
909863,1939,1,sibling_roster
909863,1940,2,sibling_roster
922521,1939,1,sibling_roster
922521,1944,2,sibling_roster
922521,1949,3,sibling_roster
922521,1954,4,sibling_roster
905493,1939,2,graduate
905493,1938,1,sibling_roster
905493,1940,2,sibling_roster
905493,1947,3,sibling_roster
914473,1939,2,graduate
914473,1938,1,sibling_roster
914473,1940,2,sibling_roster
900252,1939,4,graduate
900252,1929,1,sibling_roster
900252,1933,2,sibling_roster
900252,1939,3,sibling_roster
900252,1945,4,sibling_roster
902843,1939,6,graduate
902843,1926,1,sibling_roster
902843,1931,2,sibling_roster
902843,1932,3,sibling_roster
902843,1940,4,sibling_roster
906183,1939,3,graduate
906183,1930,1,sibling_roster
906183,1932,2,sibling_roster
906183,1940,3,sibling_roster
912709,1938,2,graduate
912709,1929,1,sibling_roster
912709,1939,2,sibling_roster
911424,1938,9,graduate
911424,1928,1,sibling_roster
911424,1931,2,sibling_roster
911424,1932,3,sibling_roster
911424,1932,4,sibling_roster
911424,1934,5,sibling_roster
911424,1935,6,sibling_roster
911424,1936,7,sibling_roster
911424,1938,8,sibling_roster
911424,1939,9,sibling_roster
911424,1940,10,sibling_roster
911424,1942,11,sibling_roster
927280,1939,3,graduate
927280,1928,1,sibling_roster
927280,1932,2,sibling_roster
927280,1940,3,sibling_roster
910450,1939,1,sibling_roster
910450,1944,2,sibling_roster
910450,1949,3,sibling_roster
910450,1951,4,sibling_roster
907058,1940,1,sibling_roster
907058,1943,2,sibling_roster
907058,1946,3,sibling_roster
917770,1940,1,sibling_roster
917770,1943,2,sibling_roster
915803,1940,1,sibling_roster
924891,1940,1,sibling_roster
924891,1944,2,sibling_roster
924891,1949,3,sibling_roster
923293,1939,2,graduate
923293,1931,1,sibling_roster
923293,1940,2,sibling_roster
927753,1940,1,sibling_roster
927753,1941,2,sibling_roster
927753,1943,3,sibling_roster
927753,1944,4,sibling_roster
927753,1944,5,sibling_roster
927753,1946,6,sibling_roster
927753,1947,7,sibling_roster
927753,1949,8,sibling_roster
927753,1950,9,sibling_roster
904558,1939,2,graduate
904558,1937,1,sibling_roster
904558,1939,2,sibling_roster
921295,1939,2,graduate
921295,1936,1,sibling_roster
921295,1940,2,sibling_roster
921295,1943,3,sibling_roster
919555,1940,1,sibling_roster
919555,1941,2,sibling_roster
919555,1942,3,sibling_roster
919555,1943,4,sibling_roster
919555,1947,5,sibling_roster
919555,1948,6,sibling_roster
919555,1949,7,sibling_roster
919555,1950,8,sibling_roster
919555,1952,9,sibling_roster
919555,1953,10,sibling_roster
919555,1955,11,sibling_roster
920644,1939,1,sibling_roster
918673,1939,1,sibling_roster
918673,1946,2,sibling_roster
918673,1956,3,sibling_roster
904916,1939,2,graduate
913914,1940,2,graduate
913914,1938,1,sibling_roster
913914,1940,2,sibling_roster
913914,1942,3,sibling_roster
913914,1944,4,sibling_roster
913914,1946,5,sibling_roster
913914,1948,6,sibling_roster
913914,1950,7,sibling_roster
913914,1952,8,sibling_roster
913914,1954,9,sibling_roster
913914,1957,10,sibling_roster
913914,1958,11,sibling_roster
913914,1963,12,sibling_roster
933864,1939,2,graduate
933864,1939,1,sibling_roster
933864,1939,2,sibling_roster
933864,1945,3,sibling_roster
910447,1939,2,graduate
910447,1938,1,sibling_roster
910447,1940,2,sibling_roster
916591,1939,2,graduate
916591,1937,1,sibling_roster
916591,1939,2,sibling_roster
916591,1944,3,sibling_roster
916591,1950,4,sibling_roster
916591,1955,5,sibling_roster
908839,1939,1,sibling_roster
908839,1945,2,sibling_roster
908839,1947,3,sibling_roster
924739,1940,1,sibling_roster
924739,1945,2,sibling_roster
924739,1948,3,sibling_roster
924739,1953,4,sibling_roster
924739,1959,5,sibling_roster
928971,1940,1,sibling_roster
928971,1946,2,sibling_roster
903943,1940,2,graduate
903943,1936,1,sibling_roster
903943,1940,2,sibling_roster
905360,1940,2,graduate
917787,1939,2,graduate
917787,1937,1,sibling_roster
917787,1940,2,sibling_roster
917787,1950,3,sibling_roster
927042,1940,1,sibling_roster
927042,1945,2,sibling_roster
902939,1939,5,graduate
902939,1926,1,sibling_roster
902939,1929,2,sibling_roster
902939,1932,3,sibling_roster
902939,1939,4,sibling_roster
902939,1940,5,sibling_roster
909011,1939,2,graduate
909011,1937,1,sibling_roster
909011,1939,2,sibling_roster
909011,1943,3,sibling_roster
909011,1947,4,sibling_roster
909011,1953,5,sibling_roster
917027,1939,5,graduate
917027,1929,1,sibling_roster
917027,1936,2,sibling_roster
917027,1937,3,sibling_roster
917027,1938,4,sibling_roster
917027,1940,5,sibling_roster
917027,1946,6,sibling_roster
928448,1940,1,sibling_roster
928448,1944,2,sibling_roster
928448,1949,3,sibling_roster
928448,1956,4,sibling_roster
908963,1940,4,graduate
912749,1939,2,graduate
912958,1940,1,sibling_roster
912958,1944,2,sibling_roster
925585,1938,1,sibling_roster
925585,1944,2,sibling_roster
914842,1938,5,graduate
914842,1923,1,sibling_roster
914842,1929,2,sibling_roster
914842,1932,3,sibling_roster
914842,1938,4,sibling_roster
914842,1939,5,sibling_roster
909988,1940,1,sibling_roster
909988,1943,2,sibling_roster
909988,1945,3,sibling_roster
915435,1940,1,sibling_roster
920957,1939,2,graduate
920957,1936,1,sibling_roster
920957,1940,2,sibling_roster
920957,1952,3,sibling_roster
922192,1940,1,sibling_roster
922192,1942,2,sibling_roster
919154,1939,1,sibling_roster
919154,1943,2,sibling_roster
932293,1939,2,graduate
932293,1938,1,sibling_roster
932293,1940,2,sibling_roster
932293,1948,3,sibling_roster
929202,1939,5,graduate
929202,1918,2,sibling_roster
929202,1918,3,sibling_roster
929202,1924,4,sibling_roster
929202,1939,5,sibling_roster
907460,1939,2,graduate
907460,1936,1,sibling_roster
907460,1940,2,sibling_roster
914460,1939,3,graduate
914460,1935,1,sibling_roster
914460,1939,2,sibling_roster
914460,1943,3,sibling_roster
914460,1944,4,sibling_roster
914460,1945,5,sibling_roster
914460,1946,6,sibling_roster
913984,1940,1,sibling_roster
913984,1941,2,sibling_roster
913984,1943,3,sibling_roster
913984,1946,4,sibling_roster
913984,1948,5,sibling_roster
913984,1950,6,sibling_roster
913984,1958,7,sibling_roster
925317,1939,1,sibling_roster
925317,1942,2,sibling_roster
925317,1946,3,sibling_roster
911576,1939,1,sibling_roster
911576,1943,2,sibling_roster
911576,1947,3,sibling_roster
911576,1951,4,sibling_roster
918314,1938,3,graduate
918314,1933,1,sibling_roster
918314,1935,2,sibling_roster
918314,1939,3,sibling_roster
920311,1940,1,sibling_roster
920311,1946,2,sibling_roster
919209,1940,1,sibling_roster
919209,1941,2,sibling_roster
913629,1939,1,sibling_roster
912885,1938,2,graduate
912885,1937,1,sibling_roster
912885,1939,2,sibling_roster
912885,1940,3,sibling_roster
912885,1942,4,sibling_roster
912885,1944,5,sibling_roster
912885,1946,6,sibling_roster
912885,1950,7,sibling_roster
912885,1952,8,sibling_roster
912885,1955,9,sibling_roster
907037,1939,3,graduate
907037,1935,1,sibling_roster
907037,1937,2,sibling_roster
907037,1939,3,sibling_roster
907037,1941,4,sibling_roster
907037,1946,5,sibling_roster
925069,1939,4,graduate
927365,1940,1,sibling_roster
921591,1939,2,graduate
921591,1935,1,sibling_roster
921591,1939,2,sibling_roster
932315,1940,1,sibling_roster
932315,1944,2,sibling_roster
914738,1939,2,graduate
917972,1939,3,graduate
917972,1936,1,sibling_roster
917972,1938,2,sibling_roster
917972,1940,3,sibling_roster
917972,1946,4,sibling_roster
906950,1940,1,sibling_roster
920093,1939,2,graduate
917094,1940,1,sibling_roster
917094,1948,2,sibling_roster
906489,1939,3,graduate
906489,1937,1,sibling_roster
906489,1937,2,sibling_roster
906489,1940,3,sibling_roster
906489,1944,4,sibling_roster
903462,1939,3,graduate
903462,1932,1,sibling_roster
903462,1935,2,sibling_roster
903462,1940,3,sibling_roster
927320,1939,1,sibling_roster
919992,1940,1,sibling_roster
924748,1939,2,graduate
924748,1937,1,sibling_roster
924748,1940,2,sibling_roster
931588,1939,2,graduate
931588,1937,1,sibling_roster
931588,1940,2,sibling_roster
905718,1939,2,graduate
905718,1934,1,sibling_roster
905718,1940,2,sibling_roster
908973,1938,2,graduate
908973,1934,1,sibling_roster
908973,1938,2,sibling_roster
908973,1939,3,sibling_roster
921867,1939,3,graduate
921867,1926,1,sibling_roster
921867,1927,2,sibling_roster
921867,1940,3,sibling_roster
927223,1938,2,graduate
902774,1939,4,graduate
902774,1919,1,sibling_roster
902774,1919,2,sibling_roster
902774,1939,3,sibling_roster
905395,1939,2,graduate
905395,1935,1,sibling_roster
905395,1940,2,sibling_roster
904279,1940,1,sibling_roster
926944,1939,2,graduate
926944,1938,1,sibling_roster
926944,1940,2,sibling_roster
926944,1942,3,sibling_roster
926944,1944,4,sibling_roster
904711,1940,1,sibling_roster
904711,1943,2,sibling_roster
904711,1944,3,sibling_roster
904711,1961,4,sibling_roster
901119,1940,1,sibling_roster
901119,1945,2,sibling_roster
901816,1938,2,graduate
901816,1937,1,sibling_roster
901816,1939,2,sibling_roster
901816,1942,3,sibling_roster
925755,1938,2,graduate
925755,1938,1,sibling_roster
925755,1939,2,sibling_roster
925755,1952,3,sibling_roster
925755,1958,4,sibling_roster
928987,1940,3,graduate
928987,1931,1,sibling_roster
928987,1940,2,sibling_roster
928987,1942,3,sibling_roster
902979,1938,3,graduate
902979,1930,1,sibling_roster
902979,1934,2,sibling_roster
902979,1939,3,sibling_roster
927664,1939,4,graduate
915970,1939,1,sibling_roster
915970,1942,2,sibling_roster
915970,1948,3,sibling_roster
915970,1950,4,sibling_roster
915970,1955,5,sibling_roster
925248,1939,6,graduate
925248,1930,1,sibling_roster
925248,1932,2,sibling_roster
925248,1933,3,sibling_roster
925248,1936,4,sibling_roster
925248,1940,5,sibling_roster
925248,1945,6,sibling_roster
925248,1950,7,sibling_roster
932458,1939,3,graduate
932458,1932,1,sibling_roster
932458,1934,2,sibling_roster
932458,1939,3,sibling_roster
932458,1945,4,sibling_roster
912168,1939,4,graduate
912168,1928,1,sibling_roster
912168,1930,2,sibling_roster
912168,1935,3,sibling_roster
912168,1940,4,sibling_roster
912168,1942,5,sibling_roster
905272,1940,4,graduate
905272,1933,1,sibling_roster
905272,1935,2,sibling_roster
905272,1937,3,sibling_roster
905272,1940,4,sibling_roster
905272,1942,5,sibling_roster
905272,1945,6,sibling_roster
914746,1939,2,graduate
903472,1938,3,graduate
903472,1934,1,sibling_roster
903472,1939,2,sibling_roster
903472,1940,3,sibling_roster
903472,1943,4,sibling_roster
903472,1948,5,sibling_roster
928927,1940,1,sibling_roster
928927,1946,2,sibling_roster
923212,1939,7,graduate
923212,1931,2,sibling_roster
923212,1931,3,sibling_roster
923212,1934,4,sibling_roster
923212,1934,5,sibling_roster
923212,1938,6,sibling_roster
923212,1940,7,sibling_roster
908480,1939,2,graduate
906754,1939,1,sibling_roster
906754,1940,2,sibling_roster
906754,1944,3,sibling_roster
906754,1947,4,sibling_roster
915674,1938,4,graduate
915674,1922,1,sibling_roster
915674,1924,2,sibling_roster
915674,1929,3,sibling_roster
915674,1939,4,sibling_roster
914277,1938,2,graduate
925503,1939,3,graduate
928270,1938,3,graduate
928270,1935,1,sibling_roster
928270,1936,2,sibling_roster
928270,1939,3,sibling_roster
904061,1939,3,graduate
904061,1935,1,sibling_roster
904061,1940,2,sibling_roster
904061,1941,3,sibling_roster
904061,1944,4,sibling_roster
904061,1948,5,sibling_roster
904061,1957,6,sibling_roster
911113,1939,4,graduate
911113,1930,1,sibling_roster
911113,1934,2,sibling_roster
911113,1936,3,sibling_roster
911113,1939,4,sibling_roster
911113,1943,5,sibling_roster
911113,1946,6,sibling_roster
911113,1953,7,sibling_roster
922629,1939,1,sibling_roster
922629,1940,2,sibling_roster
902028,1939,2,graduate
902028,1939,1,sibling_roster
902028,1940,2,sibling_roster
902028,1944,3,sibling_roster
902028,1947,4,sibling_roster
906242,1939,2,graduate
906242,1936,1,sibling_roster
906242,1940,2,sibling_roster
906242,1944,3,sibling_roster
906242,1949,4,sibling_roster
913639,1939,2,graduate
913639,1937,1,sibling_roster
913639,1939,2,sibling_roster
913639,1940,3,sibling_roster
923486,1939,5,graduate
923486,1921,1,sibling_roster
923486,1924,2,sibling_roster
923486,1929,3,sibling_roster
923486,1931,4,sibling_roster
923486,1939,5,sibling_roster
923486,1940,6,sibling_roster
923486,1945,7,sibling_roster
918652,1939,1,sibling_roster
918652,1943,2,sibling_roster
900653,1940,1,sibling_roster
900653,1944,2,sibling_roster
911851,1940,1,sibling_roster
902375,1940,2,graduate
902375,1933,1,sibling_roster
902375,1941,2,sibling_roster
902375,1948,3,sibling_roster
931664,1939,2,graduate
918795,1939,2,graduate
918795,1935,1,sibling_roster
918795,1940,2,sibling_roster
918795,1946,3,sibling_roster
933886,1939,1,sibling_roster
922662,1938,10,graduate
922662,1922,1,sibling_roster
922662,1924,2,sibling_roster
922662,1925,3,sibling_roster
922662,1926,4,sibling_roster
922662,1928,5,sibling_roster
922662,1937,6,sibling_roster
922662,1938,7,sibling_roster
922662,1939,8,sibling_roster
914083,1938,1,sibling_roster
914083,1942,2,sibling_roster
906606,1940,1,sibling_roster
906606,1943,2,sibling_roster
901777,1940,1,sibling_roster
901777,1942,2,sibling_roster
922447,1939,1,sibling_roster
922447,1945,2,sibling_roster
922447,1948,3,sibling_roster
916278,1940,1,sibling_roster
916278,1943,2,sibling_roster
916278,1951,3,sibling_roster
912186,1939,2,graduate
912186,1937,1,sibling_roster
912186,1939,2,sibling_roster
921895,1939,2,graduate
921895,1940,1,sibling_roster
921895,1945,2,sibling_roster
921895,1948,3,sibling_roster
917901,1939,4,graduate
917901,1938,1,sibling_roster
917901,1940,2,sibling_roster
917901,1942,3,sibling_roster
917901,1945,4,sibling_roster
907979,1940,1,sibling_roster
921707,1939,1,sibling_roster
921707,1941,2,sibling_roster
903504,1939,2,graduate
903504,1937,1,sibling_roster
903504,1940,2,sibling_roster
903504,1944,3,sibling_roster
903504,1948,4,sibling_roster
925756,1940,1,sibling_roster
925756,1945,2,sibling_roster
925756,1947,3,sibling_roster
901483,1939,5,graduate
922665,1939,1,sibling_roster
922665,1941,2,sibling_roster
922665,1945,3,sibling_roster
902215,1939,3,graduate
902215,1937,1,sibling_roster
902215,1938,2,sibling_roster
902215,1939,3,sibling_roster
902215,1941,4,sibling_roster
902215,1952,5,sibling_roster
913222,1938,2,graduate
913222,1937,1,sibling_roster
913222,1939,2,sibling_roster
902811,1939,1,sibling_roster
903769,1938,1,sibling_roster
926530,1940,1,sibling_roster
926530,1942,2,sibling_roster
926530,1943,3,sibling_roster
926530,1944,4,sibling_roster
926530,1945,5,sibling_roster
926530,1950,6,sibling_roster
926530,1952,7,sibling_roster
926530,1954,8,sibling_roster
926530,1956,9,sibling_roster
931082,1938,1,sibling_roster
931082,1940,2,sibling_roster
931082,1947,3,sibling_roster
915017,1939,3,graduate
915017,1935,1,sibling_roster
915017,1937,2,sibling_roster
915017,1939,3,sibling_roster
915017,1941,4,sibling_roster
919114,1939,6,graduate
919114,1920,1,sibling_roster
919114,1927,2,sibling_roster
919114,1928,3,sibling_roster
919114,1934,4,sibling_roster
919114,1940,5,sibling_roster
919114,1943,6,sibling_roster
926209,1939,3,graduate
926209,1938,1,sibling_roster
926209,1939,2,sibling_roster
917052,1939,3,graduate
929549,1941,1,sibling_roster
929549,1945,2,sibling_roster
929549,1948,3,sibling_roster
929549,1952,4,sibling_roster
904516,1940,1,sibling_roster
904516,1942,2,sibling_roster
904516,1947,3,sibling_roster
919318,1940,1,sibling_roster
919318,1941,2,sibling_roster
919318,1945,3,sibling_roster
919318,1953,4,sibling_roster
902090,1940,1,sibling_roster
927364,1939,1,sibling_roster
928452,1939,2,graduate
928452,1931,1,sibling_roster
928452,1940,2,sibling_roster
925566,1940,1,sibling_roster
925566,1940,2,sibling_roster
925566,1943,3,sibling_roster
925566,1948,4,sibling_roster
931114,1940,2,graduate
931114,1935,1,sibling_roster
931114,1940,2,sibling_roster
931114,1947,3,sibling_roster
920832,1939,5,graduate
920832,1923,1,sibling_roster
920832,1925,2,sibling_roster
920832,1929,3,sibling_roster
920832,1931,4,sibling_roster
920832,1939,5,sibling_roster
900205,1940,1,sibling_roster
900205,1944,2,sibling_roster
900205,1947,3,sibling_roster
900205,1948,4,sibling_roster
900205,1952,5,sibling_roster
921143,1939,2,graduate
916791,1940,1,sibling_roster
916791,1943,2,sibling_roster
916791,1955,3,sibling_roster
926504,1939,1,sibling_roster
908494,1939,2,graduate
908494,1930,1,sibling_roster
908494,1940,2,sibling_roster
908494,1945,3,sibling_roster
918294,1940,1,sibling_roster
918294,1943,2,sibling_roster
910472,1939,3,graduate
910472,1939,1,sibling_roster
910472,1945,2,sibling_roster
910472,1948,3,sibling_roster
910823,1939,3,graduate
919744,1939,3,graduate
923091,1939,3,graduate
923091,1932,1,sibling_roster
923091,1937,2,sibling_roster
923091,1940,3,sibling_roster
925534,1939,1,sibling_roster
925534,1943,2,sibling_roster
923524,1939,2,graduate
917530,1940,1,sibling_roster
917530,1947,2,sibling_roster
924227,1941,1,sibling_roster
924227,1949,2,sibling_roster
900898,1939,2,graduate
900898,1930,1,sibling_roster
900898,1940,2,sibling_roster
928951,1940,1,sibling_roster
928951,1941,2,sibling_roster
928951,1947,3,sibling_roster
928951,1962,4,sibling_roster
928951,1965,5,sibling_roster
901559,1939,2,graduate
901559,1940,1,sibling_roster
901559,1942,2,sibling_roster
909849,1940,1,sibling_roster
906581,1940,1,sibling_roster
906581,1941,2,sibling_roster
905235,1940,1,sibling_roster
905235,1945,2,sibling_roster
933869,1940,1,sibling_roster
933869,1942,2,sibling_roster
902630,1939,1,sibling_roster
902630,1947,2,sibling_roster
918464,1939,5,graduate
918785,1940,1,sibling_roster
924925,1939,2,graduate
924925,1934,1,sibling_roster
924925,1939,2,sibling_roster
924925,1944,3,sibling_roster
924925,1945,4,sibling_roster
929257,1940,3,graduate
929257,1930,1,sibling_roster
929257,1936,2,sibling_roster
929257,1940,3,sibling_roster
929257,1943,4,sibling_roster
929257,1946,5,sibling_roster
910484,1938,2,graduate
910484,1937,1,sibling_roster
910484,1939,2,sibling_roster
910484,1943,3,sibling_roster
910484,1945,4,sibling_roster
900758,1939,1,sibling_roster
900758,1944,2,sibling_roster
905840,1939,2,graduate
905840,1933,1,sibling_roster
905840,1939,2,sibling_roster
905840,1945,3,sibling_roster
929876,1939,6,graduate
929876,1926,1,sibling_roster
929876,1931,2,sibling_roster
929876,1932,3,sibling_roster
929876,1935,4,sibling_roster
929876,1940,5,sibling_roster
929876,1950,6,sibling_roster
916198,1939,1,sibling_roster
933639,1939,2,graduate
933639,1937,1,sibling_roster
933639,1940,2,sibling_roster
908770,1939,3,graduate
913712,1939,2,graduate
913712,1938,1,sibling_roster
913712,1940,2,sibling_roster
912470,1940,1,sibling_roster
912470,1942,2,sibling_roster
912470,1955,3,sibling_roster
930657,1939,2,graduate
930657,1937,1,sibling_roster
930657,1940,2,sibling_roster
930657,1942,3,sibling_roster
927394,1940,1,sibling_roster
927394,1942,2,sibling_roster
927394,1943,3,sibling_roster
927394,1948,4,sibling_roster
927394,1952,5,sibling_roster
918228,1939,1,sibling_roster
918228,1944,2,sibling_roster
907287,1938,2,graduate
907287,1935,1,sibling_roster
907287,1939,2,sibling_roster
928213,1939,2,graduate
928213,1936,1,sibling_roster
928213,1940,2,sibling_roster
913191,1940,2,graduate
913191,1937,1,sibling_roster
913191,1940,2,sibling_roster
913191,1941,3,sibling_roster
913191,1946,4,sibling_roster
933337,1939,3,graduate
933337,1932,1,sibling_roster
933337,1934,2,sibling_roster
933337,1940,3,sibling_roster
919966,1939,2,graduate
919966,1937,1,sibling_roster
919966,1939,2,sibling_roster
919966,1944,3,sibling_roster
913427,1940,1,sibling_roster
920497,1941,1,sibling_roster
920497,1945,2,sibling_roster
920497,1959,3,sibling_roster
903040,1940,1,sibling_roster
903040,1943,2,sibling_roster
929593,1939,1,sibling_roster
929593,1948,2,sibling_roster
908797,1939,2,graduate
908797,1938,1,sibling_roster
908797,1940,2,sibling_roster
917576,1939,1,sibling_roster
917576,1941,2,sibling_roster
917576,1948,3,sibling_roster
909198,1940,1,sibling_roster
909198,1948,2,sibling_roster
915482,1939,6,graduate
915482,1930,1,sibling_roster
915482,1931,2,sibling_roster
915482,1933,3,sibling_roster
915482,1935,4,sibling_roster
915482,1937,5,sibling_roster
915482,1940,6,sibling_roster
933794,1939,1,sibling_roster
923861,1939,2,graduate
923861,1936,1,sibling_roster
923861,1939,2,sibling_roster
930096,1938,2,graduate
930096,1937,1,sibling_roster
930096,1939,2,sibling_roster
930096,1945,3,sibling_roster
930369,1940,1,sibling_roster
930369,1942,2,sibling_roster
930369,1944,3,sibling_roster
919016,1940,1,sibling_roster
919016,1941,2,sibling_roster
919016,1942,3,sibling_roster
919016,1946,4,sibling_roster
919016,1947,5,sibling_roster
919016,1951,6,sibling_roster
919016,1954,7,sibling_roster
919016,1957,8,sibling_roster
915837,1939,1,sibling_roster
915837,1943,2,sibling_roster
931158,1939,3,graduate
931158,1935,1,sibling_roster
931158,1938,2,sibling_roster
931158,1940,3,sibling_roster
922001,1939,1,sibling_roster
901926,1939,3,graduate
901926,1937,1,sibling_roster
901926,1938,2,sibling_roster
901926,1940,3,sibling_roster
901926,1946,4,sibling_roster
901926,1948,5,sibling_roster
906687,1938,2,graduate
906687,1935,1,sibling_roster
906687,1939,2,sibling_roster
901029,1939,5,graduate
901029,1929,1,sibling_roster
901029,1932,2,sibling_roster
901029,1935,3,sibling_roster
901029,1937,4,sibling_roster
901029,1939,5,sibling_roster
903662,1939,2,graduate
903662,1938,1,sibling_roster
903662,1940,2,sibling_roster
910050,1939,3,graduate
910050,1933,1,sibling_roster
910050,1937,2,sibling_roster
910050,1940,3,sibling_roster
910050,1943,4,sibling_roster
910050,1945,5,sibling_roster
912413,1939,3,graduate
912413,1933,1,sibling_roster
912413,1936,2,sibling_roster
912413,1939,3,sibling_roster
901879,1939,2,graduate
901879,1938,1,sibling_roster
901879,1939,2,sibling_roster
901879,1943,3,sibling_roster
919102,1939,2,graduate
919102,1939,2,sibling_roster
908288,1940,1,sibling_roster
908288,1942,2,sibling_roster
908288,1946,3,sibling_roster
908288,1948,4,sibling_roster
925544,1939,2,graduate
925544,1938,1,sibling_roster
925544,1940,2,sibling_roster
925544,1943,3,sibling_roster
924557,1939,1,sibling_roster
924557,1941,2,sibling_roster
924557,1951,3,sibling_roster
907179,1939,2,graduate
933208,1940,1,sibling_roster
928358,1940,1,sibling_roster
927713,1939,3,graduate
927713,1933,1,sibling_roster
927713,1937,2,sibling_roster
927713,1939,3,sibling_roster
927713,1941,4,sibling_roster
905025,1939,2,graduate
905025,1940,1,sibling_roster
905025,1943,2,sibling_roster
928308,1939,6,graduate
928308,1931,1,sibling_roster
928308,1932,2,sibling_roster
928308,1933,3,sibling_roster
928308,1937,4,sibling_roster
928308,1939,5,sibling_roster
928308,1940,6,sibling_roster
931080,1940,1,sibling_roster
931080,1941,2,sibling_roster
931080,1943,3,sibling_roster
931080,1944,4,sibling_roster
900189,1940,1,sibling_roster
900189,1942,2,sibling_roster
917716,1939,2,graduate
917716,1935,1,sibling_roster
917716,1939,2,sibling_roster
930465,1938,2,graduate
930465,1926,1,sibling_roster
930465,1939,2,sibling_roster
930465,1940,3,sibling_roster
930465,1946,4,sibling_roster
924263,1939,2,graduate
929806,1939,2,graduate
929806,1933,1,sibling_roster
929806,1940,2,sibling_roster
901736,1940,1,sibling_roster
901736,1943,2,sibling_roster
932813,1939,3,graduate
932813,1932,1,sibling_roster
932813,1936,2,sibling_roster
932813,1939,3,sibling_roster
916533,1940,1,sibling_roster
916533,1941,2,sibling_roster
915858,1939,3,graduate
915858,1933,1,sibling_roster
915858,1938,2,sibling_roster
915858,1940,3,sibling_roster
915858,1953,4,sibling_roster
919226,1939,2,graduate
919226,1935,1,sibling_roster
919226,1939,2,sibling_roster
919226,1941,3,sibling_roster
919851,1939,2,graduate
929431,1939,1,sibling_roster
929431,1941,2,sibling_roster
929431,1946,3,sibling_roster
929431,1947,4,sibling_roster
919833,1939,2,graduate
919833,1935,1,sibling_roster
919833,1939,2,sibling_roster
919833,1947,3,sibling_roster
933234,1939,2,graduate
933234,1936,1,sibling_roster
933234,1939,2,sibling_roster
917778,1939,2,graduate
917778,1936,1,sibling_roster
917778,1940,2,sibling_roster
917778,1941,3,sibling_roster
917778,1944,4,sibling_roster
917778,1945,5,sibling_roster
917778,1952,6,sibling_roster
901126,1939,4,graduate
901126,1934,1,sibling_roster
901126,1935,2,sibling_roster
901126,1936,3,sibling_roster
901126,1940,4,sibling_roster
904600,1939,3,graduate
904600,1937,1,sibling_roster
904600,1940,2,sibling_roster
915641,1939,2,graduate
915641,1936,1,sibling_roster
915641,1939,2,sibling_roster
929206,1939,2,graduate
929206,1935,1,sibling_roster
929206,1940,2,sibling_roster
902388,1938,2,graduate
902388,1934,1,sibling_roster
902388,1939,2,sibling_roster
921069,1940,1,sibling_roster
921069,1945,2,sibling_roster
926900,1939,3,graduate
918049,1940,4,graduate
918049,1927,1,sibling_roster
918049,1930,2,sibling_roster
918049,1933,3,sibling_roster
918049,1940,4,sibling_roster
929040,1939,2,graduate
929040,1936,1,sibling_roster
929040,1940,2,sibling_roster
929040,1943,3,sibling_roster
918497,1939,3,graduate
918497,1935,1,sibling_roster
918497,1937,2,sibling_roster
918497,1940,3,sibling_roster
918497,1949,4,sibling_roster
918497,1951,5,sibling_roster
918497,1951,6,sibling_roster
927376,1939,4,graduate
927376,1929,1,sibling_roster
927376,1931,2,sibling_roster
927376,1934,3,sibling_roster
927376,1940,4,sibling_roster
915791,1939,2,graduate
904030,1938,3,graduate
917226,1940,1,sibling_roster
917226,1945,2,sibling_roster
912378,1939,2,graduate
912378,1935,1,sibling_roster
912378,1939,2,sibling_roster
912378,1942,3,sibling_roster
912378,1943,4,sibling_roster
924205,1939,2,graduate
920660,1940,3,graduate
920660,1937,1,sibling_roster
920660,1939,2,sibling_roster
920660,1940,3,sibling_roster
920660,1946,4,sibling_roster
925671,1939,2,graduate
925671,1935,1,sibling_roster
925671,1939,2,sibling_roster
926086,1938,5,graduate
926086,1925,1,sibling_roster
926086,1928,2,sibling_roster
926086,1934,3,sibling_roster
926086,1939,4,sibling_roster
926086,1939,5,sibling_roster
912762,1939,3,graduate
912762,1930,1,sibling_roster
912762,1935,2,sibling_roster
912762,1940,3,sibling_roster
931135,1939,1,sibling_roster
931135,1943,2,sibling_roster
931135,1946,3,sibling_roster
918692,1940,1,sibling_roster
918692,1943,2,sibling_roster
918692,1946,3,sibling_roster
918692,1948,4,sibling_roster
918692,1953,5,sibling_roster
918692,1955,6,sibling_roster
918692,1957,7,sibling_roster
932223,1940,5,graduate
932223,1917,1,sibling_roster
932223,1932,3,sibling_roster
932223,1940,4,sibling_roster
907164,1940,1,sibling_roster
907164,1943,2,sibling_roster
907164,1944,3,sibling_roster
901229,1939,1,sibling_roster
930002,1940,1,sibling_roster
930002,1948,2,sibling_roster
919090,1939,4,graduate
919090,1931,1,sibling_roster
919090,1934,2,sibling_roster
919090,1936,3,sibling_roster
919090,1939,4,sibling_roster
919090,1942,5,sibling_roster
931634,1939,2,graduate
931634,1935,1,sibling_roster
931634,1940,2,sibling_roster
931634,1943,3,sibling_roster
904843,1938,2,graduate
904843,1939,1,sibling_roster
904843,1940,2,sibling_roster
904843,1942,3,sibling_roster
904843,1946,4,sibling_roster
907533,1939,1,sibling_roster
907533,1942,2,sibling_roster
907533,1946,3,sibling_roster
907533,1953,4,sibling_roster
920949,1939,3,graduate
920949,1933,1,sibling_roster
920949,1934,2,sibling_roster
920949,1939,3,sibling_roster
920949,1943,4,sibling_roster
907748,1939,3,graduate
907748,1921,1,sibling_roster
907748,1926,2,sibling_roster
907748,1940,3,sibling_roster
930253,1940,1,sibling_roster
930253,1943,2,sibling_roster
922688,1940,1,sibling_roster
922688,1942,2,sibling_roster
922688,1944,3,sibling_roster
922688,1946,4,sibling_roster
922688,1952,5,sibling_roster
922688,1954,6,sibling_roster
932363,1939,2,graduate
932363,1938,1,sibling_roster
932363,1939,2,sibling_roster
932363,1948,3,sibling_roster
920353,1939,2,graduate
903931,1939,3,graduate
903931,1935,1,sibling_roster
903931,1937,2,sibling_roster
903931,1940,3,sibling_roster
903931,1942,4,sibling_roster
903931,1945,5,sibling_roster
903931,1947,6,sibling_roster
903931,1950,7,sibling_roster
926745,1939,1,sibling_roster
903262,1939,4,graduate
906094,1940,2,graduate
922158,1939,2,graduate
922158,1932,1,sibling_roster
922158,1940,2,sibling_roster
922158,1947,3,sibling_roster
901653,1938,2,graduate
901653,1935,1,sibling_roster
901653,1939,2,sibling_roster
932962,1933,1,sibling_roster
932962,1939,2,sibling_roster
932962,1939,3,sibling_roster
932962,1944,4,sibling_roster
932962,1945,5,sibling_roster
916088,1938,2,graduate
916088,1933,1,sibling_roster
916088,1939,2,sibling_roster
916088,1944,3,sibling_roster
900572,1940,1,sibling_roster
900572,1949,2,sibling_roster
903669,1940,1,sibling_roster
903669,1943,2,sibling_roster
917810,1939,2,graduate
917810,1937,1,sibling_roster
917810,1940,2,sibling_roster
917810,1941,3,sibling_roster
917810,1948,4,sibling_roster
933015,1938,5,graduate
905676,1940,1,sibling_roster
905676,1941,2,sibling_roster
905676,1942,3,sibling_roster
905676,1943,4,sibling_roster
905676,1946,5,sibling_roster
905676,1952,6,sibling_roster
926481,1940,3,graduate
926481,1936,1,sibling_roster
926481,1940,2,sibling_roster
926481,1943,3,sibling_roster
926481,1949,4,sibling_roster
920863,1937,2,graduate
920863,1937,1,sibling_roster
910041,1939,4,graduate
910041,1932,1,sibling_roster
910041,1936,2,sibling_roster
910041,1937,3,sibling_roster
910041,1940,4,sibling_roster
910041,1944,5,sibling_roster
900853,1939,1,sibling_roster
900853,1943,2,sibling_roster
905002,1939,2,graduate
901602,1939,2,graduate
901602,1935,1,sibling_roster
901602,1940,2,sibling_roster
908782,1939,3,graduate
908782,1933,1,sibling_roster
908782,1937,2,sibling_roster
908782,1940,3,sibling_roster
908782,1941,4,sibling_roster
908782,1941,5,sibling_roster
908782,1943,6,sibling_roster
908782,1945,7,sibling_roster
908782,1955,8,sibling_roster
905548,1939,4,graduate
905548,1928,1,sibling_roster
905548,1930,2,sibling_roster
905548,1937,3,sibling_roster
905548,1940,4,sibling_roster
911440,1938,3,graduate
911440,1936,1,sibling_roster
911440,1937,2,sibling_roster
911440,1939,3,sibling_roster
921183,1940,1,sibling_roster
921183,1945,2,sibling_roster
921183,1946,3,sibling_roster
927000,1940,1,sibling_roster
927000,1942,2,sibling_roster
917598,1939,2,graduate
917598,1939,1,sibling_roster
917598,1940,2,sibling_roster
908301,1939,4,graduate
908301,1931,1,sibling_roster
908301,1935,2,sibling_roster
908301,1937,3,sibling_roster
908301,1939,4,sibling_roster
908301,1941,5,sibling_roster
908301,1943,6,sibling_roster
924245,1940,4,graduate
924245,1928,1,sibling_roster
924245,1930,2,sibling_roster
924245,1936,3,sibling_roster
924245,1940,4,sibling_roster
933114,1939,3,graduate
933114,1937,1,sibling_roster
933114,1940,2,sibling_roster
909045,1940,1,sibling_roster
909045,1943,2,sibling_roster
909045,1945,3,sibling_roster
933926,1938,3,graduate
922645,1940,1,sibling_roster
922645,1946,2,sibling_roster
922645,1948,3,sibling_roster
922645,1956,4,sibling_roster
913557,1939,2,graduate
913557,1937,1,sibling_roster
913557,1940,2,sibling_roster
923811,1939,1,sibling_roster
923811,1943,2,sibling_roster
923811,1953,3,sibling_roster
914349,1939,2,graduate
914349,1938,1,sibling_roster
914349,1940,2,sibling_roster
914349,1945,3,sibling_roster
922358,1939,4,graduate
922358,1925,1,sibling_roster
922358,1927,2,sibling_roster
922358,1932,3,sibling_roster
922358,1940,4,sibling_roster
930405,1939,2,graduate
910190,1939,3,graduate
908208,1940,1,sibling_roster
908208,1942,2,sibling_roster
908208,1943,3,sibling_roster
908208,1949,4,sibling_roster
908208,1950,5,sibling_roster
908208,1956,6,sibling_roster
908208,1958,7,sibling_roster
908208,1960,8,sibling_roster
918229,1938,2,graduate
918229,1937,1,sibling_roster
918229,1939,2,sibling_roster
918229,1939,3,sibling_roster
918229,1956,4,sibling_roster
914965,1939,2,graduate
930818,1940,1,sibling_roster
930818,1947,2,sibling_roster
908336,1940,1,sibling_roster
908336,1942,2,sibling_roster
908336,1945,3,sibling_roster
913447,1939,1,sibling_roster
931751,1940,2,graduate
931751,1939,1,sibling_roster
931751,1940,2,sibling_roster
931751,1943,3,sibling_roster
931751,1945,4,sibling_roster
931751,1947,5,sibling_roster
931751,1954,6,sibling_roster
921398,1941,1,sibling_roster
921398,1942,2,sibling_roster
921398,1945,3,sibling_roster
921398,1951,4,sibling_roster
921398,1953,5,sibling_roster
921398,1955,6,sibling_roster
921398,1957,7,sibling_roster
909269,1938,3,graduate
909269,1936,1,sibling_roster
909269,1937,2,sibling_roster
909269,1939,3,sibling_roster
909269,1942,4,sibling_roster
909269,1948,5,sibling_roster
909269,1951,6,sibling_roster
912163,1938,3,graduate
912163,1930,1,sibling_roster
912163,1936,2,sibling_roster
912163,1938,3,sibling_roster
923255,1939,3,graduate
923255,1935,1,sibling_roster
923255,1936,2,sibling_roster
923255,1940,3,sibling_roster
923255,1940,4,sibling_roster
933255,1939,3,graduate
933255,1931,1,sibling_roster
933255,1934,2,sibling_roster
933255,1939,3,sibling_roster
907817,1939,2,graduate
907817,1930,1,sibling_roster
907817,1939,2,sibling_roster
933135,1939,1,sibling_roster
916216,1939,2,graduate
916216,1940,2,sibling_roster
928078,1939,2,graduate
928078,1938,1,sibling_roster
928078,1939,2,sibling_roster
928078,1941,3,sibling_roster
923619,1939,2,graduate
932598,1940,1,sibling_roster
932598,1943,2,sibling_roster
932598,1947,3,sibling_roster
903488,1940,1,sibling_roster
903488,1945,2,sibling_roster
903488,1947,3,sibling_roster
903488,1953,4,sibling_roster
919190,1940,1,sibling_roster
924069,1939,3,graduate
924069,1936,1,sibling_roster
924069,1938,2,sibling_roster
924069,1939,3,sibling_roster
925183,1939,2,graduate
925183,1938,1,sibling_roster
925183,1939,2,sibling_roster
925183,1944,3,sibling_roster
924035,1938,2,graduate
909560,1937,6,graduate
902166,1938,2,graduate
902166,1929,1,sibling_roster
902166,1939,2,sibling_roster
902166,1948,3,sibling_roster
906510,1939,1,sibling_roster
906510,1945,2,sibling_roster
911878,1939,2,graduate
911878,1937,1,sibling_roster
911878,1940,2,sibling_roster
902516,1939,2,graduate
902516,1938,1,sibling_roster
902516,1940,2,sibling_roster
917192,1939,1,sibling_roster
917192,1941,2,sibling_roster
917192,1947,3,sibling_roster
917192,1953,4,sibling_roster
917192,1956,5,sibling_roster
914201,1939,2,graduate
914201,1937,1,sibling_roster
914201,1939,2,sibling_roster
914201,1941,3,sibling_roster
914201,1941,4,sibling_roster
921055,1940,1,sibling_roster
921055,1943,2,sibling_roster
921055,1944,3,sibling_roster
902871,1939,2,graduate
902871,1938,1,sibling_roster
902871,1940,2,sibling_roster
902871,1945,3,sibling_roster
913810,1939,2,graduate
913810,1930,1,sibling_roster
913810,1939,2,sibling_roster
916130,1939,4,graduate
916130,1926,1,sibling_roster
916130,1927,2,sibling_roster
916130,1935,3,sibling_roster
916130,1939,4,sibling_roster
916456,1939,2,graduate
916456,1935,1,sibling_roster
916456,1940,2,sibling_roster
916456,1944,3,sibling_roster
911212,1940,1,sibling_roster
911212,1942,2,sibling_roster
911212,1950,3,sibling_roster
911212,1959,4,sibling_roster
905352,1939,1,sibling_roster
905352,1945,2,sibling_roster
905352,1947,3,sibling_roster
912254,1940,1,sibling_roster
921167,1940,1,sibling_roster
921167,1941,2,sibling_roster
907343,1940,1,sibling_roster
907343,1942,2,sibling_roster
907343,1952,3,sibling_roster
907343,1954,4,sibling_roster
929960,1939,2,graduate
929960,1934,1,sibling_roster
929960,1940,2,sibling_roster
902693,1939,8,graduate
902693,1922,1,sibling_roster
902693,1924,2,sibling_roster
902693,1926,3,sibling_roster
902693,1928,4,sibling_roster
902693,1930,5,sibling_roster
902693,1933,6,sibling_roster
902693,1934,7,sibling_roster
902693,1936,8,sibling_roster
902693,1940,9,sibling_roster
902693,1941,10,sibling_roster
902693,1943,11,sibling_roster
920126,1939,2,graduate
920126,1940,1,sibling_roster
920126,1942,2,sibling_roster
919379,1939,2,graduate
918684,1939,2,graduate
918684,1938,1,sibling_roster
918684,1940,2,sibling_roster
918684,1943,3,sibling_roster
918684,1947,4,sibling_roster
918684,1952,5,sibling_roster
928888,1940,1,sibling_roster
928888,1943,2,sibling_roster
928888,1945,3,sibling_roster
928888,1954,4,sibling_roster
919448,1940,1,sibling_roster
919448,1941,2,sibling_roster
918236,1939,2,graduate
919391,1940,1,sibling_roster
903132,1939,2,graduate
903132,1938,1,sibling_roster
903132,1940,2,sibling_roster
903132,1947,3,sibling_roster
902468,1938,2,graduate
902468,1935,1,sibling_roster
902468,1939,2,sibling_roster
902468,1945,3,sibling_roster
902748,1939,1,sibling_roster
912450,1940,1,sibling_roster
912450,1942,2,sibling_roster
912450,1943,3,sibling_roster
912450,1949,4,sibling_roster
912450,1952,5,sibling_roster
900764,1940,1,sibling_roster
900764,1947,2,sibling_roster
912821,1939,2,graduate
932253,1939,2,graduate
932253,1940,1,sibling_roster
932253,1940,2,sibling_roster
932253,1947,3,sibling_roster
917112,1939,3,graduate
917112,1933,1,sibling_roster
917112,1935,2,sibling_roster
917112,1939,3,sibling_roster
917991,1937,2,graduate
917991,1926,1,sibling_roster
917991,1938,2,sibling_roster
912495,1939,1,sibling_roster
912495,1943,2,sibling_roster
917131,1939,2,graduate
917131,1934,1,sibling_roster
917131,1940,2,sibling_roster
901224,1940,1,sibling_roster
901224,1943,2,sibling_roster
901224,1945,3,sibling_roster
901224,1947,4,sibling_roster
902258,1939,9,graduate
902258,1928,1,sibling_roster
902258,1930,2,sibling_roster
902258,1931,3,sibling_roster
902258,1931,4,sibling_roster
902258,1932,5,sibling_roster
902258,1934,6,sibling_roster
902258,1935,7,sibling_roster
902258,1937,8,sibling_roster
902258,1940,9,sibling_roster
902258,1941,10,sibling_roster
916682,1939,3,graduate
916682,1925,1,sibling_roster
916682,1927,2,sibling_roster
916682,1940,3,sibling_roster
921214,1939,2,graduate
904111,1939,5,graduate
904111,1918,1,sibling_roster
904111,1921,2,sibling_roster
904111,1925,3,sibling_roster
904111,1930,4,sibling_roster
904111,1940,5,sibling_roster
933716,1939,1,sibling_roster
914808,1939,2,graduate
914808,1937,1,sibling_roster
914808,1939,2,sibling_roster
914808,1940,3,sibling_roster
923199,1939,2,graduate
900948,1940,3,graduate
900948,1934,1,sibling_roster
900948,1939,2,sibling_roster
900948,1941,3,sibling_roster
932736,1938,1,sibling_roster
929145,1940,1,sibling_roster
929145,1952,2,sibling_roster
931396,1939,2,graduate
931396,1935,1,sibling_roster
931396,1940,2,sibling_roster
931396,1954,3,sibling_roster
917963,1939,3,graduate
907158,1939,6,graduate
907158,1937,1,sibling_roster
907158,1940,2,sibling_roster
907962,1941,1,sibling_roster
907962,1943,2,sibling_roster
907962,1949,3,sibling_roster
907962,1954,4,sibling_roster
907962,1956,5,sibling_roster
907962,1957,6,sibling_roster
910591,1938,3,graduate
910591,1936,1,sibling_roster
910591,1937,2,sibling_roster
910591,1939,3,sibling_roster
905236,1939,3,graduate
928404,1939,1,sibling_roster
928404,1941,2,sibling_roster
928404,1943,3,sibling_roster
926040,1940,7,graduate
901414,1939,9,graduate
901414,1920,1,sibling_roster
901414,1922,2,sibling_roster
901414,1924,3,sibling_roster
901414,1925,4,sibling_roster
901414,1930,5,sibling_roster
901414,1932,6,sibling_roster
901414,1936,7,sibling_roster
901414,1939,8,sibling_roster
901414,1940,9,sibling_roster
904436,1939,3,graduate
904436,1925,1,sibling_roster
904436,1930,2,sibling_roster
904436,1940,3,sibling_roster
904436,1942,4,sibling_roster
904436,1943,5,sibling_roster
932380,1939,9,graduate
932380,1930,1,sibling_roster
932380,1930,2,sibling_roster
932380,1931,3,sibling_roster
932380,1936,4,sibling_roster
932380,1937,5,sibling_roster
932380,1939,6,sibling_roster
932380,1939,7,sibling_roster
932380,1940,8,sibling_roster
909295,1940,3,graduate
909295,1934,1,sibling_roster
909295,1936,2,sibling_roster
909295,1940,3,sibling_roster
909295,1945,4,sibling_roster
902858,1939,2,graduate
902858,1936,1,sibling_roster
902858,1940,2,sibling_roster
932172,1939,3,graduate
932172,1934,1,sibling_roster
932172,1939,2,sibling_roster
927829,1939,4,graduate
927829,1927,1,sibling_roster
927829,1928,2,sibling_roster
927829,1935,3,sibling_roster
927829,1939,4,sibling_roster
927829,1941,5,sibling_roster
915585,1939,2,graduate
915585,1938,1,sibling_roster
915585,1940,2,sibling_roster
915585,1944,3,sibling_roster
915585,1946,4,sibling_roster
915585,1961,5,sibling_roster
915585,1967,6,sibling_roster
918539,1939,3,graduate
909665,1938,1,sibling_roster
909665,1939,2,sibling_roster
909665,1953,3,sibling_roster
909665,1954,4,sibling_roster
909665,1955,5,sibling_roster
909665,1958,6,sibling_roster
909665,1959,7,sibling_roster
928611,1940,1,sibling_roster
928611,1942,2,sibling_roster
904371,1939,5,graduate
921454,1939,2,graduate
921454,1938,1,sibling_roster
921454,1940,2,sibling_roster
921454,1942,3,sibling_roster
921454,1946,4,sibling_roster
921454,1948,5,sibling_roster
921454,1950,6,sibling_roster
921454,1952,7,sibling_roster
921454,1961,8,sibling_roster
923967,1939,2,graduate
906289,1940,3,graduate
906289,1937,1,sibling_roster
906289,1939,2,sibling_roster
906289,1940,3,sibling_roster
918609,1938,2,graduate
918609,1938,1,sibling_roster
918609,1939,2,sibling_roster
918609,1942,3,sibling_roster
918609,1943,4,sibling_roster
918609,1944,5,sibling_roster
918609,1948,6,sibling_roster
918609,1951,7,sibling_roster
918609,1954,8,sibling_roster
921176,1939,2,graduate
921176,1937,1,sibling_roster
921176,1940,2,sibling_roster
921176,1947,3,sibling_roster
911524,1939,2,graduate
911524,1935,1,sibling_roster
911524,1940,2,sibling_roster
904660,1940,1,sibling_roster
904660,1945,2,sibling_roster
932953,1939,2,graduate
932953,1938,1,sibling_roster
932953,1940,2,sibling_roster
932953,1948,3,sibling_roster
932953,1952,4,sibling_roster
913023,1939,2,graduate
913023,1936,1,sibling_roster
913023,1939,2,sibling_roster
932497,1939,2,graduate
932497,1936,1,sibling_roster
932497,1939,2,sibling_roster
932497,1944,3,sibling_roster
932497,1951,4,sibling_roster
900892,1939,4,graduate
900892,1935,1,sibling_roster
900892,1937,2,sibling_roster
900892,1937,3,sibling_roster
900892,1940,4,sibling_roster
926437,1939,5,graduate
926437,1932,1,sibling_roster
926437,1933,2,sibling_roster
926437,1935,3,sibling_roster
926437,1938,4,sibling_roster
926437,1939,5,sibling_roster
926437,1941,6,sibling_roster
909309,1940,1,sibling_roster
922094,1940,1,sibling_roster
922094,1942,2,sibling_roster
922094,1944,3,sibling_roster
905374,1939,1,sibling_roster
905374,1943,2,sibling_roster
920467,1939,2,graduate
920467,1939,1,sibling_roster
920467,1940,2,sibling_roster
920467,1940,3,sibling_roster
920467,1946,4,sibling_roster
910219,1939,2,graduate
910219,1938,1,sibling_roster
910219,1940,2,sibling_roster
910219,1943,3,sibling_roster
910219,1949,4,sibling_roster
915519,1940,1,sibling_roster
915519,1944,2,sibling_roster
923192,1938,2,graduate
914209,1939,2,graduate
926807,1940,1,sibling_roster
926807,1942,2,sibling_roster
914653,1939,2,graduate
905386,1939,2,graduate
905386,1935,1,sibling_roster
905386,1940,2,sibling_roster
905386,1945,3,sibling_roster
906040,1939,1,sibling_roster
906040,1942,2,sibling_roster
913591,1939,2,graduate
913591,1932,1,sibling_roster
913591,1940,2,sibling_roster
927294,1939,2,graduate
911217,1939,1,sibling_roster
911217,1947,2,sibling_roster
916260,1939,2,graduate
916260,1938,1,sibling_roster
916260,1939,2,sibling_roster
901361,1940,1,sibling_roster
918357,1938,2,graduate
918357,1936,1,sibling_roster
918357,1939,2,sibling_roster
917430,1939,1,sibling_roster
917430,1955,2,sibling_roster
917430,1963,3,sibling_roster
914685,1939,3,graduate
914685,1932,1,sibling_roster
914685,1937,2,sibling_roster
914685,1940,3,sibling_roster
905388,1940,1,sibling_roster
905388,1944,2,sibling_roster
905388,1945,3,sibling_roster
922989,1939,1,sibling_roster
922989,1945,2,sibling_roster
922989,1949,3,sibling_roster
905960,1938,2,graduate
903693,1939,1,sibling_roster
903693,1944,2,sibling_roster
916164,1939,2,graduate
916164,1936,1,sibling_roster
916164,1939,2,sibling_roster
916164,1943,3,sibling_roster
916164,1947,4,sibling_roster
911533,1940,1,sibling_roster
911533,1942,2,sibling_roster
911533,1946,3,sibling_roster
914774,1939,1,sibling_roster
914774,1943,2,sibling_roster
927175,1939,2,graduate
921528,1940,1,sibling_roster
914619,1939,6,graduate
914619,1915,1,sibling_roster
914619,1923,2,sibling_roster
914619,1927,3,sibling_roster
914619,1929,4,sibling_roster
914619,1931,5,sibling_roster
914619,1939,6,sibling_roster
916940,1939,7,graduate
916940,1929,1,sibling_roster
916940,1930,2,sibling_roster
916940,1931,3,sibling_roster
916940,1932,4,sibling_roster
916940,1933,5,sibling_roster
916940,1934,6,sibling_roster
916940,1940,7,sibling_roster
924216,1939,2,graduate
924216,1933,1,sibling_roster
924216,1940,2,sibling_roster
905128,1940,1,sibling_roster
905128,1943,2,sibling_roster
905128,1946,3,sibling_roster
913451,1938,1,sibling_roster
913451,1940,2,sibling_roster
913451,1943,3,sibling_roster
913451,1946,4,sibling_roster
913451,1950,5,sibling_roster
913451,1955,6,sibling_roster
926749,1939,1,sibling_roster
926749,1941,2,sibling_roster
926749,1948,3,sibling_roster
915949,1940,1,sibling_roster
915949,1944,2,sibling_roster
915949,1950,3,sibling_roster
915949,1958,4,sibling_roster
918790,1939,6,graduate
918790,1930,1,sibling_roster
918790,1936,2,sibling_roster
918790,1937,3,sibling_roster
918790,1939,4,sibling_roster
918790,1939,5,sibling_roster
918790,1940,6,sibling_roster
918790,1946,7,sibling_roster
901373,1937,5,graduate
924438,1939,5,graduate
924438,1923,1,sibling_roster
924438,1925,2,sibling_roster
924438,1932,3,sibling_roster
924438,1936,4,sibling_roster
924438,1940,5,sibling_roster
924438,1948,6,sibling_roster
902377,1939,5,graduate
902377,1930,1,sibling_roster
902377,1934,2,sibling_roster
902377,1936,3,sibling_roster
902377,1938,4,sibling_roster
902377,1940,5,sibling_roster
903907,1939,2,graduate
915669,1939,3,graduate
915669,1933,1,sibling_roster
915669,1937,2,sibling_roster
915669,1939,3,sibling_roster
915669,1941,4,sibling_roster
905046,1938,2,graduate
905046,1936,1,sibling_roster
905046,1939,2,sibling_roster
905046,1941,3,sibling_roster
905046,1943,4,sibling_roster
905845,1939,2,graduate
905845,1938,1,sibling_roster
905845,1940,2,sibling_roster
905845,1945,3,sibling_roster
905845,1950,4,sibling_roster
901474,1939,2,graduate
911743,1940,1,sibling_roster
911743,1941,2,sibling_roster
917391,1940,2,graduate
901789,1939,2,graduate
901789,1939,1,sibling_roster
901789,1940,2,sibling_roster
901789,1943,3,sibling_roster
901789,1945,4,sibling_roster
901789,1946,5,sibling_roster
901789,1947,6,sibling_roster
901789,1949,7,sibling_roster
909039,1939,3,graduate
909039,1933,1,sibling_roster
909039,1934,2,sibling_roster
909039,1939,3,sibling_roster
909039,1943,4,sibling_roster
903259,1939,4,graduate
903259,1930,1,sibling_roster
903259,1933,2,sibling_roster
903259,1938,3,sibling_roster
903259,1940,4,sibling_roster
903259,1943,5,sibling_roster
918424,1939,2,graduate
918424,1934,1,sibling_roster
918424,1940,2,sibling_roster
926036,1937,3,graduate
908644,1939,5,graduate
908644,1929,1,sibling_roster
908644,1930,2,sibling_roster
908644,1931,3,sibling_roster
908644,1935,4,sibling_roster
908644,1940,5,sibling_roster
930948,1940,1,sibling_roster
930948,1942,2,sibling_roster
930948,1948,3,sibling_roster
917303,1939,2,graduate
903379,1941,1,sibling_roster
903379,1942,2,sibling_roster
903379,1945,3,sibling_roster
903379,1949,4,sibling_roster
903379,1950,5,sibling_roster
925115,1938,6,graduate
910680,1940,1,sibling_roster
910680,1947,2,sibling_roster
925095,1940,1,sibling_roster
925095,1940,2,sibling_roster
925095,1942,3,sibling_roster
925095,1944,4,sibling_roster
925095,1946,5,sibling_roster
925095,1947,6,sibling_roster
925095,1947,7,sibling_roster
925095,1950,8,sibling_roster
933927,1939,2,graduate
929039,1939,1,sibling_roster
929039,1947,2,sibling_roster
929039,1951,3,sibling_roster
926376,1939,4,graduate
907524,1940,1,sibling_roster
907524,1941,2,sibling_roster
933944,1940,1,sibling_roster
933944,1944,2,sibling_roster
933944,1945,3,sibling_roster
916178,1938,2,graduate
916178,1934,1,sibling_roster
916178,1939,2,sibling_roster
924702,1939,2,graduate
924702,1938,1,sibling_roster
924702,1940,2,sibling_roster
924702,1943,3,sibling_roster
924702,1945,4,sibling_roster
924702,1950,5,sibling_roster
930176,1939,4,graduate
926414,1940,1,sibling_roster
926414,1943,2,sibling_roster
926414,1944,3,sibling_roster
926414,1945,4,sibling_roster
926414,1948,5,sibling_roster
926414,1950,6,sibling_roster
926414,1954,7,sibling_roster
933806,1939,1,sibling_roster
933806,1950,2,sibling_roster
904178,1939,2,graduate
914418,1939,3,graduate
914418,1936,1,sibling_roster
914418,1938,2,sibling_roster
914418,1940,3,sibling_roster
914418,1941,4,sibling_roster
914418,1943,5,sibling_roster
914418,1945,6,sibling_roster
924509,1940,1,sibling_roster
924509,1945,2,sibling_roster
924509,1948,3,sibling_roster
924509,1951,4,sibling_roster
924509,1955,5,sibling_roster
911915,1938,2,graduate
911915,1935,1,sibling_roster
911915,1939,2,sibling_roster
911915,1941,3,sibling_roster
920699,1937,2,graduate
918869,1939,3,graduate
922429,1939,1,sibling_roster
922429,1941,2,sibling_roster
922429,1945,3,sibling_roster
927959,1939,1,sibling_roster
904531,1940,1,sibling_roster
904531,1945,2,sibling_roster
904531,1947,3,sibling_roster
904531,1950,4,sibling_roster
904531,1951,5,sibling_roster
914331,1940,1,sibling_roster
914331,1941,2,sibling_roster
928902,1939,4,graduate
928902,1933,1,sibling_roster
928902,1935,2,sibling_roster
928902,1938,3,sibling_roster
928902,1939,4,sibling_roster
921731,1937,2,graduate
925651,1939,2,graduate
925651,1935,1,sibling_roster
925651,1939,2,sibling_roster
925651,1943,3,sibling_roster
919021,1940,4,graduate
919021,1934,1,sibling_roster
919021,1935,2,sibling_roster
919021,1938,3,sibling_roster
919021,1941,4,sibling_roster
919021,1943,5,sibling_roster
919021,1946,6,sibling_roster
919021,1948,7,sibling_roster
919021,1950,8,sibling_roster
932861,1939,3,graduate
932861,1932,1,sibling_roster
932861,1932,2,sibling_roster
932861,1939,3,sibling_roster
903053,1938,2,graduate
903053,1935,1,sibling_roster
903053,1939,2,sibling_roster
921271,1939,2,graduate
921271,1937,1,sibling_roster
921271,1940,2,sibling_roster
921271,1943,3,sibling_roster
921271,1947,4,sibling_roster
921271,1950,5,sibling_roster
922845,1939,2,graduate
922845,1936,1,sibling_roster
922845,1939,2,sibling_roster
922845,1945,3,sibling_roster
933103,1939,4,graduate
933103,1933,1,sibling_roster
933103,1935,2,sibling_roster
933103,1937,3,sibling_roster
933103,1940,4,sibling_roster
927358,1939,3,graduate
927358,1933,1,sibling_roster
927358,1937,2,sibling_roster
927358,1940,3,sibling_roster
920701,1939,2,graduate
904826,1939,3,graduate
904826,1931,1,sibling_roster
904826,1936,2,sibling_roster
904826,1940,3,sibling_roster
904826,1945,4,sibling_roster
904826,1948,5,sibling_roster
904826,1951,6,sibling_roster
904826,1953,7,sibling_roster
915618,1939,2,graduate
915618,1938,1,sibling_roster
915618,1940,2,sibling_roster
915618,1944,3,sibling_roster
915618,1948,4,sibling_roster
921669,1938,3,graduate
921669,1933,1,sibling_roster
921669,1939,2,sibling_roster
921669,1942,3,sibling_roster
904590,1939,2,graduate
904590,1938,1,sibling_roster
904590,1940,2,sibling_roster
904590,1941,3,sibling_roster
906006,1938,3,graduate
921554,1938,2,graduate
919911,1939,2,graduate
919911,1939,1,sibling_roster
919911,1940,2,sibling_roster
911641,1939,3,graduate
911641,1925,1,sibling_roster
911641,1932,2,sibling_roster
911641,1939,3,sibling_roster
911641,1941,4,sibling_roster
911641,1946,5,sibling_roster
915415,1939,2,graduate
904652,1940,2,graduate
904652,1938,1,sibling_roster
904652,1940,2,sibling_roster
916041,1939,2,graduate
916041,1935,1,sibling_roster
916041,1940,2,sibling_roster
926764,1940,1,sibling_roster
926764,1943,2,sibling_roster
926764,1946,3,sibling_roster
908298,1938,3,graduate
908298,1930,1,sibling_roster
908298,1932,2,sibling_roster
908298,1939,3,sibling_roster
917388,1940,1,sibling_roster
904942,1938,2,graduate
904942,1935,1,sibling_roster
904942,1939,2,sibling_roster
904942,1941,3,sibling_roster
904942,1945,4,sibling_roster
904942,1948,5,sibling_roster
904942,1953,6,sibling_roster
913603,1940,1,sibling_roster
913603,1946,2,sibling_roster
929687,1939,2,graduate
929687,1939,1,sibling_roster
929687,1940,2,sibling_roster
929687,1943,3,sibling_roster
929687,1944,4,sibling_roster
929687,1944,5,sibling_roster
929687,1946,6,sibling_roster
929687,1952,7,sibling_roster
929687,1957,8,sibling_roster
911852,1939,9,graduate
911852,1924,5,sibling_roster
911852,1930,6,sibling_roster
911852,1935,7,sibling_roster
911852,1936,8,sibling_roster
911852,1939,9,sibling_roster
911852,1942,10,sibling_roster
908524,1940,1,sibling_roster
908524,1944,2,sibling_roster
908524,1962,3,sibling_roster
913301,1938,2,graduate
909768,1939,2,graduate
909768,1936,1,sibling_roster
909768,1940,2,sibling_roster
905878,1939,3,graduate
905878,1933,1,sibling_roster
905878,1938,2,sibling_roster
905878,1940,3,sibling_roster
905878,1943,4,sibling_roster
907835,1940,1,sibling_roster
905043,1939,2,graduate
912589,1939,2,graduate
912589,1930,1,sibling_roster
912589,1939,2,sibling_roster
902637,1940,1,sibling_roster
902637,1946,2,sibling_roster
927617,1939,2,graduate
927617,1935,1,sibling_roster
927617,1940,2,sibling_roster
926172,1939,2,graduate
926172,1939,1,sibling_roster
926705,1939,2,graduate
911208,1939,3,graduate
911208,1929,1,sibling_roster
911208,1932,2,sibling_roster
911208,1940,3,sibling_roster
929097,1939,2,graduate
929097,1938,1,sibling_roster
929097,1940,2,sibling_roster
929097,1946,3,sibling_roster
929132,1938,4,graduate
929132,1916,1,sibling_roster
929132,1926,2,sibling_roster
929132,1938,3,sibling_roster
929132,1939,4,sibling_roster
929132,1940,5,sibling_roster
910149,1938,4,graduate
904476,1940,3,graduate
904476,1928,1,sibling_roster
904476,1937,2,sibling_roster
904476,1941,3,sibling_roster
904476,1945,4,sibling_roster
909205,1939,1,sibling_roster
909205,1946,2,sibling_roster
909205,1949,3,sibling_roster
910894,1940,1,sibling_roster
906749,1940,2,graduate
906749,1936,1,sibling_roster
906749,1941,2,sibling_roster
932303,1940,2,graduate
932303,1930,1,sibling_roster
932303,1940,2,sibling_roster
932303,1942,3,sibling_roster
922831,1940,1,sibling_roster
922831,1943,2,sibling_roster
933719,1940,1,sibling_roster
933719,1950,2,sibling_roster
931148,1940,1,sibling_roster
931148,1942,2,sibling_roster
931148,1945,3,sibling_roster
918078,1938,3,graduate
918078,1932,1,sibling_roster
918078,1936,2,sibling_roster
918078,1939,3,sibling_roster
918078,1942,4,sibling_roster
909487,1939,2,graduate
909487,1939,1,sibling_roster
909487,1942,2,sibling_roster
909487,1955,3,sibling_roster
931598,1939,3,graduate
931598,1936,1,sibling_roster
931598,1938,2,sibling_roster
931598,1940,3,sibling_roster
931598,1942,4,sibling_roster
915592,1939,6,graduate
915592,1929,1,sibling_roster
915592,1931,2,sibling_roster
915592,1933,3,sibling_roster
915592,1935,4,sibling_roster
915592,1937,5,sibling_roster
915592,1939,6,sibling_roster
923874,1939,2,graduate
923874,1930,1,sibling_roster
923874,1939,2,sibling_roster
923874,1941,3,sibling_roster
923874,1950,4,sibling_roster
902825,1939,2,graduate
933029,1938,2,graduate
933029,1936,1,sibling_roster
933029,1939,2,sibling_roster
933029,1945,3,sibling_roster
933029,1950,4,sibling_roster
927781,1940,1,sibling_roster
932489,1939,3,graduate
932489,1922,1,sibling_roster
932489,1926,2,sibling_roster
932489,1939,3,sibling_roster
900921,1937,1,sibling_roster
900921,1944,2,sibling_roster
900921,1946,3,sibling_roster
900921,1946,4,sibling_roster
914126,1940,1,sibling_roster
914126,1946,2,sibling_roster
917695,1938,1,sibling_roster
917695,1941,2,sibling_roster
917695,1945,3,sibling_roster
917695,1953,4,sibling_roster
915596,1939,2,graduate
915596,1931,1,sibling_roster
915596,1939,2,sibling_roster
908276,1939,1,sibling_roster
903347,1940,1,sibling_roster
903347,1941,2,sibling_roster
903347,1945,3,sibling_roster
903347,1958,4,sibling_roster
911945,1939,3,graduate
908481,1940,1,sibling_roster
908481,1943,2,sibling_roster
906469,1939,2,graduate
906469,1927,1,sibling_roster
906469,1940,2,sibling_roster
907282,1940,1,sibling_roster
907282,1944,2,sibling_roster
918919,1939,2,graduate
917757,1939,2,graduate
917757,1938,1,sibling_roster
917757,1940,2,sibling_roster
917367,1940,1,sibling_roster
917367,1942,2,sibling_roster
917367,1950,3,sibling_roster
928145,1939,2,graduate
928145,1935,1,sibling_roster
928145,1940,2,sibling_roster
903715,1939,3,graduate
903715,1935,1,sibling_roster
903715,1938,2,sibling_roster
903715,1940,3,sibling_roster
919943,1937,5,graduate
919515,1939,3,graduate
919515,1939,1,sibling_roster
919515,1940,2,sibling_roster
919515,1947,3,sibling_roster
902125,1939,1,sibling_roster
902125,1947,2,sibling_roster
918612,1939,1,sibling_roster
918612,1942,2,sibling_roster
913991,1938,4,graduate
913991,1932,1,sibling_roster
913991,1934,2,sibling_roster
913991,1936,3,sibling_roster
913991,1939,4,sibling_roster
909800,1940,1,sibling_roster
919870,1938,5,graduate
915379,1940,1,sibling_roster
915379,1945,2,sibling_roster
915379,1947,3,sibling_roster
915379,1954,4,sibling_roster
902337,1938,1,sibling_roster
902337,1941,2,sibling_roster
930362,1939,9,graduate
930362,1925,1,sibling_roster
930362,1926,2,sibling_roster
930362,1927,3,sibling_roster
930362,1928,4,sibling_roster
930362,1933,5,sibling_roster
930362,1934,6,sibling_roster
930362,1937,7,sibling_roster
930362,1939,8,sibling_roster
917016,1939,1,sibling_roster
917016,1941,2,sibling_roster
917016,1946,3,sibling_roster
905728,1939,2,graduate
905728,1936,1,sibling_roster
905728,1940,2,sibling_roster
905728,1944,3,sibling_roster
918839,1939,2,graduate
918839,1939,1,sibling_roster
918839,1940,2,sibling_roster
928673,1940,1,sibling_roster
928673,1948,2,sibling_roster
918326,1939,2,graduate
918326,1937,1,sibling_roster
918326,1940,2,sibling_roster
918326,1944,3,sibling_roster
928359,1938,3,graduate
928359,1930,1,sibling_roster
928359,1938,2,sibling_roster
917181,1939,2,graduate
902016,1939,2,graduate
902016,1936,1,sibling_roster
902016,1939,2,sibling_roster
902016,1947,3,sibling_roster
902016,1951,4,sibling_roster
902016,1954,5,sibling_roster
900455,1939,2,graduate
902281,1939,1,sibling_roster
924552,1940,1,sibling_roster
924552,1945,2,sibling_roster
924552,1948,3,sibling_roster
910304,1939,4,graduate
907600,1939,1,sibling_roster
907600,1940,2,sibling_roster
907600,1940,3,sibling_roster
907600,1942,4,sibling_roster
907600,1943,5,sibling_roster
907600,1945,6,sibling_roster
907600,1947,7,sibling_roster
932902,1940,1,sibling_roster
932902,1942,2,sibling_roster
932902,1949,3,sibling_roster
932902,1951,4,sibling_roster
920758,1939,5,graduate
920162,1939,2,graduate
920162,1938,1,sibling_roster
920162,1940,2,sibling_roster
920162,1942,3,sibling_roster
920162,1944,4,sibling_roster
920162,1946,5,sibling_roster
918214,1939,1,sibling_roster
918214,1941,2,sibling_roster
918214,1948,3,sibling_roster
931596,1940,1,sibling_roster
931596,1943,2,sibling_roster
915090,1938,3,graduate
915090,1925,1,sibling_roster
915090,1928,2,sibling_roster
915090,1939,3,sibling_roster
915090,1948,4,sibling_roster
914118,1938,3,graduate
914118,1926,1,sibling_roster
914118,1936,2,sibling_roster
914118,1939,3,sibling_roster
914118,1944,4,sibling_roster
922917,1939,11,graduate
918111,1939,2,graduate
918111,1936,1,sibling_roster
918111,1940,2,sibling_roster
918111,1942,3,sibling_roster
918111,1943,4,sibling_roster
918111,1953,5,sibling_roster
920630,1938,7,graduate
920630,1935,1,sibling_roster
914469,1940,2,graduate
914469,1937,1,sibling_roster
914469,1941,2,sibling_roster
911197,1939,2,graduate
911197,1936,1,sibling_roster
911197,1940,2,sibling_roster
911197,1948,3,sibling_roster
914707,1940,1,sibling_roster
914707,1942,2,sibling_roster
914707,1944,3,sibling_roster
914707,1947,4,sibling_roster
914707,1951,6,sibling_roster
914707,1953,7,sibling_roster
914707,1954,8,sibling_roster
914707,1956,9,sibling_roster
914707,1957,10,sibling_roster
900960,1939,2,graduate
900960,1938,1,sibling_roster
900960,1939,2,sibling_roster
900960,1943,3,sibling_roster
921917,1940,1,sibling_roster
921917,1948,2,sibling_roster
919264,1940,1,sibling_roster
919264,1948,2,sibling_roster
930094,1939,2,graduate
930094,1936,1,sibling_roster
930094,1940,2,sibling_roster
905446,1938,2,graduate
902169,1939,1,sibling_roster
902169,1940,2,sibling_roster
902169,1945,3,sibling_roster
911974,1940,1,sibling_roster
911974,1944,2,sibling_roster
911974,1947,3,sibling_roster
911974,1951,4,sibling_roster
914371,1939,2,graduate
914371,1934,1,sibling_roster
914371,1939,2,sibling_roster
927381,1939,1,sibling_roster
927381,1943,2,sibling_roster
919131,1940,1,sibling_roster
919131,1940,2,sibling_roster
919131,1941,3,sibling_roster
925572,1941,1,sibling_roster
925572,1946,2,sibling_roster
904451,1939,2,graduate
912022,1939,4,graduate
912022,1930,1,sibling_roster
912022,1934,2,sibling_roster
912022,1940,4,sibling_roster
911661,1939,4,graduate
911661,1931,1,sibling_roster
911661,1933,2,sibling_roster
911661,1936,3,sibling_roster
911661,1940,4,sibling_roster
922816,1939,7,graduate
922816,1928,1,sibling_roster
922816,1930,2,sibling_roster
922816,1933,3,sibling_roster
922816,1934,4,sibling_roster
922816,1940,5,sibling_roster
925236,1939,2,graduate
925236,1935,1,sibling_roster
925236,1940,2,sibling_roster
925236,1943,3,sibling_roster
929217,1940,1,sibling_roster
929217,1947,2,sibling_roster
909441,1938,4,graduate
909441,1927,1,sibling_roster
909441,1927,2,sibling_roster
909441,1936,3,sibling_roster
909441,1939,4,sibling_roster
909441,1942,5,sibling_roster
927714,1940,1,sibling_roster
927714,1941,2,sibling_roster
927714,1947,3,sibling_roster
928268,1939,2,graduate
928268,1928,1,sibling_roster
928268,1940,2,sibling_roster
928486,1939,2,graduate
928486,1938,1,sibling_roster
928486,1940,2,sibling_roster
928486,1945,3,sibling_roster
917602,1939,1,sibling_roster
917602,1949,2,sibling_roster
912542,1940,1,sibling_roster
912542,1943,2,sibling_roster
912542,1943,3,sibling_roster
912542,1952,4,sibling_roster
911928,1940,1,sibling_roster
911928,1950,2,sibling_roster
914490,1939,1,sibling_roster
914490,1944,2,sibling_roster
914490,1949,3,sibling_roster
914490,1952,4,sibling_roster
917831,1940,1,sibling_roster
917831,1944,2,sibling_roster
907494,1939,3,graduate
924107,1940,1,sibling_roster
924107,1942,2,sibling_roster
924107,1945,3,sibling_roster
924107,1947,4,sibling_roster
924107,1954,5,sibling_roster
921562,1940,1,sibling_roster
921562,1943,2,sibling_roster
921562,1945,3,sibling_roster
918191,1939,2,graduate
933479,1939,2,graduate
933479,1939,1,sibling_roster
933479,1940,2,sibling_roster
933479,1948,3,sibling_roster
923391,1939,1,sibling_roster
923391,1942,2,sibling_roster
931584,1938,2,graduate
931584,1935,1,sibling_roster
931584,1938,2,sibling_roster
904867,1939,2,graduate
911806,1939,6,graduate
911806,1924,1,sibling_roster
911806,1928,2,sibling_roster
911806,1930,3,sibling_roster
911806,1934,4,sibling_roster
911806,1935,5,sibling_roster
911806,1939,6,sibling_roster
931253,1939,1,sibling_roster
918406,1939,8,graduate
918406,1921,1,sibling_roster
918406,1926,2,sibling_roster
918406,1928,3,sibling_roster
918406,1933,4,sibling_roster
918406,1937,5,sibling_roster
918406,1940,6,sibling_roster
918406,1943,7,sibling_roster
906115,1939,1,sibling_roster
906115,1940,2,sibling_roster
906115,1944,3,sibling_roster
906115,1948,4,sibling_roster
906115,1950,5,sibling_roster
906115,1964,6,sibling_roster
907843,1938,2,graduate
916176,1939,4,graduate
916176,1927,1,sibling_roster
916176,1928,2,sibling_roster
916176,1932,3,sibling_roster
916176,1940,4,sibling_roster
901282,1939,1,sibling_roster
901282,1940,2,sibling_roster
901282,1949,3,sibling_roster
900308,1940,1,sibling_roster
928879,1939,2,graduate
928879,1938,1,sibling_roster
928879,1940,2,sibling_roster
928879,1944,3,sibling_roster
928879,1951,4,sibling_roster
925601,1939,1,sibling_roster
925601,1944,2,sibling_roster
929513,1939,4,graduate
929513,1933,1,sibling_roster
929513,1935,2,sibling_roster
929513,1937,3,sibling_roster
929513,1939,4,sibling_roster
929513,1943,5,sibling_roster
929947,1939,2,graduate
929947,1938,1,sibling_roster
929947,1940,2,sibling_roster
905182,1939,2,graduate
905182,1933,1,sibling_roster
905182,1939,2,sibling_roster
905182,1945,3,sibling_roster
928587,1939,4,graduate
928587,1925,1,sibling_roster
928587,1933,2,sibling_roster
928587,1938,3,sibling_roster
928587,1939,4,sibling_roster
928587,1944,5,sibling_roster
903157,1939,1,sibling_roster
903157,1940,2,sibling_roster
914238,1940,1,sibling_roster
927654,1939,3,graduate
929396,1940,1,sibling_roster
918225,1939,1,sibling_roster
918225,1943,2,sibling_roster
918990,1939,3,graduate
918990,1935,1,sibling_roster
918990,1937,2,sibling_roster
918990,1940,3,sibling_roster
918990,1945,4,sibling_roster
932561,1940,1,sibling_roster
932561,1944,2,sibling_roster
901487,1939,2,graduate
910066,1939,2,graduate
910066,1937,1,sibling_roster
910066,1940,2,sibling_roster
910066,1947,3,sibling_roster
910066,1948,4,sibling_roster
910066,1951,5,sibling_roster
925233,1939,3,graduate
925164,1939,2,graduate
925164,1936,1,sibling_roster
925164,1940,2,sibling_roster
929923,1939,1,sibling_roster
929923,1942,2,sibling_roster
929923,1943,3,sibling_roster
929923,1945,4,sibling_roster
929923,1948,5,sibling_roster
929923,1949,6,sibling_roster
929923,1950,7,sibling_roster
929923,1954,8,sibling_roster
911676,1940,1,sibling_roster
903805,1939,2,graduate
903805,1938,1,sibling_roster
903805,1939,2,sibling_roster
903805,1940,3,sibling_roster
903805,1943,4,sibling_roster
903805,1945,5,sibling_roster
903805,1949,6,sibling_roster
914028,1939,1,sibling_roster
914028,1942,2,sibling_roster
914028,1945,3,sibling_roster
914028,1952,4,sibling_roster
925063,1941,1,sibling_roster
925063,1947,2,sibling_roster
913709,1940,1,sibling_roster
911750,1939,3,graduate
911750,1936,1,sibling_roster
911750,1937,2,sibling_roster
911750,1940,3,sibling_roster
902417,1938,3,graduate
902417,1932,1,sibling_roster
902417,1937,2,sibling_roster
902417,1939,3,sibling_roster
902417,1945,4,sibling_roster
906481,1939,5,graduate
906481,1930,1,sibling_roster
906481,1934,2,sibling_roster
906481,1936,3,sibling_roster
906481,1938,4,sibling_roster
906481,1940,5,sibling_roster
906481,1951,6,sibling_roster
929172,1939,2,graduate
929172,1933,1,sibling_roster
929172,1940,2,sibling_roster
929172,1945,3,sibling_roster
929172,1946,4,sibling_roster
905228,1939,1,sibling_roster
923083,1939,1,sibling_roster
923083,1941,2,sibling_roster
923083,1946,3,sibling_roster
905886,1939,2,graduate
912797,1939,3,graduate
912797,1929,1,sibling_roster
912797,1931,2,sibling_roster
912797,1940,3,sibling_roster
901516,1940,1,sibling_roster
901516,1942,2,sibling_roster
901516,1943,3,sibling_roster
901516,1947,4,sibling_roster
921125,1939,1,sibling_roster
921125,1941,2,sibling_roster
921125,1957,3,sibling_roster
920927,1939,3,graduate
920927,1936,1,sibling_roster
920927,1937,2,sibling_roster
920927,1940,3,sibling_roster
931213,1939,4,graduate
931213,1929,1,sibling_roster
931213,1929,2,sibling_roster
931213,1936,3,sibling_roster
931213,1940,4,sibling_roster
927931,1938,2,graduate
927931,1937,1,sibling_roster
927931,1938,2,sibling_roster
927931,1947,3,sibling_roster
927931,1949,4,sibling_roster
930320,1939,3,graduate
930320,1937,1,sibling_roster
930320,1937,2,sibling_roster
930320,1939,3,sibling_roster
930320,1941,4,sibling_roster
900877,1938,1,sibling_roster
900877,1938,2,sibling_roster
900877,1940,3,sibling_roster
900877,1942,4,sibling_roster
900309,1940,1,sibling_roster
900309,1943,2,sibling_roster
911808,1938,3,graduate
911808,1937,1,sibling_roster
911808,1937,2,sibling_roster
911808,1939,3,sibling_roster
902512,1939,1,sibling_roster
908252,1940,2,graduate
908252,1940,1,sibling_roster
905854,1940,1,sibling_roster
911707,1938,1,sibling_roster
911707,1940,2,sibling_roster
911707,1949,3,sibling_roster
908290,1939,2,graduate
914416,1940,1,sibling_roster
914416,1944,2,sibling_roster
920542,1939,2,graduate
920542,1928,1,sibling_roster
920542,1940,2,sibling_roster
907042,1940,1,sibling_roster
923927,1940,1,sibling_roster
912602,1939,2,graduate
912602,1934,1,sibling_roster
912602,1940,2,sibling_roster
927518,1939,2,graduate
915950,1939,4,graduate
915950,1929,1,sibling_roster
915950,1936,2,sibling_roster
915950,1938,3,sibling_roster
915950,1940,4,sibling_roster
928719,1939,1,sibling_roster
928719,1942,2,sibling_roster
928719,1945,3,sibling_roster
907880,1939,2,graduate
907880,1937,1,sibling_roster
907880,1940,2,sibling_roster
931077,1939,3,graduate
931077,1933,1,sibling_roster
931077,1937,2,sibling_roster
931077,1940,3,sibling_roster
931077,1943,4,sibling_roster
931077,1955,5,sibling_roster
922652,1940,2,graduate
922652,1930,1,sibling_roster
922652,1940,2,sibling_roster
909662,1939,3,graduate
903015,1939,2,graduate
903015,1939,1,sibling_roster
903015,1940,2,sibling_roster
903015,1941,3,sibling_roster
903015,1944,4,sibling_roster
932221,1940,3,graduate
932221,1937,1,sibling_roster
932221,1940,2,sibling_roster
932221,1946,3,sibling_roster
932221,1954,4,sibling_roster
927729,1940,1,sibling_roster
927729,1944,2,sibling_roster
927729,1946,3,sibling_roster
927729,1948,4,sibling_roster
902309,1939,2,graduate
902309,1936,1,sibling_roster
902309,1940,2,sibling_roster
902309,1942,3,sibling_roster
902309,1943,4,sibling_roster
902309,1947,5,sibling_roster
902309,1953,6,sibling_roster
916295,1939,2,graduate
916295,1937,1,sibling_roster
916295,1940,2,sibling_roster
916295,1944,3,sibling_roster
916295,1949,4,sibling_roster
916295,1951,5,sibling_roster
913111,1940,2,graduate
906908,1939,6,graduate
922592,1939,2,graduate
933467,1940,1,sibling_roster
933467,1941,2,sibling_roster
933467,1946,3,sibling_roster
905102,1939,9,graduate
905102,1924,1,sibling_roster
905102,1924,2,sibling_roster
905102,1925,3,sibling_roster
905102,1927,4,sibling_roster
905102,1929,5,sibling_roster
905102,1932,6,sibling_roster
905102,1936,7,sibling_roster
905102,1938,8,sibling_roster
905102,1940,9,sibling_roster
923932,1939,1,sibling_roster
923932,1943,2,sibling_roster
923932,1944,3,sibling_roster
923932,1951,4,sibling_roster
906080,1939,1,sibling_roster
906080,1941,2,sibling_roster
905277,1939,3,graduate
932000,1939,2,graduate
932000,1931,1,sibling_roster
932000,1939,2,sibling_roster
932000,1949,3,sibling_roster
932000,1950,4,sibling_roster
915031,1939,1,sibling_roster
915031,1941,2,sibling_roster
915031,1942,3,sibling_roster
928335,1940,1,sibling_roster
933515,1940,1,sibling_roster
933515,1945,2,sibling_roster
916547,1939,2,graduate
916547,1938,1,sibling_roster
916547,1940,2,sibling_roster
916547,1946,3,sibling_roster
928940,1939,1,sibling_roster
928940,1940,2,sibling_roster
928940,1943,3,sibling_roster
928940,1945,4,sibling_roster
928940,1948,5,sibling_roster
926608,1939,2,graduate
926304,1938,2,graduate
926304,1933,1,sibling_roster
926304,1938,2,sibling_roster
919466,1939,2,graduate
919466,1932,1,sibling_roster
919466,1940,2,sibling_roster
919466,1942,3,sibling_roster
920304,1939,2,graduate
920304,1933,1,sibling_roster
920304,1939,2,sibling_roster
909057,1939,2,graduate
909057,1940,1,sibling_roster
916463,1939,3,graduate
916463,1930,1,sibling_roster
916463,1931,2,sibling_roster
916463,1939,3,sibling_roster
916463,1939,4,sibling_roster
914610,1941,1,sibling_roster
916080,1937,3,graduate
903911,1939,4,graduate
913013,1939,2,graduate
927278,1939,2,graduate
927154,1939,2,graduate
927154,1939,1,sibling_roster
927154,1940,2,sibling_roster
927154,1941,3,sibling_roster
927154,1944,4,sibling_roster
927154,1946,5,sibling_roster
927154,1948,6,sibling_roster
909000,1938,1,sibling_roster
909000,1940,2,sibling_roster
923998,1940,1,sibling_roster
923998,1944,2,sibling_roster
923998,1949,3,sibling_roster
901238,1939,4,graduate
901238,1934,1,sibling_roster
901238,1936,2,sibling_roster
901238,1938,3,sibling_roster
901238,1939,4,sibling_roster
901238,1941,5,sibling_roster
901238,1943,6,sibling_roster
901238,1945,7,sibling_roster
901238,1947,8,sibling_roster
927163,1938,2,graduate
927163,1935,1,sibling_roster
927163,1939,2,sibling_roster
927163,1946,3,sibling_roster
929259,1939,1,sibling_roster
922143,1939,1,sibling_roster
907797,1939,2,graduate
917794,1939,2,graduate
917794,1936,1,sibling_roster
917794,1940,2,sibling_roster
929414,1940,1,sibling_roster
929414,1946,2,sibling_roster
929414,1951,3,sibling_roster
932057,1939,1,sibling_roster
900710,1939,2,graduate
900710,1934,1,sibling_roster
900710,1940,2,sibling_roster
900710,1942,3,sibling_roster
900915,1938,3,graduate
900915,1931,1,sibling_roster
900915,1932,2,sibling_roster
900915,1939,3,sibling_roster
900915,1945,4,sibling_roster
908397,1940,1,sibling_roster
908397,1947,2,sibling_roster
914323,1939,2,graduate
914323,1936,1,sibling_roster
914323,1940,2,sibling_roster
921920,1939,1,sibling_roster
921920,1943,2,sibling_roster
921920,1951,3,sibling_roster
927380,1939,3,graduate
927380,1934,1,sibling_roster
927380,1936,2,sibling_roster
927380,1940,3,sibling_roster
918574,1939,2,graduate
918574,1935,1,sibling_roster
918574,1939,2,sibling_roster
918574,1949,3,sibling_roster
918083,1939,3,graduate
918083,1923,1,sibling_roster
918083,1926,2,sibling_roster
918083,1939,3,sibling_roster
930116,1938,10,graduate
930116,1926,2,sibling_roster
930116,1926,4,sibling_roster
930116,1934,7,sibling_roster
930116,1938,8,sibling_roster
930116,1939,10,sibling_roster
933756,1939,1,sibling_roster
933756,1943,2,sibling_roster
911262,1939,2,graduate
911262,1934,1,sibling_roster
911262,1940,2,sibling_roster
910845,1939,8,graduate
910845,1928,1,sibling_roster
910845,1929,2,sibling_roster
910845,1931,3,sibling_roster
910845,1933,4,sibling_roster
910845,1939,5,sibling_roster
910845,1941,6,sibling_roster
908582,1940,1,sibling_roster
918310,1940,1,sibling_roster
918310,1941,2,sibling_roster
918310,1951,3,sibling_roster
918310,1952,4,sibling_roster
908857,1939,2,graduate
908857,1939,1,sibling_roster
908857,1939,2,sibling_roster
908857,1940,3,sibling_roster
908857,1947,4,sibling_roster
908857,1949,5,sibling_roster
932491,1939,1,sibling_roster
932491,1941,2,sibling_roster
916872,1939,1,sibling_roster
916872,1941,2,sibling_roster
916872,1949,3,sibling_roster
905706,1940,3,graduate
908100,1939,2,graduate
908100,1938,1,sibling_roster
908100,1940,2,sibling_roster
908100,1948,3,sibling_roster
908100,1949,4,sibling_roster
908100,1950,5,sibling_roster
908100,1951,6,sibling_roster
908100,1953,7,sibling_roster
919366,1940,1,sibling_roster
919366,1943,2,sibling_roster
919366,1947,3,sibling_roster
922474,1939,1,sibling_roster
922474,1943,2,sibling_roster
922474,1946,3,sibling_roster
922474,1948,4,sibling_roster
922464,1939,4,graduate
922464,1933,1,sibling_roster
922464,1933,2,sibling_roster
922464,1935,3,sibling_roster
922464,1940,4,sibling_roster
922464,1940,5,sibling_roster
910010,1940,6,graduate
910010,1920,1,sibling_roster
910010,1920,2,sibling_roster
910010,1925,3,sibling_roster
910010,1937,4,sibling_roster
910010,1940,5,sibling_roster
900400,1939,8,graduate
900400,1923,1,sibling_roster
900400,1925,2,sibling_roster
900400,1928,3,sibling_roster
900400,1928,4,sibling_roster
900400,1931,5,sibling_roster
900400,1933,6,sibling_roster
900400,1936,7,sibling_roster
900400,1940,8,sibling_roster
900400,1943,9,sibling_roster
924125,1939,3,graduate
924125,1916,1,sibling_roster
924125,1935,2,sibling_roster
924125,1940,3,sibling_roster
924800,1939,8,graduate
924800,1928,1,sibling_roster
924800,1928,2,sibling_roster
924800,1929,3,sibling_roster
924800,1932,4,sibling_roster
924800,1935,5,sibling_roster
924800,1937,6,sibling_roster
924800,1938,7,sibling_roster
924800,1940,8,sibling_roster
924800,1948,9,sibling_roster
922210,1938,2,graduate
922210,1936,1,sibling_roster
922210,1939,2,sibling_roster
932390,1940,1,sibling_roster
921259,1939,2,graduate
921259,1938,1,sibling_roster
921259,1940,2,sibling_roster
921259,1942,3,sibling_roster
903348,1938,5,graduate
903348,1925,1,sibling_roster
903348,1927,2,sibling_roster
903348,1931,3,sibling_roster
903348,1935,4,sibling_roster
903348,1939,5,sibling_roster
920683,1940,1,sibling_roster
920683,1942,2,sibling_roster
920683,1944,3,sibling_roster
920683,1945,4,sibling_roster
926062,1939,2,graduate
926062,1936,1,sibling_roster
926062,1940,2,sibling_roster
900801,1939,1,sibling_roster
900801,1941,2,sibling_roster
925480,1938,3,graduate
925326,1939,3,graduate
925326,1936,1,sibling_roster
925326,1937,2,sibling_roster
925326,1939,3,sibling_roster
914380,1938,2,graduate
926827,1939,1,sibling_roster
926827,1944,2,sibling_roster
916355,1940,1,sibling_roster
926513,1939,4,graduate
926513,1921,1,sibling_roster
926513,1929,2,sibling_roster
926513,1939,3,sibling_roster
926513,1940,4,sibling_roster
921831,1939,4,graduate
921831,1935,1,sibling_roster
921831,1936,2,sibling_roster
921831,1938,3,sibling_roster
921831,1939,4,sibling_roster
921831,1941,5,sibling_roster
921831,1942,6,sibling_roster
921831,1944,7,sibling_roster
918578,1939,3,graduate
918578,1936,1,sibling_roster
918578,1938,2,sibling_roster
918578,1939,3,sibling_roster
918578,1941,4,sibling_roster
918578,1945,5,sibling_roster
918578,1949,6,sibling_roster
918578,1953,7,sibling_roster
918578,1956,8,sibling_roster
900727,1939,5,graduate
900727,1928,1,sibling_roster
900727,1930,2,sibling_roster
900727,1937,3,sibling_roster
900727,1939,4,sibling_roster
904525,1939,2,graduate
910950,1939,9,graduate
916318,1940,1,sibling_roster
916318,1942,2,sibling_roster
930975,1939,2,graduate
910969,1940,1,sibling_roster
910969,1942,2,sibling_roster
927196,1938,4,graduate
928215,1939,3,graduate
928215,1927,1,sibling_roster
928215,1928,2,sibling_roster
928215,1940,3,sibling_roster
928215,1943,4,sibling_roster
916279,1939,4,graduate
916279,1928,1,sibling_roster
916279,1930,2,sibling_roster
916279,1937,3,sibling_roster
916279,1940,4,sibling_roster
916279,1942,5,sibling_roster
907637,1938,5,graduate
907637,1932,1,sibling_roster
907637,1933,2,sibling_roster
907637,1934,3,sibling_roster
907637,1935,4,sibling_roster
907637,1939,5,sibling_roster
931303,1939,2,graduate
931303,1934,1,sibling_roster
931303,1937,2,sibling_roster
931303,1940,3,sibling_roster
900236,1939,2,graduate
900236,1936,1,sibling_roster
900236,1939,2,sibling_roster
900236,1941,3,sibling_roster
900236,1945,4,sibling_roster
918056,1940,1,sibling_roster
918056,1942,2,sibling_roster
918056,1946,3,sibling_roster
926386,1939,1,sibling_roster
926386,1941,2,sibling_roster
926386,1943,3,sibling_roster
926386,1946,4,sibling_roster
923099,1940,1,sibling_roster
923099,1942,2,sibling_roster
923099,1943,3,sibling_roster
923099,1945,4,sibling_roster
923099,1950,5,sibling_roster
923099,1951,6,sibling_roster
920529,1939,4,graduate
920529,1933,1,sibling_roster
920529,1935,2,sibling_roster
920529,1936,3,sibling_roster
920529,1940,4,sibling_roster
904117,1939,3,graduate
904117,1930,1,sibling_roster
904117,1936,2,sibling_roster
904117,1940,3,sibling_roster
907790,1939,2,graduate
914779,1939,2,graduate
914779,1936,1,sibling_roster
914779,1940,2,sibling_roster
914779,1944,3,sibling_roster
914539,1939,4,graduate
914539,1929,1,sibling_roster
914539,1934,2,sibling_roster
914539,1940,3,sibling_roster
924841,1939,4,graduate
924841,1933,1,sibling_roster
924841,1936,2,sibling_roster
924841,1937,3,sibling_roster
924841,1940,4,sibling_roster
920820,1939,4,graduate
920820,1925,1,sibling_roster
920820,1928,2,sibling_roster
920820,1933,3,sibling_roster
920820,1940,4,sibling_roster
912838,1939,2,graduate
908585,1939,3,graduate
915738,1939,4,graduate
915738,1930,1,sibling_roster
915738,1933,2,sibling_roster
915738,1936,3,sibling_roster
915738,1940,4,sibling_roster
921927,1938,2,graduate
921927,1934,1,sibling_roster
921927,1939,2,sibling_roster
906989,1939,4,graduate
915817,1939,2,graduate
915817,1932,1,sibling_roster
915817,1939,2,sibling_roster
925279,1939,2,graduate
925279,1936,1,sibling_roster
925279,1940,2,sibling_roster
925279,1940,3,sibling_roster
925279,1950,4,sibling_roster
900479,1940,1,sibling_roster
907732,1939,4,graduate
907732,1934,1,sibling_roster
907732,1937,2,sibling_roster
907732,1938,3,sibling_roster
907732,1939,4,sibling_roster
907732,1941,5,sibling_roster
907732,1945,6,sibling_roster
907732,1946,7,sibling_roster
907732,1948,8,sibling_roster
901742,1940,1,sibling_roster
901742,1942,2,sibling_roster
916715,1940,1,sibling_roster
916715,1942,2,sibling_roster
916715,1951,3,sibling_roster
916715,1957,4,sibling_roster
913594,1939,1,sibling_roster
913594,1941,2,sibling_roster
913594,1943,3,sibling_roster
913594,1944,4,sibling_roster
904386,1939,3,graduate
904386,1934,1,sibling_roster
904386,1937,2,sibling_roster
904386,1939,3,sibling_roster
904386,1940,4,sibling_roster
904386,1950,5,sibling_roster
927159,1939,3,graduate
927159,1930,1,sibling_roster
927159,1938,2,sibling_roster
927159,1940,3,sibling_roster
927159,1943,4,sibling_roster
924811,1941,1,sibling_roster
926410,1940,1,sibling_roster
920564,1940,1,sibling_roster
920564,1943,2,sibling_roster
920564,1945,3,sibling_roster
920564,1953,4,sibling_roster
905970,1940,1,sibling_roster
905970,1941,2,sibling_roster
905970,1945,3,sibling_roster
925842,1938,3,graduate
925842,1927,1,sibling_roster
925842,1934,2,sibling_roster
925842,1939,3,sibling_roster
925842,1942,4,sibling_roster
926596,1938,4,graduate
926596,1935,1,sibling_roster
926596,1936,2,sibling_roster
926596,1938,3,sibling_roster
926596,1939,4,sibling_roster
926596,1939,5,sibling_roster
926596,1946,6,sibling_roster
926596,1952,7,sibling_roster
913832,1940,1,sibling_roster
913832,1941,2,sibling_roster
913832,1945,3,sibling_roster
911296,1939,2,graduate
905501,1938,4,graduate
905501,1928,1,sibling_roster
905501,1930,2,sibling_roster
905501,1931,3,sibling_roster
905501,1939,4,sibling_roster
931113,1938,3,graduate
931113,1935,1,sibling_roster
931113,1938,2,sibling_roster
931113,1939,3,sibling_roster
915796,1939,10,graduate
919690,1937,2,graduate
919690,1936,1,sibling_roster
919690,1938,2,sibling_roster
928367,1939,1,sibling_roster
928367,1948,2,sibling_roster
928367,1957,3,sibling_roster
930438,1939,2,graduate
930438,1931,1,sibling_roster
930438,1940,2,sibling_roster
910763,1940,1,sibling_roster
910763,1946,2,sibling_roster
910763,1953,3,sibling_roster
910763,1958,4,sibling_roster
927447,1938,7,graduate
918667,1939,1,sibling_roster
918667,1941,2,sibling_roster
918667,1946,3,sibling_roster
917937,1940,2,graduate
917937,1939,1,sibling_roster
917937,1940,2,sibling_roster
917937,1942,3,sibling_roster
914359,1939,4,graduate
918566,1940,1,sibling_roster
918566,1942,2,sibling_roster
918566,1944,4,sibling_roster
918566,1947,5,sibling_roster
918566,1951,6,sibling_roster
918566,1956,7,sibling_roster
932336,1939,5,graduate
932336,1931,1,sibling_roster
932336,1933,2,sibling_roster
932336,1938,3,sibling_roster
932336,1938,4,sibling_roster
932336,1940,5,sibling_roster
932336,1942,6,sibling_roster
932336,1947,7,sibling_roster
913142,1939,4,graduate
932282,1938,3,graduate
932282,1928,1,sibling_roster
932282,1934,2,sibling_roster
932282,1938,3,sibling_roster
900669,1940,3,graduate
929908,1940,1,sibling_roster
929908,1943,2,sibling_roster
929908,1945,3,sibling_roster
929908,1951,4,sibling_roster
929908,1952,5,sibling_roster
929908,1965,6,sibling_roster
903981,1940,1,sibling_roster
903981,1941,2,sibling_roster
903981,1946,3,sibling_roster
903981,1963,4,sibling_roster
903981,1963,5,sibling_roster
917412,1939,1,sibling_roster
917412,1948,2,sibling_roster
917412,1950,3,sibling_roster
921915,1939,2,graduate
900782,1939,4,graduate
911980,1939,2,graduate
928791,1939,5,graduate
928791,1927,1,sibling_roster
928791,1930,2,sibling_roster
928791,1930,3,sibling_roster
928791,1935,4,sibling_roster
928791,1940,5,sibling_roster
929181,1939,3,graduate
929181,1933,1,sibling_roster
929181,1935,2,sibling_roster
929181,1940,3,sibling_roster
929181,1941,4,sibling_roster
914853,1939,9,graduate
914853,1913,1,sibling_roster
914853,1925,2,sibling_roster
914853,1928,3,sibling_roster
914853,1930,4,sibling_roster
914853,1933,5,sibling_roster
914853,1934,6,sibling_roster
914853,1936,7,sibling_roster
914853,1939,8,sibling_roster
914853,1943,9,sibling_roster
927726,1939,2,graduate
927726,1933,1,sibling_roster
927726,1939,2,sibling_roster
927726,1950,3,sibling_roster
914754,1938,4,graduate
914754,1924,1,sibling_roster
914754,1927,2,sibling_roster
914754,1933,3,sibling_roster
914754,1940,4,sibling_roster
929538,1939,6,graduate
923389,1939,2,graduate
923389,1938,1,sibling_roster
923389,1940,2,sibling_roster
923389,1941,3,sibling_roster
915475,1939,1,sibling_roster
915475,1943,2,sibling_roster
926708,1939,2,graduate
926708,1937,1,sibling_roster
926708,1939,2,sibling_roster
926708,1940,3,sibling_roster
926708,1947,4,sibling_roster
905229,1939,3,graduate
905229,1928,1,sibling_roster
905229,1936,2,sibling_roster
905229,1940,3,sibling_roster
923354,1939,1,sibling_roster
923354,1948,2,sibling_roster
923354,1951,3,sibling_roster
923354,1952,4,sibling_roster
913354,1938,3,graduate
913354,1922,4,sibling_roster
913354,1925,5,sibling_roster
913354,1938,6,sibling_roster
913354,1938,7,sibling_roster
913354,1941,8,sibling_roster
913354,1941,9,sibling_roster
913354,1944,10,sibling_roster
929871,1939,4,graduate
929871,1932,1,sibling_roster
929871,1934,2,sibling_roster
929871,1936,3,sibling_roster
929871,1939,4,sibling_roster
910542,1939,2,graduate
910542,1939,1,sibling_roster
910542,1940,2,sibling_roster
910542,1943,3,sibling_roster
910542,1953,4,sibling_roster
923109,1939,2,graduate
923109,1931,1,sibling_roster
923109,1940,2,sibling_roster
927924,1939,1,sibling_roster
927924,1942,2,sibling_roster
927924,1943,3,sibling_roster
919166,1939,1,sibling_roster
919166,1944,2,sibling_roster
919166,1953,3,sibling_roster
913771,1940,1,sibling_roster
913771,1942,2,sibling_roster
915608,1939,3,graduate
915608,1935,1,sibling_roster
915608,1937,2,sibling_roster
915608,1940,3,sibling_roster
916576,1939,4,graduate
916576,1931,1,sibling_roster
916576,1932,2,sibling_roster
916576,1937,3,sibling_roster
916576,1940,4,sibling_roster
916576,1942,5,sibling_roster
916576,1945,6,sibling_roster
929809,1939,10,graduate
929809,1932,1,sibling_roster
929809,1939,2,sibling_roster
906132,1939,2,graduate
917495,1939,3,graduate
930368,1937,1,sibling_roster
930368,1942,2,sibling_roster
930368,1945,3,sibling_roster
930368,1948,4,sibling_roster
930368,1952,5,sibling_roster
930368,1959,6,sibling_roster
905420,1939,2,graduate
905420,1939,1,sibling_roster
905420,1940,2,sibling_roster
930167,1939,3,graduate
930167,1930,1,sibling_roster
930167,1932,2,sibling_roster
930167,1940,3,sibling_roster
915102,1938,2,graduate
915102,1932,1,sibling_roster
915102,1938,2,sibling_roster
904519,1939,1,sibling_roster
925843,1939,3,graduate
925843,1937,1,sibling_roster
925843,1939,2,sibling_roster
925843,1940,3,sibling_roster
925843,1945,4,sibling_roster
925843,1946,5,sibling_roster
925843,1949,6,sibling_roster
925843,1951,7,sibling_roster
908596,1939,2,graduate
908596,1937,1,sibling_roster
908596,1940,2,sibling_roster
908596,1941,3,sibling_roster
917739,1940,1,sibling_roster
917739,1942,2,sibling_roster
917739,1949,3,sibling_roster
917739,1951,4,sibling_roster
917739,1953,5,sibling_roster
917739,1953,6,sibling_roster
917739,1954,7,sibling_roster
917739,1958,8,sibling_roster
917739,1962,9,sibling_roster
903272,1938,4,graduate
903272,1925,1,sibling_roster
903272,1931,2,sibling_roster
903272,1936,3,sibling_roster
903272,1939,4,sibling_roster
903272,1943,5,sibling_roster
903272,1945,6,sibling_roster
904623,1939,2,graduate
904623,1934,1,sibling_roster
904623,1939,2,sibling_roster
916351,1939,3,graduate
916351,1933,1,sibling_roster
916351,1939,2,sibling_roster
916351,1939,3,sibling_roster
924202,1940,1,sibling_roster
924202,1943,2,sibling_roster
924202,1959,3,sibling_roster
905107,1939,2,graduate
905107,1937,1,sibling_roster
905107,1940,2,sibling_roster
904609,1939,2,graduate
932656,1940,1,sibling_roster
932656,1945,2,sibling_roster
932656,1947,3,sibling_roster
920770,1940,2,graduate
920770,1938,1,sibling_roster
920770,1941,2,sibling_roster
917050,1940,1,sibling_roster
917050,1944,2,sibling_roster
926610,1939,1,sibling_roster
926610,1943,2,sibling_roster
918106,1939,4,graduate
918106,1928,1,sibling_roster
918106,1933,2,sibling_roster
918106,1939,3,sibling_roster
932700,1939,3,graduate
905785,1940,1,sibling_roster
905785,1940,2,sibling_roster
905785,1946,3,sibling_roster
905785,1952,4,sibling_roster
905785,1952,5,sibling_roster
900096,1939,1,sibling_roster
900096,1950,2,sibling_roster
900096,1951,3,sibling_roster
900021,1938,7,graduate
900021,1904,1,sibling_roster
900021,1908,2,sibling_roster
900021,1915,3,sibling_roster
900021,1919,4,sibling_roster
900021,1921,5,sibling_roster
900021,1938,6,sibling_roster
900021,1938,7,sibling_roster
901120,1939,2,graduate
901120,1936,1,sibling_roster
901120,1940,2,sibling_roster
921394,1940,1,sibling_roster
921394,1943,2,sibling_roster
921394,1945,3,sibling_roster
918997,1939,2,graduate
918997,1933,1,sibling_roster
918997,1940,2,sibling_roster
916321,1939,1,sibling_roster
916321,1943,2,sibling_roster
916321,1947,3,sibling_roster
919732,1940,3,graduate
919732,1930,1,sibling_roster
919732,1932,2,sibling_roster
919732,1940,3,sibling_roster
911961,1939,2,graduate
911961,1940,1,sibling_roster
925751,1939,2,graduate
925751,1938,1,sibling_roster
925751,1940,2,sibling_roster
925751,1942,3,sibling_roster
925751,1944,4,sibling_roster
931686,1940,1,sibling_roster
931686,1940,2,sibling_roster
931686,1944,3,sibling_roster
932841,1939,2,graduate
932841,1932,1,sibling_roster
932841,1939,2,sibling_roster
932841,1940,3,sibling_roster
901495,1939,2,graduate
923542,1939,2,graduate
923542,1938,1,sibling_roster
923542,1939,2,sibling_roster
923542,1941,3,sibling_roster
923542,1944,4,sibling_roster
923542,1945,5,sibling_roster
923542,1947,6,sibling_roster
923542,1952,7,sibling_roster
923542,1954,8,sibling_roster
907948,1939,2,graduate
907948,1939,1,sibling_roster
907948,1939,2,sibling_roster
907948,1941,3,sibling_roster
907948,1961,4,sibling_roster
906505,1940,2,graduate
932052,1940,1,sibling_roster
924666,1939,1,sibling_roster
924666,1943,2,sibling_roster
931580,1939,1,sibling_roster
931580,1942,2,sibling_roster
905011,1940,1,sibling_roster
905011,1941,2,sibling_roster
917380,1939,3,graduate
917380,1934,1,sibling_roster
917380,1936,2,sibling_roster
917380,1940,3,sibling_roster
915926,1939,2,graduate
927749,1940,1,sibling_roster
917210,1939,1,sibling_roster
917210,1942,2,sibling_roster
917210,1942,3,sibling_roster
926140,1939,4,graduate
926140,1936,1,sibling_roster
926140,1937,2,sibling_roster
926140,1939,3,sibling_roster
926140,1940,4,sibling_roster
926140,1943,5,sibling_roster
929764,1940,1,sibling_roster
927069,1939,1,sibling_roster
925617,1939,1,sibling_roster
906616,1939,4,graduate
906616,1934,1,sibling_roster
906616,1937,2,sibling_roster
906616,1940,3,sibling_roster
906616,1947,4,sibling_roster
925963,1939,2,graduate
925963,1929,1,sibling_roster
925963,1939,2,sibling_roster
912175,1939,3,graduate
912175,1928,1,sibling_roster
912175,1935,2,sibling_roster
912175,1940,3,sibling_roster
918467,1939,2,graduate
918467,1937,1,sibling_roster
918467,1939,2,sibling_roster
913154,1939,2,graduate
913154,1932,1,sibling_roster
913154,1940,2,sibling_roster
911780,1940,1,sibling_roster
913707,1938,3,graduate
913707,1939,3,sibling_roster
927837,1939,1,sibling_roster
927837,1941,2,sibling_roster
902924,1940,1,sibling_roster
902924,1944,2,sibling_roster
902924,1949,3,sibling_roster
922360,1939,1,sibling_roster
905407,1939,2,graduate
905407,1937,1,sibling_roster
905407,1939,2,sibling_roster
905407,1944,3,sibling_roster
905407,1953,4,sibling_roster
910184,1940,2,graduate
910184,1935,1,sibling_roster
910184,1940,2,sibling_roster
910184,1944,3,sibling_roster
910184,1946,4,sibling_roster
924740,1939,1,sibling_roster
924740,1940,2,sibling_roster
929743,1938,3,graduate
902742,1939,1,sibling_roster
918459,1939,2,graduate
918459,1936,1,sibling_roster
918459,1940,2,sibling_roster
930545,1939,2,graduate
930545,1934,1,sibling_roster
930545,1939,2,sibling_roster
920808,1940,7,graduate
905687,1939,2,graduate
905687,1936,1,sibling_roster
905687,1939,2,sibling_roster
908998,1939,2,graduate
900394,1938,3,graduate
900394,1936,1,sibling_roster
900394,1938,2,sibling_roster
900394,1939,3,sibling_roster
900394,1944,4,sibling_roster
900394,1952,5,sibling_roster
914457,1939,2,graduate
914457,1936,1,sibling_roster
914457,1939,2,sibling_roster
914457,1949,3,sibling_roster
917271,1940,1,sibling_roster
917271,1945,2,sibling_roster
925547,1939,1,sibling_roster
928639,1939,2,graduate
928639,1935,1,sibling_roster
928639,1940,2,sibling_roster
928639,1945,3,sibling_roster
922274,1941,1,sibling_roster
922274,1945,2,sibling_roster
928475,1939,2,graduate
911097,1940,1,sibling_roster
905204,1939,1,sibling_roster
901958,1939,2,graduate
901958,1938,1,sibling_roster
901958,1940,2,sibling_roster
919233,1940,1,sibling_roster
918103,1939,2,graduate
907931,1940,1,sibling_roster
907931,1942,2,sibling_roster
907931,1946,3,sibling_roster
932195,1940,1,sibling_roster
932195,1944,2,sibling_roster
907644,1940,1,sibling_roster
907644,1942,2,sibling_roster
926877,1939,3,graduate
926877,1931,1,sibling_roster
926877,1935,2,sibling_roster
926877,1940,3,sibling_roster
904165,1940,1,sibling_roster
928417,1939,3,graduate
928417,1933,1,sibling_roster
928417,1935,2,sibling_roster
928417,1939,3,sibling_roster
905544,1939,2,graduate
905544,1930,1,sibling_roster
905544,1940,2,sibling_roster
909748,1939,3,graduate
909748,1935,1,sibling_roster
909748,1938,2,sibling_roster
909748,1940,3,sibling_roster
909748,1945,4,sibling_roster
909748,1955,5,sibling_roster
915391,1939,1,sibling_roster
915391,1942,2,sibling_roster
915391,1945,3,sibling_roster
915073,1940,1,sibling_roster
915073,1943,2,sibling_roster
915073,1951,3,sibling_roster
901057,1940,1,sibling_roster
901057,1948,2,sibling_roster
928196,1939,2,graduate
919535,1940,2,graduate
924613,1939,1,sibling_roster
924613,1941,2,sibling_roster
924613,1954,3,sibling_roster
907934,1940,2,graduate
907934,1936,1,sibling_roster
907934,1940,2,sibling_roster
903122,1940,1,sibling_roster
905109,1939,2,graduate
905109,1938,1,sibling_roster
905109,1940,2,sibling_roster
905109,1944,3,sibling_roster
927810,1939,2,graduate
927810,1937,1,sibling_roster
927810,1940,2,sibling_roster
930457,1939,2,graduate
930457,1938,1,sibling_roster
930457,1940,2,sibling_roster
921368,1939,2,graduate
921368,1934,1,sibling_roster
921368,1940,2,sibling_roster
911280,1939,1,sibling_roster
915038,1940,1,sibling_roster
915038,1947,2,sibling_roster
915038,1954,3,sibling_roster
915647,1939,3,graduate
915647,1934,1,sibling_roster
915647,1939,2,sibling_roster
924395,1939,1,sibling_roster
913525,1939,2,graduate
913525,1931,1,sibling_roster
913525,1940,2,sibling_roster
915667,1940,1,sibling_roster
930607,1937,3,graduate
930607,1933,1,sibling_roster
930607,1935,2,sibling_roster
930607,1938,3,sibling_roster
930607,1939,4,sibling_roster
930607,1943,5,sibling_roster
924352,1939,5,graduate
929901,1940,1,sibling_roster
925107,1939,2,graduate
925107,1938,1,sibling_roster
925107,1940,2,sibling_roster
925107,1942,3,sibling_roster
925107,1945,4,sibling_roster
930399,1940,1,sibling_roster
930399,1941,2,sibling_roster
930399,1943,3,sibling_roster
930399,1945,4,sibling_roster
930399,1947,5,sibling_roster
930399,1947,6,sibling_roster
904008,1940,2,graduate
904008,1936,1,sibling_roster
904008,1940,2,sibling_roster
917748,1939,3,graduate
932879,1940,1,sibling_roster
932879,1941,2,sibling_roster
907909,1939,2,graduate
924869,1940,1,sibling_roster
924869,1948,2,sibling_roster
904219,1940,2,graduate
904219,1935,1,sibling_roster
904219,1940,2,sibling_roster
933523,1940,1,sibling_roster
933523,1960,2,sibling_roster
902082,1940,1,sibling_roster
902082,1942,2,sibling_roster
910214,1939,2,graduate
926924,1940,1,sibling_roster
926924,1941,2,sibling_roster
926924,1947,3,sibling_roster
926924,1955,4,sibling_roster
900043,1939,1,sibling_roster
900043,1942,2,sibling_roster
900043,1943,3,sibling_roster
900043,1945,4,sibling_roster
929496,1939,2,graduate
910477,1940,1,sibling_roster
910477,1944,2,sibling_roster
926830,1939,2,graduate
926830,1935,1,sibling_roster
926830,1939,2,sibling_roster
907279,1939,3,graduate
907279,1935,1,sibling_roster
907279,1936,2,sibling_roster
907279,1938,3,sibling_roster
907279,1939,4,sibling_roster
907279,1945,5,sibling_roster
928007,1940,1,sibling_roster
928007,1940,2,sibling_roster
933395,1939,2,graduate
933395,1935,1,sibling_roster
933395,1940,2,sibling_roster
933395,1952,3,sibling_roster
916226,1939,2,graduate
916226,1938,1,sibling_roster
916226,1939,2,sibling_roster
924349,1939,2,graduate
924349,1935,1,sibling_roster
924349,1939,2,sibling_roster
924349,1944,3,sibling_roster
900620,1939,1,sibling_roster
900620,1943,2,sibling_roster
909804,1940,1,sibling_roster
923158,1939,4,graduate
923158,1931,1,sibling_roster
917282,1940,1,sibling_roster
917282,1941,2,sibling_roster
917282,1949,3,sibling_roster
917282,1952,4,sibling_roster
917282,1957,5,sibling_roster
907139,1940,1,sibling_roster
907139,1941,2,sibling_roster
907429,1939,3,graduate
907429,1936,1,sibling_roster
907429,1938,2,sibling_roster
907429,1939,3,sibling_roster
907429,1941,4,sibling_roster
907429,1952,5,sibling_roster
907429,1954,6,sibling_roster
931811,1939,3,graduate
931811,1935,1,sibling_roster
931811,1938,2,sibling_roster
931811,1939,3,sibling_roster
931811,1941,4,sibling_roster
912491,1939,2,graduate
912491,1938,1,sibling_roster
912491,1939,2,sibling_roster
915544,1940,6,graduate
915544,1933,1,sibling_roster
915544,1934,2,sibling_roster
915544,1936,3,sibling_roster
915544,1937,4,sibling_roster
915544,1939,5,sibling_roster
915544,1940,6,sibling_roster
930377,1940,1,sibling_roster
930377,1944,2,sibling_roster
930377,1947,3,sibling_roster
930377,1953,4,sibling_roster
924576,1939,4,graduate
924576,1926,1,sibling_roster
924576,1927,2,sibling_roster
924576,1934,3,sibling_roster
924576,1939,4,sibling_roster
911941,1939,4,graduate
911941,1934,1,sibling_roster
911941,1935,2,sibling_roster
911941,1938,3,sibling_roster
911941,1940,4,sibling_roster
911941,1944,5,sibling_roster
911941,1947,6,sibling_roster
932936,1939,4,graduate
932936,1926,1,sibling_roster
932936,1930,2,sibling_roster
932936,1934,3,sibling_roster
932936,1940,4,sibling_roster
929413,1939,1,sibling_roster
929413,1939,2,sibling_roster
929413,1945,3,sibling_roster
928230,1939,3,graduate
928230,1927,1,sibling_roster
928230,1932,2,sibling_roster
928230,1939,3,sibling_roster
928230,1943,4,sibling_roster
928230,1947,5,sibling_roster
904258,1940,1,sibling_roster
931710,1939,3,graduate
931710,1928,1,sibling_roster
931710,1932,2,sibling_roster
931710,1940,3,sibling_roster
931710,1942,4,sibling_roster
931710,1945,5,sibling_roster
931843,1939,1,sibling_roster
913774,1939,11,graduate
920663,1940,1,sibling_roster
915530,1939,1,sibling_roster
915530,1940,2,sibling_roster
915530,1954,3,sibling_roster
919527,1939,5,graduate
919527,1930,1,sibling_roster
919527,1934,2,sibling_roster
919527,1934,3,sibling_roster
919527,1936,4,sibling_roster
919527,1939,5,sibling_roster
910451,1939,2,graduate
910451,1938,1,sibling_roster
910451,1940,2,sibling_roster
910451,1942,3,sibling_roster
910451,1944,4,sibling_roster
901307,1938,2,graduate
927421,1940,3,graduate
927421,1937,1,sibling_roster
927421,1939,2,sibling_roster
927421,1940,3,sibling_roster
927421,1942,4,sibling_roster
920672,1939,1,sibling_roster
920672,1956,2,sibling_roster
929034,1939,2,graduate
929034,1938,1,sibling_roster
929034,1940,2,sibling_roster
929034,1950,3,sibling_roster
918902,1939,5,graduate
918902,1932,1,sibling_roster
918902,1933,2,sibling_roster
918902,1935,3,sibling_roster
918902,1938,4,sibling_roster
918902,1940,5,sibling_roster
918902,1945,6,sibling_roster
918902,1947,7,sibling_roster
918902,1950,8,sibling_roster
912598,1940,6,graduate
912598,1927,1,sibling_roster
912598,1928,2,sibling_roster
912598,1932,3,sibling_roster
912598,1941,4,sibling_roster
912598,1946,5,sibling_roster
928620,1939,2,graduate
928620,1939,1,sibling_roster
928620,1940,2,sibling_roster
932857,1939,2,graduate
932857,1939,1,sibling_roster
932857,1940,2,sibling_roster
923816,1940,1,sibling_roster
923816,1944,2,sibling_roster
917295,1939,8,graduate
917295,1926,1,sibling_roster
917295,1927,2,sibling_roster
917295,1928,3,sibling_roster
917295,1931,4,sibling_roster
917295,1934,5,sibling_roster
917295,1936,6,sibling_roster
917295,1938,7,sibling_roster
917295,1939,8,sibling_roster
914051,1939,1,sibling_roster
914051,1942,2,sibling_roster
914051,1949,3,sibling_roster
915553,1939,2,graduate
915553,1939,1,sibling_roster
921984,1939,2,graduate
921984,1937,1,sibling_roster
921984,1940,2,sibling_roster
921984,1942,3,sibling_roster
921984,1945,4,sibling_roster
921984,1948,5,sibling_roster
930154,1939,3,graduate
930154,1927,1,sibling_roster
930154,1929,2,sibling_roster
930154,1939,3,sibling_roster
914034,1939,7,graduate
914034,1927,1,sibling_roster
914034,1929,2,sibling_roster
914034,1930,3,sibling_roster
914034,1932,4,sibling_roster
914034,1934,5,sibling_roster
914034,1936,6,sibling_roster
914034,1940,7,sibling_roster
914034,1942,8,sibling_roster
922362,1939,3,graduate
907198,1939,9,graduate
907198,1926,1,sibling_roster
907198,1927,2,sibling_roster
907198,1929,3,sibling_roster
907198,1930,4,sibling_roster
907198,1932,5,sibling_roster
907198,1933,6,sibling_roster
907198,1935,7,sibling_roster
907198,1939,8,sibling_roster
907198,1939,9,sibling_roster
902222,1939,4,graduate
902222,1930,1,sibling_roster
902222,1933,2,sibling_roster
902222,1937,3,sibling_roster
902222,1940,4,sibling_roster
927969,1940,1,sibling_roster
933438,1939,2,graduate
929384,1939,1,sibling_roster
929384,1946,2,sibling_roster
929384,1951,3,sibling_roster
929384,1951,4,sibling_roster
927103,1939,2,graduate
927103,1920,1,sibling_roster
927103,1940,2,sibling_roster
930102,1939,4,graduate
930102,1939,1,sibling_roster
924778,1939,7,graduate
924778,1923,1,sibling_roster
924778,1925,2,sibling_roster
924778,1927,3,sibling_roster
924778,1927,4,sibling_roster
924778,1929,5,sibling_roster
924778,1934,6,sibling_roster
924778,1940,7,sibling_roster
931215,1939,2,graduate
923088,1939,1,sibling_roster
923088,1941,2,sibling_roster
923088,1943,3,sibling_roster
923088,1945,4,sibling_roster
924551,1938,2,graduate
924551,1926,1,sibling_roster
924551,1938,2,sibling_roster
924842,1939,2,graduate
924842,1940,1,sibling_roster
924842,1947,2,sibling_roster
911731,1939,2,graduate
911731,1939,1,sibling_roster
911731,1940,2,sibling_roster
911731,1941,3,sibling_roster
911731,1942,4,sibling_roster
911731,1942,5,sibling_roster
911731,1945,6,sibling_roster
911731,1950,7,sibling_roster
911033,1939,2,graduate
911033,1937,1,sibling_roster
911033,1939,2,sibling_roster
911033,1942,3,sibling_roster
927742,1940,6,graduate
901125,1940,1,sibling_roster
901125,1943,2,sibling_roster
901125,1945,3,sibling_roster
901125,1947,4,sibling_roster
901125,1957,5,sibling_roster
900630,1939,2,graduate
900630,1936,1,sibling_roster
900630,1940,2,sibling_roster
920081,1939,3,graduate
920081,1936,1,sibling_roster
920081,1938,2,sibling_roster
920081,1940,3,sibling_roster
932531,1939,2,graduate
932531,1938,1,sibling_roster
932531,1940,2,sibling_roster
932531,1941,3,sibling_roster
910100,1939,6,graduate
910100,1926,1,sibling_roster
910100,1929,2,sibling_roster
910100,1933,3,sibling_roster
910100,1937,4,sibling_roster
910100,1940,5,sibling_roster
910100,1943,6,sibling_roster
910100,1948,7,sibling_roster
910100,1950,8,sibling_roster
910100,1953,9,sibling_roster
906541,1939,1,sibling_roster
906541,1940,2,sibling_roster
906541,1942,3,sibling_roster
906541,1944,4,sibling_roster
906541,1947,5,sibling_roster
906541,1948,6,sibling_roster
906541,1950,7,sibling_roster
906541,1954,8,sibling_roster
922617,1939,2,graduate
924293,1939,2,graduate
924293,1937,1,sibling_roster
924293,1940,2,sibling_roster
924293,1944,3,sibling_roster
924293,1946,4,sibling_roster
923300,1937,6,graduate
923300,1926,1,sibling_roster
923300,1931,2,sibling_roster
923300,1933,3,sibling_roster
923300,1935,4,sibling_roster
923300,1936,5,sibling_roster
923300,1938,6,sibling_roster
923300,1942,7,sibling_roster
923300,1945,8,sibling_roster
909170,1940,1,sibling_roster
932890,1940,1,sibling_roster
932890,1949,2,sibling_roster
910282,1939,2,graduate
910404,1940,1,sibling_roster
910404,1941,2,sibling_roster
921757,1938,2,graduate
913803,1939,5,graduate
913803,1931,1,sibling_roster
913803,1932,2,sibling_roster
913803,1934,3,sibling_roster
913803,1936,4,sibling_roster
913803,1939,5,sibling_roster
913803,1942,6,sibling_roster
913803,1947,7,sibling_roster
913803,1952,8,sibling_roster
900209,1939,5,graduate
900209,1924,1,sibling_roster
900209,1927,2,sibling_roster
900209,1930,3,sibling_roster
900209,1933,4,sibling_roster
900209,1940,5,sibling_roster
906108,1939,3,graduate
918655,1939,2,graduate
918655,1938,1,sibling_roster
918655,1940,2,sibling_roster
918655,1942,3,sibling_roster
918655,1944,4,sibling_roster
918655,1946,5,sibling_roster
924299,1939,8,graduate
924299,1929,1,sibling_roster
924299,1930,2,sibling_roster
924299,1931,3,sibling_roster
924299,1933,4,sibling_roster
924299,1935,5,sibling_roster
924299,1936,6,sibling_roster
924299,1938,7,sibling_roster
924299,1940,8,sibling_roster
924299,1940,9,sibling_roster
924299,1945,10,sibling_roster
924299,1949,11,sibling_roster
918824,1939,1,sibling_roster
918824,1948,2,sibling_roster
913615,1939,3,graduate
913615,1939,1,sibling_roster
913615,1944,2,sibling_roster
910544,1939,2,graduate
910544,1937,1,sibling_roster
910544,1939,2,sibling_roster
910544,1943,3,sibling_roster
910544,1949,4,sibling_roster
910544,1952,5,sibling_roster
910544,1957,6,sibling_roster
905258,1939,9,graduate
905258,1928,1,sibling_roster
905258,1930,2,sibling_roster
905258,1932,3,sibling_roster
905258,1933,4,sibling_roster
905258,1935,5,sibling_roster
905258,1938,6,sibling_roster
905258,1939,7,sibling_roster
905258,1940,8,sibling_roster
905258,1942,9,sibling_roster
905258,1944,10,sibling_roster
933842,1939,2,graduate
933842,1935,1,sibling_roster
933842,1940,2,sibling_roster
933842,1942,3,sibling_roster
933842,1942,4,sibling_roster
933842,1950,5,sibling_roster
933842,1954,6,sibling_roster
933842,1955,7,sibling_roster
900441,1939,2,graduate
900441,1937,1,sibling_roster
900441,1940,2,sibling_roster
900441,1941,3,sibling_roster
900441,1946,4,sibling_roster
906890,1939,2,graduate
906890,1938,1,sibling_roster
906890,1940,2,sibling_roster
906890,1946,3,sibling_roster
906890,1949,4,sibling_roster
909400,1938,5,graduate
909400,1924,1,sibling_roster
909400,1930,2,sibling_roster
909400,1933,3,sibling_roster
909400,1937,4,sibling_roster
909400,1939,5,sibling_roster
908751,1940,1,sibling_roster
908751,1942,2,sibling_roster
908751,1944,3,sibling_roster
922082,1939,9,graduate
920069,1938,4,graduate
925902,1939,2,graduate
925902,1938,1,sibling_roster
925902,1939,2,sibling_roster
925902,1941,3,sibling_roster
922897,1939,3,graduate
922897,1931,1,sibling_roster
922897,1932,2,sibling_roster
922897,1940,3,sibling_roster
923356,1940,1,sibling_roster
923356,1943,2,sibling_roster
923356,1944,3,sibling_roster
923356,1945,4,sibling_roster
923356,1947,5,sibling_roster
923356,1949,6,sibling_roster
923356,1950,7,sibling_roster
923356,1951,8,sibling_roster
923356,1955,9,sibling_roster
928016,1939,2,graduate
928016,1939,1,sibling_roster
918733,1940,1,sibling_roster
918733,1946,2,sibling_roster
918733,1948,3,sibling_roster
918733,1952,4,sibling_roster
918733,1956,5,sibling_roster
918733,1962,6,sibling_roster
929516,1939,3,graduate
929516,1930,1,sibling_roster
929516,1936,2,sibling_roster
929516,1940,3,sibling_roster
904157,1939,3,graduate
918860,1940,1,sibling_roster
918860,1942,2,sibling_roster
918860,1943,3,sibling_roster
918860,1946,4,sibling_roster
918860,1948,5,sibling_roster
918860,1955,6,sibling_roster
918860,1959,7,sibling_roster
916311,1939,4,graduate
916311,1923,1,sibling_roster
916311,1925,2,sibling_roster
916311,1932,3,sibling_roster
916311,1940,4,sibling_roster
906297,1940,1,sibling_roster
906297,1943,2,sibling_roster
906297,1945,3,sibling_roster
900491,1940,3,graduate
932422,1939,3,graduate
932422,1934,1,sibling_roster
932422,1936,2,sibling_roster
932422,1940,3,sibling_roster
932685,1938,2,graduate
932685,1935,1,sibling_roster
932685,1938,2,sibling_roster
911703,1939,3,graduate
911703,1932,1,sibling_roster
911703,1936,2,sibling_roster
911703,1940,3,sibling_roster
911703,1947,4,sibling_roster
911703,1949,5,sibling_roster
902711,1939,2,graduate
902711,1935,1,sibling_roster
902711,1940,2,sibling_roster
902711,1946,3,sibling_roster
902312,1937,2,graduate
923885,1939,3,graduate
923885,1935,1,sibling_roster
923885,1939,2,sibling_roster
923885,1940,3,sibling_roster
924672,1939,1,sibling_roster
924672,1943,2,sibling_roster
905288,1939,1,sibling_roster
915930,1940,1,sibling_roster
915930,1944,2,sibling_roster
904376,1938,2,graduate
904376,1937,1,sibling_roster
904376,1939,2,sibling_roster
904376,1940,3,sibling_roster
904376,1943,4,sibling_roster
904376,1944,5,sibling_roster
904376,1944,6,sibling_roster
904493,1940,1,sibling_roster
904493,1943,2,sibling_roster
904493,1944,3,sibling_roster
904493,1954,4,sibling_roster
912783,1939,5,graduate
912783,1925,1,sibling_roster
912783,1928,2,sibling_roster
912783,1935,3,sibling_roster
912783,1936,4,sibling_roster
912783,1940,5,sibling_roster
931958,1939,2,graduate
931958,1938,1,sibling_roster
931958,1940,2,sibling_roster
931958,1944,3,sibling_roster
930126,1940,1,sibling_roster
930126,1944,2,sibling_roster
904370,1939,1,sibling_roster
923499,1939,3,graduate
923499,1917,1,sibling_roster
923499,1919,2,sibling_roster
923499,1939,3,sibling_roster
909192,1938,4,graduate
909192,1909,1,sibling_roster
909192,1919,2,sibling_roster
909192,1934,3,sibling_roster
909192,1939,4,sibling_roster
922647,1940,1,sibling_roster
922647,1943,2,sibling_roster
922647,1944,3,sibling_roster
922647,1950,4,sibling_roster
909947,1939,6,graduate
909947,1920,1,sibling_roster
909947,1924,2,sibling_roster
909947,1925,3,sibling_roster
909947,1932,4,sibling_roster
909947,1940,5,sibling_roster
906786,1939,1,sibling_roster
906786,1942,2,sibling_roster
906786,1956,3,sibling_roster
922938,1939,2,graduate
922938,1938,1,sibling_roster
922938,1939,2,sibling_roster
922938,1947,3,sibling_roster
933278,1939,4,graduate
933278,1927,1,sibling_roster
933278,1934,2,sibling_roster
933278,1938,3,sibling_roster
933278,1939,4,sibling_roster
930214,1938,4,graduate
903826,1940,1,sibling_roster
903826,1940,2,sibling_roster
903826,1942,3,sibling_roster
902199,1939,1,sibling_roster
902199,1947,2,sibling_roster
914410,1939,2,graduate
914410,1938,1,sibling_roster
914410,1940,2,sibling_roster
919377,1938,2,graduate
919377,1935,1,sibling_roster
919377,1939,2,sibling_roster
919377,1944,3,sibling_roster
907635,1938,3,graduate
923978,1939,4,graduate
923978,1934,1,sibling_roster
923978,1936,2,sibling_roster
923978,1939,3,sibling_roster
923978,1940,4,sibling_roster
923978,1942,5,sibling_roster
908302,1937,3,graduate
908302,1937,1,sibling_roster
908302,1937,2,sibling_roster
908302,1939,3,sibling_roster
909794,1939,2,graduate
909794,1938,1,sibling_roster
909794,1940,2,sibling_roster
906477,1939,3,graduate
921057,1940,2,graduate
921057,1936,1,sibling_roster
921057,1940,2,sibling_roster
916229,1939,1,sibling_roster
916229,1945,2,sibling_roster
916229,1960,3,sibling_roster
920230,1939,4,graduate
920230,1925,1,sibling_roster
920230,1927,2,sibling_roster
920230,1936,3,sibling_roster
920230,1940,4,sibling_roster
909626,1939,2,graduate
923761,1940,1,sibling_roster
923761,1944,2,sibling_roster
904332,1938,2,graduate
904332,1935,1,sibling_roster
904332,1938,2,sibling_roster
909145,1939,2,graduate
909145,1938,1,sibling_roster
909145,1939,2,sibling_roster
909145,1955,3,sibling_roster
924267,1939,1,sibling_roster
924267,1944,2,sibling_roster
924267,1948,3,sibling_roster
912595,1939,5,graduate
912595,1929,1,sibling_roster
912595,1931,2,sibling_roster
912595,1933,3,sibling_roster
912595,1937,4,sibling_roster
912595,1939,5,sibling_roster
909533,1940,3,graduate
909533,1935,1,sibling_roster
909533,1939,2,sibling_roster
909533,1941,3,sibling_roster
909533,1943,4,sibling_roster
906328,1939,1,sibling_roster
906328,1951,2,sibling_roster
908867,1939,1,sibling_roster
917324,1939,1,sibling_roster
917324,1941,2,sibling_roster
933244,1939,5,graduate
933244,1933,1,sibling_roster
933244,1935,2,sibling_roster
933244,1937,3,sibling_roster
933244,1938,4,sibling_roster
933244,1940,5,sibling_roster
907662,1939,1,sibling_roster
907662,1945,2,sibling_roster
907662,1951,3,sibling_roster
924015,1938,5,graduate
901054,1939,6,graduate
901054,1904,1,sibling_roster
901054,1920,2,sibling_roster
901054,1930,3,sibling_roster
901054,1930,4,sibling_roster
901054,1934,5,sibling_roster
901054,1939,6,sibling_roster
922233,1938,2,graduate
922233,1938,1,sibling_roster
922233,1939,2,sibling_roster
922233,1945,3,sibling_roster
915178,1940,1,sibling_roster
915178,1943,2,sibling_roster
915178,1953,3,sibling_roster
922265,1939,2,graduate
922265,1936,1,sibling_roster
922265,1940,2,sibling_roster
922265,1948,3,sibling_roster
914550,1940,1,sibling_roster
913199,1938,3,graduate
916011,1940,1,sibling_roster
916011,1946,2,sibling_roster
926325,1941,1,sibling_roster
926325,1945,2,sibling_roster
926325,1948,3,sibling_roster
921251,1939,5,graduate
921251,1928,1,sibling_roster
921251,1930,2,sibling_roster
921251,1931,3,sibling_roster
921251,1933,4,sibling_roster
921251,1940,5,sibling_roster
921251,1941,6,sibling_roster
921251,1943,7,sibling_roster
913316,1939,1,sibling_roster
913316,1942,2,sibling_roster
913316,1951,3,sibling_roster
913316,1952,4,sibling_roster
913316,1953,5,sibling_roster
913762,1939,8,graduate
913762,1925,1,sibling_roster
913762,1927,2,sibling_roster
913762,1929,3,sibling_roster
913762,1931,4,sibling_roster
913762,1934,5,sibling_roster
913762,1939,6,sibling_roster
913762,1940,7,sibling_roster
913762,1943,8,sibling_roster
916353,1939,5,graduate
916353,1923,1,sibling_roster
916353,1927,2,sibling_roster
916353,1929,3,sibling_roster
916353,1932,4,sibling_roster
916353,1939,5,sibling_roster
906261,1940,1,sibling_roster
912468,1939,2,graduate
912468,1940,1,sibling_roster
920463,1939,8,graduate
920463,1924,1,sibling_roster
920463,1925,2,sibling_roster
920463,1927,3,sibling_roster
920463,1928,4,sibling_roster
920463,1930,5,sibling_roster
920463,1931,6,sibling_roster
920463,1933,7,sibling_roster
920463,1940,8,sibling_roster
909622,1938,3,graduate
912950,1939,5,graduate
912950,1937,1,sibling_roster
912950,1939,2,sibling_roster
921798,1939,6,graduate
921798,1934,1,sibling_roster
921798,1934,2,sibling_roster
921798,1936,3,sibling_roster
921798,1937,4,sibling_roster
921798,1938,5,sibling_roster
921798,1940,6,sibling_roster
921798,1942,7,sibling_roster
921798,1943,8,sibling_roster
921798,1945,9,sibling_roster
921798,1946,10,sibling_roster
921540,1938,12,graduate
933166,1939,7,graduate
933166,1925,1,sibling_roster
933166,1929,2,sibling_roster
933166,1933,3,sibling_roster
933166,1935,4,sibling_roster
933166,1937,5,sibling_roster
933166,1939,6,sibling_roster
922977,1939,3,graduate
922977,1933,1,sibling_roster
922977,1936,2,sibling_roster
922977,1940,3,sibling_roster
922977,1941,4,sibling_roster
922977,1948,5,sibling_roster
910653,1938,5,graduate
931505,1939,2,graduate
931505,1937,1,sibling_roster
931505,1940,2,sibling_roster
918322,1939,2,graduate
918322,1933,1,sibling_roster
918322,1939,2,sibling_roster
921119,1939,2,graduate
921119,1938,1,sibling_roster
921119,1939,2,sibling_roster
921119,1945,3,sibling_roster
921119,1950,4,sibling_roster
900716,1939,2,graduate
908085,1938,2,graduate
908085,1934,1,sibling_roster
908085,1938,2,sibling_roster
908085,1942,3,sibling_roster
908085,1946,4,sibling_roster
903551,1939,7,graduate
903551,1925,1,sibling_roster
903551,1927,2,sibling_roster
903551,1929,3,sibling_roster
903551,1931,4,sibling_roster
903551,1934,6,sibling_roster
903551,1940,7,sibling_roster
903551,1941,8,sibling_roster
903551,1943,9,sibling_roster
903551,1944,10,sibling_roster
903551,1945,11,sibling_roster
916581,1939,1,sibling_roster
907353,1939,1,sibling_roster
907353,1943,2,sibling_roster
918792,1939,3,graduate
918792,1933,1,sibling_roster
918792,1936,2,sibling_roster
918792,1940,3,sibling_roster
923603,1939,2,graduate
923603,1936,1,sibling_roster
923603,1940,2,sibling_roster
923603,1941,3,sibling_roster
925838,1939,1,sibling_roster
909151,1940,1,sibling_roster
909151,1943,2,sibling_roster
909151,1946,3,sibling_roster
930066,1939,3,graduate
930066,1938,1,sibling_roster
930066,1938,2,sibling_roster
930066,1940,3,sibling_roster
930066,1942,4,sibling_roster
930066,1945,5,sibling_roster
930066,1947,6,sibling_roster
930066,1949,7,sibling_roster
930066,1955,8,sibling_roster
903307,1939,3,graduate
921075,1939,2,graduate
921075,1937,1,sibling_roster
921075,1940,2,sibling_roster
921075,1947,3,sibling_roster
902874,1939,3,graduate
902874,1928,1,sibling_roster
902874,1937,2,sibling_roster
902874,1939,3,sibling_roster
930832,1939,2,graduate
930832,1936,1,sibling_roster
930832,1940,2,sibling_roster
928030,1940,1,sibling_roster
928030,1942,2,sibling_roster
928030,1944,3,sibling_roster
928030,1947,4,sibling_roster
928030,1949,5,sibling_roster
928030,1951,6,sibling_roster
928030,1957,7,sibling_roster
928030,1959,8,sibling_roster
928030,1961,9,sibling_roster
928030,1965,10,sibling_roster
913711,1939,3,graduate
926371,1939,3,graduate
926371,1933,1,sibling_roster
926371,1935,2,sibling_roster
926371,1940,3,sibling_roster
920802,1939,1,sibling_roster
920802,1941,2,sibling_roster
920802,1943,3,sibling_roster
920802,1945,4,sibling_roster
920802,1947,5,sibling_roster
929756,1939,3,graduate
929756,1935,1,sibling_roster
929756,1940,2,sibling_roster
929756,1940,3,sibling_roster
929756,1946,4,sibling_roster
929756,1947,5,sibling_roster
929756,1952,6,sibling_roster
929756,1961,7,sibling_roster
920190,1939,2,graduate
920190,1939,1,sibling_roster
920190,1939,2,sibling_roster
905061,1939,3,graduate
905061,1929,1,sibling_roster
905061,1936,2,sibling_roster
905061,1940,3,sibling_roster
905061,1949,4,sibling_roster
908034,1938,2,graduate
908034,1936,1,sibling_roster
908034,1939,2,sibling_roster
908034,1942,3,sibling_roster
908034,1943,4,sibling_roster
908034,1949,5,sibling_roster
928490,1939,3,graduate
922960,1939,5,graduate
922960,1934,1,sibling_roster
922960,1935,2,sibling_roster
922960,1936,3,sibling_roster
922960,1937,4,sibling_roster
922960,1940,5,sibling_roster
922960,1942,6,sibling_roster
922960,1945,7,sibling_roster
922960,1946,8,sibling_roster
922960,1959,9,sibling_roster
930481,1939,2,graduate
930481,1937,1,sibling_roster
930481,1940,2,sibling_roster
930481,1943,3,sibling_roster
930481,1945,4,sibling_roster
920108,1939,3,graduate
906033,1939,1,sibling_roster
906033,1941,2,sibling_roster
914048,1939,7,graduate
914048,1922,1,sibling_roster
914048,1924,2,sibling_roster
914048,1927,3,sibling_roster
914048,1930,4,sibling_roster
914048,1934,5,sibling_roster
914048,1940,6,sibling_roster
925808,1940,1,sibling_roster
925808,1941,2,sibling_roster
925808,1945,3,sibling_roster
909949,1939,4,graduate
909949,1932,1,sibling_roster
909949,1935,2,sibling_roster
909949,1939,3,sibling_roster
909949,1941,4,sibling_roster
928679,1939,2,graduate
928679,1938,1,sibling_roster
928679,1940,2,sibling_roster
928679,1947,3,sibling_roster
928679,1954,4,sibling_roster
927516,1939,3,graduate
927516,1933,1,sibling_roster
927516,1939,2,sibling_roster
927516,1942,3,sibling_roster
931053,1940,1,sibling_roster
931053,1949,2,sibling_roster
931053,1954,3,sibling_roster
913812,1939,2,graduate
913812,1938,1,sibling_roster
913812,1940,2,sibling_roster
913812,1945,3,sibling_roster
913812,1954,4,sibling_roster
915898,1939,2,graduate
915898,1935,1,sibling_roster
915898,1939,2,sibling_roster
905824,1939,2,graduate
905824,1938,1,sibling_roster
905824,1939,2,sibling_roster
905824,1940,3,sibling_roster
905824,1948,4,sibling_roster
905824,1955,5,sibling_roster
931984,1939,2,graduate
931984,1940,1,sibling_roster
931984,1942,2,sibling_roster
931984,1946,3,sibling_roster
914262,1939,3,graduate
914262,1936,1,sibling_roster
914262,1939,2,sibling_roster
914262,1940,3,sibling_roster
914262,1943,4,sibling_roster
914262,1947,5,sibling_roster
913230,1938,5,graduate
913230,1930,1,sibling_roster
913230,1934,2,sibling_roster
913230,1935,3,sibling_roster
913230,1938,4,sibling_roster
913230,1939,5,sibling_roster
913230,1940,6,sibling_roster
913230,1941,7,sibling_roster
913230,1942,8,sibling_roster
913230,1948,9,sibling_roster
913230,1951,10,sibling_roster
900317,1939,5,graduate
900317,1932,1,sibling_roster
900317,1933,2,sibling_roster
900317,1934,3,sibling_roster
900317,1935,4,sibling_roster
900317,1939,5,sibling_roster
910217,1940,4,graduate
910217,1925,1,sibling_roster
910217,1931,2,sibling_roster
910217,1937,3,sibling_roster
910217,1940,4,sibling_roster
924203,1939,4,graduate
918836,1939,1,sibling_roster
918836,1945,2,sibling_roster
930191,1939,3,graduate
930191,1936,1,sibling_roster
930191,1938,2,sibling_roster
930191,1940,3,sibling_roster
930191,1942,4,sibling_roster
930191,1943,5,sibling_roster
930191,1948,6,sibling_roster
913176,1939,7,graduate
913176,1928,1,sibling_roster
913176,1930,2,sibling_roster
913176,1932,3,sibling_roster
913176,1933,4,sibling_roster
913176,1937,5,sibling_roster
913176,1940,6,sibling_roster
913176,1949,7,sibling_roster
909191,1939,8,graduate
909191,1923,1,sibling_roster
909191,1924,2,sibling_roster
909191,1928,3,sibling_roster
909191,1929,4,sibling_roster
909191,1931,5,sibling_roster
909191,1935,6,sibling_roster
909191,1940,7,sibling_roster
909191,1942,8,sibling_roster
909191,1944,9,sibling_roster
909191,1948,10,sibling_roster
918535,1939,5,graduate
918535,1934,1,sibling_roster
918535,1936,2,sibling_roster
918535,1938,3,sibling_roster
918535,1940,4,sibling_roster
932711,1938,1,sibling_roster
932711,1939,2,sibling_roster
932711,1940,3,sibling_roster
932711,1942,4,sibling_roster
932711,1942,5,sibling_roster
932711,1943,6,sibling_roster
932711,1944,7,sibling_roster
932711,1945,8,sibling_roster
932711,1946,9,sibling_roster
901769,1939,1,sibling_roster
932226,1939,1,sibling_roster
932226,1942,2,sibling_roster
932226,1945,3,sibling_roster
921202,1939,2,graduate
921202,1936,1,sibling_roster
921202,1939,2,sibling_roster
921202,1942,3,sibling_roster
931301,1938,4,graduate
931301,1935,1,sibling_roster
931301,1937,2,sibling_roster
931301,1937,3,sibling_roster
931301,1939,4,sibling_roster
931301,1941,5,sibling_roster
932701,1940,1,sibling_roster
926242,1939,4,graduate
926242,1935,1,sibling_roster
926242,1937,2,sibling_roster
926242,1939,3,sibling_roster
926242,1943,4,sibling_roster
926242,1947,5,sibling_roster
926242,1950,6,sibling_roster
928607,1939,2,graduate
928607,1936,1,sibling_roster
928607,1940,2,sibling_roster
919579,1939,10,graduate
919579,1920,1,sibling_roster
919579,1922,2,sibling_roster
919579,1924,3,sibling_roster
919579,1926,4,sibling_roster
919579,1929,5,sibling_roster
919579,1933,6,sibling_roster
919579,1935,7,sibling_roster
919579,1937,8,sibling_roster
919579,1940,9,sibling_roster
919579,1944,10,sibling_roster
919579,1948,11,sibling_roster
920099,1938,13,graduate
920099,1921,2,sibling_roster
920099,1922,3,sibling_roster
920099,1918,5,sibling_roster
920099,1928,6,sibling_roster
920099,1929,7,sibling_roster
920099,1931,8,sibling_roster
920099,1932,9,sibling_roster
920099,1933,10,sibling_roster
920099,1935,11,sibling_roster
920099,1935,12,sibling_roster
932971,1939,3,graduate
932097,1939,3,graduate
932097,1935,1,sibling_roster
932097,1938,2,sibling_roster
932097,1940,3,sibling_roster
906753,1939,1,sibling_roster
906753,1953,2,sibling_roster
908360,1939,4,graduate
908360,1920,1,sibling_roster
908360,1923,2,sibling_roster
908360,1923,3,sibling_roster
908360,1940,4,sibling_roster
915477,1939,5,graduate
931955,1939,8,graduate
931955,1929,2,sibling_roster
931955,1933,4,sibling_roster
931955,1934,5,sibling_roster
931955,1936,6,sibling_roster
931955,1938,7,sibling_roster
931955,1940,8,sibling_roster
912974,1939,1,sibling_roster
904857,1939,3,graduate
904857,1938,1,sibling_roster
904857,1939,2,sibling_roster
904857,1941,3,sibling_roster
904857,1945,4,sibling_roster
904857,1946,5,sibling_roster
924805,1940,3,graduate
904104,1939,1,sibling_roster
904104,1940,2,sibling_roster
904104,1942,3,sibling_roster
904104,1943,4,sibling_roster
904104,1944,5,sibling_roster
904104,1948,6,sibling_roster
904104,1953,7,sibling_roster
904104,1954,8,sibling_roster
904104,1956,9,sibling_roster
904104,1958,10,sibling_roster
929749,1939,5,graduate
909239,1939,3,graduate
915185,1939,4,graduate
915185,1933,1,sibling_roster
915185,1935,2,sibling_roster
915185,1939,3,sibling_roster
915185,1940,4,sibling_roster
902973,1939,1,sibling_roster
902973,1941,2,sibling_roster
902973,1943,3,sibling_roster
902973,1945,4,sibling_roster
902973,1949,5,sibling_roster
902973,1950,6,sibling_roster
902973,1953,7,sibling_roster
902973,1957,8,sibling_roster
922342,1939,2,graduate
922342,1940,1,sibling_roster
922342,1940,2,sibling_roster
922342,1941,3,sibling_roster
922342,1943,4,sibling_roster
922342,1951,5,sibling_roster
909162,1939,1,sibling_roster
909162,1940,2,sibling_roster
909162,1946,3,sibling_roster
915983,1939,1,sibling_roster
915983,1941,2,sibling_roster
909114,1939,3,graduate
909114,1935,1,sibling_roster
909114,1937,2,sibling_roster
909114,1940,3,sibling_roster
917825,1939,2,graduate
917825,1934,1,sibling_roster
917825,1940,2,sibling_roster
917830,1938,3,graduate
901233,1939,1,sibling_roster
930087,1939,14,graduate
930087,1919,1,sibling_roster
930087,1919,2,sibling_roster
930087,1921,3,sibling_roster
930087,1923,4,sibling_roster
930087,1924,5,sibling_roster
930087,1925,6,sibling_roster
930087,1925,7,sibling_roster
930087,1928,8,sibling_roster
930087,1932,9,sibling_roster
930087,1934,10,sibling_roster
930087,1940,11,sibling_roster
932675,1940,1,sibling_roster
932675,1944,2,sibling_roster
932675,1946,3,sibling_roster
914113,1939,2,graduate
905820,1938,2,graduate
933736,1940,3,graduate
933736,1933,1,sibling_roster
933736,1935,2,sibling_roster
933736,1941,3,sibling_roster
904647,1939,4,graduate
904647,1928,1,sibling_roster
904647,1933,2,sibling_roster
904647,1936,3,sibling_roster
904647,1939,4,sibling_roster
904647,1943,5,sibling_roster
932617,1937,1,sibling_roster
932617,1940,2,sibling_roster
932617,1944,3,sibling_roster
932617,1945,4,sibling_roster
931947,1939,3,graduate
925152,1939,2,graduate
925152,1939,1,sibling_roster
925152,1940,2,sibling_roster
925152,1946,3,sibling_roster
931039,1939,2,graduate
931039,1934,1,sibling_roster
931039,1940,2,sibling_roster
931039,1942,3,sibling_roster
917169,1939,3,graduate
917169,1930,1,sibling_roster
917169,1933,2,sibling_roster
917169,1939,3,sibling_roster
921043,1939,4,graduate
921043,1933,1,sibling_roster
921043,1935,2,sibling_roster
921043,1937,3,sibling_roster
921043,1939,4,sibling_roster
921043,1943,5,sibling_roster
921043,1946,6,sibling_roster
921043,1948,7,sibling_roster
921043,1949,8,sibling_roster
921043,1950,9,sibling_roster
932940,1938,2,graduate
907476,1939,2,graduate
907476,1938,1,sibling_roster
907476,1940,2,sibling_roster
907476,1941,3,sibling_roster
907476,1943,4,sibling_roster
907476,1946,5,sibling_roster
923444,1940,1,sibling_roster
923444,1944,2,sibling_roster
923444,1948,3,sibling_roster
908118,1939,1,sibling_roster
908118,1941,2,sibling_roster
908118,1945,3,sibling_roster
919970,1939,3,graduate
923651,1938,1,sibling_roster
923651,1943,2,sibling_roster
915663,1939,2,graduate
915663,1939,1,sibling_roster
915663,1940,2,sibling_roster
915663,1946,3,sibling_roster
915663,1953,4,sibling_roster
915925,1939,4,graduate
915925,1936,1,sibling_roster
915925,1937,2,sibling_roster
915925,1939,3,sibling_roster
915925,1940,4,sibling_roster
915925,1944,5,sibling_roster
915925,1945,6,sibling_roster
915925,1947,7,sibling_roster
915925,1949,8,sibling_roster
915925,1949,9,sibling_roster
915206,1939,2,graduate
900545,1940,1,sibling_roster
900545,1945,2,sibling_roster
903346,1940,1,sibling_roster
903346,1943,2,sibling_roster
910148,1939,2,graduate
910148,1932,1,sibling_roster
910148,1939,2,sibling_roster
910148,1942,3,sibling_roster
903667,1940,1,sibling_roster
903667,1947,2,sibling_roster
903667,1959,3,sibling_roster
906226,1938,4,graduate
906226,1933,1,sibling_roster
906226,1934,2,sibling_roster
906226,1937,3,sibling_roster
906226,1938,4,sibling_roster
906226,1948,5,sibling_roster
933633,1939,11,graduate
919844,1940,1,sibling_roster
924361,1938,1,sibling_roster
924361,1948,2,sibling_roster
924361,1953,3,sibling_roster
931358,1940,1,sibling_roster
931358,1944,2,sibling_roster
931358,1947,3,sibling_roster
924659,1939,2,graduate
924659,1935,1,sibling_roster
924659,1940,2,sibling_roster
924659,1952,3,sibling_roster
912007,1939,3,graduate
912007,1929,1,sibling_roster
912007,1934,2,sibling_roster
912007,1939,3,sibling_roster
902954,1939,2,graduate
902954,1937,1,sibling_roster
902954,1940,2,sibling_roster
902954,1946,3,sibling_roster
902954,1948,4,sibling_roster
917647,1940,1,sibling_roster
917647,1949,2,sibling_roster
922318,1939,2,graduate
922318,1931,1,sibling_roster
922318,1940,2,sibling_roster
922318,1946,3,sibling_roster
925417,1939,3,graduate
925417,1923,1,sibling_roster
925417,1931,2,sibling_roster
925417,1939,3,sibling_roster
925417,1940,4,sibling_roster
925417,1940,5,sibling_roster
925417,1941,6,sibling_roster
925417,1943,7,sibling_roster
920757,1938,4,graduate
927323,1939,4,graduate
909958,1938,2,graduate
922220,1939,8,graduate
922220,1932,1,sibling_roster
922220,1935,2,sibling_roster
922220,1936,3,sibling_roster
922220,1931,5,sibling_roster
922220,1937,6,sibling_roster
922220,1938,7,sibling_roster
922220,1940,8,sibling_roster
922220,1941,9,sibling_roster
922220,1944,10,sibling_roster
922220,1947,11,sibling_roster
922220,1949,12,sibling_roster
925744,1939,5,graduate
925744,1925,1,sibling_roster
925744,1926,2,sibling_roster
925744,1932,3,sibling_roster
925744,1934,4,sibling_roster
925744,1939,5,sibling_roster
925744,1945,6,sibling_roster
925433,1937,3,graduate
908812,1939,2,graduate
908812,1939,1,sibling_roster
908812,1939,2,sibling_roster
908812,1940,3,sibling_roster
931108,1939,3,graduate
902076,1939,1,sibling_roster
931966,1940,4,graduate
931966,1933,1,sibling_roster
931966,1935,2,sibling_roster
931966,1936,3,sibling_roster
931966,1940,4,sibling_roster
931966,1943,5,sibling_roster
931966,1946,6,sibling_roster
902109,1940,2,graduate
902109,1936,1,sibling_roster
902109,1940,2,sibling_roster
930328,1939,4,graduate
930328,1934,1,sibling_roster
930328,1935,2,sibling_roster
930328,1938,3,sibling_roster
930328,1940,4,sibling_roster
930328,1944,5,sibling_roster
930328,1950,6,sibling_roster
909019,1939,6,graduate
909019,1928,1,sibling_roster
909019,1930,2,sibling_roster
909019,1932,3,sibling_roster
909019,1933,4,sibling_roster
909019,1936,5,sibling_roster
909019,1939,6,sibling_roster
909019,1940,7,sibling_roster
909019,1943,8,sibling_roster
909019,1944,9,sibling_roster
909019,1945,10,sibling_roster
919464,1939,1,sibling_roster
919464,1940,2,sibling_roster
919464,1941,3,sibling_roster
919464,1947,4,sibling_roster
909516,1939,6,graduate
921947,1939,3,graduate
921947,1934,1,sibling_roster
921947,1937,2,sibling_roster
921947,1940,3,sibling_roster
910101,1939,2,graduate
915686,1939,1,sibling_roster
915686,1941,2,sibling_roster
915686,1945,3,sibling_roster
917885,1940,1,sibling_roster
917885,1942,2,sibling_roster
917885,1943,3,sibling_roster
917885,1947,4,sibling_roster
917885,1948,5,sibling_roster
917885,1950,6,sibling_roster
917885,1954,7,sibling_roster
921263,1939,2,graduate
923241,1939,11,graduate
923241,1918,1,sibling_roster
923241,1920,2,sibling_roster
923241,1921,3,sibling_roster
923241,1922,4,sibling_roster
923241,1924,5,sibling_roster
923241,1925,6,sibling_roster
923241,1926,7,sibling_roster
923241,1935,8,sibling_roster
923241,1938,9,sibling_roster
923241,1939,10,sibling_roster
926930,1939,1,sibling_roster
926930,1942,2,sibling_roster
914897,1939,5,graduate
914897,1931,1,sibling_roster
914897,1933,2,sibling_roster
914897,1936,3,sibling_roster
914897,1937,4,sibling_roster
914897,1939,5,sibling_roster
914897,1943,6,sibling_roster
920854,1938,3,graduate
920854,1924,1,sibling_roster
920854,1934,2,sibling_roster
920854,1939,3,sibling_roster
900274,1940,2,graduate
900274,1931,1,sibling_roster
900274,1940,2,sibling_roster
913306,1940,1,sibling_roster
913306,1941,2,sibling_roster
913306,1947,3,sibling_roster
913306,1955,4,sibling_roster
913306,1958,5,sibling_roster
902615,1940,3,graduate
902615,1927,1,sibling_roster
902615,1929,2,sibling_roster
902615,1941,3,sibling_roster
903124,1939,2,graduate
903124,1935,1,sibling_roster
903124,1939,2,sibling_roster
909325,1939,4,graduate
909325,1927,1,sibling_roster
909325,1933,2,sibling_roster
909325,1933,3,sibling_roster
909325,1940,4,sibling_roster
909325,1949,5,sibling_roster
922981,1937,7,graduate
908011,1938,4,graduate
908011,1930,1,sibling_roster
908011,1935,2,sibling_roster
908011,1937,3,sibling_roster
908011,1939,4,sibling_roster
908011,1942,5,sibling_roster
920890,1939,2,graduate
920874,1939,4,graduate
920874,1920,1,sibling_roster
920874,1940,2,sibling_roster
920874,1940,3,sibling_roster
920874,1942,4,sibling_roster
920874,1947,5,sibling_roster
920874,1951,6,sibling_roster
920643,1937,9,graduate
920643,1914,1,sibling_roster
920643,1916,2,sibling_roster
920643,1917,3,sibling_roster
920643,1918,4,sibling_roster
920643,1919,5,sibling_roster
920643,1927,6,sibling_roster
920643,1927,7,sibling_roster
920643,1935,8,sibling_roster
920643,1937,9,sibling_roster
920643,1940,10,sibling_roster
920643,1941,11,sibling_roster
909730,1939,4,graduate
923813,1939,1,sibling_roster
923813,1940,2,sibling_roster
923813,1942,3,sibling_roster
923813,1944,4,sibling_roster
923813,1946,5,sibling_roster
923813,1949,6,sibling_roster
923813,1950,7,sibling_roster
923813,1951,8,sibling_roster
923813,1955,9,sibling_roster
923813,1957,10,sibling_roster
923813,1961,11,sibling_roster
910085,1939,2,graduate
910085,1938,1,sibling_roster
910085,1939,2,sibling_roster
910085,1941,3,sibling_roster
910085,1943,4,sibling_roster
910085,1953,5,sibling_roster
912115,1939,9,graduate
901295,1940,7,graduate
901295,1928,1,sibling_roster
901295,1930,2,sibling_roster
901295,1932,3,sibling_roster
901295,1934,4,sibling_roster
901295,1937,5,sibling_roster
901295,1939,6,sibling_roster
901295,1940,7,sibling_roster
905401,1939,6,graduate
927698,1940,1,sibling_roster
927698,1943,2,sibling_roster
927698,1946,3,sibling_roster
927698,1946,4,sibling_roster
927698,1952,5,sibling_roster
912183,1940,2,graduate
912183,1928,1,sibling_roster
912183,1940,2,sibling_roster
925574,1938,5,graduate
925574,1928,1,sibling_roster
925574,1930,2,sibling_roster
925574,1934,3,sibling_roster
925574,1936,4,sibling_roster
925574,1939,5,sibling_roster
925574,1945,6,sibling_roster
904379,1939,5,graduate
904379,1928,1,sibling_roster
904379,1931,2,sibling_roster
904379,1935,3,sibling_roster
904379,1939,4,sibling_roster
904379,1941,5,sibling_roster
904379,1947,6,sibling_roster
904379,1951,7,sibling_roster
916794,1937,6,graduate
918540,1937,1,sibling_roster
918540,1940,2,sibling_roster
918540,1942,3,sibling_roster
918540,1944,4,sibling_roster
920835,1939,1,sibling_roster
920835,1945,2,sibling_roster
921619,1939,2,graduate
921619,1937,1,sibling_roster
921619,1940,2,sibling_roster
917966,1939,3,graduate
917966,1931,1,sibling_roster
917966,1935,2,sibling_roster
917966,1940,3,sibling_roster
917966,1940,4,sibling_roster
917966,1941,5,sibling_roster
917966,1944,6,sibling_roster
917966,1945,7,sibling_roster
917966,1952,8,sibling_roster
917966,1959,9,sibling_roster
917966,1961,10,sibling_roster
917064,1938,2,graduate
913597,1938,4,graduate
913597,1931,1,sibling_roster
913597,1934,2,sibling_roster
913597,1939,3,sibling_roster
913485,1939,1,sibling_roster
913485,1942,2,sibling_roster
913485,1946,3,sibling_roster
927738,1940,1,sibling_roster
927738,1944,2,sibling_roster
929116,1940,1,sibling_roster
929116,1942,2,sibling_roster
929116,1944,3,sibling_roster
929116,1945,4,sibling_roster
929116,1946,5,sibling_roster
908927,1939,4,graduate
908927,1934,1,sibling_roster
908927,1936,2,sibling_roster
908927,1938,3,sibling_roster
908927,1939,4,sibling_roster
908927,1940,5,sibling_roster
908927,1945,6,sibling_roster
908927,1946,7,sibling_roster
920917,1939,2,graduate
920917,1939,1,sibling_roster
920917,1940,2,sibling_roster
920917,1941,3,sibling_roster
920917,1944,4,sibling_roster
920917,1946,5,sibling_roster
920917,1948,6,sibling_roster
920917,1950,7,sibling_roster
900440,1939,1,sibling_roster
900440,1940,2,sibling_roster
900440,1942,3,sibling_roster
900440,1944,4,sibling_roster
900440,1945,5,sibling_roster
900440,1950,6,sibling_roster
900440,1952,7,sibling_roster
925659,1939,2,graduate
925659,1938,1,sibling_roster
925659,1939,2,sibling_roster
925659,1940,3,sibling_roster
925659,1943,4,sibling_roster
925659,1947,5,sibling_roster
925659,1948,6,sibling_roster
925659,1953,7,sibling_roster
925659,1955,8,sibling_roster
925659,1955,9,sibling_roster
922595,1939,2,graduate
922595,1937,1,sibling_roster
922595,1939,2,sibling_roster
927968,1939,8,graduate
927968,1926,1,sibling_roster
927968,1930,2,sibling_roster
927968,1933,3,sibling_roster
927968,1934,4,sibling_roster
927968,1935,5,sibling_roster
927968,1935,6,sibling_roster
927968,1937,7,sibling_roster
927968,1939,8,sibling_roster
927968,1940,9,sibling_roster
901937,1939,7,graduate
901937,1927,1,sibling_roster
901937,1928,2,sibling_roster
901937,1929,3,sibling_roster
901937,1930,4,sibling_roster
901937,1934,5,sibling_roster
901937,1936,6,sibling_roster
901937,1940,7,sibling_roster
923637,1939,5,graduate
923637,1925,1,sibling_roster
923637,1930,2,sibling_roster
923637,1932,3,sibling_roster
923637,1940,4,sibling_roster
914548,1939,1,sibling_roster
905655,1938,2,graduate
924767,1940,1,sibling_roster
924767,1942,2,sibling_roster
924767,1946,3,sibling_roster
924767,1950,4,sibling_roster
924767,1952,5,sibling_roster
924767,1955,6,sibling_roster
919327,1939,2,graduate
926115,1939,3,graduate
910395,1940,1,sibling_roster
910395,1946,2,sibling_roster
902051,1940,1,sibling_roster
931013,1939,2,graduate
931013,1925,1,sibling_roster
931013,1939,2,sibling_roster
931013,1943,3,sibling_roster
912878,1939,3,graduate
912878,1932,1,sibling_roster
912878,1939,2,sibling_roster
912878,1940,3,sibling_roster
930572,1939,2,graduate
908296,1939,3,graduate
908296,1933,1,sibling_roster
908296,1936,2,sibling_roster
908296,1939,3,sibling_roster
908296,1941,4,sibling_roster
932394,1937,7,graduate
932394,1922,1,sibling_roster
932394,1925,2,sibling_roster
932394,1928,3,sibling_roster
932394,1935,4,sibling_roster
932394,1938,5,sibling_roster
916879,1940,5,graduate
916879,1931,1,sibling_roster
916879,1934,2,sibling_roster
916879,1937,3,sibling_roster
916879,1938,4,sibling_roster
916879,1940,5,sibling_roster
916879,1941,6,sibling_roster
916879,1943,7,sibling_roster
916879,1944,8,sibling_roster
916879,1946,9,sibling_roster
916879,1950,10,sibling_roster
916879,1954,11,sibling_roster
928584,1939,3,graduate
921298,1939,4,graduate
908189,1940,1,sibling_roster
908189,1942,2,sibling_roster
908189,1949,3,sibling_roster
908189,1953,4,sibling_roster
908189,1955,5,sibling_roster
905502,1940,1,sibling_roster
904087,1939,3,graduate
904087,1931,1,sibling_roster
904087,1935,2,sibling_roster
904087,1940,3,sibling_roster
904087,1945,4,sibling_roster
914023,1939,1,sibling_roster
914023,1939,2,sibling_roster
914023,1942,3,sibling_roster
914023,1944,4,sibling_roster
924211,1938,8,graduate
924211,1921,3,sibling_roster
924211,1930,4,sibling_roster
924211,1931,5,sibling_roster
924211,1936,6,sibling_roster
924211,1938,7,sibling_roster
918349,1939,3,graduate
918349,1930,1,sibling_roster
918349,1939,2,sibling_roster
918349,1940,3,sibling_roster
911071,1938,3,graduate
911071,1931,1,sibling_roster
911071,1934,2,sibling_roster
911071,1939,3,sibling_roster
911071,1941,4,sibling_roster
902714,1939,12,graduate
921334,1940,1,sibling_roster
921334,1944,2,sibling_roster
930467,1940,1,sibling_roster
930467,1945,2,sibling_roster
930467,1947,3,sibling_roster
930467,1953,4,sibling_roster
930467,1959,5,sibling_roster
908629,1940,1,sibling_roster
908629,1942,2,sibling_roster
908629,1944,3,sibling_roster
908629,1946,4,sibling_roster
908629,1947,5,sibling_roster
908629,1953,6,sibling_roster
908629,1955,7,sibling_roster
908629,1959,8,sibling_roster
913400,1939,4,graduate
913400,1936,1,sibling_roster
913400,1937,2,sibling_roster
913400,1938,3,sibling_roster
913400,1939,4,sibling_roster
913400,1940,5,sibling_roster
913400,1941,6,sibling_roster
913400,1942,7,sibling_roster
913400,1942,8,sibling_roster
913400,1944,9,sibling_roster
913400,1945,10,sibling_roster
913400,1947,11,sibling_roster
925800,1938,3,graduate
925800,1937,1,sibling_roster
925800,1938,2,sibling_roster
925800,1939,3,sibling_roster
925800,1939,4,sibling_roster
918536,1939,5,graduate
918536,1929,1,sibling_roster
918536,1930,2,sibling_roster
918536,1932,3,sibling_roster
918536,1936,4,sibling_roster
918536,1940,5,sibling_roster
918536,1948,6,sibling_roster
926950,1939,6,graduate
926950,1927,1,sibling_roster
926950,1931,2,sibling_roster
926950,1936,3,sibling_roster
926950,1937,4,sibling_roster
926950,1939,5,sibling_roster
926950,1949,6,sibling_roster
926950,1952,7,sibling_roster
919528,1939,5,graduate
908835,1939,3,graduate
908835,1933,1,sibling_roster
908835,1937,2,sibling_roster
908835,1940,3,sibling_roster
908835,1945,4,sibling_roster
908835,1949,5,sibling_roster
932616,1939,1,sibling_roster
932616,1941,2,sibling_roster
932616,1946,3,sibling_roster
932616,1948,4,sibling_roster
932616,1960,5,sibling_roster
922454,1939,4,graduate
922454,1929,1,sibling_roster
922454,1933,2,sibling_roster
922454,1935,3,sibling_roster
922454,1939,4,sibling_roster
924550,1939,3,graduate
924550,1929,1,sibling_roster
924550,1933,2,sibling_roster
924550,1940,3,sibling_roster
907044,1938,3,graduate
907044,1929,1,sibling_roster
907044,1932,2,sibling_roster
907044,1939,3,sibling_roster
907044,1950,4,sibling_roster
907123,1939,2,graduate
909883,1939,5,graduate
909883,1921,1,sibling_roster
909883,1931,2,sibling_roster
909883,1933,3,sibling_roster
909883,1937,4,sibling_roster
909883,1940,5,sibling_roster
909883,1942,6,sibling_roster
917448,1939,5,graduate
917448,1928,1,sibling_roster
917448,1930,2,sibling_roster
917448,1931,3,sibling_roster
917448,1934,4,sibling_roster
917448,1939,5,sibling_roster
906942,1939,2,graduate
906942,1937,1,sibling_roster
906942,1940,2,sibling_roster
906942,1943,3,sibling_roster
906942,1948,4,sibling_roster
915131,1939,1,sibling_roster
915131,1940,2,sibling_roster
915131,1943,3,sibling_roster
915131,1944,4,sibling_roster
915131,1946,5,sibling_roster
915131,1949,6,sibling_roster
914643,1939,2,graduate
914643,1935,1,sibling_roster
914643,1939,2,sibling_roster
914643,1943,3,sibling_roster
914643,1947,4,sibling_roster
914643,1951,5,sibling_roster
913561,1939,10,graduate
913561,1901,1,sibling_roster
913561,1919,2,sibling_roster
913561,1922,3,sibling_roster
913561,1922,4,sibling_roster
913561,1925,5,sibling_roster
913561,1929,6,sibling_roster
913561,1933,7,sibling_roster
913561,1935,8,sibling_roster
913561,1937,9,sibling_roster
913561,1940,10,sibling_roster
913561,1941,11,sibling_roster
913561,1946,12,sibling_roster
903762,1939,2,graduate
903762,1937,1,sibling_roster
903762,1939,2,sibling_roster
903762,1942,3,sibling_roster
903762,1944,4,sibling_roster
903762,1946,5,sibling_roster
914963,1939,21,graduate
923329,1939,4,graduate
923329,1931,1,sibling_roster
923329,1935,2,sibling_roster
923329,1937,3,sibling_roster
923329,1940,4,sibling_roster
923329,1941,5,sibling_roster
923329,1944,6,sibling_roster
923329,1947,7,sibling_roster
906437,1939,5,graduate
906437,1928,1,sibling_roster
906437,1930,2,sibling_roster
906437,1933,3,sibling_roster
906437,1934,4,sibling_roster
906437,1940,5,sibling_roster
906437,1942,6,sibling_roster
913686,1937,4,graduate
913686,1923,1,sibling_roster
913686,1925,2,sibling_roster
913686,1932,3,sibling_roster
913686,1937,4,sibling_roster
918806,1939,5,graduate
918806,1926,1,sibling_roster
918806,1927,2,sibling_roster
918806,1928,3,sibling_roster
918806,1931,4,sibling_roster
918806,1940,5,sibling_roster
918806,1941,6,sibling_roster
928251,1939,2,graduate
928251,1931,1,sibling_roster
928251,1939,2,sibling_roster
904304,1939,2,graduate
904304,1935,1,sibling_roster
904304,1939,2,sibling_roster
904304,1942,3,sibling_roster
904304,1952,4,sibling_roster
904304,1953,5,sibling_roster
904304,1953,6,sibling_roster
908484,1940,1,sibling_roster
908484,1945,2,sibling_roster
908484,1947,3,sibling_roster
908484,1948,4,sibling_roster
908484,1951,5,sibling_roster
908446,1939,2,graduate
908446,1937,1,sibling_roster
908446,1940,2,sibling_roster
929723,1939,7,graduate
929723,1918,1,sibling_roster
929723,1925,2,sibling_roster
929723,1927,3,sibling_roster
929723,1928,4,sibling_roster
929723,1930,5,sibling_roster
929723,1934,6,sibling_roster
929723,1940,7,sibling_roster
922739,1939,5,graduate
922739,1931,1,sibling_roster
922739,1934,2,sibling_roster
922739,1935,3,sibling_roster
922739,1936,4,sibling_roster
922739,1940,5,sibling_roster
922739,1945,6,sibling_roster
910326,1940,1,sibling_roster
910326,1942,2,sibling_roster
916961,1940,1,sibling_roster
916961,1942,2,sibling_roster
916961,1950,3,sibling_roster
903520,1939,6,graduate
903520,1929,1,sibling_roster
903520,1936,2,sibling_roster
903520,1938,3,sibling_roster
903520,1939,4,sibling_roster
906545,1939,1,sibling_roster
906545,1942,2,sibling_roster
906545,1943,3,sibling_roster
913796,1939,2,graduate
913796,1935,1,sibling_roster
913796,1939,2,sibling_roster
913796,1943,3,sibling_roster
913796,1945,4,sibling_roster
913796,1947,5,sibling_roster
913796,1950,6,sibling_roster
904316,1939,1,sibling_roster
904316,1944,2,sibling_roster
918549,1939,2,graduate
918549,1937,1,sibling_roster
918549,1940,2,sibling_roster
918549,1943,3,sibling_roster
918549,1947,4,sibling_roster
918549,1950,5,sibling_roster
910923,1939,2,graduate
910923,1939,1,sibling_roster
910923,1940,2,sibling_roster
910923,1942,3,sibling_roster
910923,1944,4,sibling_roster
900034,1938,5,graduate
900034,1932,1,sibling_roster
900034,1934,2,sibling_roster
900034,1937,4,sibling_roster
900034,1939,5,sibling_roster
900034,1940,6,sibling_roster
900034,1942,7,sibling_roster
900034,1947,8,sibling_roster
900034,1949,9,sibling_roster
915918,1939,6,graduate
926380,1939,12,graduate
913086,1939,5,graduate
913086,1927,1,sibling_roster
913086,1933,2,sibling_roster
913086,1937,3,sibling_roster
913086,1939,4,sibling_roster
913086,1941,5,sibling_roster
913086,1947,6,sibling_roster
905726,1938,3,graduate
926000,1939,4,graduate
926000,1929,1,sibling_roster
926000,1930,2,sibling_roster
926000,1934,3,sibling_roster
926000,1940,4,sibling_roster
926000,1945,5,sibling_roster
909234,1939,2,graduate
909234,1938,1,sibling_roster
909234,1940,2,sibling_roster
909234,1941,3,sibling_roster
909234,1953,4,sibling_roster
909234,1954,5,sibling_roster
909234,1956,6,sibling_roster
909234,1958,7,sibling_roster
923985,1939,3,graduate
923985,1931,1,sibling_roster
923985,1935,2,sibling_roster
923985,1939,3,sibling_roster
903464,1940,1,sibling_roster
918269,1939,3,graduate
918269,1931,1,sibling_roster
918269,1936,2,sibling_roster
918269,1939,3,sibling_roster
918269,1939,4,sibling_roster
922117,1938,2,graduate
922117,1937,1,sibling_roster
922117,1939,2,sibling_roster
922117,1943,3,sibling_roster
916009,1939,1,sibling_roster
916009,1944,2,sibling_roster
908787,1937,2,graduate
908787,1931,1,sibling_roster
908787,1938,2,sibling_roster
908787,1938,3,sibling_roster
908787,1942,4,sibling_roster
908787,1944,5,sibling_roster
908787,1945,6,sibling_roster
908787,1953,7,sibling_roster
908787,1953,8,sibling_roster
908787,1955,9,sibling_roster
905042,1939,2,graduate
905042,1937,1,sibling_roster
905042,1939,2,sibling_roster
905042,1939,3,sibling_roster
905042,1942,4,sibling_roster
905042,1943,5,sibling_roster
905042,1944,6,sibling_roster
905042,1946,7,sibling_roster
905042,1947,8,sibling_roster
912003,1940,3,graduate
912003,1938,1,sibling_roster
912003,1939,2,sibling_roster
912003,1940,3,sibling_roster
912003,1948,4,sibling_roster
912003,1952,5,sibling_roster
933521,1939,2,graduate
933521,1939,1,sibling_roster
933521,1940,2,sibling_roster
933521,1942,3,sibling_roster
933521,1944,4,sibling_roster
933521,1946,5,sibling_roster
933521,1948,6,sibling_roster
933521,1953,7,sibling_roster
933521,1954,8,sibling_roster
933521,1960,9,sibling_roster
917350,1940,1,sibling_roster
917350,1943,2,sibling_roster
915654,1940,1,sibling_roster
915654,1947,2,sibling_roster
903017,1939,1,sibling_roster
903765,1939,3,graduate
929101,1939,5,graduate
929101,1932,1,sibling_roster
929101,1934,2,sibling_roster
929101,1936,3,sibling_roster
929101,1937,4,sibling_roster
929101,1940,5,sibling_roster
929101,1941,6,sibling_roster
929101,1949,7,sibling_roster
908768,1939,4,graduate
908768,1933,1,sibling_roster
908768,1934,2,sibling_roster
908768,1937,3,sibling_roster
908768,1940,4,sibling_roster
908768,1943,5,sibling_roster
908768,1950,6,sibling_roster
910640,1940,1,sibling_roster
910640,1942,2,sibling_roster
910640,1944,3,sibling_roster
910640,1946,4,sibling_roster
910640,1949,5,sibling_roster
910640,1953,6,sibling_roster
910640,1961,7,sibling_roster
923570,1939,1,sibling_roster
923570,1943,2,sibling_roster
910991,1939,2,graduate
910991,1935,1,sibling_roster
910991,1939,2,sibling_roster
901218,1939,1,sibling_roster
901218,1941,2,sibling_roster
901218,1943,3,sibling_roster
919354,1940,1,sibling_roster
919354,1943,2,sibling_roster
920231,1939,3,graduate
920231,1935,1,sibling_roster
920231,1938,2,sibling_roster
920231,1940,3,sibling_roster
904644,1939,2,graduate
904644,1938,1,sibling_roster
904644,1940,2,sibling_roster
933698,1939,2,graduate
933698,1938,1,sibling_roster
933698,1940,2,sibling_roster
933698,1944,3,sibling_roster
933698,1946,4,sibling_roster
933698,1946,5,sibling_roster
907791,1939,4,graduate
907791,1935,1,sibling_roster
907791,1937,2,sibling_roster
907791,1938,3,sibling_roster
907791,1940,4,sibling_roster
907791,1944,5,sibling_roster
907791,1946,6,sibling_roster
915814,1939,2,graduate
915814,1933,1,sibling_roster
915814,1939,2,sibling_roster
915814,1941,3,sibling_roster
904124,1939,1,sibling_roster
904124,1941,2,sibling_roster
922550,1939,2,graduate
930565,1939,3,graduate
930565,1932,1,sibling_roster
930565,1935,2,sibling_roster
930565,1939,3,sibling_roster
930565,1943,4,sibling_roster
930565,1951,5,sibling_roster
933867,1939,2,graduate
906332,1939,1,sibling_roster
915533,1939,1,sibling_roster
915533,1944,2,sibling_roster
915533,1956,3,sibling_roster
932476,1939,2,graduate
932476,1935,1,sibling_roster
932476,1939,2,sibling_roster
932476,1950,3,sibling_roster
931822,1938,9,graduate
931822,1926,1,sibling_roster
931822,1931,2,sibling_roster
931822,1932,3,sibling_roster
931822,1933,4,sibling_roster
931822,1934,5,sibling_roster
931822,1935,6,sibling_roster
931822,1936,7,sibling_roster
931822,1939,8,sibling_roster
931822,1943,9,sibling_roster
907682,1939,4,graduate
907682,1933,1,sibling_roster
907682,1936,2,sibling_roster
907682,1937,3,sibling_roster
907682,1940,4,sibling_roster
912609,1939,2,graduate
900054,1939,2,graduate
900054,1935,1,sibling_roster
900054,1940,2,sibling_roster
900054,1941,3,sibling_roster
933865,1939,1,sibling_roster
933865,1942,2,sibling_roster
933865,1947,3,sibling_roster
933865,1950,4,sibling_roster
933669,1939,2,graduate
933669,1935,1,sibling_roster
933669,1939,2,sibling_roster
911914,1939,1,sibling_roster
911914,1941,2,sibling_roster
911914,1945,3,sibling_roster
911914,1945,4,sibling_roster
930359,1939,5,graduate
930359,1933,1,sibling_roster
930359,1936,2,sibling_roster
930359,1937,3,sibling_roster
930359,1938,4,sibling_roster
930359,1940,5,sibling_roster
930359,1941,6,sibling_roster
930359,1942,7,sibling_roster
930359,1943,8,sibling_roster
930359,1945,9,sibling_roster
930359,1948,10,sibling_roster
930359,1949,11,sibling_roster
930359,1950,12,sibling_roster
925220,1939,3,graduate
925220,1928,1,sibling_roster
925220,1939,2,sibling_roster
925220,1940,3,sibling_roster
925220,1944,4,sibling_roster
925220,1947,5,sibling_roster
925220,1950,6,sibling_roster
908005,1939,2,graduate
908005,1936,1,sibling_roster
908005,1939,2,sibling_roster
908005,1953,3,sibling_roster
914472,1939,4,graduate
914472,1928,1,sibling_roster
914472,1929,2,sibling_roster
914472,1932,3,sibling_roster
914472,1940,4,sibling_roster
914472,1941,5,sibling_roster
910649,1938,2,graduate
901932,1939,3,graduate
901932,1935,1,sibling_roster
901932,1938,2,sibling_roster
901932,1940,3,sibling_roster
901932,1942,4,sibling_roster
901932,1944,5,sibling_roster
931797,1939,3,graduate
931797,1929,1,sibling_roster
931797,1934,2,sibling_roster
931797,1940,3,sibling_roster
931797,1946,4,sibling_roster
931797,1948,5,sibling_roster
924642,1939,1,sibling_roster
924642,1941,2,sibling_roster
918030,1939,2,graduate
918030,1936,1,sibling_roster
918030,1938,2,sibling_roster
918030,1939,3,sibling_roster
918030,1942,4,sibling_roster
918030,1944,5,sibling_roster
918030,1946,6,sibling_roster
918030,1948,7,sibling_roster
918030,1950,8,sibling_roster
913299,1939,1,sibling_roster
922343,1939,2,graduate
922343,1938,1,sibling_roster
922343,1940,2,sibling_roster
922343,1945,3,sibling_roster
923070,1938,3,graduate
923070,1924,1,sibling_roster
923070,1927,2,sibling_roster
923070,1939,3,sibling_roster
909962,1940,1,sibling_roster
909962,1944,2,sibling_roster
909962,1950,3,sibling_roster
911295,1940,1,sibling_roster
911295,1942,2,sibling_roster
911295,1945,3,sibling_roster
911295,1950,4,sibling_roster
911295,1951,5,sibling_roster
911295,1963,6,sibling_roster
926391,1939,2,graduate
926391,1936,1,sibling_roster
926391,1939,2,sibling_roster
926391,1948,3,sibling_roster
907867,1939,2,graduate
907867,1936,1,sibling_roster
907867,1939,2,sibling_roster
907867,1947,3,sibling_roster
907867,1949,4,sibling_roster
907867,1950,5,sibling_roster
907867,1951,6,sibling_roster
907867,1952,7,sibling_roster
907867,1954,8,sibling_roster
902407,1939,2,graduate
902407,1937,1,sibling_roster
902407,1940,2,sibling_roster
902407,1942,3,sibling_roster
902407,1949,4,sibling_roster
902407,1953,5,sibling_roster
902407,1959,6,sibling_roster
911567,1938,2,graduate
911567,1937,1,sibling_roster
911567,1939,2,sibling_roster
911567,1940,3,sibling_roster
911567,1951,4,sibling_roster
900241,1939,2,graduate
900241,1936,1,sibling_roster
900241,1940,2,sibling_roster
915147,1940,1,sibling_roster
915147,1942,2,sibling_roster
915147,1945,3,sibling_roster
915147,1948,4,sibling_roster
915147,1954,5,sibling_roster
915147,1959,6,sibling_roster
908672,1939,4,graduate
908672,1928,1,sibling_roster
908672,1935,2,sibling_roster
908672,1939,3,sibling_roster
923805,1938,2,graduate
906286,1939,1,sibling_roster
906286,1941,2,sibling_roster
906286,1942,3,sibling_roster
906286,1958,4,sibling_roster
906286,1961,5,sibling_roster
921491,1937,9,graduate
921491,1917,1,sibling_roster
921491,1925,2,sibling_roster
921491,1927,3,sibling_roster
921491,1928,4,sibling_roster
921491,1935,5,sibling_roster
921491,1939,6,sibling_roster
921491,1940,7,sibling_roster
921491,1945,8,sibling_roster
921491,1950,9,sibling_roster
900636,1939,10,graduate
920505,1939,8,graduate
930939,1939,2,graduate
930939,1939,1,sibling_roster
930939,1940,2,sibling_roster
930939,1943,3,sibling_roster
930939,1953,5,sibling_roster
930939,1955,6,sibling_roster
910911,1939,1,sibling_roster
910911,1949,2,sibling_roster
910911,1953,3,sibling_roster
910911,1957,4,sibling_roster
900667,1939,6,graduate
900667,1932,1,sibling_roster
900667,1934,2,sibling_roster
900667,1935,3,sibling_roster
900667,1937,4,sibling_roster
900667,1939,5,sibling_roster
900667,1940,6,sibling_roster
900667,1956,7,sibling_roster
919494,1940,1,sibling_roster
919494,1942,2,sibling_roster
919494,1944,3,sibling_roster
919494,1946,4,sibling_roster
919494,1948,5,sibling_roster
919494,1949,6,sibling_roster
919494,1951,7,sibling_roster
919494,1953,8,sibling_roster
919494,1954,9,sibling_roster
919494,1956,10,sibling_roster
919494,1963,11,sibling_roster
929892,1939,2,graduate
920114,1938,2,graduate
920114,1939,1,sibling_roster
920114,1939,2,sibling_roster
920114,1942,3,sibling_roster
920114,1946,4,sibling_roster
932644,1939,2,graduate
932644,1933,1,sibling_roster
932644,1939,2,sibling_roster
910820,1939,2,graduate
910820,1931,1,sibling_roster
910820,1940,2,sibling_roster
907340,1939,1,sibling_roster
907340,1942,2,sibling_roster
907340,1946,3,sibling_roster
907340,1949,4,sibling_roster
907340,1952,5,sibling_roster
907340,1956,6,sibling_roster
907340,1958,7,sibling_roster
907340,1960,8,sibling_roster
918563,1938,2,graduate
918563,1938,1,sibling_roster
918563,1941,2,sibling_roster
909378,1939,2,graduate
908612,1939,1,sibling_roster
908612,1940,2,sibling_roster
908612,1947,3,sibling_roster
927630,1939,2,graduate
927630,1938,1,sibling_roster
927630,1939,2,sibling_roster
927630,1943,3,sibling_roster
919104,1939,5,graduate
919104,1927,1,sibling_roster
919104,1929,2,sibling_roster
919104,1931,3,sibling_roster
919104,1940,4,sibling_roster
919104,1942,5,sibling_roster
911939,1938,1,sibling_roster
911939,1940,2,sibling_roster
911939,1943,3,sibling_roster
911939,1946,4,sibling_roster
911939,1956,5,sibling_roster
905372,1938,2,graduate
905372,1936,1,sibling_roster
905372,1939,2,sibling_roster
905372,1942,3,sibling_roster
905372,1946,4,sibling_roster
905372,1948,5,sibling_roster
918772,1939,4,graduate
917890,1938,3,graduate
917890,1927,1,sibling_roster
917890,1932,2,sibling_roster
917890,1939,3,sibling_roster
912843,1939,3,graduate
932135,1938,2,graduate
904119,1940,1,sibling_roster
904119,1941,2,sibling_roster
904119,1950,3,sibling_roster
904119,1951,4,sibling_roster
932593,1939,1,sibling_roster
932593,1941,2,sibling_roster
932593,1948,3,sibling_roster
928944,1937,2,graduate
920799,1939,4,graduate
920799,1929,1,sibling_roster
920799,1931,2,sibling_roster
920799,1936,3,sibling_roster
920799,1939,4,sibling_roster
916958,1939,3,graduate
916958,1924,1,sibling_roster
916958,1928,2,sibling_roster
916958,1940,3,sibling_roster
932520,1939,9,graduate
932520,1910,1,sibling_roster
932520,1917,2,sibling_roster
932520,1921,3,sibling_roster
932520,1923,4,sibling_roster
932520,1923,5,sibling_roster
932520,1936,6,sibling_roster
932520,1937,7,sibling_roster
932520,1938,8,sibling_roster
932520,1940,9,sibling_roster
915061,1939,3,graduate
915061,1935,1,sibling_roster
915061,1938,2,sibling_roster
915061,1939,3,sibling_roster
915061,1940,4,sibling_roster
915061,1942,5,sibling_roster
915061,1944,6,sibling_roster
915061,1946,7,sibling_roster
915061,1950,8,sibling_roster
916230,1938,3,graduate
919333,1939,1,sibling_roster
919333,1940,2,sibling_roster
930365,1939,2,graduate
919116,1938,2,graduate
919116,1939,1,sibling_roster
919116,1939,2,sibling_roster
902622,1939,3,graduate
902622,1936,1,sibling_roster
902622,1938,2,sibling_roster
902622,1940,3,sibling_roster
902622,1948,4,sibling_roster
902622,1952,5,sibling_roster
913165,1939,5,graduate
905922,1939,2,graduate
905922,1937,1,sibling_roster
905922,1939,2,sibling_roster
905922,1941,3,sibling_roster
905922,1947,4,sibling_roster
905922,1950,5,sibling_roster
933099,1939,4,graduate
933099,1935,1,sibling_roster
933099,1937,2,sibling_roster
933099,1938,3,sibling_roster
933099,1939,4,sibling_roster
913538,1938,2,graduate
913538,1934,1,sibling_roster
913538,1939,2,sibling_roster
917985,1938,2,graduate
928556,1939,7,graduate
928556,1934,3,sibling_roster
928556,1935,4,sibling_roster
928556,1935,5,sibling_roster
928556,1936,6,sibling_roster
928556,1938,7,sibling_roster
928556,1940,8,sibling_roster
914616,1938,5,graduate
924060,1939,2,graduate
924060,1937,1,sibling_roster
924060,1940,2,sibling_roster
924060,1941,3,sibling_roster
924060,1952,4,sibling_roster
928567,1940,1,sibling_roster
908500,1940,1,sibling_roster
908500,1946,2,sibling_roster
922424,1939,4,graduate
905094,1940,1,sibling_roster
905094,1941,2,sibling_roster
905094,1942,3,sibling_roster
905094,1945,4,sibling_roster
905094,1947,5,sibling_roster
905094,1949,6,sibling_roster
905094,1950,7,sibling_roster
905094,1957,8,sibling_roster
922928,1939,1,sibling_roster
922928,1943,2,sibling_roster
922928,1947,3,sibling_roster
908120,1938,3,graduate
908120,1925,1,sibling_roster
908120,1931,2,sibling_roster
908120,1938,3,sibling_roster
904584,1939,5,graduate
919791,1939,2,graduate
919791,1937,1,sibling_roster
919791,1939,2,sibling_roster
919397,1938,2,graduate
919397,1937,1,sibling_roster
919397,1939,2,sibling_roster
919397,1949,3,sibling_roster
919397,1953,4,sibling_roster
902798,1939,3,graduate
902798,1937,1,sibling_roster
902798,1939,2,sibling_roster
902798,1940,3,sibling_roster
902798,1943,4,sibling_roster
902798,1948,5,sibling_roster
902798,1950,6,sibling_roster
902798,1950,7,sibling_roster
902798,1952,8,sibling_roster
902798,1958,9,sibling_roster
902798,1960,10,sibling_roster
920815,1939,5,graduate
920815,1929,1,sibling_roster
920815,1932,2,sibling_roster
920815,1936,3,sibling_roster
920815,1939,4,sibling_roster
920815,1941,5,sibling_roster
920815,1941,6,sibling_roster
902740,1939,4,graduate
902400,1939,2,graduate
902400,1938,1,sibling_roster
902400,1940,2,sibling_roster
902400,1941,3,sibling_roster
902400,1945,4,sibling_roster
902400,1947,5,sibling_roster
903949,1939,6,graduate
903949,1928,1,sibling_roster
903949,1930,2,sibling_roster
903949,1934,3,sibling_roster
903949,1935,4,sibling_roster
903949,1937,5,sibling_roster
903949,1939,6,sibling_roster
913150,1940,1,sibling_roster
922491,1939,2,graduate
905136,1939,2,graduate
905136,1939,1,sibling_roster
905136,1939,2,sibling_roster
905136,1940,3,sibling_roster
905136,1940,4,sibling_roster
905136,1941,5,sibling_roster
919433,1940,1,sibling_roster
919433,1943,2,sibling_roster
919433,1945,3,sibling_roster
916804,1939,3,graduate
916804,1937,1,sibling_roster
916804,1938,2,sibling_roster
916804,1938,3,sibling_roster
916804,1940,4,sibling_roster
916804,1949,5,sibling_roster
916804,1951,6,sibling_roster
916804,1953,7,sibling_roster
916804,1956,8,sibling_roster
911172,1939,2,graduate
911172,1938,1,sibling_roster
911172,1939,2,sibling_roster
911172,1940,3,sibling_roster
911172,1940,4,sibling_roster
931036,1939,2,graduate
931036,1936,1,sibling_roster
931036,1940,2,sibling_roster
931036,1942,3,sibling_roster
932681,1939,2,graduate
905625,1939,1,sibling_roster
905625,1943,2,sibling_roster
906368,1939,2,graduate
906368,1939,1,sibling_roster
906368,1940,2,sibling_roster
906368,1941,3,sibling_roster
906368,1942,4,sibling_roster
906368,1947,5,sibling_roster
906368,1949,6,sibling_roster
926871,1939,4,graduate
926871,1926,1,sibling_roster
926871,1927,2,sibling_roster
926871,1933,3,sibling_roster
926871,1940,4,sibling_roster
901987,1939,4,graduate
901987,1933,1,sibling_roster
901987,1934,2,sibling_roster
901987,1940,3,sibling_roster
901987,1940,4,sibling_roster
929108,1939,2,graduate
929108,1936,1,sibling_roster
929108,1940,2,sibling_roster
903518,1938,3,graduate
903518,1933,1,sibling_roster
903518,1935,2,sibling_roster
903518,1939,3,sibling_roster
933511,1939,2,graduate
932954,1938,4,graduate
932954,1930,1,sibling_roster
932954,1934,2,sibling_roster
932954,1935,3,sibling_roster
932954,1938,4,sibling_roster
932954,1941,5,sibling_roster
932954,1947,6,sibling_roster
919737,1938,3,graduate
919737,1935,1,sibling_roster
919737,1937,2,sibling_roster
919737,1939,3,sibling_roster
919737,1942,4,sibling_roster
926031,1940,1,sibling_roster
926031,1943,2,sibling_roster
926031,1945,3,sibling_roster
926031,1946,4,sibling_roster
926031,1950,5,sibling_roster
926031,1952,6,sibling_roster
926031,1954,7,sibling_roster
926031,1956,8,sibling_roster
926031,1958,9,sibling_roster
926031,1960,10,sibling_roster
926031,1962,11,sibling_roster
910317,1940,1,sibling_roster
928194,1939,6,graduate
914140,1939,1,sibling_roster
914140,1941,2,sibling_roster
914140,1942,3,sibling_roster
914140,1946,4,sibling_roster
914140,1948,5,sibling_roster
933408,1939,1,sibling_roster
933408,1939,2,sibling_roster
933408,1943,3,sibling_roster
933408,1949,4,sibling_roster
918341,1940,4,graduate
918341,1933,1,sibling_roster
918341,1940,2,sibling_roster
918341,1945,3,sibling_roster
929252,1940,1,sibling_roster
929252,1941,2,sibling_roster
905195,1939,1,sibling_roster
905195,1940,2,sibling_roster
905195,1943,3,sibling_roster
905195,1945,4,sibling_roster
905195,1956,5,sibling_roster
925588,1939,1,sibling_roster
925588,1943,2,sibling_roster
919693,1939,2,graduate
919693,1938,1,sibling_roster
919693,1940,2,sibling_roster
919693,1941,3,sibling_roster
919693,1942,4,sibling_roster
919693,1947,5,sibling_roster
919693,1952,6,sibling_roster
905294,1938,9,graduate
905294,1914,1,sibling_roster
905294,1919,2,sibling_roster
905294,1936,3,sibling_roster
905294,1939,4,sibling_roster
920833,1939,3,graduate
920833,1930,1,sibling_roster
920833,1937,2,sibling_roster
920833,1939,3,sibling_roster
926383,1939,2,graduate
926383,1936,1,sibling_roster
926383,1940,2,sibling_roster
921389,1940,3,graduate
921389,1934,1,sibling_roster
921389,1936,2,sibling_roster
921389,1940,3,sibling_roster
929883,1939,3,graduate
911425,1938,1,sibling_roster
910466,1940,1,sibling_roster
910466,1949,2,sibling_roster
932566,1939,5,graduate
932566,1917,1,sibling_roster
932566,1935,2,sibling_roster
932566,1939,3,sibling_roster
932942,1939,2,graduate
932942,1933,1,sibling_roster
932942,1940,2,sibling_roster
932356,1939,3,graduate
910128,1939,3,graduate
910128,1934,1,sibling_roster
910128,1936,2,sibling_roster
910128,1940,3,sibling_roster
902186,1940,4,graduate
922992,1939,2,graduate
922992,1932,1,sibling_roster
922992,1939,2,sibling_roster
931890,1939,8,graduate
931890,1926,2,sibling_roster
931890,1927,3,sibling_roster
931890,1929,4,sibling_roster
931890,1934,5,sibling_roster
931890,1934,6,sibling_roster
931890,1939,7,sibling_roster
931890,1941,8,sibling_roster
910863,1939,2,graduate
910863,1937,1,sibling_roster
910863,1939,2,sibling_roster
910863,1941,3,sibling_roster
910863,1945,4,sibling_roster
910863,1949,5,sibling_roster
910863,1950,6,sibling_roster
910863,1951,7,sibling_roster
910863,1953,8,sibling_roster
910863,1955,9,sibling_roster
910863,1956,10,sibling_roster
910863,1959,11,sibling_roster
927253,1939,3,graduate
927253,1934,1,sibling_roster
927253,1938,2,sibling_roster
927253,1939,3,sibling_roster
927253,1940,4,sibling_roster
927253,1945,5,sibling_roster
927253,1948,6,sibling_roster
920399,1939,3,graduate
917201,1939,3,graduate
917201,1931,1,sibling_roster
917201,1934,2,sibling_roster
917201,1939,3,sibling_roster
917201,1949,4,sibling_roster
920741,1939,3,graduate
930990,1939,3,graduate
930044,1938,4,graduate
900878,1939,5,graduate
907013,1939,1,sibling_roster
907013,1941,2,sibling_roster
907013,1945,3,sibling_roster
907013,1949,4,sibling_roster
926205,1939,7,graduate
933171,1940,1,sibling_roster
933171,1946,2,sibling_roster
933171,1954,3,sibling_roster
933171,1957,4,sibling_roster
922830,1939,2,graduate
922830,1940,1,sibling_roster
922830,1942,2,sibling_roster
922830,1944,3,sibling_roster
918220,1938,1,sibling_roster
918220,1942,2,sibling_roster
915138,1939,4,graduate
915138,1934,1,sibling_roster
915138,1938,2,sibling_roster
915138,1939,3,sibling_roster
915524,1939,2,graduate
925209,1939,1,sibling_roster
925209,1953,2,sibling_roster
918421,1939,3,graduate
918421,1936,1,sibling_roster
918421,1940,2,sibling_roster
918421,1944,3,sibling_roster
918421,1949,4,sibling_roster
912320,1938,2,graduate
911288,1939,5,graduate
911288,1932,1,sibling_roster
911288,1934,2,sibling_roster
911288,1936,3,sibling_roster
911288,1939,4,sibling_roster
911288,1940,5,sibling_roster
911288,1941,6,sibling_roster
911288,1943,7,sibling_roster
911288,1945,8,sibling_roster
911288,1949,9,sibling_roster
911288,1951,10,sibling_roster
911288,1953,11,sibling_roster
915861,1940,1,sibling_roster
915861,1950,2,sibling_roster
929502,1939,4,graduate
929502,1923,1,sibling_roster
929502,1935,2,sibling_roster
929502,1936,3,sibling_roster
929502,1940,4,sibling_roster
901176,1939,1,sibling_roster
901176,1941,2,sibling_roster
901176,1949,3,sibling_roster
902029,1940,1,sibling_roster
928836,1939,3,graduate
928836,1927,1,sibling_roster
928836,1929,2,sibling_roster
928836,1933,3,sibling_roster
928836,1935,4,sibling_roster
928836,1939,5,sibling_roster
928836,1940,6,sibling_roster
928836,1945,7,sibling_roster
928836,1948,8,sibling_roster
928836,1950,9,sibling_roster
922234,1940,1,sibling_roster
901132,1939,3,graduate
906018,1939,1,sibling_roster
906018,1940,2,sibling_roster
906018,1940,3,sibling_roster
906018,1948,4,sibling_roster
923852,1939,2,graduate
923852,1937,1,sibling_roster
923852,1940,2,sibling_roster
923852,1947,3,sibling_roster
923852,1951,4,sibling_roster
923852,1952,5,sibling_roster
923852,1953,6,sibling_roster
901413,1939,1,sibling_roster
901413,1942,2,sibling_roster
927982,1939,2,graduate
927982,1940,1,sibling_roster
927982,1945,2,sibling_roster
929894,1939,2,graduate
929894,1935,1,sibling_roster
929894,1940,2,sibling_roster
931026,1941,1,sibling_roster
911511,1939,3,graduate
928880,1940,1,sibling_roster
928880,1947,2,sibling_roster
911569,1940,1,sibling_roster
911569,1943,2,sibling_roster
911569,1945,3,sibling_roster
929683,1940,1,sibling_roster
929683,1949,2,sibling_roster
929683,1957,3,sibling_roster
902996,1939,4,graduate
902996,1930,1,sibling_roster
902996,1933,2,sibling_roster
902996,1937,3,sibling_roster
902996,1940,4,sibling_roster
908180,1939,1,sibling_roster
908180,1939,2,sibling_roster
908180,1945,3,sibling_roster
908180,1955,4,sibling_roster
900167,1940,1,sibling_roster
900167,1947,2,sibling_roster
912131,1939,2,graduate
912131,1938,1,sibling_roster
912131,1940,2,sibling_roster
912131,1941,3,sibling_roster
912131,1944,4,sibling_roster
910054,1938,2,graduate
910054,1939,1,sibling_roster
910054,1946,2,sibling_roster
910054,1949,3,sibling_roster
910054,1953,4,sibling_roster
915776,1940,1,sibling_roster
915776,1947,2,sibling_roster
901766,1940,1,sibling_roster
901766,1944,2,sibling_roster
933617,1941,1,sibling_roster
933617,1947,2,sibling_roster
917075,1939,1,sibling_roster
917075,1940,2,sibling_roster
917075,1945,3,sibling_roster
917075,1948,4,sibling_roster
920898,1939,2,graduate
920898,1936,1,sibling_roster
920898,1939,2,sibling_roster
909519,1938,5,graduate
909519,1928,1,sibling_roster
909519,1933,2,sibling_roster
909519,1936,3,sibling_roster
909519,1937,4,sibling_roster
909519,1939,5,sibling_roster
909519,1943,6,sibling_roster
909519,1946,7,sibling_roster
908458,1939,8,graduate
908458,1915,1,sibling_roster
908458,1916,2,sibling_roster
908458,1920,3,sibling_roster
908458,1925,4,sibling_roster
908458,1926,5,sibling_roster
908458,1930,6,sibling_roster
908458,1933,7,sibling_roster
908458,1939,8,sibling_roster
923284,1939,2,graduate
923284,1936,1,sibling_roster
923284,1940,2,sibling_roster
923284,1940,3,sibling_roster
923284,1942,4,sibling_roster
923284,1943,5,sibling_roster
923284,1945,6,sibling_roster
923284,1946,7,sibling_roster
923284,1947,8,sibling_roster
923284,1949,9,sibling_roster
915257,1940,1,sibling_roster
915257,1940,2,sibling_roster
915257,1942,3,sibling_roster
915257,1944,4,sibling_roster
915257,1946,5,sibling_roster
915257,1947,6,sibling_roster
915257,1949,7,sibling_roster
909012,1939,10,graduate
917786,1939,3,graduate
900830,1939,1,sibling_roster
908414,1939,1,sibling_roster
908414,1941,2,sibling_roster
905041,1939,10,graduate
916390,1939,8,graduate
921991,1939,2,graduate
921991,1937,1,sibling_roster
921991,1939,2,sibling_roster
921991,1949,3,sibling_roster
901019,1939,4,graduate
901019,1933,1,sibling_roster
901019,1935,2,sibling_roster
901019,1936,3,sibling_roster
901019,1940,4,sibling_roster
901019,1943,5,sibling_roster
901019,1944,6,sibling_roster
901019,1953,7,sibling_roster
905448,1939,1,sibling_roster
905448,1943,2,sibling_roster
905448,1947,3,sibling_roster
900891,1939,2,graduate
900891,1937,1,sibling_roster
900891,1940,2,sibling_roster
900891,1940,3,sibling_roster
925889,1939,3,graduate
925889,1926,1,sibling_roster
925889,1936,2,sibling_roster
925889,1939,3,sibling_roster
922467,1940,1,sibling_roster
922467,1947,2,sibling_roster
922467,1950,3,sibling_roster
922467,1952,4,sibling_roster
922467,1953,5,sibling_roster
922467,1959,6,sibling_roster
906452,1939,6,graduate
906452,1928,1,sibling_roster
906452,1930,2,sibling_roster
906452,1932,3,sibling_roster
906452,1935,4,sibling_roster
906452,1936,5,sibling_roster
906452,1940,6,sibling_roster
906452,1944,7,sibling_roster
906452,1948,8,sibling_roster
910359,1939,2,graduate
910359,1938,1,sibling_roster
910359,1940,2,sibling_roster
910359,1942,3,sibling_roster
910359,1943,4,sibling_roster
926576,1939,5,graduate
926576,1932,1,sibling_roster
926576,1934,2,sibling_roster
926576,1936,3,sibling_roster
926576,1937,4,sibling_roster
926576,1939,5,sibling_roster
926576,1940,6,sibling_roster
926576,1942,7,sibling_roster
926576,1944,8,sibling_roster
926576,1946,9,sibling_roster
926576,1948,10,sibling_roster
926576,1949,11,sibling_roster
926861,1939,5,graduate
926861,1927,1,sibling_roster
926861,1930,2,sibling_roster
926861,1935,3,sibling_roster
926861,1938,4,sibling_roster
926861,1940,5,sibling_roster
911690,1938,2,graduate
911690,1937,1,sibling_roster
911690,1939,2,sibling_roster
911690,1941,3,sibling_roster
911690,1946,4,sibling_roster
911690,1953,5,sibling_roster
911690,1955,6,sibling_roster
924040,1939,3,graduate
924040,1927,1,sibling_roster
924040,1930,2,sibling_roster
924040,1939,3,sibling_roster
907278,1940,1,sibling_roster
907278,1945,2,sibling_roster
904312,1940,1,sibling_roster
931546,1939,2,graduate
904465,1938,2,graduate
904465,1935,1,sibling_roster
904465,1939,2,sibling_roster
928447,1940,1,sibling_roster
928447,1942,2,sibling_roster
928447,1951,3,sibling_roster
932840,1939,1,sibling_roster
933148,1939,1,sibling_roster
933148,1949,2,sibling_roster
933148,1951,3,sibling_roster
920303,1939,3,graduate
905653,1940,1,sibling_roster
905653,1944,2,sibling_roster
905653,1946,3,sibling_roster
912556,1939,6,graduate
912556,1919,1,sibling_roster
912556,1923,2,sibling_roster
912556,1936,3,sibling_roster
912556,1937,4,sibling_roster
912556,1940,5,sibling_roster
904603,1939,1,sibling_roster
904603,1940,2,sibling_roster
904603,1948,3,sibling_roster
904603,1950,4,sibling_roster
904603,1957,5,sibling_roster
904603,1961,6,sibling_roster
922221,1939,2,graduate
922221,1938,1,sibling_roster
922221,1939,2,sibling_roster
922221,1941,3,sibling_roster
922221,1943,4,sibling_roster
922221,1946,5,sibling_roster
916773,1939,2,graduate
907177,1939,3,graduate
907177,1933,1,sibling_roster
907177,1939,2,sibling_roster
907177,1940,3,sibling_roster
907177,1942,4,sibling_roster
907177,1943,5,sibling_roster
917065,1939,1,sibling_roster
916666,1939,2,graduate
916666,1936,1,sibling_roster
916666,1939,2,sibling_roster
916666,1944,3,sibling_roster
930107,1940,1,sibling_roster
930107,1952,2,sibling_roster
925189,1939,1,sibling_roster
925189,1943,2,sibling_roster
925189,1947,3,sibling_roster
910296,1939,1,sibling_roster
910296,1940,2,sibling_roster
911017,1940,1,sibling_roster
911017,1946,2,sibling_roster
911017,1947,3,sibling_roster
915288,1939,1,sibling_roster
915288,1942,2,sibling_roster
925987,1939,2,graduate
927296,1940,2,graduate
927296,1937,1,sibling_roster
927296,1940,2,sibling_roster
926291,1938,2,graduate
903898,1939,1,sibling_roster
903898,1941,2,sibling_roster
903898,1942,3,sibling_roster
903898,1946,4,sibling_roster
903898,1953,5,sibling_roster
925463,1939,2,graduate
925463,1936,1,sibling_roster
925463,1940,2,sibling_roster
925463,1941,3,sibling_roster
920926,1940,1,sibling_roster
920926,1943,2,sibling_roster
917474,1939,2,graduate
917474,1936,1,sibling_roster
917474,1940,2,sibling_roster
917910,1939,2,graduate
917910,1936,1,sibling_roster
917910,1940,2,sibling_roster
910503,1938,2,graduate
916121,1940,1,sibling_roster
921115,1939,3,graduate
921115,1933,1,sibling_roster
921115,1936,2,sibling_roster
921115,1939,3,sibling_roster
921115,1945,4,sibling_roster
921115,1953,5,sibling_roster
927785,1939,4,graduate
927785,1934,1,sibling_roster
927785,1935,2,sibling_roster
927785,1938,3,sibling_roster
927785,1940,4,sibling_roster
927785,1946,5,sibling_roster
920250,1939,3,graduate
915419,1940,1,sibling_roster
915419,1941,2,sibling_roster
915419,1948,3,sibling_roster
915419,1950,4,sibling_roster
924641,1938,2,graduate
924641,1934,1,sibling_roster
924641,1939,2,sibling_roster
924641,1944,3,sibling_roster
905432,1940,1,sibling_roster
905432,1944,2,sibling_roster
905432,1950,3,sibling_roster
920313,1939,1,sibling_roster
920313,1943,2,sibling_roster
920313,1946,3,sibling_roster
916122,1941,1,sibling_roster
919422,1938,2,graduate
916012,1940,2,graduate
916012,1939,1,sibling_roster
916012,1940,2,sibling_roster
916012,1942,3,sibling_roster
916012,1950,4,sibling_roster
916012,1952,5,sibling_roster
900271,1939,10,graduate
900271,1924,3,sibling_roster
900271,1926,4,sibling_roster
900271,1928,5,sibling_roster
900271,1930,6,sibling_roster
900271,1932,7,sibling_roster
900271,1934,8,sibling_roster
900271,1936,9,sibling_roster
900271,1940,10,sibling_roster
927068,1939,7,graduate
927068,1920,1,sibling_roster
927068,1924,2,sibling_roster
927068,1931,3,sibling_roster
927068,1933,4,sibling_roster
927068,1934,5,sibling_roster
927068,1936,6,sibling_roster
927068,1940,7,sibling_roster
927068,1942,8,sibling_roster
927068,1945,9,sibling_roster
919900,1940,1,sibling_roster
919900,1943,2,sibling_roster
919900,1948,3,sibling_roster
919900,1953,4,sibling_roster
912494,1939,3,graduate
912494,1935,1,sibling_roster
912494,1937,2,sibling_roster
912494,1939,3,sibling_roster
908545,1939,1,sibling_roster
908545,1942,2,sibling_roster
908545,1947,3,sibling_roster
908545,1952,4,sibling_roster
921016,1939,3,graduate
921016,1936,1,sibling_roster
921016,1938,2,sibling_roster
921016,1940,3,sibling_roster
921016,1941,4,sibling_roster
921016,1948,5,sibling_roster
921016,1949,6,sibling_roster
905129,1939,6,graduate
905129,1921,1,sibling_roster
905129,1928,2,sibling_roster
905129,1930,3,sibling_roster
905129,1931,4,sibling_roster
905129,1935,5,sibling_roster
905129,1939,6,sibling_roster
913944,1940,1,sibling_roster
906060,1940,1,sibling_roster
906060,1943,2,sibling_roster
906060,1946,3,sibling_roster
929584,1939,3,graduate
929584,1937,1,sibling_roster
929584,1938,2,sibling_roster
929584,1940,3,sibling_roster
929584,1941,4,sibling_roster
929584,1942,5,sibling_roster
929584,1944,6,sibling_roster
929584,1945,7,sibling_roster
930342,1939,2,graduate
930342,1928,1,sibling_roster
930342,1940,2,sibling_roster
930342,1946,3,sibling_roster
905940,1939,5,graduate
905940,1927,1,sibling_roster
905940,1928,2,sibling_roster
905940,1933,3,sibling_roster
905940,1936,4,sibling_roster
905940,1940,5,sibling_roster
905940,1942,6,sibling_roster
905940,1942,7,sibling_roster
912744,1939,2,graduate
932459,1938,3,graduate
932459,1935,1,sibling_roster
932459,1937,2,sibling_roster
932459,1939,3,sibling_roster
930218,1939,7,graduate
930218,1922,1,sibling_roster
930218,1933,2,sibling_roster
930218,1933,3,sibling_roster
930218,1937,4,sibling_roster
930218,1940,5,sibling_roster
930218,1942,6,sibling_roster
930218,1943,7,sibling_roster
930218,1944,8,sibling_roster
908417,1938,3,graduate
908417,1932,1,sibling_roster
908417,1937,2,sibling_roster
908417,1939,3,sibling_roster
908417,1958,4,sibling_roster
916174,1940,1,sibling_roster
916174,1945,2,sibling_roster
930857,1939,3,graduate
930857,1932,1,sibling_roster
930857,1937,2,sibling_roster
930857,1940,3,sibling_roster
930857,1947,4,sibling_roster
909916,1939,5,graduate
909916,1921,1,sibling_roster
909916,1924,2,sibling_roster
909916,1927,3,sibling_roster
909916,1933,4,sibling_roster
909916,1939,5,sibling_roster
913948,1938,2,graduate
913948,1937,1,sibling_roster
913948,1939,2,sibling_roster
909359,1939,4,graduate
919592,1939,3,graduate
919592,1936,1,sibling_roster
919592,1937,2,sibling_roster
919592,1939,3,sibling_roster
919592,1940,4,sibling_roster
919592,1942,5,sibling_roster
919592,1951,6,sibling_roster
901968,1940,1,sibling_roster
901968,1946,2,sibling_roster
901968,1948,3,sibling_roster
901968,1950,4,sibling_roster
901968,1955,5,sibling_roster
926258,1940,1,sibling_roster
926258,1941,2,sibling_roster
914301,1939,2,graduate
914301,1937,1,sibling_roster
914301,1939,2,sibling_roster
914301,1940,3,sibling_roster
924316,1939,3,graduate
924316,1935,1,sibling_roster
924316,1938,2,sibling_roster
924316,1940,3,sibling_roster
924316,1945,4,sibling_roster
928821,1939,1,sibling_roster
928821,1946,2,sibling_roster
928821,1949,3,sibling_roster
928821,1950,4,sibling_roster
928821,1952,5,sibling_roster
927149,1939,2,graduate
927149,1938,1,sibling_roster
927149,1940,2,sibling_roster
927149,1947,3,sibling_roster
927149,1949,4,sibling_roster
900621,1939,2,graduate
901720,1940,3,graduate
901720,1936,1,sibling_roster
901720,1937,2,sibling_roster
901720,1941,3,sibling_roster
932995,1940,1,sibling_roster
932995,1941,2,sibling_roster
932995,1944,3,sibling_roster
932995,1948,4,sibling_roster
932995,1949,5,sibling_roster
912217,1939,7,graduate
922216,1940,1,sibling_roster
922216,1944,2,sibling_roster
932148,1938,5,graduate
932148,1927,1,sibling_roster
932148,1930,2,sibling_roster
932148,1931,3,sibling_roster
932148,1934,4,sibling_roster
932148,1939,5,sibling_roster
912605,1938,5,graduate
932071,1939,2,graduate
932071,1939,2,sibling_roster
932071,1941,3,sibling_roster
932071,1947,4,sibling_roster
909107,1939,3,graduate
909107,1936,1,sibling_roster
909107,1938,2,sibling_roster
909107,1940,3,sibling_roster
909107,1942,4,sibling_roster
903753,1939,3,graduate
903753,1935,1,sibling_roster
903753,1938,2,sibling_roster
903753,1940,3,sibling_roster
903753,1941,4,sibling_roster
903753,1944,5,sibling_roster
903753,1948,6,sibling_roster
903753,1954,7,sibling_roster
911379,1939,4,graduate
911379,1939,1,sibling_roster
911379,1942,2,sibling_roster
911379,1945,3,sibling_roster
911379,1949,4,sibling_roster
906602,1939,9,graduate
906602,1913,1,sibling_roster
906602,1918,2,sibling_roster
906602,1922,3,sibling_roster
906602,1925,4,sibling_roster
906602,1926,5,sibling_roster
906602,1928,6,sibling_roster
906602,1930,7,sibling_roster
906602,1935,8,sibling_roster
906602,1939,9,sibling_roster
913240,1940,1,sibling_roster
909274,1939,3,graduate
909274,1930,1,sibling_roster
909274,1932,2,sibling_roster
909274,1938,3,sibling_roster
909274,1940,4,sibling_roster
909274,1942,5,sibling_roster
931289,1939,6,graduate
931289,1932,1,sibling_roster
931289,1933,2,sibling_roster
931289,1934,3,sibling_roster
931289,1936,4,sibling_roster
931289,1940,5,sibling_roster
931289,1941,6,sibling_roster
931289,1945,7,sibling_roster
931289,1947,8,sibling_roster
931289,1947,9,sibling_roster
931289,1954,10,sibling_roster
906664,1940,1,sibling_roster
921090,1939,2,graduate
921090,1934,1,sibling_roster
921090,1939,2,sibling_roster
903655,1939,7,graduate
903655,1925,1,sibling_roster
903655,1927,2,sibling_roster
903655,1929,3,sibling_roster
903655,1931,4,sibling_roster
903655,1933,5,sibling_roster
903655,1938,6,sibling_roster
903655,1940,7,sibling_roster
903655,1942,8,sibling_roster
903655,1943,9,sibling_roster
927542,1939,2,graduate
927542,1936,1,sibling_roster
927542,1940,2,sibling_roster
927542,1944,3,sibling_roster
927542,1948,4,sibling_roster
927542,1950,5,sibling_roster
927542,1953,6,sibling_roster
927542,1959,7,sibling_roster
920869,1940,1,sibling_roster
920869,1942,2,sibling_roster
920869,1946,3,sibling_roster
920869,1948,4,sibling_roster
920869,1949,5,sibling_roster
920869,1952,6,sibling_roster
920869,1954,7,sibling_roster
920869,1956,8,sibling_roster
920869,1957,9,sibling_roster
920869,1963,10,sibling_roster
919725,1940,1,sibling_roster
919725,1947,2,sibling_roster
919725,1951,3,sibling_roster
919725,1953,4,sibling_roster
919725,1954,5,sibling_roster
919725,1959,6,sibling_roster
923634,1939,1,sibling_roster
923634,1941,2,sibling_roster
923634,1941,3,sibling_roster
923634,1943,4,sibling_roster
923634,1946,5,sibling_roster
923634,1947,6,sibling_roster
923634,1950,7,sibling_roster
923634,1954,8,sibling_roster
923634,1956,9,sibling_roster
923634,1958,10,sibling_roster
923634,1961,11,sibling_roster
923825,1939,3,graduate
904429,1940,2,graduate
904429,1934,1,sibling_roster
904429,1940,2,sibling_roster
904429,1941,3,sibling_roster
900354,1939,1,sibling_roster
900354,1941,2,sibling_roster
900354,1945,3,sibling_roster
900354,1949,4,sibling_roster
931421,1939,1,sibling_roster
931421,1942,2,sibling_roster
931421,1950,3,sibling_roster
931421,1955,4,sibling_roster
900461,1939,4,graduate
900461,1928,1,sibling_roster
900461,1931,2,sibling_roster
900461,1936,3,sibling_roster
900461,1939,4,sibling_roster
903860,1939,2,graduate
903860,1938,1,sibling_roster
903860,1940,2,sibling_roster
903860,1948,3,sibling_roster
912880,1940,1,sibling_roster
912880,1944,2,sibling_roster
924878,1940,1,sibling_roster
924878,1941,2,sibling_roster
904875,1939,2,graduate
904875,1936,1,sibling_roster
904875,1940,2,sibling_roster
904875,1942,3,sibling_roster
922613,1940,1,sibling_roster
922613,1944,2,sibling_roster
922613,1947,3,sibling_roster
900176,1939,5,graduate
928834,1939,2,graduate
928834,1937,1,sibling_roster
928834,1940,2,sibling_roster
928834,1946,3,sibling_roster
923521,1938,6,graduate
912285,1941,1,sibling_roster
911738,1939,1,sibling_roster
911738,1946,2,sibling_roster
920900,1939,2,graduate
920900,1937,1,sibling_roster
920900,1940,2,sibling_roster
920900,1949,3,sibling_roster
913627,1939,2,graduate
913859,1939,2,graduate
928323,1939,6,graduate
928323,1936,4,sibling_roster
928323,1936,5,sibling_roster
928323,1939,6,sibling_roster
928323,1945,7,sibling_roster
928323,1946,8,sibling_roster
907971,1939,1,sibling_roster
920211,1939,3,graduate
920211,1933,1,sibling_roster
920211,1937,2,sibling_roster
920211,1940,3,sibling_roster
919560,1939,2,graduate
919560,1935,1,sibling_roster
919560,1940,2,sibling_roster
919560,1945,3,sibling_roster
901078,1939,5,graduate
901078,1919,1,sibling_roster
901078,1928,2,sibling_roster
901078,1933,3,sibling_roster
901078,1935,4,sibling_roster
901078,1936,5,sibling_roster
901078,1939,6,sibling_roster
924941,1939,2,graduate
917493,1940,1,sibling_roster
917493,1943,2,sibling_roster
911416,1940,1,sibling_roster
911416,1944,2,sibling_roster
911416,1945,3,sibling_roster
913722,1938,7,graduate
913722,1929,1,sibling_roster
913722,1931,2,sibling_roster
913722,1933,3,sibling_roster
913722,1935,4,sibling_roster
913722,1939,5,sibling_roster
913722,1943,6,sibling_roster
929272,1939,2,graduate
929272,1938,1,sibling_roster
929272,1939,2,sibling_roster
929272,1946,3,sibling_roster
924684,1939,6,graduate
924684,1927,1,sibling_roster
924684,1929,2,sibling_roster
924684,1930,3,sibling_roster
924684,1933,4,sibling_roster
924684,1937,5,sibling_roster
924684,1939,6,sibling_roster
908985,1939,3,graduate
901251,1940,1,sibling_roster
901251,1944,2,sibling_roster
901251,1948,3,sibling_roster
901251,1950,4,sibling_roster
901251,1954,5,sibling_roster
901251,1957,6,sibling_roster
901251,1960,7,sibling_roster
932088,1938,3,graduate
932088,1934,1,sibling_roster
932088,1936,2,sibling_roster
932088,1939,3,sibling_roster
932088,1941,4,sibling_roster
932088,1943,5,sibling_roster
932088,1945,6,sibling_roster
932088,1945,7,sibling_roster
932088,1950,8,sibling_roster
932088,1953,9,sibling_roster
932088,1958,10,sibling_roster
918060,1939,2,graduate
918060,1936,1,sibling_roster
918060,1940,2,sibling_roster
918060,1941,3,sibling_roster
918060,1959,4,sibling_roster
922646,1939,3,graduate
922646,1925,1,sibling_roster
922646,1928,2,sibling_roster
922646,1940,3,sibling_roster
913105,1939,2,graduate
900808,1939,3,graduate
900808,1935,1,sibling_roster
900808,1937,2,sibling_roster
900808,1940,3,sibling_roster
900808,1940,4,sibling_roster
900808,1943,5,sibling_roster
904341,1938,2,graduate
904341,1934,1,sibling_roster
904341,1938,2,sibling_roster
904341,1939,3,sibling_roster
904341,1944,4,sibling_roster
904341,1949,5,sibling_roster
904341,1952,6,sibling_roster
904341,1954,7,sibling_roster
923976,1939,2,graduate
915512,1937,8,graduate
915512,1917,1,sibling_roster
915512,1921,2,sibling_roster
915512,1923,3,sibling_roster
915512,1924,4,sibling_roster
915512,1926,5,sibling_roster
915512,1927,6,sibling_roster
915512,1932,7,sibling_roster
915512,1938,8,sibling_roster
917790,1938,7,graduate
917790,1924,1,sibling_roster
917790,1924,2,sibling_roster
917790,1930,3,sibling_roster
917790,1939,4,sibling_roster
917148,1939,4,graduate
917148,1927,1,sibling_roster
917148,1927,2,sibling_roster
917148,1927,3,sibling_roster
917148,1940,4,sibling_roster
925396,1940,1,sibling_roster
925396,1941,2,sibling_roster
925396,1947,3,sibling_roster
925396,1958,4,sibling_roster
920320,1940,2,graduate
920320,1938,1,sibling_roster
920320,1940,2,sibling_roster
920320,1943,3,sibling_roster
920320,1946,4,sibling_roster
920320,1947,5,sibling_roster
920320,1950,6,sibling_roster
927198,1939,13,graduate
912418,1939,3,graduate
912418,1935,1,sibling_roster
912418,1937,2,sibling_roster
912418,1939,3,sibling_roster
912418,1941,4,sibling_roster
912418,1942,5,sibling_roster
912418,1945,6,sibling_roster
914064,1939,8,graduate
914064,1931,1,sibling_roster
914064,1932,2,sibling_roster
914064,1933,3,sibling_roster
914064,1935,4,sibling_roster
914064,1938,5,sibling_roster
914064,1940,6,sibling_roster
914064,1942,7,sibling_roster
914064,1945,8,sibling_roster
914064,1947,9,sibling_roster
914064,1949,10,sibling_roster
914064,1950,11,sibling_roster
932680,1939,1,sibling_roster
932680,1940,2,sibling_roster
932680,1947,3,sibling_roster
932680,1952,4,sibling_roster
928457,1939,5,graduate
925104,1938,5,graduate
925104,1930,1,sibling_roster
925104,1934,2,sibling_roster
925104,1936,3,sibling_roster
925104,1937,4,sibling_roster
925104,1939,5,sibling_roster
900365,1939,14,graduate
900365,1922,1,sibling_roster
900365,1924,2,sibling_roster
900365,1928,3,sibling_roster
900365,1929,4,sibling_roster
900365,1930,5,sibling_roster
900365,1931,6,sibling_roster
900365,1932,7,sibling_roster
900365,1934,8,sibling_roster
900365,1935,9,sibling_roster
900365,1937,10,sibling_roster
900365,1939,11,sibling_roster
900365,1939,12,sibling_roster
905851,1938,5,graduate
905851,1930,1,sibling_roster
905851,1933,2,sibling_roster
905851,1935,3,sibling_roster
905851,1937,4,sibling_roster
905851,1939,5,sibling_roster
905851,1942,6,sibling_roster
928318,1940,1,sibling_roster
928318,1944,2,sibling_roster
928318,1947,3,sibling_roster
928318,1947,4,sibling_roster
928318,1950,5,sibling_roster
928318,1952,6,sibling_roster
928318,1955,7,sibling_roster
928318,1955,8,sibling_roster
928318,1956,9,sibling_roster
928318,1960,10,sibling_roster
929214,1938,1,sibling_roster
929214,1940,2,sibling_roster
929214,1941,3,sibling_roster
929214,1950,4,sibling_roster
930273,1939,2,graduate
930273,1939,1,sibling_roster
930273,1941,2,sibling_roster
930273,1943,3,sibling_roster
930273,1946,4,sibling_roster
930242,1940,1,sibling_roster
930242,1943,2,sibling_roster
905347,1939,8,graduate
905347,1902,1,sibling_roster
905347,1916,2,sibling_roster
905347,1916,3,sibling_roster
905347,1918,4,sibling_roster
905347,1935,5,sibling_roster
905347,1940,6,sibling_roster
921113,1939,3,graduate
900731,1939,2,graduate
900731,1933,1,sibling_roster
900731,1940,2,sibling_roster
900731,1943,3,sibling_roster
931321,1939,3,graduate
931321,1935,1,sibling_roster
931321,1937,2,sibling_roster
931321,1940,3,sibling_roster
931321,1941,4,sibling_roster
901273,1939,6,graduate
901273,1930,1,sibling_roster
901273,1931,2,sibling_roster
901273,1933,3,sibling_roster
901273,1937,4,sibling_roster
901273,1938,5,sibling_roster
901273,1939,6,sibling_roster
914303,1940,1,sibling_roster
914303,1947,2,sibling_roster
930653,1939,3,graduate
923642,1939,4,graduate
904112,1939,2,graduate
904112,1934,1,sibling_roster
904112,1940,2,sibling_roster
904112,1951,3,sibling_roster
933535,1940,1,sibling_roster
933535,1942,2,sibling_roster
933950,1940,1,sibling_roster
933950,1943,2,sibling_roster
933950,1944,3,sibling_roster
933950,1945,4,sibling_roster
933950,1947,5,sibling_roster
933950,1948,6,sibling_roster
933950,1953,7,sibling_roster
933950,1955,8,sibling_roster
933950,1958,9,sibling_roster
904725,1939,1,sibling_roster
904725,1944,2,sibling_roster
914056,1939,3,graduate
914056,1924,1,sibling_roster
914056,1926,2,sibling_roster
914056,1939,3,sibling_roster
916707,1940,1,sibling_roster
916707,1945,2,sibling_roster
917394,1940,1,sibling_roster
917394,1942,2,sibling_roster
917394,1944,3,sibling_roster
900918,1939,2,graduate
900918,1940,1,sibling_roster
904543,1939,2,graduate
904543,1937,1,sibling_roster
904543,1940,2,sibling_roster
901432,1939,2,graduate
901432,1934,1,sibling_roster
901432,1940,2,sibling_roster
901432,1942,3,sibling_roster
921226,1940,1,sibling_roster
921226,1941,2,sibling_roster
921226,1942,3,sibling_roster
921226,1943,4,sibling_roster
907498,1939,3,graduate
907498,1928,1,sibling_roster
907498,1931,2,sibling_roster
907498,1939,3,sibling_roster
925880,1938,10,graduate
925880,1915,1,sibling_roster
925880,1929,2,sibling_roster
925880,1929,3,sibling_roster
925880,1932,4,sibling_roster
925880,1933,5,sibling_roster
925880,1935,6,sibling_roster
925880,1937,7,sibling_roster
925880,1938,8,sibling_roster
925880,1939,9,sibling_roster
925880,1941,10,sibling_roster
925880,1949,11,sibling_roster
929365,1938,6,graduate
929365,1927,1,sibling_roster
929365,1927,2,sibling_roster
929365,1932,3,sibling_roster
929365,1933,4,sibling_roster
929365,1939,5,sibling_roster
930000,1938,11,graduate
930000,1916,1,sibling_roster
930000,1923,3,sibling_roster
930000,1924,4,sibling_roster
930000,1925,5,sibling_roster
930000,1927,6,sibling_roster
930000,1930,7,sibling_roster
930000,1931,8,sibling_roster
930000,1936,9,sibling_roster
930000,1937,10,sibling_roster
930000,1939,11,sibling_roster
918253,1939,2,graduate
918253,1936,1,sibling_roster
918253,1939,2,sibling_roster
911486,1939,3,graduate
911486,1934,1,sibling_roster
911486,1937,2,sibling_roster
911486,1940,3,sibling_roster
911486,1943,4,sibling_roster
905209,1938,5,graduate
905209,1932,1,sibling_roster
905209,1932,2,sibling_roster
905209,1934,3,sibling_roster
905209,1937,4,sibling_roster
905209,1939,5,sibling_roster
905209,1941,6,sibling_roster
905209,1942,7,sibling_roster
905209,1944,8,sibling_roster
902298,1939,2,graduate
902298,1935,1,sibling_roster
902298,1939,2,sibling_roster
902298,1946,3,sibling_roster
902298,1951,4,sibling_roster
900526,1939,3,graduate
900526,1934,1,sibling_roster
900526,1936,2,sibling_roster
900526,1940,3,sibling_roster
900526,1944,4,sibling_roster
913425,1939,3,graduate
911024,1940,1,sibling_roster
911024,1944,2,sibling_roster
911024,1948,3,sibling_roster
911024,1952,4,sibling_roster
907427,1939,3,graduate
907427,1936,1,sibling_roster
907427,1939,2,sibling_roster
907427,1940,3,sibling_roster
907427,1944,4,sibling_roster
920646,1940,1,sibling_roster
920646,1945,2,sibling_roster
918439,1939,3,graduate
927178,1939,2,graduate
927178,1935,1,sibling_roster
927178,1940,2,sibling_roster
927178,1942,3,sibling_roster
927178,1945,4,sibling_roster
927178,1946,5,sibling_roster
927178,1950,6,sibling_roster
929501,1939,2,graduate
918931,1939,1,sibling_roster
918931,1943,2,sibling_roster
914999,1939,2,graduate
914999,1939,1,sibling_roster
914999,1940,2,sibling_roster
914999,1942,3,sibling_roster
909105,1938,3,graduate
909105,1933,1,sibling_roster
909105,1934,2,sibling_roster
909105,1939,3,sibling_roster
909105,1949,4,sibling_roster
909189,1939,2,graduate
909189,1937,1,sibling_roster
909189,1940,2,sibling_roster
909932,1940,1,sibling_roster
909932,1943,2,sibling_roster
910022,1939,1,sibling_roster
910022,1945,2,sibling_roster
922499,1940,1,sibling_roster
917056,1939,3,graduate
917056,1934,1,sibling_roster
917056,1936,2,sibling_roster
917056,1940,3,sibling_roster
920242,1939,2,graduate
920242,1938,1,sibling_roster
920242,1939,2,sibling_roster
920242,1942,3,sibling_roster
920242,1946,4,sibling_roster
920242,1948,5,sibling_roster
920242,1949,6,sibling_roster
920242,1952,7,sibling_roster
920242,1954,8,sibling_roster
920242,1955,9,sibling_roster
920242,1957,10,sibling_roster
920242,1959,11,sibling_roster
926490,1939,1,sibling_roster
912702,1940,1,sibling_roster
912702,1943,2,sibling_roster
912702,1944,3,sibling_roster
912702,1945,4,sibling_roster
912702,1948,5,sibling_roster
912702,1949,6,sibling_roster
912702,1951,7,sibling_roster
912702,1954,8,sibling_roster
912702,1956,9,sibling_roster
912702,1962,10,sibling_roster
931829,1938,3,graduate
931829,1934,1,sibling_roster
931829,1935,2,sibling_roster
931829,1939,3,sibling_roster
931829,1948,4,sibling_roster
912214,1939,4,graduate
912214,1906,1,sibling_roster
912214,1934,2,sibling_roster
912214,1938,3,sibling_roster
912214,1939,4,sibling_roster
913882,1939,3,graduate
913882,1921,1,sibling_roster
913882,1927,2,sibling_roster
913882,1940,3,sibling_roster
913882,1949,4,sibling_roster
906136,1939,1,sibling_roster
906136,1942,2,sibling_roster
906136,1945,3,sibling_roster
918252,1939,2,graduate
918252,1937,1,sibling_roster
918252,1940,2,sibling_roster
918252,1941,3,sibling_roster
918252,1945,4,sibling_roster
918252,1947,5,sibling_roster
918252,1950,6,sibling_roster
902576,1939,2,graduate
902576,1936,1,sibling_roster
902576,1940,2,sibling_roster
902576,1948,3,sibling_roster
902576,1953,4,sibling_roster
919431,1939,2,graduate
924695,1940,1,sibling_roster
924695,1945,2,sibling_roster
924695,1951,3,sibling_roster
924695,1957,4,sibling_roster
905243,1939,2,graduate
900847,1938,5,graduate
900847,1932,1,sibling_roster
900847,1933,2,sibling_roster
900847,1935,3,sibling_roster
900847,1936,4,sibling_roster
900847,1938,5,sibling_roster
900847,1942,6,sibling_roster
900847,1944,7,sibling_roster
900847,1946,8,sibling_roster
900847,1948,9,sibling_roster
900847,1951,10,sibling_roster
900847,1952,11,sibling_roster
900847,1953,12,sibling_roster
919736,1938,5,graduate
919736,1922,1,sibling_roster
919736,1924,2,sibling_roster
919736,1925,3,sibling_roster
919736,1927,4,sibling_roster
919736,1940,5,sibling_roster
906701,1939,2,graduate
906701,1938,1,sibling_roster
906701,1940,2,sibling_roster
906701,1942,3,sibling_roster
906701,1945,4,sibling_roster
906701,1947,5,sibling_roster
906701,1951,6,sibling_roster
906701,1954,7,sibling_roster
906701,1956,8,sibling_roster
906701,1960,9,sibling_roster
924839,1939,2,graduate
924839,1939,1,sibling_roster
924839,1948,2,sibling_roster
917631,1939,6,graduate
907859,1939,2,graduate
907859,1935,1,sibling_roster
907859,1940,2,sibling_roster
907859,1945,3,sibling_roster
920101,1937,2,graduate
909080,1938,2,graduate
909080,1937,1,sibling_roster
909080,1939,2,sibling_roster
909080,1941,3,sibling_roster
909080,1943,4,sibling_roster
909080,1945,5,sibling_roster
921168,1940,1,sibling_roster
921168,1942,2,sibling_roster
921168,1944,3,sibling_roster
911523,1939,2,graduate
911523,1936,1,sibling_roster
911523,1940,2,sibling_roster
903634,1940,1,sibling_roster
902421,1939,1,sibling_roster
902421,1943,2,sibling_roster
912863,1939,6,graduate
912863,1913,1,sibling_roster
912863,1914,2,sibling_roster
912863,1923,3,sibling_roster
912863,1928,4,sibling_roster
912863,1930,5,sibling_roster
912863,1940,6,sibling_roster
926188,1939,6,graduate
926188,1923,1,sibling_roster
926188,1925,2,sibling_roster
926188,1930,3,sibling_roster
926188,1931,4,sibling_roster
926188,1934,5,sibling_roster
926188,1940,6,sibling_roster
926598,1940,1,sibling_roster
926598,1943,2,sibling_roster
926598,1949,3,sibling_roster
926598,1950,4,sibling_roster
926598,1951,5,sibling_roster
926598,1956,6,sibling_roster
926598,1957,7,sibling_roster
926598,1959,8,sibling_roster
932175,1938,2,graduate
932175,1938,1,sibling_roster
932175,1939,2,sibling_roster
932175,1946,3,sibling_roster
919882,1939,2,graduate
919882,1939,1,sibling_roster
919882,1939,2,sibling_roster
919882,1942,3,sibling_roster
919882,1942,4,sibling_roster
919882,1944,5,sibling_roster
919882,1945,6,sibling_roster
906180,1938,2,graduate
906180,1925,1,sibling_roster
906180,1939,2,sibling_roster
900956,1939,1,sibling_roster
900956,1942,2,sibling_roster
900956,1944,3,sibling_roster
922738,1939,2,graduate
933312,1938,3,graduate
933312,1935,1,sibling_roster
933312,1937,2,sibling_roster
933312,1939,3,sibling_roster
920245,1939,6,graduate
920245,1931,1,sibling_roster
920245,1934,2,sibling_roster
920245,1936,3,sibling_roster
920245,1938,4,sibling_roster
920245,1939,5,sibling_roster
920245,1940,6,sibling_roster
920245,1941,7,sibling_roster
910784,1939,4,graduate
910784,1935,1,sibling_roster
910784,1938,2,sibling_roster
910784,1940,3,sibling_roster
910784,1944,4,sibling_roster
910784,1946,5,sibling_roster
910784,1952,6,sibling_roster
910784,1954,7,sibling_roster
910784,1954,8,sibling_roster
910784,1958,9,sibling_roster
908205,1940,1,sibling_roster
908205,1942,2,sibling_roster
912663,1940,1,sibling_roster
912663,1941,2,sibling_roster
912663,1942,3,sibling_roster
911585,1939,3,graduate
903608,1939,8,graduate
900147,1939,2,graduate
900147,1938,1,sibling_roster
900147,1940,2,sibling_roster
900147,1942,3,sibling_roster
900147,1945,4,sibling_roster
900147,1947,5,sibling_roster
900147,1956,6,sibling_roster
933218,1939,1,sibling_roster
933218,1941,2,sibling_roster
933218,1957,3,sibling_roster
928527,1939,8,graduate
928527,1916,1,sibling_roster
928527,1917,2,sibling_roster
928527,1920,3,sibling_roster
928527,1924,4,sibling_roster
928527,1928,5,sibling_roster
928527,1928,6,sibling_roster
928527,1929,7,sibling_roster
928527,1939,8,sibling_roster
910753,1939,3,graduate
910753,1933,1,sibling_roster
910753,1935,2,sibling_roster
910753,1939,3,sibling_roster
910753,1944,4,sibling_roster
920844,1939,1,sibling_roster
927062,1939,2,graduate
908472,1939,3,graduate
908472,1932,1,sibling_roster
908472,1939,2,sibling_roster
908472,1940,3,sibling_roster
908472,1940,4,sibling_roster
932319,1939,9,graduate
932319,1925,1,sibling_roster
932319,1927,2,sibling_roster
932319,1928,3,sibling_roster
932319,1929,4,sibling_roster
932319,1932,5,sibling_roster
932319,1933,6,sibling_roster
932319,1935,7,sibling_roster
932319,1937,8,sibling_roster
932319,1940,9,sibling_roster
932319,1941,10,sibling_roster
932319,1944,11,sibling_roster
927204,1939,4,graduate
927204,1923,1,sibling_roster
927204,1927,2,sibling_roster
927204,1940,3,sibling_roster
903955,1938,5,graduate
903955,1926,1,sibling_roster
903955,1928,2,sibling_roster
903955,1930,3,sibling_roster
903955,1933,4,sibling_roster
903955,1939,5,sibling_roster
903955,1942,6,sibling_roster
903955,1945,7,sibling_roster
903955,1950,8,sibling_roster
901048,1939,2,graduate
901048,1938,1,sibling_roster
901048,1939,2,sibling_roster
912303,1939,10,graduate
929786,1938,2,graduate
929786,1937,1,sibling_roster
929786,1939,2,sibling_roster
929786,1941,3,sibling_roster
907337,1939,1,sibling_roster
907337,1941,2,sibling_roster
907337,1944,3,sibling_roster
907337,1947,4,sibling_roster
907337,1949,5,sibling_roster
907337,1954,6,sibling_roster
907337,1958,7,sibling_roster
908098,1939,2,graduate
908098,1936,1,sibling_roster
908098,1939,2,sibling_roster
908098,1939,3,sibling_roster
908098,1942,4,sibling_roster
928862,1940,1,sibling_roster
906069,1939,2,graduate
906069,1930,1,sibling_roster
906069,1939,2,sibling_roster
921794,1939,2,graduate
921794,1938,1,sibling_roster
921794,1940,2,sibling_roster
921230,1939,2,graduate
921230,1924,1,sibling_roster
921230,1939,2,sibling_roster
921230,1944,3,sibling_roster
925791,1939,3,graduate
925791,1936,1,sibling_roster
925791,1940,2,sibling_roster
925791,1942,3,sibling_roster
914536,1940,1,sibling_roster
914536,1944,2,sibling_roster
914536,1950,3,sibling_roster
914536,1956,4,sibling_roster
922320,1940,1,sibling_roster
922320,1941,2,sibling_roster
922320,1945,3,sibling_roster
922320,1951,4,sibling_roster
917246,1938,2,graduate
911762,1939,1,sibling_roster
916427,1938,3,graduate
916427,1937,1,sibling_roster
916427,1938,2,sibling_roster
916427,1939,3,sibling_roster
916427,1940,4,sibling_roster
916427,1941,5,sibling_roster
902144,1939,1,sibling_roster
902144,1941,2,sibling_roster
902144,1944,3,sibling_roster
902144,1945,4,sibling_roster
902144,1951,5,sibling_roster
902144,1955,6,sibling_roster
919557,1939,2,graduate
901228,1940,1,sibling_roster
901228,1944,2,sibling_roster
910218,1940,4,graduate
910218,1924,1,sibling_roster
910218,1926,2,sibling_roster
910218,1928,3,sibling_roster
910218,1940,4,sibling_roster
910908,1938,2,graduate
900541,1940,1,sibling_roster
900541,1941,2,sibling_roster
900541,1948,3,sibling_roster
900541,1953,4,sibling_roster
900541,1959,5,sibling_roster
904167,1938,2,graduate
904167,1937,1,sibling_roster
904167,1939,2,sibling_roster
904167,1942,3,sibling_roster
904167,1944,4,sibling_roster
920053,1939,2,graduate
929983,1940,1,sibling_roster
933430,1939,2,graduate
933430,1934,1,sibling_roster
933430,1940,2,sibling_roster
933430,1944,3,sibling_roster
933430,1946,4,sibling_roster
933430,1947,5,sibling_roster
933430,1949,6,sibling_roster
907263,1938,3,graduate
907263,1931,1,sibling_roster
907263,1934,2,sibling_roster
907263,1939,3,sibling_roster
923184,1939,3,graduate
923184,1930,1,sibling_roster
923184,1931,2,sibling_roster
923184,1940,3,sibling_roster
923184,1943,4,sibling_roster
917237,1939,1,sibling_roster
917237,1941,2,sibling_roster
917237,1942,3,sibling_roster
917237,1947,4,sibling_roster
917237,1953,5,sibling_roster
904513,1939,5,graduate
904513,1932,1,sibling_roster
904513,1937,2,sibling_roster
904513,1939,3,sibling_roster
904513,1939,4,sibling_roster
904513,1940,5,sibling_roster
904513,1942,6,sibling_roster
904513,1943,7,sibling_roster
904513,1945,8,sibling_roster
904513,1947,9,sibling_roster
904513,1949,10,sibling_roster
904513,1955,11,sibling_roster
919490,1939,2,graduate
914462,1939,2,graduate
914462,1939,1,sibling_roster
914462,1963,2,sibling_roster
912043,1939,2,graduate
901292,1939,3,graduate
933024,1939,1,sibling_roster
933024,1942,2,sibling_roster
923515,1940,1,sibling_roster
923515,1943,2,sibling_roster
923515,1945,3,sibling_roster
923515,1946,4,sibling_roster
923515,1953,5,sibling_roster
923515,1961,6,sibling_roster
933197,1938,1,sibling_roster
933197,1941,2,sibling_roster
933197,1959,3,sibling_roster
918422,1939,3,graduate
918422,1935,1,sibling_roster
918422,1938,2,sibling_roster
918422,1940,3,sibling_roster
906820,1940,1,sibling_roster
906820,1943,2,sibling_roster
906820,1948,3,sibling_roster
900148,1939,2,graduate
930311,1939,4,graduate
930311,1929,1,sibling_roster
930311,1932,2,sibling_roster
930311,1936,3,sibling_roster
930311,1939,4,sibling_roster
933606,1939,5,graduate
933606,1933,1,sibling_roster
933606,1936,2,sibling_roster
933606,1938,3,sibling_roster
933606,1939,4,sibling_roster
933606,1940,5,sibling_roster
933606,1944,6,sibling_roster
933606,1945,7,sibling_roster
933606,1948,8,sibling_roster
933606,1950,9,sibling_roster
933606,1952,10,sibling_roster
933606,1954,11,sibling_roster
924300,1940,1,sibling_roster
924300,1944,2,sibling_roster
913728,1938,3,graduate
925728,1939,2,graduate
925728,1936,1,sibling_roster
925728,1940,2,sibling_roster
923361,1939,2,graduate
923361,1934,1,sibling_roster
923361,1939,2,sibling_roster
923361,1947,3,sibling_roster
917245,1938,5,graduate
917245,1929,1,sibling_roster
917245,1929,2,sibling_roster
917245,1934,3,sibling_roster
917245,1937,4,sibling_roster
917245,1938,5,sibling_roster
917245,1948,6,sibling_roster
927649,1939,3,graduate
927649,1933,1,sibling_roster
927649,1937,2,sibling_roster
927649,1939,3,sibling_roster
909805,1939,1,sibling_roster
909805,1949,2,sibling_roster
908933,1938,8,graduate
919763,1939,5,graduate
919763,1927,1,sibling_roster
919763,1931,2,sibling_roster
919763,1936,3,sibling_roster
919763,1940,4,sibling_roster
909101,1939,3,graduate
909101,1936,1,sibling_roster
909101,1938,2,sibling_roster
909101,1940,3,sibling_roster
909101,1942,4,sibling_roster
909101,1947,5,sibling_roster
906969,1938,7,graduate
906969,1928,1,sibling_roster
906969,1930,2,sibling_roster
906969,1936,5,sibling_roster
906969,1940,6,sibling_roster
930880,1940,1,sibling_roster
930880,1942,2,sibling_roster
930880,1946,3,sibling_roster
911768,1939,1,sibling_roster
911768,1942,2,sibling_roster
918194,1940,1,sibling_roster
932601,1939,2,graduate
932601,1937,1,sibling_roster
932601,1940,2,sibling_roster
924599,1939,5,graduate
924599,1933,1,sibling_roster
924599,1935,2,sibling_roster
924599,1937,3,sibling_roster
924599,1938,4,sibling_roster
924599,1940,5,sibling_roster
924599,1949,6,sibling_roster
926655,1939,9,graduate
918897,1939,5,graduate
904359,1939,2,graduate
904359,1937,1,sibling_roster
904359,1937,2,sibling_roster
904359,1940,3,sibling_roster
904359,1941,4,sibling_roster
904359,1946,5,sibling_roster
904359,1948,6,sibling_roster
904359,1948,7,sibling_roster
905242,1940,1,sibling_roster
905242,1942,2,sibling_roster
905242,1943,3,sibling_roster
905242,1947,4,sibling_roster
905242,1948,5,sibling_roster
905242,1950,6,sibling_roster
904697,1940,1,sibling_roster
904697,1941,2,sibling_roster
904697,1942,3,sibling_roster
904697,1945,4,sibling_roster
904697,1947,5,sibling_roster
933142,1938,2,graduate
933142,1939,1,sibling_roster
933142,1941,2,sibling_roster
925508,1939,1,sibling_roster
925508,1941,2,sibling_roster
925508,1943,3,sibling_roster
925508,1944,4,sibling_roster
925508,1947,5,sibling_roster
925508,1947,6,sibling_roster
925508,1949,7,sibling_roster
925508,1951,8,sibling_roster
925508,1953,9,sibling_roster
925508,1955,10,sibling_roster
912561,1939,3,graduate
912561,1936,1,sibling_roster
912561,1939,2,sibling_roster
912561,1940,3,sibling_roster
912561,1942,4,sibling_roster
912561,1944,5,sibling_roster
912561,1951,6,sibling_roster
901721,1938,6,graduate
908899,1939,2,graduate
908899,1938,1,sibling_roster
908899,1940,2,sibling_roster
908899,1941,3,sibling_roster
908899,1943,4,sibling_roster
908899,1944,5,sibling_roster
908899,1945,6,sibling_roster
908899,1947,7,sibling_roster
908899,1948,8,sibling_roster
908899,1949,9,sibling_roster
908899,1950,10,sibling_roster
908899,1952,11,sibling_roster
933774,1939,2,graduate
933774,1936,1,sibling_roster
933774,1939,2,sibling_roster
922201,1939,1,sibling_roster
922201,1941,2,sibling_roster
922201,1943,3,sibling_roster
922201,1947,4,sibling_roster
922201,1948,5,sibling_roster
922201,1953,6,sibling_roster
913921,1940,1,sibling_roster
913921,1947,2,sibling_roster
913921,1952,3,sibling_roster
913921,1953,4,sibling_roster
918065,1938,3,graduate
918065,1937,1,sibling_roster
918065,1939,2,sibling_roster
918065,1942,3,sibling_roster
918065,1943,4,sibling_roster
918065,1949,5,sibling_roster
918065,1953,6,sibling_roster
906275,1940,1,sibling_roster
926918,1939,2,graduate
909713,1937,8,graduate
909713,1923,1,sibling_roster
909713,1925,2,sibling_roster
909713,1928,3,sibling_roster
909713,1930,4,sibling_roster
909713,1932,5,sibling_roster
909713,1934,6,sibling_roster
909713,1938,7,sibling_roster
909713,1940,8,sibling_roster
909713,1943,9,sibling_roster
909713,1945,10,sibling_roster
909713,1947,11,sibling_roster
917632,1939,13,graduate
902249,1940,1,sibling_roster
902249,1944,2,sibling_roster
902249,1948,3,sibling_roster
933488,1940,3,graduate
933488,1933,1,sibling_roster
933488,1939,2,sibling_roster
933488,1941,3,sibling_roster
933488,1942,4,sibling_roster
913103,1939,2,graduate
913103,1934,1,sibling_roster
913103,1939,2,sibling_roster
913103,1949,3,sibling_roster
928172,1939,2,graduate
928172,1938,1,sibling_roster
928172,1939,2,sibling_roster
928172,1940,3,sibling_roster
928172,1944,4,sibling_roster
928172,1949,5,sibling_roster
928172,1952,6,sibling_roster
928172,1956,7,sibling_roster
922331,1939,7,graduate
922331,1914,1,sibling_roster
922331,1926,2,sibling_roster
922331,1929,3,sibling_roster
922331,1932,4,sibling_roster
922331,1933,5,sibling_roster
922331,1933,6,sibling_roster
922331,1940,7,sibling_roster
903851,1939,2,graduate
903851,1937,1,sibling_roster
903851,1940,2,sibling_roster
903851,1949,3,sibling_roster
921363,1939,2,graduate
921363,1936,1,sibling_roster
921363,1940,2,sibling_roster
911677,1939,12,graduate
911677,1912,1,sibling_roster
911677,1919,2,sibling_roster
911677,1919,3,sibling_roster
911677,1921,4,sibling_roster
911677,1928,5,sibling_roster
911677,1933,6,sibling_roster
911677,1935,7,sibling_roster
911677,1936,8,sibling_roster
911677,1937,9,sibling_roster
911677,1940,10,sibling_roster
900977,1939,9,graduate
900977,1908,1,sibling_roster
900977,1919,2,sibling_roster
900977,1920,3,sibling_roster
900977,1921,4,sibling_roster
900977,1925,5,sibling_roster
900977,1926,6,sibling_roster
900977,1930,7,sibling_roster
900977,1939,8,sibling_roster
916996,1939,10,graduate
916996,1908,1,sibling_roster
916996,1909,2,sibling_roster
916996,1910,3,sibling_roster
916996,1917,4,sibling_roster
916996,1918,5,sibling_roster
916996,1927,6,sibling_roster
916996,1931,7,sibling_roster
916996,1933,8,sibling_roster
916996,1935,9,sibling_roster
916996,1937,10,sibling_roster
916996,1939,11,sibling_roster
916996,1944,12,sibling_roster
928093,1940,3,graduate
928093,1932,1,sibling_roster
928093,1935,2,sibling_roster
928093,1940,3,sibling_roster
932125,1939,7,graduate
920735,1939,2,graduate
920735,1935,1,sibling_roster
920735,1939,2,sibling_roster
920735,1942,3,sibling_roster
920735,1943,4,sibling_roster
920735,1946,5,sibling_roster
920735,1951,6,sibling_roster
923401,1940,1,sibling_roster
923401,1941,2,sibling_roster
923401,1944,3,sibling_roster
923401,1946,4,sibling_roster
923401,1950,5,sibling_roster
920381,1940,1,sibling_roster
903941,1939,2,graduate
903941,1938,1,sibling_roster
903941,1940,2,sibling_roster
903941,1941,3,sibling_roster
903941,1942,4,sibling_roster
903941,1945,5,sibling_roster
903941,1946,6,sibling_roster
903941,1957,7,sibling_roster
932419,1939,4,graduate
932419,1926,1,sibling_roster
932419,1929,2,sibling_roster
932419,1940,3,sibling_roster
917635,1939,3,graduate
917635,1936,1,sibling_roster
917635,1937,2,sibling_roster
917635,1940,3,sibling_roster
917635,1945,4,sibling_roster
921572,1939,2,graduate
921572,1939,1,sibling_roster
921572,1940,2,sibling_roster
921572,1944,3,sibling_roster
921572,1959,4,sibling_roster
901358,1939,3,graduate
901358,1927,1,sibling_roster
901358,1929,2,sibling_roster
901358,1939,3,sibling_roster
924487,1940,1,sibling_roster
924487,1946,2,sibling_roster
924487,1947,3,sibling_roster
924487,1957,4,sibling_roster
920335,1939,1,sibling_roster
920894,1938,2,graduate
920894,1933,1,sibling_roster
920894,1939,2,sibling_roster
905016,1939,1,sibling_roster
929869,1939,2,graduate
930628,1939,3,graduate
930628,1937,1,sibling_roster
930628,1940,2,sibling_roster
930628,1940,3,sibling_roster
930628,1952,4,sibling_roster
930628,1955,5,sibling_roster
930628,1959,6,sibling_roster
916153,1939,6,graduate
916153,1913,1,sibling_roster
916153,1920,2,sibling_roster
916153,1923,3,sibling_roster
916153,1924,4,sibling_roster
916153,1926,5,sibling_roster
916153,1940,6,sibling_roster
904091,1938,2,graduate
925008,1939,1,sibling_roster
925008,1941,2,sibling_roster
933597,1939,2,graduate
903831,1940,2,graduate
910350,1939,1,sibling_roster
904155,1939,2,graduate
901501,1939,2,graduate
901501,1938,1,sibling_roster
901501,1940,2,sibling_roster
933564,1939,4,graduate
933564,1924,1,sibling_roster
933564,1929,2,sibling_roster
933564,1933,3,sibling_roster
933564,1940,4,sibling_roster
907831,1938,9,graduate
923693,1939,6,graduate
926753,1939,2,graduate
926753,1940,1,sibling_roster
926753,1946,2,sibling_roster
922007,1938,4,graduate
905441,1940,1,sibling_roster
905441,1941,2,sibling_roster
918170,1939,3,graduate
932704,1939,13,graduate
926327,1939,2,graduate
926327,1935,1,sibling_roster
926327,1940,2,sibling_roster
926327,1945,3,sibling_roster
920226,1939,2,graduate
920226,1939,1,sibling_roster
920226,1940,2,sibling_roster
920226,1940,3,sibling_roster
920226,1941,4,sibling_roster
920226,1950,5,sibling_roster
920226,1957,6,sibling_roster
924884,1940,1,sibling_roster
924884,1943,2,sibling_roster
926229,1940,1,sibling_roster
926360,1938,4,graduate
926360,1931,1,sibling_roster
926360,1934,2,sibling_roster
926360,1939,4,sibling_roster
926360,1941,5,sibling_roster
926360,1944,6,sibling_roster
926360,1944,7,sibling_roster
926360,1948,8,sibling_roster
909470,1940,1,sibling_roster
923897,1939,2,graduate
911006,1939,1,sibling_roster
911006,1946,2,sibling_roster
929289,1940,1,sibling_roster
929289,1944,2,sibling_roster
929289,1948,3,sibling_roster
916552,1938,4,graduate
916552,1925,1,sibling_roster
916552,1934,2,sibling_roster
916552,1939,3,sibling_roster
916552,1940,4,sibling_roster
907229,1939,8,graduate
907229,1913,1,sibling_roster
907229,1915,2,sibling_roster
907229,1918,3,sibling_roster
907229,1920,4,sibling_roster
907229,1922,5,sibling_roster
907229,1930,6,sibling_roster
907229,1937,7,sibling_roster
907229,1939,8,sibling_roster
913534,1939,2,graduate
913534,1937,1,sibling_roster
913534,1939,2,sibling_roster
913534,1942,3,sibling_roster
927689,1940,1,sibling_roster
927689,1942,2,sibling_roster
927689,1948,3,sibling_roster
927689,1949,4,sibling_roster
917024,1940,1,sibling_roster
917024,1945,2,sibling_roster
911566,1939,1,sibling_roster
923297,1939,1,sibling_roster
923297,1941,2,sibling_roster
923297,1945,3,sibling_roster
909702,1939,2,graduate
909702,1935,1,sibling_roster
909702,1939,2,sibling_roster
916272,1939,1,sibling_roster
915461,1939,2,graduate
915461,1937,1,sibling_roster
915461,1940,2,sibling_roster
915461,1948,3,sibling_roster
916544,1939,2,graduate
921808,1939,5,graduate
921808,1927,1,sibling_roster
921808,1928,2,sibling_roster
921808,1932,3,sibling_roster
921808,1935,4,sibling_roster
921808,1940,5,sibling_roster
929126,1940,1,sibling_roster
923540,1940,1,sibling_roster
923540,1944,2,sibling_roster
923540,1947,3,sibling_roster
926064,1939,6,graduate
925603,1939,1,sibling_roster
925603,1943,2,sibling_roster
925603,1944,3,sibling_roster
906461,1939,5,graduate
906461,1921,1,sibling_roster
906461,1923,2,sibling_roster
906461,1927,3,sibling_roster
906461,1929,4,sibling_roster
906461,1940,5,sibling_roster
928118,1939,4,graduate
928118,1929,1,sibling_roster
928118,1940,2,sibling_roster
928955,1938,4,graduate
900484,1939,4,graduate
900484,1927,1,sibling_roster
900484,1932,2,sibling_roster
900484,1935,3,sibling_roster
900484,1940,4,sibling_roster
900484,1942,5,sibling_roster
911448,1939,1,sibling_roster
911448,1945,2,sibling_roster
923348,1938,2,graduate
914733,1939,4,graduate
914733,1924,1,sibling_roster
914733,1928,2,sibling_roster
914733,1928,3,sibling_roster
914733,1939,4,sibling_roster
910381,1939,4,graduate
910381,1924,1,sibling_roster
910381,1927,2,sibling_roster
910381,1936,3,sibling_roster
910381,1939,4,sibling_roster
927882,1939,1,sibling_roster
927882,1946,2,sibling_roster
920445,1939,1,sibling_roster
920687,1939,2,graduate
920687,1937,1,sibling_roster
920687,1940,2,sibling_roster
931056,1939,5,graduate
931056,1933,1,sibling_roster
931056,1936,2,sibling_roster
931056,1937,3,sibling_roster
931056,1940,4,sibling_roster
905963,1938,4,graduate
912142,1939,1,sibling_roster
912142,1940,2,sibling_roster
912142,1942,3,sibling_roster
912142,1960,4,sibling_roster
909737,1934,1,sibling_roster
909737,1942,2,sibling_roster
909737,1946,3,sibling_roster
909737,1948,4,sibling_roster
909737,1949,5,sibling_roster
909737,1956,6,sibling_roster
928865,1939,2,graduate
928865,1933,1,sibling_roster
928865,1940,2,sibling_roster
912987,1939,3,graduate
912987,1936,1,sibling_roster
912987,1938,2,sibling_roster
912987,1940,3,sibling_roster
912987,1950,4,sibling_roster
912987,1954,5,sibling_roster
923647,1938,2,graduate
901421,1939,2,graduate
911385,1940,1,sibling_roster
911385,1944,2,sibling_roster
911385,1950,3,sibling_roster
915032,1938,5,graduate
910288,1939,1,sibling_roster
910288,1946,2,sibling_roster
916602,1939,3,graduate
916602,1937,1,sibling_roster
916602,1938,2,sibling_roster
916602,1940,3,sibling_roster
916602,1940,4,sibling_roster
916602,1941,5,sibling_roster
916602,1944,6,sibling_roster
916602,1947,7,sibling_roster
916602,1948,8,sibling_roster
916602,1949,9,sibling_roster
916602,1950,10,sibling_roster
916602,1952,11,sibling_roster
907894,1939,3,graduate
907894,1924,1,sibling_roster
907894,1924,2,sibling_roster
907894,1940,3,sibling_roster
909122,1939,1,sibling_roster
909122,1948,2,sibling_roster
909075,1939,2,graduate
909075,1938,1,sibling_roster
909075,1939,2,sibling_roster
913159,1939,2,graduate
913159,1937,1,sibling_roster
913159,1939,2,sibling_roster
929951,1938,3,graduate
929951,1938,2,sibling_roster
929951,1939,3,sibling_roster
929951,1942,4,sibling_roster
929951,1946,5,sibling_roster
929951,1948,6,sibling_roster
929951,1950,8,sibling_roster
929951,1953,9,sibling_roster
912939,1939,3,graduate
912939,1935,1,sibling_roster
912939,1937,2,sibling_roster
912939,1940,3,sibling_roster
912939,1946,4,sibling_roster
918492,1939,6,graduate
932026,1937,7,graduate
932026,1927,1,sibling_roster
932026,1930,2,sibling_roster
932026,1931,3,sibling_roster
932026,1933,4,sibling_roster
932026,1934,5,sibling_roster
932026,1935,6,sibling_roster
932026,1938,7,sibling_roster
932026,1938,8,sibling_roster
901499,1939,2,graduate
901499,1939,1,sibling_roster
901499,1940,2,sibling_roster
901499,1942,3,sibling_roster
901499,1951,4,sibling_roster
907126,1939,3,graduate
907126,1932,1,sibling_roster
907126,1936,2,sibling_roster
907126,1940,3,sibling_roster
932817,1938,2,graduate
922673,1940,1,sibling_roster
922673,1944,2,sibling_roster
921352,1940,1,sibling_roster
921352,1944,2,sibling_roster
921352,1950,3,sibling_roster
931940,1940,1,sibling_roster
921665,1940,1,sibling_roster
921665,1941,2,sibling_roster
921665,1948,3,sibling_roster
903392,1939,2,graduate
923923,1939,3,graduate
923923,1935,1,sibling_roster
923923,1937,2,sibling_roster
923923,1939,3,sibling_roster
925269,1938,2,graduate
925269,1933,1,sibling_roster
925269,1938,2,sibling_roster
925269,1948,3,sibling_roster
909040,1939,1,sibling_roster
933223,1939,2,graduate
932952,1940,2,graduate
932952,1940,1,sibling_roster
932952,1942,2,sibling_roster
932952,1957,3,sibling_roster
931991,1939,1,sibling_roster
931991,1945,2,sibling_roster
931991,1948,3,sibling_roster
911357,1939,4,graduate
911357,1930,1,sibling_roster
911357,1932,2,sibling_roster
911357,1934,3,sibling_roster
911357,1940,4,sibling_roster
912972,1940,1,sibling_roster
920187,1940,1,sibling_roster
920187,1944,2,sibling_roster
920187,1948,3,sibling_roster
920187,1951,4,sibling_roster
920187,1953,5,sibling_roster
920187,1954,6,sibling_roster
920187,1957,7,sibling_roster
923860,1940,4,graduate
923860,1937,1,sibling_roster
923860,1940,2,sibling_roster
923860,1943,3,sibling_roster
931405,1938,2,graduate
927739,1939,2,graduate
927739,1936,1,sibling_roster
927739,1940,2,sibling_roster
927739,1945,3,sibling_roster
927739,1949,4,sibling_roster
927739,1949,5,sibling_roster
903989,1939,2,graduate
903989,1930,1,sibling_roster
903989,1939,2,sibling_roster
903989,1940,3,sibling_roster
903989,1944,4,sibling_roster
926421,1939,3,graduate
926421,1935,1,sibling_roster
926421,1936,2,sibling_roster
926421,1939,3,sibling_roster
908074,1940,1,sibling_roster
908074,1946,2,sibling_roster
921329,1939,6,graduate
915980,1939,1,sibling_roster
915980,1942,2,sibling_roster
921966,1939,3,graduate
921966,1932,1,sibling_roster
921966,1935,2,sibling_roster
921966,1940,3,sibling_roster
921966,1945,4,sibling_roster
910225,1939,3,graduate
910225,1938,1,sibling_roster
910225,1939,2,sibling_roster
910225,1940,3,sibling_roster
910225,1942,4,sibling_roster
910225,1943,5,sibling_roster
910225,1944,6,sibling_roster
928206,1939,2,graduate
928206,1933,1,sibling_roster
928206,1940,2,sibling_roster
928206,1948,3,sibling_roster
928206,1954,4,sibling_roster
914001,1939,6,graduate
914001,1927,1,sibling_roster
914001,1930,2,sibling_roster
914001,1931,3,sibling_roster
914001,1937,4,sibling_roster
914001,1940,5,sibling_roster
914001,1941,6,sibling_roster
914001,1944,7,sibling_roster
922657,1939,4,graduate
922657,1932,1,sibling_roster
922657,1935,2,sibling_roster
922657,1937,3,sibling_roster
922657,1940,4,sibling_roster
922657,1940,5,sibling_roster
922657,1942,6,sibling_roster
922657,1945,7,sibling_roster
922657,1947,8,sibling_roster
911900,1939,1,sibling_roster
911900,1942,2,sibling_roster
911900,1947,3,sibling_roster
931881,1939,3,graduate
931881,1934,1,sibling_roster
931881,1935,2,sibling_roster
931881,1939,3,sibling_roster
931881,1947,4,sibling_roster
931881,1955,5,sibling_roster
910974,1939,1,sibling_roster
910974,1941,2,sibling_roster
910974,1944,3,sibling_roster
918396,1938,3,graduate
918396,1936,1,sibling_roster
918396,1937,2,sibling_roster
918396,1939,3,sibling_roster
918396,1943,4,sibling_roster
932357,1939,2,graduate
932357,1938,1,sibling_roster
932357,1940,2,sibling_roster
932357,1945,3,sibling_roster
920049,1939,3,graduate
920049,1936,1,sibling_roster
920049,1937,2,sibling_roster
920049,1940,3,sibling_roster
920049,1942,4,sibling_roster
920049,1952,5,sibling_roster
905152,1940,1,sibling_roster
905152,1945,2,sibling_roster
908266,1939,4,graduate
922080,1939,2,graduate
922080,1935,1,sibling_roster
922080,1940,2,sibling_roster
922080,1947,3,sibling_roster
922080,1952,4,sibling_roster
922080,1957,5,sibling_roster
924554,1939,2,graduate
924554,1935,1,sibling_roster
924554,1939,2,sibling_roster
921850,1940,1,sibling_roster
921850,1942,2,sibling_roster
921850,1947,3,sibling_roster
921850,1950,4,sibling_roster
914860,1939,3,graduate
914860,1935,1,sibling_roster
914860,1937,2,sibling_roster
914860,1940,3,sibling_roster
914860,1943,4,sibling_roster
930741,1940,1,sibling_roster
930741,1946,2,sibling_roster
930741,1947,3,sibling_roster
930741,1948,4,sibling_roster
930741,1956,5,sibling_roster
910199,1940,1,sibling_roster
910199,1941,2,sibling_roster
919128,1940,1,sibling_roster
919128,1945,2,sibling_roster
919128,1950,3,sibling_roster
908587,1940,1,sibling_roster
908587,1941,2,sibling_roster
908587,1942,3,sibling_roster
908587,1946,4,sibling_roster
901966,1939,2,graduate
912765,1940,1,sibling_roster
912765,1947,2,sibling_roster
924882,1939,5,graduate
906160,1939,2,graduate
906160,1933,1,sibling_roster
906160,1940,2,sibling_roster
921567,1939,2,graduate
921567,1938,1,sibling_roster
921567,1940,2,sibling_roster
921567,1942,3,sibling_roster
919288,1938,1,sibling_roster
919288,1939,2,sibling_roster
919288,1945,3,sibling_roster
919288,1955,4,sibling_roster
913464,1939,2,graduate
913464,1936,1,sibling_roster
913464,1940,2,sibling_roster
902270,1938,2,graduate
902270,1929,1,sibling_roster
902270,1939,2,sibling_roster
902270,1944,3,sibling_roster
927476,1940,1,sibling_roster
927476,1943,2,sibling_roster
927476,1965,3,sibling_roster
927476,1965,4,sibling_roster
900275,1939,1,sibling_roster
900275,1945,2,sibling_roster
900275,1947,3,sibling_roster
932107,1939,4,graduate
932107,1928,1,sibling_roster
932107,1932,2,sibling_roster
932107,1936,3,sibling_roster
932107,1940,4,sibling_roster
932107,1943,5,sibling_roster
909646,1940,1,sibling_roster
909646,1945,2,sibling_roster
902682,1940,1,sibling_roster
902682,1942,2,sibling_roster
902682,1951,3,sibling_roster
902682,1952,4,sibling_roster
908722,1939,1,sibling_roster
908722,1942,2,sibling_roster
901927,1940,1,sibling_roster
901927,1943,2,sibling_roster
901927,1946,3,sibling_roster
901927,1955,4,sibling_roster
923372,1939,1,sibling_roster
923372,1945,2,sibling_roster
907920,1940,1,sibling_roster
907920,1941,2,sibling_roster
907920,1945,3,sibling_roster
931736,1938,3,graduate
931736,1932,1,sibling_roster
931736,1939,2,sibling_roster
931736,1940,3,sibling_roster
931736,1950,4,sibling_roster
919704,1939,2,graduate
919704,1937,1,sibling_roster
919704,1940,2,sibling_roster
919704,1942,3,sibling_roster
909734,1940,1,sibling_roster
913297,1939,1,sibling_roster
923292,1939,2,graduate
923292,1940,1,sibling_roster
923292,1942,2,sibling_roster
923292,1948,3,sibling_roster
916354,1939,3,graduate
909945,1939,2,graduate
902736,1939,6,graduate
902736,1922,1,sibling_roster
902736,1924,2,sibling_roster
902736,1929,3,sibling_roster
902736,1931,4,sibling_roster
902736,1940,5,sibling_roster
926328,1939,2,graduate
926328,1940,1,sibling_roster
926328,1942,2,sibling_roster
926328,1944,3,sibling_roster
926328,1946,4,sibling_roster
924033,1939,1,sibling_roster
924033,1947,2,sibling_roster
901510,1939,1,sibling_roster
902498,1940,1,sibling_roster
902498,1942,2,sibling_roster
911324,1940,1,sibling_roster
911324,1942,2,sibling_roster
911324,1955,3,sibling_roster
911324,1962,4,sibling_roster
915958,1939,2,graduate
928038,1938,3,graduate
928038,1935,1,sibling_roster
928038,1937,2,sibling_roster
928038,1939,3,sibling_roster
924870,1939,1,sibling_roster
924870,1943,2,sibling_roster
901589,1937,2,graduate
901589,1934,1,sibling_roster
901589,1938,2,sibling_roster
901589,1942,3,sibling_roster
906078,1939,2,graduate
906078,1931,1,sibling_roster
906078,1939,2,sibling_roster
931411,1939,3,graduate
931411,1935,1,sibling_roster
931411,1937,2,sibling_roster
931411,1940,3,sibling_roster
931411,1942,4,sibling_roster
904946,1939,2,graduate
904946,1935,1,sibling_roster
904946,1940,2,sibling_roster
907645,1939,2,graduate
919709,1940,1,sibling_roster
919709,1946,2,sibling_roster
919709,1950,3,sibling_roster
911563,1939,1,sibling_roster
911563,1942,2,sibling_roster
911563,1945,3,sibling_roster
916579,1939,2,graduate
916579,1938,1,sibling_roster
916579,1939,2,sibling_roster
916579,1942,3,sibling_roster
916579,1947,4,sibling_roster
916579,1951,5,sibling_roster
916579,1952,6,sibling_roster
916579,1955,7,sibling_roster
916579,1959,8,sibling_roster
906949,1939,2,graduate
931980,1939,4,graduate
931980,1932,1,sibling_roster
931980,1935,2,sibling_roster
931980,1935,3,sibling_roster
931980,1939,4,sibling_roster
931980,1943,5,sibling_roster
917535,1939,2,graduate
917535,1939,1,sibling_roster
917535,1940,2,sibling_roster
922249,1938,9,graduate
922249,1925,1,sibling_roster
922249,1927,2,sibling_roster
922249,1929,3,sibling_roster
922249,1930,4,sibling_roster
922249,1933,5,sibling_roster
922249,1935,6,sibling_roster
922249,1937,7,sibling_roster
922249,1939,8,sibling_roster
922249,1941,9,sibling_roster
921281,1939,2,graduate
921281,1938,1,sibling_roster
921281,1939,2,sibling_roster
921281,1944,3,sibling_roster
920785,1939,5,graduate
920785,1929,1,sibling_roster
920785,1930,2,sibling_roster
920785,1933,3,sibling_roster
920785,1937,4,sibling_roster
920785,1940,5,sibling_roster
920785,1947,6,sibling_roster
900361,1939,2,graduate
904627,1940,1,sibling_roster
931542,1939,5,graduate
916434,1939,2,graduate
916434,1938,1,sibling_roster
916434,1940,2,sibling_roster
916434,1945,3,sibling_roster
910015,1939,2,graduate
903559,1939,2,graduate
903559,1937,1,sibling_roster
903559,1937,2,sibling_roster
903559,1940,3,sibling_roster
903559,1945,4,sibling_roster
903559,1950,5,sibling_roster
914547,1940,1,sibling_roster
914547,1942,2,sibling_roster
914547,1947,3,sibling_roster
929531,1939,6,graduate
914806,1940,1,sibling_roster
918336,1939,2,graduate
918336,1936,1,sibling_roster
918336,1940,2,sibling_roster
918336,1943,3,sibling_roster
904796,1940,1,sibling_roster
904796,1942,2,sibling_roster
924254,1939,2,graduate
924254,1930,1,sibling_roster
924254,1940,2,sibling_roster
924254,1948,3,sibling_roster
930185,1939,3,graduate
918257,1940,1,sibling_roster
918257,1945,2,sibling_roster
924220,1939,2,graduate
916093,1940,1,sibling_roster
916093,1942,2,sibling_roster
916093,1943,3,sibling_roster
916093,1945,4,sibling_roster
916093,1946,5,sibling_roster
916093,1949,6,sibling_roster
916093,1956,7,sibling_roster
915416,1939,3,graduate
915416,1936,1,sibling_roster
915416,1938,2,sibling_roster
915416,1940,3,sibling_roster
915416,1941,4,sibling_roster
906937,1938,3,graduate
903203,1939,3,graduate
903203,1940,2,sibling_roster
903203,1940,3,sibling_roster
905881,1940,1,sibling_roster
905881,1948,2,sibling_roster
923007,1940,1,sibling_roster
923007,1947,2,sibling_roster
919141,1939,1,sibling_roster
913748,1938,2,graduate
928872,1940,1,sibling_roster
928872,1944,2,sibling_roster
928872,1951,3,sibling_roster
923250,1940,2,graduate
923250,1935,1,sibling_roster
923250,1940,2,sibling_roster
908676,1939,6,graduate
908676,1928,1,sibling_roster
908676,1930,2,sibling_roster
908676,1930,3,sibling_roster
908676,1933,4,sibling_roster
908676,1936,5,sibling_roster
908676,1939,6,sibling_roster
908676,1943,7,sibling_roster
910518,1939,2,graduate
910518,1935,1,sibling_roster
910518,1939,2,sibling_roster
911725,1940,1,sibling_roster
922455,1939,2,graduate
922455,1936,1,sibling_roster
922455,1940,2,sibling_roster
922455,1948,3,sibling_roster
922455,1950,4,sibling_roster
922455,1957,5,sibling_roster
920906,1939,3,graduate
901035,1939,8,graduate
906113,1939,2,graduate
906113,1936,1,sibling_roster
906113,1940,2,sibling_roster
906113,1944,3,sibling_roster
906113,1945,4,sibling_roster
906113,1946,5,sibling_roster
916610,1939,2,graduate
916610,1933,1,sibling_roster
916610,1940,2,sibling_roster
925885,1939,2,graduate
925885,1929,1,sibling_roster
925885,1940,2,sibling_roster
907244,1939,3,graduate
907244,1932,1,sibling_roster
907244,1937,2,sibling_roster
907244,1940,3,sibling_roster
907244,1942,4,sibling_roster
907244,1946,5,sibling_roster
907244,1951,6,sibling_roster
907244,1952,7,sibling_roster
907244,1954,8,sibling_roster
913727,1938,6,graduate
913727,1918,1,sibling_roster
913727,1919,2,sibling_roster
913727,1937,3,sibling_roster
913727,1937,4,sibling_roster
913727,1939,5,sibling_roster
921095,1939,2,graduate
921095,1936,1,sibling_roster
921095,1940,2,sibling_roster
921095,1947,3,sibling_roster
918368,1939,2,graduate
918368,1934,1,sibling_roster
918368,1940,2,sibling_roster
918368,1944,3,sibling_roster
912543,1939,2,graduate
903184,1939,2,graduate
903184,1935,1,sibling_roster
903184,1940,2,sibling_roster
919683,1939,6,graduate
919683,1930,1,sibling_roster
919683,1931,2,sibling_roster
919683,1933,3,sibling_roster
919683,1935,4,sibling_roster
919683,1937,5,sibling_roster
919683,1940,6,sibling_roster
919683,1944,7,sibling_roster
929282,1939,2,graduate
929282,1936,1,sibling_roster
929282,1940,2,sibling_roster
929282,1943,3,sibling_roster
932310,1940,5,graduate
932310,1931,1,sibling_roster
932310,1933,2,sibling_roster
932310,1935,3,sibling_roster
932310,1937,4,sibling_roster
932310,1940,5,sibling_roster
932310,1944,6,sibling_roster
914033,1940,1,sibling_roster
914033,1942,2,sibling_roster
914033,1945,3,sibling_roster
922973,1939,2,graduate
922973,1938,1,sibling_roster
922973,1940,2,sibling_roster
922973,1947,3,sibling_roster
932894,1939,4,graduate
932894,1925,1,sibling_roster
932894,1927,2,sibling_roster
932894,1934,3,sibling_roster
932894,1940,4,sibling_roster
909458,1939,9,graduate
909458,1922,1,sibling_roster
909458,1924,2,sibling_roster
909458,1925,3,sibling_roster
909458,1926,4,sibling_roster
909458,1928,5,sibling_roster
909458,1931,6,sibling_roster
909458,1934,7,sibling_roster
909458,1938,8,sibling_roster
909458,1940,9,sibling_roster
930969,1939,2,graduate
930969,1936,1,sibling_roster
930969,1939,2,sibling_roster
930075,1939,3,graduate
930075,1933,1,sibling_roster
930075,1936,2,sibling_roster
930075,1940,3,sibling_roster
930075,1949,4,sibling_roster
904509,1940,1,sibling_roster
904509,1942,2,sibling_roster
909031,1939,1,sibling_roster
909031,1957,2,sibling_roster
911624,1939,1,sibling_roster
910082,1939,3,graduate
913200,1939,1,sibling_roster
913200,1943,2,sibling_roster
913200,1944,3,sibling_roster
919386,1940,1,sibling_roster
919386,1942,2,sibling_roster
909156,1940,2,graduate
919036,1939,13,graduate
919036,1916,1,sibling_roster
919036,1921,3,sibling_roster
919036,1924,4,sibling_roster
919036,1926,5,sibling_roster
919036,1928,6,sibling_roster
919036,1930,7,sibling_roster
919036,1932,8,sibling_roster
919036,1935,9,sibling_roster
919036,1937,10,sibling_roster
919036,1940,11,sibling_roster
924066,1938,5,graduate
919153,1939,2,graduate
919153,1938,1,sibling_roster
919153,1940,2,sibling_roster
911467,1939,2,graduate
911467,1936,1,sibling_roster
911467,1940,2,sibling_roster
911467,1949,3,sibling_roster
911467,1953,4,sibling_roster
914058,1940,1,sibling_roster
914058,1944,2,sibling_roster
914058,1948,3,sibling_roster
914058,1951,4,sibling_roster
926680,1940,1,sibling_roster
926680,1944,2,sibling_roster
911196,1939,2,graduate
911196,1929,1,sibling_roster
911196,1940,2,sibling_roster
929686,1939,2,graduate
929686,1936,1,sibling_roster
929686,1939,2,sibling_roster
924085,1932,1,sibling_roster
924085,1939,2,sibling_roster
900966,1940,2,graduate
900966,1937,1,sibling_roster
900966,1940,2,sibling_roster
906401,1939,6,graduate
907872,1939,2,graduate
907872,1935,1,sibling_roster
907872,1939,2,sibling_roster
932873,1940,1,sibling_roster
932873,1940,2,sibling_roster
932873,1943,3,sibling_roster
932873,1950,4,sibling_roster
932873,1953,5,sibling_roster
933170,1940,1,sibling_roster
933170,1942,2,sibling_roster
933170,1945,3,sibling_roster
933170,1946,4,sibling_roster
933170,1949,5,sibling_roster
927494,1939,5,graduate
927494,1925,1,sibling_roster
927494,1926,2,sibling_roster
927494,1927,3,sibling_roster
927494,1937,4,sibling_roster
927494,1940,5,sibling_roster
923775,1938,2,graduate
921602,1939,5,graduate
921602,1931,1,sibling_roster
921602,1935,2,sibling_roster
921602,1936,3,sibling_roster
921602,1939,4,sibling_roster
921602,1940,5,sibling_roster
921602,1948,6,sibling_roster
928150,1939,8,graduate
928150,1921,1,sibling_roster
928150,1928,2,sibling_roster
928150,1931,3,sibling_roster
928150,1932,4,sibling_roster
928150,1938,5,sibling_roster
928150,1939,6,sibling_roster
928150,1940,7,sibling_roster
928150,1944,8,sibling_roster
920198,1940,6,graduate
920198,1923,1,sibling_roster
920198,1928,2,sibling_roster
920198,1930,3,sibling_roster
920198,1935,4,sibling_roster
920198,1937,5,sibling_roster
920198,1940,6,sibling_roster
920198,1942,7,sibling_roster
920198,1942,8,sibling_roster
932969,1938,5,graduate
932969,1933,1,sibling_roster
932969,1935,2,sibling_roster
932969,1936,3,sibling_roster
932969,1937,4,sibling_roster
932969,1939,5,sibling_roster
932969,1941,6,sibling_roster
931393,1940,4,graduate
931393,1928,1,sibling_roster
931393,1930,2,sibling_roster
931393,1932,3,sibling_roster
931393,1940,4,sibling_roster
931393,1945,5,sibling_roster
909538,1939,4,graduate
909538,1934,1,sibling_roster
909538,1937,2,sibling_roster
909538,1939,3,sibling_roster
909538,1940,4,sibling_roster
909538,1952,5,sibling_roster
917061,1940,1,sibling_roster
917061,1950,2,sibling_roster
931024,1939,12,graduate
931024,1917,1,sibling_roster
931024,1921,2,sibling_roster
931024,1922,3,sibling_roster
931024,1926,4,sibling_roster
931024,1928,5,sibling_roster
931024,1929,6,sibling_roster
931024,1930,7,sibling_roster
931024,1932,8,sibling_roster
931024,1935,9,sibling_roster
931024,1938,10,sibling_roster
931024,1939,11,sibling_roster
931024,1939,12,sibling_roster
920321,1940,1,sibling_roster
920321,1944,2,sibling_roster
920321,1949,3,sibling_roster
911652,1939,2,graduate
911652,1936,1,sibling_roster
911652,1939,2,sibling_roster
911652,1944,3,sibling_roster
911652,1945,4,sibling_roster
900347,1939,2,graduate
929839,1940,1,sibling_roster
929839,1941,2,sibling_roster
929839,1945,3,sibling_roster
929839,1947,4,sibling_roster
933104,1939,3,graduate
933104,1938,1,sibling_roster
933104,1939,2,sibling_roster
933104,1940,3,sibling_roster
933104,1941,4,sibling_roster
933104,1943,5,sibling_roster
933104,1945,6,sibling_roster
933104,1947,7,sibling_roster
933104,1949,8,sibling_roster
933104,1950,9,sibling_roster
933104,1951,10,sibling_roster
933104,1953,11,sibling_roster
933840,1939,2,graduate
933840,1928,1,sibling_roster
933840,1940,2,sibling_roster
928402,1939,2,graduate
928402,1936,1,sibling_roster
928402,1940,2,sibling_roster
928402,1943,3,sibling_roster
928402,1944,4,sibling_roster
928402,1952,5,sibling_roster
928402,1958,6,sibling_roster
916307,1940,1,sibling_roster
916307,1942,2,sibling_roster
916307,1945,3,sibling_roster
916307,1945,4,sibling_roster
909723,1939,2,graduate
909723,1935,1,sibling_roster
909723,1940,2,sibling_roster
909723,1941,3,sibling_roster
909723,1946,4,sibling_roster
927907,1939,6,graduate
927907,1932,1,sibling_roster
927907,1932,2,sibling_roster
927907,1934,3,sibling_roster
927907,1936,4,sibling_roster
927907,1936,5,sibling_roster
927907,1939,6,sibling_roster
927907,1941,7,sibling_roster
927907,1942,8,sibling_roster
927907,1944,9,sibling_roster
927907,1946,10,sibling_roster
927907,1948,11,sibling_roster
920860,1938,5,graduate
908193,1938,2,graduate
908193,1937,1,sibling_roster
908193,1939,2,sibling_roster
908193,1941,3,sibling_roster
908193,1942,4,sibling_roster
908193,1946,5,sibling_roster
908193,1949,6,sibling_roster
907436,1939,1,sibling_roster
907436,1945,2,sibling_roster
916194,1939,1,sibling_roster
910234,1940,1,sibling_roster
910234,1941,2,sibling_roster
910234,1945,3,sibling_roster
910234,1947,4,sibling_roster
910234,1952,5,sibling_roster
910234,1955,6,sibling_roster
919526,1939,3,graduate
919526,1923,1,sibling_roster
919526,1931,2,sibling_roster
919526,1940,3,sibling_roster
921205,1939,2,graduate
921205,1938,1,sibling_roster
921205,1940,2,sibling_roster
921205,1948,3,sibling_roster
925905,1938,7,graduate
927467,1940,1,sibling_roster
927467,1942,2,sibling_roster
903256,1938,7,graduate
903256,1929,1,sibling_roster
903256,1930,2,sibling_roster
903256,1931,3,sibling_roster
903256,1932,4,sibling_roster
903256,1936,5,sibling_roster
903256,1938,6,sibling_roster
903256,1939,7,sibling_roster
903256,1946,8,sibling_roster
924515,1939,2,graduate
924515,1938,1,sibling_roster
924515,1939,2,sibling_roster
919834,1939,1,sibling_roster
919834,1941,2,sibling_roster
919834,1944,3,sibling_roster
919834,1946,4,sibling_roster
919834,1950,5,sibling_roster
908888,1939,4,graduate
908888,1932,1,sibling_roster
908888,1934,2,sibling_roster
908888,1936,3,sibling_roster
908888,1939,4,sibling_roster
910038,1939,3,graduate
910038,1930,1,sibling_roster
910038,1935,2,sibling_roster
910038,1940,3,sibling_roster
902476,1939,4,graduate
902476,1925,1,sibling_roster
902476,1928,2,sibling_roster
902476,1934,3,sibling_roster
902476,1940,4,sibling_roster
923126,1939,3,graduate
923126,1935,1,sibling_roster
923126,1937,2,sibling_roster
923126,1940,3,sibling_roster
923126,1944,4,sibling_roster
905990,1939,1,sibling_roster
905990,1942,2,sibling_roster
905990,1953,3,sibling_roster
902784,1939,2,graduate
902784,1939,1,sibling_roster
902784,1952,2,sibling_roster
910670,1937,5,graduate
906521,1938,8,graduate
906521,1926,1,sibling_roster
906521,1927,2,sibling_roster
906521,1928,3,sibling_roster
906521,1929,4,sibling_roster
906521,1931,5,sibling_roster
906521,1933,6,sibling_roster
906521,1935,7,sibling_roster
906521,1938,8,sibling_roster
921058,1938,4,graduate
921058,1921,1,sibling_roster
921058,1923,2,sibling_roster
921058,1925,3,sibling_roster
921058,1938,4,sibling_roster
913368,1937,3,graduate
913368,1927,1,sibling_roster
913368,1933,2,sibling_roster
913368,1938,3,sibling_roster
911339,1938,1,sibling_roster
911339,1941,2,sibling_roster
911339,1943,3,sibling_roster
911339,1952,4,sibling_roster
906222,1939,2,graduate
906222,1937,1,sibling_roster
906222,1939,2,sibling_roster
906222,1940,3,sibling_roster
906222,1946,4,sibling_roster
926865,1939,4,graduate
926865,1930,1,sibling_roster
926865,1932,2,sibling_roster
926865,1935,3,sibling_roster
926865,1939,4,sibling_roster
913409,1939,2,graduate
913409,1936,1,sibling_roster
913409,1939,2,sibling_roster
913409,1940,3,sibling_roster
913409,1947,4,sibling_roster
902596,1939,3,graduate
906351,1938,3,graduate
911960,1937,2,graduate
911960,1936,1,sibling_roster
911960,1938,2,sibling_roster
911960,1939,3,sibling_roster
911960,1940,4,sibling_roster
911960,1942,5,sibling_roster
911960,1943,6,sibling_roster
911960,1952,7,sibling_roster
911960,1956,8,sibling_roster
916999,1939,3,graduate
916999,1928,1,sibling_roster
916999,1931,2,sibling_roster
916999,1939,3,sibling_roster
910817,1939,1,sibling_roster
910817,1946,2,sibling_roster
910817,1948,3,sibling_roster
910817,1952,4,sibling_roster
910552,1940,1,sibling_roster
910552,1942,2,sibling_roster
910552,1947,3,sibling_roster
910552,1947,4,sibling_roster
914157,1939,2,graduate
914157,1938,1,sibling_roster
914157,1939,2,sibling_roster
914157,1941,3,sibling_roster
914348,1938,7,graduate
914348,1922,1,sibling_roster
914348,1926,2,sibling_roster
914348,1928,3,sibling_roster
914348,1932,4,sibling_roster
914348,1934,5,sibling_roster
914348,1936,6,sibling_roster
914348,1939,7,sibling_roster
933446,1939,2,graduate
933446,1936,1,sibling_roster
933446,1940,2,sibling_roster
933446,1941,3,sibling_roster
933446,1947,4,sibling_roster
933446,1949,5,sibling_roster
906752,1940,1,sibling_roster
906752,1942,2,sibling_roster
906752,1946,3,sibling_roster
922039,1939,10,graduate
922039,1922,1,sibling_roster
922039,1923,2,sibling_roster
922039,1926,3,sibling_roster
922039,1928,4,sibling_roster
922039,1931,5,sibling_roster
922039,1932,6,sibling_roster
922039,1933,7,sibling_roster
922039,1934,8,sibling_roster
922039,1935,9,sibling_roster
922039,1940,10,sibling_roster
922039,1940,11,sibling_roster
922039,1945,12,sibling_roster
931088,1939,2,graduate
931088,1937,1,sibling_roster
931088,1940,2,sibling_roster
931088,1943,3,sibling_roster
931088,1944,4,sibling_roster
919688,1938,2,graduate
912273,1939,3,graduate
924890,1939,3,graduate
924890,1919,1,sibling_roster
924890,1940,2,sibling_roster
933528,1939,1,sibling_roster
932273,1939,3,graduate
932273,1935,1,sibling_roster
932273,1937,2,sibling_roster
932273,1940,3,sibling_roster
932273,1941,4,sibling_roster
932273,1945,5,sibling_roster
913578,1939,4,graduate
913578,1933,1,sibling_roster
913578,1935,2,sibling_roster
913578,1938,3,sibling_roster
913578,1940,4,sibling_roster
913578,1942,5,sibling_roster
913578,1950,6,sibling_roster
918671,1939,1,sibling_roster
918671,1941,2,sibling_roster
920535,1940,1,sibling_roster
920535,1941,2,sibling_roster
915644,1939,2,graduate
903335,1940,1,sibling_roster
903335,1942,2,sibling_roster
910485,1939,2,graduate
910485,1938,1,sibling_roster
910485,1940,2,sibling_roster
910485,1941,3,sibling_roster
910485,1946,4,sibling_roster
910485,1950,5,sibling_roster
902717,1939,4,graduate
902717,1932,1,sibling_roster
902717,1934,2,sibling_roster
902717,1935,3,sibling_roster
902717,1940,4,sibling_roster
903717,1940,1,sibling_roster
906380,1939,4,graduate
906380,1930,1,sibling_roster
906380,1931,2,sibling_roster
906380,1933,3,sibling_roster
906380,1940,4,sibling_roster
906380,1948,5,sibling_roster
919652,1939,1,sibling_roster
919652,1941,2,sibling_roster
919652,1947,3,sibling_roster
905733,1939,3,graduate
905733,1930,1,sibling_roster
905733,1930,2,sibling_roster
905733,1940,3,sibling_roster
905733,1945,4,sibling_roster
919103,1938,3,graduate
904188,1940,1,sibling_roster
904188,1944,2,sibling_roster
904188,1944,3,sibling_roster
904188,1945,4,sibling_roster
904188,1949,5,sibling_roster
904188,1954,6,sibling_roster
904188,1963,7,sibling_roster
904188,1964,8,sibling_roster
919672,1939,7,graduate
919672,1935,2,sibling_roster
919672,1937,3,sibling_roster
919672,1938,4,sibling_roster
919672,1939,5,sibling_roster
919672,1940,6,sibling_roster
919672,1944,7,sibling_roster
905031,1939,1,sibling_roster
905031,1953,2,sibling_roster
905031,1955,3,sibling_roster
905031,1956,4,sibling_roster
905031,1958,5,sibling_roster
928565,1939,6,graduate
920047,1940,1,sibling_roster
912636,1939,1,sibling_roster
912636,1942,2,sibling_roster
912636,1944,3,sibling_roster
912636,1947,4,sibling_roster
912636,1950,5,sibling_roster
912636,1952,6,sibling_roster
912636,1954,7,sibling_roster
912636,1957,8,sibling_roster
913462,1940,1,sibling_roster
913462,1950,2,sibling_roster
913462,1950,3,sibling_roster
913462,1951,4,sibling_roster
913462,1956,5,sibling_roster
913462,1957,6,sibling_roster
913462,1958,7,sibling_roster
925675,1939,4,graduate
925675,1933,1,sibling_roster
925675,1935,2,sibling_roster
925675,1938,3,sibling_roster
925675,1940,4,sibling_roster
925675,1941,5,sibling_roster
926758,1939,2,graduate
917298,1939,2,graduate
917298,1936,1,sibling_roster
917298,1939,2,sibling_roster
917298,1943,3,sibling_roster
917298,1945,4,sibling_roster
917298,1947,5,sibling_roster
917298,1948,6,sibling_roster
917298,1950,7,sibling_roster
917298,1953,8,sibling_roster
917298,1956,9,sibling_roster
917298,1958,10,sibling_roster
917298,1962,11,sibling_roster
920060,1939,2,graduate
920060,1933,1,sibling_roster
920060,1940,2,sibling_roster
916652,1939,4,graduate
916652,1935,1,sibling_roster
916652,1936,2,sibling_roster
916652,1938,3,sibling_roster
916652,1940,4,sibling_roster
916652,1942,5,sibling_roster
916652,1944,6,sibling_roster
916652,1945,7,sibling_roster
910713,1939,7,graduate
903883,1939,5,graduate
903883,1931,1,sibling_roster
903883,1933,2,sibling_roster
903883,1935,3,sibling_roster
903883,1937,4,sibling_roster
903883,1940,5,sibling_roster
925738,1939,6,graduate
925738,1927,1,sibling_roster
925738,1929,2,sibling_roster
925738,1930,3,sibling_roster
925738,1934,4,sibling_roster
925738,1937,5,sibling_roster
925738,1939,6,sibling_roster
925738,1945,7,sibling_roster
931685,1939,2,graduate
931685,1938,1,sibling_roster
931685,1940,2,sibling_roster
931685,1943,3,sibling_roster
931685,1945,4,sibling_roster
931685,1947,5,sibling_roster
931685,1949,6,sibling_roster
933885,1939,2,graduate
928429,1939,2,graduate
928429,1937,1,sibling_roster
928429,1940,2,sibling_roster
928429,1945,3,sibling_roster
913508,1939,2,graduate
913508,1938,1,sibling_roster
913508,1940,2,sibling_roster
913508,1941,3,sibling_roster
913508,1943,4,sibling_roster
913508,1944,5,sibling_roster
925468,1939,4,graduate
925468,1936,1,sibling_roster
925468,1936,2,sibling_roster
925468,1938,3,sibling_roster
925468,1939,4,sibling_roster
908115,1939,3,graduate
908115,1935,1,sibling_roster
908115,1940,2,sibling_roster
908115,1943,3,sibling_roster
908115,1945,4,sibling_roster
925870,1939,2,graduate
925870,1933,1,sibling_roster
925870,1940,2,sibling_roster
925870,1944,3,sibling_roster
910414,1940,1,sibling_roster
910414,1941,2,sibling_roster
910414,1947,3,sibling_roster
919468,1939,1,sibling_roster
919468,1942,2,sibling_roster
904599,1939,4,graduate
904599,1932,1,sibling_roster
904599,1934,2,sibling_roster
904599,1936,3,sibling_roster
904599,1939,4,sibling_roster
927721,1939,2,graduate
928894,1939,2,graduate
928894,1938,1,sibling_roster
928894,1939,2,sibling_roster
909683,1939,5,graduate
909683,1923,1,sibling_roster
909683,1927,2,sibling_roster
909683,1929,3,sibling_roster
909683,1932,4,sibling_roster
909683,1939,5,sibling_roster
905969,1939,3,graduate
905969,1937,1,sibling_roster
905969,1938,2,sibling_roster
905969,1939,3,sibling_roster
905969,1946,4,sibling_roster
924159,1939,6,graduate
924159,1927,1,sibling_roster
924159,1930,2,sibling_roster
924159,1932,3,sibling_roster
924159,1935,4,sibling_roster
924159,1937,5,sibling_roster
924159,1940,6,sibling_roster
924159,1941,7,sibling_roster
924159,1943,8,sibling_roster
924159,1945,9,sibling_roster
924159,1948,10,sibling_roster
930436,1940,1,sibling_roster
930436,1941,2,sibling_roster
930436,1944,3,sibling_roster
930436,1945,4,sibling_roster
923500,1939,4,graduate
923500,1931,1,sibling_roster
923500,1932,2,sibling_roster
923500,1935,3,sibling_roster
923500,1939,4,sibling_roster
916501,1939,2,graduate
916501,1928,1,sibling_roster
916501,1940,2,sibling_roster
914269,1939,1,sibling_roster
914269,1941,2,sibling_roster
914269,1943,3,sibling_roster
933351,1939,4,graduate
933351,1932,1,sibling_roster
933351,1935,2,sibling_roster
933351,1936,3,sibling_roster
933351,1939,4,sibling_roster
933351,1944,5,sibling_roster
932166,1938,3,graduate
932166,1930,1,sibling_roster
932166,1936,2,sibling_roster
932166,1939,3,sibling_roster
932166,1945,4,sibling_roster
927956,1939,2,graduate
927956,1931,1,sibling_roster
927956,1939,2,sibling_roster
912272,1940,1,sibling_roster
912272,1941,2,sibling_roster
912272,1949,3,sibling_roster
921238,1939,3,graduate
921238,1928,1,sibling_roster
921238,1932,2,sibling_roster
921238,1939,3,sibling_roster
914724,1940,1,sibling_roster
910961,1939,6,graduate
911544,1938,2,graduate
911544,1938,1,sibling_roster
911544,1939,2,sibling_roster
911544,1943,3,sibling_roster
902671,1939,2,graduate
902671,1936,1,sibling_roster
902671,1939,2,sibling_roster
902671,1943,3,sibling_roster
902671,1947,4,sibling_roster
902671,1951,5,sibling_roster
910378,1939,1,sibling_roster
910378,1942,2,sibling_roster
910378,1944,3,sibling_roster
908502,1939,1,sibling_roster
908502,1952,2,sibling_roster
900753,1939,4,graduate
900753,1932,1,sibling_roster
900753,1935,2,sibling_roster
900753,1938,3,sibling_roster
900753,1939,4,sibling_roster
900753,1940,5,sibling_roster
900753,1942,6,sibling_roster
900753,1944,7,sibling_roster
900753,1946,8,sibling_roster
900753,1948,9,sibling_roster
919081,1938,4,graduate
919081,1936,1,sibling_roster
919081,1938,2,sibling_roster
919081,1940,3,sibling_roster
919081,1943,4,sibling_roster
919081,1952,5,sibling_roster
921693,1938,5,graduate
921693,1924,1,sibling_roster
921693,1925,2,sibling_roster
921693,1939,4,sibling_roster
921693,1941,5,sibling_roster
918185,1939,2,graduate
918185,1939,1,sibling_roster
918185,1940,2,sibling_roster
918185,1942,3,sibling_roster
918185,1944,4,sibling_roster
918185,1947,5,sibling_roster
918185,1950,6,sibling_roster
918185,1957,7,sibling_roster
901768,1939,4,graduate
901768,1927,1,sibling_roster
901768,1938,2,sibling_roster
901768,1940,4,sibling_roster
901145,1939,2,graduate
901145,1938,1,sibling_roster
901145,1940,2,sibling_roster
901145,1942,3,sibling_roster
901145,1946,4,sibling_roster
926274,1939,7,graduate
926274,1925,1,sibling_roster
926274,1929,2,sibling_roster
926274,1940,3,sibling_roster
902923,1939,7,graduate
902923,1937,3,sibling_roster
902923,1938,4,sibling_roster
902923,1939,5,sibling_roster
902923,1941,6,sibling_roster
902923,1945,8,sibling_roster
926324,1939,2,graduate
926324,1936,1,sibling_roster
926324,1939,2,sibling_roster
926324,1946,3,sibling_roster
926324,1949,4,sibling_roster
931390,1939,2,graduate
931390,1935,1,sibling_roster
931390,1939,2,sibling_roster
920882,1939,10,graduate
920882,1912,1,sibling_roster
920882,1923,2,sibling_roster
920882,1925,3,sibling_roster
920882,1925,4,sibling_roster
920882,1929,5,sibling_roster
920882,1929,6,sibling_roster
920882,1933,7,sibling_roster
920882,1933,8,sibling_roster
920882,1936,9,sibling_roster
920882,1939,10,sibling_roster
918706,1939,2,graduate
918706,1938,1,sibling_roster
918706,1940,2,sibling_roster
918706,1948,3,sibling_roster
918706,1951,4,sibling_roster
907122,1939,3,graduate
907122,1928,1,sibling_roster
907122,1929,2,sibling_roster
907122,1940,3,sibling_roster
905505,1939,2,graduate
905505,1935,1,sibling_roster
905505,1940,2,sibling_roster
905505,1943,3,sibling_roster
919777,1939,6,graduate
913002,1939,1,sibling_roster
912938,1939,2,graduate
912938,1939,1,sibling_roster
904457,1940,1,sibling_roster
904457,1945,2,sibling_roster
900999,1939,2,graduate
900999,1938,1,sibling_roster
900999,1939,2,sibling_roster
910750,1940,1,sibling_roster
910750,1944,2,sibling_roster
925719,1939,2,graduate
912546,1940,1,sibling_roster
906721,1939,1,sibling_roster
900217,1939,3,graduate
900217,1932,1,sibling_roster
900217,1938,2,sibling_roster
900217,1940,3,sibling_roster
927601,1939,1,sibling_roster
927601,1939,2,sibling_roster
927601,1942,3,sibling_roster
927601,1945,4,sibling_roster
927601,1955,5,sibling_roster
902271,1939,1,sibling_roster
902271,1941,2,sibling_roster
902271,1945,3,sibling_roster
902271,1952,4,sibling_roster
902271,1957,5,sibling_roster
904979,1939,4,graduate
904979,1928,2,sibling_roster
904979,1936,3,sibling_roster
904979,1940,4,sibling_roster
901105,1940,1,sibling_roster
901105,1942,2,sibling_roster
901105,1943,3,sibling_roster
901105,1949,4,sibling_roster
901105,1951,5,sibling_roster
901105,1953,6,sibling_roster
901105,1958,7,sibling_roster
921411,1940,1,sibling_roster
921411,1942,2,sibling_roster
933404,1940,1,sibling_roster
933404,1942,2,sibling_roster
933404,1945,3,sibling_roster
933404,1946,4,sibling_roster
933404,1950,5,sibling_roster
933404,1952,6,sibling_roster
926397,1939,2,graduate
926397,1938,1,sibling_roster
926397,1939,2,sibling_roster
909823,1939,2,graduate
927252,1939,2,graduate
925388,1940,3,graduate
925388,1934,1,sibling_roster
925388,1937,2,sibling_roster
925388,1940,3,sibling_roster
925388,1944,4,sibling_roster
923507,1939,3,graduate
923507,1928,1,sibling_roster
923507,1932,2,sibling_roster
923507,1940,3,sibling_roster
906106,1938,3,graduate
906106,1935,1,sibling_roster
906106,1937,2,sibling_roster
906106,1939,3,sibling_roster
906106,1939,4,sibling_roster
906106,1941,5,sibling_roster
931535,1938,2,graduate
931535,1938,1,sibling_roster
931535,1939,2,sibling_roster
931535,1940,3,sibling_roster
931535,1941,4,sibling_roster
931535,1944,5,sibling_roster
931535,1951,6,sibling_roster
907143,1939,2,graduate
907143,1938,1,sibling_roster
907143,1940,2,sibling_roster
907143,1942,3,sibling_roster
927732,1939,4,graduate
901248,1939,3,graduate
904755,1939,3,graduate
908058,1939,2,graduate
908058,1938,1,sibling_roster
908058,1940,2,sibling_roster
908058,1942,3,sibling_roster
908058,1947,4,sibling_roster
927770,1939,1,sibling_roster
927770,1949,2,sibling_roster
903995,1939,13,graduate
903995,1915,1,sibling_roster
903995,1916,2,sibling_roster
903995,1918,3,sibling_roster
903995,1919,4,sibling_roster
903995,1921,5,sibling_roster
903995,1922,6,sibling_roster
903995,1923,7,sibling_roster
903995,1926,8,sibling_roster
903995,1928,9,sibling_roster
903995,1931,10,sibling_roster
903995,1940,11,sibling_roster
926132,1939,3,graduate
926132,1936,1,sibling_roster
926132,1938,2,sibling_roster
926132,1940,3,sibling_roster
926132,1944,4,sibling_roster
926147,1939,4,graduate
926147,1932,1,sibling_roster
926147,1936,2,sibling_roster
926147,1938,3,sibling_roster
926147,1940,4,sibling_roster
926147,1947,5,sibling_roster
926147,1951,6,sibling_roster
926147,1951,7,sibling_roster
926147,1952,8,sibling_roster
926147,1952,9,sibling_roster
930563,1939,2,graduate
930563,1930,1,sibling_roster
930563,1940,2,sibling_roster
906618,1940,1,sibling_roster
906618,1942,2,sibling_roster
906618,1943,3,sibling_roster
902291,1940,2,graduate
902291,1935,1,sibling_roster
902291,1941,2,sibling_roster
902291,1943,3,sibling_roster
902291,1947,4,sibling_roster
902291,1951,5,sibling_roster
916736,1940,1,sibling_roster
916736,1940,2,sibling_roster
916736,1950,3,sibling_roster
916736,1952,4,sibling_roster
916736,1954,5,sibling_roster
916736,1956,6,sibling_roster
920736,1939,2,graduate
920736,1936,1,sibling_roster
920736,1940,2,sibling_roster
920736,1948,3,sibling_roster
903744,1939,2,graduate
902607,1939,1,sibling_roster
902607,1941,2,sibling_roster
902607,1944,3,sibling_roster
902607,1948,4,sibling_roster
917182,1939,2,graduate
917182,1936,1,sibling_roster
917182,1940,2,sibling_roster
917182,1945,3,sibling_roster
917182,1945,4,sibling_roster
925249,1939,2,graduate
925249,1938,1,sibling_roster
925249,1940,2,sibling_roster
925249,1945,3,sibling_roster
925249,1950,4,sibling_roster
925249,1952,5,sibling_roster
925249,1957,6,sibling_roster
925249,1959,7,sibling_roster
921909,1939,1,sibling_roster
921909,1945,2,sibling_roster
920029,1939,1,sibling_roster
920029,1941,2,sibling_roster
920029,1945,3,sibling_roster
920029,1947,4,sibling_roster
920029,1952,5,sibling_roster
920029,1953,6,sibling_roster
920029,1954,7,sibling_roster
901898,1939,2,graduate
910573,1940,1,sibling_roster
910573,1947,2,sibling_roster
910573,1951,3,sibling_roster
910573,1952,4,sibling_roster
910573,1956,5,sibling_roster
900475,1940,1,sibling_roster
900475,1942,2,sibling_roster
900475,1944,3,sibling_roster
900475,1945,4,sibling_roster
900475,1948,5,sibling_roster
900475,1949,6,sibling_roster
900475,1950,7,sibling_roster
900475,1952,8,sibling_roster
900475,1953,9,sibling_roster
900475,1953,10,sibling_roster
900475,1955,11,sibling_roster
900475,1961,12,sibling_roster
924347,1939,1,sibling_roster
924347,1941,2,sibling_roster
924347,1951,3,sibling_roster
933172,1939,3,graduate
933172,1936,1,sibling_roster
933172,1940,2,sibling_roster
933172,1941,3,sibling_roster
933172,1943,4,sibling_roster
933172,1944,5,sibling_roster
933172,1947,6,sibling_roster
933172,1949,7,sibling_roster
933172,1950,8,sibling_roster
933172,1951,9,sibling_roster
931877,1939,5,graduate
921315,1939,3,graduate
932576,1939,2,graduate
932576,1936,1,sibling_roster
932576,1940,2,sibling_roster
932576,1948,3,sibling_roster
919361,1939,2,graduate
930110,1939,4,graduate
930110,1928,1,sibling_roster
930110,1929,2,sibling_roster
930110,1935,3,sibling_roster
930110,1939,4,sibling_roster
930110,1942,5,sibling_roster
930110,1945,6,sibling_roster
930110,1948,7,sibling_roster
930110,1952,8,sibling_roster
907903,1938,7,graduate
907903,1926,1,sibling_roster
907903,1929,2,sibling_roster
907903,1933,3,sibling_roster
907903,1935,4,sibling_roster
907903,1936,5,sibling_roster
907903,1937,6,sibling_roster
907903,1939,7,sibling_roster
907903,1941,8,sibling_roster
907903,1945,9,sibling_roster
917485,1939,6,graduate
922129,1939,2,graduate
922129,1938,1,sibling_roster
922129,1940,2,sibling_roster
909073,1940,1,sibling_roster
909073,1942,2,sibling_roster
915340,1939,2,graduate
915340,1935,1,sibling_roster
915340,1940,2,sibling_roster
915340,1945,3,sibling_roster
915340,1947,4,sibling_roster
925340,1939,3,graduate
925340,1936,1,sibling_roster
925340,1937,2,sibling_roster
925340,1939,3,sibling_roster
925340,1947,4,sibling_roster
901593,1939,2,graduate
901593,1940,1,sibling_roster
901593,1945,2,sibling_roster
901593,1950,3,sibling_roster
901593,1955,4,sibling_roster
932471,1939,3,graduate
932471,1938,1,sibling_roster
932471,1940,2,sibling_roster
932471,1943,3,sibling_roster
932471,1945,4,sibling_roster
932471,1947,5,sibling_roster
932471,1949,6,sibling_roster
932471,1950,7,sibling_roster
914792,1939,7,graduate
906081,1938,5,graduate
906081,1927,2,sibling_roster
906081,1929,3,sibling_roster
906081,1939,4,sibling_roster
906081,1947,5,sibling_roster
919786,1939,3,graduate
926609,1939,1,sibling_roster
926609,1940,2,sibling_roster
926609,1943,3,sibling_roster
926609,1945,4,sibling_roster
926609,1949,5,sibling_roster
932174,1939,6,graduate
932174,1923,1,sibling_roster
932174,1924,2,sibling_roster
920420,1939,5,graduate
908258,1939,3,graduate
908258,1927,1,sibling_roster
908258,1930,2,sibling_roster
908258,1940,3,sibling_roster
908258,1942,4,sibling_roster
927672,1940,1,sibling_roster
927672,1945,2,sibling_roster
906891,1939,2,graduate
906891,1938,1,sibling_roster
906891,1940,2,sibling_roster
906891,1941,3,sibling_roster
906891,1942,4,sibling_roster
906891,1946,5,sibling_roster
906891,1948,6,sibling_roster
927125,1940,1,sibling_roster
927125,1949,2,sibling_roster
927125,1953,3,sibling_roster
916118,1939,1,sibling_roster
916118,1943,2,sibling_roster
916118,1950,3,sibling_roster
916118,1955,4,sibling_roster
909304,1939,3,graduate
909304,1936,1,sibling_roster
909304,1938,2,sibling_roster
909304,1940,3,sibling_roster
909304,1941,4,sibling_roster
909304,1943,5,sibling_roster
909304,1945,6,sibling_roster
909304,1947,7,sibling_roster
909304,1949,8,sibling_roster
909304,1951,9,sibling_roster
909304,1952,10,sibling_roster
910063,1940,1,sibling_roster
910063,1944,2,sibling_roster
910063,1945,3,sibling_roster
910063,1958,4,sibling_roster
904131,1939,4,graduate
904131,1934,1,sibling_roster
904131,1936,2,sibling_roster
904131,1938,3,sibling_roster
904131,1939,4,sibling_roster
904131,1942,5,sibling_roster
904131,1942,6,sibling_roster
904131,1943,7,sibling_roster
902181,1939,7,graduate
902181,1925,1,sibling_roster
902181,1929,2,sibling_roster
902181,1938,3,sibling_roster
902181,1940,4,sibling_roster
924922,1940,1,sibling_roster
932138,1939,4,graduate
913294,1940,1,sibling_roster
913294,1942,2,sibling_roster
913294,1947,3,sibling_roster
913294,1947,4,sibling_roster
925322,1940,3,graduate
925322,1937,1,sibling_roster
925322,1938,2,sibling_roster
925322,1940,3,sibling_roster
925322,1945,4,sibling_roster
925322,1949,5,sibling_roster
907224,1939,1,sibling_roster
907224,1941,2,sibling_roster
907224,1943,3,sibling_roster
907224,1945,4,sibling_roster
918243,1939,1,sibling_roster
918243,1943,2,sibling_roster
918243,1946,3,sibling_roster
932900,1939,4,graduate
932900,1912,1,sibling_roster
932900,1926,2,sibling_roster
932900,1930,3,sibling_roster
932900,1939,4,sibling_roster
932900,1943,5,sibling_roster
932900,1945,6,sibling_roster
923416,1939,1,sibling_roster
923416,1941,2,sibling_roster
918941,1937,3,graduate
912644,1939,3,graduate
912644,1935,1,sibling_roster
912644,1937,2,sibling_roster
912644,1939,3,sibling_roster
912644,1941,4,sibling_roster
912644,1943,5,sibling_roster
904818,1939,9,graduate
919852,1938,2,graduate
907681,1939,4,graduate
922765,1939,10,graduate
922765,1919,1,sibling_roster
922765,1920,2,sibling_roster
922765,1921,3,sibling_roster
922765,1923,4,sibling_roster
922765,1926,5,sibling_roster
922765,1929,6,sibling_roster
922765,1931,7,sibling_roster
922765,1934,8,sibling_roster
922765,1936,9,sibling_roster
922765,1939,10,sibling_roster
927481,1940,1,sibling_roster
927481,1953,2,sibling_roster
902172,1938,2,graduate
925316,1939,2,graduate
918701,1940,1,sibling_roster
918701,1946,2,sibling_roster
918701,1948,3,sibling_roster
918701,1953,4,sibling_roster
918701,1955,5,sibling_roster
918701,1959,6,sibling_roster
925275,1938,15,graduate
925275,1910,3,sibling_roster
925275,1915,4,sibling_roster
925275,1920,5,sibling_roster
925275,1920,6,sibling_roster
925275,1927,7,sibling_roster
925275,1928,8,sibling_roster
925275,1929,9,sibling_roster
925275,1930,10,sibling_roster
925275,1931,11,sibling_roster
925275,1932,12,sibling_roster
925892,1939,2,graduate
925892,1937,1,sibling_roster
925892,1940,2,sibling_roster
925892,1947,3,sibling_roster
925892,1949,4,sibling_roster
905783,1939,1,sibling_roster
905783,1941,2,sibling_roster
905783,1942,3,sibling_roster
905783,1943,4,sibling_roster
905783,1953,5,sibling_roster
905783,1956,6,sibling_roster
905783,1957,7,sibling_roster
908706,1940,1,sibling_roster
908706,1944,2,sibling_roster
926845,1939,2,graduate
926845,1936,1,sibling_roster
926845,1939,2,sibling_roster
926845,1942,3,sibling_roster
902009,1938,4,graduate
926761,1939,3,graduate
932039,1939,1,sibling_roster
932039,1941,2,sibling_roster
932039,1947,3,sibling_roster
911029,1938,3,graduate
911029,1937,1,sibling_roster
911029,1938,2,sibling_roster
911029,1939,3,sibling_roster
911029,1942,4,sibling_roster
911029,1944,5,sibling_roster
922262,1939,2,graduate
922262,1938,1,sibling_roster
922262,1939,2,sibling_roster
922262,1940,3,sibling_roster
922262,1945,4,sibling_roster
922262,1946,5,sibling_roster
922262,1949,6,sibling_roster
922262,1950,7,sibling_roster
925841,1939,1,sibling_roster
925841,1941,2,sibling_roster
925841,1944,3,sibling_roster
925841,1946,4,sibling_roster
932457,1937,11,graduate
932457,1932,1,sibling_roster
932457,1935,2,sibling_roster
932457,1938,3,sibling_roster
932457,1939,4,sibling_roster
932457,1940,5,sibling_roster
932457,1943,6,sibling_roster
932457,1945,7,sibling_roster
933003,1939,2,graduate
933003,1932,1,sibling_roster
933003,1940,2,sibling_roster
912072,1940,1,sibling_roster
912072,1943,2,sibling_roster
912072,1945,3,sibling_roster
912072,1948,4,sibling_roster
912072,1954,5,sibling_roster
912072,1958,6,sibling_roster
912072,1959,7,sibling_roster
912072,1961,8,sibling_roster
924075,1938,5,graduate
924075,1915,1,sibling_roster
924075,1927,2,sibling_roster
924075,1933,3,sibling_roster
924075,1939,4,sibling_roster
903051,1939,1,sibling_roster
903051,1941,2,sibling_roster
903051,1944,3,sibling_roster
907373,1939,2,graduate
907373,1940,1,sibling_roster
907373,1942,2,sibling_roster
907373,1946,3,sibling_roster
907373,1948,4,sibling_roster
907373,1952,5,sibling_roster
905622,1938,5,graduate
905622,1932,1,sibling_roster
905622,1934,2,sibling_roster
905622,1936,3,sibling_roster
905622,1937,4,sibling_roster
905622,1939,5,sibling_roster
905622,1940,6,sibling_roster
905622,1943,7,sibling_roster
905622,1945,8,sibling_roster
918443,1938,5,graduate
914151,1935,1,sibling_roster
914151,1938,2,sibling_roster
914151,1950,3,sibling_roster
914151,1961,4,sibling_roster
919006,1939,3,graduate
919006,1915,1,sibling_roster
919006,1915,2,sibling_roster
919006,1940,3,sibling_roster
904931,1937,8,graduate
904931,1925,3,sibling_roster
904931,1935,6,sibling_roster
904931,1936,7,sibling_roster
904931,1938,8,sibling_roster
904931,1939,9,sibling_roster
904931,1946,10,sibling_roster
904931,1946,11,sibling_roster
904931,1948,12,sibling_roster
919060,1939,2,graduate
906155,1939,2,graduate
902787,1938,3,graduate
902787,1929,1,sibling_roster
902787,1932,2,sibling_roster
902787,1939,3,sibling_roster
902787,1942,4,sibling_roster
904723,1940,1,sibling_roster
904723,1944,2,sibling_roster
904723,1945,3,sibling_roster
907087,1939,1,sibling_roster
907087,1947,2,sibling_roster
928690,1940,1,sibling_roster
928690,1942,2,sibling_roster
928690,1944,3,sibling_roster
928690,1955,4,sibling_roster
916560,1940,1,sibling_roster
916560,1942,2,sibling_roster
916560,1947,3,sibling_roster
916560,1951,4,sibling_roster
903539,1939,4,graduate
915688,1939,1,sibling_roster
915688,1942,2,sibling_roster
915688,1946,3,sibling_roster
915688,1950,4,sibling_roster
915688,1951,5,sibling_roster
927692,1938,4,graduate
927692,1933,1,sibling_roster
927692,1937,2,sibling_roster
927692,1938,3,sibling_roster
927692,1939,4,sibling_roster
927692,1943,5,sibling_roster
927692,1945,6,sibling_roster
915613,1938,4,graduate
915613,1929,1,sibling_roster
915613,1930,2,sibling_roster
915613,1937,3,sibling_roster
915613,1939,4,sibling_roster
915613,1945,5,sibling_roster
915613,1946,6,sibling_roster
915613,1948,7,sibling_roster
915613,1949,8,sibling_roster
915613,1952,9,sibling_roster
925701,1939,4,graduate
925701,1922,1,sibling_roster
925701,1929,2,sibling_roster
925701,1936,3,sibling_roster
925701,1940,4,sibling_roster
915136,1939,6,graduate
915136,1930,1,sibling_roster
915136,1932,2,sibling_roster
915136,1934,3,sibling_roster
915136,1936,4,sibling_roster
915136,1938,5,sibling_roster
915136,1940,6,sibling_roster
915136,1940,7,sibling_roster
915136,1944,8,sibling_roster
903416,1940,1,sibling_roster
932427,1939,2,graduate
932427,1938,1,sibling_roster
932427,1940,2,sibling_roster
932427,1943,3,sibling_roster
932427,1945,4,sibling_roster
932427,1947,5,sibling_roster
932427,1949,6,sibling_roster
932427,1957,7,sibling_roster
902440,1939,1,sibling_roster
902440,1942,2,sibling_roster
902440,1944,3,sibling_roster
908990,1939,3,graduate
908990,1925,1,sibling_roster
908990,1929,2,sibling_roster
908990,1939,3,sibling_roster
903956,1939,4,graduate
903956,1933,1,sibling_roster
903956,1935,2,sibling_roster
903956,1937,3,sibling_roster
903956,1939,4,sibling_roster
903956,1941,5,sibling_roster
924688,1939,3,graduate
924688,1922,1,sibling_roster
924688,1924,2,sibling_roster
924688,1939,3,sibling_roster
923014,1939,1,sibling_roster
923014,1943,2,sibling_roster
923014,1947,3,sibling_roster
910981,1939,3,graduate
910981,1939,1,sibling_roster
910981,1940,2,sibling_roster
910981,1942,3,sibling_roster
910981,1944,4,sibling_roster
910319,1939,3,graduate
910319,1936,1,sibling_roster
910319,1937,2,sibling_roster
910319,1940,3,sibling_roster
923933,1939,3,graduate
913187,1939,2,graduate
913187,1936,1,sibling_roster
913187,1940,2,sibling_roster
913187,1942,3,sibling_roster
913187,1945,4,sibling_roster
913187,1954,5,sibling_roster
916221,1939,2,graduate
926412,1939,2,graduate
926412,1939,1,sibling_roster
926412,1940,2,sibling_roster
926412,1941,3,sibling_roster
926412,1948,4,sibling_roster
926412,1949,5,sibling_roster
926412,1956,6,sibling_roster
922632,1940,1,sibling_roster
922632,1943,2,sibling_roster
922632,1945,3,sibling_roster
902152,1939,9,graduate
902152,1927,1,sibling_roster
902152,1929,2,sibling_roster
902152,1930,3,sibling_roster
902152,1931,4,sibling_roster
902152,1932,5,sibling_roster
902152,1935,6,sibling_roster
902152,1936,7,sibling_roster
902152,1937,8,sibling_roster
902152,1940,9,sibling_roster
902152,1941,10,sibling_roster
902152,1941,11,sibling_roster
902152,1944,12,sibling_roster
926213,1939,3,graduate
929268,1939,4,graduate
929268,1932,1,sibling_roster
929268,1935,2,sibling_roster
929268,1936,3,sibling_roster
929268,1939,4,sibling_roster
929268,1943,5,sibling_roster
929268,1947,6,sibling_roster
929268,1952,7,sibling_roster
929268,1955,8,sibling_roster
929268,1958,9,sibling_roster
929268,1960,10,sibling_roster
909855,1940,1,sibling_roster
909855,1947,2,sibling_roster
909855,1950,3,sibling_roster
909855,1953,4,sibling_roster
909855,1957,5,sibling_roster
915634,1939,2,graduate
915634,1935,1,sibling_roster
915634,1939,2,sibling_roster
915634,1941,3,sibling_roster
915634,1945,4,sibling_roster
915634,1947,5,sibling_roster
922566,1939,7,graduate
922566,1926,1,sibling_roster
922566,1930,2,sibling_roster
922566,1934,3,sibling_roster
922566,1935,4,sibling_roster
922566,1936,5,sibling_roster
922566,1940,6,sibling_roster
922566,1942,7,sibling_roster
905469,1940,1,sibling_roster
905469,1942,2,sibling_roster
905469,1947,3,sibling_roster
906119,1938,1,sibling_roster
906119,1940,2,sibling_roster
906119,1945,3,sibling_roster
909944,1939,3,graduate
909944,1931,1,sibling_roster
909944,1935,2,sibling_roster
909944,1939,3,sibling_roster
909944,1943,4,sibling_roster
909944,1944,5,sibling_roster
922937,1939,3,graduate
922937,1935,1,sibling_roster
922937,1937,2,sibling_roster
922937,1939,3,sibling_roster
923523,1938,8,graduate
917643,1938,4,graduate
917643,1933,1,sibling_roster
917643,1935,2,sibling_roster
917643,1937,3,sibling_roster
917643,1939,4,sibling_roster
917643,1942,5,sibling_roster
917643,1944,6,sibling_roster
917643,1946,7,sibling_roster
908361,1939,1,sibling_roster
931069,1939,2,graduate
931069,1935,1,sibling_roster
931069,1939,2,sibling_roster
931069,1943,3,sibling_roster
931069,1947,4,sibling_roster
931069,1951,5,sibling_roster
908635,1939,6,graduate
908635,1930,1,sibling_roster
908635,1932,2,sibling_roster
908635,1933,3,sibling_roster
908635,1935,4,sibling_roster
908635,1939,5,sibling_roster
908635,1940,6,sibling_roster
908635,1942,7,sibling_roster
908635,1947,8,sibling_roster
908635,1950,9,sibling_roster
908635,1951,10,sibling_roster
902304,1939,3,graduate
902304,1928,1,sibling_roster
902304,1932,2,sibling_roster
902304,1940,3,sibling_roster
919319,1939,1,sibling_roster
930815,1939,9,graduate
919974,1939,2,graduate
919974,1937,1,sibling_roster
919974,1940,2,sibling_roster
919974,1941,3,sibling_roster
919974,1942,4,sibling_roster
919974,1943,5,sibling_roster
919974,1944,6,sibling_roster
919974,1947,7,sibling_roster
919974,1952,8,sibling_roster
919974,1956,9,sibling_roster
919974,1957,10,sibling_roster
919974,1958,11,sibling_roster
924162,1939,4,graduate
924162,1932,1,sibling_roster
924162,1934,2,sibling_roster
924162,1934,3,sibling_roster
924162,1940,4,sibling_roster
924162,1943,5,sibling_roster
904802,1939,2,graduate
923936,1939,2,graduate
923936,1936,1,sibling_roster
923936,1940,2,sibling_roster
923936,1942,3,sibling_roster
923936,1946,4,sibling_roster
923936,1946,5,sibling_roster
916111,1939,2,graduate
903024,1938,3,graduate
903024,1935,1,sibling_roster
903024,1937,2,sibling_roster
903024,1939,3,sibling_roster
903024,1940,4,sibling_roster
903024,1943,5,sibling_roster
903024,1945,6,sibling_roster
902438,1939,4,graduate
902438,1936,1,sibling_roster
902438,1937,2,sibling_roster
902438,1938,3,sibling_roster
902438,1940,4,sibling_roster
902438,1941,5,sibling_roster
902438,1943,6,sibling_roster
902608,1940,6,graduate
902608,1926,1,sibling_roster
902608,1929,2,sibling_roster
902608,1931,3,sibling_roster
902608,1933,4,sibling_roster
902608,1941,5,sibling_roster
902608,1942,6,sibling_roster
933161,1938,5,graduate
933161,1929,1,sibling_roster
933161,1929,2,sibling_roster
933161,1933,3,sibling_roster
933161,1937,4,sibling_roster
933161,1939,5,sibling_roster
933161,1946,6,sibling_roster
933161,1946,7,sibling_roster
933161,1951,8,sibling_roster
923731,1939,2,graduate
923731,1939,1,sibling_roster
923731,1940,2,sibling_roster
923731,1942,3,sibling_roster
923731,1944,4,sibling_roster
911810,1939,1,sibling_roster
911810,1941,2,sibling_roster
911810,1944,3,sibling_roster
911810,1947,4,sibling_roster
916505,1939,1,sibling_roster
916505,1941,2,sibling_roster
916505,1943,3,sibling_roster
916505,1945,4,sibling_roster
916240,1939,2,graduate
930210,1940,1,sibling_roster
921875,1941,1,sibling_roster
921875,1945,2,sibling_roster
921875,1955,3,sibling_roster
900024,1939,4,graduate
914593,1939,2,graduate
918584,1938,3,graduate
918584,1936,1,sibling_roster
918584,1937,2,sibling_roster
918584,1939,3,sibling_roster
911709,1939,2,graduate
911709,1936,1,sibling_roster
911709,1939,2,sibling_roster
922235,1939,2,graduate
922235,1931,1,sibling_roster
922235,1939,2,sibling_roster
907570,1939,2,graduate
907570,1936,1,sibling_roster
907570,1940,2,sibling_roster
907570,1942,3,sibling_roster
907570,1945,4,sibling_roster
920070,1939,1,sibling_roster
920070,1942,2,sibling_roster
920070,1949,3,sibling_roster
925873,1939,6,graduate
905197,1940,1,sibling_roster
905197,1943,2,sibling_roster
905197,1945,3,sibling_roster
905197,1947,4,sibling_roster
923140,1939,1,sibling_roster
923140,1951,2,sibling_roster
923140,1954,3,sibling_roster
908678,1938,1,sibling_roster
908678,1939,2,sibling_roster
908678,1942,3,sibling_roster
908678,1944,4,sibling_roster
908678,1951,5,sibling_roster
913733,1938,7,graduate
912159,1939,5,graduate
912159,1932,1,sibling_roster
912159,1934,2,sibling_roster
912159,1937,3,sibling_roster
912159,1937,4,sibling_roster
912159,1939,5,sibling_roster
916559,1939,3,graduate
916559,1934,1,sibling_roster
916559,1940,2,sibling_roster
921943,1939,1,sibling_roster
921943,1942,2,sibling_roster
921943,1945,3,sibling_roster
921943,1949,4,sibling_roster
921943,1955,5,sibling_roster
921943,1958,6,sibling_roster
921943,1960,7,sibling_roster
921943,1964,8,sibling_roster
933086,1939,1,sibling_roster
933086,1941,2,sibling_roster
933086,1943,3,sibling_roster
933086,1945,4,sibling_roster
933086,1948,5,sibling_roster
933086,1949,6,sibling_roster
933086,1952,7,sibling_roster
929066,1939,2,graduate
929066,1938,1,sibling_roster
929066,1940,2,sibling_roster
929066,1942,3,sibling_roster
929066,1944,4,sibling_roster
906488,1939,1,sibling_roster
922972,1940,1,sibling_roster
924381,1939,2,graduate
924381,1938,1,sibling_roster
924381,1939,2,sibling_roster
924381,1946,3,sibling_roster
924381,1950,4,sibling_roster
924381,1952,5,sibling_roster
908828,1940,1,sibling_roster
908828,1946,2,sibling_roster
908828,1952,3,sibling_roster
915542,1939,2,graduate
914221,1940,1,sibling_roster
914221,1942,2,sibling_roster
922995,1938,3,graduate
922995,1935,1,sibling_roster
922995,1936,2,sibling_roster
922995,1939,3,sibling_roster
922995,1941,4,sibling_roster
922995,1943,5,sibling_roster
929305,1939,5,graduate
902744,1939,4,graduate
902744,1925,1,sibling_roster
902744,1929,2,sibling_roster
902744,1936,3,sibling_roster
902744,1940,4,sibling_roster
902744,1942,5,sibling_roster
905394,1939,2,graduate
905394,1939,1,sibling_roster
905394,1940,2,sibling_roster
905394,1944,3,sibling_roster
902619,1939,4,graduate
902619,1930,1,sibling_roster
902619,1935,2,sibling_roster
902619,1940,3,sibling_roster
920534,1940,1,sibling_roster
920534,1942,2,sibling_roster
920534,1944,3,sibling_roster
920534,1946,4,sibling_roster
920534,1953,5,sibling_roster
902462,1939,3,graduate
901894,1939,5,graduate
901894,1930,1,sibling_roster
901894,1933,2,sibling_roster
901894,1935,3,sibling_roster
901894,1937,4,sibling_roster
901894,1939,5,sibling_roster
901894,1942,6,sibling_roster
901894,1944,7,sibling_roster
901894,1950,8,sibling_roster
901894,1953,9,sibling_roster
915244,1940,1,sibling_roster
915244,1942,2,sibling_roster
915244,1945,3,sibling_roster
912573,1939,2,graduate
912573,1939,1,sibling_roster
912573,1940,2,sibling_roster
931537,1939,1,sibling_roster
931537,1942,2,sibling_roster
931537,1944,3,sibling_roster
902133,1938,8,graduate
907256,1939,2,graduate
907256,1940,1,sibling_roster
907256,1942,2,sibling_roster
907256,1943,3,sibling_roster
907256,1944,4,sibling_roster
907256,1946,5,sibling_roster
907256,1948,6,sibling_roster
907256,1950,7,sibling_roster
907256,1951,8,sibling_roster
907256,1953,9,sibling_roster
907256,1954,10,sibling_roster
907256,1957,11,sibling_roster
907256,1960,12,sibling_roster
922557,1939,4,graduate
928004,1939,4,graduate
905026,1940,1,sibling_roster
905026,1942,2,sibling_roster
905026,1950,3,sibling_roster
907820,1938,7,graduate
907820,1924,1,sibling_roster
907820,1927,2,sibling_roster
907820,1933,3,sibling_roster
907820,1933,4,sibling_roster
907820,1934,5,sibling_roster
907820,1935,6,sibling_roster
907820,1939,7,sibling_roster
907820,1939,8,sibling_roster
907820,1955,9,sibling_roster
930786,1939,3,graduate
930786,1935,1,sibling_roster
930786,1936,2,sibling_roster
930786,1939,3,sibling_roster
916105,1939,4,graduate
916105,1935,1,sibling_roster
916105,1936,2,sibling_roster
916105,1937,3,sibling_roster
916105,1940,4,sibling_roster
916105,1941,5,sibling_roster
916105,1942,6,sibling_roster
916105,1943,7,sibling_roster
916105,1944,8,sibling_roster
916105,1945,9,sibling_roster
916105,1952,10,sibling_roster
916105,1953,11,sibling_roster
917590,1939,5,graduate
915030,1938,2,graduate
915030,1931,1,sibling_roster
915030,1939,2,sibling_roster
911147,1939,2,graduate
911147,1935,1,sibling_roster
911147,1940,2,sibling_roster
911147,1942,3,sibling_roster
928799,1940,1,sibling_roster
928799,1941,2,sibling_roster
928799,1943,3,sibling_roster
928799,1949,4,sibling_roster
916522,1938,3,graduate
906229,1939,2,graduate
906229,1936,1,sibling_roster
906229,1940,2,sibling_roster
906229,1952,3,sibling_roster
902886,1939,3,graduate
929955,1939,1,sibling_roster
929955,1946,2,sibling_roster
929955,1953,3,sibling_roster
919252,1939,1,sibling_roster
919252,1943,2,sibling_roster
900349,1939,2,graduate
900349,1936,1,sibling_roster
900349,1940,2,sibling_roster
912757,1940,1,sibling_roster
912757,1940,2,sibling_roster
916920,1940,1,sibling_roster
916920,1942,2,sibling_roster
916920,1944,3,sibling_roster
916920,1948,4,sibling_roster
916920,1950,5,sibling_roster
924541,1939,1,sibling_roster
930532,1940,1,sibling_roster
930532,1942,2,sibling_roster
912766,1937,5,graduate
912766,1925,1,sibling_roster
912766,1938,3,sibling_roster
912766,1939,4,sibling_roster
903695,1938,2,graduate
903695,1936,1,sibling_roster
903695,1939,2,sibling_roster
903695,1941,3,sibling_roster
903695,1943,4,sibling_roster
903695,1946,5,sibling_roster
903695,1949,6,sibling_roster
915565,1939,2,graduate
917234,1940,1,sibling_roster
917234,1944,2,sibling_roster
917234,1953,3,sibling_roster
903666,1939,3,graduate
923823,1938,4,graduate
928789,1939,2,graduate
907286,1939,2,graduate
918694,1938,3,graduate
918694,1928,1,sibling_roster
918694,1934,2,sibling_roster
918694,1939,3,sibling_roster
903673,1940,1,sibling_roster
903673,1946,2,sibling_roster
903673,1948,3,sibling_roster
907331,1935,1,sibling_roster
907331,1939,2,sibling_roster
917585,1939,1,sibling_roster
917585,1941,2,sibling_roster
917585,1943,3,sibling_roster
917585,1945,4,sibling_roster
917585,1950,5,sibling_roster
917803,1939,1,sibling_roster
917803,1943,2,sibling_roster
917803,1945,3,sibling_roster
900208,1939,3,graduate
900208,1927,1,sibling_roster
900208,1928,2,sibling_roster
900208,1939,3,sibling_roster
925988,1938,2,graduate
929851,1939,4,graduate
929851,1925,1,sibling_roster
929851,1930,2,sibling_roster
929851,1932,3,sibling_roster
929851,1940,4,sibling_roster
907833,1939,3,graduate
907833,1932,1,sibling_roster
907833,1934,2,sibling_roster
907833,1940,3,sibling_roster
923430,1939,1,sibling_roster
923430,1943,2,sibling_roster
914225,1938,4,graduate
914225,1934,1,sibling_roster
914225,1936,2,sibling_roster
914225,1939,3,sibling_roster
914225,1943,4,sibling_roster
914225,1944,5,sibling_roster
927847,1939,3,graduate
927847,1929,1,sibling_roster
927847,1934,2,sibling_roster
927847,1939,3,sibling_roster
927847,1944,4,sibling_roster
927847,1946,5,sibling_roster
923679,1939,1,sibling_roster
932370,1940,1,sibling_roster
932370,1941,2,sibling_roster
932370,1950,3,sibling_roster
932370,1951,4,sibling_roster
932370,1952,5,sibling_roster
906648,1939,3,graduate
906648,1923,1,sibling_roster
906648,1937,2,sibling_roster
906648,1939,3,sibling_roster
906648,1953,4,sibling_roster
914634,1939,1,sibling_roster
914634,1942,2,sibling_roster
914634,1954,3,sibling_roster
927887,1938,11,graduate
922808,1939,1,sibling_roster
922808,1941,2,sibling_roster
922808,1945,3,sibling_roster
917622,1940,1,sibling_roster
933780,1939,2,graduate
933780,1938,1,sibling_roster
933780,1940,2,sibling_roster
933780,1943,3,sibling_roster
921632,1939,1,sibling_roster
929774,1939,1,sibling_roster
926786,1939,2,graduate
932558,1938,4,graduate
932558,1934,1,sibling_roster
932558,1935,2,sibling_roster
932558,1937,3,sibling_roster
932558,1939,4,sibling_roster
932558,1942,5,sibling_roster
905857,1940,1,sibling_roster
905857,1950,2,sibling_roster
910596,1939,2,graduate
933459,1939,1,sibling_roster
912314,1939,1,sibling_roster
924849,1939,1,sibling_roster
924849,1942,2,sibling_roster
924849,1946,3,sibling_roster
924849,1952,4,sibling_roster
924849,1957,5,sibling_roster
904322,1939,3,graduate
904322,1936,1,sibling_roster
904322,1937,2,sibling_roster
904322,1939,3,sibling_roster
904322,1942,4,sibling_roster
922587,1939,2,graduate
922587,1935,1,sibling_roster
922587,1939,2,sibling_roster
922587,1945,3,sibling_roster
932613,1939,3,graduate
932613,1932,1,sibling_roster
932613,1936,2,sibling_roster
932613,1939,3,sibling_roster
932613,1943,4,sibling_roster
932613,1958,5,sibling_roster
923378,1938,7,graduate
907813,1939,2,graduate
907813,1936,1,sibling_roster
907813,1939,2,sibling_roster
907813,1945,3,sibling_roster
907813,1950,4,sibling_roster
907813,1952,5,sibling_roster
906159,1939,1,sibling_roster
919883,1939,8,graduate
919883,1928,1,sibling_roster
919883,1929,2,sibling_roster
919883,1931,3,sibling_roster
919883,1932,4,sibling_roster
919883,1934,5,sibling_roster
919883,1936,6,sibling_roster
919883,1937,7,sibling_roster
919883,1940,8,sibling_roster
908138,1938,3,graduate
908138,1936,1,sibling_roster
908138,1938,2,sibling_roster
908138,1939,3,sibling_roster
901576,1937,2,graduate
901576,1936,1,sibling_roster
901576,1938,2,sibling_roster
901576,1939,3,sibling_roster
914992,1938,8,graduate
914992,1919,1,sibling_roster
914992,1922,2,sibling_roster
914992,1924,3,sibling_roster
914992,1927,4,sibling_roster
914992,1930,5,sibling_roster
914992,1935,6,sibling_roster
914992,1936,7,sibling_roster
914992,1939,8,sibling_roster
922753,1939,2,graduate
908461,1940,1,sibling_roster
908461,1941,2,sibling_roster
930610,1938,1,sibling_roster
930610,1940,2,sibling_roster
930610,1947,3,sibling_roster
928915,1938,2,graduate
928915,1933,1,sibling_roster
928915,1938,2,sibling_roster
909796,1939,2,graduate
909796,1935,1,sibling_roster
909796,1940,2,sibling_roster
909796,1942,3,sibling_roster
909796,1946,4,sibling_roster
920464,1939,2,graduate
933727,1939,2,graduate
933727,1932,1,sibling_roster
933727,1939,2,sibling_roster
933727,1945,3,sibling_roster
933727,1947,4,sibling_roster
933727,1949,5,sibling_roster
928859,1938,1,sibling_roster
901477,1940,1,sibling_roster
901477,1947,2,sibling_roster
903198,1940,1,sibling_roster
903198,1941,2,sibling_roster
903198,1943,3,sibling_roster
913779,1939,5,graduate
913779,1933,1,sibling_roster
913779,1936,2,sibling_roster
913779,1940,3,sibling_roster
906601,1939,2,graduate
908813,1939,4,graduate
900720,1939,1,sibling_roster
900720,1944,2,sibling_roster
929349,1939,5,graduate
932557,1938,2,graduate
932557,1938,1,sibling_roster
932557,1939,2,sibling_roster
932557,1942,3,sibling_roster
932557,1947,5,sibling_roster
932557,1949,6,sibling_roster
931826,1938,5,graduate
931826,1939,1,sibling_roster
931826,1940,2,sibling_roster
931826,1942,3,sibling_roster
931826,1942,4,sibling_roster
931826,1943,5,sibling_roster
921660,1939,2,graduate
909695,1939,2,graduate
909695,1933,1,sibling_roster
909695,1939,2,sibling_roster
915494,1939,2,graduate
915494,1925,1,sibling_roster
915494,1939,2,sibling_roster
915494,1953,3,sibling_roster
909060,1939,3,graduate
909060,1937,1,sibling_roster
909060,1940,3,sibling_roster
909060,1950,4,sibling_roster
921151,1939,7,graduate
933373,1939,3,graduate
933373,1936,1,sibling_roster
933373,1938,2,sibling_roster
933373,1940,3,sibling_roster
933373,1941,4,sibling_roster
933373,1942,5,sibling_roster
933373,1944,6,sibling_roster
933373,1945,7,sibling_roster
933373,1947,8,sibling_roster
933373,1948,9,sibling_roster
933373,1950,10,sibling_roster
911702,1939,7,graduate
911702,1919,1,sibling_roster
911702,1920,2,sibling_roster
911702,1925,3,sibling_roster
911702,1928,4,sibling_roster
911702,1930,5,sibling_roster
911702,1935,6,sibling_roster
911702,1940,7,sibling_roster
928765,1939,1,sibling_roster
928765,1943,2,sibling_roster
928765,1956,3,sibling_roster
928693,1939,1,sibling_roster
928693,1943,2,sibling_roster
928693,1951,3,sibling_roster
924307,1939,2,graduate
924307,1933,1,sibling_roster
924307,1940,2,sibling_roster
913761,1940,1,sibling_roster
913761,1947,2,sibling_roster
920968,1938,1,sibling_roster
920968,1945,2,sibling_roster
932889,1938,3,graduate
932889,1931,1,sibling_roster
932889,1939,2,sibling_roster
923203,1940,1,sibling_roster
925710,1938,4,graduate
925710,1933,1,sibling_roster
925710,1936,2,sibling_roster
925710,1937,3,sibling_roster
925710,1939,4,sibling_roster
925710,1946,5,sibling_roster
925710,1948,6,sibling_roster
925710,1949,7,sibling_roster
925710,1950,8,sibling_roster
901820,1939,1,sibling_roster
905161,1938,2,graduate
905161,1937,1,sibling_roster
905161,1939,2,sibling_roster
905161,1945,3,sibling_roster
912708,1939,2,graduate
912708,1937,1,sibling_roster
912708,1940,2,sibling_roster
912708,1944,3,sibling_roster
912708,1947,4,sibling_roster
917845,1939,2,graduate
917845,1938,1,sibling_roster
917845,1940,2,sibling_roster
917845,1945,3,sibling_roster
909743,1938,1,sibling_roster
909743,1942,2,sibling_roster
909743,1943,3,sibling_roster
924006,1938,2,graduate
924006,1935,1,sibling_roster
924006,1939,2,sibling_roster
924006,1943,3,sibling_roster
920121,1939,1,sibling_roster
920121,1943,2,sibling_roster
919878,1938,7,graduate
928806,1939,1,sibling_roster
916723,1939,1,sibling_roster
916723,1942,2,sibling_roster
902132,1938,2,graduate
901965,1939,2,graduate
901965,1939,1,sibling_roster
920745,1939,1,sibling_roster
920745,1941,2,sibling_roster
920745,1943,3,sibling_roster
920745,1948,4,sibling_roster
904932,1939,6,graduate
904932,1919,1,sibling_roster
904932,1924,2,sibling_roster
904932,1928,3,sibling_roster
904932,1929,4,sibling_roster
904932,1935,5,sibling_roster
904932,1939,6,sibling_roster
902032,1938,4,graduate
902032,1925,1,sibling_roster
902032,1929,2,sibling_roster
902032,1933,3,sibling_roster
902032,1939,4,sibling_roster
902032,1942,5,sibling_roster
902032,1943,6,sibling_roster
916165,1939,3,graduate
916165,1935,1,sibling_roster
916165,1935,2,sibling_roster
916165,1940,3,sibling_roster
916165,1940,4,sibling_roster
916165,1941,5,sibling_roster
928839,1939,3,graduate
916793,1939,3,graduate
916793,1936,1,sibling_roster
916793,1938,2,sibling_roster
916793,1940,3,sibling_roster
916793,1944,4,sibling_roster
905313,1940,1,sibling_roster
905313,1954,2,sibling_roster
906683,1940,1,sibling_roster
921565,1939,1,sibling_roster
921565,1946,2,sibling_roster
901813,1939,3,graduate
901813,1933,1,sibling_roster
901813,1937,2,sibling_roster
901813,1940,3,sibling_roster
922327,1939,1,sibling_roster
922327,1944,2,sibling_roster
922327,1949,3,sibling_roster
922327,1954,4,sibling_roster
925864,1939,4,graduate
925864,1931,1,sibling_roster
925864,1934,2,sibling_roster
925864,1938,3,sibling_roster
925864,1940,4,sibling_roster
925864,1942,5,sibling_roster
925864,1947,6,sibling_roster
925864,1950,7,sibling_roster
912760,1939,1,sibling_roster
907093,1938,1,sibling_roster
907093,1946,2,sibling_roster
926669,1939,6,graduate
926669,1932,1,sibling_roster
926669,1934,2,sibling_roster
926669,1936,3,sibling_roster
926669,1938,4,sibling_roster
926669,1940,5,sibling_roster
926669,1944,6,sibling_roster
926669,1950,7,sibling_roster
923689,1939,2,graduate
923689,1932,1,sibling_roster
923689,1939,2,sibling_roster
904672,1938,9,graduate
904672,1922,1,sibling_roster
904672,1922,2,sibling_roster
904672,1926,3,sibling_roster
904672,1928,4,sibling_roster
904672,1930,5,sibling_roster
904672,1932,6,sibling_roster
904672,1934,7,sibling_roster
904672,1936,8,sibling_roster
904672,1939,9,sibling_roster
904672,1940,10,sibling_roster
904672,1942,11,sibling_roster
918561,1939,2,graduate
918561,1937,1,sibling_roster
918561,1939,2,sibling_roster
918561,1949,3,sibling_roster
900813,1938,2,graduate
900813,1937,1,sibling_roster
900813,1939,2,sibling_roster
931417,1938,2,graduate
931417,1934,1,sibling_roster
931417,1939,2,sibling_roster
915587,1939,4,graduate
915587,1927,1,sibling_roster
915587,1937,2,sibling_roster
915587,1938,3,sibling_roster
915587,1940,4,sibling_roster
915587,1940,5,sibling_roster
915587,1943,6,sibling_roster
915587,1946,7,sibling_roster
915587,1951,8,sibling_roster
923851,1939,5,graduate
903390,1939,3,graduate
903390,1931,1,sibling_roster
903390,1935,2,sibling_roster
903390,1940,3,sibling_roster
903390,1944,4,sibling_roster
903390,1949,5,sibling_roster
929605,1939,3,graduate
929605,1930,1,sibling_roster
929605,1931,2,sibling_roster
929605,1940,3,sibling_roster
929605,1946,4,sibling_roster
933025,1939,2,graduate
933025,1938,1,sibling_roster
933025,1940,2,sibling_roster
933025,1948,3,sibling_roster
933025,1950,4,sibling_roster
927776,1939,1,sibling_roster
927776,1943,2,sibling_roster
927776,1948,3,sibling_roster
920193,1940,1,sibling_roster
904367,1939,2,graduate
904367,1937,1,sibling_roster
904367,1940,2,sibling_roster
904367,1943,3,sibling_roster
904367,1945,4,sibling_roster
932835,1939,1,sibling_roster
932835,1942,2,sibling_roster
923814,1939,2,graduate
923814,1937,1,sibling_roster
923814,1940,2,sibling_roster
923814,1942,3,sibling_roster
901223,1938,1,sibling_roster
901223,1940,2,sibling_roster
926259,1939,3,graduate
926259,1935,1,sibling_roster
926259,1937,2,sibling_roster
926259,1940,3,sibling_roster
926259,1940,4,sibling_roster
926259,1942,5,sibling_roster
926259,1945,6,sibling_roster
905776,1938,4,graduate
905776,1930,1,sibling_roster
905776,1931,2,sibling_roster
905776,1935,3,sibling_roster
905776,1939,4,sibling_roster
903865,1939,1,sibling_roster
903865,1942,2,sibling_roster
924514,1939,2,graduate
924514,1937,1,sibling_roster
924514,1940,2,sibling_roster
924514,1942,3,sibling_roster
924514,1949,4,sibling_roster
906440,1938,2,graduate
906440,1928,1,sibling_roster
906440,1939,2,sibling_roster
918433,1939,3,graduate
918433,1931,1,sibling_roster
918433,1937,2,sibling_roster
918433,1939,3,sibling_roster
930192,1939,2,graduate
930192,1936,1,sibling_roster
930192,1939,2,sibling_roster
930192,1944,3,sibling_roster
908171,1940,1,sibling_roster
925203,1939,2,graduate
925203,1934,1,sibling_roster
925203,1939,2,sibling_roster
925203,1940,3,sibling_roster
904921,1939,2,graduate
904921,1939,1,sibling_roster
904921,1940,2,sibling_roster
904921,1944,3,sibling_roster
904921,1948,4,sibling_roster
904921,1955,5,sibling_roster
932010,1939,1,sibling_roster
932010,1944,2,sibling_roster
932010,1947,3,sibling_roster
932010,1957,4,sibling_roster
910434,1939,3,graduate
910434,1936,1,sibling_roster
910434,1939,2,sibling_roster
910434,1940,3,sibling_roster
927357,1939,2,graduate
927357,1936,1,sibling_roster
927357,1940,2,sibling_roster
927357,1950,3,sibling_roster
903076,1939,1,sibling_roster
903076,1945,2,sibling_roster
929701,1938,2,graduate
929701,1936,1,sibling_roster
929701,1939,2,sibling_roster
929701,1946,3,sibling_roster
929701,1949,4,sibling_roster
919514,1939,2,graduate
919514,1939,1,sibling_roster
919514,1940,2,sibling_roster
919514,1946,3,sibling_roster
921935,1937,4,graduate
901241,1939,1,sibling_roster
901241,1942,2,sibling_roster
901241,1949,3,sibling_roster
901241,1951,4,sibling_roster
901241,1953,5,sibling_roster
924238,1939,1,sibling_roster
924238,1947,2,sibling_roster
924859,1939,1,sibling_roster
924859,1941,2,sibling_roster
924859,1941,3,sibling_roster
924859,1944,4,sibling_roster
924859,1946,5,sibling_roster
924859,1950,6,sibling_roster
924859,1952,7,sibling_roster
914004,1939,1,sibling_roster
914004,1943,2,sibling_roster
902098,1938,2,graduate
902098,1934,1,sibling_roster
902098,1939,2,sibling_roster
902098,1943,3,sibling_roster
902431,1939,1,sibling_roster
902431,1946,2,sibling_roster
929527,1940,1,sibling_roster
929527,1943,2,sibling_roster
925245,1939,2,graduate
930744,1939,4,graduate
930744,1919,1,sibling_roster
930744,1931,2,sibling_roster
930744,1935,3,sibling_roster
930744,1940,4,sibling_roster
929280,1939,3,graduate
929280,1936,1,sibling_roster
929280,1937,2,sibling_roster
929280,1939,3,sibling_roster
929280,1945,4,sibling_roster
929359,1939,1,sibling_roster
929359,1943,2,sibling_roster
905855,1940,1,sibling_roster
905855,1943,2,sibling_roster
905855,1945,3,sibling_roster
905855,1948,4,sibling_roster
924916,1938,2,graduate
924916,1936,1,sibling_roster
924916,1939,2,sibling_roster
924916,1947,3,sibling_roster
903406,1939,2,graduate
903406,1929,1,sibling_roster
903406,1939,2,sibling_roster
902488,1939,6,graduate
921023,1940,1,sibling_roster
903525,1938,3,graduate
903525,1922,1,sibling_roster
903525,1928,2,sibling_roster
903525,1939,3,sibling_roster
932268,1939,6,graduate
932268,1928,1,sibling_roster
932268,1931,2,sibling_roster
932268,1932,3,sibling_roster
932268,1934,4,sibling_roster
932268,1936,5,sibling_roster
932268,1939,6,sibling_roster
932268,1943,7,sibling_roster
932268,1946,8,sibling_roster
927271,1939,1,sibling_roster
927271,1943,2,sibling_roster
927271,1948,3,sibling_roster
927271,1952,4,sibling_roster
927271,1958,5,sibling_roster
926882,1939,2,graduate
926882,1936,1,sibling_roster
926882,1939,2,sibling_roster
926882,1944,3,sibling_roster
919982,1939,2,graduate
910914,1939,2,graduate
910914,1938,1,sibling_roster
910914,1940,2,sibling_roster
910914,1942,3,sibling_roster
910914,1948,4,sibling_roster
903156,1939,2,graduate
903156,1939,1,sibling_roster
903156,1940,2,sibling_roster
903156,1945,3,sibling_roster
903156,1947,4,sibling_roster
903156,1949,5,sibling_roster
903156,1951,6,sibling_roster
903156,1959,7,sibling_roster
902205,1939,1,sibling_roster
902205,1946,2,sibling_roster
905724,1939,6,graduate
905724,1928,1,sibling_roster
905724,1934,2,sibling_roster
905724,1935,3,sibling_roster
905724,1937,4,sibling_roster
905724,1940,5,sibling_roster
905724,1941,6,sibling_roster
907272,1939,2,graduate
907272,1930,1,sibling_roster
907272,1939,2,sibling_roster
907272,1948,3,sibling_roster
907272,1949,4,sibling_roster
912106,1940,1,sibling_roster
912106,1940,2,sibling_roster
912106,1946,3,sibling_roster
912106,1955,4,sibling_roster
921391,1939,1,sibling_roster
921391,1941,2,sibling_roster
921391,1945,3,sibling_roster
927492,1939,1,sibling_roster
927492,1944,2,sibling_roster
918679,1938,2,graduate
918679,1937,1,sibling_roster
918679,1939,2,sibling_roster
918679,1940,3,sibling_roster
918679,1942,4,sibling_roster
918679,1949,5,sibling_roster
920826,1939,2,graduate
920826,1939,1,sibling_roster
920826,1940,2,sibling_roster
906201,1939,5,graduate
929221,1939,5,graduate
929221,1917,1,sibling_roster
929221,1927,2,sibling_roster
929221,1929,3,sibling_roster
929221,1930,4,sibling_roster
929221,1940,5,sibling_roster
928352,1939,4,graduate
928352,1931,1,sibling_roster
928352,1933,2,sibling_roster
928352,1937,3,sibling_roster
928352,1939,4,sibling_roster
928352,1942,5,sibling_roster
902890,1940,2,graduate
902890,1937,1,sibling_roster
902890,1940,2,sibling_roster
918472,1939,4,graduate
909305,1940,1,sibling_roster
909305,1945,2,sibling_roster
909305,1962,3,sibling_roster
906728,1939,2,graduate
900042,1939,1,sibling_roster
900042,1945,2,sibling_roster
900042,1947,3,sibling_roster
915427,1939,2,graduate
915427,1938,1,sibling_roster
915427,1940,2,sibling_roster
915427,1942,3,sibling_roster
915427,1945,4,sibling_roster
919291,1939,3,graduate
919291,1934,1,sibling_roster
919291,1936,2,sibling_roster
919291,1940,3,sibling_roster
919291,1954,4,sibling_roster
923636,1940,1,sibling_roster
923636,1942,2,sibling_roster
916370,1937,2,graduate
916370,1933,1,sibling_roster
916370,1938,2,sibling_roster
916370,1938,3,sibling_roster
916370,1939,4,sibling_roster
916370,1941,5,sibling_roster
916370,1943,6,sibling_roster
916370,1947,7,sibling_roster
916370,1949,8,sibling_roster
916370,1952,9,sibling_roster
916370,1953,10,sibling_roster
909700,1939,1,sibling_roster
909700,1940,2,sibling_roster
909700,1945,3,sibling_roster
909700,1951,4,sibling_roster
909700,1954,5,sibling_roster
909700,1957,6,sibling_roster
930404,1938,2,graduate
930404,1936,1,sibling_roster
930404,1938,2,sibling_roster
930404,1939,3,sibling_roster
930404,1942,4,sibling_roster
901217,1939,5,graduate
901217,1928,1,sibling_roster
901217,1929,2,sibling_roster
901217,1934,3,sibling_roster
901217,1938,4,sibling_roster
901217,1940,5,sibling_roster
912845,1939,2,graduate
912845,1937,1,sibling_roster
912845,1940,2,sibling_roster
915054,1939,1,sibling_roster
915054,1943,2,sibling_roster
927984,1939,2,graduate
927984,1934,1,sibling_roster
927984,1940,2,sibling_roster
932955,1940,1,sibling_roster
932955,1942,2,sibling_roster
932955,1944,3,sibling_roster
932955,1951,4,sibling_roster
903963,1939,2,graduate
903963,1938,1,sibling_roster
903963,1940,2,sibling_roster
903963,1946,3,sibling_roster
903963,1947,4,sibling_roster
903963,1957,5,sibling_roster
927748,1939,2,graduate
927047,1940,1,sibling_roster
927047,1941,2,sibling_roster
927047,1947,3,sibling_roster
912492,1939,1,sibling_roster
912492,1941,2,sibling_roster
916686,1939,2,graduate
916686,1938,1,sibling_roster
916686,1941,2,sibling_roster
916686,1942,3,sibling_roster
916686,1948,4,sibling_roster
921996,1939,1,sibling_roster
921996,1942,2,sibling_roster
903874,1938,1,sibling_roster
903874,1940,2,sibling_roster
901062,1939,1,sibling_roster
901062,1941,2,sibling_roster
923904,1939,2,graduate
903690,1939,2,graduate
903690,1936,1,sibling_roster
903690,1939,2,sibling_roster
903690,1949,3,sibling_roster
908136,1939,1,sibling_roster
908136,1944,2,sibling_roster
919778,1939,2,graduate
900652,1939,3,graduate
900652,1933,1,sibling_roster
900652,1937,2,sibling_roster
900652,1940,3,sibling_roster
900652,1941,4,sibling_roster
900652,1943,5,sibling_roster
902376,1939,2,graduate
902376,1938,1,sibling_roster
902376,1939,2,sibling_roster
902376,1944,3,sibling_roster
927520,1939,4,graduate
927520,1930,1,sibling_roster
927520,1935,2,sibling_roster
927520,1936,3,sibling_roster
927520,1940,4,sibling_roster
928396,1939,2,graduate
928396,1937,1,sibling_roster
928396,1940,2,sibling_roster
928396,1943,3,sibling_roster
921749,1939,1,sibling_roster
921749,1945,2,sibling_roster
901198,1939,2,graduate
901198,1936,1,sibling_roster
901198,1940,2,sibling_roster
905225,1939,2,graduate
905225,1938,1,sibling_roster
905225,1940,2,sibling_roster
905225,1944,3,sibling_roster
913679,1939,2,graduate
913679,1932,1,sibling_roster
913679,1939,2,sibling_roster
913679,1948,3,sibling_roster
913679,1950,4,sibling_roster
913679,1956,5,sibling_roster
913679,1963,6,sibling_roster
932612,1940,1,sibling_roster
932612,1947,2,sibling_roster
910793,1940,1,sibling_roster
910793,1947,2,sibling_roster
911920,1938,2,graduate
904568,1939,2,graduate
904568,1937,1,sibling_roster
904568,1939,2,sibling_roster
922255,1939,4,graduate
922255,1930,1,sibling_roster
922255,1932,2,sibling_roster
922255,1938,3,sibling_roster
922255,1939,4,sibling_roster
922255,1945,5,sibling_roster
922255,1956,6,sibling_roster
922255,1957,7,sibling_roster
910461,1940,1,sibling_roster
910461,1941,2,sibling_roster
910461,1943,3,sibling_roster
910461,1945,4,sibling_roster
910461,1946,5,sibling_roster
910461,1951,6,sibling_roster
910461,1954,7,sibling_roster
910461,1963,8,sibling_roster
900942,1940,1,sibling_roster
900942,1942,2,sibling_roster
911664,1939,2,graduate
911664,1927,1,sibling_roster
911664,1940,2,sibling_roster
917525,1940,1,sibling_roster
917525,1944,2,sibling_roster
911635,1940,1,sibling_roster
911635,1943,2,sibling_roster
911635,1946,3,sibling_roster
911635,1948,4,sibling_roster
928069,1939,1,sibling_roster
928069,1942,2,sibling_roster
913253,1938,2,graduate
913253,1929,1,sibling_roster
913253,1940,2,sibling_roster
905007,1939,2,graduate
901543,1939,2,graduate
913096,1939,3,graduate
926732,1939,2,graduate
926732,1937,1,sibling_roster
926732,1940,2,sibling_roster
904075,1939,3,graduate
904075,1931,1,sibling_roster
904075,1940,2,sibling_roster
904075,1941,3,sibling_roster
921568,1939,1,sibling_roster
921568,1944,2,sibling_roster
911222,1940,2,graduate
911222,1936,1,sibling_roster
911222,1940,2,sibling_roster
922998,1940,1,sibling_roster
921614,1940,1,sibling_roster
921614,1941,2,sibling_roster
921614,1945,3,sibling_roster
921614,1954,4,sibling_roster
927005,1939,3,graduate
900352,1939,3,graduate
900352,1930,1,sibling_roster
900352,1934,2,sibling_roster
900352,1940,3,sibling_roster
900352,1941,4,sibling_roster
909666,1940,1,sibling_roster
909666,1944,2,sibling_roster
924949,1940,3,graduate
924949,1936,1,sibling_roster
924949,1938,2,sibling_roster
924949,1940,3,sibling_roster
924949,1950,4,sibling_roster
928222,1939,2,graduate
928222,1936,1,sibling_roster
928222,1939,2,sibling_roster
928222,1943,3,sibling_roster
928222,1947,4,sibling_roster
928222,1949,5,sibling_roster
929929,1940,4,graduate
929929,1935,1,sibling_roster
929929,1937,2,sibling_roster
929929,1939,3,sibling_roster
929929,1940,4,sibling_roster
920625,1937,3,graduate
920625,1931,1,sibling_roster
920625,1933,2,sibling_roster
920625,1938,3,sibling_roster
920625,1939,4,sibling_roster
920625,1947,5,sibling_roster
920623,1940,1,sibling_roster
920623,1941,2,sibling_roster
902012,1939,3,graduate
902012,1933,1,sibling_roster
902012,1939,2,sibling_roster
902012,1942,3,sibling_roster
902012,1944,4,sibling_roster
902012,1949,5,sibling_roster
902012,1951,6,sibling_roster
902012,1953,7,sibling_roster
902012,1955,8,sibling_roster
905842,1939,1,sibling_roster
905842,1953,2,sibling_roster
911545,1939,3,graduate
914594,1939,6,graduate
914594,1927,1,sibling_roster
914594,1928,2,sibling_roster
914594,1929,3,sibling_roster
914594,1930,4,sibling_roster
914594,1938,5,sibling_roster
914594,1940,6,sibling_roster
914594,1942,7,sibling_roster
914594,1944,8,sibling_roster
932316,1939,3,graduate
932316,1938,1,sibling_roster
932316,1939,2,sibling_roster
932316,1940,3,sibling_roster
932316,1941,4,sibling_roster
932316,1943,5,sibling_roster
932316,1945,6,sibling_roster
932316,1946,7,sibling_roster
932316,1949,8,sibling_roster
932316,1950,9,sibling_roster
932316,1952,10,sibling_roster
932316,1954,11,sibling_roster
932316,1955,12,sibling_roster
930539,1939,4,graduate
931054,1939,4,graduate
931054,1936,1,sibling_roster
931054,1937,2,sibling_roster
931054,1938,3,sibling_roster
931054,1940,4,sibling_roster
931054,1944,5,sibling_roster
931054,1946,6,sibling_roster
931054,1947,7,sibling_roster
931054,1948,8,sibling_roster
931054,1953,9,sibling_roster
929735,1940,1,sibling_roster
929735,1943,2,sibling_roster
929735,1944,3,sibling_roster
929735,1950,4,sibling_roster
931501,1940,1,sibling_roster
931501,1942,2,sibling_roster
931501,1944,3,sibling_roster
931501,1946,4,sibling_roster
927475,1939,3,graduate
927475,1931,1,sibling_roster
927475,1934,2,sibling_roster
927475,1939,3,sibling_roster
927475,1949,4,sibling_roster
927475,1951,5,sibling_roster
925491,1939,3,graduate
925491,1929,1,sibling_roster
925491,1938,2,sibling_roster
925491,1940,3,sibling_roster
925491,1950,4,sibling_roster
925491,1952,5,sibling_roster
925491,1956,6,sibling_roster
925491,1958,7,sibling_roster
925491,1960,8,sibling_roster
902936,1939,2,graduate
931371,1940,1,sibling_roster
931371,1942,2,sibling_roster
931371,1946,3,sibling_roster
931371,1950,4,sibling_roster
909601,1939,7,graduate
909601,1931,1,sibling_roster
909601,1934,2,sibling_roster
909601,1935,3,sibling_roster
909601,1936,4,sibling_roster
909601,1937,5,sibling_roster
909601,1938,6,sibling_roster
909601,1940,7,sibling_roster
909601,1941,8,sibling_roster
909601,1942,9,sibling_roster
909601,1943,10,sibling_roster
909601,1945,11,sibling_roster
930775,1938,2,graduate
930775,1936,1,sibling_roster
930775,1938,2,sibling_roster
930775,1939,3,sibling_roster
930775,1939,4,sibling_roster
923302,1941,1,sibling_roster
923302,1942,2,sibling_roster
923302,1945,3,sibling_roster
923302,1947,4,sibling_roster
931923,1939,2,graduate
931923,1936,1,sibling_roster
931923,1939,2,sibling_roster
918309,1940,1,sibling_roster
918309,1942,2,sibling_roster
918309,1943,3,sibling_roster
918309,1947,4,sibling_roster
918309,1951,5,sibling_roster
915042,1938,1,sibling_roster
915042,1942,2,sibling_roster
910486,1938,11,graduate
910486,1926,1,sibling_roster
910486,1926,2,sibling_roster
910486,1927,3,sibling_roster
910486,1928,4,sibling_roster
910486,1930,5,sibling_roster
910486,1933,6,sibling_roster
910486,1936,7,sibling_roster
910486,1936,8,sibling_roster
910486,1939,9,sibling_roster
913881,1940,1,sibling_roster
913881,1948,2,sibling_roster
904182,1939,6,graduate
923028,1939,6,graduate
909009,1939,5,graduate
905086,1940,1,sibling_roster
905086,1943,2,sibling_roster
910216,1939,1,sibling_roster
910216,1942,2,sibling_roster
912777,1939,1,sibling_roster
912777,1943,2,sibling_roster
900214,1938,2,graduate
900214,1936,1,sibling_roster
900214,1939,2,sibling_roster
926393,1939,2,graduate
926393,1936,1,sibling_roster
926393,1940,2,sibling_roster
926393,1942,3,sibling_roster
926393,1947,4,sibling_roster
926393,1949,5,sibling_roster
920125,1939,2,graduate
920125,1936,1,sibling_roster
920125,1940,2,sibling_roster
920480,1938,4,graduate
920480,1937,1,sibling_roster
920480,1938,2,sibling_roster
920480,1938,3,sibling_roster
920480,1939,4,sibling_roster
920480,1942,5,sibling_roster
920480,1954,6,sibling_roster
923789,1939,7,graduate
923789,1926,1,sibling_roster
923789,1929,2,sibling_roster
923789,1931,3,sibling_roster
923789,1934,4,sibling_roster
923789,1935,5,sibling_roster
923789,1938,6,sibling_roster
923789,1940,7,sibling_roster
923789,1949,8,sibling_roster
911538,1940,2,graduate
911538,1936,1,sibling_roster
911538,1940,2,sibling_roster
911538,1946,3,sibling_roster
911538,1948,4,sibling_roster
907019,1939,2,graduate
907019,1936,1,sibling_roster
907019,1940,2,sibling_roster
907019,1943,3,sibling_roster
907019,1948,4,sibling_roster
907019,1950,5,sibling_roster
918734,1939,7,graduate
918734,1923,1,sibling_roster
918734,1925,2,sibling_roster
918734,1925,3,sibling_roster
918734,1927,4,sibling_roster
918734,1927,5,sibling_roster
918734,1931,6,sibling_roster
918734,1940,7,sibling_roster
924280,1939,3,graduate
924280,1937,1,sibling_roster
924280,1938,2,sibling_roster
924280,1940,3,sibling_roster
924280,1943,4,sibling_roster
924280,1945,5,sibling_roster
920723,1939,6,graduate
920723,1923,1,sibling_roster
920723,1925,2,sibling_roster
920723,1926,3,sibling_roster
920723,1932,4,sibling_roster
920723,1934,5,sibling_roster
920723,1940,6,sibling_roster
904031,1938,4,graduate
904031,1928,1,sibling_roster
904031,1930,2,sibling_roster
904031,1938,3,sibling_roster
904031,1939,4,sibling_roster
924252,1938,2,graduate
924286,1939,1,sibling_roster
931576,1940,1,sibling_roster
931576,1944,2,sibling_roster
931576,1944,3,sibling_roster
927108,1939,2,graduate
927108,1936,1,sibling_roster
927108,1939,2,sibling_roster
927108,1941,3,sibling_roster
927108,1943,4,sibling_roster
927108,1948,5,sibling_roster
927108,1952,6,sibling_roster
927108,1955,7,sibling_roster
927108,1957,8,sibling_roster
903882,1938,3,graduate
902946,1937,3,graduate
902946,1933,1,sibling_roster
902946,1934,2,sibling_roster
902946,1938,3,sibling_roster
902946,1941,4,sibling_roster
906429,1939,2,graduate
906429,1936,1,sibling_roster
906429,1939,2,sibling_roster
906429,1941,3,sibling_roster
906429,1943,4,sibling_roster
906429,1946,5,sibling_roster
900434,1937,3,graduate
900434,1933,1,sibling_roster
900434,1936,2,sibling_roster
900434,1938,3,sibling_roster
928666,1938,2,graduate
928666,1938,1,sibling_roster
928666,1939,2,sibling_roster
928666,1946,3,sibling_roster
928666,1951,4,sibling_roster
927864,1937,2,graduate
927864,1934,1,sibling_roster
927864,1938,2,sibling_roster
903327,1938,4,graduate
903327,1935,1,sibling_roster
903327,1939,2,sibling_roster
903327,1941,3,sibling_roster
903327,1945,4,sibling_roster
903327,1947,5,sibling_roster
906146,1939,4,graduate
927190,1940,1,sibling_roster
927190,1942,2,sibling_roster
927190,1945,3,sibling_roster
927190,1945,4,sibling_roster
927190,1947,5,sibling_roster
927190,1948,6,sibling_roster
927190,1950,7,sibling_roster
927190,1952,8,sibling_roster
927190,1955,9,sibling_roster
919347,1939,10,graduate
929890,1939,3,graduate
929890,1935,1,sibling_roster
929890,1936,2,sibling_roster
929890,1940,3,sibling_roster
929890,1944,4,sibling_roster
900704,1939,3,graduate
930420,1939,1,sibling_roster
930420,1941,2,sibling_roster
930420,1942,3,sibling_roster
930420,1947,4,sibling_roster
930420,1948,5,sibling_roster
930420,1949,6,sibling_roster
930420,1952,7,sibling_roster
931812,1937,2,graduate
929465,1940,1,sibling_roster
929465,1940,2,sibling_roster
929465,1946,3,sibling_roster
929465,1949,4,sibling_roster
917136,1940,2,graduate
925428,1939,3,graduate
925428,1935,1,sibling_roster
925428,1939,2,sibling_roster
925428,1940,3,sibling_roster
925428,1951,4,sibling_roster
917853,1939,4,graduate
917853,1924,1,sibling_roster
917853,1935,2,sibling_roster
917853,1938,3,sibling_roster
917853,1939,4,sibling_roster
933402,1939,2,graduate
933402,1937,1,sibling_roster
933402,1939,2,sibling_roster
933402,1945,3,sibling_roster
933834,1940,1,sibling_roster
933834,1943,2,sibling_roster
919487,1939,6,graduate
907581,1938,1,sibling_roster
907581,1940,2,sibling_roster
907581,1941,3,sibling_roster
929204,1939,2,graduate
932146,1939,1,sibling_roster
927929,1939,2,graduate
927929,1937,1,sibling_roster
927929,1940,2,sibling_roster
927929,1942,3,sibling_roster
917198,1939,2,graduate
930603,1939,2,graduate
930603,1939,1,sibling_roster
930603,1940,2,sibling_roster
930603,1942,3,sibling_roster
930603,1950,4,sibling_roster
930603,1959,5,sibling_roster
928491,1939,3,graduate
928491,1930,1,sibling_roster
928491,1932,2,sibling_roster
928491,1940,3,sibling_roster
915318,1939,5,graduate
917250,1938,2,graduate
914479,1940,1,sibling_roster
916074,1938,1,sibling_roster
916074,1942,2,sibling_roster
916074,1945,3,sibling_roster
915987,1938,10,graduate
915987,1920,1,sibling_roster
915987,1923,2,sibling_roster
915987,1925,3,sibling_roster
915987,1928,4,sibling_roster
915987,1928,5,sibling_roster
915987,1930,6,sibling_roster
915987,1933,7,sibling_roster
915987,1936,8,sibling_roster
915987,1939,9,sibling_roster
915987,1942,10,sibling_roster
915987,1946,11,sibling_roster
915987,1946,12,sibling_roster
918084,1939,5,graduate
913831,1939,2,graduate
913831,1938,1,sibling_roster
913831,1940,2,sibling_roster
913831,1953,3,sibling_roster
918366,1940,1,sibling_roster
918366,1945,2,sibling_roster
933678,1939,3,graduate
933678,1928,1,sibling_roster
933678,1930,2,sibling_roster
933678,1940,3,sibling_roster
921463,1939,4,graduate
920082,1939,2,graduate
920082,1939,1,sibling_roster
920082,1940,2,sibling_roster
920087,1939,1,sibling_roster
920087,1940,2,sibling_roster
920087,1941,3,sibling_roster
918835,1939,3,graduate
911378,1938,5,graduate
916945,1940,3,graduate
916945,1937,1,sibling_roster
916945,1938,2,sibling_roster
916945,1940,3,sibling_roster
923820,1939,6,graduate
923820,1930,1,sibling_roster
923820,1932,2,sibling_roster
923820,1933,3,sibling_roster
923820,1935,4,sibling_roster
923820,1937,5,sibling_roster
923820,1939,6,sibling_roster
923820,1943,7,sibling_roster
900183,1940,1,sibling_roster
900183,1947,2,sibling_roster
900183,1949,3,sibling_roster
900183,1951,4,sibling_roster
900183,1954,5,sibling_roster
900183,1957,6,sibling_roster
900183,1961,7,sibling_roster
900888,1940,1,sibling_roster
900888,1947,2,sibling_roster
900888,1952,3,sibling_roster
921763,1940,3,graduate
921763,1937,1,sibling_roster
921763,1940,2,sibling_roster
921763,1940,3,sibling_roster
921763,1943,4,sibling_roster
921763,1949,5,sibling_roster
922949,1939,1,sibling_roster
922949,1941,2,sibling_roster
922949,1943,3,sibling_roster
922949,1945,4,sibling_roster
921316,1938,8,graduate
921316,1930,1,sibling_roster
921316,1931,2,sibling_roster
921316,1932,3,sibling_roster
921316,1932,4,sibling_roster
921316,1933,5,sibling_roster
921316,1935,6,sibling_roster
921316,1937,7,sibling_roster
921316,1939,8,sibling_roster
921316,1940,9,sibling_roster
921316,1941,10,sibling_roster
921316,1943,11,sibling_roster
920533,1938,3,graduate
920533,1935,1,sibling_roster
920533,1937,2,sibling_roster
920533,1939,3,sibling_roster
920533,1942,4,sibling_roster
920533,1943,5,sibling_roster
920533,1944,6,sibling_roster
920533,1947,7,sibling_roster
920533,1950,8,sibling_roster
905132,1940,1,sibling_roster
905132,1942,2,sibling_roster
905132,1944,3,sibling_roster
905132,1945,4,sibling_roster
905132,1947,5,sibling_roster
905132,1950,6,sibling_roster
912647,1938,2,graduate
912647,1937,1,sibling_roster
912647,1939,2,sibling_roster
916572,1939,5,graduate
912562,1939,2,graduate
920035,1939,1,sibling_roster
920035,1941,2,sibling_roster
920035,1946,3,sibling_roster
920035,1953,4,sibling_roster
920035,1958,5,sibling_roster
920819,1939,1,sibling_roster
920819,1954,2,sibling_roster
920819,1957,3,sibling_roster
904391,1940,2,graduate
933858,1939,4,graduate
933858,1922,1,sibling_roster
933858,1933,2,sibling_roster
933858,1936,3,sibling_roster
933858,1940,4,sibling_roster
933858,1941,5,sibling_roster
929942,1940,1,sibling_roster
929942,1945,2,sibling_roster
929942,1947,3,sibling_roster
929942,1952,4,sibling_roster
903110,1940,1,sibling_roster
903110,1948,2,sibling_roster
900420,1939,1,sibling_roster
925015,1939,2,graduate
925015,1935,1,sibling_roster
925015,1939,2,sibling_roster
925015,1944,3,sibling_roster
925015,1946,4,sibling_roster
903984,1939,1,sibling_roster
903984,1941,2,sibling_roster
903984,1945,3,sibling_roster
903984,1955,4,sibling_roster
908636,1940,1,sibling_roster
923060,1940,1,sibling_roster
923060,1941,2,sibling_roster
923060,1942,3,sibling_roster
923060,1944,4,sibling_roster
923060,1945,5,sibling_roster
923060,1946,6,sibling_roster
923060,1947,7,sibling_roster
923060,1949,8,sibling_roster
923060,1952,9,sibling_roster
923060,1953,10,sibling_roster
923060,1954,11,sibling_roster
923060,1957,12,sibling_roster
923466,1939,3,graduate
903682,1939,1,sibling_roster
903682,1940,2,sibling_roster
903682,1941,3,sibling_roster
903682,1942,4,sibling_roster
903682,1958,5,sibling_roster
903682,1959,6,sibling_roster
928916,1939,1,sibling_roster
928916,1941,2,sibling_roster
928916,1942,3,sibling_roster
906705,1939,2,graduate
906705,1935,1,sibling_roster
906705,1940,2,sibling_roster
906705,1943,3,sibling_roster
925324,1939,4,graduate
925324,1927,1,sibling_roster
925324,1928,2,sibling_roster
925324,1930,3,sibling_roster
925324,1940,4,sibling_roster
902520,1939,2,graduate
902520,1937,1,sibling_roster
902520,1940,2,sibling_roster
921229,1939,1,sibling_roster
921229,1941,2,sibling_roster
921229,1950,3,sibling_roster
933472,1939,1,sibling_roster
933472,1944,2,sibling_roster
933472,1946,3,sibling_roster
933472,1947,4,sibling_roster
933472,1949,5,sibling_roster
933472,1953,6,sibling_roster
918971,1939,1,sibling_roster
924915,1940,2,graduate
924915,1939,1,sibling_roster
924915,1940,2,sibling_roster
924915,1944,3,sibling_roster
924915,1949,4,sibling_roster
924915,1954,5,sibling_roster
931927,1939,6,graduate
931927,1930,1,sibling_roster
931927,1931,2,sibling_roster
931927,1933,3,sibling_roster
931927,1935,4,sibling_roster
931927,1936,5,sibling_roster
931927,1940,6,sibling_roster
931019,1940,2,graduate
931019,1939,1,sibling_roster
931019,1940,2,sibling_roster
931019,1941,3,sibling_roster
931019,1943,4,sibling_roster
931019,1946,5,sibling_roster
931019,1949,6,sibling_roster
924564,1939,6,graduate
924564,1923,1,sibling_roster
924564,1927,2,sibling_roster
924564,1933,3,sibling_roster
924564,1935,4,sibling_roster
924564,1939,5,sibling_roster
903383,1940,1,sibling_roster
903383,1941,2,sibling_roster
913919,1938,7,graduate
913919,1923,1,sibling_roster
913919,1930,2,sibling_roster
913919,1930,3,sibling_roster
913919,1934,4,sibling_roster
913919,1939,5,sibling_roster
913919,1941,6,sibling_roster
917513,1939,4,graduate
917513,1924,1,sibling_roster
917513,1925,2,sibling_roster
917513,1929,3,sibling_roster
917513,1939,4,sibling_roster
924303,1937,4,graduate
933848,1939,6,graduate
933848,1934,1,sibling_roster
933848,1936,2,sibling_roster
933848,1937,3,sibling_roster
933848,1940,4,sibling_roster
933848,1940,5,sibling_roster
933848,1940,6,sibling_roster
933848,1944,7,sibling_roster
933848,1947,8,sibling_roster
933848,1948,9,sibling_roster
933848,1952,10,sibling_roster
933848,1956,11,sibling_roster
930313,1940,1,sibling_roster
928782,1938,1,sibling_roster
928782,1941,2,sibling_roster
928782,1943,3,sibling_roster
928782,1945,4,sibling_roster
931055,1939,2,graduate
931055,1939,1,sibling_roster
931055,1940,2,sibling_roster
931055,1942,3,sibling_roster
907702,1940,5,graduate
907702,1928,1,sibling_roster
907702,1931,2,sibling_roster
907702,1933,3,sibling_roster
907702,1937,4,sibling_roster
907702,1940,5,sibling_roster
910840,1939,1,sibling_roster
930257,1940,1,sibling_roster
930257,1941,2,sibling_roster
930257,1943,3,sibling_roster
930257,1945,4,sibling_roster
930257,1947,5,sibling_roster
933884,1938,1,sibling_roster
933884,1939,2,sibling_roster
933884,1940,3,sibling_roster
933884,1942,4,sibling_roster
933884,1944,5,sibling_roster
933884,1952,6,sibling_roster
907728,1940,7,graduate
907728,1928,1,sibling_roster
907728,1930,2,sibling_roster
907728,1932,3,sibling_roster
907728,1936,4,sibling_roster
907728,1937,5,sibling_roster
907728,1940,6,sibling_roster
905424,1939,3,graduate
905424,1935,1,sibling_roster
905424,1939,2,sibling_roster
905424,1940,3,sibling_roster
922207,1940,1,sibling_roster
906513,1939,4,graduate
906513,1930,1,sibling_roster
906513,1933,2,sibling_roster
906513,1939,3,sibling_roster
926937,1940,1,sibling_roster
926937,1942,2,sibling_roster
926937,1949,3,sibling_roster
901076,1939,3,graduate
901076,1921,1,sibling_roster
901076,1923,2,sibling_roster
901076,1939,3,sibling_roster
901076,1939,4,sibling_roster
901076,1941,5,sibling_roster
922873,1939,4,graduate
924323,1939,7,graduate
904677,1938,2,graduate
904677,1931,1,sibling_roster
904677,1938,2,sibling_roster
917610,1939,2,graduate
917610,1937,1,sibling_roster
917610,1940,2,sibling_roster
909134,1939,2,graduate
909134,1938,1,sibling_roster
909134,1940,2,sibling_roster
909134,1947,3,sibling_roster
906274,1939,4,graduate
906274,1932,1,sibling_roster
906274,1935,2,sibling_roster
906274,1937,3,sibling_roster
906274,1940,4,sibling_roster
906274,1948,5,sibling_roster
923129,1940,1,sibling_roster
923129,1943,2,sibling_roster
923129,1945,3,sibling_roster
907464,1940,7,graduate
907464,1923,1,sibling_roster
907464,1925,2,sibling_roster
907464,1927,3,sibling_roster
907464,1928,4,sibling_roster
907464,1930,5,sibling_roster
907464,1936,6,sibling_roster
907464,1941,7,sibling_roster
917556,1939,1,sibling_roster
917556,1940,2,sibling_roster
917556,1945,3,sibling_roster
917556,1946,4,sibling_roster
926707,1938,3,graduate
909266,1939,5,graduate
909266,1928,1,sibling_roster
909266,1935,2,sibling_roster
909266,1936,3,sibling_roster
909266,1938,4,sibling_roster
909266,1940,5,sibling_roster
909266,1946,6,sibling_roster
909266,1949,7,sibling_roster
908381,1939,3,graduate
908381,1934,1,sibling_roster
908381,1935,2,sibling_roster
908381,1939,3,sibling_roster
908381,1951,4,sibling_roster
914344,1939,2,graduate
914344,1938,1,sibling_roster
914344,1940,2,sibling_roster
908619,1939,2,graduate
900560,1939,4,graduate
900560,1935,1,sibling_roster
900560,1936,2,sibling_roster
900560,1937,3,sibling_roster
900560,1939,4,sibling_roster
900560,1940,5,sibling_roster
900560,1942,6,sibling_roster
900560,1945,7,sibling_roster
900560,1949,8,sibling_roster
910874,1938,1,sibling_roster
910874,1943,2,sibling_roster
910874,1948,3,sibling_roster
910874,1951,4,sibling_roster
910874,1956,5,sibling_roster
921682,1940,2,graduate
921682,1937,1,sibling_roster
921682,1940,2,sibling_roster
921682,1948,3,sibling_roster
902378,1939,3,graduate
902378,1932,1,sibling_roster
902378,1936,2,sibling_roster
902378,1940,3,sibling_roster
911149,1940,1,sibling_roster
911149,1942,2,sibling_roster
911149,1943,3,sibling_roster
911149,1944,4,sibling_roster
911149,1950,5,sibling_roster
911149,1951,6,sibling_roster
911149,1952,7,sibling_roster
911149,1954,8,sibling_roster
911149,1955,9,sibling_roster
911149,1957,10,sibling_roster
911149,1959,11,sibling_roster
908923,1939,2,graduate
908923,1938,1,sibling_roster
908923,1940,2,sibling_roster
917365,1940,1,sibling_roster
917365,1955,2,sibling_roster
921687,1940,1,sibling_roster
921687,1947,2,sibling_roster
921687,1950,3,sibling_roster
921687,1952,4,sibling_roster
918841,1940,1,sibling_roster
918841,1944,2,sibling_roster
900832,1940,1,sibling_roster
900832,1943,2,sibling_roster
900255,1939,4,graduate
900255,1934,1,sibling_roster
900255,1936,2,sibling_roster
900255,1939,3,sibling_roster
900255,1946,4,sibling_roster
913435,1937,4,graduate
913435,1933,1,sibling_roster
913435,1935,2,sibling_roster
913435,1936,3,sibling_roster
913435,1938,4,sibling_roster
913435,1938,5,sibling_roster
913435,1941,6,sibling_roster
913435,1945,7,sibling_roster
913435,1952,8,sibling_roster
911093,1939,6,graduate
911093,1921,1,sibling_roster
911093,1930,2,sibling_roster
911093,1933,3,sibling_roster
911093,1935,4,sibling_roster
911093,1937,5,sibling_roster
911093,1940,6,sibling_roster
921593,1939,2,graduate
921593,1936,1,sibling_roster
921593,1939,2,sibling_roster
929378,1939,1,sibling_roster
929378,1948,2,sibling_roster
929378,1950,3,sibling_roster
932199,1939,6,graduate
932199,1929,1,sibling_roster
932199,1930,2,sibling_roster
932199,1931,3,sibling_roster
932199,1933,4,sibling_roster
932199,1938,5,sibling_roster
932199,1939,6,sibling_roster
932199,1943,7,sibling_roster
904879,1939,3,graduate
904879,1930,1,sibling_roster
904879,1930,2,sibling_roster
904879,1939,3,sibling_roster
902333,1938,7,graduate
902333,1921,1,sibling_roster
902333,1927,2,sibling_roster
902333,1930,3,sibling_roster
902333,1932,4,sibling_roster
902333,1935,5,sibling_roster
902333,1936,6,sibling_roster
902333,1939,7,sibling_roster
902333,1940,8,sibling_roster
907738,1939,9,graduate
907738,1922,1,sibling_roster
907738,1925,2,sibling_roster
907738,1927,3,sibling_roster
907738,1929,4,sibling_roster
907738,1930,5,sibling_roster
907738,1933,6,sibling_roster
907738,1935,7,sibling_roster
907738,1937,8,sibling_roster
907738,1939,9,sibling_roster
907738,1941,10,sibling_roster
906765,1940,1,sibling_roster
906765,1949,2,sibling_roster
917874,1939,7,graduate
917874,1925,1,sibling_roster
917874,1928,2,sibling_roster
917874,1931,3,sibling_roster
917874,1932,4,sibling_roster
917874,1934,5,sibling_roster
917874,1937,6,sibling_roster
917874,1939,7,sibling_roster
917874,1941,8,sibling_roster
906879,1939,4,graduate
906879,1929,1,sibling_roster
906879,1932,2,sibling_roster
906879,1935,3,sibling_roster
906879,1940,4,sibling_roster
906879,1942,5,sibling_roster
906879,1948,6,sibling_roster
922605,1938,9,graduate
922605,1927,1,sibling_roster
922605,1927,2,sibling_roster
922605,1928,3,sibling_roster
922605,1930,4,sibling_roster
922605,1931,5,sibling_roster
922605,1932,6,sibling_roster
922605,1933,7,sibling_roster
922605,1936,8,sibling_roster
922605,1939,9,sibling_roster
926889,1939,1,sibling_roster
926889,1942,2,sibling_roster
926889,1943,3,sibling_roster
926889,1945,4,sibling_roster
926889,1948,5,sibling_roster
915597,1939,3,graduate
907595,1938,3,graduate
907595,1933,1,sibling_roster
907595,1934,2,sibling_roster
907595,1939,3,sibling_roster
907595,1941,4,sibling_roster
906330,1939,8,graduate
906330,1920,1,sibling_roster
906330,1920,2,sibling_roster
906330,1924,3,sibling_roster
906330,1928,4,sibling_roster
906330,1933,5,sibling_roster
906330,1937,6,sibling_roster
906330,1940,7,sibling_roster
929322,1939,4,graduate
929322,1933,1,sibling_roster
929322,1936,2,sibling_roster
929322,1938,3,sibling_roster
929322,1939,4,sibling_roster
929322,1943,5,sibling_roster
930981,1939,1,sibling_roster
930981,1941,2,sibling_roster
933369,1939,9,graduate
933369,1926,4,sibling_roster
933369,1930,5,sibling_roster
933369,1933,6,sibling_roster
933369,1936,7,sibling_roster
933369,1938,8,sibling_roster
933369,1940,9,sibling_roster
922263,1939,1,sibling_roster
903757,1939,2,graduate
903757,1937,1,sibling_roster
903757,1940,2,sibling_roster
917523,1939,2,graduate
909311,1940,1,sibling_roster
909311,1945,2,sibling_roster
919161,1939,2,graduate
919161,1938,1,sibling_roster
919161,1939,2,sibling_roster
919161,1940,3,sibling_roster
919161,1940,4,sibling_roster
919161,1942,6,sibling_roster
924852,1939,5,graduate
924852,1929,1,sibling_roster
924852,1931,2,sibling_roster
924852,1932,3,sibling_roster
924852,1933,4,sibling_roster
924852,1940,5,sibling_roster
904001,1939,2,graduate
931211,1938,2,graduate
931211,1934,1,sibling_roster
931211,1938,2,sibling_roster
905781,1939,1,sibling_roster
905781,1940,2,sibling_roster
905781,1941,3,sibling_roster
905781,1943,4,sibling_roster
919621,1940,1,sibling_roster
919621,1942,2,sibling_roster
919621,1955,3,sibling_roster
919621,1958,4,sibling_roster
912079,1939,4,graduate
912079,1939,1,sibling_roster
912079,1940,2,sibling_roster
912079,1943,3,sibling_roster
912079,1949,4,sibling_roster
933786,1939,2,graduate
933786,1936,1,sibling_roster
933786,1940,2,sibling_roster
908543,1939,4,graduate
908543,1934,1,sibling_roster
908543,1935,2,sibling_roster
908543,1937,3,sibling_roster
908543,1939,4,sibling_roster
908543,1939,5,sibling_roster
908543,1953,6,sibling_roster
905682,1939,3,graduate
920691,1939,5,graduate
932915,1939,1,sibling_roster
902623,1939,7,graduate
902623,1924,1,sibling_roster
902623,1930,2,sibling_roster
902623,1937,3,sibling_roster
902623,1939,4,sibling_roster
933791,1939,1,sibling_roster
933791,1942,2,sibling_roster
933791,1945,3,sibling_roster
905621,1938,8,graduate
905621,1915,1,sibling_roster
905621,1925,2,sibling_roster
905621,1928,3,sibling_roster
905621,1933,4,sibling_roster
905621,1938,5,sibling_roster
905621,1939,6,sibling_roster
905621,1939,7,sibling_roster
905621,1940,8,sibling_roster
905621,1945,9,sibling_roster
905621,1949,10,sibling_roster
909537,1940,1,sibling_roster
909537,1945,2,sibling_roster
909537,1949,3,sibling_roster
909537,1953,4,sibling_roster
909537,1961,5,sibling_roster
925962,1938,3,graduate
925962,1933,1,sibling_roster
925962,1939,2,sibling_roster
925962,1939,3,sibling_roster
925962,1947,4,sibling_roster
925962,1951,5,sibling_roster
925962,1953,6,sibling_roster
922653,1939,4,graduate
933063,1939,3,graduate
905457,1939,2,graduate
905457,1935,1,sibling_roster
905457,1939,2,sibling_roster
905457,1948,3,sibling_roster
905457,1954,4,sibling_roster
914552,1939,2,graduate
929849,1939,4,graduate
918091,1939,2,graduate
918091,1937,1,sibling_roster
918091,1940,2,sibling_roster
918091,1943,3,sibling_roster
918091,1944,4,sibling_roster
918091,1945,5,sibling_roster
918091,1954,6,sibling_roster
907446,1938,1,sibling_roster
907446,1940,2,sibling_roster
907446,1942,3,sibling_roster
916451,1938,2,graduate
921939,1939,3,graduate
921939,1934,1,sibling_roster
921939,1938,2,sibling_roster
921939,1940,3,sibling_roster
926415,1938,2,graduate
926415,1937,1,sibling_roster
926415,1939,2,sibling_roster
906409,1940,1,sibling_roster
906409,1942,2,sibling_roster
906409,1956,3,sibling_roster
925055,1939,3,graduate
925055,1935,1,sibling_roster
925055,1937,2,sibling_roster
925055,1939,3,sibling_roster
925055,1940,4,sibling_roster
925055,1941,5,sibling_roster
925055,1950,6,sibling_roster
925055,1951,7,sibling_roster
932529,1939,4,graduate
932529,1933,1,sibling_roster
932529,1935,2,sibling_roster
932529,1937,3,sibling_roster
932529,1940,4,sibling_roster
932529,1945,5,sibling_roster
932529,1947,6,sibling_roster
925989,1939,2,graduate
925989,1937,1,sibling_roster
925989,1940,2,sibling_roster
925989,1943,3,sibling_roster
925989,1947,4,sibling_roster
925989,1947,5,sibling_roster
925989,1951,6,sibling_roster
914066,1939,2,graduate
914066,1936,1,sibling_roster
914066,1939,2,sibling_roster
914066,1947,3,sibling_roster
905610,1939,2,graduate
905610,1938,1,sibling_roster
905610,1939,2,sibling_roster
905610,1947,3,sibling_roster
905610,1949,4,sibling_roster
905610,1957,5,sibling_roster
923838,1939,1,sibling_roster
923838,1942,2,sibling_roster
924712,1939,6,graduate
924712,1930,1,sibling_roster
924712,1931,2,sibling_roster
924712,1931,3,sibling_roster
924712,1937,4,sibling_roster
924712,1937,5,sibling_roster
924712,1940,6,sibling_roster
924712,1944,7,sibling_roster
924712,1945,8,sibling_roster
924712,1947,9,sibling_roster
932335,1939,1,sibling_roster
901506,1940,1,sibling_roster
901506,1946,2,sibling_roster
916838,1939,2,graduate
916838,1937,1,sibling_roster
916838,1940,2,sibling_roster
916838,1944,3,sibling_roster
927744,1939,2,graduate
927744,1935,1,sibling_roster
927744,1939,2,sibling_roster
927744,1945,3,sibling_roster
919432,1939,2,graduate
919432,1939,1,sibling_roster
919432,1940,2,sibling_roster
919432,1956,3,sibling_roster
932155,1939,5,graduate
932155,1926,1,sibling_roster
932155,1928,2,sibling_roster
932155,1933,3,sibling_roster
932155,1936,4,sibling_roster
932155,1940,5,sibling_roster
911122,1939,2,graduate
911122,1937,1,sibling_roster
911122,1939,2,sibling_roster
911122,1941,3,sibling_roster
911122,1941,4,sibling_roster
911122,1945,5,sibling_roster
911122,1948,6,sibling_roster
911122,1950,7,sibling_roster
911122,1954,8,sibling_roster
923147,1939,6,graduate
923147,1931,1,sibling_roster
923147,1933,2,sibling_roster
923147,1934,3,sibling_roster
923147,1935,4,sibling_roster
923147,1936,5,sibling_roster
923147,1940,6,sibling_roster
923147,1949,7,sibling_roster
900083,1939,4,graduate
926512,1938,5,graduate
926512,1928,1,sibling_roster
926512,1931,2,sibling_roster
926512,1935,3,sibling_roster
926512,1936,4,sibling_roster
926512,1939,5,sibling_roster
926512,1941,6,sibling_roster
926512,1943,7,sibling_roster
928599,1939,2,graduate
928599,1934,1,sibling_roster
928599,1939,2,sibling_roster
928599,1941,3,sibling_roster
928599,1944,4,sibling_roster
928599,1948,5,sibling_roster
906129,1939,1,sibling_roster
906129,1949,2,sibling_roster
906129,1951,3,sibling_roster
906129,1953,4,sibling_roster
906129,1955,5,sibling_roster
906129,1957,6,sibling_roster
909897,1939,4,graduate
909897,1936,1,sibling_roster
909897,1938,2,sibling_roster
909897,1940,3,sibling_roster
909897,1942,4,sibling_roster
909897,1945,5,sibling_roster
909897,1951,6,sibling_roster
909897,1953,7,sibling_roster
909897,1955,8,sibling_roster
920951,1938,4,graduate
905485,1938,10,graduate
905485,1922,2,sibling_roster
905485,1924,3,sibling_roster
905485,1927,4,sibling_roster
905485,1930,6,sibling_roster
905485,1933,7,sibling_roster
905485,1939,8,sibling_roster
915418,1939,3,graduate
915418,1927,1,sibling_roster
915418,1932,2,sibling_roster
915418,1940,3,sibling_roster
914901,1939,3,graduate
914901,1928,1,sibling_roster
914901,1933,2,sibling_roster
914901,1940,3,sibling_roster
912988,1939,1,sibling_roster
912988,1941,2,sibling_roster
912988,1942,3,sibling_roster
912988,1944,4,sibling_roster
912988,1946,5,sibling_roster
908104,1940,1,sibling_roster
908104,1942,2,sibling_roster
908104,1950,3,sibling_roster
908104,1958,4,sibling_roster
930403,1939,1,sibling_roster
930403,1945,2,sibling_roster
930403,1952,3,sibling_roster
909965,1940,1,sibling_roster
909965,1941,2,sibling_roster
909965,1945,3,sibling_roster
909965,1949,4,sibling_roster
909965,1954,5,sibling_roster
927312,1939,2,graduate
921489,1941,1,sibling_roster
921489,1946,2,sibling_roster
921489,1950,3,sibling_roster
921489,1953,4,sibling_roster
921489,1954,5,sibling_roster
921489,1962,6,sibling_roster
903683,1939,2,graduate
903683,1938,1,sibling_roster
903683,1940,2,sibling_roster
903683,1942,3,sibling_roster
903683,1944,4,sibling_roster
903683,1945,5,sibling_roster
903683,1949,6,sibling_roster
903683,1954,7,sibling_roster
911100,1939,6,graduate
911100,1940,1,sibling_roster
911100,1941,2,sibling_roster
911100,1949,3,sibling_roster
906467,1939,3,graduate
906467,1935,1,sibling_roster
906467,1938,2,sibling_roster
906467,1939,3,sibling_roster
906467,1941,4,sibling_roster
906467,1943,5,sibling_roster
906467,1944,6,sibling_roster
906467,1946,7,sibling_roster
906467,1948,8,sibling_roster
906467,1950,9,sibling_roster
906467,1950,10,sibling_roster
906467,1951,11,sibling_roster
927594,1939,4,graduate
927594,1930,1,sibling_roster
927594,1932,2,sibling_roster
927594,1937,3,sibling_roster
927594,1940,4,sibling_roster
927594,1945,5,sibling_roster
927594,1952,6,sibling_roster
917270,1938,2,graduate
906516,1939,7,graduate
926332,1939,2,graduate
926332,1938,1,sibling_roster
926332,1939,2,sibling_roster
926332,1940,3,sibling_roster
926332,1942,4,sibling_roster
926332,1943,5,sibling_roster
926332,1945,6,sibling_roster
924168,1939,9,graduate
933767,1940,1,sibling_roster
933767,1942,2,sibling_roster
933767,1949,3,sibling_roster
929575,1937,7,graduate
902278,1939,3,graduate
902278,1934,1,sibling_roster
902278,1937,2,sibling_roster
902278,1940,3,sibling_roster
916458,1938,2,graduate
916458,1936,1,sibling_roster
916458,1939,2,sibling_roster
916458,1940,3,sibling_roster
916458,1942,4,sibling_roster
916458,1945,5,sibling_roster
916458,1948,6,sibling_roster
916458,1950,7,sibling_roster
916458,1952,8,sibling_roster
916458,1954,9,sibling_roster
916458,1956,10,sibling_roster
933513,1939,2,graduate
933513,1937,1,sibling_roster
933513,1940,2,sibling_roster
933513,1942,3,sibling_roster
933513,1944,4,sibling_roster
932043,1939,10,graduate
921729,1939,2,graduate
915428,1939,2,graduate
915428,1931,1,sibling_roster
915428,1940,2,sibling_roster
915428,1943,3,sibling_roster
915428,1946,4,sibling_roster
922155,1940,1,sibling_roster
922155,1946,2,sibling_roster
922155,1948,3,sibling_roster
905189,1940,1,sibling_roster
905189,1942,2,sibling_roster
905189,1944,3,sibling_roster
905189,1945,4,sibling_roster
920648,1939,1,sibling_roster
920648,1945,2,sibling_roster
926885,1938,3,graduate
926885,1935,1,sibling_roster
926885,1937,2,sibling_roster
926885,1939,3,sibling_roster
926885,1941,4,sibling_roster
926885,1943,5,sibling_roster
926885,1946,6,sibling_roster
926885,1948,7,sibling_roster
909679,1940,1,sibling_roster
909679,1945,2,sibling_roster
909679,1947,3,sibling_roster
925265,1939,2,graduate
925265,1936,1,sibling_roster
925265,1939,2,sibling_roster
925265,1941,3,sibling_roster
925265,1947,4,sibling_roster
925265,1953,5,sibling_roster
921994,1939,1,sibling_roster
921994,1940,2,sibling_roster
921994,1943,3,sibling_roster
919337,1940,1,sibling_roster
919337,1943,2,sibling_roster
919337,1949,3,sibling_roster
913356,1939,4,graduate
924050,1939,2,graduate
924050,1937,1,sibling_roster
924050,1940,2,sibling_roster
924050,1941,3,sibling_roster
924050,1943,4,sibling_roster
924050,1945,5,sibling_roster
924050,1947,6,sibling_roster
924050,1951,7,sibling_roster
924050,1953,8,sibling_roster
924050,1954,9,sibling_roster
924050,1958,10,sibling_roster
907960,1939,2,graduate
914299,1939,2,graduate
913364,1939,4,graduate
913364,1926,1,sibling_roster
913364,1930,2,sibling_roster
913364,1932,3,sibling_roster
913364,1939,4,sibling_roster
918912,1938,5,graduate
918912,1934,1,sibling_roster
918912,1935,2,sibling_roster
918912,1937,3,sibling_roster
918912,1938,4,sibling_roster
918912,1939,5,sibling_roster
918912,1940,6,sibling_roster
918912,1942,7,sibling_roster
918912,1945,8,sibling_roster
918912,1947,9,sibling_roster
918912,1949,10,sibling_roster
918992,1939,4,graduate
918992,1921,1,sibling_roster
918992,1925,2,sibling_roster
918992,1936,3,sibling_roster
918992,1940,4,sibling_roster
929882,1940,1,sibling_roster
929882,1945,2,sibling_roster
929882,1949,3,sibling_roster
913458,1940,1,sibling_roster
913458,1942,2,sibling_roster
913458,1945,3,sibling_roster
928897,1940,1,sibling_roster
904801,1939,5,graduate
903360,1939,6,graduate
902393,1940,1,sibling_roster
902393,1944,2,sibling_roster
902393,1946,3,sibling_roster
902393,1949,4,sibling_roster
902393,1950,5,sibling_roster
902393,1953,6,sibling_roster
902393,1957,7,sibling_roster
904696,1939,1,sibling_roster
904696,1940,2,sibling_roster
904696,1942,3,sibling_roster
904696,1944,4,sibling_roster
904696,1946,5,sibling_roster
904696,1948,6,sibling_roster
904696,1950,7,sibling_roster
904696,1951,8,sibling_roster
912817,1939,2,graduate
911736,1940,1,sibling_roster
911736,1947,2,sibling_roster
911736,1948,3,sibling_roster
911736,1949,4,sibling_roster
911736,1954,5,sibling_roster
930347,1938,6,graduate
914761,1937,6,graduate
914761,1930,1,sibling_roster
914761,1931,2,sibling_roster
914761,1933,3,sibling_roster
914761,1936,4,sibling_roster
914761,1938,5,sibling_roster
914761,1939,6,sibling_roster
914761,1940,7,sibling_roster
914761,1943,8,sibling_roster
914761,1943,9,sibling_roster
913110,1938,2,graduate
913110,1939,1,sibling_roster
913110,1942,2,sibling_roster
913110,1952,3,sibling_roster
913110,1954,4,sibling_roster
914202,1938,13,graduate
914202,1918,1,sibling_roster
914202,1919,2,sibling_roster
914202,1922,3,sibling_roster
914202,1924,4,sibling_roster
914202,1926,5,sibling_roster
914202,1928,6,sibling_roster
914202,1929,7,sibling_roster
914202,1931,8,sibling_roster
914202,1932,9,sibling_roster
914202,1934,10,sibling_roster
914202,1939,11,sibling_roster
924414,1939,4,graduate
924414,1934,1,sibling_roster
924414,1935,2,sibling_roster
924414,1937,3,sibling_roster
924414,1939,4,sibling_roster
926997,1940,1,sibling_roster
921218,1939,1,sibling_roster
921218,1941,2,sibling_roster
921218,1943,3,sibling_roster
921218,1948,5,sibling_roster
921218,1954,6,sibling_roster
921218,1960,7,sibling_roster
918983,1939,5,graduate
918983,1930,1,sibling_roster
918983,1932,2,sibling_roster
918983,1935,3,sibling_roster
918983,1937,4,sibling_roster
918983,1940,5,sibling_roster
918983,1943,6,sibling_roster
916150,1939,3,graduate
927786,1939,1,sibling_roster
927786,1947,2,sibling_roster
933330,1939,3,graduate
933330,1934,1,sibling_roster
933330,1937,2,sibling_roster
933330,1939,3,sibling_roster
933330,1941,4,sibling_roster
933330,1945,5,sibling_roster
926051,1938,4,graduate
926051,1930,1,sibling_roster
926051,1932,2,sibling_roster
926051,1936,3,sibling_roster
926051,1937,4,sibling_roster
926051,1937,5,sibling_roster
926051,1940,6,sibling_roster
926051,1947,7,sibling_roster
926051,1948,8,sibling_roster
902204,1938,3,graduate
902204,1936,1,sibling_roster
902204,1937,2,sibling_roster
902204,1939,3,sibling_roster
902204,1944,4,sibling_roster
902204,1950,5,sibling_roster
918014,1938,1,sibling_roster
918014,1944,2,sibling_roster
915056,1938,5,graduate
911833,1940,1,sibling_roster
911833,1940,2,sibling_roster
911833,1941,3,sibling_roster
911833,1945,4,sibling_roster
911833,1953,5,sibling_roster
911833,1963,6,sibling_roster
925510,1939,1,sibling_roster
925510,1942,2,sibling_roster
925510,1943,3,sibling_roster
921892,1939,2,graduate
921892,1937,1,sibling_roster
921892,1940,2,sibling_roster
921892,1945,3,sibling_roster
921892,1950,4,sibling_roster
919866,1939,1,sibling_roster
919866,1943,2,sibling_roster
908534,1938,1,sibling_roster
908534,1943,2,sibling_roster
908534,1949,3,sibling_roster
908534,1952,4,sibling_roster
932660,1939,2,graduate
924232,1940,1,sibling_roster
924232,1946,2,sibling_roster
924232,1948,3,sibling_roster
924232,1954,4,sibling_roster
917829,1940,1,sibling_roster
917829,1944,2,sibling_roster
917829,1950,3,sibling_roster
915135,1940,1,sibling_roster
915135,1958,2,sibling_roster
915135,1962,3,sibling_roster
915135,1962,4,sibling_roster
915135,1963,5,sibling_roster
911283,1940,1,sibling_roster
911283,1944,2,sibling_roster
909569,1939,4,graduate
909569,1930,1,sibling_roster
909569,1931,2,sibling_roster
909569,1933,3,sibling_roster
909569,1939,4,sibling_roster
909569,1944,5,sibling_roster
909569,1947,6,sibling_roster
902501,1939,3,graduate
933385,1940,1,sibling_roster
933385,1945,2,sibling_roster
933385,1949,3,sibling_roster
902531,1939,5,graduate
902531,1934,1,sibling_roster
902531,1935,2,sibling_roster
902531,1936,3,sibling_roster
902531,1937,4,sibling_roster
902531,1940,5,sibling_roster
902531,1941,6,sibling_roster
902531,1942,7,sibling_roster
902531,1943,8,sibling_roster
921523,1939,3,graduate
901312,1940,1,sibling_roster
928015,1939,2,graduate
928015,1937,1,sibling_roster
928015,1939,2,sibling_roster
928015,1943,3,sibling_roster
928015,1947,4,sibling_roster
918826,1939,2,graduate
918826,1935,1,sibling_roster
918826,1936,2,sibling_roster
918826,1940,3,sibling_roster
921736,1939,7,graduate
924020,1939,1,sibling_roster
924020,1943,2,sibling_roster
924020,1945,3,sibling_roster
924020,1948,4,sibling_roster
917875,1939,2,graduate
917875,1937,1,sibling_roster
917875,1939,2,sibling_roster
917875,1940,3,sibling_roster
917875,1941,4,sibling_roster
923561,1940,1,sibling_roster
923561,1942,2,sibling_roster
923561,1946,3,sibling_roster
929845,1939,2,graduate
929845,1938,1,sibling_roster
929845,1940,2,sibling_roster
929845,1946,3,sibling_roster
929845,1948,4,sibling_roster
929845,1950,5,sibling_roster
929845,1953,6,sibling_roster
918043,1939,3,graduate
917251,1938,2,graduate
917251,1935,1,sibling_roster
917251,1938,2,sibling_roster
917251,1939,3,sibling_roster
917251,1947,4,sibling_roster
920638,1940,1,sibling_roster
920638,1944,2,sibling_roster
920638,1949,3,sibling_roster
915033,1939,2,graduate
915033,1939,1,sibling_roster
915033,1940,2,sibling_roster
915033,1941,3,sibling_roster
905034,1939,3,graduate
905034,1935,1,sibling_roster
905034,1939,2,sibling_roster
905034,1939,3,sibling_roster
905034,1953,4,sibling_roster
904463,1940,1,sibling_roster
904463,1950,2,sibling_roster
933628,1939,2,graduate
933628,1937,1,sibling_roster
933628,1940,2,sibling_roster
933628,1949,3,sibling_roster
925117,1939,2,graduate
925117,1936,1,sibling_roster
925117,1940,2,sibling_roster
925117,1946,3,sibling_roster
924885,1939,4,graduate
924885,1935,1,sibling_roster
924885,1937,2,sibling_roster
924885,1939,3,sibling_roster
924885,1940,4,sibling_roster
902966,1939,5,graduate
902966,1930,1,sibling_roster
902966,1933,2,sibling_roster
902966,1935,3,sibling_roster
902966,1938,4,sibling_roster
902966,1940,5,sibling_roster
931619,1938,3,graduate
931619,1936,1,sibling_roster
931619,1937,2,sibling_roster
931619,1939,3,sibling_roster
931619,1941,4,sibling_roster
931619,1943,5,sibling_roster
933510,1939,4,graduate
933510,1932,1,sibling_roster
933510,1933,2,sibling_roster
933510,1938,3,sibling_roster
933510,1940,4,sibling_roster
933510,1943,5,sibling_roster
933510,1945,6,sibling_roster
916586,1940,1,sibling_roster
916586,1941,2,sibling_roster
916586,1943,3,sibling_roster
916586,1947,4,sibling_roster
916586,1953,5,sibling_roster
904635,1939,8,graduate
905907,1940,1,sibling_roster
909860,1940,1,sibling_roster
909860,1946,2,sibling_roster
927054,1940,1,sibling_roster
927054,1942,2,sibling_roster
928060,1940,1,sibling_roster
928060,1947,2,sibling_roster
911488,1939,4,graduate
901959,1939,2,graduate
901959,1937,1,sibling_roster
901959,1940,2,sibling_roster
901959,1945,3,sibling_roster
901959,1954,4,sibling_roster
904348,1939,1,sibling_roster
904348,1941,2,sibling_roster
904348,1942,3,sibling_roster
904348,1943,4,sibling_roster
904348,1947,5,sibling_roster
904348,1951,6,sibling_roster
917439,1939,6,graduate
917439,1930,1,sibling_roster
917439,1932,2,sibling_roster
917439,1935,3,sibling_roster
917439,1936,4,sibling_roster
917439,1937,5,sibling_roster
917439,1940,6,sibling_roster
917439,1941,7,sibling_roster
902191,1939,10,graduate
902191,1919,1,sibling_roster
902191,1923,2,sibling_roster
902191,1926,3,sibling_roster
902191,1928,4,sibling_roster
902191,1929,5,sibling_roster
902191,1931,6,sibling_roster
902191,1933,7,sibling_roster
902191,1939,8,sibling_roster
931346,1940,1,sibling_roster
903224,1938,5,graduate
915078,1939,4,graduate
915078,1935,1,sibling_roster
915078,1936,2,sibling_roster
915078,1937,3,sibling_roster
915078,1940,4,sibling_roster
908329,1940,1,sibling_roster
908329,1943,2,sibling_roster
908329,1946,3,sibling_roster
908329,1948,4,sibling_roster
901227,1939,1,sibling_roster
901227,1944,2,sibling_roster
907285,1939,3,graduate
907285,1931,1,sibling_roster
907285,1935,2,sibling_roster
907285,1939,3,sibling_roster
907285,1944,4,sibling_roster
916634,1939,1,sibling_roster
916634,1940,2,sibling_roster
927227,1939,2,graduate
927227,1936,1,sibling_roster
927227,1940,2,sibling_roster
906349,1939,5,graduate
906349,1931,1,sibling_roster
906349,1933,2,sibling_roster
906349,1934,3,sibling_roster
906349,1937,4,sibling_roster
906349,1940,5,sibling_roster
919928,1939,3,graduate
918544,1939,6,graduate
918544,1917,1,sibling_roster
918544,1923,2,sibling_roster
918544,1927,3,sibling_roster
918544,1929,4,sibling_roster
918544,1937,5,sibling_roster
918544,1939,6,sibling_roster
931573,1939,3,graduate
931573,1927,1,sibling_roster
931573,1930,2,sibling_roster
931573,1939,3,sibling_roster
931573,1944,4,sibling_roster
931573,1949,5,sibling_roster
924212,1940,1,sibling_roster
914839,1938,2,graduate
914839,1937,1,sibling_roster
914839,1939,2,sibling_roster
914839,1942,3,sibling_roster
914839,1944,4,sibling_roster
914839,1948,5,sibling_roster
900843,1939,1,sibling_roster
900843,1942,2,sibling_roster
900843,1942,3,sibling_roster
900843,1951,4,sibling_roster
900843,1952,5,sibling_roster
925179,1940,1,sibling_roster
925179,1950,2,sibling_roster
909573,1939,2,graduate
909573,1937,1,sibling_roster
909573,1940,2,sibling_roster
919206,1939,2,graduate
919206,1928,1,sibling_roster
919206,1940,2,sibling_roster
903614,1940,1,sibling_roster
903614,1942,2,sibling_roster
903614,1944,3,sibling_roster
903614,1950,4,sibling_roster
903614,1956,5,sibling_roster
915077,1939,4,graduate
915077,1935,1,sibling_roster
915077,1935,2,sibling_roster
915077,1936,3,sibling_roster
915077,1939,4,sibling_roster
915077,1940,5,sibling_roster
915077,1944,6,sibling_roster
915077,1949,7,sibling_roster
915077,1949,8,sibling_roster
933303,1937,3,graduate
919245,1939,2,graduate
912423,1939,3,graduate
912423,1930,1,sibling_roster
912423,1933,2,sibling_roster
912423,1940,3,sibling_roster
903921,1939,3,graduate
906322,1938,2,graduate
927919,1939,2,graduate
927919,1937,1,sibling_roster
927919,1939,2,sibling_roster
924243,1940,1,sibling_roster
924243,1942,2,sibling_roster
900501,1939,1,sibling_roster
900501,1942,2,sibling_roster
900501,1953,3,sibling_roster
932271,1939,3,graduate
932271,1933,1,sibling_roster
932271,1936,2,sibling_roster
932271,1939,3,sibling_roster
932271,1947,4,sibling_roster
915068,1939,2,graduate
915068,1939,1,sibling_roster
915068,1940,2,sibling_roster
915068,1949,3,sibling_roster
909790,1939,2,graduate
909790,1935,1,sibling_roster
909790,1940,2,sibling_roster
912129,1939,3,graduate
931428,1939,3,graduate
931428,1933,1,sibling_roster
931428,1934,2,sibling_roster
931428,1940,3,sibling_roster
928621,1939,2,graduate
931909,1938,6,graduate
921030,1939,1,sibling_roster
921030,1941,2,sibling_roster
921030,1944,3,sibling_roster
921030,1946,4,sibling_roster
921030,1954,5,sibling_roster
910211,1939,3,graduate
910211,1933,1,sibling_roster
910211,1939,2,sibling_roster
911698,1939,3,graduate
911698,1932,1,sibling_roster
911698,1934,2,sibling_roster
911698,1939,3,sibling_roster
914423,1939,3,graduate
900859,1939,2,graduate
900859,1938,1,sibling_roster
900859,1940,2,sibling_roster
900859,1943,3,sibling_roster
917578,1940,1,sibling_roster
917578,1943,2,sibling_roster
923214,1939,1,sibling_roster
923214,1943,2,sibling_roster
915830,1939,2,graduate
915830,1937,1,sibling_roster
915830,1940,2,sibling_roster
922692,1939,2,graduate
929712,1939,2,graduate
929712,1938,1,sibling_roster
929712,1940,2,sibling_roster
931454,1940,1,sibling_roster
913498,1939,2,graduate
913498,1937,1,sibling_roster
913498,1939,2,sibling_roster
913498,1943,3,sibling_roster
913132,1939,2,graduate
913132,1937,1,sibling_roster
913132,1940,2,sibling_roster
913132,1944,3,sibling_roster
930562,1939,2,graduate
930562,1939,1,sibling_roster
909314,1939,6,graduate
909314,1923,3,sibling_roster
909314,1925,4,sibling_roster
909314,1934,5,sibling_roster
909314,1939,6,sibling_roster
918388,1940,1,sibling_roster
918388,1940,2,sibling_roster
918388,1941,3,sibling_roster
918388,1943,4,sibling_roster
918388,1943,5,sibling_roster
918388,1946,6,sibling_roster
903994,1939,2,graduate
921640,1940,1,sibling_roster
921640,1942,2,sibling_roster
921640,1943,3,sibling_roster
901714,1938,2,graduate
925261,1940,1,sibling_roster
925261,1947,2,sibling_roster
925384,1939,2,graduate
925384,1932,1,sibling_roster
925384,1940,2,sibling_roster
914321,1939,2,graduate
914321,1937,1,sibling_roster
914321,1940,2,sibling_roster
914321,1940,3,sibling_roster
914321,1946,4,sibling_roster
914321,1947,5,sibling_roster
914321,1954,6,sibling_roster
933671,1940,1,sibling_roster
933671,1945,2,sibling_roster
919200,1939,4,graduate
902800,1940,1,sibling_roster
902800,1942,2,sibling_roster
902800,1945,3,sibling_roster
914456,1939,4,graduate
914456,1917,1,sibling_roster
914456,1920,2,sibling_roster
914456,1938,3,sibling_roster
914456,1940,4,sibling_roster
914456,1942,5,sibling_roster
914456,1947,6,sibling_roster
921894,1938,1,sibling_roster
921894,1941,2,sibling_roster
921894,1949,3,sibling_roster
921894,1950,4,sibling_roster
921894,1959,5,sibling_roster
923793,1939,5,graduate
926850,1938,6,graduate
926850,1925,1,sibling_roster
926850,1928,2,sibling_roster
926850,1931,3,sibling_roster
926850,1939,4,sibling_roster
912367,1938,6,graduate
912367,1931,3,sibling_roster
912367,1933,4,sibling_roster
912367,1935,5,sibling_roster
912367,1939,6,sibling_roster
912367,1942,7,sibling_roster
912367,1947,8,sibling_roster
920274,1940,1,sibling_roster
920274,1945,2,sibling_roster
920274,1948,3,sibling_roster
920274,1951,4,sibling_roster
920274,1954,5,sibling_roster
920274,1958,6,sibling_roster
908667,1939,1,sibling_roster
908667,1940,2,sibling_roster
908667,1941,3,sibling_roster
908667,1943,4,sibling_roster
908667,1947,5,sibling_roster
921485,1939,6,graduate
921485,1925,1,sibling_roster
921485,1930,2,sibling_roster
921485,1932,3,sibling_roster
921485,1933,4,sibling_roster
921485,1936,5,sibling_roster
921485,1940,6,sibling_roster
921485,1942,7,sibling_roster
910062,1939,3,graduate
910062,1939,1,sibling_roster
910062,1940,2,sibling_roster
913011,1939,1,sibling_roster
913011,1939,2,sibling_roster
909726,1938,1,sibling_roster
909726,1941,2,sibling_roster
909726,1945,3,sibling_roster
909726,1952,4,sibling_roster
915496,1939,1,sibling_roster
920405,1939,1,sibling_roster
920405,1941,2,sibling_roster
920405,1942,3,sibling_roster
920405,1943,4,sibling_roster
920405,1944,5,sibling_roster
927688,1940,1,sibling_roster
927688,1941,2,sibling_roster
927688,1943,3,sibling_roster
927688,1944,4,sibling_roster
927688,1948,5,sibling_roster
927688,1949,6,sibling_roster
927688,1952,7,sibling_roster
927688,1955,8,sibling_roster
921443,1939,2,graduate
921443,1937,1,sibling_roster
921443,1939,2,sibling_roster
921443,1941,3,sibling_roster
921443,1943,4,sibling_roster
921443,1943,5,sibling_roster
921443,1944,6,sibling_roster
921443,1952,7,sibling_roster
931256,1939,1,sibling_roster
933807,1939,2,graduate
933807,1940,1,sibling_roster
933807,1944,2,sibling_roster
933807,1948,3,sibling_roster
933807,1950,4,sibling_roster
933807,1955,5,sibling_roster
905571,1939,1,sibling_roster
905571,1948,2,sibling_roster
914041,1940,1,sibling_roster
914041,1943,2,sibling_roster
914041,1947,3,sibling_roster
918887,1939,3,graduate
918887,1933,1,sibling_roster
918887,1935,2,sibling_roster
918887,1940,3,sibling_roster
918887,1942,4,sibling_roster
918887,1943,5,sibling_roster
918887,1946,6,sibling_roster
907351,1939,2,graduate
907351,1938,1,sibling_roster
907351,1940,2,sibling_roster
907351,1943,3,sibling_roster
907351,1945,4,sibling_roster
911107,1939,5,graduate
911107,1928,1,sibling_roster
911107,1929,2,sibling_roster
911107,1931,3,sibling_roster
911107,1932,4,sibling_roster
911107,1939,5,sibling_roster
911107,1944,6,sibling_roster
900281,1939,2,graduate
908953,1940,1,sibling_roster
913624,1940,1,sibling_roster
913624,1942,2,sibling_roster
913624,1953,3,sibling_roster
932851,1940,1,sibling_roster
932851,1943,2,sibling_roster
911905,1938,5,graduate
927725,1938,2,graduate
927725,1936,1,sibling_roster
927725,1938,2,sibling_roster
927725,1940,3,sibling_roster
927725,1942,4,sibling_roster
927725,1944,5,sibling_roster
927725,1945,6,sibling_roster
927725,1950,7,sibling_roster
927725,1953,8,sibling_roster
927725,1956,9,sibling_roster
927725,1964,10,sibling_roster
906019,1939,1,sibling_roster
906019,1942,2,sibling_roster
915103,1939,1,sibling_roster
915103,1941,2,sibling_roster
900994,1939,5,graduate
900994,1928,1,sibling_roster
900994,1929,2,sibling_roster
900994,1933,3,sibling_roster
900994,1937,4,sibling_roster
900994,1940,5,sibling_roster
918965,1939,7,graduate
918965,1918,1,sibling_roster
918965,1920,2,sibling_roster
918965,1924,3,sibling_roster
918965,1925,4,sibling_roster
918965,1932,5,sibling_roster
918965,1940,6,sibling_roster
923278,1940,1,sibling_roster
923278,1942,2,sibling_roster
928233,1939,3,graduate
928233,1929,1,sibling_roster
928233,1935,2,sibling_roster
928233,1940,3,sibling_roster
911116,1939,2,graduate
930955,1940,2,graduate
930955,1939,1,sibling_roster
930955,1941,2,sibling_roster
930955,1945,3,sibling_roster
930955,1949,4,sibling_roster
920555,1939,3,graduate
920555,1928,1,sibling_roster
920555,1932,2,sibling_roster
920555,1939,3,sibling_roster
900197,1939,4,graduate
900197,1936,1,sibling_roster
900197,1937,2,sibling_roster
900197,1939,3,sibling_roster
900197,1940,4,sibling_roster
900197,1946,5,sibling_roster
904737,1939,2,graduate
904737,1937,1,sibling_roster
904737,1939,2,sibling_roster
904737,1941,3,sibling_roster
904737,1944,4,sibling_roster
904737,1945,5,sibling_roster
904737,1947,6,sibling_roster
904737,1948,7,sibling_roster
904737,1948,8,sibling_roster
904737,1949,9,sibling_roster
904737,1961,10,sibling_roster
921191,1939,1,sibling_roster
921191,1942,2,sibling_roster
921191,1947,3,sibling_roster
921191,1950,4,sibling_roster
921191,1952,5,sibling_roster
921191,1953,6,sibling_roster
900743,1939,3,graduate
900743,1935,1,sibling_roster
900743,1936,2,sibling_roster
900743,1939,3,sibling_roster
900743,1940,4,sibling_roster
900743,1943,5,sibling_roster
912098,1940,3,graduate
912098,1929,1,sibling_roster
912098,1933,2,sibling_roster
912098,1940,3,sibling_roster
912098,1940,4,sibling_roster
932353,1939,5,graduate
932353,1932,1,sibling_roster
932353,1934,2,sibling_roster
932353,1938,3,sibling_roster
932353,1940,4,sibling_roster
932353,1940,5,sibling_roster
932353,1942,6,sibling_roster
932353,1944,7,sibling_roster
932353,1947,8,sibling_roster
932353,1949,9,sibling_roster
932353,1952,10,sibling_roster
932353,1954,11,sibling_roster
905426,1939,4,graduate
905825,1939,4,graduate
905825,1933,1,sibling_roster
905825,1935,2,sibling_roster
905825,1937,3,sibling_roster
905825,1940,4,sibling_roster
905825,1944,5,sibling_roster
914488,1939,3,graduate
913806,1939,2,graduate
913806,1936,1,sibling_roster
913806,1940,2,sibling_roster
913806,1946,3,sibling_roster
904234,1939,6,graduate
904234,1927,1,sibling_roster
904234,1929,2,sibling_roster
904234,1931,3,sibling_roster
904234,1933,4,sibling_roster
904234,1935,5,sibling_roster
904234,1937,6,sibling_roster
904234,1940,7,sibling_roster
904234,1941,8,sibling_roster
904234,1943,9,sibling_roster
904234,1947,10,sibling_roster
904234,1950,11,sibling_roster
917348,1939,1,sibling_roster
917348,1941,2,sibling_roster
917348,1943,3,sibling_roster
917348,1946,4,sibling_roster
917348,1949,5,sibling_roster
933656,1938,8,graduate
921897,1939,2,graduate
910824,1939,1,sibling_roster
910824,1945,2,sibling_roster
910824,1947,3,sibling_roster
910824,1953,4,sibling_roster
922261,1939,2,graduate
922261,1938,1,sibling_roster
922261,1940,2,sibling_roster
922261,1941,3,sibling_roster
922261,1942,4,sibling_roster
922261,1942,5,sibling_roster
922261,1945,6,sibling_roster
922261,1945,7,sibling_roster
922261,1948,8,sibling_roster
907021,1939,2,graduate
907021,1935,1,sibling_roster
907021,1939,2,sibling_roster
907021,1943,3,sibling_roster
907021,1947,4,sibling_roster
907021,1955,5,sibling_roster
910273,1940,1,sibling_roster
910273,1943,2,sibling_roster
910273,1946,3,sibling_roster
910273,1948,4,sibling_roster
900726,1939,1,sibling_roster
900726,1943,2,sibling_roster
933611,1939,1,sibling_roster
933611,1943,2,sibling_roster
900995,1939,7,graduate
900995,1920,1,sibling_roster
900995,1925,2,sibling_roster
900995,1927,3,sibling_roster
900995,1929,4,sibling_roster
900995,1931,5,sibling_roster
900995,1936,6,sibling_roster
900995,1939,7,sibling_roster
916985,1939,1,sibling_roster
916985,1942,2,sibling_roster
916985,1945,3,sibling_roster
904653,1939,11,graduate
904653,1923,1,sibling_roster
904653,1924,2,sibling_roster
904653,1925,3,sibling_roster
904653,1926,4,sibling_roster
904653,1928,5,sibling_roster
904653,1930,6,sibling_roster
904653,1934,7,sibling_roster
904653,1935,8,sibling_roster
904653,1937,9,sibling_roster
904653,1937,10,sibling_roster
904653,1940,11,sibling_roster
933455,1939,2,graduate
925320,1938,3,graduate
925320,1931,1,sibling_roster
925320,1934,2,sibling_roster
925320,1939,3,sibling_roster
925320,1942,4,sibling_roster
925320,1942,5,sibling_roster
925320,1943,6,sibling_roster
912170,1938,4,graduate
912170,1927,1,sibling_roster
912170,1929,2,sibling_roster
912170,1937,3,sibling_roster
912170,1939,4,sibling_roster
922449,1939,11,graduate
922449,1935,8,sibling_roster
922449,1936,9,sibling_roster
922449,1939,10,sibling_roster
911082,1939,2,graduate
911082,1932,1,sibling_roster
911082,1940,2,sibling_roster
911082,1945,3,sibling_roster
911082,1947,4,sibling_roster
911082,1951,5,sibling_roster
929728,1938,3,graduate
929728,1935,1,sibling_roster
929728,1937,2,sibling_roster
929728,1939,3,sibling_roster
929728,1941,4,sibling_roster
929728,1947,5,sibling_roster
929728,1949,6,sibling_roster
929728,1952,7,sibling_roster
929728,1962,8,sibling_roster
900828,1940,1,sibling_roster
904542,1940,1,sibling_roster
904542,1950,2,sibling_roster
903481,1939,2,graduate
903481,1936,1,sibling_roster
903481,1939,2,sibling_roster
903481,1943,3,sibling_roster
926917,1939,5,graduate
926917,1920,1,sibling_roster
926917,1922,2,sibling_roster
926917,1930,3,sibling_roster
926917,1938,4,sibling_roster
926917,1940,5,sibling_roster
921181,1939,4,graduate
921181,1923,1,sibling_roster
921181,1930,2,sibling_roster
921181,1938,3,sibling_roster
921181,1940,4,sibling_roster
915304,1939,3,graduate
915304,1933,1,sibling_roster
915304,1935,2,sibling_roster
915304,1939,3,sibling_roster
915304,1940,4,sibling_roster
904604,1938,1,sibling_roster
904604,1940,2,sibling_roster
904604,1943,3,sibling_roster
904604,1945,4,sibling_roster
904604,1950,5,sibling_roster
904604,1952,6,sibling_roster
904604,1954,7,sibling_roster
904604,1956,8,sibling_roster
909561,1940,1,sibling_roster
909561,1945,2,sibling_roster
909561,1950,3,sibling_roster
909561,1954,4,sibling_roster
909561,1954,5,sibling_roster
909561,1955,6,sibling_roster
910026,1939,2,graduate
910026,1938,1,sibling_roster
910026,1940,2,sibling_roster
920382,1939,1,sibling_roster
920382,1941,2,sibling_roster
920382,1942,3,sibling_roster
920382,1944,4,sibling_roster
920382,1946,5,sibling_roster
920382,1949,6,sibling_roster
923259,1939,4,graduate
923259,1928,1,sibling_roster
923259,1930,2,sibling_roster
923259,1938,3,sibling_roster
923259,1939,4,sibling_roster
923259,1940,5,sibling_roster
908988,1939,4,graduate
908988,1935,1,sibling_roster
908988,1936,2,sibling_roster
908988,1938,3,sibling_roster
908988,1940,4,sibling_roster
908988,1941,5,sibling_roster
908988,1942,6,sibling_roster
908988,1943,7,sibling_roster
908988,1945,8,sibling_roster
929452,1939,2,graduate
929452,1934,1,sibling_roster
929452,1940,2,sibling_roster
923797,1938,4,graduate
901847,1939,2,graduate
901847,1931,1,sibling_roster
901847,1935,2,sibling_roster
901847,1940,3,sibling_roster
901847,1955,4,sibling_roster
901847,1957,5,sibling_roster
921120,1940,1,sibling_roster
921120,1945,2,sibling_roster
912947,1939,2,graduate
912947,1936,1,sibling_roster
912947,1939,2,sibling_roster
912947,1941,3,sibling_roster
912947,1944,4,sibling_roster
912947,1946,5,sibling_roster
912947,1949,6,sibling_roster
912205,1939,2,graduate
912205,1939,1,sibling_roster
912205,1940,2,sibling_roster
912205,1943,3,sibling_roster
912205,1947,4,sibling_roster
912205,1950,5,sibling_roster
921547,1939,5,graduate
921547,1927,1,sibling_roster
921547,1929,2,sibling_roster
921547,1929,3,sibling_roster
921547,1931,4,sibling_roster
921547,1940,5,sibling_roster
921547,1942,6,sibling_roster
921547,1945,7,sibling_roster
928129,1938,1,sibling_roster
928129,1942,2,sibling_roster
928129,1946,3,sibling_roster
929557,1939,1,sibling_roster
929557,1946,2,sibling_roster
929557,1951,3,sibling_roster
929179,1939,4,graduate
929179,1933,1,sibling_roster
929179,1935,2,sibling_roster
929179,1937,3,sibling_roster
929179,1940,4,sibling_roster
931586,1939,1,sibling_roster
931586,1941,2,sibling_roster
931586,1942,3,sibling_roster
931586,1954,4,sibling_roster
913503,1940,1,sibling_roster
913503,1941,2,sibling_roster
910151,1939,5,graduate
910151,1928,1,sibling_roster
910151,1931,2,sibling_roster
910151,1934,3,sibling_roster
910151,1935,4,sibling_roster
910151,1938,5,sibling_roster
910151,1939,6,sibling_roster
910151,1946,7,sibling_roster
916047,1939,2,graduate
916047,1927,1,sibling_roster
916047,1940,2,sibling_roster
916047,1949,3,sibling_roster
916047,1951,4,sibling_roster
918351,1938,4,graduate
918351,1933,1,sibling_roster
918351,1935,2,sibling_roster
918351,1937,3,sibling_roster
918351,1939,4,sibling_roster
918351,1947,5,sibling_roster
915529,1939,3,graduate
915529,1936,1,sibling_roster
915529,1938,2,sibling_roster
915529,1940,3,sibling_roster
915529,1944,4,sibling_roster
915529,1951,5,sibling_roster
915529,1957,6,sibling_roster
903897,1939,4,graduate
903897,1934,1,sibling_roster
903897,1935,2,sibling_roster
903897,1937,3,sibling_roster
903897,1940,4,sibling_roster
903897,1946,5,sibling_roster
921745,1939,10,graduate
923296,1939,3,graduate
923296,1935,1,sibling_roster
923296,1937,2,sibling_roster
923296,1940,3,sibling_roster
923296,1943,4,sibling_roster
923296,1947,5,sibling_roster
914836,1939,2,graduate
914836,1939,1,sibling_roster
914836,1940,2,sibling_roster
914836,1947,3,sibling_roster
914836,1951,4,sibling_roster
912193,1938,2,graduate
908872,1939,6,graduate
908872,1924,1,sibling_roster
908872,1928,2,sibling_roster
908872,1928,3,sibling_roster
908872,1933,4,sibling_roster
908872,1936,5,sibling_roster
908872,1940,6,sibling_roster
931042,1939,5,graduate
931042,1929,1,sibling_roster
931042,1930,2,sibling_roster
931042,1931,3,sibling_roster
931042,1932,4,sibling_roster
931042,1935,5,sibling_roster
931042,1940,6,sibling_roster
931042,1943,7,sibling_roster
931042,1946,8,sibling_roster
918742,1938,3,graduate
918742,1936,1,sibling_roster
918742,1938,2,sibling_roster
918742,1939,3,sibling_roster
918742,1941,5,sibling_roster
918742,1944,6,sibling_roster
917118,1939,2,graduate
917118,1929,1,sibling_roster
917118,1940,2,sibling_roster
925251,1939,1,sibling_roster
925251,1945,2,sibling_roster
931766,1939,2,graduate
931766,1936,1,sibling_roster
931766,1940,2,sibling_roster
931766,1947,3,sibling_roster
911255,1939,3,graduate
911255,1934,1,sibling_roster
911255,1937,2,sibling_roster
911255,1939,3,sibling_roster
911255,1941,4,sibling_roster
911255,1944,5,sibling_roster
922423,1939,4,graduate
922423,1936,1,sibling_roster
922423,1937,2,sibling_roster
922423,1939,3,sibling_roster
922423,1940,4,sibling_roster
906911,1939,3,graduate
906911,1932,1,sibling_roster
906911,1934,2,sibling_roster
906911,1940,3,sibling_roster
906911,1950,4,sibling_roster
911613,1939,2,graduate
911613,1937,1,sibling_roster
911613,1939,2,sibling_roster
911613,1942,3,sibling_roster
906465,1939,7,graduate
925041,1939,2,graduate
925041,1938,1,sibling_roster
925041,1940,2,sibling_roster
925041,1942,3,sibling_roster
925041,1943,4,sibling_roster
925041,1946,5,sibling_roster
925041,1948,6,sibling_roster
925041,1950,7,sibling_roster
907311,1939,10,graduate
907311,1928,1,sibling_roster
907311,1930,2,sibling_roster
907311,1931,3,sibling_roster
907311,1932,4,sibling_roster
907311,1933,5,sibling_roster
907311,1934,6,sibling_roster
907311,1937,8,sibling_roster
907311,1938,9,sibling_roster
907311,1939,10,sibling_roster
907311,1939,11,sibling_roster
927591,1940,1,sibling_roster
927591,1943,2,sibling_roster
927591,1945,3,sibling_roster
927591,1948,4,sibling_roster
904003,1940,1,sibling_roster
929210,1940,1,sibling_roster
929210,1947,2,sibling_roster
901455,1939,1,sibling_roster
901455,1941,2,sibling_roster
905926,1938,2,graduate
914368,1938,2,graduate
914368,1936,1,sibling_roster
914368,1939,2,sibling_roster
914368,1941,3,sibling_roster
914368,1957,4,sibling_roster
925148,1939,1,sibling_roster
925148,1941,2,sibling_roster
925148,1944,3,sibling_roster
922956,1937,2,graduate
922956,1936,1,sibling_roster
922956,1938,2,sibling_roster
922956,1946,3,sibling_roster
922956,1949,4,sibling_roster
905904,1939,3,graduate
905904,1933,1,sibling_roster
905904,1934,2,sibling_roster
905904,1939,3,sibling_roster
905904,1941,4,sibling_roster
931340,1940,1,sibling_roster
924468,1939,2,graduate
924468,1937,1,sibling_roster
924468,1939,2,sibling_roster
931703,1938,9,graduate
931703,1907,1,sibling_roster
931703,1917,2,sibling_roster
931703,1918,3,sibling_roster
931703,1920,4,sibling_roster
931703,1925,5,sibling_roster
931703,1928,6,sibling_roster
931703,1930,7,sibling_roster
931703,1934,8,sibling_roster
931703,1936,9,sibling_roster
931703,1936,10,sibling_roster
931703,1939,11,sibling_roster
912340,1939,1,sibling_roster
909339,1938,2,graduate
909339,1937,1,sibling_roster
909339,1939,2,sibling_roster
909339,1947,3,sibling_roster
914384,1939,3,graduate
914384,1937,1,sibling_roster
914384,1939,2,sibling_roster
914384,1940,3,sibling_roster
914384,1942,4,sibling_roster
910223,1939,2,graduate
910223,1939,1,sibling_roster
910223,1939,2,sibling_roster
910223,1943,3,sibling_roster
910223,1945,4,sibling_roster
910223,1947,5,sibling_roster
910223,1950,6,sibling_roster
910223,1956,7,sibling_roster
919714,1939,5,graduate
919714,1934,1,sibling_roster
919714,1935,2,sibling_roster
919714,1938,3,sibling_roster
919714,1939,4,sibling_roster
919714,1940,5,sibling_roster
919714,1942,6,sibling_roster
912397,1939,2,graduate
922793,1939,6,graduate
919916,1938,3,graduate
919916,1935,1,sibling_roster
919916,1937,2,sibling_roster
919916,1939,3,sibling_roster
902892,1939,1,sibling_roster
902892,1946,2,sibling_roster
902892,1953,3,sibling_roster
915884,1938,4,graduate
915884,1935,1,sibling_roster
915884,1936,2,sibling_roster
915884,1938,3,sibling_roster
915884,1939,4,sibling_roster
915884,1941,5,sibling_roster
915884,1943,6,sibling_roster
915884,1948,7,sibling_roster
915884,1952,8,sibling_roster
900267,1939,2,graduate
900267,1937,1,sibling_roster
900267,1940,2,sibling_roster
900267,1942,3,sibling_roster
900267,1948,4,sibling_roster
925374,1939,6,graduate
922324,1938,4,graduate
922324,1939,4,sibling_roster
908874,1939,2,graduate
908874,1936,1,sibling_roster
908874,1939,2,sibling_roster
908874,1940,3,sibling_roster
908874,1942,4,sibling_roster
902464,1939,3,graduate
931878,1939,3,graduate
900515,1939,2,graduate
900515,1936,1,sibling_roster
900515,1940,2,sibling_roster
900515,1944,3,sibling_roster
912198,1939,1,sibling_roster
912198,1944,3,sibling_roster
927996,1938,1,sibling_roster
927996,1940,2,sibling_roster
926369,1939,10,graduate
904642,1939,1,sibling_roster
904642,1943,2,sibling_roster
904642,1955,3,sibling_roster
918727,1938,1,sibling_roster
918727,1944,2,sibling_roster
901502,1939,6,graduate
901502,1930,1,sibling_roster
901502,1931,2,sibling_roster
901502,1933,3,sibling_roster
901502,1935,4,sibling_roster
901502,1937,5,sibling_roster
901502,1939,6,sibling_roster
931275,1940,1,sibling_roster
931275,1947,2,sibling_roster
929174,1939,3,graduate
929174,1935,1,sibling_roster
929174,1937,2,sibling_roster
929174,1939,3,sibling_roster
929174,1939,4,sibling_roster
918683,1939,3,graduate
932565,1938,2,graduate
932565,1937,1,sibling_roster
932565,1939,2,sibling_roster
912893,1939,2,graduate
912893,1937,1,sibling_roster
912893,1939,2,sibling_roster
912893,1946,3,sibling_roster
912893,1947,4,sibling_roster
925806,1939,3,graduate
925806,1935,1,sibling_roster
925806,1936,2,sibling_roster
925806,1939,3,sibling_roster
925806,1941,4,sibling_roster
921149,1939,8,graduate
921149,1920,1,sibling_roster
921149,1921,2,sibling_roster
921149,1924,3,sibling_roster
921149,1927,4,sibling_roster
921149,1932,5,sibling_roster
921149,1934,6,sibling_roster
921149,1936,7,sibling_roster
921149,1939,8,sibling_roster
932933,1937,6,graduate
932933,1929,1,sibling_roster
932933,1930,2,sibling_roster
932933,1932,3,sibling_roster
932933,1934,4,sibling_roster
932933,1937,5,sibling_roster
932933,1937,6,sibling_roster
932933,1938,7,sibling_roster
932933,1940,8,sibling_roster
932933,1942,9,sibling_roster
932933,1944,10,sibling_roster
932933,1948,11,sibling_roster
922022,1939,1,sibling_roster
922022,1940,2,sibling_roster
922022,1943,3,sibling_roster
922022,1945,4,sibling_roster
922022,1947,5,sibling_roster
922022,1956,6,sibling_roster
922022,1957,7,sibling_roster
904831,1939,4,graduate
904831,1933,1,sibling_roster
904831,1935,2,sibling_roster
904831,1938,3,sibling_roster
904831,1939,4,sibling_roster
904831,1945,5,sibling_roster
904831,1954,6,sibling_roster
905038,1939,1,sibling_roster
916024,1939,2,graduate
916024,1940,1,sibling_roster
916024,1942,2,sibling_roster
916024,1943,3,sibling_roster
904681,1939,3,graduate
904681,1938,1,sibling_roster
904681,1939,2,sibling_roster
904681,1940,3,sibling_roster
904681,1945,4,sibling_roster
904681,1948,5,sibling_roster
905819,1938,4,graduate
905819,1932,1,sibling_roster
905819,1933,2,sibling_roster
905819,1934,3,sibling_roster
905819,1939,4,sibling_roster
905819,1947,5,sibling_roster
930302,1940,1,sibling_roster
914228,1939,4,graduate
914228,1929,1,sibling_roster
914228,1932,2,sibling_roster
914228,1933,3,sibling_roster
914228,1939,4,sibling_roster
914228,1945,5,sibling_roster
914865,1939,3,graduate
914865,1936,1,sibling_roster
914865,1937,2,sibling_roster
914865,1940,3,sibling_roster
912706,1937,4,graduate
912706,1931,1,sibling_roster
912706,1932,2,sibling_roster
912706,1937,3,sibling_roster
912706,1938,4,sibling_roster
912706,1938,5,sibling_roster
912706,1946,6,sibling_roster
923881,1939,2,graduate
923881,1938,1,sibling_roster
923881,1940,2,sibling_roster
923881,1945,3,sibling_roster
923881,1949,4,sibling_roster
912655,1939,2,graduate
903177,1940,1,sibling_roster
903177,1943,2,sibling_roster
903177,1950,3,sibling_roster
908240,1939,3,graduate
911978,1940,1,sibling_roster
911978,1942,2,sibling_roster
915576,1939,2,graduate
915576,1936,1,sibling_roster
915576,1939,2,sibling_roster
915576,1950,3,sibling_roster
904902,1938,4,graduate
904902,1930,1,sibling_roster
904902,1932,2,sibling_roster
904902,1934,3,sibling_roster
904902,1939,4,sibling_roster
910342,1938,5,graduate
910342,1932,1,sibling_roster
910342,1935,2,sibling_roster
910342,1937,3,sibling_roster
910342,1938,4,sibling_roster
910342,1939,5,sibling_roster
910342,1941,6,sibling_roster
910342,1942,7,sibling_roster
910342,1943,8,sibling_roster
910342,1949,9,sibling_roster
917781,1939,1,sibling_roster
917781,1942,2,sibling_roster
917781,1945,3,sibling_roster
917781,1947,4,sibling_roster
917781,1950,5,sibling_roster
917781,1956,6,sibling_roster
921375,1938,3,graduate
921375,1933,1,sibling_roster
921375,1938,2,sibling_roster
921375,1939,3,sibling_roster
923388,1939,2,graduate
923388,1938,1,sibling_roster
923388,1940,2,sibling_roster
923388,1942,3,sibling_roster
923388,1961,4,sibling_roster
904019,1939,3,graduate
909123,1940,1,sibling_roster
909123,1944,2,sibling_roster
909123,1947,3,sibling_roster
933039,1939,4,graduate
933039,1925,1,sibling_roster
933039,1927,2,sibling_roster
933039,1931,3,sibling_roster
933039,1940,4,sibling_roster
913374,1938,2,graduate
913374,1931,1,sibling_roster
913374,1938,2,sibling_roster
913374,1953,3,sibling_roster
913374,1957,4,sibling_roster
913330,1939,1,sibling_roster
913330,1942,2,sibling_roster
913330,1945,3,sibling_roster
928838,1939,4,graduate
928838,1929,1,sibling_roster
928838,1932,2,sibling_roster
928838,1940,3,sibling_roster
900791,1939,5,graduate
900791,1924,1,sibling_roster
900791,1927,2,sibling_roster
900791,1931,3,sibling_roster
900791,1937,4,sibling_roster
900791,1940,5,sibling_roster
906811,1938,3,graduate
906811,1935,1,sibling_roster
906811,1937,2,sibling_roster
906811,1939,3,sibling_roster
906811,1941,4,sibling_roster
906811,1941,5,sibling_roster
906811,1944,6,sibling_roster
906811,1950,7,sibling_roster
901404,1939,3,graduate
901404,1927,1,sibling_roster
901404,1929,2,sibling_roster
901404,1940,3,sibling_roster
930706,1939,2,graduate
911648,1939,3,graduate
911648,1935,1,sibling_roster
911648,1937,2,sibling_roster
911648,1940,3,sibling_roster
911648,1942,4,sibling_roster
911648,1945,5,sibling_roster
932983,1940,1,sibling_roster
932983,1943,2,sibling_roster
932983,1951,3,sibling_roster
902434,1939,7,graduate
902434,1927,1,sibling_roster
902434,1929,2,sibling_roster
902434,1932,3,sibling_roster
902434,1938,4,sibling_roster
902434,1940,5,sibling_roster
902434,1943,6,sibling_roster
902434,1946,7,sibling_roster
902434,1950,8,sibling_roster
913523,1939,2,graduate
913523,1935,1,sibling_roster
913523,1940,2,sibling_roster
929599,1939,2,graduate
929599,1935,1,sibling_roster
929599,1940,2,sibling_roster
929599,1944,3,sibling_roster
907865,1939,3,graduate
907865,1926,1,sibling_roster
907865,1928,2,sibling_roster
907865,1940,3,sibling_roster
908116,1939,2,graduate
908116,1939,1,sibling_roster
908116,1939,2,sibling_roster
908116,1942,3,sibling_roster
908116,1942,4,sibling_roster
908116,1950,5,sibling_roster
908116,1952,6,sibling_roster
908116,1954,7,sibling_roster
901366,1939,3,graduate
929099,1940,1,sibling_roster
929099,1941,2,sibling_roster
929099,1944,3,sibling_roster
929099,1947,4,sibling_roster
929099,1950,5,sibling_roster
929099,1955,6,sibling_roster
927755,1940,1,sibling_roster
927755,1941,2,sibling_roster
923315,1939,2,graduate
901367,1939,1,sibling_roster
931643,1939,2,graduate
931643,1935,1,sibling_roster
931643,1940,2,sibling_roster
931643,1940,3,sibling_roster
931643,1944,4,sibling_roster
931643,1949,5,sibling_roster
931643,1949,6,sibling_roster
912166,1939,1,sibling_roster
930511,1938,5,graduate
920457,1938,7,graduate
920457,1929,1,sibling_roster
920457,1931,2,sibling_roster
920457,1931,3,sibling_roster
920457,1933,4,sibling_roster
920457,1935,5,sibling_roster
920457,1936,6,sibling_roster
920457,1939,7,sibling_roster
920457,1940,8,sibling_roster
920457,1947,9,sibling_roster
909245,1940,2,graduate
909245,1936,1,sibling_roster
909245,1940,2,sibling_roster
909245,1949,3,sibling_roster
931455,1938,3,graduate
909977,1939,2,graduate
909977,1937,1,sibling_roster
909977,1939,2,sibling_roster
909977,1940,3,sibling_roster
933415,1938,2,graduate
933415,1938,1,sibling_roster
933415,1940,2,sibling_roster
933415,1942,3,sibling_roster
933415,1945,4,sibling_roster
912123,1940,1,sibling_roster
912123,1946,2,sibling_roster
911373,1938,3,graduate
915286,1939,2,graduate
919731,1940,1,sibling_roster
919731,1943,2,sibling_roster
919731,1948,3,sibling_roster
919731,1959,4,sibling_roster
919731,1961,5,sibling_roster
907587,1940,4,graduate
907587,1918,1,sibling_roster
907587,1923,2,sibling_roster
907587,1927,3,sibling_roster
907587,1940,4,sibling_roster
924392,1939,2,graduate
924392,1933,1,sibling_roster
924392,1940,2,sibling_roster
923483,1938,9,graduate
923483,1919,2,sibling_roster
923483,1923,4,sibling_roster
923483,1927,5,sibling_roster
923483,1930,6,sibling_roster
923483,1935,7,sibling_roster
923483,1938,8,sibling_roster
923483,1942,9,sibling_roster
917129,1939,3,graduate
917129,1934,1,sibling_roster
917129,1936,2,sibling_roster
917129,1940,3,sibling_roster
917129,1945,4,sibling_roster
917129,1947,5,sibling_roster
917129,1949,6,sibling_roster
917129,1950,7,sibling_roster
918567,1939,2,graduate
926600,1939,7,graduate
926600,1925,1,sibling_roster
926600,1926,2,sibling_roster
926600,1926,3,sibling_roster
926600,1929,4,sibling_roster
926600,1930,5,sibling_roster
926600,1940,6,sibling_roster
926600,1942,7,sibling_roster
909343,1939,1,sibling_roster
909343,1944,2,sibling_roster
909343,1951,3,sibling_roster
909343,1952,4,sibling_roster
909343,1954,5,sibling_roster
909259,1938,3,graduate
909259,1932,1,sibling_roster
909259,1935,2,sibling_roster
909259,1938,3,sibling_roster
909259,1951,4,sibling_roster
909259,1951,5,sibling_roster
920317,1939,2,graduate
920317,1939,1,sibling_roster
920317,1940,2,sibling_roster
920317,1941,3,sibling_roster
920317,1950,4,sibling_roster
904674,1939,1,sibling_roster
904674,1942,2,sibling_roster
904674,1951,3,sibling_roster
932229,1940,1,sibling_roster
922268,1940,1,sibling_roster
902252,1939,2,graduate
902252,1938,1,sibling_roster
902252,1940,2,sibling_roster
902252,1945,3,sibling_roster
900933,1940,7,graduate
900933,1920,1,sibling_roster
900933,1922,2,sibling_roster
900933,1924,3,sibling_roster
900933,1928,4,sibling_roster
900933,1940,5,sibling_roster
911046,1939,6,graduate
911046,1925,1,sibling_roster
911046,1927,2,sibling_roster
911046,1935,3,sibling_roster
911046,1939,4,sibling_roster
911046,1942,5,sibling_roster
931448,1939,4,graduate
931448,1932,1,sibling_roster
931448,1934,2,sibling_roster
931448,1937,3,sibling_roster
931448,1940,4,sibling_roster
911734,1937,3,graduate
906983,1940,1,sibling_roster
906983,1941,2,sibling_roster
906983,1942,3,sibling_roster
906983,1948,4,sibling_roster
919825,1940,2,graduate
919825,1938,1,sibling_roster
919825,1940,2,sibling_roster
919825,1943,3,sibling_roster
919825,1945,4,sibling_roster
919825,1957,5,sibling_roster
919825,1959,6,sibling_roster
919825,1959,7,sibling_roster
933470,1939,2,graduate
933470,1937,1,sibling_roster
933470,1940,2,sibling_roster
933470,1941,3,sibling_roster
907072,1939,1,sibling_roster
907072,1944,2,sibling_roster
932846,1938,7,graduate
932846,1925,1,sibling_roster
932846,1927,2,sibling_roster
932846,1928,3,sibling_roster
932846,1930,4,sibling_roster
932846,1933,5,sibling_roster
932846,1938,6,sibling_roster
932846,1939,7,sibling_roster
911140,1939,2,graduate
932418,1939,3,graduate
932418,1935,1,sibling_roster
932418,1938,2,sibling_roster
932418,1940,3,sibling_roster
932418,1942,4,sibling_roster
932418,1945,5,sibling_roster
926402,1940,6,graduate
926402,1926,1,sibling_roster
926402,1928,2,sibling_roster
926402,1929,3,sibling_roster
926402,1930,4,sibling_roster
926402,1931,5,sibling_roster
926402,1941,6,sibling_roster
926402,1947,7,sibling_roster
933602,1939,6,graduate
905419,1939,4,graduate
907284,1939,2,graduate
905792,1940,1,sibling_roster
905792,1944,2,sibling_roster
905792,1947,3,sibling_roster
905551,1939,4,graduate
930938,1939,3,graduate
930938,1935,1,sibling_roster
930938,1938,2,sibling_roster
930938,1940,3,sibling_roster
930938,1951,4,sibling_roster
922144,1937,1,sibling_roster
922144,1939,2,sibling_roster
922144,1940,3,sibling_roster
928817,1939,2,graduate
931814,1939,2,graduate
931814,1935,1,sibling_roster
931814,1940,2,sibling_roster
900463,1939,5,graduate
900463,1930,1,sibling_roster
900463,1932,2,sibling_roster
900463,1936,3,sibling_roster
900463,1938,4,sibling_roster
900463,1940,5,sibling_roster
900463,1947,6,sibling_roster
900463,1949,7,sibling_roster
926878,1940,1,sibling_roster
900506,1939,2,graduate
900506,1933,1,sibling_roster
900506,1940,2,sibling_roster
900506,1941,3,sibling_roster
900506,1946,4,sibling_roster
929036,1938,3,graduate
929036,1933,1,sibling_roster
929036,1939,2,sibling_roster
903896,1939,6,graduate
903896,1936,4,sibling_roster
903896,1938,5,sibling_roster
903896,1940,6,sibling_roster
903896,1944,7,sibling_roster
903896,1945,8,sibling_roster
924208,1940,1,sibling_roster
924208,1948,2,sibling_roster
910786,1939,4,graduate
910786,1933,1,sibling_roster
910786,1934,2,sibling_roster
910786,1936,3,sibling_roster
910786,1940,4,sibling_roster
910786,1947,5,sibling_roster
910786,1949,6,sibling_roster
910786,1955,7,sibling_roster
910786,1958,8,sibling_roster
912449,1939,5,graduate
912449,1928,1,sibling_roster
912449,1929,2,sibling_roster
912449,1937,3,sibling_roster
912449,1937,4,sibling_roster
912449,1940,5,sibling_roster
912449,1944,6,sibling_roster
920803,1939,3,graduate
920803,1933,1,sibling_roster
920803,1935,2,sibling_roster
920803,1940,3,sibling_roster
918952,1939,2,graduate
912455,1938,2,graduate
912455,1938,1,sibling_roster
912455,1939,2,sibling_roster
912455,1939,3,sibling_roster
912455,1954,4,sibling_roster
902681,1939,3,graduate
902681,1934,1,sibling_roster
902681,1937,2,sibling_roster
902681,1939,3,sibling_roster
902681,1940,4,sibling_roster
902681,1944,5,sibling_roster
905170,1940,1,sibling_roster
905170,1948,2,sibling_roster
916107,1940,1,sibling_roster
914328,1939,6,graduate
926517,1940,4,graduate
926517,1934,1,sibling_roster
926517,1937,2,sibling_roster
926517,1939,3,sibling_roster
926517,1941,4,sibling_roster
926517,1942,5,sibling_roster
926517,1944,6,sibling_roster
926517,1945,7,sibling_roster
926517,1947,8,sibling_roster
926517,1948,9,sibling_roster
926517,1951,10,sibling_roster
930994,1938,2,graduate
930994,1938,1,sibling_roster
930994,1945,2,sibling_roster
930994,1950,3,sibling_roster
926686,1939,1,sibling_roster
926346,1940,3,graduate
926346,1936,1,sibling_roster
926346,1937,2,sibling_roster
926346,1940,3,sibling_roster
920965,1939,4,graduate
911925,1939,2,graduate
911925,1937,1,sibling_roster
911925,1940,2,sibling_roster
911925,1942,3,sibling_roster
903919,1939,4,graduate
903919,1924,1,sibling_roster
903919,1927,2,sibling_roster
903919,1929,3,sibling_roster
903919,1939,4,sibling_roster
903919,1942,5,sibling_roster
903919,1949,6,sibling_roster
903919,1950,7,sibling_roster
903919,1952,8,sibling_roster
903919,1953,9,sibling_roster
903919,1953,10,sibling_roster
903919,1954,11,sibling_roster
914826,1940,1,sibling_roster
914826,1945,2,sibling_roster
914826,1954,3,sibling_roster
918101,1939,3,graduate
925936,1940,1,sibling_roster
925936,1942,2,sibling_roster
925936,1949,3,sibling_roster
925936,1955,4,sibling_roster
915222,1940,3,graduate
915222,1936,1,sibling_roster
915222,1938,2,sibling_roster
915222,1940,3,sibling_roster
923650,1940,1,sibling_roster
923650,1942,2,sibling_roster
916917,1940,1,sibling_roster
920123,1939,3,graduate
920123,1930,1,sibling_roster
920123,1934,2,sibling_roster
920123,1940,3,sibling_roster
920123,1946,4,sibling_roster
920123,1951,5,sibling_roster
933080,1940,1,sibling_roster
933080,1943,2,sibling_roster
933080,1944,3,sibling_roster
905266,1939,4,graduate
901285,1939,2,graduate
901285,1937,1,sibling_roster
901285,1939,2,sibling_roster
901285,1941,3,sibling_roster
901285,1944,4,sibling_roster
926139,1940,3,graduate
926139,1930,1,sibling_roster
926139,1933,2,sibling_roster
926139,1940,3,sibling_roster
926139,1943,4,sibling_roster
924359,1939,2,graduate
924359,1938,1,sibling_roster
924359,1940,2,sibling_roster
924359,1942,3,sibling_roster
924359,1945,4,sibling_roster
924359,1950,5,sibling_roster
924359,1953,6,sibling_roster
924359,1957,7,sibling_roster
924359,1959,8,sibling_roster
918961,1941,1,sibling_roster
931945,1935,1,sibling_roster
931945,1939,2,sibling_roster
931945,1946,3,sibling_roster
931945,1948,4,sibling_roster
931945,1950,5,sibling_roster
931945,1953,6,sibling_roster
931945,1955,7,sibling_roster
910752,1939,2,graduate
910752,1935,1,sibling_roster
910752,1938,2,sibling_roster
910752,1940,3,sibling_roster
910752,1945,4,sibling_roster
910752,1947,5,sibling_roster
910752,1950,6,sibling_roster
931270,1940,1,sibling_roster
931270,1943,2,sibling_roster
931270,1947,3,sibling_roster
931270,1951,4,sibling_roster
931270,1957,5,sibling_roster
903877,1939,1,sibling_roster
903877,1948,2,sibling_roster
903877,1951,3,sibling_roster
900166,1939,1,sibling_roster
900166,1940,2,sibling_roster
928269,1939,2,graduate
928269,1938,1,sibling_roster
928269,1940,2,sibling_roster
928269,1941,3,sibling_roster
928269,1942,4,sibling_roster
928269,1944,5,sibling_roster
928269,1946,6,sibling_roster
928269,1948,7,sibling_roster
928269,1960,8,sibling_roster
910795,1939,3,graduate
918770,1939,2,graduate
918770,1938,1,sibling_roster
918770,1939,2,sibling_roster
918770,1948,3,sibling_roster
922357,1939,3,graduate
922357,1937,1,sibling_roster
922357,1938,2,sibling_roster
922357,1940,3,sibling_roster
922357,1942,4,sibling_roster
922357,1947,5,sibling_roster
921507,1939,2,graduate
921507,1940,1,sibling_roster
921507,1940,2,sibling_roster
921507,1947,3,sibling_roster
921507,1947,4,sibling_roster
915607,1938,2,graduate
915607,1937,1,sibling_roster
915607,1939,2,sibling_roster
915607,1941,3,sibling_roster
915607,1945,4,sibling_roster
915607,1947,5,sibling_roster
915607,1949,6,sibling_roster
915607,1950,7,sibling_roster
915607,1951,8,sibling_roster
915607,1952,9,sibling_roster
915607,1953,10,sibling_roster
915607,1954,11,sibling_roster
912625,1940,1,sibling_roster
930335,1938,3,graduate
930335,1939,1,sibling_roster
928977,1940,1,sibling_roster
928977,1945,2,sibling_roster
928977,1946,3,sibling_roster
931017,1940,1,sibling_roster
931017,1943,2,sibling_roster
931017,1951,3,sibling_roster
914803,1940,1,sibling_roster
914803,1942,2,sibling_roster
914803,1944,3,sibling_roster
914803,1946,4,sibling_roster
914803,1948,5,sibling_roster
914803,1950,6,sibling_roster
914803,1952,7,sibling_roster
914803,1954,8,sibling_roster
914803,1956,9,sibling_roster
918380,1938,1,sibling_roster
918380,1941,2,sibling_roster
930854,1939,1,sibling_roster
930854,1945,2,sibling_roster
903298,1938,2,graduate
924586,1939,2,graduate
913300,1939,2,graduate
913300,1937,1,sibling_roster
913300,1939,2,sibling_roster
922681,1939,1,sibling_roster
922681,1945,2,sibling_roster
922681,1945,3,sibling_roster
929460,1939,4,graduate
924469,1939,4,graduate
918632,1939,3,graduate
918632,1934,1,sibling_roster
918632,1936,2,sibling_roster
918632,1940,3,sibling_roster
905257,1939,2,graduate
902492,1940,1,sibling_roster
902492,1944,2,sibling_roster
902492,1948,3,sibling_roster
902492,1952,4,sibling_roster
930559,1939,2,graduate
930559,1931,1,sibling_roster
930559,1940,2,sibling_roster
905620,1938,3,graduate
905620,1935,1,sibling_roster
905620,1937,2,sibling_roster
905620,1939,3,sibling_roster
909861,1939,1,sibling_roster
909861,1941,2,sibling_roster
907475,1940,1,sibling_roster
907475,1945,2,sibling_roster
924866,1939,3,graduate
929466,1940,1,sibling_roster
929466,1941,2,sibling_roster
929466,1950,3,sibling_roster
901716,1939,2,graduate
901716,1936,1,sibling_roster
901716,1940,2,sibling_roster
910641,1939,3,graduate
910641,1931,1,sibling_roster
910641,1940,2,sibling_roster
910641,1942,3,sibling_roster
925484,1940,1,sibling_roster
925484,1944,2,sibling_roster
925484,1949,3,sibling_roster
911663,1939,3,graduate
911663,1936,1,sibling_roster
911663,1938,2,sibling_roster
911663,1940,3,sibling_roster
911663,1945,4,sibling_roster
926557,1940,1,sibling_roster
926557,1943,2,sibling_roster
927936,1939,1,sibling_roster
927936,1943,2,sibling_roster
927936,1948,3,sibling_roster
903572,1939,5,graduate
903572,1931,1,sibling_roster
903572,1932,2,sibling_roster
903572,1934,3,sibling_roster
903572,1935,4,sibling_roster
903572,1937,5,sibling_roster
903572,1943,6,sibling_roster
902873,1939,3,graduate
902873,1940,1,sibling_roster
902873,1940,2,sibling_roster
926166,1939,2,graduate
926166,1936,1,sibling_roster
926166,1940,2,sibling_roster
926166,1943,3,sibling_roster
909211,1939,5,graduate
909211,1930,1,sibling_roster
909211,1932,2,sibling_roster
909211,1935,3,sibling_roster
909211,1938,4,sibling_roster
909211,1939,5,sibling_roster
923465,1939,2,graduate
903922,1939,2,graduate
903922,1935,1,sibling_roster
903922,1940,2,sibling_roster
903922,1944,3,sibling_roster
903922,1950,4,sibling_roster
914466,1940,1,sibling_roster
914466,1953,2,sibling_roster
905558,1938,5,graduate
905558,1925,1,sibling_roster
905558,1925,2,sibling_roster
905558,1934,3,sibling_roster
905558,1937,4,sibling_roster
905558,1939,5,sibling_roster
902423,1939,3,graduate
902423,1936,1,sibling_roster
902423,1937,2,sibling_roster
902423,1939,3,sibling_roster
902423,1947,4,sibling_roster
902423,1950,5,sibling_roster
908008,1939,3,graduate
908008,1932,1,sibling_roster
908008,1940,2,sibling_roster
908008,1944,3,sibling_roster
917211,1939,2,graduate
917211,1938,1,sibling_roster
917211,1940,2,sibling_roster
917211,1942,3,sibling_roster
917211,1946,4,sibling_roster
912223,1939,2,graduate
912223,1937,1,sibling_roster
912223,1940,2,sibling_roster
912223,1941,3,sibling_roster
912223,1947,4,sibling_roster
912223,1957,5,sibling_roster
908730,1939,3,graduate
908730,1929,1,sibling_roster
908730,1932,2,sibling_roster
908730,1940,3,sibling_roster
914929,1939,2,graduate
914929,1936,1,sibling_roster
914929,1939,2,sibling_roster
905863,1939,2,graduate
905863,1938,1,sibling_roster
905863,1940,2,sibling_roster
905863,1947,3,sibling_roster
924976,1939,2,graduate
924976,1937,1,sibling_roster
924976,1940,2,sibling_roster
924976,1946,3,sibling_roster
918323,1938,2,graduate
918323,1931,1,sibling_roster
918323,1939,2,sibling_roster
918323,1942,3,sibling_roster
918323,1944,4,sibling_roster
918323,1948,5,sibling_roster
918323,1952,6,sibling_roster
909650,1939,2,graduate
909650,1937,1,sibling_roster
909650,1940,2,sibling_roster
909650,1949,3,sibling_roster
909650,1950,4,sibling_roster
909650,1952,5,sibling_roster
907623,1939,1,sibling_roster
907986,1938,3,graduate
907986,1930,1,sibling_roster
907986,1934,2,sibling_roster
907986,1939,3,sibling_roster
907986,1945,4,sibling_roster
922548,1940,1,sibling_roster
922548,1941,2,sibling_roster
922548,1948,3,sibling_roster
916238,1939,1,sibling_roster
916238,1941,2,sibling_roster
916238,1944,3,sibling_roster
911223,1940,1,sibling_roster
911223,1945,2,sibling_roster
911223,1949,3,sibling_roster
922726,1940,1,sibling_roster
910002,1940,1,sibling_roster
910002,1945,2,sibling_roster
920959,1938,2,graduate
920959,1933,1,sibling_roster
920959,1939,2,sibling_roster
920959,1942,3,sibling_roster
919362,1938,3,graduate
919362,1914,1,sibling_roster
919362,1927,2,sibling_roster
919362,1939,3,sibling_roster
930913,1939,2,graduate
933150,1937,2,graduate
916401,1939,1,sibling_roster
916401,1948,2,sibling_roster
916401,1951,3,sibling_roster
930640,1939,5,graduate
930640,1931,1,sibling_roster
930640,1931,2,sibling_roster
930640,1935,3,sibling_roster
930640,1936,4,sibling_roster
930640,1940,5,sibling_roster
916485,1940,1,sibling_roster
916485,1941,2,sibling_roster
916345,1937,2,graduate
916345,1936,1,sibling_roster
916345,1938,2,sibling_roster
916345,1938,3,sibling_roster
916345,1943,4,sibling_roster
916345,1945,5,sibling_roster
925319,1939,1,sibling_roster
925319,1941,2,sibling_roster
925319,1943,3,sibling_roster
925319,1947,4,sibling_roster
925319,1948,5,sibling_roster
925319,1950,6,sibling_roster
925319,1950,7,sibling_roster
925319,1952,8,sibling_roster
912391,1940,1,sibling_roster
906079,1939,11,graduate
906079,1926,1,sibling_roster
906079,1927,2,sibling_roster
906079,1928,3,sibling_roster
906079,1932,4,sibling_roster
906079,1934,5,sibling_roster
906079,1936,6,sibling_roster
906079,1938,7,sibling_roster
906079,1940,8,sibling_roster
902724,1939,2,graduate
902724,1940,2,sibling_roster
912724,1939,2,graduate
912724,1938,1,sibling_roster
912724,1940,2,sibling_roster
912724,1940,3,sibling_roster
912724,1941,4,sibling_roster
912724,1943,5,sibling_roster
912724,1944,6,sibling_roster
912724,1946,7,sibling_roster
918703,1939,2,graduate
918703,1938,1,sibling_roster
918703,1940,2,sibling_roster
918703,1943,3,sibling_roster
914931,1939,1,sibling_roster
914931,1946,2,sibling_roster
907201,1939,3,graduate
917828,1939,2,graduate
917828,1938,1,sibling_roster
917828,1940,2,sibling_roster
918012,1940,1,sibling_roster
918012,1946,2,sibling_roster
912154,1939,2,graduate
916842,1938,2,graduate
916842,1939,2,sibling_roster
912679,1939,1,sibling_roster
912679,1943,2,sibling_roster
916515,1939,3,graduate
920284,1939,8,graduate
920284,1923,1,sibling_roster
920284,1924,2,sibling_roster
920284,1924,3,sibling_roster
920284,1930,4,sibling_roster
920284,1933,5,sibling_roster
920284,1939,6,sibling_roster
920284,1943,7,sibling_roster
902797,1939,4,graduate
902797,1929,1,sibling_roster
902797,1931,2,sibling_roster
902797,1937,3,sibling_roster
902797,1940,4,sibling_roster
920753,1938,2,graduate
920753,1935,1,sibling_roster
920753,1938,2,sibling_roster
915253,1939,1,sibling_roster
915253,1943,2,sibling_roster
921560,1939,2,graduate
921560,1936,1,sibling_roster
921560,1939,2,sibling_roster
921560,1945,3,sibling_roster
921560,1945,4,sibling_roster
928829,1940,1,sibling_roster
928829,1942,2,sibling_roster
928829,1945,3,sibling_roster
927109,1939,1,sibling_roster
927109,1941,2,sibling_roster
927109,1943,3,sibling_roster
927109,1945,4,sibling_roster
927109,1947,5,sibling_roster
927109,1950,6,sibling_roster
921769,1939,1,sibling_roster
921769,1940,2,sibling_roster
921769,1945,3,sibling_roster
921769,1951,4,sibling_roster
901131,1939,3,graduate
932179,1939,2,graduate
932179,1938,1,sibling_roster
932179,1939,2,sibling_roster
932179,1944,3,sibling_roster
927218,1939,2,graduate
927218,1939,1,sibling_roster
927218,1940,2,sibling_roster
927218,1944,3,sibling_roster
927218,1951,4,sibling_roster
931816,1939,2,graduate
931816,1934,1,sibling_roster
931816,1939,2,sibling_roster
922006,1939,2,graduate
922006,1935,1,sibling_roster
922006,1940,2,sibling_roster
922006,1941,3,sibling_roster
929012,1939,2,graduate
929012,1938,1,sibling_roster
929012,1939,2,sibling_roster
929012,1940,3,sibling_roster
929012,1944,4,sibling_roster
929012,1945,5,sibling_roster
929012,1947,6,sibling_roster
927812,1939,2,graduate
931560,1940,1,sibling_roster
926613,1939,3,graduate
917872,1940,1,sibling_roster
917872,1944,2,sibling_roster
911237,1939,2,graduate
911237,1936,1,sibling_roster
911237,1939,2,sibling_roster
925727,1939,1,sibling_roster
925727,1945,2,sibling_roster
925727,1951,3,sibling_roster
922049,1940,1,sibling_roster
922049,1945,2,sibling_roster
908979,1939,2,graduate
908979,1935,1,sibling_roster
908979,1939,2,sibling_roster
908979,1944,3,sibling_roster
924961,1939,1,sibling_roster
924961,1946,2,sibling_roster
916051,1939,2,graduate
905151,1939,3,graduate
923831,1939,4,graduate
923831,1926,1,sibling_roster
923831,1928,2,sibling_roster
923831,1936,3,sibling_roster
923831,1940,4,sibling_roster
918642,1940,1,sibling_roster
918642,1940,2,sibling_roster
918642,1941,3,sibling_roster
918642,1944,4,sibling_roster
918642,1944,5,sibling_roster
903308,1937,16,graduate
919641,1940,1,sibling_roster
919641,1941,2,sibling_roster
919641,1944,3,sibling_roster
919641,1951,4,sibling_roster
926049,1938,7,graduate
926049,1927,1,sibling_roster
926049,1927,2,sibling_roster
926049,1930,3,sibling_roster
926049,1933,4,sibling_roster
926049,1934,5,sibling_roster
926049,1937,6,sibling_roster
926049,1938,7,sibling_roster
926049,1943,8,sibling_roster
918007,1939,2,graduate
918007,1935,1,sibling_roster
918007,1939,2,sibling_roster
918007,1940,3,sibling_roster
924371,1939,2,graduate
931098,1938,2,graduate
931098,1936,1,sibling_roster
931098,1938,2,sibling_roster
931098,1940,3,sibling_roster
903016,1940,1,sibling_roster
903016,1942,2,sibling_roster
903016,1943,3,sibling_roster
903016,1950,4,sibling_roster
903016,1952,5,sibling_roster
925734,1939,2,graduate
925734,1937,1,sibling_roster
925734,1940,2,sibling_roster
925734,1942,3,sibling_roster
925734,1944,4,sibling_roster
925734,1945,5,sibling_roster
925734,1946,6,sibling_roster
930561,1940,1,sibling_roster
930561,1942,2,sibling_roster
930561,1943,3,sibling_roster
930561,1946,4,sibling_roster
930561,1948,5,sibling_roster
930561,1956,6,sibling_roster
921627,1939,2,graduate
921627,1936,1,sibling_roster
921627,1940,2,sibling_roster
921627,1942,3,sibling_roster
926428,1939,6,graduate
926428,1923,1,sibling_roster
926428,1924,2,sibling_roster
926428,1927,3,sibling_roster
926428,1929,4,sibling_roster
926428,1937,5,sibling_roster
926428,1939,6,sibling_roster
933637,1939,1,sibling_roster
933637,1943,2,sibling_roster
933637,1947,3,sibling_roster
922509,1939,1,sibling_roster
915904,1939,2,graduate
923979,1939,4,graduate
923979,1932,1,sibling_roster
923979,1934,2,sibling_roster
923979,1935,3,sibling_roster
923979,1939,4,sibling_roster
911430,1938,3,graduate
911430,1932,1,sibling_roster
911430,1934,2,sibling_roster
911430,1938,3,sibling_roster
911430,1941,4,sibling_roster
911430,1945,5,sibling_roster
911430,1947,6,sibling_roster
911430,1950,7,sibling_roster
911430,1952,8,sibling_roster
911430,1955,9,sibling_roster
911430,1957,10,sibling_roster
911430,1963,11,sibling_roster
931146,1939,2,graduate
931146,1935,1,sibling_roster
931146,1939,2,sibling_roster
931146,1943,3,sibling_roster
931146,1955,4,sibling_roster
921087,1940,1,sibling_roster
921087,1944,2,sibling_roster
921087,1955,3,sibling_roster
926838,1939,3,graduate
926838,1933,1,sibling_roster
926838,1937,2,sibling_roster
926838,1939,3,sibling_roster
926838,1942,4,sibling_roster
926838,1944,5,sibling_roster
926838,1949,6,sibling_roster
913901,1939,4,graduate
913901,1927,1,sibling_roster
913901,1930,2,sibling_roster
913901,1934,3,sibling_roster
913901,1940,4,sibling_roster
919507,1939,1,sibling_roster
919507,1943,2,sibling_roster
919507,1948,3,sibling_roster
919507,1953,4,sibling_roster
905702,1939,3,graduate
905702,1928,1,sibling_roster
905702,1932,2,sibling_roster
905702,1940,3,sibling_roster
905702,1944,4,sibling_roster
904659,1939,1,sibling_roster
904659,1943,2,sibling_roster
904659,1950,3,sibling_roster
927944,1939,2,graduate
933075,1940,1,sibling_roster
933075,1942,2,sibling_roster
933075,1948,3,sibling_roster
913746,1940,2,graduate
913746,1937,1,sibling_roster
913746,1940,2,sibling_roster
913746,1946,3,sibling_roster
913746,1947,4,sibling_roster
909671,1939,8,graduate
909671,1902,2,sibling_roster
909671,1928,3,sibling_roster
909671,1929,4,sibling_roster
909671,1929,5,sibling_roster
909671,1931,6,sibling_roster
909671,1936,7,sibling_roster
909671,1939,8,sibling_roster
909671,1940,9,sibling_roster
909671,1941,10,sibling_roster
909671,1943,11,sibling_roster
909671,1947,12,sibling_roster
924907,1939,4,graduate
924907,1931,1,sibling_roster
924907,1932,2,sibling_roster
924907,1936,3,sibling_roster
924907,1939,4,sibling_roster
924907,1944,5,sibling_roster
924907,1947,6,sibling_roster
924907,1949,7,sibling_roster
915119,1938,7,graduate
915119,1928,1,sibling_roster
915119,1931,2,sibling_roster
915119,1933,3,sibling_roster
915119,1934,4,sibling_roster
915119,1935,5,sibling_roster
915119,1937,6,sibling_roster
915119,1939,7,sibling_roster
915119,1942,8,sibling_roster
907312,1939,2,graduate
913947,1939,3,graduate
913947,1933,1,sibling_roster
913947,1937,2,sibling_roster
913947,1940,3,sibling_roster
913947,1950,4,sibling_roster
913947,1950,5,sibling_roster
919599,1939,1,sibling_roster
919599,1948,2,sibling_roster
919599,1951,3,sibling_roster
929200,1939,2,graduate
906900,1939,2,graduate
914237,1938,3,graduate
914237,1936,1,sibling_roster
914237,1938,2,sibling_roster
914237,1939,3,sibling_roster
914237,1941,4,sibling_roster
914237,1953,5,sibling_roster
930543,1939,2,graduate
930543,1936,1,sibling_roster
930543,1940,2,sibling_roster
915876,1939,2,graduate
915876,1937,1,sibling_roster
915876,1939,2,sibling_roster
917450,1940,1,sibling_roster
917450,1942,2,sibling_roster
917450,1951,3,sibling_roster
917450,1952,4,sibling_roster
908703,1939,2,graduate
908703,1934,1,sibling_roster
908703,1939,2,sibling_roster
908703,1945,3,sibling_roster
928065,1939,2,graduate
928065,1939,1,sibling_roster
928065,1940,2,sibling_roster
928065,1946,3,sibling_roster
904669,1940,1,sibling_roster
904669,1940,2,sibling_roster
925932,1939,1,sibling_roster
925932,1941,2,sibling_roster
925932,1943,3,sibling_roster
925932,1944,4,sibling_roster
925932,1947,5,sibling_roster
925932,1949,6,sibling_roster
901243,1940,1,sibling_roster
916409,1939,2,graduate
921675,1939,4,graduate
921675,1930,1,sibling_roster
921675,1931,2,sibling_roster
921675,1934,3,sibling_roster
921675,1939,4,sibling_roster
921675,1947,5,sibling_roster
908321,1940,1,sibling_roster
908321,1942,2,sibling_roster
900867,1939,1,sibling_roster
900867,1940,2,sibling_roster
900867,1944,3,sibling_roster
900867,1947,4,sibling_roster
900867,1948,5,sibling_roster
900867,1949,6,sibling_roster
918716,1939,2,graduate
918716,1936,1,sibling_roster
918716,1939,2,sibling_roster
918716,1949,3,sibling_roster
926589,1939,3,graduate
926589,1936,1,sibling_roster
926589,1938,2,sibling_roster
926589,1939,3,sibling_roster
926589,1947,4,sibling_roster
926589,1949,5,sibling_roster
919941,1939,1,sibling_roster
919941,1941,2,sibling_roster
919941,1942,3,sibling_roster
919941,1946,4,sibling_roster
923779,1939,3,graduate
923779,1933,1,sibling_roster
923779,1937,2,sibling_roster
923779,1940,3,sibling_roster
918332,1939,4,graduate
921193,1939,3,graduate
921193,1937,1,sibling_roster
921193,1938,2,sibling_roster
921193,1940,3,sibling_roster
921193,1944,4,sibling_roster
921193,1948,5,sibling_roster
921193,1959,6,sibling_roster
914014,1939,2,graduate
914014,1938,1,sibling_roster
914014,1940,2,sibling_roster
914014,1941,3,sibling_roster
914014,1942,4,sibling_roster
914014,1944,5,sibling_roster
919808,1939,5,graduate
919808,1920,1,sibling_roster
919808,1933,2,sibling_roster
919808,1937,4,sibling_roster
919808,1939,5,sibling_roster
900353,1940,1,sibling_roster
900353,1952,2,sibling_roster
903070,1940,1,sibling_roster
903070,1944,2,sibling_roster
931533,1940,3,graduate
931533,1937,1,sibling_roster
931533,1939,2,sibling_roster
931533,1940,3,sibling_roster
906391,1939,5,graduate
906391,1929,1,sibling_roster
906391,1934,2,sibling_roster
906391,1936,3,sibling_roster
906391,1940,4,sibling_roster
906391,1949,5,sibling_roster
922883,1940,1,sibling_roster
922883,1942,2,sibling_roster
921566,1939,2,graduate
907863,1939,4,graduate
907863,1931,1,sibling_roster
907863,1933,2,sibling_roster
907863,1934,3,sibling_roster
907863,1939,4,sibling_roster
907863,1944,5,sibling_roster
907863,1946,6,sibling_roster
907863,1953,7,sibling_roster
907863,1955,8,sibling_roster
931434,1940,1,sibling_roster
931434,1945,2,sibling_roster
931434,1950,3,sibling_roster
931434,1955,4,sibling_roster
931434,1960,5,sibling_roster
910634,1939,2,graduate
924756,1940,1,sibling_roster
924756,1940,2,sibling_roster
924756,1944,3,sibling_roster
924756,1946,4,sibling_roster
925223,1939,1,sibling_roster
925223,1941,2,sibling_roster
911719,1939,2,graduate
911719,1938,1,sibling_roster
911719,1940,2,sibling_roster
911719,1941,3,sibling_roster
911719,1947,4,sibling_roster
911719,1949,5,sibling_roster
911719,1953,6,sibling_roster
900920,1940,1,sibling_roster
900920,1941,2,sibling_roster
900920,1944,3,sibling_roster
900920,1946,4,sibling_roster
900920,1942,6,sibling_roster
900920,1948,7,sibling_roster
900920,1950,8,sibling_roster
900920,1950,9,sibling_roster
900920,1952,10,sibling_roster
900920,1954,11,sibling_roster
926198,1938,2,graduate
916330,1939,5,graduate
901522,1939,3,graduate
901522,1933,1,sibling_roster
901522,1938,2,sibling_roster
901522,1940,3,sibling_roster
933764,1940,1,sibling_roster
933764,1941,2,sibling_roster
933764,1945,3,sibling_roster
930162,1938,7,graduate
930162,1927,1,sibling_roster
930162,1929,2,sibling_roster
930162,1932,3,sibling_roster
930162,1934,4,sibling_roster
930162,1934,5,sibling_roster
930162,1938,6,sibling_roster
930162,1938,7,sibling_roster
933731,1939,3,graduate
933849,1939,2,graduate
915344,1939,4,graduate
915344,1931,1,sibling_roster
915344,1933,2,sibling_roster
915344,1935,3,sibling_roster
915344,1940,4,sibling_roster
915344,1940,5,sibling_roster
915344,1947,6,sibling_roster
915295,1939,1,sibling_roster
915295,1941,2,sibling_roster
920168,1940,1,sibling_roster
909901,1939,2,graduate
909901,1938,1,sibling_roster
909901,1940,2,sibling_roster
909901,1940,3,sibling_roster
909901,1945,4,sibling_roster
907025,1939,9,graduate
915564,1938,5,graduate
920775,1939,2,graduate
920775,1937,1,sibling_roster
920775,1940,2,sibling_roster
920775,1945,3,sibling_roster
925739,1939,10,graduate
925739,1912,1,sibling_roster
925739,1917,2,sibling_roster
925739,1919,3,sibling_roster
925739,1923,4,sibling_roster
925739,1927,5,sibling_roster
925739,1932,6,sibling_roster
925739,1936,7,sibling_roster
925739,1940,8,sibling_roster
925739,1924,10,sibling_roster
914888,1940,1,sibling_roster
914888,1945,2,sibling_roster
933032,1940,3,graduate
933032,1928,1,sibling_roster
933032,1936,2,sibling_roster
933032,1940,3,sibling_roster
933032,1942,4,sibling_roster
909545,1939,1,sibling_roster
909545,1941,2,sibling_roster
916514,1939,4,graduate
916514,1923,1,sibling_roster
916514,1925,2,sibling_roster
916514,1929,3,sibling_roster
916514,1939,4,sibling_roster
915201,1938,7,graduate
901331,1938,14,graduate
901331,1915,1,sibling_roster
901331,1920,2,sibling_roster
901331,1921,3,sibling_roster
901331,1923,4,sibling_roster
901331,1924,5,sibling_roster
901331,1926,6,sibling_roster
901331,1928,7,sibling_roster
901331,1928,8,sibling_roster
901331,1930,9,sibling_roster
901331,1934,10,sibling_roster
901331,1935,11,sibling_roster
901331,1939,12,sibling_roster
912335,1940,2,graduate
912335,1936,1,sibling_roster
912335,1940,2,sibling_roster
912335,1942,3,sibling_roster
902335,1940,1,sibling_roster
902335,1942,2,sibling_roster
902335,1944,3,sibling_roster
902335,1951,4,sibling_roster
919877,1939,3,graduate
919877,1932,1,sibling_roster
919877,1936,2,sibling_roster
919877,1940,3,sibling_roster
919877,1947,4,sibling_roster
908862,1938,2,graduate
908862,1939,1,sibling_roster
908862,1942,2,sibling_roster
909293,1939,2,graduate
909293,1934,1,sibling_roster
909293,1940,2,sibling_roster
909293,1943,3,sibling_roster
902958,1940,2,graduate
902958,1935,1,sibling_roster
902958,1940,2,sibling_roster
905909,1938,2,graduate
905909,1936,1,sibling_roster
905909,1939,2,sibling_roster
905909,1940,3,sibling_roster
905909,1942,4,sibling_roster
918503,1940,1,sibling_roster
918503,1943,2,sibling_roster
909836,1939,2,graduate
909836,1935,1,sibling_roster
909836,1940,2,sibling_roster
909836,1943,3,sibling_roster
923717,1940,1,sibling_roster
923717,1947,2,sibling_roster
918656,1938,2,graduate
918656,1935,1,sibling_roster
918656,1939,2,sibling_roster
918656,1943,3,sibling_roster
932818,1939,3,graduate
932818,1935,1,sibling_roster
932818,1937,2,sibling_roster
932818,1940,3,sibling_roster
932818,1943,4,sibling_roster
932818,1945,5,sibling_roster
905701,1939,5,graduate
905701,1917,1,sibling_roster
905701,1922,2,sibling_roster
905701,1926,3,sibling_roster
905701,1939,4,sibling_roster
905701,1940,5,sibling_roster
930356,1938,2,graduate
930356,1935,1,sibling_roster
930356,1939,2,sibling_roster
930356,1943,3,sibling_roster
930356,1947,4,sibling_roster
924836,1939,3,graduate
924836,1929,1,sibling_roster
924836,1935,2,sibling_roster
924836,1939,3,sibling_roster
923042,1939,2,graduate
923042,1936,1,sibling_roster
923042,1940,2,sibling_roster
923042,1948,3,sibling_roster
924335,1939,1,sibling_roster
924335,1942,2,sibling_roster
931990,1939,3,graduate
917040,1939,4,graduate
917040,1919,1,sibling_roster
917040,1921,2,sibling_roster
917040,1927,3,sibling_roster
917040,1939,4,sibling_roster
917040,1954,5,sibling_roster
908975,1939,3,graduate
908975,1926,1,sibling_roster
908975,1930,2,sibling_roster
908975,1940,3,sibling_roster
901500,1940,5,graduate
901500,1932,1,sibling_roster
901500,1933,2,sibling_roster
901500,1934,3,sibling_roster
901500,1939,4,sibling_roster
901500,1941,5,sibling_roster
901803,1939,2,graduate
901803,1937,1,sibling_roster
901803,1940,2,sibling_roster
901803,1946,3,sibling_roster
901803,1950,4,sibling_roster
924236,1939,3,graduate
901527,1939,1,sibling_roster
901527,1942,2,sibling_roster
918762,1937,2,graduate
918762,1926,1,sibling_roster
918762,1938,2,sibling_roster
918762,1942,3,sibling_roster
918762,1946,4,sibling_roster
914507,1940,1,sibling_roster
912256,1940,1,sibling_roster
912256,1946,2,sibling_roster
928683,1939,3,graduate
928683,1918,1,sibling_roster
928683,1933,2,sibling_roster
928683,1940,3,sibling_roster
905688,1940,1,sibling_roster
905688,1944,2,sibling_roster
912976,1940,1,sibling_roster
912976,1944,2,sibling_roster
912976,1946,3,sibling_roster
912976,1952,4,sibling_roster
904062,1939,4,graduate
904062,1926,1,sibling_roster
904062,1927,2,sibling_roster
904062,1932,3,sibling_roster
904062,1940,4,sibling_roster
904062,1943,5,sibling_roster
920712,1940,1,sibling_roster
920712,1940,2,sibling_roster
920712,1948,3,sibling_roster
920712,1952,4,sibling_roster
920712,1957,5,sibling_roster
901514,1939,2,graduate
901514,1940,1,sibling_roster
901514,1940,2,sibling_roster
901514,1948,3,sibling_roster
901514,1952,4,sibling_roster
901514,1957,5,sibling_roster
913496,1940,1,sibling_roster
913496,1945,2,sibling_roster
913496,1948,3,sibling_roster
913496,1950,4,sibling_roster
905040,1939,4,graduate
905040,1937,2,sibling_roster
905040,1938,3,sibling_roster
905040,1940,4,sibling_roster
905040,1942,5,sibling_roster
905040,1944,6,sibling_roster
905040,1950,7,sibling_roster
905040,1953,8,sibling_roster
921047,1938,2,graduate
923335,1940,3,graduate
923335,1938,1,sibling_roster
923335,1940,2,sibling_roster
923335,1946,3,sibling_roster
923335,1948,4,sibling_roster
908882,1940,1,sibling_roster
908882,1945,2,sibling_roster
927833,1937,6,graduate
927833,1926,1,sibling_roster
927833,1931,2,sibling_roster
927833,1936,3,sibling_roster
927833,1938,4,sibling_roster
932499,1939,1,sibling_roster
932499,1944,2,sibling_roster
901946,1940,1,sibling_roster
905665,1940,1,sibling_roster
905665,1942,2,sibling_roster
907147,1938,2,graduate
929566,1939,5,graduate
929566,1926,1,sibling_roster
929566,1928,2,sibling_roster
929566,1933,3,sibling_roster
929566,1937,4,sibling_roster
929566,1940,5,sibling_roster
906403,1938,3,graduate
923628,1939,1,sibling_roster
916541,1939,5,graduate
916541,1927,1,sibling_roster
916541,1930,2,sibling_roster
916541,1933,3,sibling_roster
916541,1936,4,sibling_roster
916541,1939,5,sibling_roster
916541,1941,6,sibling_roster
916541,1949,7,sibling_roster
916541,1951,8,sibling_roster
930415,1939,3,graduate
930415,1940,1,sibling_roster
930415,1943,2,sibling_roster
930415,1951,3,sibling_roster
932409,1940,1,sibling_roster
932409,1945,2,sibling_roster
932409,1965,3,sibling_roster
932409,1968,4,sibling_roster
928939,1939,1,sibling_roster
930536,1939,1,sibling_roster
917325,1939,2,graduate
917325,1932,1,sibling_roster
917325,1940,2,sibling_roster
930079,1938,5,graduate
930079,1928,1,sibling_roster
930079,1929,2,sibling_roster
930079,1931,3,sibling_roster
930079,1934,4,sibling_roster
930079,1939,5,sibling_roster
930079,1949,6,sibling_roster
904992,1939,2,graduate
904992,1937,1,sibling_roster
904992,1939,2,sibling_roster
922824,1939,5,graduate
922824,1933,1,sibling_roster
922824,1934,2,sibling_roster
922824,1936,3,sibling_roster
922824,1938,4,sibling_roster
922824,1939,5,sibling_roster
922824,1940,6,sibling_roster
922824,1949,7,sibling_roster
929154,1938,3,graduate
929154,1934,1,sibling_roster
929154,1936,2,sibling_roster
929154,1938,3,sibling_roster
929154,1940,4,sibling_roster
929154,1943,5,sibling_roster
929154,1945,6,sibling_roster
929154,1946,7,sibling_roster
932771,1939,1,sibling_roster
932771,1942,2,sibling_roster
932771,1953,3,sibling_roster
922063,1939,2,graduate
919718,1940,1,sibling_roster
919718,1945,2,sibling_roster
919718,1947,3,sibling_roster
919718,1948,4,sibling_roster
919718,1953,5,sibling_roster
929249,1940,3,graduate
900268,1939,1,sibling_roster
920633,1938,1,sibling_roster
920633,1941,2,sibling_roster
920633,1943,3,sibling_roster
920633,1945,4,sibling_roster
920633,1947,5,sibling_roster
920633,1956,6,sibling_roster
918062,1939,2,graduate
918062,1938,1,sibling_roster
918062,1940,2,sibling_roster
918062,1940,3,sibling_roster
918062,1941,4,sibling_roster
918062,1943,5,sibling_roster
918062,1946,6,sibling_roster
918062,1947,7,sibling_roster
918062,1951,8,sibling_roster
918062,1953,9,sibling_roster
918062,1957,10,sibling_roster
924671,1940,1,sibling_roster
924671,1945,2,sibling_roster
913809,1939,2,graduate
913809,1932,1,sibling_roster
913809,1940,2,sibling_roster
933919,1939,3,graduate
933919,1917,1,sibling_roster
933919,1936,2,sibling_roster
933919,1939,3,sibling_roster
917517,1939,2,graduate
917517,1939,1,sibling_roster
908406,1939,1,sibling_roster
929505,1939,4,graduate
929505,1931,1,sibling_roster
929505,1933,2,sibling_roster
929505,1935,3,sibling_roster
929505,1940,4,sibling_roster
929505,1946,5,sibling_roster
909146,1939,3,graduate
909146,1929,1,sibling_roster
909146,1935,2,sibling_roster
909146,1940,3,sibling_roster
917802,1937,3,graduate
917802,1930,1,sibling_roster
917802,1933,2,sibling_roster
917802,1939,3,sibling_roster
927187,1940,1,sibling_roster
927187,1949,2,sibling_roster
913078,1939,2,graduate
913078,1937,1,sibling_roster
913078,1939,2,sibling_roster
913078,1941,3,sibling_roster
913078,1947,4,sibling_roster
918411,1939,3,graduate
918411,1933,1,sibling_roster
918411,1934,2,sibling_roster
918411,1939,3,sibling_roster
900998,1940,1,sibling_roster
900998,1942,2,sibling_roster
900998,1945,3,sibling_roster
929769,1938,4,graduate
929769,1931,1,sibling_roster
929769,1936,2,sibling_roster
929769,1937,3,sibling_roster
929769,1939,4,sibling_roster
929769,1941,5,sibling_roster
929769,1949,6,sibling_roster
911998,1939,5,graduate
911998,1943,1,sibling_roster
901017,1939,2,graduate
901017,1937,1,sibling_roster
901017,1940,2,sibling_roster
900359,1940,1,sibling_roster
900359,1942,2,sibling_roster
900359,1945,3,sibling_roster
919349,1939,3,graduate
919349,1937,1,sibling_roster
919349,1938,2,sibling_roster
919349,1940,3,sibling_roster
919349,1942,4,sibling_roster
919349,1944,5,sibling_roster
919349,1947,6,sibling_roster
919349,1949,7,sibling_roster
919349,1953,8,sibling_roster
904959,1940,1,sibling_roster
904959,1943,2,sibling_roster
904959,1945,3,sibling_roster
904959,1953,4,sibling_roster
915308,1938,5,graduate
915308,1929,1,sibling_roster
915308,1931,2,sibling_roster
915308,1933,3,sibling_roster
915308,1935,4,sibling_roster
915308,1937,5,sibling_roster
915308,1939,6,sibling_roster
915308,1947,7,sibling_roster
904866,1939,1,sibling_roster
904866,1942,2,sibling_roster
904866,1945,3,sibling_roster
904866,1952,4,sibling_roster
904866,1953,5,sibling_roster
907502,1938,5,graduate
916301,1939,1,sibling_roster
916301,1943,2,sibling_roster
912019,1939,3,graduate
912019,1923,1,sibling_roster
912019,1930,2,sibling_roster
912019,1940,3,sibling_roster
917228,1939,1,sibling_roster
917228,1942,2,sibling_roster
917228,1944,3,sibling_roster
917228,1947,4,sibling_roster
916266,1939,2,graduate
916266,1936,1,sibling_roster
916266,1939,2,sibling_roster
916266,1941,3,sibling_roster
916266,1945,4,sibling_roster
906086,1936,1,sibling_roster
930558,1939,5,graduate
930558,1925,1,sibling_roster
930558,1930,2,sibling_roster
930558,1934,3,sibling_roster
930558,1936,4,sibling_roster
930558,1940,5,sibling_roster
930558,1942,6,sibling_roster
930558,1943,7,sibling_roster
930558,1946,8,sibling_roster
931925,1939,1,sibling_roster
931925,1940,2,sibling_roster
931925,1947,3,sibling_roster
931925,1954,4,sibling_roster
915193,1938,4,graduate
915193,1931,1,sibling_roster
915193,1935,2,sibling_roster
915193,1939,3,sibling_roster
903834,1938,10,graduate
903834,1904,1,sibling_roster
903834,1918,2,sibling_roster
903834,1919,3,sibling_roster
903834,1920,4,sibling_roster
903834,1925,5,sibling_roster
903834,1926,6,sibling_roster
903834,1929,7,sibling_roster
903834,1931,8,sibling_roster
903834,1939,9,sibling_roster
914812,1939,3,graduate
914812,1932,1,sibling_roster
914812,1935,2,sibling_roster
914812,1940,3,sibling_roster
927305,1939,2,graduate
927305,1938,1,sibling_roster
927305,1940,2,sibling_roster
927305,1942,3,sibling_roster
927305,1944,4,sibling_roster
927305,1946,5,sibling_roster
927305,1949,6,sibling_roster
927305,1951,7,sibling_roster
927305,1951,8,sibling_roster
927305,1952,9,sibling_roster
927305,1952,10,sibling_roster
927305,1961,11,sibling_roster
920941,1939,1,sibling_roster
920941,1939,2,sibling_roster
920941,1942,3,sibling_roster
920941,1944,4,sibling_roster
920941,1955,5,sibling_roster
920941,1956,6,sibling_roster
920941,1958,7,sibling_roster
917456,1939,4,graduate
908827,1939,4,graduate
908827,1932,2,sibling_roster
908827,1938,3,sibling_roster
908827,1939,4,sibling_roster
925844,1940,1,sibling_roster
925844,1944,2,sibling_roster
925844,1946,3,sibling_roster
925844,1951,4,sibling_roster
912512,1939,1,sibling_roster
912512,1945,2,sibling_roster
906492,1939,1,sibling_roster
906492,1946,2,sibling_roster
905762,1939,2,graduate
905762,1934,1,sibling_roster
905762,1939,2,sibling_roster
917183,1939,1,sibling_roster
917183,1942,2,sibling_roster
917183,1953,3,sibling_roster
931894,1939,1,sibling_roster
931894,1947,2,sibling_roster
932780,1934,1,sibling_roster
932780,1940,2,sibling_roster
932780,1947,3,sibling_roster
915188,1938,3,graduate
915188,1939,1,sibling_roster
915188,1941,2,sibling_roster
915188,1943,3,sibling_roster
922033,1938,2,graduate
922033,1936,1,sibling_roster
922033,1939,2,sibling_roster
933735,1938,2,graduate
933735,1934,1,sibling_roster
933735,1939,2,sibling_roster
930282,1939,3,graduate
930282,1933,1,sibling_roster
930282,1935,2,sibling_roster
930282,1940,3,sibling_roster
913053,1938,2,graduate
913053,1926,1,sibling_roster
913053,1939,2,sibling_roster
913053,1941,3,sibling_roster
924620,1939,7,graduate
929169,1940,1,sibling_roster
929169,1941,2,sibling_roster
929169,1943,3,sibling_roster
927782,1939,2,graduate
927782,1936,1,sibling_roster
927782,1939,2,sibling_roster
907874,1939,2,graduate
915790,1939,3,graduate
915790,1930,1,sibling_roster
915790,1933,2,sibling_roster
915790,1939,3,sibling_roster
915790,1940,4,sibling_roster
901123,1940,1,sibling_roster
901123,1941,2,sibling_roster
901123,1944,3,sibling_roster
924905,1938,1,sibling_roster
924905,1945,2,sibling_roster
910924,1938,1,sibling_roster
910924,1940,2,sibling_roster
910924,1945,3,sibling_roster
910924,1947,4,sibling_roster
910924,1950,5,sibling_roster
909290,1939,7,graduate
927622,1940,1,sibling_roster
927622,1942,2,sibling_roster
927622,1945,3,sibling_roster
927622,1947,4,sibling_roster
925188,1938,6,graduate
925188,1915,1,sibling_roster
925188,1926,2,sibling_roster
925188,1936,3,sibling_roster
925188,1936,4,sibling_roster
925188,1938,5,sibling_roster
925188,1939,6,sibling_roster
925188,1940,7,sibling_roster
925188,1943,8,sibling_roster
925188,1946,9,sibling_roster
925188,1948,10,sibling_roster
906408,1938,2,graduate
906408,1929,1,sibling_roster
906408,1939,2,sibling_roster
921243,1938,2,graduate
921243,1929,1,sibling_roster
921243,1939,2,sibling_roster
921243,1941,3,sibling_roster
921243,1944,4,sibling_roster
928646,1939,1,sibling_roster
928646,1940,2,sibling_roster
913005,1939,2,graduate
913005,1938,1,sibling_roster
913005,1940,2,sibling_roster
913005,1942,3,sibling_roster
913005,1943,4,sibling_roster
913005,1948,5,sibling_roster
913005,1954,7,sibling_roster
913005,1960,8,sibling_roster
925530,1940,1,sibling_roster
925530,1945,2,sibling_roster
925530,1949,3,sibling_roster
915235,1938,2,graduate
915235,1930,1,sibling_roster
915235,1939,2,sibling_roster
907935,1939,2,graduate
902246,1939,2,graduate
902246,1935,1,sibling_roster
902246,1939,2,sibling_roster
902246,1950,3,sibling_roster
909691,1939,2,graduate
909691,1938,1,sibling_roster
909691,1940,2,sibling_roster
908370,1939,6,graduate
929186,1939,9,graduate
929186,1919,1,sibling_roster
929186,1924,2,sibling_roster
929186,1928,3,sibling_roster
929186,1930,4,sibling_roster
929186,1932,5,sibling_roster
929186,1934,6,sibling_roster
929186,1936,7,sibling_roster
929186,1938,8,sibling_roster
929186,1940,9,sibling_roster
929186,1941,10,sibling_roster
929186,1943,11,sibling_roster
912278,1939,2,graduate
907901,1939,3,graduate
901039,1939,7,graduate
901039,1924,1,sibling_roster
901039,1927,2,sibling_roster
901039,1928,3,sibling_roster
901039,1934,4,sibling_roster
901039,1940,5,sibling_roster
904752,1939,2,graduate
904752,1938,1,sibling_roster
904752,1940,2,sibling_roster
904752,1943,3,sibling_roster
904752,1947,4,sibling_roster
904752,1950,5,sibling_roster
904752,1953,6,sibling_roster
928948,1939,3,graduate
908501,1939,3,graduate
908501,1935,1,sibling_roster
908501,1940,2,sibling_roster
908501,1940,3,sibling_roster
908501,1940,4,sibling_roster
903059,1940,1,sibling_roster
903059,1942,2,sibling_roster
903059,1944,3,sibling_roster
932623,1938,2,graduate
932623,1907,1,sibling_roster
932623,1936,2,sibling_roster
932623,1939,3,sibling_roster
932623,1940,4,sibling_roster
932623,1942,5,sibling_roster
932623,1945,6,sibling_roster
932623,1945,7,sibling_roster
906448,1939,4,graduate
906448,1919,1,sibling_roster
906448,1924,2,sibling_roster
906448,1926,3,sibling_roster
906448,1940,4,sibling_roster
919722,1939,3,graduate
901710,1939,1,sibling_roster
901710,1943,2,sibling_roster
901710,1947,3,sibling_roster
922028,1938,1,sibling_roster
922028,1940,2,sibling_roster
922028,1943,3,sibling_roster
922028,1945,4,sibling_roster
922028,1947,5,sibling_roster
922028,1953,6,sibling_roster
922028,1954,7,sibling_roster
924439,1939,1,sibling_roster
924439,1951,2,sibling_roster
924439,1953,3,sibling_roster
900387,1938,5,graduate
900387,1927,1,sibling_roster
900387,1928,2,sibling_roster
900387,1934,3,sibling_roster
900387,1935,4,sibling_roster
900387,1939,5,sibling_roster
900387,1945,6,sibling_roster
918476,1940,3,graduate
918476,1936,1,sibling_roster
918476,1938,2,sibling_roster
918476,1940,3,sibling_roster
918476,1944,4,sibling_roster
916728,1939,3,graduate
916728,1937,1,sibling_roster
916728,1940,2,sibling_roster
916728,1948,3,sibling_roster
916728,1953,4,sibling_roster
918453,1940,1,sibling_roster
918453,1941,2,sibling_roster
918453,1945,3,sibling_roster
921362,1940,2,graduate
921362,1937,1,sibling_roster
921362,1940,2,sibling_roster
921362,1943,3,sibling_roster
921362,1950,4,sibling_roster
921362,1951,5,sibling_roster
921362,1954,6,sibling_roster
920718,1939,1,sibling_roster
920718,1942,2,sibling_roster
908431,1939,1,sibling_roster
908431,1945,2,sibling_roster
908431,1950,3,sibling_roster
907529,1940,1,sibling_roster
907529,1943,2,sibling_roster
907529,1946,3,sibling_roster
907529,1952,4,sibling_roster
926196,1939,3,graduate
916622,1939,3,graduate
916622,1933,1,sibling_roster
916622,1939,2,sibling_roster
916622,1940,3,sibling_roster
916622,1942,4,sibling_roster
903530,1939,2,graduate
903530,1928,1,sibling_roster
903530,1939,2,sibling_roster
919162,1940,1,sibling_roster
919162,1943,2,sibling_roster
925078,1939,2,graduate
925078,1933,1,sibling_roster
925078,1940,2,sibling_roster
908718,1940,1,sibling_roster
908718,1950,2,sibling_roster
930336,1939,2,graduate
930336,1938,1,sibling_roster
930336,1940,2,sibling_roster
930336,1945,3,sibling_roster
932056,1939,3,graduate
932056,1933,1,sibling_roster
932056,1940,2,sibling_roster
922979,1939,2,graduate
922979,1939,1,sibling_roster
922979,1940,2,sibling_roster
922979,1942,3,sibling_roster
903986,1939,2,graduate
903986,1935,1,sibling_roster
903986,1940,2,sibling_roster
903986,1945,3,sibling_roster
903986,1948,4,sibling_roster
903986,1950,5,sibling_roster
903986,1953,6,sibling_roster
913697,1939,2,graduate
913697,1937,1,sibling_roster
913697,1939,2,sibling_roster
913697,1941,3,sibling_roster
913697,1947,4,sibling_roster
914385,1940,1,sibling_roster
914385,1941,2,sibling_roster
914385,1942,3,sibling_roster
914385,1944,4,sibling_roster
914385,1947,5,sibling_roster
929140,1938,2,graduate
929140,1936,1,sibling_roster
929140,1939,2,sibling_roster
929140,1939,3,sibling_roster
908463,1940,1,sibling_roster
908463,1946,2,sibling_roster
908463,1950,3,sibling_roster
908463,1960,4,sibling_roster
927115,1939,2,graduate
927115,1935,1,sibling_roster
927115,1940,2,sibling_roster
916733,1939,2,graduate
916733,1938,1,sibling_roster
916733,1940,2,sibling_roster
900215,1939,4,graduate
900215,1930,1,sibling_roster
900215,1933,2,sibling_roster
900215,1936,3,sibling_roster
900215,1940,4,sibling_roster
930962,1939,1,sibling_roster
930962,1940,2,sibling_roster
930962,1946,3,sibling_roster
930962,1952,4,sibling_roster
909275,1939,2,graduate
909275,1933,1,sibling_roster
909275,1940,2,sibling_roster
932093,1939,4,graduate
932093,1931,1,sibling_roster
932093,1935,2,sibling_roster
932093,1937,3,sibling_roster
932093,1940,4,sibling_roster
913113,1940,2,graduate
913113,1936,1,sibling_roster
913113,1940,2,sibling_roster
913113,1946,3,sibling_roster
905751,1939,2,graduate
905751,1933,1,sibling_roster
905751,1940,2,sibling_roster
929517,1939,3,graduate
933288,1939,2,graduate
906535,1939,2,graduate
906535,1938,1,sibling_roster
906535,1939,2,sibling_roster
907841,1939,3,graduate
907841,1930,1,sibling_roster
907841,1937,2,sibling_roster
907841,1940,3,sibling_roster
900416,1939,1,sibling_roster
900416,1948,2,sibling_roster
900416,1950,3,sibling_roster
900416,1956,4,sibling_roster
900416,1958,5,sibling_roster
900416,1961,6,sibling_roster
928387,1940,1,sibling_roster
928387,1946,2,sibling_roster
924601,1940,1,sibling_roster
924601,1942,2,sibling_roster
924601,1948,3,sibling_roster
904850,1939,2,graduate
904850,1938,1,sibling_roster
904850,1939,2,sibling_roster
904850,1944,3,sibling_roster
904850,1944,4,sibling_roster
910689,1939,1,sibling_roster
910689,1942,2,sibling_roster
907431,1939,2,graduate
907431,1937,1,sibling_roster
907431,1939,2,sibling_roster
907431,1943,3,sibling_roster
911101,1938,3,graduate
911101,1931,1,sibling_roster
911101,1936,2,sibling_roster
911101,1939,3,sibling_roster
911101,1940,4,sibling_roster
928616,1939,3,graduate
928616,1935,1,sibling_roster
928616,1937,2,sibling_roster
928616,1940,3,sibling_roster
928616,1942,4,sibling_roster
928616,1951,5,sibling_roster
928616,1954,6,sibling_roster
922441,1939,2,graduate
922441,1937,1,sibling_roster
922441,1940,2,sibling_roster
914286,1939,3,graduate
906011,1938,3,graduate
906011,1937,1,sibling_roster
906011,1939,2,sibling_roster
906011,1939,3,sibling_roster
906011,1940,4,sibling_roster
906011,1942,5,sibling_roster
906011,1944,6,sibling_roster
906011,1949,7,sibling_roster
915883,1939,1,sibling_roster
915883,1943,2,sibling_roster
932563,1939,2,graduate
932563,1939,1,sibling_roster
932563,1940,2,sibling_roster
932563,1943,3,sibling_roster
932563,1946,4,sibling_roster
905249,1939,5,graduate
905249,1927,1,sibling_roster
905249,1929,2,sibling_roster
905249,1935,3,sibling_roster
905249,1937,4,sibling_roster
905249,1939,5,sibling_roster
902933,1939,3,graduate
902933,1935,1,sibling_roster
902933,1937,2,sibling_roster
902933,1940,3,sibling_roster
902933,1942,4,sibling_roster
902933,1943,5,sibling_roster
902933,1952,6,sibling_roster
902933,1958,7,sibling_roster
913131,1939,3,graduate
913131,1933,1,sibling_roster
913131,1937,2,sibling_roster
913131,1940,3,sibling_roster
922971,1939,1,sibling_roster
913255,1939,1,sibling_roster
913255,1944,2,sibling_roster
921180,1940,1,sibling_roster
921180,1952,2,sibling_roster
921180,1955,3,sibling_roster
911368,1939,4,graduate
929009,1939,2,graduate
929009,1938,1,sibling_roster
929009,1940,2,sibling_roster
929009,1940,3,sibling_roster
921461,1939,2,graduate
921461,1937,1,sibling_roster
921461,1939,2,sibling_roster
912826,1939,1,sibling_roster
912826,1942,2,sibling_roster
928444,1939,2,graduate
928864,1939,2,graduate
911139,1940,1,sibling_roster
911139,1942,2,sibling_roster
919747,1939,2,graduate
919747,1940,1,sibling_roster
919747,1940,2,sibling_roster
919747,1945,3,sibling_roster
923856,1940,1,sibling_roster
923856,1944,2,sibling_roster
905299,1938,2,graduate
905299,1932,1,sibling_roster
905299,1939,2,sibling_roster
905299,1941,3,sibling_roster
907267,1939,2,graduate
907267,1938,1,sibling_roster
907267,1940,2,sibling_roster
930598,1941,1,sibling_roster
930598,1943,2,sibling_roster
930598,1947,3,sibling_roster
930598,1955,4,sibling_roster
927176,1938,2,graduate
927176,1925,1,sibling_roster
927176,1939,2,sibling_roster
920358,1940,1,sibling_roster
920358,1945,2,sibling_roster
920358,1951,3,sibling_roster
911887,1939,2,graduate
911887,1937,1,sibling_roster
911887,1940,2,sibling_roster
932020,1939,2,graduate
930400,1939,1,sibling_roster
930400,1941,2,sibling_roster
920855,1939,2,graduate
910287,1939,2,graduate
910287,1937,1,sibling_roster
910287,1939,2,sibling_roster
910287,1946,3,sibling_roster
904619,1939,2,graduate
904619,1938,1,sibling_roster
904619,1940,2,sibling_roster
913623,1939,2,graduate
913623,1937,1,sibling_roster
913623,1940,2,sibling_roster
917612,1939,2,graduate
902804,1939,2,graduate
902804,1932,1,sibling_roster
902804,1940,2,sibling_roster
902804,1941,3,sibling_roster
908456,1940,1,sibling_roster
905029,1940,1,sibling_roster
905029,1944,2,sibling_roster
918583,1940,1,sibling_roster
918583,1941,2,sibling_roster
918583,1949,3,sibling_roster
918583,1951,4,sibling_roster
918583,1953,5,sibling_roster
927737,1939,12,graduate
927737,1927,5,sibling_roster
927737,1929,6,sibling_roster
927737,1939,9,sibling_roster
910600,1939,1,sibling_roster
910600,1948,2,sibling_roster
931095,1939,2,graduate
931095,1937,1,sibling_roster
931095,1940,2,sibling_roster
915258,1940,1,sibling_roster
915258,1942,2,sibling_roster
915258,1943,3,sibling_roster
910864,1939,2,graduate
910864,1937,1,sibling_roster
910864,1940,2,sibling_roster
933503,1940,1,sibling_roster
933503,1942,2,sibling_roster
908322,1939,3,graduate
908322,1933,1,sibling_roster
908322,1935,2,sibling_roster
908322,1939,3,sibling_roster
929090,1940,1,sibling_roster
929090,1942,2,sibling_roster
924121,1940,1,sibling_roster
924121,1944,2,sibling_roster
912471,1938,2,graduate
921539,1939,3,graduate
923531,1939,2,graduate
908637,1940,1,sibling_roster
933363,1939,2,graduate
923544,1940,1,sibling_roster
923544,1940,2,sibling_roster
923544,1944,3,sibling_roster
923544,1945,4,sibling_roster
901339,1938,2,graduate
925586,1939,2,graduate
925586,1937,1,sibling_roster
925586,1939,2,sibling_roster
925586,1947,3,sibling_roster
925586,1951,4,sibling_roster
918435,1939,6,graduate
918435,1926,1,sibling_roster
918435,1927,2,sibling_roster
918435,1930,3,sibling_roster
918435,1932,4,sibling_roster
918435,1934,5,sibling_roster
918435,1940,6,sibling_roster
932776,1939,1,sibling_roster
932776,1943,2,sibling_roster
932776,1956,3,sibling_roster
906740,1940,3,graduate
904267,1939,3,graduate
904267,1929,1,sibling_roster
904267,1936,2,sibling_roster
904267,1940,3,sibling_roster
927927,1939,2,graduate
927927,1936,1,sibling_roster
927927,1939,2,sibling_roster
927927,1943,3,sibling_roster
901013,1939,2,graduate
901013,1933,1,sibling_roster
901013,1939,2,sibling_roster
908184,1939,2,graduate
908184,1937,1,sibling_roster
908184,1940,2,sibling_roster
908184,1948,3,sibling_roster
906290,1939,2,graduate
929405,1939,1,sibling_roster
911045,1939,4,graduate
917700,1939,2,graduate
923536,1939,3,graduate
923536,1928,1,sibling_roster
923536,1935,2,sibling_roster
923536,1939,3,sibling_roster
926946,1939,2,graduate
907247,1940,1,sibling_roster
907247,1943,2,sibling_roster
904411,1939,2,graduate
904411,1938,1,sibling_roster
904411,1940,2,sibling_roster
904411,1944,3,sibling_roster
900329,1939,3,graduate
900329,1937,1,sibling_roster
900329,1939,2,sibling_roster
900329,1940,3,sibling_roster
900329,1943,4,sibling_roster
900329,1944,5,sibling_roster
900329,1945,6,sibling_roster
900329,1947,7,sibling_roster
906044,1940,1,sibling_roster
906044,1941,2,sibling_roster
906044,1949,3,sibling_roster
906044,1954,4,sibling_roster
913772,1939,2,graduate
913772,1937,1,sibling_roster
913772,1940,2,sibling_roster
913772,1943,3,sibling_roster
906216,1938,1,sibling_roster
906216,1941,2,sibling_roster
906216,1945,4,sibling_roster
906216,1949,5,sibling_roster
906216,1953,6,sibling_roster
906216,1956,7,sibling_roster
906216,1959,8,sibling_roster
906216,1959,9,sibling_roster
906216,1961,10,sibling_roster
909376,1939,2,graduate
924546,1938,3,graduate
924546,1935,1,sibling_roster
924546,1937,2,sibling_roster
924546,1939,3,sibling_roster
924546,1940,4,sibling_roster
924546,1953,5,sibling_roster
900589,1939,8,graduate
902852,1939,1,sibling_roster
902852,1945,2,sibling_roster
902852,1948,3,sibling_roster
902852,1949,4,sibling_roster
933575,1939,1,sibling_roster
933575,1942,2,sibling_roster
933575,1945,3,sibling_roster
906056,1940,1,sibling_roster
906056,1944,2,sibling_roster
922276,1940,1,sibling_roster
922276,1940,2,sibling_roster
922276,1942,3,sibling_roster
922276,1947,4,sibling_roster
922276,1954,5,sibling_roster
922276,1959,6,sibling_roster
910264,1939,1,sibling_roster
910264,1944,2,sibling_roster
910944,1939,7,graduate
910944,1925,1,sibling_roster
910944,1930,2,sibling_roster
910944,1935,3,sibling_roster
910944,1937,4,sibling_roster
910944,1940,5,sibling_roster
910944,1946,6,sibling_roster
900838,1939,7,graduate
924076,1940,1,sibling_roster
924076,1943,2,sibling_roster
924076,1944,3,sibling_roster
923020,1939,1,sibling_roster
919025,1940,1,sibling_roster
908512,1940,1,sibling_roster
908512,1941,2,sibling_roster
927539,1939,1,sibling_roster
909329,1938,3,graduate
925038,1940,2,graduate
925038,1937,1,sibling_roster
925038,1940,2,sibling_roster
925038,1945,3,sibling_roster
925038,1946,4,sibling_roster
908207,1939,3,graduate
925577,1940,1,sibling_roster
925577,1945,2,sibling_roster
930719,1938,1,sibling_roster
930719,1942,2,sibling_roster
930719,1954,4,sibling_roster
924387,1939,2,graduate
924387,1936,1,sibling_roster
924387,1940,2,sibling_roster
924387,1942,3,sibling_roster
929724,1940,2,graduate
920635,1939,8,graduate
915562,1938,2,graduate
915562,1935,1,sibling_roster
915562,1939,2,sibling_roster
915562,1943,3,sibling_roster
930810,1939,8,graduate
930810,1910,1,sibling_roster
930810,1910,2,sibling_roster
930810,1911,3,sibling_roster
930810,1920,4,sibling_roster
930810,1922,5,sibling_roster
930810,1923,6,sibling_roster
930810,1929,7,sibling_roster
930810,1940,8,sibling_roster
930810,1942,9,sibling_roster
911213,1939,3,graduate
911213,1936,1,sibling_roster
911213,1938,2,sibling_roster
911213,1940,3,sibling_roster
911213,1943,4,sibling_roster
911213,1946,5,sibling_roster
906592,1938,4,graduate
927756,1939,4,graduate
927756,1922,1,sibling_roster
927756,1924,2,sibling_roster
927756,1931,3,sibling_roster
927756,1940,4,sibling_roster
925673,1938,1,sibling_roster
925673,1943,2,sibling_roster
920737,1939,3,graduate
920737,1934,1,sibling_roster
920737,1935,2,sibling_roster
920737,1940,3,sibling_roster
932400,1939,4,graduate
932400,1915,1,sibling_roster
932400,1924,2,sibling_roster
932400,1932,3,sibling_roster
932400,1940,4,sibling_roster
915451,1940,1,sibling_roster
915451,1947,2,sibling_roster
915451,1954,3,sibling_roster
917959,1938,1,sibling_roster
917959,1945,2,sibling_roster
906117,1940,1,sibling_roster
906117,1943,2,sibling_roster
906117,1948,3,sibling_roster
913988,1939,1,sibling_roster
913988,1941,2,sibling_roster
913988,1947,3,sibling_roster
920632,1939,2,graduate
930056,1939,3,graduate
930056,1930,1,sibling_roster
930056,1933,2,sibling_roster
930056,1939,3,sibling_roster
930056,1942,4,sibling_roster
930056,1945,5,sibling_roster
930056,1950,6,sibling_roster
931085,1939,1,sibling_roster
931085,1950,2,sibling_roster
928283,1939,5,graduate
905133,1940,1,sibling_roster
905133,1944,2,sibling_roster
905133,1950,3,sibling_roster
908097,1940,1,sibling_roster
908097,1945,2,sibling_roster
929064,1940,1,sibling_roster
929064,1946,2,sibling_roster
929064,1949,3,sibling_roster
904705,1939,2,graduate
904705,1938,1,sibling_roster
904705,1940,2,sibling_roster
904705,1940,3,sibling_roster
904705,1943,4,sibling_roster
912385,1940,2,graduate
912385,1940,1,sibling_roster
912385,1945,2,sibling_roster
915013,1940,1,sibling_roster
915013,1943,2,sibling_roster
915013,1947,3,sibling_roster
909696,1939,6,graduate
909696,1932,1,sibling_roster
909696,1933,2,sibling_roster
909696,1934,3,sibling_roster
909696,1939,4,sibling_roster
902062,1939,3,graduate
902062,1929,1,sibling_roster
902062,1937,2,sibling_roster
902062,1940,3,sibling_roster
930490,1939,7,graduate
930490,1923,1,sibling_roster
930490,1925,2,sibling_roster
930490,1930,3,sibling_roster
930490,1933,4,sibling_roster
930490,1937,5,sibling_roster
930490,1939,6,sibling_roster
930490,1949,7,sibling_roster
926772,1939,5,graduate
926772,1927,1,sibling_roster
926772,1934,2,sibling_roster
926772,1934,3,sibling_roster
926772,1936,4,sibling_roster
926772,1939,5,sibling_roster
926772,1940,6,sibling_roster
926772,1942,7,sibling_roster
926772,1943,8,sibling_roster
926772,1945,9,sibling_roster
926772,1947,10,sibling_roster
912624,1939,4,graduate
912361,1939,2,graduate
912361,1938,1,sibling_roster
912361,1940,2,sibling_roster
912361,1942,3,sibling_roster
912361,1943,4,sibling_roster
912361,1945,5,sibling_roster
912361,1947,6,sibling_roster
912361,1949,7,sibling_roster
912361,1951,8,sibling_roster
912361,1952,9,sibling_roster
912361,1954,10,sibling_roster
912361,1954,11,sibling_roster
912317,1940,1,sibling_roster
912317,1942,2,sibling_roster
912317,1946,4,sibling_roster
911463,1939,1,sibling_roster
911463,1942,2,sibling_roster
911463,1945,3,sibling_roster
917107,1939,1,sibling_roster
914677,1940,1,sibling_roster
913965,1939,3,graduate
922907,1939,1,sibling_roster
922907,1942,2,sibling_roster
922907,1944,3,sibling_roster
922907,1946,4,sibling_roster
922907,1960,5,sibling_roster
905064,1939,1,sibling_roster
905064,1943,2,sibling_roster
905064,1947,3,sibling_roster
930894,1940,2,graduate
930894,1938,1,sibling_roster
930894,1940,2,sibling_roster
930894,1952,3,sibling_roster
933532,1939,2,graduate
933532,1935,1,sibling_roster
933532,1940,2,sibling_roster
933532,1942,3,sibling_roster
933532,1953,4,sibling_roster
908436,1940,1,sibling_roster
908436,1941,2,sibling_roster
908436,1943,3,sibling_roster
908436,1946,4,sibling_roster
908436,1958,5,sibling_roster
906819,1938,2,graduate
912785,1940,1,sibling_roster
912785,1941,2,sibling_roster
912785,1953,4,sibling_roster
906543,1939,2,graduate
906543,1932,1,sibling_roster
906543,1940,2,sibling_roster
926182,1939,2,graduate
926182,1933,1,sibling_roster
926182,1940,2,sibling_roster
926182,1951,3,sibling_roster
900154,1939,4,graduate
900154,1923,1,sibling_roster
900154,1928,2,sibling_roster
900154,1933,3,sibling_roster
900154,1940,4,sibling_roster
924639,1938,3,graduate
909443,1939,3,graduate
909443,1938,1,sibling_roster
909443,1938,2,sibling_roster
909443,1940,3,sibling_roster
912280,1940,1,sibling_roster
912280,1944,2,sibling_roster
928665,1940,2,graduate
900426,1939,2,graduate
907453,1939,2,graduate
907453,1936,1,sibling_roster
907453,1940,2,sibling_roster
907453,1943,3,sibling_roster
907453,1949,4,sibling_roster
907453,1950,5,sibling_roster
907453,1951,6,sibling_roster
907453,1953,7,sibling_roster
907453,1955,8,sibling_roster
907453,1960,9,sibling_roster
900751,1938,1,sibling_roster
900751,1941,2,sibling_roster
900751,1942,3,sibling_roster
900751,1945,4,sibling_roster
909131,1939,3,graduate
909131,1935,1,sibling_roster
909131,1937,2,sibling_roster
909131,1940,3,sibling_roster
909131,1941,4,sibling_roster
909131,1947,5,sibling_roster
921306,1939,4,graduate
921306,1930,1,sibling_roster
921306,1935,2,sibling_roster
921306,1935,3,sibling_roster
921306,1939,4,sibling_roster
900848,1939,5,graduate
900848,1929,1,sibling_roster
900848,1930,2,sibling_roster
900848,1939,3,sibling_roster
922823,1937,2,graduate
922823,1936,1,sibling_roster
922823,1938,2,sibling_roster
931711,1938,2,graduate
931711,1937,1,sibling_roster
931711,1939,2,sibling_roster
911194,1939,4,graduate
923125,1939,5,graduate
923125,1934,1,sibling_roster
923125,1935,2,sibling_roster
923125,1935,3,sibling_roster
923125,1938,4,sibling_roster
923125,1939,5,sibling_roster
923125,1940,6,sibling_roster
903206,1938,6,graduate
909838,1940,1,sibling_roster
909838,1942,2,sibling_roster
909838,1944,3,sibling_roster
909838,1948,4,sibling_roster
914969,1938,2,graduate
914969,1938,1,sibling_roster
914969,1939,2,sibling_roster
912024,1938,1,sibling_roster
912024,1939,2,sibling_roster
912024,1940,3,sibling_roster
912024,1943,4,sibling_roster
912024,1943,5,sibling_roster
912024,1945,6,sibling_roster
912024,1946,7,sibling_roster
922678,1939,3,graduate
918172,1939,2,graduate
918172,1936,1,sibling_roster
918172,1940,2,sibling_roster
918172,1944,3,sibling_roster
913555,1940,1,sibling_roster
913555,1942,2,sibling_roster
910498,1938,2,graduate
912060,1940,1,sibling_roster
912060,1951,2,sibling_roster
924630,1939,2,graduate
901256,1937,2,graduate
901256,1936,1,sibling_roster
901256,1938,2,sibling_roster
901256,1945,3,sibling_roster
903231,1940,1,sibling_roster
912086,1939,2,graduate
912086,1939,1,sibling_roster
912086,1940,2,sibling_roster
918140,1940,1,sibling_roster
918140,1943,2,sibling_roster
918140,1945,3,sibling_roster
901231,1939,4,graduate
901231,1935,1,sibling_roster
901231,1938,2,sibling_roster
901231,1940,3,sibling_roster
901231,1944,4,sibling_roster
901231,1945,5,sibling_roster
901231,1948,6,sibling_roster
931838,1940,1,sibling_roster
931838,1946,2,sibling_roster
931838,1948,3,sibling_roster
932784,1939,2,graduate
932784,1931,1,sibling_roster
932784,1939,2,sibling_roster
914768,1939,1,sibling_roster
914768,1941,2,sibling_roster
914768,1943,3,sibling_roster
914768,1948,4,sibling_roster
912701,1939,1,sibling_roster
912701,1941,2,sibling_roster
912701,1949,3,sibling_roster
924578,1940,1,sibling_roster
924578,1944,2,sibling_roster
924578,1951,3,sibling_roster
924578,1951,4,sibling_roster
924578,1954,5,sibling_roster
924578,1956,6,sibling_roster
924578,1959,7,sibling_roster
915372,1940,1,sibling_roster
915372,1947,2,sibling_roster
915372,1949,3,sibling_roster
920970,1940,1,sibling_roster
920970,1942,2,sibling_roster
920970,1956,3,sibling_roster
933280,1940,1,sibling_roster
933280,1945,2,sibling_roster
931249,1939,2,graduate
931249,1930,1,sibling_roster
931249,1940,2,sibling_roster
920716,1939,2,graduate
909521,1939,1,sibling_roster
909521,1941,2,sibling_roster
909521,1944,3,sibling_roster
909521,1947,4,sibling_roster
913857,1940,1,sibling_roster
927977,1940,1,sibling_roster
927977,1944,2,sibling_roster
927977,1950,3,sibling_roster
927977,1950,4,sibling_roster
920611,1939,1,sibling_roster
920611,1943,2,sibling_roster
920611,1945,3,sibling_roster
920169,1939,2,graduate
920169,1928,1,sibling_roster
920169,1939,2,sibling_roster
921091,1939,2,graduate
921091,1937,1,sibling_roster
921091,1940,2,sibling_roster
921091,1943,3,sibling_roster
921091,1944,4,sibling_roster
917547,1938,2,graduate
915715,1940,1,sibling_roster
915715,1942,2,sibling_roster
918267,1939,5,graduate
918267,1920,1,sibling_roster
918267,1928,2,sibling_roster
918267,1932,3,sibling_roster
918267,1933,4,sibling_roster
918267,1940,5,sibling_roster
913146,1940,1,sibling_roster
913146,1941,2,sibling_roster
913146,1943,3,sibling_roster
913146,1944,4,sibling_roster
913146,1946,5,sibling_roster
913146,1947,6,sibling_roster
913146,1954,7,sibling_roster
913146,1956,8,sibling_roster
929681,1939,2,graduate
929681,1938,1,sibling_roster
929681,1939,2,sibling_roster
929681,1942,3,sibling_roster
929681,1943,4,sibling_roster
929681,1948,5,sibling_roster
929681,1956,6,sibling_roster
913628,1940,1,sibling_roster
913628,1945,2,sibling_roster
913628,1949,3,sibling_roster
916277,1939,2,graduate
900078,1939,1,sibling_roster
900078,1943,2,sibling_roster
900078,1950,3,sibling_roster
906174,1940,1,sibling_roster
906174,1943,2,sibling_roster
906174,1952,3,sibling_roster
910663,1939,2,graduate
910663,1934,1,sibling_roster
910663,1940,2,sibling_roster
910663,1953,3,sibling_roster
932559,1940,1,sibling_roster
915442,1940,5,graduate
901077,1940,1,sibling_roster
901077,1942,2,sibling_roster
901077,1954,3,sibling_roster
924888,1939,2,graduate
924888,1935,1,sibling_roster
924888,1939,2,sibling_roster
924888,1950,3,sibling_roster
924888,1952,4,sibling_roster
924888,1956,5,sibling_roster
902151,1940,7,graduate
902151,1928,1,sibling_roster
902151,1931,2,sibling_roster
902151,1931,3,sibling_roster
902151,1933,4,sibling_roster
902151,1936,5,sibling_roster
902151,1940,6,sibling_roster
909340,1939,4,graduate
932365,1940,1,sibling_roster
932365,1942,2,sibling_roster
932365,1947,3,sibling_roster
927569,1940,1,sibling_roster
927569,1942,2,sibling_roster
927569,1952,3,sibling_roster
925576,1938,1,sibling_roster
928734,1939,1,sibling_roster
928734,1947,2,sibling_roster
911469,1939,2,graduate
911469,1937,1,sibling_roster
911469,1940,2,sibling_roster
918614,1939,5,graduate
918614,1929,1,sibling_roster
918614,1933,2,sibling_roster
918614,1934,3,sibling_roster
918614,1937,4,sibling_roster
918614,1940,5,sibling_roster
919486,1941,1,sibling_roster
919486,1947,2,sibling_roster
902142,1939,2,graduate
902142,1938,1,sibling_roster
902142,1940,2,sibling_roster
902142,1941,3,sibling_roster
902142,1948,4,sibling_roster
916274,1939,2,graduate
916274,1937,1,sibling_roster
916274,1940,2,sibling_roster
916274,1952,3,sibling_roster
921434,1940,1,sibling_roster
921434,1947,2,sibling_roster
910989,1940,4,graduate
910989,1924,1,sibling_roster
910989,1929,2,sibling_roster
910989,1940,3,sibling_roster
926113,1940,1,sibling_roster
913499,1940,1,sibling_roster
913499,1941,2,sibling_roster
913499,1945,3,sibling_roster
923947,1939,1,sibling_roster
923947,1942,2,sibling_roster
900151,1939,2,graduate
900151,1936,1,sibling_roster
900151,1940,2,sibling_roster
930689,1939,1,sibling_roster
930689,1943,2,sibling_roster
904110,1940,1,sibling_roster
904110,1943,2,sibling_roster
904110,1945,3,sibling_roster
932115,1938,5,graduate
924004,1939,2,graduate
923219,1939,3,graduate
923219,1935,1,sibling_roster
923219,1937,2,sibling_roster
923219,1939,3,sibling_roster
923219,1947,4,sibling_roster
927373,1940,1,sibling_roster
927373,1942,2,sibling_roster
927373,1945,3,sibling_roster
909235,1939,1,sibling_roster
909235,1946,2,sibling_roster
911163,1939,3,graduate
911163,1937,1,sibling_roster
911163,1938,2,sibling_roster
911163,1940,3,sibling_roster
911163,1942,4,sibling_roster
911163,1944,5,sibling_roster
911163,1945,6,sibling_roster
920500,1939,2,graduate
909905,1939,2,graduate
930030,1939,2,graduate
930030,1935,1,sibling_roster
930030,1940,2,sibling_roster
930030,1945,3,sibling_roster
903639,1939,4,graduate
903639,1926,1,sibling_roster
903639,1932,2,sibling_roster
903639,1933,3,sibling_roster
903639,1939,4,sibling_roster
903639,1943,5,sibling_roster
903639,1946,6,sibling_roster
932645,1938,4,graduate
932645,1933,1,sibling_roster
932645,1935,2,sibling_roster
932645,1936,3,sibling_roster
932645,1938,4,sibling_roster
932645,1940,5,sibling_roster
932645,1943,6,sibling_roster
916213,1939,4,graduate
926277,1940,1,sibling_roster
926277,1948,2,sibling_roster
914654,1939,1,sibling_roster
914654,1943,2,sibling_roster
902413,1939,3,graduate
902413,1931,1,sibling_roster
902413,1940,2,sibling_roster
930194,1940,3,graduate
930194,1931,1,sibling_roster
930194,1936,2,sibling_roster
930194,1940,3,sibling_roster
930194,1954,4,sibling_roster
932539,1939,3,graduate
906522,1938,2,graduate
906522,1937,1,sibling_roster
906522,1938,2,sibling_roster
916676,1939,9,graduate
916676,1930,1,sibling_roster
916676,1932,2,sibling_roster
916676,1934,3,sibling_roster
916676,1936,4,sibling_roster
916676,1937,5,sibling_roster
916676,1938,6,sibling_roster
916676,1938,7,sibling_roster
916676,1939,8,sibling_roster
916676,1939,9,sibling_roster
908123,1940,1,sibling_roster
908123,1947,2,sibling_roster
908123,1953,3,sibling_roster
901947,1939,2,graduate
901947,1936,1,sibling_roster
901947,1939,2,sibling_roster
901947,1945,3,sibling_roster
901947,1947,4,sibling_roster
915249,1939,1,sibling_roster
923330,1938,2,graduate
932440,1938,1,sibling_roster
932440,1942,2,sibling_roster
932440,1943,3,sibling_roster
920904,1939,7,graduate
920904,1927,1,sibling_roster
920904,1929,2,sibling_roster
920904,1930,3,sibling_roster
920904,1932,4,sibling_roster
920904,1934,5,sibling_roster
920904,1936,6,sibling_roster
920904,1940,7,sibling_roster
920904,1941,8,sibling_roster
903652,1939,2,graduate
903652,1931,1,sibling_roster
903652,1940,2,sibling_roster
903652,1944,3,sibling_roster
900075,1939,4,graduate
900075,1938,1,sibling_roster
904053,1939,2,graduate
904053,1938,1,sibling_roster
904053,1940,2,sibling_roster
904053,1942,3,sibling_roster
904053,1944,4,sibling_roster
904053,1947,5,sibling_roster
904053,1956,6,sibling_roster
932102,1940,1,sibling_roster
932102,1941,2,sibling_roster
932102,1954,3,sibling_roster
932102,1954,4,sibling_roster
919393,1940,7,graduate
931046,1937,4,graduate
931046,1932,1,sibling_roster
931046,1932,2,sibling_roster
931046,1934,3,sibling_roster
931046,1935,4,sibling_roster
931046,1937,5,sibling_roster
931046,1941,6,sibling_roster
931046,1942,7,sibling_roster
931046,1945,8,sibling_roster
931046,1947,9,sibling_roster
931046,1947,10,sibling_roster
911625,1939,1,sibling_roster
911625,1940,2,sibling_roster
911625,1943,3,sibling_roster
911625,1946,4,sibling_roster
912844,1939,4,graduate
913082,1940,1,sibling_roster
913082,1942,2,sibling_roster
913082,1944,3,sibling_roster
913082,1946,4,sibling_roster
913082,1949,5,sibling_roster
913082,1952,6,sibling_roster
903130,1939,2,graduate
903130,1938,1,sibling_roster
903130,1940,2,sibling_roster
924274,1939,4,graduate
924274,1934,1,sibling_roster
924274,1936,2,sibling_roster
924274,1936,3,sibling_roster
924274,1940,4,sibling_roster
924274,1944,5,sibling_roster
924274,1954,6,sibling_roster
901588,1939,1,sibling_roster
901588,1940,2,sibling_roster
901588,1942,3,sibling_roster
905666,1939,2,graduate
925360,1940,1,sibling_roster
925360,1943,2,sibling_roster
925360,1945,3,sibling_roster
925360,1950,4,sibling_roster
925360,1953,5,sibling_roster
925360,1955,6,sibling_roster
932874,1939,3,graduate
932874,1936,1,sibling_roster
932874,1937,2,sibling_roster
932874,1940,3,sibling_roster
932874,1941,4,sibling_roster
932874,1953,5,sibling_roster
909179,1940,1,sibling_roster
909179,1941,2,sibling_roster
922827,1939,2,graduate
900295,1938,6,graduate
900295,1931,1,sibling_roster
900295,1932,2,sibling_roster
900295,1934,3,sibling_roster
900295,1935,4,sibling_roster
900295,1936,5,sibling_roster
900295,1938,6,sibling_roster
900295,1940,7,sibling_roster
900295,1942,8,sibling_roster
900295,1944,9,sibling_roster
900295,1946,10,sibling_roster
900295,1947,11,sibling_roster
924026,1940,1,sibling_roster
924026,1944,2,sibling_roster
906952,1939,2,graduate
933587,1938,2,graduate
910403,1939,2,graduate
922058,1939,1,sibling_roster
922058,1944,2,sibling_roster
922058,1946,3,sibling_roster
922058,1948,4,sibling_roster
922058,1949,5,sibling_roster
922058,1951,6,sibling_roster
922814,1939,3,graduate
922814,1935,1,sibling_roster
922814,1939,2,sibling_roster
922814,1942,3,sibling_roster
902131,1939,4,graduate
902131,1925,1,sibling_roster
902131,1926,2,sibling_roster
902131,1930,3,sibling_roster
902131,1940,4,sibling_roster
915492,1938,2,graduate
915492,1939,1,sibling_roster
915492,1939,2,sibling_roster
915492,1945,3,sibling_roster
915492,1953,4,sibling_roster
915492,1956,5,sibling_roster
925070,1939,3,graduate
925070,1933,1,sibling_roster
925070,1935,2,sibling_roster
925070,1939,3,sibling_roster
927970,1938,3,graduate
927970,1936,1,sibling_roster
927970,1938,2,sibling_roster
927970,1939,3,sibling_roster
926404,1940,4,graduate
926404,1934,1,sibling_roster
926404,1936,2,sibling_roster
926404,1938,3,sibling_roster
926404,1940,4,sibling_roster
906066,1939,1,sibling_roster
906066,1944,2,sibling_roster
908571,1939,3,graduate
908571,1938,1,sibling_roster
908571,1940,2,sibling_roster
908571,1942,3,sibling_roster
908571,1943,4,sibling_roster
908571,1944,5,sibling_roster
908571,1947,6,sibling_roster
908571,1948,7,sibling_roster
908571,1950,8,sibling_roster
908571,1951,9,sibling_roster
908571,1953,10,sibling_roster
920645,1940,1,sibling_roster
922173,1939,2,graduate
922173,1936,1,sibling_roster
922173,1940,2,sibling_roster
922173,1942,3,sibling_roster
910208,1940,1,sibling_roster
910208,1944,2,sibling_roster
910208,1946,3,sibling_roster
910208,1949,4,sibling_roster
912545,1940,7,graduate
922230,1939,5,graduate
928126,1939,2,graduate
911434,1940,1,sibling_roster
911434,1941,2,sibling_roster
911434,1952,3,sibling_roster
911434,1961,4,sibling_roster
918877,1939,4,graduate
918877,1927,1,sibling_roster
918877,1930,2,sibling_roster
918877,1936,3,sibling_roster
918877,1940,4,sibling_roster
918877,1951,5,sibling_roster
930341,1940,2,graduate
930341,1938,1,sibling_roster
930341,1940,2,sibling_roster
930341,1942,3,sibling_roster
930341,1947,4,sibling_roster
907119,1938,1,sibling_roster
915624,1939,2,graduate
915624,1938,1,sibling_roster
915624,1940,2,sibling_roster
924456,1939,5,graduate
924456,1931,1,sibling_roster
924456,1932,2,sibling_roster
924456,1934,4,sibling_roster
924456,1940,5,sibling_roster
913323,1939,3,graduate
913323,1930,1,sibling_roster
913323,1935,2,sibling_roster
913323,1940,3,sibling_roster
930919,1936,1,sibling_roster
930919,1939,2,sibling_roster
921460,1939,2,graduate
921460,1937,1,sibling_roster
921460,1939,2,sibling_roster
921460,1951,3,sibling_roster
900657,1939,2,graduate
902732,1939,2,graduate
902732,1938,1,sibling_roster
902732,1940,2,sibling_roster
902732,1940,3,sibling_roster
914204,1939,4,graduate
914204,1932,1,sibling_roster
914204,1935,2,sibling_roster
914204,1937,3,sibling_roster
914204,1940,4,sibling_roster
914204,1946,5,sibling_roster
905658,1938,2,graduate
905658,1937,1,sibling_roster
905658,1939,2,sibling_roster
905658,1941,3,sibling_roster
905658,1942,4,sibling_roster
905658,1943,5,sibling_roster
905658,1945,6,sibling_roster
905658,1947,7,sibling_roster
905658,1949,8,sibling_roster
905658,1951,9,sibling_roster
905658,1953,10,sibling_roster
905658,1958,11,sibling_roster
913365,1939,7,graduate
913365,1919,1,sibling_roster
913365,1921,2,sibling_roster
913365,1923,3,sibling_roster
913365,1925,4,sibling_roster
913365,1927,5,sibling_roster
913365,1928,6,sibling_roster
913365,1935,7,sibling_roster
913365,1940,8,sibling_roster
913365,1940,9,sibling_roster
921401,1940,1,sibling_roster
921401,1944,2,sibling_roster
931697,1938,2,graduate
902224,1940,9,graduate
902224,1923,1,sibling_roster
902224,1925,2,sibling_roster
902224,1927,3,sibling_roster
902224,1929,4,sibling_roster
902224,1931,5,sibling_roster
902224,1933,6,sibling_roster
902224,1935,7,sibling_roster
902224,1937,8,sibling_roster
902224,1940,9,sibling_roster
902224,1942,10,sibling_roster
919513,1939,6,graduate
903714,1938,2,graduate
903714,1936,1,sibling_roster
903714,1938,2,sibling_roster
903714,1941,3,sibling_roster
903714,1950,4,sibling_roster
903714,1953,5,sibling_roster
927699,1940,1,sibling_roster
931492,1939,5,graduate
931492,1935,1,sibling_roster
931492,1935,2,sibling_roster
931492,1938,3,sibling_roster
931492,1939,4,sibling_roster
931492,1941,5,sibling_roster
931492,1943,6,sibling_roster
912231,1939,3,graduate
912231,1937,1,sibling_roster
912231,1938,2,sibling_roster
912231,1940,3,sibling_roster
912231,1945,4,sibling_roster
912231,1947,5,sibling_roster
917738,1938,3,graduate
917738,1935,1,sibling_roster
917738,1937,2,sibling_roster
917738,1939,3,sibling_roster
917738,1942,4,sibling_roster
910169,1940,1,sibling_roster
910169,1943,2,sibling_roster
910169,1945,3,sibling_roster
930354,1939,2,graduate
930354,1936,1,sibling_roster
930354,1940,2,sibling_roster
930354,1941,3,sibling_roster
930354,1943,4,sibling_roster
930354,1945,5,sibling_roster
930354,1947,6,sibling_roster
926606,1940,1,sibling_roster
926606,1941,2,sibling_roster
926606,1942,3,sibling_roster
926606,1944,4,sibling_roster
926606,1946,5,sibling_roster
926606,1947,6,sibling_roster
926606,1949,7,sibling_roster
926606,1950,8,sibling_roster
926606,1954,9,sibling_roster
910682,1939,3,graduate
916206,1937,3,graduate
916206,1936,1,sibling_roster
916206,1938,3,sibling_roster
916206,1939,4,sibling_roster
915639,1939,1,sibling_roster
932143,1939,8,graduate
932143,1928,1,sibling_roster
932143,1931,2,sibling_roster
932143,1932,3,sibling_roster
932143,1933,4,sibling_roster
932143,1935,5,sibling_roster
932143,1937,6,sibling_roster
932143,1940,7,sibling_roster
907420,1940,2,graduate
907420,1940,1,sibling_roster
907420,1943,2,sibling_roster
901333,1938,2,graduate
907482,1939,1,sibling_roster
907482,1942,2,sibling_roster
907482,1944,3,sibling_roster
907482,1946,4,sibling_roster
907482,1947,5,sibling_roster
907482,1948,6,sibling_roster
907482,1950,7,sibling_roster
907482,1950,8,sibling_roster
907482,1952,9,sibling_roster
925847,1939,9,graduate
925847,1927,1,sibling_roster
925847,1928,2,sibling_roster
925847,1929,3,sibling_roster
925847,1931,4,sibling_roster
925847,1933,6,sibling_roster
925847,1935,7,sibling_roster
925847,1938,8,sibling_roster
925847,1940,9,sibling_roster
925847,1941,10,sibling_roster
925847,1943,11,sibling_roster
909081,1939,2,graduate
908683,1939,2,graduate
906179,1939,4,graduate
906179,1930,1,sibling_roster
906179,1932,2,sibling_roster
906179,1937,3,sibling_roster
906179,1939,4,sibling_roster
906179,1945,5,sibling_roster
906719,1939,2,graduate
906719,1938,1,sibling_roster
906719,1940,2,sibling_roster
906719,1942,3,sibling_roster
906719,1944,4,sibling_roster
906719,1946,5,sibling_roster
906719,1948,6,sibling_roster
906719,1950,7,sibling_roster
906719,1952,8,sibling_roster
906719,1954,9,sibling_roster
912648,1940,1,sibling_roster
912648,1942,2,sibling_roster
912648,1943,3,sibling_roster
912648,1945,4,sibling_roster
912648,1948,5,sibling_roster
912648,1950,6,sibling_roster
912648,1952,7,sibling_roster
912648,1954,8,sibling_roster
918575,1939,1,sibling_roster
918575,1941,2,sibling_roster
920308,1939,3,graduate
920308,1936,1,sibling_roster
920308,1938,2,sibling_roster
920308,1940,3,sibling_roster
920308,1945,4,sibling_roster
920308,1947,5,sibling_roster
917423,1939,3,graduate
917423,1937,1,sibling_roster
917423,1938,2,sibling_roster
917423,1940,3,sibling_roster
917423,1941,4,sibling_roster
917423,1943,5,sibling_roster
917423,1945,6,sibling_roster
917423,1948,7,sibling_roster
917423,1949,8,sibling_roster
924388,1939,5,graduate
924388,1932,1,sibling_roster
924388,1934,2,sibling_roster
924388,1937,3,sibling_roster
924388,1938,4,sibling_roster
924388,1939,5,sibling_roster
924388,1944,6,sibling_roster
924151,1939,2,graduate
924151,1936,1,sibling_roster
924151,1940,2,sibling_roster
919417,1939,9,graduate
919417,1923,1,sibling_roster
919417,1924,2,sibling_roster
919417,1925,3,sibling_roster
919417,1926,4,sibling_roster
919417,1928,5,sibling_roster
919417,1933,6,sibling_roster
919417,1933,7,sibling_roster
919417,1939,8,sibling_roster
919417,1942,9,sibling_roster
913759,1939,2,graduate
913759,1937,1,sibling_roster
913759,1940,2,sibling_roster
913759,1942,3,sibling_roster
913759,1944,4,sibling_roster
913759,1949,5,sibling_roster
905265,1939,2,graduate
905265,1937,1,sibling_roster
905265,1940,2,sibling_roster
905265,1942,3,sibling_roster
911965,1937,3,graduate
901654,1940,1,sibling_roster
901654,1942,2,sibling_roster
901654,1950,3,sibling_roster
909108,1939,3,graduate
909108,1935,1,sibling_roster
909108,1938,2,sibling_roster
909108,1940,3,sibling_roster
922278,1939,2,graduate
901192,1940,1,sibling_roster
901192,1941,2,sibling_roster
928537,1939,1,sibling_roster
928537,1943,2,sibling_roster
917145,1940,1,sibling_roster
917145,1943,2,sibling_roster
917145,1946,3,sibling_roster
917145,1954,4,sibling_roster
902943,1939,6,graduate
902943,1930,1,sibling_roster
902943,1932,2,sibling_roster
902943,1932,3,sibling_roster
902943,1935,4,sibling_roster
902943,1938,5,sibling_roster
902943,1939,6,sibling_roster
902943,1946,7,sibling_roster
902943,1952,8,sibling_roster
933400,1940,6,graduate
933400,1928,1,sibling_roster
933400,1930,2,sibling_roster
933400,1932,3,sibling_roster
933400,1935,4,sibling_roster
933400,1938,5,sibling_roster
933400,1940,6,sibling_roster
933400,1942,7,sibling_roster
933400,1944,8,sibling_roster
933400,1946,9,sibling_roster
933400,1946,10,sibling_roster
900079,1939,6,graduate
900079,1941,1,sibling_roster
900079,1945,2,sibling_roster
928522,1939,1,sibling_roster
928522,1949,2,sibling_roster
908394,1939,5,graduate
917101,1939,4,graduate
917101,1933,1,sibling_roster
917101,1936,2,sibling_roster
917101,1938,3,sibling_roster
917101,1939,4,sibling_roster
917101,1942,5,sibling_roster
917101,1943,6,sibling_roster
917101,1953,7,sibling_roster
917458,1939,1,sibling_roster
917458,1945,2,sibling_roster
917703,1939,6,graduate
900226,1940,1,sibling_roster
930861,1939,2,graduate
930861,1937,1,sibling_roster
930861,1939,2,sibling_roster
918882,1940,1,sibling_roster
918882,1949,2,sibling_roster
901762,1938,2,graduate
901762,1937,1,sibling_roster
901762,1939,2,sibling_roster
901762,1939,3,sibling_roster
917233,1940,1,sibling_roster
917233,1941,2,sibling_roster
917233,1943,3,sibling_roster
917233,1954,4,sibling_roster
927246,1940,1,sibling_roster
927246,1942,2,sibling_roster
927246,1953,3,sibling_roster
927246,1955,4,sibling_roster
914329,1939,1,sibling_roster
914329,1943,2,sibling_roster
914329,1949,3,sibling_roster
914329,1950,4,sibling_roster
914329,1953,5,sibling_roster
902526,1939,2,graduate
902526,1938,1,sibling_roster
902526,1940,2,sibling_roster
902526,1945,3,sibling_roster
902526,1949,4,sibling_roster
902526,1949,5,sibling_roster
904486,1939,4,graduate
904486,1928,1,sibling_roster
904486,1929,2,sibling_roster
904486,1932,3,sibling_roster
904486,1940,4,sibling_roster
924530,1939,2,graduate
924530,1937,1,sibling_roster
924530,1940,2,sibling_roster
914245,1938,3,graduate
916593,1939,2,graduate
916593,1938,1,sibling_roster
916593,1940,2,sibling_roster
906459,1940,1,sibling_roster
906459,1942,2,sibling_roster
906459,1948,3,sibling_roster
904282,1939,2,graduate
904282,1935,1,sibling_roster
904282,1940,2,sibling_roster
904282,1940,3,sibling_roster
904282,1945,4,sibling_roster
933147,1940,1,sibling_roster
933147,1944,2,sibling_roster
910798,1939,5,graduate
910798,1919,1,sibling_roster
910798,1920,2,sibling_roster
910798,1921,3,sibling_roster
910798,1923,4,sibling_roster
910798,1939,5,sibling_roster
917788,1939,3,graduate
917788,1936,1,sibling_roster
917788,1937,2,sibling_roster
917788,1940,3,sibling_roster
917788,1947,4,sibling_roster
917788,1954,5,sibling_roster
924137,1939,2,graduate
924137,1938,1,sibling_roster
924137,1940,2,sibling_roster
924137,1942,3,sibling_roster
924137,1944,4,sibling_roster
924137,1950,5,sibling_roster
907333,1939,3,graduate
907333,1933,1,sibling_roster
907333,1937,2,sibling_roster
907333,1940,3,sibling_roster
908350,1939,2,graduate
908350,1935,1,sibling_roster
908350,1940,2,sibling_roster
908350,1944,3,sibling_roster
912692,1940,1,sibling_roster
912692,1945,2,sibling_roster
930555,1939,2,graduate
930555,1935,1,sibling_roster
930555,1940,2,sibling_roster
930555,1943,3,sibling_roster
903284,1939,3,graduate
918152,1940,2,graduate
908904,1940,4,graduate
901387,1939,3,graduate
901387,1918,1,sibling_roster
901387,1919,2,sibling_roster
901387,1940,3,sibling_roster
901387,1950,4,sibling_roster
907181,1939,2,graduate
907181,1937,1,sibling_roster
907181,1940,2,sibling_roster
907181,1940,3,sibling_roster
907181,1943,4,sibling_roster
907181,1944,5,sibling_roster
907181,1947,6,sibling_roster
907181,1949,7,sibling_roster
907181,1951,8,sibling_roster
907181,1955,9,sibling_roster
909174,1939,2,graduate
909174,1939,1,sibling_roster
909174,1940,2,sibling_roster
909174,1951,3,sibling_roster
907174,1940,2,graduate
907174,1938,1,sibling_roster
907174,1940,2,sibling_roster
907174,1943,3,sibling_roster
907174,1951,4,sibling_roster
907174,1954,5,sibling_roster
917577,1939,2,graduate
903141,1939,3,graduate
903141,1927,1,sibling_roster
903141,1940,2,sibling_roster
913584,1939,3,graduate
914955,1939,3,graduate
914955,1924,1,sibling_roster
914955,1938,2,sibling_roster
914955,1940,3,sibling_roster
910541,1939,2,graduate
928870,1939,10,graduate
928870,1920,1,sibling_roster
928870,1923,2,sibling_roster
928870,1923,3,sibling_roster
928870,1927,4,sibling_roster
928870,1930,5,sibling_roster
928870,1931,6,sibling_roster
928870,1931,7,sibling_roster
928870,1934,8,sibling_roster
928870,1939,9,sibling_roster
928870,1941,10,sibling_roster
930325,1940,3,graduate
913337,1940,1,sibling_roster
913337,1942,2,sibling_roster
914555,1940,1,sibling_roster
911620,1940,1,sibling_roster
911620,1942,2,sibling_roster
911620,1944,3,sibling_roster
911620,1946,4,sibling_roster
911620,1948,5,sibling_roster
911620,1953,6,sibling_roster
911620,1955,7,sibling_roster
911620,1956,8,sibling_roster
911620,1958,9,sibling_roster
911620,1963,10,sibling_roster
918050,1938,6,graduate
918050,1930,1,sibling_roster
918050,1931,2,sibling_roster
918050,1933,3,sibling_roster
918050,1935,4,sibling_roster
918050,1937,5,sibling_roster
918050,1939,6,sibling_roster
921212,1939,1,sibling_roster
921212,1945,2,sibling_roster
921212,1953,3,sibling_roster
927374,1939,4,graduate
927374,1926,1,sibling_roster
927374,1928,2,sibling_roster
927374,1929,3,sibling_roster
927374,1939,4,sibling_roster
914224,1939,10,graduate
914224,1920,1,sibling_roster
914224,1921,2,sibling_roster
914224,1923,3,sibling_roster
914224,1925,4,sibling_roster
914224,1931,7,sibling_roster
914224,1935,8,sibling_roster
914224,1937,9,sibling_roster
914224,1940,10,sibling_roster
901244,1939,1,sibling_roster
901244,1942,2,sibling_roster
901244,1947,3,sibling_roster
901244,1953,4,sibling_roster
905616,1939,3,graduate
923161,1938,11,graduate
923161,1919,1,sibling_roster
923161,1920,2,sibling_roster
923161,1924,3,sibling_roster
923161,1925,4,sibling_roster
923161,1929,5,sibling_roster
923161,1932,6,sibling_roster
923161,1933,7,sibling_roster
923161,1933,8,sibling_roster
923161,1935,9,sibling_roster
923161,1939,10,sibling_roster
919370,1939,2,graduate
919370,1938,1,sibling_roster
919370,1940,2,sibling_roster
925537,1939,3,graduate
925537,1923,1,sibling_roster
925537,1933,2,sibling_roster
925537,1940,3,sibling_roster
902805,1939,1,sibling_roster
902805,1945,2,sibling_roster
902805,1946,3,sibling_roster
907972,1940,1,sibling_roster
907972,1945,2,sibling_roster
912691,1940,1,sibling_roster
912691,1945,2,sibling_roster
918709,1939,1,sibling_roster
918709,1941,2,sibling_roster
918709,1946,3,sibling_roster
918709,1955,4,sibling_roster
925025,1939,2,graduate
925025,1935,1,sibling_roster
925025,1940,2,sibling_roster
925025,1945,3,sibling_roster
931103,1939,2,graduate
931103,1928,1,sibling_roster
931103,1940,2,sibling_roster
913158,1940,1,sibling_roster
913158,1946,2,sibling_roster
929461,1939,1,sibling_roster
929461,1942,2,sibling_roster
926223,1939,3,graduate
926223,1935,1,sibling_roster
926223,1939,2,sibling_roster
926223,1940,3,sibling_roster
926223,1943,4,sibling_roster
912836,1939,2,graduate
912836,1937,1,sibling_roster
912836,1940,2,sibling_roster
912836,1946,3,sibling_roster
914107,1940,2,graduate
914107,1936,1,sibling_roster
914107,1940,2,sibling_roster
912707,1939,5,graduate
926991,1939,2,graduate
926991,1932,1,sibling_roster
926991,1939,2,sibling_roster
922325,1938,1,sibling_roster
922325,1941,2,sibling_roster
922325,1943,3,sibling_roster
926050,1939,2,graduate
926050,1935,1,sibling_roster
926050,1940,2,sibling_roster
914611,1939,2,graduate
914611,1932,1,sibling_roster
914611,1939,2,sibling_roster
902598,1939,1,sibling_roster
902598,1944,2,sibling_roster
902866,1940,1,sibling_roster
902866,1945,2,sibling_roster
909946,1939,2,graduate
909946,1934,1,sibling_roster
909946,1940,2,sibling_roster
909946,1941,3,sibling_roster
909946,1944,4,sibling_roster
911275,1940,2,graduate
911275,1938,1,sibling_roster
911275,1940,2,sibling_roster
911275,1945,3,sibling_roster
916584,1939,1,sibling_roster
916584,1942,2,sibling_roster
916584,1946,3,sibling_roster
933890,1940,1,sibling_roster
933890,1954,2,sibling_roster
911839,1940,1,sibling_roster
911839,1944,2,sibling_roster
908294,1939,3,graduate
908294,1930,1,sibling_roster
908294,1933,2,sibling_roster
908294,1940,3,sibling_roster
901896,1940,1,sibling_roster
901896,1942,2,sibling_roster
927478,1940,1,sibling_roster
927478,1945,2,sibling_roster
911539,1939,1,sibling_roster
911539,1946,2,sibling_roster
922544,1939,1,sibling_roster
922544,1945,2,sibling_roster
933626,1939,2,graduate
933626,1937,1,sibling_roster
933626,1939,2,sibling_roster
933626,1949,3,sibling_roster
913196,1940,1,sibling_roster
913196,1942,2,sibling_roster
913196,1945,3,sibling_roster
906514,1938,2,graduate
906514,1935,1,sibling_roster
906514,1939,2,sibling_roster
906514,1947,3,sibling_roster
911748,1940,1,sibling_roster
911414,1939,2,graduate
932367,1940,1,sibling_roster
932367,1943,2,sibling_roster
932367,1946,3,sibling_roster
931162,1940,2,graduate
931162,1936,1,sibling_roster
931162,1940,2,sibling_roster
914889,1940,1,sibling_roster
914889,1942,2,sibling_roster
906597,1939,1,sibling_roster
906597,1947,2,sibling_roster
906597,1951,3,sibling_roster
901070,1940,1,sibling_roster
901070,1945,2,sibling_roster
901070,1945,3,sibling_roster
915106,1939,3,graduate
926647,1939,3,graduate
920764,1938,2,graduate
900814,1939,2,graduate
900814,1926,1,sibling_roster
900814,1939,2,sibling_roster
925579,1939,8,graduate
932743,1939,1,sibling_roster
932743,1941,2,sibling_roster
926954,1939,2,graduate
927455,1937,2,graduate
924308,1939,9,graduate
924308,1920,1,sibling_roster
924308,1923,2,sibling_roster
924308,1924,3,sibling_roster
924308,1926,4,sibling_roster
924308,1928,5,sibling_roster
924308,1931,6,sibling_roster
924308,1933,7,sibling_roster
924308,1940,8,sibling_roster
901297,1939,5,graduate
900781,1938,5,graduate
900781,1922,1,sibling_roster
900781,1928,2,sibling_roster
900781,1934,3,sibling_roster
900781,1936,4,sibling_roster
900781,1939,5,sibling_roster
900781,1941,6,sibling_roster
900781,1944,7,sibling_roster
900781,1946,8,sibling_roster
900781,1949,9,sibling_roster
909969,1939,7,graduate
919231,1939,5,graduate
919231,1934,1,sibling_roster
919231,1936,2,sibling_roster
919231,1938,3,sibling_roster
919231,1940,4,sibling_roster
919231,1941,5,sibling_roster
919231,1947,6,sibling_roster
919231,1950,7,sibling_roster
907604,1940,1,sibling_roster
907604,1941,2,sibling_roster
907604,1942,3,sibling_roster
907604,1944,4,sibling_roster
907604,1948,5,sibling_roster
926422,1939,6,graduate
926422,1930,1,sibling_roster
926422,1931,2,sibling_roster
926422,1933,3,sibling_roster
926422,1933,4,sibling_roster
926422,1938,5,sibling_roster
926422,1940,6,sibling_roster
915441,1939,4,graduate
915441,1930,1,sibling_roster
915441,1935,2,sibling_roster
915441,1937,3,sibling_roster
915441,1939,4,sibling_roster
915441,1942,5,sibling_roster
915441,1948,6,sibling_roster
915441,1952,7,sibling_roster
900419,1939,2,graduate
900419,1936,1,sibling_roster
900419,1939,2,sibling_roster
900419,1945,3,sibling_roster
931715,1939,2,graduate
931715,1938,1,sibling_roster
931715,1939,2,sibling_roster
924804,1935,1,sibling_roster
924804,1940,2,sibling_roster
924804,1944,3,sibling_roster
924804,1947,4,sibling_roster
907393,1939,2,graduate
907393,1936,1,sibling_roster
907393,1940,2,sibling_roster
920709,1939,3,graduate
927548,1939,4,graduate
927548,1927,1,sibling_roster
927548,1931,2,sibling_roster
927548,1940,3,sibling_roster
927548,1945,4,sibling_roster
927986,1939,4,graduate
927986,1923,1,sibling_roster
927986,1925,2,sibling_roster
927986,1928,3,sibling_roster
927986,1940,4,sibling_roster
909989,1939,7,graduate
909989,1923,1,sibling_roster
909989,1927,2,sibling_roster
909989,1930,3,sibling_roster
909989,1936,4,sibling_roster
909989,1938,5,sibling_roster
909989,1940,6,sibling_roster
933646,1940,1,sibling_roster
933646,1941,2,sibling_roster
933646,1945,3,sibling_roster
933646,1946,4,sibling_roster
933646,1946,5,sibling_roster
933646,1948,6,sibling_roster
933646,1951,7,sibling_roster
927897,1938,3,graduate
927897,1931,1,sibling_roster
927897,1933,2,sibling_roster
927897,1939,3,sibling_roster
921010,1940,1,sibling_roster
921010,1943,2,sibling_roster
921010,1945,3,sibling_roster
921010,1947,4,sibling_roster
913286,1939,2,graduate
913286,1935,1,sibling_roster
913286,1940,2,sibling_roster
910099,1940,3,graduate
910099,1937,2,sibling_roster
910099,1940,3,sibling_roster
910099,1942,4,sibling_roster
910099,1947,5,sibling_roster
933179,1939,2,graduate
933179,1935,1,sibling_roster
933179,1940,2,sibling_roster
933179,1943,3,sibling_roster
913027,1939,2,graduate
913027,1938,1,sibling_roster
913027,1940,2,sibling_roster
913027,1945,3,sibling_roster
913797,1939,2,graduate
913797,1938,1,sibling_roster
913797,1939,2,sibling_roster
913797,1942,3,sibling_roster
917621,1941,1,sibling_roster
917621,1946,2,sibling_roster
917621,1950,3,sibling_roster
931300,1940,1,sibling_roster
931300,1944,2,sibling_roster
914757,1939,3,graduate
914757,1923,1,sibling_roster
914757,1925,2,sibling_roster
914757,1939,3,sibling_roster
914757,1940,4,sibling_roster
914757,1944,5,sibling_roster
931177,1939,3,graduate
931177,1938,1,sibling_roster
931177,1939,2,sibling_roster
931177,1941,3,sibling_roster
931177,1947,4,sibling_roster
931177,1952,5,sibling_roster
933318,1938,4,graduate
915934,1939,1,sibling_roster
914199,1939,2,graduate
914199,1938,1,sibling_roster
914199,1940,2,sibling_roster
921037,1939,3,graduate
921037,1932,1,sibling_roster
921037,1937,2,sibling_roster
921037,1939,3,sibling_roster
922641,1939,2,graduate
925338,1940,10,graduate
925338,1909,1,sibling_roster
925338,1916,3,sibling_roster
925338,1918,4,sibling_roster
925338,1924,5,sibling_roster
925338,1932,6,sibling_roster
925338,1935,7,sibling_roster
925338,1937,8,sibling_roster
925338,1939,9,sibling_roster
925338,1940,10,sibling_roster
932346,1939,8,graduate
921647,1939,1,sibling_roster
921647,1946,2,sibling_roster
921647,1952,3,sibling_roster
931994,1939,3,graduate
931994,1933,1,sibling_roster
931994,1936,2,sibling_roster
931994,1940,3,sibling_roster
931994,1947,4,sibling_roster
931994,1952,5,sibling_roster
931994,1954,6,sibling_roster
900931,1940,1,sibling_roster
923440,1939,2,graduate
923440,1938,1,sibling_roster
923440,1940,2,sibling_roster
923440,1944,3,sibling_roster
923440,1955,4,sibling_roster
910335,1938,2,graduate
910335,1937,1,sibling_roster
910335,1938,2,sibling_roster
910335,1940,3,sibling_roster
910335,1942,4,sibling_roster
918283,1939,2,graduate
922761,1939,2,graduate
922761,1938,1,sibling_roster
922761,1940,2,sibling_roster
922761,1941,3,sibling_roster
922761,1945,4,sibling_roster
922761,1947,5,sibling_roster
922761,1952,6,sibling_roster
915911,1939,4,graduate
915911,1937,1,sibling_roster
915911,1937,2,sibling_roster
915911,1937,3,sibling_roster
915911,1939,4,sibling_roster
915911,1941,5,sibling_roster
915911,1945,6,sibling_roster
915911,1950,7,sibling_roster
915911,1953,8,sibling_roster
917659,1940,3,graduate
917659,1931,1,sibling_roster
917659,1932,2,sibling_roster
917659,1940,3,sibling_roster
909884,1939,2,graduate
909884,1937,1,sibling_roster
909884,1940,2,sibling_roster
921586,1940,2,graduate
927575,1938,5,graduate
927575,1931,1,sibling_roster
927575,1933,2,sibling_roster
927575,1935,3,sibling_roster
927575,1937,4,sibling_roster
927575,1939,5,sibling_roster
927575,1941,6,sibling_roster
927575,1943,7,sibling_roster
902832,1938,3,graduate
902832,1935,1,sibling_roster
902832,1938,2,sibling_roster
902832,1939,3,sibling_roster
902832,1945,4,sibling_roster
902832,1949,5,sibling_roster
931280,1939,7,graduate
931280,1928,1,sibling_roster
931280,1929,2,sibling_roster
931280,1931,3,sibling_roster
931280,1931,4,sibling_roster
931280,1933,5,sibling_roster
931280,1937,6,sibling_roster
931280,1939,7,sibling_roster
931280,1949,8,sibling_roster
931280,1950,9,sibling_roster
919172,1938,4,graduate
919172,1925,1,sibling_roster
919172,1932,2,sibling_roster
919172,1933,3,sibling_roster
919172,1939,4,sibling_roster
919172,1940,5,sibling_roster
917434,1939,1,sibling_roster
917434,1940,2,sibling_roster
904398,1939,2,graduate
904398,1936,1,sibling_roster
904398,1939,2,sibling_roster
907234,1940,9,graduate
907234,1924,1,sibling_roster
907234,1926,2,sibling_roster
907234,1927,3,sibling_roster
907234,1928,4,sibling_roster
907234,1929,5,sibling_roster
907234,1931,6,sibling_roster
907234,1934,7,sibling_roster
907234,1936,8,sibling_roster
907234,1941,9,sibling_roster
907234,1942,10,sibling_roster
907234,1946,11,sibling_roster
906255,1940,3,graduate
906255,1934,1,sibling_roster
906255,1935,2,sibling_roster
906255,1940,3,sibling_roster
908031,1939,5,graduate
908031,1931,1,sibling_roster
908031,1933,2,sibling_roster
908031,1936,3,sibling_roster
908031,1936,4,sibling_roster
908031,1940,5,sibling_roster
908031,1941,6,sibling_roster
908031,1943,7,sibling_roster
908031,1945,8,sibling_roster
908031,1948,9,sibling_roster
908031,1954,10,sibling_roster
916234,1939,4,graduate
916234,1936,1,sibling_roster
916234,1938,2,sibling_roster
916234,1939,3,sibling_roster
916234,1940,4,sibling_roster
916234,1943,5,sibling_roster
904756,1939,4,graduate
905578,1939,2,graduate
905578,1937,1,sibling_roster
905578,1940,2,sibling_roster
905578,1942,3,sibling_roster
931948,1939,3,graduate
931948,1922,1,sibling_roster
931948,1925,2,sibling_roster
931948,1940,3,sibling_roster
920056,1937,1,sibling_roster
920056,1939,2,sibling_roster
920056,1942,3,sibling_roster
920056,1942,4,sibling_roster
920056,1945,5,sibling_roster
920056,1947,6,sibling_roster
920056,1949,7,sibling_roster
920056,1950,8,sibling_roster
920056,1951,9,sibling_roster
920056,1955,10,sibling_roster
908671,1939,1,sibling_roster
908671,1940,2,sibling_roster
908671,1942,3,sibling_roster
908671,1945,4,sibling_roster
908671,1948,5,sibling_roster
908671,1956,6,sibling_roster
908671,1959,7,sibling_roster
908671,1960,8,sibling_roster
908671,1962,9,sibling_roster
906732,1939,3,graduate
906732,1935,1,sibling_roster
906732,1937,2,sibling_roster
906732,1940,3,sibling_roster
906732,1946,4,sibling_roster
917772,1940,4,graduate
917772,1930,1,sibling_roster
917772,1933,2,sibling_roster
917772,1934,3,sibling_roster
917772,1940,4,sibling_roster
917772,1950,5,sibling_roster
929586,1939,2,graduate
929586,1938,1,sibling_roster
929586,1939,2,sibling_roster
929586,1943,3,sibling_roster
929586,1948,4,sibling_roster
929586,1952,5,sibling_roster
929586,1955,6,sibling_roster
929586,1956,7,sibling_roster
928324,1938,6,graduate
916475,1939,4,graduate
916475,1931,1,sibling_roster
916475,1932,2,sibling_roster
916475,1935,3,sibling_roster
916475,1939,4,sibling_roster
916475,1941,5,sibling_roster
916475,1943,6,sibling_roster
922500,1939,1,sibling_roster
922500,1944,2,sibling_roster
912799,1939,4,graduate
912799,1931,1,sibling_roster
912799,1934,2,sibling_roster
912799,1937,3,sibling_roster
912799,1940,4,sibling_roster
915532,1940,2,graduate
915532,1932,1,sibling_roster
915532,1941,2,sibling_roster
915532,1944,3,sibling_roster
913014,1939,8,graduate
913014,1925,1,sibling_roster
913014,1926,2,sibling_roster
913014,1928,3,sibling_roster
913014,1928,4,sibling_roster
913014,1929,5,sibling_roster
913014,1930,6,sibling_roster
913014,1936,7,sibling_roster
913014,1939,8,sibling_roster
928820,1939,2,graduate
928820,1940,1,sibling_roster
928820,1941,2,sibling_roster
928820,1942,3,sibling_roster
926003,1939,1,sibling_roster
926003,1941,2,sibling_roster
926003,1950,3,sibling_roster
926003,1958,4,sibling_roster
927184,1939,1,sibling_roster
927184,1940,2,sibling_roster
927184,1943,3,sibling_roster
933353,1940,1,sibling_roster
933353,1941,2,sibling_roster
933353,1943,3,sibling_roster
933353,1945,4,sibling_roster
933353,1954,5,sibling_roster
928221,1939,3,graduate
901452,1939,4,graduate
902602,1938,2,graduate
902602,1937,1,sibling_roster
902602,1938,2,sibling_roster
902602,1940,3,sibling_roster
902602,1942,4,sibling_roster
902602,1944,5,sibling_roster
902602,1945,6,sibling_roster
902602,1951,7,sibling_roster
904911,1940,1,sibling_roster
904911,1942,2,sibling_roster
904911,1944,3,sibling_roster
904911,1949,4,sibling_roster
904911,1951,5,sibling_roster
932519,1939,2,graduate
932519,1936,1,sibling_roster
932519,1940,2,sibling_roster
911444,1939,1,sibling_roster
911444,1942,2,sibling_roster
911444,1944,3,sibling_roster
911444,1945,4,sibling_roster
911444,1947,5,sibling_roster
911444,1949,6,sibling_roster
922303,1939,3,graduate
922303,1933,1,sibling_roster
922303,1935,2,sibling_roster
922303,1939,3,sibling_roster
900689,1939,1,sibling_roster
900689,1942,2,sibling_roster
900689,1948,3,sibling_roster
900689,1962,4,sibling_roster
901117,1940,1,sibling_roster
901117,1944,2,sibling_roster
918844,1939,4,graduate
918844,1932,1,sibling_roster
918844,1935,2,sibling_roster
918844,1937,3,sibling_roster
918844,1940,4,sibling_roster
918844,1949,5,sibling_roster
927874,1939,2,graduate
927874,1935,1,sibling_roster
927874,1940,2,sibling_roster
927874,1942,3,sibling_roster
927874,1944,4,sibling_roster
927874,1946,5,sibling_roster
927874,1948,6,sibling_roster
911612,1939,2,graduate
911612,1928,1,sibling_roster
911612,1940,2,sibling_roster
930220,1939,2,graduate
930220,1938,1,sibling_roster
930220,1940,2,sibling_roster
930220,1946,3,sibling_roster
930220,1948,4,sibling_roster
930220,1959,5,sibling_roster
930220,1959,6,sibling_roster
930220,1965,7,sibling_roster
912216,1939,2,graduate
912216,1940,1,sibling_roster
912216,1942,2,sibling_roster
923405,1938,2,graduate
923405,1931,1,sibling_roster
923405,1939,2,sibling_roster
923405,1945,3,sibling_roster
923405,1947,4,sibling_roster
923405,1947,5,sibling_roster
906737,1939,1,sibling_roster
906737,1941,2,sibling_roster
915867,1939,1,sibling_roster
915867,1947,2,sibling_roster
915867,1949,3,sibling_roster
906678,1939,4,graduate
906678,1928,1,sibling_roster
906678,1930,2,sibling_roster
906678,1931,3,sibling_roster
906678,1939,4,sibling_roster
906397,1939,1,sibling_roster
906397,1940,2,sibling_roster
913869,1939,2,graduate
913869,1938,1,sibling_roster
913869,1939,2,sibling_roster
913869,1941,3,sibling_roster
913869,1944,4,sibling_roster
916436,1939,1,sibling_roster
916436,1941,2,sibling_roster
916436,1942,3,sibling_roster
916436,1942,4,sibling_roster
916436,1944,5,sibling_roster
916436,1946,6,sibling_roster
916436,1948,7,sibling_roster
916436,1950,8,sibling_roster
916436,1952,9,sibling_roster
916436,1954,10,sibling_roster
916436,1956,11,sibling_roster
913325,1937,3,graduate
911382,1940,1,sibling_roster
926377,1938,2,graduate
926377,1937,1,sibling_roster
926377,1939,2,sibling_roster
906468,1938,1,sibling_roster
906468,1941,2,sibling_roster
906468,1958,3,sibling_roster
903012,1937,2,graduate
903012,1937,1,sibling_roster
903012,1938,2,sibling_roster
903012,1941,3,sibling_roster
903012,1942,4,sibling_roster
911588,1940,1,sibling_roster
911588,1945,2,sibling_roster
911588,1949,3,sibling_roster
911048,1939,4,graduate
911048,1931,1,sibling_roster
911048,1933,2,sibling_roster
911048,1937,3,sibling_roster
911048,1940,4,sibling_roster
911048,1940,5,sibling_roster
917826,1939,2,graduate
917826,1935,1,sibling_roster
917826,1940,2,sibling_roster
917826,1950,3,sibling_roster
925602,1938,5,graduate
925602,1921,1,sibling_roster
925602,1939,2,sibling_roster
916078,1939,2,graduate
916078,1940,1,sibling_roster
916078,1940,2,sibling_roster
916078,1945,3,sibling_roster
927866,1939,3,graduate
927866,1922,1,sibling_roster
927866,1936,2,sibling_roster
927866,1940,3,sibling_roster
921330,1939,2,graduate
921330,1938,1,sibling_roster
921330,1940,2,sibling_roster
921330,1943,3,sibling_roster
933940,1939,1,sibling_roster
933940,1940,2,sibling_roster
933940,1949,3,sibling_roster
933940,1949,4,sibling_roster
933940,1954,5,sibling_roster
910203,1939,2,graduate
910203,1937,1,sibling_roster
910203,1940,2,sibling_roster
910203,1947,3,sibling_roster
914640,1938,2,graduate
914640,1929,1,sibling_roster
914640,1939,2,sibling_roster
914640,1941,3,sibling_roster
914640,1949,4,sibling_roster
927254,1939,3,graduate
927254,1933,2,sibling_roster
927254,1940,3,sibling_roster
928670,1938,5,graduate
928670,1932,1,sibling_roster
928670,1934,2,sibling_roster
928670,1935,3,sibling_roster
928670,1937,4,sibling_roster
928670,1939,5,sibling_roster
928670,1945,6,sibling_roster
928670,1945,7,sibling_roster
901876,1939,1,sibling_roster
901876,1941,2,sibling_roster
901876,1943,3,sibling_roster
901876,1949,4,sibling_roster
905369,1940,2,graduate
930223,1938,3,graduate
930223,1936,1,sibling_roster
930223,1938,2,sibling_roster
930223,1939,3,sibling_roster
930223,1946,4,sibling_roster
930223,1947,5,sibling_roster
914319,1939,3,graduate
913171,1939,9,graduate
913171,1922,1,sibling_roster
913171,1923,2,sibling_roster
913171,1925,3,sibling_roster
913171,1927,4,sibling_roster
913171,1929,5,sibling_roster
913171,1932,6,sibling_roster
913171,1936,7,sibling_roster
913171,1938,8,sibling_roster
913171,1939,9,sibling_roster
923748,1939,3,graduate
923748,1933,1,sibling_roster
923748,1935,2,sibling_roster
923748,1939,3,sibling_roster
923275,1939,2,graduate
919234,1939,2,graduate
919234,1937,1,sibling_roster
919234,1940,2,sibling_roster
919234,1948,3,sibling_roster
922310,1939,3,graduate
908424,1939,4,graduate
908424,1923,1,sibling_roster
908424,1925,2,sibling_roster
908424,1929,3,sibling_roster
908424,1940,4,sibling_roster
924822,1939,3,graduate
926088,1939,2,graduate
926088,1938,1,sibling_roster
926088,1940,2,sibling_roster
926088,1948,3,sibling_roster
918829,1939,4,graduate
926668,1939,2,graduate
926668,1938,1,sibling_roster
926668,1939,2,sibling_roster
926668,1945,3,sibling_roster
926668,1953,4,sibling_roster
922895,1939,2,graduate
922895,1939,1,sibling_roster
922895,1940,2,sibling_roster
908359,1940,1,sibling_roster
908359,1944,2,sibling_roster
901006,1940,1,sibling_roster
901006,1942,2,sibling_roster
901006,1950,3,sibling_roster
925391,1940,1,sibling_roster
900408,1938,5,graduate
900408,1933,1,sibling_roster
900408,1935,2,sibling_roster
900408,1936,3,sibling_roster
900408,1937,4,sibling_roster
900408,1939,5,sibling_roster
900408,1940,6,sibling_roster
900408,1942,7,sibling_roster
900408,1943,8,sibling_roster
900408,1945,9,sibling_roster
900408,1946,10,sibling_roster
900408,1953,11,sibling_roster
933006,1939,2,graduate
933006,1935,1,sibling_roster
933006,1939,2,sibling_roster
933006,1946,3,sibling_roster
908464,1940,1,sibling_roster
908464,1941,2,sibling_roster
908464,1952,3,sibling_roster
912267,1939,1,sibling_roster
912267,1942,2,sibling_roster
912267,1946,3,sibling_roster
916323,1939,2,graduate
916323,1937,1,sibling_roster
916323,1939,2,sibling_roster
916323,1941,3,sibling_roster
928891,1939,4,graduate
922519,1938,1,sibling_roster
918957,1939,1,sibling_roster
918957,1943,2,sibling_roster
918957,1947,3,sibling_roster
933777,1939,3,graduate
929998,1940,1,sibling_roster
929998,1951,2,sibling_roster
925731,1938,5,graduate
925731,1933,1,sibling_roster
925731,1934,2,sibling_roster
925731,1935,3,sibling_roster
925731,1938,4,sibling_roster
925731,1939,5,sibling_roster
925731,1939,6,sibling_roster
900470,1939,3,graduate
910473,1939,2,graduate
903560,1940,1,sibling_roster
925006,1939,2,graduate
925006,1938,1,sibling_roster
925006,1939,2,sibling_roster
925006,1942,3,sibling_roster
925006,1944,4,sibling_roster
906362,1939,2,graduate
906362,1937,1,sibling_roster
906362,1939,2,sibling_roster
906362,1946,3,sibling_roster
909013,1938,3,graduate
909013,1931,1,sibling_roster
909013,1935,2,sibling_roster
909013,1939,3,sibling_roster
907226,1939,6,graduate
907226,1922,1,sibling_roster
907226,1923,2,sibling_roster
907226,1930,3,sibling_roster
907226,1933,4,sibling_roster
907226,1936,5,sibling_roster
907226,1939,6,sibling_roster
932292,1939,3,graduate
927457,1937,1,sibling_roster
927457,1943,2,sibling_roster
927457,1947,3,sibling_roster
927457,1950,4,sibling_roster
927457,1952,5,sibling_roster
933642,1940,1,sibling_roster
933642,1941,2,sibling_roster
933642,1944,3,sibling_roster
933282,1940,1,sibling_roster
913220,1939,4,graduate
913220,1932,1,sibling_roster
913220,1934,2,sibling_roster
913220,1937,3,sibling_roster
913220,1940,4,sibling_roster
913220,1942,5,sibling_roster
913220,1946,6,sibling_roster
913037,1939,4,graduate
923894,1939,7,graduate
923894,1930,1,sibling_roster
923894,1932,2,sibling_roster
923894,1933,3,sibling_roster
923894,1934,4,sibling_roster
923894,1936,5,sibling_roster
923894,1938,6,sibling_roster
923894,1939,7,sibling_roster
923894,1942,8,sibling_roster
921501,1939,3,graduate
921501,1928,1,sibling_roster
921501,1940,2,sibling_roster
932304,1939,1,sibling_roster
932304,1941,2,sibling_roster
932304,1948,3,sibling_roster
932304,1954,4,sibling_roster
932304,1967,5,sibling_roster
900622,1939,5,graduate
930817,1939,2,graduate
930817,1934,1,sibling_roster
930817,1940,2,sibling_roster
930817,1942,3,sibling_roster
929013,1940,1,sibling_roster
914798,1937,4,graduate
904804,1940,1,sibling_roster
904804,1942,2,sibling_roster
904804,1946,3,sibling_roster
906184,1938,3,graduate
906184,1933,1,sibling_roster
906184,1935,2,sibling_roster
906184,1939,3,sibling_roster
906184,1943,4,sibling_roster
906184,1945,5,sibling_roster
906184,1950,6,sibling_roster
913179,1938,2,graduate
913179,1936,1,sibling_roster
913179,1939,2,sibling_roster
913179,1945,3,sibling_roster
913179,1946,4,sibling_roster
913179,1949,5,sibling_roster
913179,1956,6,sibling_roster
910306,1939,4,graduate
904108,1938,11,graduate
905319,1939,1,sibling_roster
905319,1941,2,sibling_roster
905319,1953,3,sibling_roster
922933,1940,1,sibling_roster
922933,1943,2,sibling_roster
922933,1952,3,sibling_roster
926703,1939,5,graduate
926703,1927,1,sibling_roster
926703,1927,2,sibling_roster
926703,1929,3,sibling_roster
926703,1939,4,sibling_roster
926703,1940,5,sibling_roster
921367,1939,2,graduate
921367,1938,1,sibling_roster
921367,1939,2,sibling_roster
921367,1940,3,sibling_roster
921367,1944,4,sibling_roster
921367,1944,5,sibling_roster
913518,1939,3,graduate
913518,1937,1,sibling_roster
913518,1939,2,sibling_roster
913518,1943,3,sibling_roster
913518,1947,4,sibling_roster
907083,1939,5,graduate
907083,1921,1,sibling_roster
907083,1926,2,sibling_roster
907083,1931,3,sibling_roster
907083,1937,4,sibling_roster
907083,1940,5,sibling_roster
907083,1947,6,sibling_roster
913436,1939,2,graduate
913436,1940,1,sibling_roster
913436,1940,2,sibling_roster
929133,1939,3,graduate
929133,1936,1,sibling_roster
929133,1938,2,sibling_roster
929133,1940,3,sibling_roster
929133,1941,4,sibling_roster
929133,1944,5,sibling_roster
929133,1946,6,sibling_roster
916114,1939,6,graduate
916114,1929,1,sibling_roster
916114,1931,2,sibling_roster
916114,1932,3,sibling_roster
916114,1934,4,sibling_roster
916114,1936,5,sibling_roster
916114,1939,6,sibling_roster
916114,1940,7,sibling_roster
916114,1943,8,sibling_roster
916114,1946,9,sibling_roster
916114,1948,10,sibling_roster
916114,1950,11,sibling_roster
915093,1938,2,graduate
917782,1939,2,graduate
917782,1938,1,sibling_roster
917782,1940,2,sibling_roster
917782,1942,3,sibling_roster
917782,1946,4,sibling_roster
917782,1951,5,sibling_roster
917782,1952,6,sibling_roster
914891,1939,3,graduate
914891,1934,1,sibling_roster
914891,1937,2,sibling_roster
914891,1940,3,sibling_roster
914891,1948,4,sibling_roster
915703,1939,4,graduate
915703,1931,1,sibling_roster
915703,1933,2,sibling_roster
915703,1934,3,sibling_roster
915703,1940,4,sibling_roster
910732,1939,2,graduate
910732,1936,1,sibling_roster
910732,1940,2,sibling_roster
910732,1945,3,sibling_roster
905054,1939,1,sibling_roster
905054,1940,2,sibling_roster
927519,1940,1,sibling_roster
927519,1946,2,sibling_roster
922616,1940,1,sibling_roster
922616,1944,2,sibling_roster
922616,1947,3,sibling_roster
922616,1950,4,sibling_roster
922616,1953,5,sibling_roster
917818,1939,1,sibling_roster
917818,1944,2,sibling_roster
902058,1938,6,graduate
902058,1922,1,sibling_roster
902058,1924,2,sibling_roster
902058,1927,3,sibling_roster
902058,1929,4,sibling_roster
902058,1933,5,sibling_roster
902058,1939,6,sibling_roster
904426,1940,1,sibling_roster
904426,1942,2,sibling_roster
904426,1944,3,sibling_roster
904426,1945,4,sibling_roster
904426,1956,5,sibling_roster
907770,1939,10,graduate
907770,1919,1,sibling_roster
907770,1927,2,sibling_roster
907770,1928,3,sibling_roster
907770,1931,4,sibling_roster
907770,1932,5,sibling_roster
907770,1933,6,sibling_roster
907770,1934,7,sibling_roster
907770,1935,8,sibling_roster
907770,1937,9,sibling_roster
907770,1940,10,sibling_roster
907770,1942,11,sibling_roster
921844,1938,3,graduate
923227,1940,1,sibling_roster
923227,1943,2,sibling_roster
902145,1938,5,graduate
903858,1939,5,graduate
903858,1930,1,sibling_roster
903858,1932,2,sibling_roster
903858,1933,3,sibling_roster
903858,1936,4,sibling_roster
903858,1940,5,sibling_roster
903858,1941,6,sibling_roster
900243,1938,5,graduate
921039,1939,2,graduate
921039,1936,1,sibling_roster
921039,1940,2,sibling_roster
921039,1944,3,sibling_roster
921039,1948,4,sibling_roster
921039,1951,5,sibling_roster
921039,1953,6,sibling_roster
921039,1954,7,sibling_roster
921039,1957,8,sibling_roster
925171,1939,2,graduate
925171,1935,1,sibling_roster
925171,1940,2,sibling_roster
925171,1944,3,sibling_roster
925171,1947,4,sibling_roster
925171,1950,5,sibling_roster
925171,1955,6,sibling_roster
908084,1939,2,graduate
908084,1937,1,sibling_roster
908084,1939,2,sibling_roster
908084,1944,3,sibling_roster
908084,1950,4,sibling_roster
908084,1951,5,sibling_roster
