year,is_outbreak,outbreak_name,Sun-Moon_cos,Sun-Rahu_cos,Sun-Ketu_cos,Sun-Mercury_cos,Sun-Venus_cos,Sun-Mars_cos,Sun-Jupiter_cos,Sun-Saturn_cos,Sun-Uranus_cos,Sun-Neptune_cos,Sun-Pluto_cos,Moon-Rahu_cos,Moon-Ketu_cos,Moon-Mercury_cos,Moon-Venus_cos,Moon-Mars_cos,Moon-Jupiter_cos,Moon-Saturn_cos,Moon-Uranus_cos,Moon-Neptune_cos,Moon-Pluto_cos,Rahu-Ketu_cos,Rahu-Mercury_cos,Rahu-Venus_cos,Rahu-Mars_cos,Rahu-Jupiter_cos,Rahu-Saturn_cos,Rahu-Uranus_cos,Rahu-Neptune_cos,Rahu-Pluto_cos,Ketu-Mercury_cos,Ketu-Venus_cos,Ketu-Mars_cos,Ketu-Jupiter_cos,Ketu-Saturn_cos,Ketu-Uranus_cos,Ketu-Neptune_cos,Ketu-Pluto_cos,Mercury-Venus_cos,Mercury-Mars_cos,Mercury-Jupiter_cos,Mercury-Saturn_cos,Mercury-Uranus_cos,Mercury-Neptune_cos,Mercury-Pluto_cos,Venus-Mars_cos,Venus-Jupiter_cos,Venus-Saturn_cos,Venus-Uranus_cos,Venus-Neptune_cos,Venus-Pluto_cos,Mars-Jupiter_cos,Mars-Saturn_cos,Mars-Uranus_cos,Mars-Neptune_cos,Mars-Pluto_cos,Jupiter-Saturn_cos,Jupiter-Uranus_cos,Jupiter-Neptune_cos,Jupiter-Pluto_cos,Saturn-Uranus_cos,Saturn-Neptune_cos,Saturn-Pluto_cos,Uranus-Neptune_cos,Uranus-Pluto_cos,Neptune-Pluto_cos
1900,False,None,0.6225962614606413,-0.8694569309151952,0.869456930915195,0.9003344233016372,0.9823983946881033,0.806553986094961,-0.7985893590765122,-0.9903231963500962,-0.8674753836790339,0.9783190849513093,0.9243486831929264,-0.1547374353142522,0.1547374353142523,0.901106655121326,0.7578148699722517,0.039548899505192595,-0.026204559212801563,-0.5079699502987358,-0.15078724322832848,0.4470305377376474,0.2769175811785504,-1.0,-0.5678100285347507,-0.7618733771581967,-0.9933023842127523,0.9916711935082614,0.9296020407532961,0.9999920115698367,-0.9529171408986983,-0.992169831264156,0.5678100285347505,0.7618733771581968,0.9933023842127524,-0.9916711935082614,-0.929602040753296,-0.9999920115698367,0.9529171408986983,0.9921698312641561,0.965781227740097,0.4688960502834174,-0.45706171071796864,-0.8312250625729708,-0.5645152425041524,0.7906832673081118,0.666173374777045,0.6819299091923959,-0.6721037812496725,-0.9469680757935747,-0.759278266398277,0.9224126750158383,0.8368062044053278,-0.9999108679457914,-0.8807905345183836,-0.9937562893027395,0.9114984232582752,0.9710936914499123,0.8743901243292773,0.9921780793416625,-0.905925758353901,-0.9678202080413366,0.9281214246942802,-0.9975939347447416,-0.9683553972428198,-0.9516974851775668,-0.991662683527204,0.9833279721668405
1901,False,None,-0.9953642698432767,-0.660021400301298,0.6600214003012981,0.956273756256385,0.9586925222639054,0.27119751232813233,-0.9998901858234617,-0.9969246820107651,-0.9062729389338549,0.9860557292690292,0.93214433129293,0.7292142066726885,-0.7292142066726887,-0.9237116140944083,-0.9268913346752354,-0.17736789536089387,0.9966802521453949,0.9847662513917602,0.942724946518205,-0.9974899398517384,-0.9626475117475057,-1.0,-0.41144167816193883,-0.41906959534082455,0.5440966996925354,0.6710819899101201,0.5991196651916872,0.9157062861495732,-0.7758369498427895,-0.8872518542861486,0.4114416781619387,0.41906959534082466,-0.5440966996925355,-0.6710819899101202,-0.599119665191687,-0.9157062861495732,0.7758369498427895,0.8872518542861487,0.9999648453647981,0.5408513413591193,-0.9518344517110712,-0.9762527596232641,-0.7430187076746869,0.8942671795549718,0.7854844807529233,0.5337795613715939,-0.9543719319838576,-0.9780349184630698,-0.7486044139046949,0.8979883050271099,0.7906461804587831,-0.2569036525188573,-0.3457923108588671,0.16107305798511717,0.10723705231081242,-0.09572203563761388,0.9956538688868039,0.9124374976740443,-0.9884136327664613,-0.9374079001909724,0.8703612419931642,-0.9699820366944064,-0.9009025057352308,-0.9639782630504099,-0.997828788598958,0.9794031144408519
1902,False,None,0.5519395424868908,-0.3778564393285697,0.3778564393285698,0.9817868961774537,0.7958880785085297,0.9283356645781871,-0.792650988714471,-0.9563354370060816,-0.938442182921754,0.9920847030508247,0.9395211241297554,-0.9806173701905566,0.9806173701905566,0.7003129042050201,0.9441520584433043,0.8223757901147145,0.07090343274670952,-0.2841189177058673,-0.8060172359871255,0.6522819959784574,0.804156635003978,-1.0,-0.5468752738572724,-0.8612901513866358,-0.6949611875095307,-0.2649685849083339,0.09075394026603247,0.6744235670879487,-0.4911267922267172,-0.6721042237954403,0.5468752738572723,0.861290151386636,0.6949611875095308,0.2649685849083342,-0.09075394026603281,-0.6744235670879488,0.4911267922267173,0.6721042237954403,0.8964180253539907,0.9820535798954111,-0.6623848184511166,-0.8833902849029395,-0.9869781352320912,0.9978723292465864,0.9874778447875622,0.9639208032669597,-0.2617371384648265,-0.584182113930885,-0.9560372317689406,0.8656142452783009,0.9551126821121335,-0.5092034942290288,-0.7791504573532045,-0.9996029078602926,0.9676675599779411,0.9995096004000803,0.9362309472835542,0.5332529918409483,-0.7098196639584666,-0.5359039462909572,0.7965043738220338,-0.912065110543997,-0.7983970556563135,-0.9743907374032322,-0.9999950802912619,0.9750912848788643
1903,False,None,0.08173176391383988,-0.05406668172441014,0.0540666817244096,0.9300778989994394,0.7041107951938309,-0.046534278278681424,-0.2657906895409306,-0.8701394512820372,-0.9639013035672384,0.9964209052554098,0.946511958159726,0.9907776183034288,-0.9907776183034288,-0.29011638916118654,0.7652626400340949,0.991771352139454,-0.9825290062735639,-0.5622748590882817,0.18658762981179866,-0.0028083009699397285,-0.24422911134546038,-1.0,-0.4171112524526052,0.6709825630032136,0.999971559489718,-0.948250279487619,-0.4450392095289745,0.3179852863264538,-0.13827987874928335,-0.3733715378222869,0.4171112524526047,-0.6709825630032139,-0.999971559489718,0.9482502794876193,0.4450392095289748,-0.31798528632645306,0.1382798787492828,0.37337153782228655,0.3940175059785842,-0.41024489543059167,0.10694256730141775,-0.6282592545938623,-0.9943171242923307,0.9578023296561887,0.998866200934119,0.6765555939454209,-0.8716948194677175,-0.9626109545926641,-0.4896248637024385,0.6415665511072552,0.43732540402388115,-0.9506180431098917,-0.45178040482610055,0.31082580285520206,-0.13080650246583195,-0.3663644375762991,0.7063546991108032,-0.0004866382099116867,-0.18334954464776226,0.05948852110366863,0.7075142411910591,-0.8253681134199592,-0.664584443839072,-0.9829584421198677,-0.9982578208784315,0.9703996023990767
1904,False,None,-0.7498873377470223,0.29239412974443607,-0.2923941297444366,0.9846132711603204,0.9994572358160734,0.9887844408633257,0.29657806324798164,-0.7536541807246178,-0.979253094951966,0.998247585240389,0.9481160291473256,-0.8519164041812544,0.8519164041812546,-0.6227420650545912,-0.7276864467994575,-0.6426723226135224,0.40940066724838,0.9999836845359378,0.6002691892930628,-0.7094246468630983,-0.5006522994929953,-1.0,0.12078442545471008,0.2607322154573719,0.14629197249884052,-0.8265550468118175,-0.8489110867392681,-0.09254269110927935,0.23529217599858243,-0.026806981751206622,-0.12078442545471064,-0.26073221545737224,-0.14629197249884174,0.8265550468118168,0.8489110867392685,0.09254269110927991,-0.23529217599858276,0.026806981751206053,0.9898355470602334,0.9996687749899092,0.4589001125619963,-0.6272013835176156,-0.9995966119020966,0.9932286216821697,0.989084154461497,0.9931677739348883,0.32787783172503165,-0.7315927150127265,-0.9853971710135482,0.999655189210284,0.9580747768549741,0.4358820135891461,-0.6470382847875186,-0.9985345946403724,0.995889546592617,0.9849643046293028,0.4041823207390903,-0.48394888953651494,0.3525715990891457,0.5848110630667899,0.6048281022975487,-0.7134390123780786,-0.5055889969001147,-0.9895284521612386,-0.9928700978332424,0.9652679289772392
1905,False,None,0.965746045343174,0.5891597305961691,-0.589159730596169,0.9892473119064004,0.7004369033097109,-0.5101403165042597,0.7354688836403834,-0.5921321735990499,-0.9925833681879889,0.9998414511970372,0.9546849618920774,0.35930720847939374,-0.35930720847939385,0.9174107881610847,0.8616452349293697,-0.7158502540373692,0.8860951889191463,-0.36274241247176076,-0.9901284728977344,0.9702135270111018,0.9992119088676585,-1.0,0.7009990216843432,-0.16402380264040134,0.3944138212370263,-0.1141698604042412,-0.9999932153843286,-0.4865629217034695,0.5746783493152104,0.32198144998227446,-0.7009990216843429,0.16402380264040187,-0.3944138212370268,0.1141698604042413,0.9999932153843286,0.4865629217034692,-0.5746783493152106,-0.3219814499822744,0.5885229111521144,-0.37886456118575645,0.6284660793039382,-0.7036212968308804,-0.9641311342966117,0.9864862208801113,0.9008921574958281,-0.9711805117149594,0.9987327581721421,0.16038894207297041,-0.7820053136894076,0.7130346246506624,0.8811109891264661,-0.9579544267432847,-0.3910261294642742,0.610914514996506,-0.5253746729447256,-0.743002125000076,0.11050953470223072,-0.8123821603748034,0.7474172408824691,0.9037948591692071,0.48977781403007564,-0.5776890632925423,-0.32546673445782726,-0.9945906611892278,-0.9837846323382582,0.9598331457007336
1906,False,None,-0.4235168515943657,0.8211049550071536,-0.8211049550071537,0.925666451305963,0.8275816356417727,0.9971832841911876,0.9653877559824785,-0.4019527006620519,-0.9991891116296463,0.9997221148583244,0.9608385850890736,0.16930859167048423,-0.16930859167048412,-0.0493010329077789,0.15802140177034293,-0.3543793022491273,-0.645130722124943,-0.6592522611367669,0.4596473171663239,-0.40204453002916735,-0.657960811088695,-1.0,0.9760175202328395,0.999934546358323,0.8616023222916483,0.6438151988578437,-0.8526834843711012,-0.7974578555987565,0.8343317954469223,0.6307820041432641,-0.9760175202328395,-0.999934546358323,-0.8616023222916483,-0.6438151988578433,0.8526834843711011,0.7974578555987565,-0.8343317954469222,-0.6307820041432646,0.9784443123396901,0.9514359134819593,0.7949486882498245,-0.718505660888102,-0.9096826638329301,0.9343278997103195,0.784574579801424,0.8673533395262479,0.6525277127980806,-0.8466504270964418,-0.8043090403267197,0.840584337839884,0.6396186976057663,0.9431062526868437,-0.4694980847986825,-0.9933548119215416,0.9986742457043573,0.937348106340204,-0.14921870069126805,-0.9751063167519843,0.9589711686982717,0.9998569737033086,0.3647594118537748,-0.42342599812846426,-0.13247422235801984,-0.9979623234350792,-0.9712167130412459,0.9540392601309553
1907,False,None,-0.2360852078888327,0.9626641395420746,-0.9626641395420745,0.9061171250510668,0.9374035019490902,-0.9938051219761774,0.9822594282541033,-0.19233492296817906,-0.9991691355792203,0.9978918592189175,0.9665744230199799,-0.490317392462206,0.4903173924622059,-0.6249897738669629,0.117093966061782,0.34261787510624553,-0.4141230784429988,0.9989969052292615,0.27549282171478634,-0.2986516441592804,0.020944845257230008,-1.0,0.9867992688258026,0.8081352505117422,-0.9867851226927155,0.9963492602090953,-0.45079845273051306,-0.9728968467143551,0.9782026896750421,0.8610831385933786,-0.9867992688258026,-0.8081352505117422,0.9867851226927156,-0.9963492602090952,0.4507984527305127,0.9728968467143551,-0.9782026896750421,-0.8610831385933787,0.7020803070088114,-0.947517678935665,0.9693710990981645,-0.5894066740348347,-0.9226050811667025,0.9316607853789576,0.7673713776828722,-0.8928935653554626,0.8554680252803658,0.16144773951523783,-0.9224316236500616,0.9128266774273295,0.9953554968659725,-0.9970156060105718,0.30020519562826825,0.9975088767041451,-0.9989226687604208,-0.9320926804011831,-0.37294864331719924,-0.9890861286112336,0.99235894679387,0.9013474774897999,0.23217002051403196,-0.2556164225216293,0.0656932860627448,-0.9997077461775783,-0.9553220956430104,0.9478976246457168
1908,False,None,0.8563957178561478,0.9970549361946037,-0.9970549361946037,0.9956717334148494,0.9919715668544693,0.9586619002023627,0.8166048644275988,0.010505409214714682,-0.9946015054016042,0.9959246783529667,0.9679359138215,0.814276664380815,-0.814276664380815,0.9006756694585537,0.9148146026734457,0.9679115940339116,0.9973553350623804,-0.5072947512984735,-0.9053500856723147,0.8994719579504125,0.6992379912847315,-1.0,0.9856118068677951,0.9793517644229591,0.9340164389907178,0.7699342959858362,0.08716087771941064,-0.9837142886117768,0.9860749733200895,0.9843497598477763,-0.9856118068677951,-0.9793517644229591,-0.9340164389907178,-0.769934295985836,-0.08716087771941032,0.9837142886117768,-0.9860749733200895,-0.9843497598477763,0.9994313142203245,0.9809583460199396,0.8667149419794343,-0.08247469383018594,-0.9999407994470633,0.9999961843495748,0.9404002150893918,0.9869495559869996,0.8830417890812011,-0.11603305713771321,-0.9997390584594653,0.9993343495723195,0.9283982216661737,0.9470880461362684,-0.2744608050881363,-0.9830135742273299,0.9804180793644721,0.8564456923024855,-0.568586482796143,-0.8720911488982277,0.8653337002904326,0.6454308412017334,0.09331380739993729,-0.07972131217154006,0.26135196754023016,-0.999906925313461,-0.9366442214123079,0.9413360621540754
1909,False,None,-0.9059708795683006,0.9171048213099683,-0.9171048213099683,0.9453292829684256,0.9556582279619125,-0.30765434105230804,0.4909666396450251,0.22877974779345875,-0.9831144557851139,0.9913425935121423,0.9731656400622146,-0.9996331240802625,0.9996331240802625,-0.9944993381812081,-0.7411341631364203,-0.12408138096367448,-0.07599681559008101,-0.6193800663550822,0.8132053545617701,-0.8425427001344993,-0.9790726841101699,-1.0,0.9969714793415059,0.7590462098810562,0.097159803504214,0.10297597444527401,0.5978883430382405,-0.8286700670672815,0.8568225720564588,0.9842256533662376,-0.9969714793415059,-0.7590462098810565,-0.09715980350421391,-0.10297597444527433,-0.5978883430382405,0.8286700670672816,-0.856822572056459,-0.9842256533662376,0.8073772804381467,0.019465441101642954,0.18001873104679675,0.5337403603761093,-0.869690105392975,0.8943257568993686,0.9950034478824293,-0.5742077815900561,0.7257392609966086,-0.0680327654684607,-0.9934084704823145,0.9860498739405948,0.8622526593293957,-0.9799726641087018,0.8558776735137398,0.4765757133397704,-0.42992318903495075,-0.08045346864738558,-0.7357499405414217,-0.642094823193383,0.6011024339048684,0.2773287473706247,-0.04677823240789118,0.09898078075058145,0.44664348293820094,-0.9986301662206255,-0.9146257710076,0.9345275190643825
1910,False,None,0.2958902110682533,0.7361757227190114,-0.7361757227190112,0.9469357393711432,0.8009071436116554,0.8750008027277253,0.04985559032464595,0.4357001850043603,-0.965479390253521,0.9850847561049105,0.9779367972671333,0.8643122810419508,-0.8643122810419509,0.5872192635925324,0.808956568745489,-0.20353928229012544,-0.939282294848107,0.9887069216815609,-0.03686020541448164,0.12711206564636202,0.4889087303653216,-1.0,0.9146470757175293,0.9948627751130686,0.31650556536868496,-0.6392463372323365,0.9299254654040624,-0.5344724811777001,0.608740271705521,0.8613155173286126,-0.9146470757175293,-0.9948627751130685,-0.3165055653686848,0.6392463372323366,-0.9299254654040624,0.5344724811777002,-0.6087402717055207,-0.8613155173286124,0.9508719788725223,0.672961787348214,-0.2738131886537348,0.7018902461770054,-0.8305228680487571,0.8775047743522748,0.9931888719113348,0.41090799410071405,-0.5581142366038444,0.8879201026211015,-0.61728722061855,0.6859279767974703,0.9083240868612718,0.5271431133580393,-0.05451577839927607,-0.9708989379605952,0.9452526465764451,0.7545620323592248,-0.877250444742262,-0.3082900782853326,0.22096782331687728,-0.15988558475132417,-0.1862041120197001,0.2743229660016296,0.6141173166306042,-0.9958996830325271,-0.8897634084151339,0.9274050767367208
1911,False,None,0.387873576086566,0.47415666088287556,-0.4741566608828756,0.9985317340880923,0.7029164972169195,0.2054417108760614,-0.44067384203803966,0.621337702385636,-0.9419279334558714,0.9771690203347239,0.9822547633360396,-0.6276002424764059,0.6276002424764057,0.3373750134043838,0.9282314389349282,-0.8223664483790949,0.6564654998774301,-0.4812008653448698,-0.6748739416682044,0.5748482522467108,0.20812205358805608,-1.0,0.5211538296236266,-0.2929404650142164,0.9590716832630929,-0.999291069132588,0.9844742977659532,-0.15095620898666914,0.2762697998623261,0.6308706083846584,-0.5211538296236269,0.2929404650142161,-0.9590716832630928,0.999291069132588,-0.9844742977659532,0.15095620898666856,-0.2762697998623264,-0.6308706083846585,0.6633548886498779,0.25815447033485855,-0.4886533460719288,0.6628698385798527,-0.9223538698047806,0.9642251580616106,0.990972196736758,-0.5516921120683345,0.32872903651827956,-0.12056389411902069,-0.9009526748960675,0.8379875887172156,0.5570428479500281,-0.9690522551543489,0.8944780936398874,0.1351406413806089,-0.007180164516621018,0.3853470428317273,-0.9771680952912493,0.11363278799671274,-0.23989136207262735,-0.6012128626088514,-0.32212981962830745,0.4406777503440462,0.7572665928514603,-0.9917712170946317,-0.8622305641118456,0.9199810829570935
1912,False,None,-0.931865583724295,0.14268728037906386,-0.14268728037906353,0.963404177145747,0.9997540323244836,0.7524418271374798,-0.8464634047206004,0.7676143444909738,-0.9195714261499139,0.9714950339134456,0.9833228164776121,0.22612607433924442,-0.2261260743392443,-0.9950138063741488,-0.9235900228370463,-0.9401384679246507,0.5956164015904637,-0.4827881286910821,0.999470844623151,-0.9913090009037304,-0.8503420362846538,-1.0,-0.1278446761257442,0.16460350384007633,-0.5445553187853878,-0.6477783722410291,0.7438828974354373,0.25769128020330706,-0.09601428248263337,0.32031548497902146,0.12784467612574454,-0.164603503840076,0.544555318785388,0.6477783722410291,-0.7438828974354372,-0.257691280203307,0.09601428248263372,-0.3203154849790211,0.957222264742393,0.9014610188454355,-0.6727624094492265,0.56772449919932,-0.9912430965871158,0.9994869842024274,0.8985868540746865,0.7376488520702158,-0.8580639435448159,0.7816398443207236,-0.9106308986777263,0.9659985032594657,0.9871144815526834,-0.28621368039941997,0.15544285495239268,-0.9507260836629712,0.8871350704119786,0.6201037869378551,-0.991009071979342,0.5691729879567482,-0.6961131812556984,-0.9291822265406637,-0.45404721843632384,0.5937989802133605,0.8713745608377438,-0.986505335650451,-0.8327751750081689,0.9121794465108449
1913,False,None,0.8189467543260408,-0.18897231157189043,0.18897231157188923,0.9041715308674115,0.6994975807620624,0.5225039081727381,-0.9969698328558751,0.8885887153420701,-0.8861074310113181,0.9609091502358776,0.987101410608632,0.40877150592139905,-0.40877150592139977,0.495328748251252,0.9829584905640799,0.9172051932206376,-0.7718243855381752,0.9909435436901441,-0.4596978200193038,0.6280496940264575,0.900257845489709,-1.0,-0.5903363920825887,0.5695732956573648,0.7385356617939847,0.2647872746098281,0.28252138571323115,0.6225788847191424,-0.4534606797149771,-0.029323145483009287,0.590336392082588,-0.5695732956573648,-0.7385356617939847,-0.26478727460982715,-0.2825213857132317,-0.6225788847191414,0.4534606797149764,0.02932314548300872,0.3271954863059404,0.10821262369816328,-0.9346608992917139,0.607491885563473,-0.9991776240507119,0.9870945200043068,0.8241207525048294,0.9748143544258597,-0.6417871372390763,0.9493721468962061,-0.2886110594342452,0.4742970204189323,0.804885417721817,-0.45459473224022734,0.8553997118818569,-0.0678145325555298,0.26601443354557003,0.6522683025933412,-0.8502138848724606,0.9194760866447427,-0.979534441283095,-0.9716565776015128,-0.5747846067388447,0.7268542387675774,0.9505640870917735,-0.9797895803059159,-0.8004765065628527,0.9041899131358067
1914,False,None,-0.1587795744251154,-0.49989224213643707,0.4998922421364379,0.9384534885783578,0.8225522230366908,0.58338048674447,-0.732929787075564,0.9669140785988052,-0.847540869586396,0.9487178389855695,0.9904069059833569,-0.7757277931964279,0.7757277931964275,0.1920165890318971,0.4308707260867566,0.7092665793909029,-0.5552997089029678,-0.4053922561238613,-0.38942514237998693,0.16147677693058868,-0.2936850445521608,-1.0,-0.7682771554021306,-0.9037224750893921,-0.9950628651601546,0.9555890305684496,-0.26241193768959276,0.8833378976993356,-0.7480478746446986,-0.37541933851526754,0.7682771554021314,0.9037224750893925,0.9950628651601547,-0.9555890305684499,0.2624119376895933,-0.8833378976993359,0.7480478746446992,0.37541933851526865,0.9683555869453893,0.8280135591853957,-0.9228014480315273,0.819290132138104,-0.9786948622391018,0.9995186182456745,0.8817221058205318,0.9417500230748954,-0.9897549879175422,0.6502633255690601,-0.9989673239085209,0.9601464635411042,0.7360789535690995,-0.9801193967867399,0.35688500411838875,-0.9254972859760718,0.8102191708160592,0.46555308858365463,-0.53513296577173,0.9822459356801819,-0.910404161736628,-0.6318931726441409,-0.684108740926204,0.836684655612416,0.9928888253472674,-0.9718537408934136,-0.7660731798293247,0.8959341553954145
1915,False,None,-0.5377836436785781,-0.755770838532135,0.7557708385321348,0.9936432276811982,0.9409285088927628,0.7437848033930987,-0.18338321813153724,0.9992047531929368,-0.8041786453560344,0.9349195292793248,0.9932435826385781,0.9585223827300103,-0.9585223827300103,-0.43945499917367037,-0.22054363843278424,0.16353744821024974,0.9274059620370467,-0.5037396754657397,0.9335921971797905,-0.8019606506821036,-0.4363118985724412,-1.0,-0.6772483750875818,-0.4893953303627248,-0.12442581003826363,0.7823268434595212,-0.7290594890505644,0.9970013303633293,-0.9389599534903015,-0.674671971503361,0.6772483750875818,0.48939533036272487,0.12442581003826438,-0.7823268434595212,0.7290594890505642,-0.9970013303633293,0.9389599534903014,0.674671971503361,0.9730657391140112,0.814304035277708,-0.07155157180994662,0.9973417471724942,-0.7321534580551649,0.8890281087235251,0.9999938886546689,0.9261785864332539,0.16031255315321458,0.9536814686716213,-0.555411804224805,0.7595350356460708,0.9738657385801407,0.5206861190860078,0.7698452303307757,-0.20083574943232912,0.4581838544123552,0.8163283249447799,-0.14404050692077797,0.7317806194174629,-0.5202904575029412,-0.06806400421158151,-0.7798390673807027,0.9200266903712468,0.9970809062455582,-0.9627666082441195,-0.7297676570780809,0.8874219810729742
1916,False,None,0.9802230630317954,-0.9348010188068758,0.9348010188068757,0.9297715747416521,0.9979495064723304,0.3716901414497117,0.3677996069536752,0.9866939401091446,-0.76743090755818,0.925693644051058,0.9939565049402306,-0.9866005379147649,0.986600537914765,0.8385307842707396,0.9908796628144113,0.5480571679881807,0.1765013507521374,0.9993557664792704,-0.87913073556872,0.9822451093819566,0.9525751546332212,-1.0,-0.7383995250777323,-0.955617386117399,-0.6771825583139975,-0.013543325389942464,-0.9801094142594152,0.9451071221186874,-0.9996916718122777,-0.8901626981839923,0.7383995250777324,0.955617386117399,0.6771825583139977,0.013543325389942565,0.9801094142594152,-0.9451071221186874,0.9996916718122777,0.8901626981839924,0.9043020684158535,0.0038244631841487923,0.6843020440900929,0.8575450883278418,-0.4775111863001929,0.7214269696803567,0.9645645978154394,0.4303485068096753,0.30752582668944406,0.995077398004392,-0.8068936409124879,0.9480073686350021,0.9848921570669079,-0.726576257500483,0.5176846953444767,-0.880445467727995,0.6952445316508892,0.2675338174568775,0.21171363412229063,0.31393079600994317,-0.011289225667518223,0.4676567842758079,-0.8614601554914821,0.9748793798514372,0.9628827537478104,-0.9529293993427703,-0.6924129612531396,0.8785743275894374
1917,False,None,-0.7092169625966801,-0.9995550309406157,0.9995550309406157,0.9746241633784258,0.9525310465316711,0.8885055980778361,0.7800483989607764,0.9285461022038991,-0.7164355320388645,0.9092977155091375,0.9961954016648575,0.6878725719385049,-0.6878725719385048,-0.8490303594428993,-0.4609229011039039,-0.9536391564567104,-0.994349500072375,-0.3968361969195196,0.016269433386895314,-0.3515103322720374,-0.7679569590091804,-1.0,-0.9675134455081922,-0.9611882355343772,-0.8744229572658131,-0.761037029487878,-0.9392057816277798,0.7369267001756856,-0.9213061282046453,-0.9931526393139659,0.9675134455081921,0.9611882355343772,0.8744229572658131,0.7610370294878779,0.9392057816277797,-0.7369267001756855,0.9213061282046454,0.9931526393139659,0.8602112884669577,0.9686750202393611,0.9003197445008628,0.8218874174018156,-0.5420873762203502,0.7930702031436241,0.9904239119793117,0.7066313976696605,0.5525254534496226,0.9974828684166407,-0.8948216798819739,0.9928264649500219,0.9223756749186012,0.9801984886861197,0.6546795860340975,-0.31642775615569174,0.6169608580966242,0.9251142885444285,0.49203323943238225,-0.12231933657811823,0.44890556351509375,0.831610616027204,-0.9242242566716138,0.9988054375779101,0.892662640511464,-0.9417789667515266,-0.6529109016783801,0.8695720180321692
1918,True,Spanish Flu,0.031763453443027743,-0.9543021989776768,0.9543021989776768,0.9957320127016895,0.8059222080209488,0.08962517647181577,0.9800529616471366,0.8271941274619521,-0.6617008269670203,0.8913571492670487,0.9979268148898219,-0.3290044331431411,0.32900443314314143,-0.060617248864773814,0.617321594691942,-0.9926262055974133,0.22976607678158925,-0.5353581759822487,0.7283717488266995,-0.42476039044483055,0.0960240592881211,-1.0,-0.9226484922778071,-0.9460149735596315,0.21211111361018245,-0.9946577632093827,-0.6214682720533375,0.40739942468759804,-0.7151579150296673,-0.9715569889507559,0.9226484922778072,0.9460149735596314,-0.21211111361018234,0.9946577632093827,0.6214682720533378,-0.4073994246875986,0.7151579150296671,0.9715569889507558,0.7478438732404477,0.18116294083995263,0.9575283784938892,0.875523882708837,-0.7280740612448039,0.9293888353431182,0.9877278803319306,-0.5174079763124751,0.907502711227174,0.33398764398372904,-0.08940066976203816,0.45000019236070204,0.8423532501789375,-0.11009926821303154,0.6337922777791007,-0.806055636040375,0.5313654603030563,0.025339443208623955,0.6990207907905575,-0.4994955997975049,0.7834896250899821,0.9908115986643047,-0.9686618491275915,0.9920429928914677,0.7893148710099104,-0.929682861256249,-0.6120747326035034,0.8603351875396376
1919,True,Spanish Flu (Cont),0.6757798645296883,-0.8039854579702572,0.8039854579702576,0.9369856939608453,0.7021171076767675,0.9724344132057948,0.9688813846289046,0.6876839432262408,-0.603589480914307,0.871902846390505,0.9991419744777743,-0.10499935357191026,0.10499935357191083,0.8907162415499053,0.9993396236221711,0.4852763306058533,0.8372024282474559,0.9998676156409027,-0.9955827502134013,0.9501584211552373,0.6446718844522409,-1.0,-0.5455717168678123,-0.1410653205767276,-0.9204813304521996,-0.6317757758303634,-0.12116668769700376,0.011166367002604916,-0.4098101607508178,-0.8279238129702751,0.5455717168678127,0.14106532057672816,0.9204813304521999,0.6317757758303637,0.12116668769700431,-0.011166367002605261,0.40981016075081833,0.8279238129702755,0.9066449906639893,0.8296927656109467,0.9943054105774931,0.897994546875122,-0.8441039436245744,0.9880384987774377,0.9217121968939779,0.5167267826784738,0.8565215567820562,0.9997985587983307,-0.99151375533242,0.9608593933592862,0.6720236785564698,0.8844564590733511,0.49943896741514854,-0.4010406090155455,0.7336866870002665,0.9812573642478726,0.8459901904955037,-0.782157503846592,0.9659784414607882,0.9577984554616015,-0.9939232797066627,0.9551054591535898,0.6570251938508614,-0.916690055574676,-0.5700505184161196,0.8508740140619925
1920,True,Cholera (Major),-0.9996501009857646,-0.5506506247131991,0.5506506247131995,0.9019445866421164,0.9999349288333603,-0.2980243482273588,0.7796853795507243,0.5295276818448426,-0.5564996469326681,0.8592450027984057,0.9994074722159026,0.5283780367201887,-0.5283780367201891,-0.9130520735181664,-0.9992833002843954,0.2726706845922286,-0.7959756690109138,-0.5517809136146634,0.5782820018435686,-0.8724759362302681,-0.9981473362305241,-1.0,-0.1361741976677413,-0.5601372997749076,0.9609112726607222,0.09335351364072247,0.41651551909061285,-0.387101579825043,-0.04612275845349969,-0.5790555687814982,0.1361741976677419,0.5601372997749079,-0.9609112726607221,-0.0933535136407219,-0.41651551909061213,0.3871015798250427,0.04612275845350003,0.5790555687814988,0.8969594135323923,0.14342624279785932,0.973646272939665,0.8439413232625972,-0.8607349677949819,0.9959113307131296,0.8865460212883276,-0.3088943735416936,0.7724914001873487,0.5198160645047308,-0.54698528157848,0.8533532631462513,0.9997350910909033,0.3653519263854656,0.6519326288137094,-0.6272422365188679,0.23224199314035646,-0.3307032134908197,0.9440416518244098,-0.9541478548095422,0.99026773067008,0.7576708626850713,-0.9994840958086969,0.8889502478934196,0.5000160820358991,-0.9032016309681264,-0.5275725078408504,0.8411280705326237
1921,False,None,0.5761362606806048,-0.24728029860365827,0.24728029860365838,0.9840241746971734,0.6990864167000097,0.9999362247970904,0.4346759809944014,0.33661026157179214,-0.4931870433149977,0.8373770003716512,0.9999385411460577,-0.9344370645070773,0.9344370645070774,0.4214145355188721,0.9872072992460715,0.5853304167210676,-0.48566541885144293,-0.5757228418260268,0.426892052586237,0.035656658753967195,0.5851625704999968,-1.0,-0.0708239510156595,-0.8657012843277423,-0.2582074343074836,0.7651314715747587,0.829163263748892,-0.7209515089144519,0.3225829431782585,-0.25800744926797137,0.07082395101565962,0.8657012843277424,0.2582074343074837,-0.7651314715747586,-0.8291632637488919,0.7209515089144518,-0.32258294317825836,0.2580074492679715,0.560616363783193,0.9819507560826444,0.5880675697448456,0.49887813521788876,-0.6401846753152014,0.9213176772879184,0.981989886154182,0.707117206003006,-0.34007706241294916,-0.4379908588415856,0.27724714529208083,0.19454111493212037,0.7069708226534479,0.4244773536789728,0.32595420376453393,-0.48333098836955507,0.8311502007203031,0.9999999785757181,0.9943487128466995,-0.9978180990157731,0.8562717070798533,0.4246647694108433,-0.9851699218392683,0.7965966224535499,0.32614989059517674,-0.8885059996178957,-0.4835121926939682,0.8312652842567209
1922,False,None,0.10356260584554518,0.08340667633452806,-0.08340667633452793,0.9581960365420774,0.8175026516507851,-0.8982098211228446,-0.018437167126200353,0.12846931023053831,-0.42754394972308984,0.8141478121031556,0.9999244588233432,0.9997950781799885,-0.9997950781799885,-0.1853407642446079,0.6574907548443413,0.3441824366222318,0.9925444708352374,0.9996855955830652,-0.9434112933851283,0.6618507148889446,0.11578001542748337,-1.0,-0.20519560844319415,0.6421032564382778,0.36311863938250893,0.9948084230568842,0.998973149394356,-0.9365046981283947,0.646539794037929,0.09564887176352418,0.2051956084431943,-0.6421032564382777,-0.36311863938250927,-0.9948084230568842,-0.998973149394356,0.9365046981283947,-0.646539794037929,-0.09564887176352406,0.6185485137224069,-0.986426688570662,-0.30373027493755816,-0.16064282828962068,-0.1510267847067671,0.6139797937726232,0.9546069519869619,-0.48113137876900525,0.5607545059603649,0.6761764261013203,-0.8701512316847322,0.9999831726159718,0.824519775301681,0.45605269301833823,0.32053209117428066,-0.013341972638010962,-0.4760376267225883,-0.8927391092813616,0.9891763043770888,-0.8959582042625225,0.5655483999887049,-0.006146539580383064,-0.9514298754222835,0.6804390581646739,0.14064907731421572,-0.8729953562810902,-0.4386229426688173,0.8212233621113775
1923,False,None,-0.7913790918249847,0.4049146113158688,-0.4049146113158687,0.9380762362223913,0.9443773326677066,0.9781505297508325,-0.507441713036755,-0.08568202307996187,-0.3598349037570221,0.7895547395703589,0.9993588230274422,-0.8794093802035845,0.8794093802035846,-0.5305930307997325,-0.5463175265912811,-0.9011812171683258,-0.125192101827667,-0.5412706262104334,0.8551424904342144,-0.9999955642189857,-0.8127597239576371,-1.0,0.06308196000555201,0.08169400822582257,0.5861598321437995,0.5824159875313912,0.8762980921584177,-0.9988097843941957,0.8808234492748587,0.4373927477040759,-0.06308196000555258,-0.08169400822582314,-0.5861598321437994,-0.5824159875313911,-0.8762980921584177,0.9988097843941957,-0.8808234492748587,-0.43739274770407577,0.9998258833764542,0.8455579253124278,-0.7745319649943256,-0.4255311779745655,-0.014328878651386628,0.5280660096584202,0.9250711439614756,0.8553730741517745,-0.7625938830528952,-0.40857065753002575,-0.0329846644531207,0.5438203654589389,0.9319971017864815,-0.3172116440796395,0.12332345654885309,-0.5459447769173362,0.8998862053664229,0.9849669866145448,0.9019958952258358,-0.6213716570877222,0.12814662655529968,-0.4762643469313583,-0.8987534748715038,0.5437727036556685,-0.04995452527070215,-0.8566827377840437,-0.393010104453319,0.8110208396850983
1924,False,None,0.9900831577250108,0.694525207208165,-0.6945252072081649,0.9959317865644145,0.9999999266569484,-0.6057746326953708,-0.8884316478107802,-0.2803913741386489,-0.3062775696907374,0.773903568356649,0.9990600040308378,0.5865649744320549,-0.5865649744320548,0.998714218964035,0.9900292808331443,-0.4879942645150208,-0.9441039477683951,-0.4124579560284703,-0.16950900893762133,0.6772608180368094,0.9830627509109259,-1.0,0.6268681784004574,0.6948007099297786,-0.9931608923570454,-0.286795759919039,0.4958685685543703,-0.8976098333586472,0.993137341587401,0.7250603628792888,-0.6268681784004569,-0.6948007099297779,0.9931608923570454,0.28679575991903844,-0.4958685685543708,0.8976098333586474,-0.9931373415874009,-0.7250603628792884,0.9958972015942487,-0.5316151423998937,-0.9261787778939098,-0.36574633131657525,-0.2192517106552587,0.713687962735034,0.9910894493523957,-0.6060793139479237,-0.8882557839654154,-0.2800237209634494,-0.30664213750319885,0.7741460644203472,0.9990765331382094,0.17298518822414807,-0.5938659583400496,0.9429349766785833,-0.972690357117358,-0.6396949922429886,0.6897047171619097,-0.16484331807627395,-0.39686847450874146,-0.8676990924521876,-0.8278782254889566,0.39090308548295605,-0.2385180234257524,-0.8398976215430686,-0.3472551132151313,0.8006289730668509
1925,False,None,-0.43345068510646745,0.891694763989443,-0.8916947639894431,0.9746551506230983,0.9493039362246605,0.9126778878889462,-0.985848697104103,-0.4787794471915025,-0.23568859918291624,0.7471756636396542,0.9977375001954647,0.021400670770234775,-0.02140067077023465,-0.22086020865213923,-0.12818259729135775,-0.027308018986293,0.2762456452807605,0.9987025546854477,-0.7736305030828193,0.2750826002567787,-0.3718838016727808,-1.0,0.9703555526807924,0.9887802595902475,0.9988137214156383,-0.9549551125918864,-0.029538976215236365,-0.6500480933597693,0.9670873633841836,0.9201081309552284,-0.9703555526807925,-0.9887802595902475,-0.9988137214156383,0.9549551125918864,0.029538976215236486,0.6500480933597692,-0.9670873633841836,-0.9201081309552283,0.9955702093526425,0.9809730050143988,-0.9983651451004272,-0.2702396651856603,-0.44712543813766714,0.8769239702273156,0.9874902061143657,0.9948811402410473,-0.9885685411489895,-0.1785197412356701,-0.5292438954465906,0.9182286361334498,0.9682905588072576,-0.9682723631881583,-0.07817714055514137,-0.6122743766545573,0.9535500895148651,0.9380885123024061,0.3248291903754106,0.39526826374038404,-0.8480185272141486,-0.9948884964840556,-0.7403597187129854,0.22576675223562792,-0.4186725733585867,-0.8220039504904854,-0.3004914489058212,0.790168064255645
1926,False,None,-0.23778834885008374,0.9907170968319838,-0.9907170968319838,0.9108866979843493,0.8109456407517415,0.03860859336464441,-0.6700993870063109,-0.6554512952926921,-0.16405068465836622,0.7192171577225764,0.995830244697878,-0.3676216376391473,0.3676216376391474,-0.617418557570402,0.37550502940288555,0.961412115528023,0.8803226382338711,-0.5777162836721469,0.9971668455692395,-0.8458782756616638,-0.32540587777702634,-1.0,0.9585274803681662,0.723876401067727,-0.09758826887332278,-0.764783156300757,-0.5466999636648157,-0.29662591103018743,0.8069897280837977,0.9989872505709638,-0.9585274803681659,-0.7238764010677271,0.09758826887332266,0.7647831563007569,0.5466999636648159,0.29662591103018754,-0.8069897280837977,-0.9989872505709638,0.49722538155856905,-0.3771808175667517,-0.9166877632189974,-0.2853881916680873,-0.5564974230512126,0.9418330626397032,0.9447333950521944,0.6159947082033193,-0.10909523084127058,-0.9734410364687162,0.4441580326001085,0.17671217490452537,0.7541860923389785,0.7158463620716107,-0.7799804010490361,0.979382656522298,-0.6664993605964497,-0.052710052911714295,-0.12137363498454617,0.8421452911873316,-0.9976662603718455,-0.7350194446812252,-0.6374781879459648,0.053316094090197066,-0.583821178144597,-0.8033604016355808,-0.25335637470390393,0.779600460402689
1927,False,None,0.8877487398377633,0.9806575665641065,-0.9806575665641065,0.9230554638222295,0.701788424526779,0.8027592976451743,-0.10417208197848957,-0.8021109305141801,-0.09170168341825155,0.6900400609599531,0.9933215770204025,0.7804768612032043,-0.7804768612032043,0.9965143900341125,0.9509429895783182,0.9871438148179594,-0.5503024544293095,-0.4371763663023502,-0.5397968052996258,0.9457545737706781,0.9349320634056413,-1.0,0.829909980500314,0.5487780099342616,0.6705167853228312,0.09250923011222428,-0.9034819974157047,0.10497862929057006,0.535028342572773,0.9515250987865272,-0.8299099805003136,-0.5487780099342614,-0.6705167853228311,-0.09250923011222462,0.9034819974157048,-0.10497862929056952,-0.5350283425727731,-0.9515250987865272,0.9218207241102245,0.970369450159324,-0.4787306305010687,-0.5106794072759866,-0.4676918379991296,0.9153560503942032,0.9612732742228584,0.9881648991762302,-0.7816163117442794,-0.13749334995920579,-0.7737389953968078,0.9998661704286771,0.7792956905645718,-0.6766839964814044,-0.28780460468543423,-0.6674050728163954,0.9855231448673419,0.8661988204337042,-0.5103684392569868,0.9999214915258429,-0.791716254627819,-0.21822733538787228,-0.5211039569516361,-0.1212705785861879,-0.7278528115231235,-0.7839994180469579,-0.20598181631291784,0.7689394595345505
1928,False,None,-0.9503470184451984,0.8536419374429898,-0.8536419374429898,0.9986261875567433,0.9999997508482663,0.4115244458627683,0.43380267470802947,-0.9043058126738183,-0.03541748889581043,0.6716833361435293,0.9923169141481588,-0.9733436957353937,0.9733436957353937,-0.9653478209955171,-0.9505664540868731,-0.6747111437597326,-0.6926496506570906,0.9922476578334898,-0.27733798873599896,-0.407789181062385,-0.9045440966272329,-1.0,0.879762161073009,0.8540094032070477,0.8260059287384486,0.8396113936319546,-0.9943009295702941,0.49029965136070736,0.18750377357671785,0.7826414381130699,-0.8797621610730091,-0.8540094032070474,-0.8260059287384487,-0.8396113936319547,0.9943009295702941,-0.4902996513607069,-0.18750377357671774,-0.7826414381130699,0.9986629280749364,0.4587161860432371,0.4804193320394959,-0.9254321604541221,0.016998078223367272,0.6319407973078918,0.9844706487321946,0.41216770523733415,0.43443859358881987,-0.9046069282452508,-0.03471201686603302,0.6711602064741268,0.9922293307730737,0.9996978556893665,-0.7612065989206882,0.8962517515261708,-0.3987850342950148,0.2956025638139553,-0.7769172431949631,0.8850784117384307,-0.3761232010123696,0.318995200511082,-0.3945891599625409,-0.2911541877074723,-0.8445428445481501,-0.7641629117135863,-0.15878978537092894,0.7581807664600942
1929,False,None,0.2852720732279984,0.6363099242982355,-0.6363099242982354,0.9321271290341476,0.6991317693218664,0.6544892040214102,0.8197639623442445,-0.9750398787181683,0.0374114057216525,0.6404981517431914,0.9889287579422874,0.9208992720350199,-0.9208992720350199,0.6129932606087402,0.8847252158696797,-0.5379465036956411,0.7827595901380389,-0.49095535595227435,0.9684480458471127,-0.5533321218807776,0.13988883705133762,-1.0,0.8724819001878493,0.9964339328620953,-0.16680080694123345,0.9634251060838297,-0.7917087871167445,0.7946987283033347,-0.18487453479292992,0.5147913318550235,-0.8724819001878491,-0.9964339328620953,0.1668008069412336,-0.9634251060838296,0.7917087871167446,-0.7946987283033348,0.18487453479293003,-0.5147913318550235,0.9106009152751101,0.3362701088242329,0.9715173294952484,-0.9892650459064138,0.39674988849397175,0.3189235217983568,0.868070283292829,-0.08301140861834053,0.9826005282134852,-0.8404310785992809,0.740647815841815,-0.10129309287713102,0.5852929539260837,0.10352344359807088,-0.47028269933819145,-0.7310566968778416,0.9998314586301048,0.7594374370489635,-0.926459364919208,0.6029691346467926,0.08524559892000703,0.7257043598229294,-0.2583519865128775,-0.4540012942897405,-0.9312977341279342,-0.7434601632302518,-0.11128998052249549,0.7473654102175579
1930,False,None,0.36988200555975403,0.3488714738356339,-0.34887147383563377,0.9636036076805135,0.812459700761374,0.6672182632555245,0.9905847699791819,-0.9999804607427394,0.1097895635997179,0.6082532824660709,0.984902058382194,-0.7416639789829707,0.7416639789829708,0.1080442226983868,0.8421832508762713,-0.44524366111979713,0.23920791164372196,-0.36406687441832597,-0.8828531376780943,0.9624316856580714,0.5251326856492237,-1.0,0.5867124566858575,-0.2629426978226276,0.9308364163553264,0.47388611746419884,-0.35472314519309084,0.9698076931754023,-0.5316703646691857,0.18136829690105635,-0.5867124566858574,0.2629426978226277,-0.9308364163553263,-0.47388611746419895,0.3547231451930905,-0.9698076931754023,0.5316703646691858,-0.18136829690105624,0.6270280617850719,0.842061796835461,0.9911294400196137,-0.9652559586268089,0.37151269854565433,0.37391964717327203,0.902776120694121,0.10782032576170165,0.7249946967923125,-0.8087992383823525,-0.49029333260286245,0.95694722109932,0.9011208194548848,0.7629084470570676,-0.6718615468887881,0.81361306268459,-0.18539150492276477,0.5281996774260934,-0.991421215527002,0.2448290278074538,0.493862431790662,0.9519297499438125,-0.11600087916506086,-0.6032795113502154,-0.9838006445671935,-0.7221648416560936,-0.0639340359860579,0.7364767392015257
1931,False,None,-0.9529776360535939,0.02302784265897069,-0.02302784265897057,0.9993580838081895,0.9477229160243692,0.4565616650909436,0.9519283668440419,-0.9776186952324462,0.18146667786431064,0.5749239569579454,0.980208626600316,0.2810152547473208,-0.2810152547473205,-0.963222291397728,-0.806460157018189,-0.7047058134298364,-0.9999940700265358,0.9954038403865906,0.12507559210519553,-0.7958395940201847,-0.9941090329976815,-1.0,-0.012802295672976903,0.3408338580869865,-0.8789422151758294,-0.2843186359271924,0.18781637776607332,0.9873151070402345,-0.8047506193529875,-0.17534270489551756,0.012802295672977027,-0.3408338580869866,0.8789422151758294,0.2843186359271923,-0.18781637776607346,-0.9873151070402345,0.8047506193529875,0.17534270489551768,0.9356830441689102,0.48814167056341784,0.9622912044328135,-0.9845281446005503,0.14612013190420567,0.6038670466423665,0.9866715645619851,0.1487982375499522,0.8044190824506974,-0.8593790750951624,0.4857766938980154,0.28378333706650777,0.8657959120561624,0.707145025142347,-0.6335206809266988,-0.7920695729229965,0.9904401367759469,0.6236555523424038,-0.9950681353667603,-0.12849162907527123,0.7979201349429142,0.9937298805163834,0.029486403383819006,-0.7341945420363266,-0.9999195511462586,-0.700292694819399,-0.016805255707880957,0.7255236152024863
1932,False,None,0.8825166009697478,-0.3219463384334803,0.3219463384334802,0.9446021659599267,0.9979900113542522,0.8391973461110285,0.7398130485963607,-0.9159068577391021,0.23643424920415024,0.554094846397568,0.9782978125118789,0.16111950368178954,-0.16111950368178946,0.6792725435044349,0.9105451442429553,0.9963572314451064,0.33648619958164433,-0.6195364104934928,0.6656047410972583,0.09751061220879058,0.7659200273166276,-1.0,-0.6148537554744414,-0.2613018335715551,0.24469601270171884,-0.8751706588343976,0.6748928405195199,0.8437958142633425,-0.9665207900566307,-0.5111311804818462,0.6148537554744411,0.2613018335715548,-0.24469601270171876,0.8751706588343975,-0.6748928405195199,-0.8437958142633423,0.9665207900566307,0.511131180481846,0.9219039143403758,0.6142140727149733,0.9196578643890926,-0.996911121152857,-0.09557543703434582,0.796625039116186,0.9921101328684301,0.8719736602479551,0.6956889476470114,-0.8886291849968501,0.2975337030534836,0.500227356553,0.9632006491626977,0.2549555412379089,-0.5503394103010393,0.7268231417408364,0.012284205288658895,0.708301937846411,-0.9476606351229158,-0.4788194294326062,0.9700117425525009,0.8631667526129095,0.1734586781822756,-0.8416385188309243,-0.9791993643518876,-0.6778443969878367,0.029974114419544107,0.7145572639639434
1933,False,None,-0.13112889331325758,-0.6139829874859617,0.6139829874859616,0.9000166067310513,0.9459731437265287,0.20884949445438414,0.37658204695026776,-0.8066032017819154,0.306101839488814,0.5191439615514658,0.9726286848062545,-0.701992835370938,0.701992835370938,0.31407395224682116,0.19740082603556136,0.9421173328236541,0.8690034666088705,-0.48022040587372516,-0.9839173712328559,0.779232098806581,0.10281877101420692,-1.0,-0.8966241070033925,-0.8367442291215319,-0.9001430640340794,-0.9624271251016018,0.9618019588867087,0.5634896432821662,-0.9933663210009915,-0.780587547135515,0.8966241070033925,0.8367442291215318,0.9001430640340795,0.9624271251016018,-0.9618019588867086,-0.5634896432821659,0.9933663210009916,0.7805875471355148,0.9927155333887319,0.6142120400246942,0.742699435567655,-0.9835875986655229,-0.13943726141447568,0.8397582235716695,0.9766595074320537,0.5146606823605492,0.6566116336318715,-0.95468400172142,-0.019116710023442656,0.768224159386266,0.995423764866305,0.9846034452974024,-0.746517048028768,-0.8670758859789275,0.9442620369890918,0.430373739507088,-0.8513312172995843,-0.7666432785862104,0.9872678592715028,0.5815334463289518,0.3158173609265759,-0.9239428195122873,-0.9218747373284154,-0.6547498750852826,0.07651234063722093,0.703533514555563
1934,False,None,-0.5048434852607633,-0.8384587024311669,0.8384587024311668,0.9675076978741555,0.8159934436978293,0.946864621299715,-0.08671386600410462,-0.6583892516504002,0.3741238746215118,0.4833227264768807,0.9662615884506377,0.8937102621626528,-0.8937102621626529,-0.7066955485672493,0.08703971565140499,-0.20038185831069133,-0.8161824759532632,0.9821030455121382,0.6116494342265593,-0.9996936254288635,-0.7101417947625532,-1.0,-0.9490050853095426,-0.3691536250310108,-0.6186284457059904,-0.4702064021052177,0.9622152602440746,0.19170166655700235,-0.8823316576307263,-0.9505331287967533,0.9490050853095426,0.3691536250310109,0.6186284457059906,0.4702064021052178,-0.9622152602440747,-0.1917016665570018,0.8823316576307264,0.9505331287967533,0.6433220536811554,0.834776776769376,0.16799283852376556,-0.82730485185825,0.12748784128712248,0.6889666440590224,0.9999880790410585,0.9585585093331367,-0.6466416950189767,-0.10214762022126778,0.8413642548275795,-0.11167098584055972,0.6395761309802095,-0.40252716752991724,-0.3813199952446342,0.6525196935403239,0.1760706128489253,0.8320784094879656,-0.6927509964704557,-0.9563272710749904,0.830233908362905,0.1728042466187557,0.4516980807289419,-0.9771402775454169,-0.8300379205191438,-0.6310439639292393,0.12264336045031789,0.6924974533777538
1935,False,None,0.990680890509191,-0.9706239200335132,0.9706239200335132,0.9729232870391344,0.7019047200089724,-0.13371599063155687,-0.5715700711067838,-0.4783183029595374,0.4402219805013022,0.44667981969935766,0.9591758932539812,-0.994349353097408,0.9943493530974079,0.9323760461432876,0.7923773229127155,0.0025104006088745765,-0.4544813819191554,-0.593472817655006,0.31382394961549076,0.564377532967734,0.9887569453300741,-1.0,-0.8887327465384934,-0.8526591294137795,-0.10865314139200663,0.35735302606972896,0.6755604117231778,-0.21125631917521287,-0.6488230377899344,-0.9990436953006374,0.8887327465384933,0.8526591294137796,0.10865314139200676,-0.3573530260697291,-0.6755604117231778,0.21125631917521276,0.6488230377899344,0.9990436953006374,0.5182735174740685,-0.35914806927668924,-0.7457468885769705,-0.2623932789204034,0.635829741951762,0.22779614913708623,0.8678391318376694,0.6120185550178862,0.18326843797212722,-0.9612405488022764,-0.3305462562278236,0.9507910442523525,0.8746875440786804,0.8896124996861937,-0.8063413515456341,-0.9486903734946917,0.8269310204433259,0.15201331710260033,-0.4472064034985311,-0.988383433354575,0.47883516423899075,-0.3161754066793295,0.5779477809188713,-0.9993632570726924,-0.707151491524857,-0.6066974940902671,0.168318156772591,0.681473064747475
1936,False,None,-0.7865686485623483,-0.9941843046454686,0.9941843046454686,0.9340247597007469,0.9999491338319674,0.9950738033129943,-0.9244641009262061,-0.29096381347388856,0.49021136021112666,0.42406196782378264,0.9562015395073598,0.8484943254879544,-0.8484943254879544,-0.9552517153202751,-0.7803004331348241,-0.8439111774590875,0.9625892312856303,-0.36192298774196857,-0.9238025833896403,0.22567721125594814,-0.5713694527195904,-1.0,-0.9670612318158784,-0.9930475401555566,-0.9999630095111304,0.9601473339063226,0.1862390455084982,-0.5812251805577963,-0.3240662982939629,-0.9191181324297107,0.9670612318158783,0.9930475401555565,0.9999630095111304,-0.9601473339063226,-0.18623904550849835,0.5812251805577963,0.324066298293963,0.9191181324297107,0.9303744051659784,0.9648360924163999,-0.9996648351517292,0.06998591217561498,0.7692135594316878,0.07258471780201413,0.788557802736163,0.9940232813340389,-0.9205715523762633,-0.30059874456165536,0.48139532954838526,0.4331747192434043,0.9591051992970313,-0.9577078474663726,-0.19468281487197997,0.5742045652916677,0.33219128501536627,0.9224728286053234,-0.09578753266145434,-0.7854983210303158,-0.046740120917068584,-0.7723730625023755,0.6912590758569334,-0.9898367904861977,-0.5582648094186701,-0.5814731345807533,0.21361455627698064,0.6705757758958659
1937,False,None,-0.009740200919610534,-0.9042572327979409,0.9042572327979409,0.9893688491731452,0.6996704931130928,-0.6485927628870461,-0.9661645639212884,-0.07468079764386393,0.5522927933018029,0.38614978429129015,0.9479972829614063,-0.4181602205910218,0.4181602205910211,0.1357843712513635,0.7076168520150691,-0.7547820875791169,0.26732481649325335,0.997887591735821,0.8282312201609224,-0.9261535111369356,-0.3274970040807517,-1.0,-0.9567399328633206,-0.9377504613731884,0.9114905653393752,0.7635297793708005,-0.35826510275878337,-0.8553734905725562,0.04469051991316654,-0.721332295501409,0.9567399328633208,0.9377504613731884,-0.911490565339375,-0.7635297793708008,0.35826510275878265,0.8553734905725561,-0.04469051991316598,0.7213322955014093,0.7961354485398426,-0.7523878460311763,-0.9183834203810168,0.07113495755400084,0.6676573022358454,0.24789660430482643,0.8916324121165409,-0.9976064909903377,-0.49171726680005423,0.6602185722890522,0.9820374302885909,-0.3888713154306492,0.4358867214657973,0.43033036301164146,-0.7105727137380843,-0.992733974946304,0.451645008937665,-0.3726111366467248,0.32936009298603625,-0.3185853163163713,-0.6110048720256929,-0.9980137927901376,0.7900765659665564,-0.9486981541966536,-0.3881868158554467,-0.55572129773073,0.25823919768416004,0.6596604466313307
1938,False,None,0.6322494290521142,-0.7147401415417153,0.7147401415417156,0.9845412158887921,0.807420278168687,0.9923086449578448,-0.6002140188213716,0.14492062909016637,0.6115005711213266,0.34768895743780664,0.939049635221873,0.08996886864595775,-0.08996886864595718,0.7581780652115192,0.9675842443828302,0.7232934358823632,-0.9991725000876045,-0.6749599474657803,-0.22640718843042515,0.946253417367108,0.8600635080473558,-1.0,-0.5811908100055375,-0.16447182025712312,-0.6226664801957402,-0.13040274430287213,-0.7955874407367329,-0.990452228194812,0.4072478631776275,-0.4307390231553013,0.5811908100055382,0.16447182025712367,0.6226664801957408,0.13040274430287135,0.7955874407367327,0.9904522281948119,-0.40724786317762696,0.4307390231553019,0.8982747645773617,0.9986506663280074,-0.7310297650269378,-0.030623685833366575,0.4634587102516318,0.5065393574187534,0.9847474671404945,0.8742423572513944,-0.9565115958239712,-0.46673661840370934,0.026922451333292814,0.8338991200018022,0.9610308429662601,-0.6946083564581182,0.02132445140242928,0.5088505230081428,0.4610799356381586,0.9743832236283945,0.7044123697228021,0.2658369353687628,-0.9586251922960882,-0.8386008313752246,0.871510098850914,-0.8773245495850884,-0.20406472272454687,-0.5292662293097397,0.302214270218677,0.6488302239803322
1939,False,None,-0.9993823027556669,-0.4465099603480519,0.446509960348052,0.919872112289684,0.9509731591445517,-0.9027285031660085,-0.021688984995115363,0.35723338662068077,0.6676240285417891,0.3086211454156177,0.929298295771188,0.477679136005627,-0.4776791360056267,-0.9055202752393201,-0.9612544645236571,0.8870521026753199,-0.013458896342736977,-0.3898365864010685,-0.6933753676329316,-0.2750032519386126,-0.9157449972359649,-1.0,-0.059783377854842355,-0.7013502480339909,0.018133910003583154,-0.884883832820572,-0.9952450955776682,-0.9642622348964895,0.7132976666111667,-0.08447230706683032,0.05978337785484226,0.701350248033991,-0.018133910003583276,0.8848838328205721,0.9952450955776682,0.9642622348964897,-0.7132976666111667,0.08447230706683022,0.7534709518828735,-0.9991313419126306,-0.4120772597023598,-0.03772892751733037,0.32212265547230545,0.6569642899092312,0.9996936342982079,-0.725417839276474,0.2885750295548964,0.6285854265916754,0.8651461606342361,-0.0006858295733309445,0.7695137705893322,0.44968876859571477,0.07933855618056009,-0.2823919759271286,-0.6878110919197207,-0.9977937953747171,0.926047412371178,0.7298433753324557,-0.9576549729661487,-0.38939869660782456,0.9338705614950151,-0.7781714685121368,-0.012983475499511874,-0.5021130357888453,0.34545617740379164,0.638102313703662
1940,False,None,0.6624065891242431,-0.11180834068972732,0.11180834068972678,0.9142058668898011,0.992055001896715,0.9438320384872179,0.4998480721909237,0.5394758161431664,0.7093641864424189,0.28460163511077735,0.924932635905375,-0.8185098071418994,0.8185098071418989,0.30198510851635846,0.7513898223919314,0.37766402727892284,0.9799465396572471,0.9881328407049793,0.9979161418971273,-0.5296423030564849,0.32790837601850625,-1.0,0.3004932426228202,-0.23593610182942748,0.22282547689571938,-0.9165695738438063,-0.897039466804186,-0.7797354703040026,0.920814124927495,0.27433237015677925,-0.3004932426228205,0.23593610182942695,-0.2228254768957197,0.9165695738438062,0.8970394668041859,0.7797354703040026,-0.9208141249274951,-0.27433237015677975,0.8559600557920568,0.9967617937354063,0.10597163045770898,0.15197093927674024,0.3628675600178102,0.6486758077867183,0.9996269853331199,0.8947641335693155,0.6048380535351674,0.6411175465132793,0.7924008860131175,0.16173812618132577,0.8697616979707554,0.185586675802603,0.23095583465356034,0.4366227506836222,0.5853772877948122,0.9985860906091221,0.9989241265213495,0.9650473384023711,-0.6880381714891902,0.1330893078408595,0.9761626822090888,-0.6536451750693874,0.17890802405229428,-0.4738078069810533,0.3881816981004155,0.6276484075940886
1941,False,None,0.15343739067363224,0.21947241567486078,-0.21947241567486067,0.9992893214797192,0.942568574283627,-0.16776254149737704,0.8569179593140668,0.7098039580072296,0.7593146260893568,0.24456228292768267,0.9138711764731136,0.9977410661265079,-0.9977410661265079,0.19057617564167456,0.4746827067955971,-0.9998946783922015,-0.3778657647946601,-0.587147575062778,-0.5265107900765373,0.9956765431544371,0.5414185337486715,-1.0,0.2560915984184962,0.5327368385288039,-0.9986109353884933,-0.314815559777506,-0.5314427213809785,-0.46820957232732546,0.9996673384480734,0.5966748817625934,-0.25609159841849655,-0.5327368385288035,0.9986109353884933,0.3148155597775057,0.5314427213809788,0.46820957232732535,-0.9996673384480735,-0.5966748817625935,0.9544890492390743,-0.20480328308815748,0.8368793894287468,0.6827477552466014,0.7342464955813679,0.28093803057822414,0.9285257103004024,-0.48740658107057544,0.63553615138017,0.4337606014302107,0.498356134534794,0.5543866527495638,0.9969968360050487,0.36438879749034947,0.5753376156431108,0.5141166973452189,-0.9969197794901334,-0.5535635056045712,0.971328353784714,0.9860876930139362,-0.290230554783604,0.5738365736552633,0.9973338116499968,-0.5094179198830907,0.362680259174375,-0.44526380968610463,0.42971915637776875,0.617173803824461
1942,False,None,-0.7466717922723484,0.5265973477594563,-0.5265973477594561,0.9389165209535885,0.8209993472075584,0.850572870233957,0.9973033721568968,0.8458688343779964,0.8052923466197288,0.2040255038751596,0.9019248492189109,-0.9586855083618887,0.9586855083618886,-0.472139777805096,-0.23323920443500457,-0.9848951016985527,-0.6958402996576181,-0.2767786639815351,-0.20691105230850268,-0.8035407727709052,-0.9607338863288304,-1.0,0.20186819739710601,-0.053019244911140524,0.8949484226369968,0.46278800968254413,-0.008011282475898537,-0.07994950751982668,0.9396724464311705,0.8421098829400334,-0.20186819739710526,0.05301924491114129,-0.8949484226369966,-0.4627880096825438,0.00801128247589886,0.07994950751982767,-0.9396724464311708,-0.8421098829400333,0.9673322444516756,0.6176458057783943,0.9616411588145586,0.9777640435888804,0.9601382503141244,-0.14534317054740442,0.6981983329458926,0.3980925786155732,0.8606854854580093,0.9989861971456605,0.9996357702263133,-0.3914151579317971,0.49389941561876866,0.8096869197040671,0.43898560735185455,0.37319069727636117,0.6883346515146349,0.9942668522148989,0.8827330101491103,0.8466316468185504,0.13162976135298526,0.8677963844611616,0.997407424625657,-0.34959257073559846,0.5325422976980482,-0.41610690306069836,0.47025334972199484,0.6068240534831227
1943,False,None,0.9802696653765886,0.7757511249317347,-0.7757511249317346,0.9525868364748904,0.7025014893285162,0.2874924332731353,0.931362767634544,0.9413922260885261,0.8470141895673754,0.16305038012069456,0.8890707184877188,0.6357110862733616,-0.6357110862733616,0.993934834132415,0.5479663477714407,0.47114010270511036,0.8410183755602437,0.9894933383463359,0.9353750626997036,-0.03518628247607727,0.7810440535606574,-1.0,0.5469660647524626,0.994065574966054,-0.381375769845372,0.9522623142316399,0.51742785064756,0.32163064393543533,0.7490807692168092,0.9785682435984318,-0.5469660647524627,-0.9940655749660539,0.38137576984537214,-0.95226231423164,-0.5174278506475599,-0.3216306439354353,-0.7490807692168092,-0.9785682435984318,0.45265234450839625,0.5652831009014466,0.776422613140392,0.9993912862866804,0.9685937845556849,-0.14487543226255417,0.7076328633134774,-0.479673255044667,0.9134019547504854,0.4212691078028897,0.21671958454095755,0.8167014936325819,0.9503602082162335,-0.08096188664695934,0.5937166436629692,0.752639099585642,-0.8980898627842167,-0.1828430573565792,0.7539641812984716,0.5953366936682709,0.5110792374053935,0.9947179720741745,0.9766786252522259,-0.1793055327952307,0.6825521148665981,-0.3863506851466512,0.5097186539587664,0.5966071991231962
1944,False,None,-0.5203625013622174,0.9453848291368581,-0.945384829136858,0.9999998417276216,0.9997826043841804,0.7186722970287039,0.6976962291993631,0.9901592644450234,0.8767589337215416,0.13803346987845638,0.8830025872188132,-0.2135938882827663,0.21359388828276618,-0.520842868435342,-0.5024441740887323,0.21981995223761253,0.248706223302905,-0.6347472359655285,-0.8669205623441932,0.7739436915364531,-0.058666655769054735,-1.0,0.9452012889574234,0.9519756637935616,0.9060752663485488,0.8931044957978042,0.8904655567231082,0.6721123837421813,0.4533308760767708,0.9877707564299593,-0.9452012889574233,-0.9519756637935616,-0.9060752663485488,-0.8931044957978042,-0.8904655567231079,-0.6721123837421812,-0.45333087607677086,-0.9877707564299594,0.9997707151652794,0.7182809639271109,0.6972930591272842,0.990237844073587,0.8770293773360748,0.13747621062315937,0.8827383701265824,0.7330144439597868,0.7124817311584165,0.9870260807704893,0.8665406897270409,0.15865438668608736,0.8925971932735276,0.9995585604783938,0.6142893579103145,0.2956881201257873,0.7878935747792574,0.9609641151596735,0.5905745933269902,0.2671760870850156,0.8058415257122526,0.9523199513463556,0.9354347934888645,-0.001930365670172842,0.8086274239055146,-0.3553043613140986,0.548447145128423,0.5867590339617881
1945,False,None,-0.28543976172738295,0.999999255707405,-0.999999255707405,0.9566982379744937,0.7006062637200617,0.5784487806990342,0.31800921285957817,0.9970260811735101,0.9102565595967741,0.09645175813946977,0.8686746116096029,-0.2842702328412264,0.2842702328412267,-0.5520513209678307,0.48388120639345766,0.6166697950742411,-0.9994164773858648,-0.35844959590654724,0.1369956180443253,-0.9814594481938075,-0.7227277818866139,-1.0,0.9563423843678474,0.7014763249151265,0.5794435887097282,0.3168522375278015,0.9969313141273898,0.9107610479372008,0.0952372990900036,0.8680695601906365,-0.9563423843678476,-0.7014763249151263,-0.579443588709728,-0.3168522375278016,-0.9969313141273898,-0.9107610479372006,-0.09523729909000392,-0.8680695601906365,0.4625680811593529,0.31596024600232353,0.5802096890800813,0.9762852571899772,0.7503200708763459,0.3819996777687387,0.9752563626967728,0.9873193562676604,-0.4537068569897527,0.6435332308689881,0.9331722327738531,-0.6426465712146466,0.2551192114596807,-0.5894207678870013,0.5138652687627934,0.8642807865127403,-0.7561231470220495,0.0983905055815418,0.39012772419527625,-0.10308066286577189,0.9743398640997645,0.7459131183648975,0.8756412331187188,0.17287048114702758,0.9042678759517124,-0.32431841599763467,0.585606025636495,0.5768586527266071
1946,False,None,0.848992044086269,0.9445470628298541,-0.9445470628298541,0.9018565238324524,0.8023664782875979,0.5393002464101877,-0.15354293227512042,0.9571111411883205,0.9387285400124243,0.054773602368225545,0.8534489437532813,0.6283971754782144,-0.6283971754782143,0.9939590877772765,0.9965719672310087,0.9028391630264913,0.39178305560056387,0.9656699565836674,0.6148541480137056,0.574114739112248,0.9999639375640498,-1.0,0.7099757571541554,0.561887661777976,0.23286451960051696,-0.46951070905278997,0.808899069463351,0.9998505314978521,-0.2761468706046674,0.6349808138494695,-0.7099757571541553,-0.5618876617779762,-0.23286451960051704,0.4695107090527901,-0.8088990694633511,-0.9998505314978521,0.2761468706046673,-0.6349808138494694,0.9814720038308646,0.8501945312032545,0.28843887506963645,0.988346733953192,0.6976941680670729,0.4807850171944725,0.9948553120460503,0.9353164749811134,0.4665567184160377,0.9408685677967041,0.547501859200047,0.6398842018780287,0.9958334358060142,0.7493220151753004,0.7601482644608465,0.21601585775317514,0.8703887937044738,0.8991549869766072,0.1393278402712397,-0.48470558435209854,0.9782484788180569,0.38395528256097594,0.7986130522837157,0.341710505344315,0.9678412621109368,-0.2927224632763501,0.6215295543556049,0.5671405407278379
1947,False,None,-0.9322711260813442,0.7850720875441402,-0.7850720875441402,0.9493270893641199,0.9541448570077116,0.781971913441985,-0.6320186631880891,0.872708532485873,0.9620040734173215,0.012999345027943723,0.8372704231019985,-0.955975990704452,0.9559759907044522,-0.7713326485965246,-0.9978129492540103,-0.9545000034944126,0.8695600757787887,-0.6369745322847727,-0.9956218908349974,0.34961086437214767,-0.5827564534126356,-1.0,0.5506177141049463,0.9344882748823172,0.9999875532996821,-0.9761896161867641,0.382720138554392,0.924361686376823,-0.6091466457963542,0.31863410760701855,-0.5506177141049465,-0.9344882748823172,-0.9999875532996821,0.9761896161867641,-0.38272013855439213,-0.9243616863768231,0.6091466457963542,-0.31863410760701844,0.8117143947480217,0.5464459940121554,-0.35643256363311826,0.9819351913335391,0.8274443822156197,0.3266038728787479,0.9666937064391946,0.9327004784890398,-0.8350159232260063,0.6865375564759733,0.9996230036348593,-0.2869167205633638,0.6351985585311736,-0.9772597424443904,0.37810592651312824,0.9224466716943254,-0.6130958766655211,0.31390088253908355,-0.17320374023992027,-0.8195939392128395,0.7666718575505911,-0.10543464699429521,0.706242083775944,0.49954494165410473,0.9976581671182261,-0.26050660133258297,0.6561649643795092,0.5576267918176276
1948,False,None,0.3612072048318571,0.5244014292889086,-0.5244014292889081,0.982951733564956,0.9824826191444729,0.31544898652150943,-0.9538695644098526,0.7576999018170206,0.976698531688719,-0.012434336460876895,0.8291702666164169,0.9834021547242507,-0.9834021547242507,0.5264995712396316,0.5286524428392086,-0.7709327836335538,-0.6244966309244873,-0.33485635359102506,0.5529167646202288,-0.9369048611351577,-0.22175355198160673,-1.0,0.6720160002793716,0.6738905518583783,-0.6425753052139136,-0.7558403779392202,-0.15833384322440613,0.6949213433469511,-0.8579259198596226,-0.04115100848700792,-0.6720160002793715,-0.673890551858378,0.6425753052139136,0.7558403779392202,0.1583338432244065,-0.694921343346951,0.857925919859623,0.04115100848700827,0.999996788767459,0.13559496674929106,-0.9928075725845017,0.6247923519923136,0.9995076027352656,-0.19607191787998995,0.7122552104205285,0.13308368056039832,-0.9931077882049864,0.6228116212742066,0.9995839118940697,-0.19855635336808417,0.7104740765561309,-0.01600438584250467,0.8582985452086354,0.10444041952246358,0.9449467751782622,0.7920161218235,-0.5268214848205718,-0.9960752720271142,0.31205886702079244,-0.623097713990845,0.5999853808904783,0.6431311925035735,0.9930648569169329,-0.22674389158870017,0.6898799334826634,0.5486427283625939
1949,False,None,0.41074843794680754,0.21693947493247615,-0.216939474932476,0.9299734328923526,0.939050682503075,0.9122549902628592,-0.9379399131151183,0.6010895081513614,0.9902030070155,-0.05428539048001706,0.8113577112329367,-0.8009279210203455,0.8009279210203455,0.046801934064179866,0.6991534172304835,0.00123425657073003,-0.7014498099528927,0.9755494729320937,0.2794120724611153,0.8881066674487468,0.8662265946181973,-1.0,0.5606196703656546,-0.13187449761120568,0.5977717680866733,0.13506264512164148,-0.6497491988434501,0.35112397129017414,-0.9865222775639285,-0.3946134270306263,-0.5606196703656544,0.13187449761120557,-0.5977717680866732,-0.1350626451216416,0.6497491988434501,-0.35112397129017403,0.9865222775639285,0.3946134270306264,0.746909935548611,0.9989611938175272,-0.7447670561423057,0.26519671356719093,0.9721961427721396,-0.4175686230534053,0.539644921775277,0.7158340672926077,-0.9999948256829299,0.8391951862297115,0.8818471782633778,0.2922950826066207,0.9628618583288487,-0.713584079650494,0.22098385966756354,0.9605154183834268,-0.45854090684196713,0.5007201305141948,-0.8409403054633331,-0.8803257214934311,-0.2953700063397111,-0.9637254283414163,0.4836066954879293,0.7653729052787434,0.9548602492505598,-0.19318291590862668,0.7217850607058874,0.5396431555664065
1950,False,None,-0.9238241160682563,-0.11444335669809694,0.11444335669809705,0.9803664843211972,0.8260242795956555,0.014195654483172358,-0.5247868738374705,0.41718605682106186,0.9979867692615353,-0.09601394833938827,0.7925176177662088,0.4860275299083046,-0.48602752990830433,-0.8302007498074018,-0.5473321597256943,-0.3958929061052412,0.8106776478484973,-0.7333188822669653,-0.897685037068847,-0.2923485713615563,-0.9656075766229005,-1.0,0.08369209243356111,0.4653983385050208,-0.9949542721343035,0.905699230818594,-0.9505941149096961,-0.051207196058043546,-0.9778519597118646,-0.6965405498632448,-0.08369209243356121,-0.4653983385050207,0.9949542721343035,-0.9056992308185937,0.9505941149096961,0.05120719605804345,0.9778519597118646,0.6965405498632449,0.9209462691485454,-0.18324725454626137,-0.3466337479670332,0.22979018659760048,0.9908986789214158,-0.2904019316996928,0.6567052007235477,-0.5518517864317447,0.04629798681123769,-0.16763714711446598,0.8601083906647157,-0.6403403899547847,0.31090682598727565,-0.8585975759233926,0.9146517544363431,-0.049248993561408536,0.9939167099215553,0.6210378744604745,-0.9925528751641213,-0.46974302463503065,-0.7969140869848664,-0.935026852808184,0.3587064954730508,0.8645666568572375,0.8848709566013692,-0.15895009719960795,0.7522439722042802,0.5309387636122535
1951,False,None,0.8587090482316233,-0.43317740057321535,0.4331774005732154,0.992419802028101,0.7036989126353407,0.9831674946980219,0.06155554533105685,0.214306426853869,0.9999059319827,-0.13764098276062953,0.772564248083377,0.08991438811768185,-0.0899143881176822,0.7892211797478973,0.2401682231452369,0.9378852410507704,0.5643499318275083,-0.3165302357808712,0.8515993501877099,-0.6257794587414401,0.3380261215827079,-1.0,-0.5406592640346091,-0.9452047556943023,-0.2612109548775734,0.8729350222637626,-0.9732008088065511,-0.445498954006758,-0.833107229727132,-0.9069312402042824,0.5406592640346088,0.9452047556943023,0.2612109548775735,-0.8729350222637625,0.9732008088065511,0.4454989540067575,0.8331072297271319,0.9069312402042824,0.7856807179453482,0.9532613527543686,-0.06157201430839273,0.33272068663128357,0.9940120546555037,-0.014873313887980018,0.8447379596998046,0.5620412147564443,-0.6658343871384685,0.8447981268663579,0.7133778737365258,0.6068781033201915,0.9947739970070382,0.2428794709250041,0.03223749532371952,0.9805690170601765,-0.3162917067624207,0.6435529916224823,-0.9617224485280955,0.047859818623611855,-0.9970764596739097,-0.5861769276302973,0.2276835441565923,0.9379724501363244,0.7857502683450754,-0.12404263457351691,0.7812003308359214,0.52255688621286
1952,False,None,-0.19177960986366008,-0.7165953794867294,0.7165953794867292,0.9264596579357605,0.9995012692872292,-0.4133454549635561,0.563204437436525,0.017659489262333655,0.9971263991693301,-0.16266769023068084,0.762088966423663,-0.5471139491825615,0.5471139491825616,0.19173138611912097,-0.16069145164489473,0.9729434541324907,-0.9189906254906173,0.977898240686735,-0.11687887125298721,0.9995625040925296,0.4893008267335312,-1.0,-0.926427481828177,-0.7382637731251248,-0.3389142092137803,0.17275782583366164,-0.7100350538324052,-0.7673750292215075,-0.5716322786093627,-0.9977143270869895,0.926427481828177,0.7382637731251245,0.3389142092137804,-0.17275782583366198,0.7100350538324051,0.7673750292215075,0.5716322786093629,0.9977143270869895,0.9378836301940119,-0.040213118728309065,0.2107651422620388,0.39269618748598745,0.9523114242839779,0.2206757999360629,0.9497494309007786,-0.3843845776810899,0.5368295357061159,0.049224432183459635,0.9990213699644485,-0.13142848733811385,0.7821552070451652,-0.9852215471732709,0.9031328230576385,-0.343176364332693,0.9656842200459478,0.27456563802157713,-0.8162428318190347,0.4989876469947061,-0.9069269597154737,-0.10580588160201541,0.09335274828959444,0.983654419950777,0.6608294560908012,-0.08745342783672234,0.8089488228003747,0.5148813290133443
1953,False,None,-0.5334239357715771,-0.9053237406428654,0.9053237406428652,0.9054656318311506,0.7019195930527647,0.9992753155759838,0.8900524680354432,-0.19536273795515244,0.9881412818503902,-0.20403507878218302,0.7402095876197361,0.8421717703380454,-0.8421717703380455,-0.8419915200607421,0.22803979230301366,-0.5652334602245993,-0.08918861364646996,-0.7253382781814819,-0.6569759872343784,-0.7192172275676134,-0.9635736092230524,-1.0,-0.9999999441554969,-0.3329534731361323,-0.9208341552240517,-0.612172588195811,-0.23967170019994594,-0.9598027512525049,-0.231069737748665,-0.9557023975822017,0.9999999441554969,0.3329534731361322,0.9208341552240518,0.6121725881958112,0.23967170019994585,0.9598027512525048,0.23106973774866513,0.9557023975822017,0.33326858528022957,0.9209644261999024,0.612436813275399,0.23934722833622546,0.9598964991031338,0.23074457016282846,0.9556039778286131,0.6742998315482001,0.9494330186548816,-0.8356607008154554,0.5842306327319446,-0.8404890907547605,0.040663493448287964,0.872055824491837,-0.15789092931354617,0.9932697706217835,-0.16662426208468317,0.7652662816366671,-0.6209572786121124,0.8095017566553725,-0.6278703985463988,0.3523172315695698,-0.042457273080775744,0.9999608332658965,0.5148108565308053,-0.05129816248397779,0.834673276150216,0.507203097629407
1954,False,None,0.9753168912993271,-0.9944578812092689,0.9944578812092688,0.9919486074764196,0.79733802200504,-0.9888512147229582,0.9999529028275149,-0.39968625455272744,0.9729942689534533,-0.24502530098792338,0.7172099201217595,-0.993126568077306,0.993126568077306,0.995427819301635,0.9109232328198731,-0.9315631843771283,0.9731279396213565,-0.1874150223648061,0.9999471076667525,-0.02489854328478497,0.8533798346001586,-1.0,-0.9997656120691852,-0.8563719644400459,0.9677154440132782,-0.9933906751252887,0.30109826477714585,-0.9918702239515218,0.14173649368411448,-0.7864996485380222,0.9997656120691852,0.856371964440046,-0.9677154440132781,0.9933906751252887,-0.30109826477714574,0.9918702239515218,-0.14173649368411437,0.7864996485380222,0.8673504040009421,-0.962031852216065,0.9906728046494427,-0.28038243468011415,0.9943927756595399,-0.1202718776376196,0.7996861192161616,-0.698578423129827,0.7914430232675781,0.23454468419099403,0.9151184078943229,0.38976732167488237,0.9924350420154685,-0.9902498235649698,0.5317260783581531,-0.9277744855613295,0.3866613239781961,-0.6054470341445005,-0.40856377910130676,0.9707081849230227,-0.2544231752433076,0.7104129594593297,-0.1773023205650488,0.9866426575322388,0.352116585175345,-0.01461538357244182,0.8586961773101265,0.4998800871086317
1955,False,None,-0.758877990462401,-0.9741047496866988,0.9741047496866988,0.9498237092942003,0.9572108167821242,0.9669500650942715,0.9072401735765017,-0.5860217072861629,0.9516752739802369,-0.2855954522525371,0.6930666866496712,0.8864685634005541,-0.8864685634005541,-0.9244966518613762,-0.9148674793436298,-0.5677550075378095,-0.4145676284482554,0.9724099092208213,-0.5222078284344279,0.8408412581413528,-0.056496582633690395,-1.0,-0.9959477623797333,-0.9978542109918146,-0.8842635961899895,-0.7886475549219594,0.7540520259831807,-0.8575955741501328,0.4948801836359532,-0.5121320884164793,0.9959477623797331,0.9978542109918146,0.8842635961899895,0.7886475549219597,-0.7540520259831807,0.8575955741501328,-0.4948801836359531,0.5121320884164794,0.9996990704933314,0.8386824226069668,0.7301564875363236,-0.8100661459907266,0.8078653207211809,-0.5710236330531594,0.4328122251452876,0.8517901139533386,0.7466982816258877,-0.7954389213893951,0.8220799573817421,-0.5507134977332805,0.45479625789176525,0.9844978766126188,-0.360056105397653,0.998524034830225,-0.03180997480100473,0.85395897777395,-0.19084170353614544,0.9925708595741816,0.14399088166100923,0.9319866720298383,-0.30885570180635596,0.9439119035552734,0.17796830420029897,0.02252110854127578,0.8809590896530017,0.4929125952977893
1956,False,None,0.02859707914149912,-0.8370907439079637,0.8370907439079636,0.9462412269808609,0.9698185291660012,-0.43096775197144815,0.6523347520539838,-0.7341699379778182,0.9299869457623932,-0.3100630731515041,0.679585614178827,-0.5707786725958707,0.5707786725958706,0.35038925246359776,0.2714621065968245,0.8896738599828821,-0.7389661333207173,-0.6996831915381773,-0.3408472988129378,-0.95919406275768,-0.7138620158472118,-1.0,-0.9690441020239126,-0.9452155678146474,-0.1328936192049314,-0.13142658296105636,0.9860046248138604,-0.5773867927479088,0.7796534777290587,-0.1675507081546257,0.9690441020239126,0.9452155678146476,0.1328936192049317,0.1314265829610565,-0.9860046248138604,0.5773867927479088,-0.7796534777290586,0.16755070815462558,0.9965512718931847,-0.11591808785741917,0.37210431190371607,-0.9143213540502715,0.7610898392257303,-0.6009147740115804,0.4057615713548546,-0.19793822545841866,0.44784164824859235,-0.8775623707680951,0.8122892713999437,-0.5325159490722446,0.48020353510776886,-0.965067396233896,-0.2962729509970066,-0.7324978883633715,-0.7242678616825833,-0.9548527332345037,0.035684619169462924,0.8852725833690728,0.5183121833851861,0.9993326046231946,-0.4331857054456419,0.8731425900594105,-0.000844623468514748,0.06112150140031471,0.9016702475343239,0.48672723780260707
1957,True,Asian Flu,0.6456613391125997,-0.6120211591706612,0.6120211591706619,0.9982980344177119,0.9354511259779847,0.8918478467358195,0.2565833208067774,-0.8626151550303074,0.8975213542659515,-0.3499824994326683,0.6533610121577867,0.20874697047969917,-0.20874697047969862,0.6000291311752063,0.8738921207144835,0.9212458776557481,0.9037253015525447,-0.17066990888035943,0.9162308232882675,0.4893592672038497,0.999948726465066,-1.0,-0.6571001157948786,-0.29298819633949946,-0.18810410638482297,0.6073312696709826,0.9279943414976594,-0.20056394574930156,0.9550222986020478,0.19883293267678462,0.6571001157948789,0.2929881963394998,0.18810410638482353,-0.6073312696709822,-0.9279943414976596,0.2005639457493021,-0.9550222986020477,-0.19883293267678406,0.9132460320343379,0.8639504739336925,0.19978061227268,-0.8906479974116234,0.8702770858412997,-0.40401695582746444,0.608099282631886,0.9941608043307987,0.5816442613834667,-0.6281347686199144,0.9954512348285379,0.0037106520584007643,0.878769968910744,0.6660255611330944,-0.5405026874498089,0.9999193294995949,0.11159697713745827,0.9251376258178217,0.26759293721634775,0.6564972286982375,0.8155959491415297,0.8993437129809831,-0.5511456055540944,0.7757684175294665,-0.1806390087054051,0.09896556385630716,0.9202410045224891,0.48050310202114793
1958,False,None,-0.9985063807435958,-0.319510403678012,0.3195104036780115,0.9684406423793426,0.8310272251108883,0.13599187434291582,-0.222327748017836,-0.9511613040127962,0.8590659585924433,-0.38927120393297376,0.6259665222027864,0.2672617807622234,-0.2672617807622227,-0.9806116788706641,-0.7993961414531681,-0.08166109487387697,0.1687278629700941,0.9328750489352149,-0.8857486943515767,0.33836400992523247,-0.6676388415325301,-1.0,-0.07324725481671532,-0.7925974580867464,-0.9822304976649383,0.9949026810985798,0.5964193358691717,0.2105538502127498,0.997216660724044,0.538969538839768,0.07324725481671478,0.792597458086746,0.9822304976649384,-0.9949026810985798,-0.5964193358691712,-0.21055385021275014,-0.9972166607240439,-0.5389695388397684,0.6661629472442683,-0.11522875268013781,0.02769498509220949,-0.8442029676932952,0.95953379933035,-0.14740134823369963,0.8005845724689445,0.6640772729867123,-0.7270707776595152,-0.9621465100381028,0.4291916930201406,-0.8358529248392564,0.0864179367598654,-0.9961492166543224,-0.4351767284928974,-0.3902836637468078,-0.965503631787376,-0.6874787263761508,0.5124378498723496,0.30805974067120656,0.9846150948365306,0.6211621072590294,-0.65910051712134,0.654605188390256,-0.3546599016694929,0.13708099183944425,0.93692433903501,0.47466711280296864
1959,False,None,0.6322966687064915,0.008085641956995833,-0.008085641956995711,0.9069301248831984,0.7054503450307406,0.7723546571197936,-0.6915429486020915,-0.9953444857366194,0.8146946442407589,-0.42799915328058036,0.5972700690529015,-0.7695885036934347,0.7695885036934348,0.24707134162766695,-0.10304064058921329,-0.0037423433704233005,-0.9968725302612145,-0.7040221345279988,0.0658724944645407,-0.9708039523885799,-0.24370979589454417,-1.0,0.4286004211237714,0.7144401961434832,0.6414157522550532,0.7167201633808657,0.08833014879195554,0.5864585665818483,0.9002889431088963,0.8068432826695312,-0.4286004211237715,-0.7144401961434831,-0.6414157522550533,-0.7167201633808659,-0.08833014879195589,-0.586458566581848,-0.9002889431088964,-0.8068432826695311,0.9383810724857603,0.9680658808358392,-0.322874918407013,-0.8621042811738663,0.9831678826353701,-0.007420275247882019,0.8795665755021921,0.9950557949509338,0.024112714903229606,-0.6338549647370226,0.9857292123122701,0.33862975836682413,0.9897978561285613,-0.07529512197800856,-0.7075383642047661,0.9975745436748257,0.24350571497147724,0.970753456526617,0.757943079067466,-0.1445211535845272,0.948811409466106,0.16630407166888164,-0.7550112518170313,0.5131140037642237,-0.5171877948170506,0.1754040396363215,0.9516879668482022,0.4692361042952101
1960,False,None,0.13752561580613676,0.3513394620256325,-0.3513394620256326,0.9369827291313818,0.9991034666788342,0.47593829889526784,-0.9769220894170326,-0.9946654653303496,0.7747331510516944,-0.45101296169140515,0.5806986634313334,0.9756702845882199,-0.97567028458822,0.4749151119940684,0.17933518578297009,-0.8056683437876713,0.07721459743894976,-0.23896518184280438,0.7328261227849708,0.822011051735489,0.8862439379009068,-1.0,0.6563013384340861,0.39066065727224664,-0.656194366847218,-0.14325246715719286,-0.446042354734105,0.8641731115314546,0.6771591051800802,0.9662393634707886,-0.6563013384340859,-0.39066065727224614,0.656194366847219,0.14325246715719256,0.4460423547341047,-0.8641731115314544,-0.6771591051800805,-0.9662393634707885,0.9509335562039447,0.13867750748121832,-0.8407338942503811,-0.9680236314067264,0.9468177504770314,-0.1107674829569384,0.8285378504074769,0.4382787641705207,-0.967003634679573,-0.9981407243232844,0.800806583328508,-0.4128237772220155,0.6146438601708225,-0.6528077227643571,-0.38267822475433544,-0.1873589318195781,-0.9996043595838656,-0.43962319406656714,0.9496775281373049,-0.6217996980480424,0.6312426295506632,-0.39340491751704193,-0.8358229659043821,0.35654086437006177,-0.6615799590366195,0.2149136517978793,0.9646441906847952,0.4647123738442666
1961,False,None,-0.7489653646732723,0.6382791600436302,-0.6382791600436298,0.9944186535387558,0.7036095717210579,0.6144988551215314,-0.9008401911482179,-0.9486656273172851,0.7202218744540855,-0.48853579716285456,0.5498507417549663,-0.9881288083523383,0.9881288083523383,-0.6748758088135581,-0.05613789947968391,-0.9829824521277832,0.9623704188900011,0.920088231110874,-0.9991022227861371,-0.21225914702950008,-0.9652720192318545,-1.0,0.5534975653634685,-0.09791391786584029,0.9995346003598009,-0.9091989994603091,-0.8489880154758522,0.9937500434340198,0.3598663885675292,0.9939478361091549,-0.5534975653634686,0.09791391786584039,-0.9995346003598009,0.909198999460309,0.8489880154758523,-0.9937500434340198,-0.3598663885675291,-0.9939478361091549,0.7746537373707054,0.5278334767575765,-0.8500067192568683,-0.9100012383510471,0.6430078502271359,-0.5778678266140695,0.4586564828257976,-0.12822721997898823,-0.3253379355814847,-0.4427452797777413,0.013789836633446073,-0.9637565888979515,-0.2066465499972462,-0.896074551978711,-0.8324734460351432,0.9898822842021314,0.38816061226505344,0.9968363711375053,0.9919096877659316,-0.9499942604269156,0.06127703618067899,-0.8579577480815034,-0.9026675599257689,0.18748827402856696,-0.7858021041670771,0.25346771513737043,0.97547300566577,0.46018176428849256
1962,False,None,0.9944759919071307,0.8550254892609633,-0.8550254892609634,0.9298062248405067,0.79234119598022,0.711923040150842,-0.4458187436833727,-0.8573255846603547,0.6605582124183452,-0.52511156633636,0.5178134849416288,0.7958693145627502,-0.7958693145627502,0.9633020138752767,0.7239278719592848,0.7817023283572699,-0.34940006284417496,-0.7985567671826884,0.5781047386834612,-0.6115389594274159,0.4251568098363228,-1.0,0.6041427491413515,0.9938499245763275,0.24453146010279964,-0.8453847565076029,-0.9999900913199552,0.9541354063480818,-0.007649790572556438,0.8863906785769873,-0.6041427491413512,-0.9938499245763275,-0.24453146010279997,0.8453847565076029,0.9999900913199552,-0.9541354063480818,0.00764979057255656,-0.8863906785769873,0.5121848356143308,0.9204159452031294,-0.0850754363721667,-0.6076841830701369,0.33786888753695926,-0.8014743613429918,0.16660229076664335,0.13565395553906515,-0.8993357568070819,-0.9933471206973319,0.9814188537224416,0.10312940979823665,0.9322029275225,0.3112183790290248,-0.24884554915379412,-0.056970639538490686,-0.9714836016456739,-0.23213339639938346,0.842998491597033,-0.9665252461430337,-0.52767520860442,-0.9966231212739557,-0.9527932351597699,0.012101242849672508,-0.8843210539397135,0.2920676979167285,0.9843289675939995,0.45614372227650324
1963,False,None,-0.4860304603104566,0.9776596618149909,-0.9776596618149908,0.9697832979095165,0.9601726345800812,0.4052838851953959,0.14177063781413174,-0.724794263884914,0.5960699551646965,-0.5606803928832959,0.4845786055274185,-0.2914748966807185,0.2914748966807184,-0.6845580191518125,-0.7108589991382751,0.6019693771722285,-0.9340194974227313,-0.24984359010609536,0.4120081805178962,0.9961598496868821,0.5289586959586732,-1.0,0.8968373746916878,0.8799922427057372,0.5883872927390411,-0.0694676688833199,-0.8534186124614638,0.7515252757906096,-0.3741070471279616,0.657619819575562,-0.8968373746916877,-0.8799922427057372,-0.5883872927390413,0.06946766888332001,0.8534186124614637,-0.7515252757906097,0.3741070471279615,-0.6576198195755621,0.9993258388106944,0.17000427725825273,0.3789905453372124,-0.5348079114725554,0.38216889862707415,-0.7457518149210538,0.25652583986772753,0.1337107705931092,0.41270957116526163,-0.5034255758801007,0.3479847515861322,-0.7697083479047003,0.22086810397243004,-0.8474997746298494,-0.9235932918911187,0.9756111243700517,0.5297448563131582,0.9960782921023164,0.5792519489020609,-0.7103172949315762,-0.8991568086304061,-0.7972133427098954,-0.9852207716758717,-0.16410764668195513,-0.9538906769917738,0.3306493161969583,0.9912061269101229,0.4526256480528159
1964,False,None,-0.2874215094397551,0.9903565233931252,-0.9903565233931252,0.9960982885915878,0.9546678642669899,0.868307338691615,0.6212361893950427,-0.5711830157089096,0.540360909711396,-0.5818048261497838,0.4643717737152041,-0.15195341329078466,0.15195341329078452,-0.37082703712160486,0.010720456456837023,0.22552613079248224,0.5720011144994961,0.9503577436142756,-0.9612397434444421,-0.6117861662453856,-0.9817404927942246,-1.0,0.9742659764861509,0.9867018484545973,0.928654478040918,0.7238102628864377,-0.451956192522625,0.41857587732376894,-0.6888745608990813,0.33719500163255145,-0.9742659764861509,-0.9867018484545973,-0.9286544780409182,-0.723810262886438,0.4519561925226245,-0.4185758773237686,0.6888745608990815,-0.3371950016325511,0.9246731445192863,0.8211447236614444,0.5496569339539207,-0.6413926677585148,0.612509723726371,-0.5077579260299963,0.5407183785206957,0.9765988769537317,0.8263378187243119,-0.30095322920623346,0.2653931288396358,-0.7975363600129328,0.17968950478419574,0.928121964046887,-0.08881251222738187,0.051826037255776995,-0.9086179205507933,-0.03608374004244432,0.2883763235257617,-0.32367509302116754,-0.9987813885411225,-0.4055239423154674,-0.9993126001106829,-0.3352814360005447,-0.9921950167357123,0.3699770874452539,0.9961356956513108,0.4501427533996372
1965,False,None,0.8431733692582858,0.8905322940491245,-0.8905322940491246,0.9378529223620935,0.9317668834512983,0.14245766144571761,0.9180034806957843,-0.3780274045930049,0.46784529563221355,-0.6158644316656475,0.42875921053658245,0.506289106399035,-0.5062891063990348,0.977352038185395,0.9808356957839616,0.6522748091162903,0.5608222420230676,-0.8164883802750857,0.8696480658337192,-0.09569826885910192,0.8472340312409408,-1.0,0.6773160564638366,0.6646065429128994,-0.3234171049955897,0.9979204396758279,0.08451680648081294,0.014568302394939647,-0.9068568860476481,-0.029159386624764222,-0.6773160564638367,-0.6646065429128992,0.32341710499558984,-0.9979204396758279,-0.08451680648081218,-0.014568302394939524,0.9068568860476482,0.029159386624764343,0.9998530936353957,0.47709789852639656,0.7233285672806042,-0.6758153066438818,0.7454814346618777,-0.3041795717344226,0.7156292079550712,0.4920915975188344,0.7113868344252121,-0.688349670447553,0.7567964055719884,-0.2878067487687779,0.727496266418635,-0.2617510143419498,-0.9702050326164395,0.9414444484600504,0.6920821523618035,0.9552847787317646,0.020113967226276567,0.07898887392678038,-0.8778060491320866,0.03533155069247245,-0.9950850438227986,-0.4965754752341494,-0.9984628082091698,0.40818262247123976,0.9990438936934631,0.44770289644467715
1966,False,None,-0.9634698858620936,0.6926376532588796,-0.6926376532588796,0.9010463963704434,0.8360078092546048,0.9624502127113561,0.9986549622908436,-0.16666848364542886,0.39166497941923856,-0.6487970231169213,0.3919273934838214,-0.8605078726631481,0.860507872663148,-0.7519728876793734,-0.9524240644701216,-0.9999928496069654,-0.9482880906273203,-0.10349066963237784,-0.130937162038402,0.8288945866037077,-0.1312199177336763,-1.0,0.3112606648680635,0.9748326124923623,0.8624282231096784,0.6543084517450914,0.5957562162076553,-0.3923787699747663,-0.9982519151014821,-0.3921164107736678,-0.31126066486806375,-0.9748326124923624,-0.8624282231096784,-0.6543084517450913,-0.5957562162076554,0.3923787699747664,0.9982519151014821,0.39211641077366777,0.5152905622187185,0.7494746820112917,0.9223223243015057,-0.5778322654681792,0.751980011852642,-0.2545499283297288,0.752167991993415,0.9535698046564544,0.8064331691511123,0.4017064721665485,-0.17744436438879635,-0.9599523097496783,-0.1771636667756646,0.9470809789093184,0.10725125513277996,0.12718715184549892,-0.8310041224719777,0.12747004689815128,-0.21756759648566765,0.4388443837406249,-0.6084696585446809,0.4391006509473905,-0.9725165478629486,-0.642183919760088,-0.9724501002634428,0.4460556245616065,0.9999999593257606,0.44580033611671155
1967,False,None,0.3208388834123448,0.4185826951862342,-0.4185826951862343,0.9780872970718697,0.7078368341956117,-0.22912623990322184,0.8803231628148565,0.052770731644069264,0.31217813061453287,-0.6807010726886894,0.35372890591129347,0.9944643237084997,-0.9944643237084998,0.1166197325566999,-0.44193097160576694,-0.995449524803365,-0.16685417897009885,0.9627450049843347,-0.7996405545065172,-0.9122289249670441,-0.7724096962874446,-1.0,0.2203319779407598,-0.3452273543823288,-0.9799264301320167,-0.06232873272398137,0.9290021950241448,-0.7321188099281898,-0.9502262437687582,-0.7013983099073936,-0.22033197794075968,0.34522735438232893,0.9799264301320167,0.0623287327239815,-0.9290021950241449,0.7321188099281897,0.9502262437687583,0.7013983099073937,0.8393902996496879,-0.021448945432068073,0.9597953863236335,-0.15629072503361546,0.5031278100035126,-0.5132693306710439,0.5407127067002476,0.5254000605391212,0.9582118822247554,-0.66803868005746,0.8920450155355361,0.035638405068775074,0.9110896955843322,0.26004940592305337,-0.984131596853544,0.8532216376425353,0.8690392350467364,0.8294160867081344,-0.4272581957187528,0.7254845658146979,-0.2517285523771793,0.7551009472773882,-0.932226006729233,-0.7674616765781052,-0.9153781929902131,0.48345051953611373,0.999029079960891,0.44441608781166686
1968,True,Hong Kong Flu,0.4272157633504449,0.08089366978403993,-0.0808936697840398,0.9594291857120248,0.9985888667558565,0.9988046555279261,0.6050664552993081,0.2543407914244162,0.24587591285453814,-0.6993566841379807,0.32987729920177966,-0.8666275189929359,0.866627518992936,0.15495852663338922,0.4746289172651046,0.3825102030235631,0.978355293961828,-0.7657580387521543,0.9814355633852269,0.34748546358018395,0.9944676393410556,-1.0,0.35863743192746017,0.027847298034098758,0.12951683943264067,-0.74461965022887,0.9845197288317364,-0.9462348526889766,-0.7690038808331952,-0.9142450174530092,-0.3586374319274603,-0.027847298034098637,-0.12951683943264056,0.7446196502288699,-0.9845197288317364,0.9462348526889767,0.7690038808331952,0.9142450174530093,0.9431020079123087,0.972064055472088,0.3560371162144156,0.5166996734427287,-0.037393694913926065,-0.8725132102751776,0.05032666934621287,0.994799371834702,0.6464945034813904,0.20262203710154694,0.2970049198325492,-0.6604108835233086,0.3795453756841965,0.5654261134802432,0.3013093873973838,0.1982025017855962,-0.7334588505869007,0.28333904300904567,-0.6160994038589023,0.920504711977961,0.14592698405857826,0.9512058235403039,-0.8748892336501116,-0.8691422337923123,-0.8290780178273048,0.5208752997637662,0.9961524076480881,0.4440607009856811
1969,False,None,-0.9148990552145919,-0.24962529260199132,0.24962529260199162,0.9375536471404415,0.7056314474244526,-0.7939573870210193,0.1937452112905542,0.4593292324708836,0.16211552072242097,-0.7293308778228259,0.28953951212111834,0.61928505840428,-0.6192850584042799,-0.7173496709761011,-0.35954044635420007,0.4809625181249036,-0.5732909786339285,-0.06166222898323123,-0.546662031369046,0.3910801162798987,-0.6512908023225603,-1.0,0.10279184098400791,0.5100037514179971,-0.3905346520040353,-0.9983579441792497,0.7454856247397152,-0.9960012007709322,-0.48044288423531684,-0.9991409710685925,-0.10279184098400782,-0.5100037514179973,0.3905346520040354,0.9983579441792497,-0.7454856247397156,0.9960012007709322,0.4804428842353167,0.9991409710685925,0.9080399737192387,-0.9558555458660923,-0.15960325222496072,0.7396209054054225,-0.19124739985663206,-0.9217659216943114,-0.06148249603620107,-0.991038517512536,-0.5584400892145547,0.9535238910871398,-0.5848119985099375,-0.9994210515942538,-0.4739196275829248,0.44262801600421914,-0.9047300044285838,0.47121819275480487,0.9950094217859285,0.3520494806400825,-0.7824422844513594,0.9994834226794963,0.5298932119460464,0.9951264597993362,-0.8020515238070396,-0.9427201401196312,-0.7172241989619959,0.5568750588217569,0.9914433137672566,0.4436857214643347
1970,False,None,0.9096048224380195,-0.5527271777690146,0.5527271777690155,0.9933720377858353,0.7873456523161141,0.985059434592206,-0.2913333885863906,0.6418316088281246,0.07696182066037587,-0.7579687402791573,0.24814586778125766,-0.15652252859859664,0.1565225285985974,0.9513320655187212,0.46002845717531915,0.8244639853425952,-0.6624501377533565,0.9024179283007483,-0.34423738451028774,-0.9604622529390612,-0.1767649005683515,-1.0,-0.45327419673104036,-0.9489650275881616,-0.6879863718701744,-0.6361844503557914,0.28430241973756465,-0.8734294376388265,-0.12464468126284314,-0.9444538921803577,0.45327419673104064,0.9489650275881619,0.6879863718701754,0.6361844503557907,-0.28430241973756454,0.8734294376388261,0.12464468126284217,0.9444538921803574,0.7112631653388073,0.9587355452571326,-0.399359818249973,0.7257214457520468,-0.038150802439186206,-0.8279215098546248,0.1351528486297337,0.8817546744581416,0.3603884371529116,0.032573945785601424,0.6752788255373374,-0.19463835646803196,0.7926055515517818,-0.12223638316013434,0.5001801789042185,0.24751590723339645,-0.6343101669097888,0.4112667345977688,-0.9205680380254775,0.9313627361341279,0.8448171345165983,0.8544078477384441,-0.7151746455153869,-0.9866946902443312,-0.5835928696399881,0.5920215549155464,0.9849472443997973,0.44380215527936495
1971,False,None,-0.1411883513911565,-0.7950466998335776,0.7950466998335775,0.9791872431523868,0.9630513217783737,-0.73902902753113,-0.7478073591278632,0.7931705169370019,-0.008869461431397352,-0.7851817495532846,0.20581272753327717,-0.4882209448304912,0.4882209448304911,0.06267604551808692,-0.40259174167698486,-0.562582937705125,0.7628468522995496,-0.7148855525298388,0.9911960763013461,0.7239205693621807,0.9397302441208852,-1.0,-0.9016039875116342,-0.6023164589420082,0.9961781031193115,0.19184484160554505,-0.2612199684881124,-0.5994727272860703,0.24864183928064434,-0.7571936009582965,0.9016039875116341,0.6023164589420081,-0.9961781031193117,-0.1918448416055449,0.26121996848811274,0.5994727272860704,-0.24864183928064443,0.7571936009582966,0.8883470779631157,-0.8603758915164189,-0.5974957660119272,0.6530605182238232,0.19426612161835388,-0.6431544885134138,0.40014309757010735,-0.5302905016655773,-0.8989812925002318,0.9278784351628768,-0.277849090883069,-0.9229495988588686,-0.06534399754831013,0.10538882777486164,-0.1759090831046952,-0.6670922949915077,0.16308937235973975,-0.8113527522397225,-0.9974631997518432,0.6705223067673578,0.9983047490081142,0.4957939911637537,-0.6160106556388529,-0.9999153967551568,-0.43271719617751786,0.6262051682933883,0.9767274560394366,0.4444073828455367
1972,False,None,-0.5560167748297407,-0.9550641351891631,0.955064135189163,0.9114499097913245,0.9376867514275771,0.9267762597261252,-0.9922749745071465,0.9002521163269566,-0.07858446244705831,-0.8010586581620157,0.1784917574932619,0.7773901368534778,-0.7773901368534778,-0.8487344115083865,-0.2325527981107036,-0.8275025123012246,0.44860815210899846,-0.1386891984058838,-0.7849063593171671,-0.05212519374963127,-0.9170680425638282,-1.0,-0.9924350377820013,-0.7925576710613627,-0.9964624192455811,0.9109155607600985,-0.7307554901904589,-0.22042939175951096,0.5876420139154378,-0.4621105416814772,0.9924350377820013,0.7925576710613627,0.9964624192455811,-0.9109155607600985,0.7307554901904592,0.22042939175951107,-0.5876420139154377,0.4621105416814773,0.7116966753541012,0.9992418313097013,-0.8533701230285423,0.641419106040839,0.3385129553143874,-0.4838599992818993,0.5674906754923045,0.7385068679293936,-0.9735509690940186,0.9954372423254866,-0.42009474292656473,-0.959139742459565,-0.17453231107415162,-0.8730190052419917,0.6708016797355819,0.30162203480230204,-0.5175650092853831,0.5350039436039488,-0.947308625854559,0.20165169123740204,0.8691297937367111,-0.05504715020339918,-0.5047683874649679,-0.9817604506676733,-0.26768995981851595,0.6596854681917633,0.9668718493160694,0.4459910409685587
1973,False,None,0.9688928068608403,-0.9994749849593082,0.9994749849593082,0.9218725844008278,0.9279942956132855,-0.04608976123586171,-0.8562485803105719,0.9732006309776869,-0.16413615544009005,-0.8260367848091574,0.13432668116340865,-0.9603657680258174,0.9603657680258174,0.9890928158698046,0.991336944932056,-0.2918738054219276,-0.9574527446250454,0.8860169899973677,0.085094014113493,-0.6608569288968988,0.37538602708035856,-1.0,-0.9088338427451904,-0.9154350580392797,0.013700080526043367,0.8390624075629842,-0.9801402949198817,0.1960104781180821,0.8438642198639567,-0.10214988050393332,0.9088338427451904,0.9154350580392797,-0.01370008052604349,-0.8390624075629842,0.9801402949198816,-0.1960104781180822,-0.8438642198639565,0.10214988050393323,0.9998702760189685,-0.4295702451404155,-0.9895171020289664,0.8080599582667239,0.23092522315944286,-0.5431032480200051,0.5078134202845449,-0.41496948083125457,-0.9870626530175104,0.8174436923154987,0.2152237449928858,-0.5565571810453682,0.49387200984498514,0.5554793437793331,0.18485871386239758,-0.9778244118645989,-0.5249454163599366,-0.9960751213890241,-0.7145138020994392,-0.3690168529555264,0.4161489798767793,-0.626899466394277,-0.38657632757552524,-0.9335073924933046,-0.09714678056480544,0.6915547743492082,0.9554498452374006,0.44754943290999355
1974,False,None,-0.8312071383227705,-0.9338276166246505,0.9338276166246504,0.999838992719034,0.8409605944542083,0.8239426002129844,-0.36599609277059303,0.9998983634346907,-0.2484298304316731,-0.8494422791381305,0.08943457913049326,0.9750850650484422,-0.9750850650484422,-0.8410495286216787,-0.9998419288559802,-0.369817684978604,-0.21316957615450882,-0.8390490343253589,0.745030007063888,0.9994338236864374,0.47939628116374267,-1.0,-0.9400962660303561,-0.978875023125133,-0.5667081052227696,0.008874063948582948,-0.9388327765704105,0.5784993047136396,0.9819966601282255,0.2727733472272322,0.9400962660303561,0.9788750231251331,0.5667081052227698,-0.008874063948583293,0.9388327765704106,-0.5784993047136398,-0.9819966601282255,-0.27277334722723207,0.8505346495431996,0.8136415306259571,-0.3492381453196581,0.9999932011958779,-0.2657713256946891,-0.8587742525084234,0.07154804482391071,0.38627841270920976,0.19576485459356963,0.8485895472779617,-0.7330526372085187,-0.999874051804203,-0.4637170742260432,-0.8289152008066946,0.8157797818117377,0.34421608021960065,-0.400868654358841,0.6380913962320091,-0.3526910718219055,-0.8105171185844784,-0.18017653909176043,-0.9596198335258688,-0.26221464796549926,-0.8568791144591332,0.07522559514603334,0.7221654759560218,0.942550005919665,0.44959745477506935
1975,False,None,-0.03687716418337024,-0.7654229715597572,0.7654229715597572,0.9339748024236713,0.7109258190626775,0.361634061013003,0.21855663829283709,0.9794406706264903,-0.33103556311925697,-0.8713629203269394,0.04366023997697738,-0.6148631722384735,0.6148631722384734,0.3226534687240288,-0.7290055748113263,0.9183499227222311,0.9671007660480129,-0.23771420577620406,-0.9307687824714472,-0.45817191020447556,-0.9999769575760928,-1.0,-0.9448431673841831,-0.09158727853716522,-0.8767766762488397,-0.795258044901413,-0.6198660182590313,0.8606265592654153,0.9827009182910718,0.6094953297533013,0.9448431673841833,0.09158727853716513,0.8767766762488398,0.7952580449014132,0.6198660182590314,-0.8606265592654152,-0.9827009182910718,-0.6094953297533013,0.41268216423902015,0.6709113193512078,0.5528263337658399,0.8426860686590364,-0.6463703646525263,-0.9891554094103744,-0.3162205614917555,-0.3985749870235218,-0.5308874506843555,0.8381814217395535,0.4282738715384861,-0.2744241544761414,0.7336355871507063,0.9888181202389419,0.1661199052862134,-0.9994680417665336,-0.7725471539110275,-0.9156420640882496,0.017207861608819947,-0.9931556329641099,-0.6692196246546732,-0.9653515197335013,-0.1338712869646109,-0.7544704793054705,0.2443026786946983,0.7514280751697844,0.9282653872018274,0.45212726398617087
1976,False,None,0.6680912246764009,-0.4975884782917065,0.4975884782917064,0.9627964806610454,0.9979621726010376,0.6827356586680299,0.6746706827447625,0.918928513155683,-0.39575341470588243,-0.8838028804808231,0.013813329213041691,0.3129897954613781,-0.312989795461378,0.44216512243084743,0.7142082269820964,0.9998028037804206,-0.09847746619708991,0.9074109294289244,0.41893097895552356,-0.2423363791147035,0.7532369469409044,-1.0,-0.7134753997867731,-0.4412262956793219,0.2940674905299424,-0.9759624313795252,-0.11511954040925974,0.9935171854661862,0.8455976089314315,0.8604571148100663,0.7134753997867734,0.4412262956793218,-0.2940674905299425,0.9759624313795251,0.11511954040925985,-0.9935171854661862,-0.8455976089314315,-0.8604571148100661,0.9435916999255297,0.4598895402823582,0.84903062444975,0.7781568685280227,-0.6291953199844171,-0.9773508238202127,-0.25690235810891976,0.72796689902019,0.6261976930716329,0.9422234371223193,-0.33634812963572686,-0.8521485157105809,0.07758741496174344,-0.07869623549803345,0.9155773475558902,0.4008166382009573,-0.2615549968518534,0.7400266047307935,0.32884223945887703,-0.9448597213064874,-0.9416117852383368,-0.7287290013078791,-0.0014470179231218963,-0.6276166128036686,0.40707995224089083,0.7794299244311211,0.9128025210006543,0.4556065557846876
1977,False,None,-0.9961280020677358,-0.18645959990329877,0.18645959990329888,0.999499242812254,0.7079215799153041,0.6299893453751007,0.9417616881506927,0.8129047147962989,-0.47338591612736053,-0.9031292391293919,-0.033147311157179164,0.09936467101576117,-0.09936467101576107,-0.9984110482938976,-0.6430871076748425,-0.5592751001154046,-0.9085511268202046,-0.8609584111021226,0.3941128064348142,0.8618844721861642,-0.05484747527813189,-1.0,-0.15527840971368265,-0.8259033290697814,-0.880451748713996,-0.5059840401517797,0.4206091123503043,0.9536746034195366,0.5902359292994954,0.9881033775736054,0.15527840971368256,0.8259033290697814,0.880451748713996,0.5059840401517798,-0.4206091123503042,-0.9536746034195367,-0.5902359292994952,-0.9881033775736054,0.6852180923210309,0.6050999946735657,0.9306492381019179,0.8309262802365274,-0.44527618594130464,-0.8890905807360162,-0.001505350980403161,0.994491343170706,0.9042056925970617,0.16413121248946824,-0.9572601994568758,-0.942604024253902,-0.7293686161186553,0.8544569373661084,0.05982982718450885,-0.9823035097061207,-0.902411239436561,-0.7970594670193603,0.5697135591955463,-0.7420315816483329,-0.9949210981218685,-0.36731309102478876,0.12818948892204038,-0.4840950337545763,0.5551310613195761,0.8057403871895354,0.896062558161559,0.45906917064907476
1978,False,None,0.7294744559624649,0.14519681056809733,-0.14519681056809786,0.9498745254298363,0.7823788193904262,0.4929005088046117,0.9935374343423735,0.6693972703494758,-0.5474396318966144,-0.9207920560959256,-0.08055114410738755,-0.5708421145763845,0.5708421145763841,0.4790668140212658,0.14472320194709745,-0.23558728155518957,0.6471219008487131,-0.019844543132148257,-0.9717520684248698,-0.9384942446744767,-0.7405453561644626,-1.0,0.44723712176679026,0.7298017827631929,0.9324327822794733,0.25656055015538737,0.8322262677337183,0.7484904661545122,0.25222427786377866,0.9744919362484239,-0.44723712176679054,-0.7298017827631932,-0.9324327822794735,-0.25656055015538787,-0.8322262677337185,-0.7484904661545119,-0.2522242778637779,-0.9744919362484238,0.9378694286360691,0.7402097319585479,0.9792210994223355,0.8680987226122892,-0.2583748899046338,-0.7526938466495166,0.23510200717405988,0.9275267537557266,0.8480138310946671,0.986405364915569,0.09288438333913819,-0.4774815676588529,0.5577575231188635,0.5884741111024587,0.9763369374403579,0.45829373032687504,-0.11447862248320147,0.8275546153461155,0.7493945765354711,-0.44891572364108395,-0.870568348854746,0.0331055047556477,0.2552415638549245,-0.3266028921214693,0.6865698317186739,0.8304927295226774,0.8782227174381011,0.46295719356147685
1979,False,None,0.2182643064923561,0.4610018600023905,-0.4610018600023904,0.9007010494316704,0.9658283769230237,0.8170115239496627,0.8498053912084155,0.49533577007904284,-0.6172437024810863,-0.9367140300458935,-0.12813180240443936,0.9666239536534988,-0.966623953653499,0.6205558531571063,-0.042127628051434836,-0.3843943686744201,0.6998702968852376,0.9558710587248119,0.6330804364233158,0.13720330551620424,0.9398789797984748,-1.0,0.8007460494802413,0.2152503807162943,-0.13504946572988294,0.8595069266656807,0.999235791821095,0.4136303419569506,-0.12115249646719946,0.8210154699833517,-0.800746049480241,-0.21525038071629377,0.13504946572988347,-0.8595069266656806,-0.999235791821095,-0.4136303419569509,0.12115249646719892,-0.8210154699833521,0.7573235531553609,0.48537608994190784,0.9944121430591661,0.8235476783487089,-0.21414726149103624,-0.6916040405273685,0.31544996270211956,0.9385430501102399,0.6841519765538742,0.2532571264823391,-0.80006898910001,-0.9954435910755707,-0.3807993857934589,0.39036566561049313,-0.0962168499375207,-0.9579647545597337,-0.9671786661827337,-0.6765534949500934,0.8788286455586083,-0.10983219063128986,-0.6114905195421125,0.4138646974672123,0.3777272303571003,-0.15985948459504482,0.7980727594033489,0.8536261425535157,0.8593753232268617,0.4672325246894825
1980,False,None,-0.7679925046942034,0.7378601882623606,-0.7378601882623602,0.9659781720243633,0.9194761740575915,0.255899902559703,0.5542294804463626,0.31332342797074275,-0.6699862891340526,-0.9455702645073576,-0.15969555422912388,-0.9989510776696156,0.9989510776696156,-0.9075017698546634,-0.4543571554613557,-0.8156628613911376,-0.9587389043390505,-0.8488395150528308,0.0390848029225208,0.5177740441580561,-0.5095943931528004,-1.0,0.8873157681089363,0.41308974252850095,0.8412981981283331,0.9707508760339068,0.8721561775192951,0.006711427473207136,-0.4780566073376536,0.5484584508841777,-0.8873157681089361,-0.4130897425285002,-0.8412981981283333,-0.9707508760339069,-0.8721561775192953,-0.0067114274732074574,0.47805660733765315,-0.5484584508841781,0.7865171461436494,0.49720601238807755,0.7506425395472243,0.5482645911891566,-0.45519682416960716,-0.829239457948719,0.10104209513080155,-0.14476140544823238,0.18236048384257822,-0.08525603066794898,-0.9078973908085406,-0.9973660265046661,-0.534936478465246,0.9464761980854919,0.9982058020109964,0.5462054477398308,0.07261131104940982,0.9134308403718523,0.9641045370953369,0.2465987350821871,-0.2531967165130716,0.7331736308132031,0.49506995108039403,0.012762740509259445,0.8874226521488178,0.8751008034185439,0.839839915451477,0.4722450550048523
1981,True,HIV/AIDS Emergence,0.9975510630730607,0.918072740048778,-0.9180727400487777,0.9741733202174268,0.9241211510920787,0.9330733368692186,0.12820428884239923,0.10402760163635084,-0.7310436616464493,-0.9587622371232656,-0.20766769707627086,0.8880986116123459,-0.8880986116123458,0.9875806325700827,0.8951332456064157,0.9559454524242106,0.05852554958074965,0.03421036954297985,-0.7769769214735814,-0.9762924476335886,-0.27557630904803776,-1.0,0.804851531887004,0.9998792863859545,0.7140452905960238,0.5108415467134437,0.4897660991664251,-0.4006672113453197,-0.7675494753285366,0.1971159046015077,-0.8048515318870038,-0.9998792863859545,-0.7140452905960234,-0.5108415467134443,-0.4897660991664254,0.4006672113453192,0.7675494753285363,-0.19711590460150827,0.8139754880883209,0.9901928492707873,-0.09904499315902024,-0.1232355342417902,-0.8662345608684553,-0.9981755121386993,-0.42318328253457355,0.7248368635744986,0.4974227171808614,0.4761605833167339,-0.41485463354234764,-0.7774161734283696,0.18185949223479328,-0.23709396705421157,-0.2606692889850566,-0.9275422665808494,-0.9968216666699442,-0.5456140077487264,0.9997037489794625,0.582977010509504,0.15894659278202375,0.9435032256545179,0.6025799207963213,0.18292964224148311,0.9512889504093314,0.8948218388215143,0.8192696425398482,0.4771174014391137
1982,False,None,-0.6082938486819954,0.9972518746507403,-0.9972518746507403,0.9315364494545509,0.845913756287963,-0.06735286740847897,-0.3605294555493448,-0.10999544421224387,-0.7864889744244263,-0.9701373166675505,-0.2553413481347879,-0.5478194380962886,0.5478194380962881,-0.8552796133097589,-0.9378663421807054,0.8328798962191828,0.9596409092110743,0.8558052892325353,0.96861630679752,0.7826484319314282,0.9227236990680326,-1.0,0.9020353378361681,0.8040776877296182,0.006749745108739709,-0.2904353520136068,-0.036056957482469655,-0.7385719244290873,-0.9495012877655408,-0.18300975794383156,-0.9020353378361678,-0.8040776877296177,-0.006749745108740253,0.2904353520136063,0.036056957482469114,0.7385719244290869,0.9495012877655407,0.18300975794383104,0.981940126277011,-0.4255638517140254,-0.6750381797999118,-0.46390614914694484,-0.9572337007930755,-0.9919233977349858,-0.5894531612964781,-0.5890833775477811,-0.8024296307915885,-0.6231302377025747,-0.994682400415819,-0.9500125890428474,-0.7316374407356796,0.954912453635237,0.9990835962387221,0.6691741600664526,0.30734709530593074,0.981853432439842,0.9667445975738799,0.8596215278877268,0.576006994819403,0.993886218941004,0.7003669551328298,0.34779523328129663,0.9890705905075642,0.9128061572006644,0.7979544878421746,0.48223202004828786
1983,False,None,-0.3845259598533229,0.9666162245424915,-0.9666162245424916,0.9856306319567997,0.714759424728144,0.9912170510094002,-0.7999592633766386,-0.319469743805434,-0.8361534080577535,-0.9797525603045658,-0.302854222064593,-0.13516081584367765,0.13516081584367728,-0.22307278769695602,-0.9204422915101874,-0.25907139145501457,-0.2463135392536011,-0.7518953331460118,-0.18480141954364937,0.1919215834428306,-0.7633065583141596,-1.0,0.9960073922248543,0.5116993852496133,0.9920114465432196,-0.9270046545551628,-0.5516059173772296,-0.9487797004857518,-0.9983448014802988,-0.5369390745954731,-0.9960073922248543,-0.5116993852496134,-0.9920114465432196,0.9270046545551629,0.5516059173772295,0.9487797004857517,0.9983448014802988,0.5369390745954732,0.5863546725137193,0.99931205613136,-0.8898224930503276,-0.47494236859938366,-0.9167875224644265,-0.9994929652794863,-0.4594845690597551,0.6159934428513086,-0.15211819534286286,0.43437692236676356,-0.21404690342905977,-0.5602648965589081,0.45005788951140974,-0.8722874847167144,-0.44197881705326514,-0.9013453594128464,-0.9976245179089185,-0.4262286968542549,0.8241721325242329,0.9980158441553322,0.9039003236170944,0.8141449374447417,0.7868782606271796,0.502721664224195,0.9998471631521141,0.9290389570530725,0.7759691803504346,0.48753180197869067
1984,False,None,0.8549606592640706,0.819638220845121,-0.8196382208451207,0.9851929770624054,0.997216042721906,-0.541500662195517,-0.9994061078731096,-0.4999566860217446,-0.8712232158790855,-0.98467896746713,-0.33407151702257865,0.40360890837084984,-0.4036089083708495,0.9312306653631756,0.8912575998324113,-0.026896517927313467,-0.8365792012730806,0.021770856076917474,-0.49024196627081895,-0.7514136869032906,0.20327476201018035,-1.0,0.7092817984577318,0.7746386117140114,-0.9254562821938646,-0.8388924406716349,-0.9059278466643683,-0.9953079521205044,-0.9069778586850541,-0.8137859191991141,-0.7092817984577318,-0.7746386117140114,0.9254562821938646,0.8388924406716349,0.9059278466643687,0.9953079521205044,0.9069778586850541,0.813785919199114,0.9952346034985187,-0.3893453258025971,-0.9786998917118906,-0.3440702423658052,-0.7741608428667761,-0.940202025127242,-0.1675259414073691,-0.4773050600081974,-0.9940543070694245,-0.4339864730332593,-0.8321940335197745,-0.9689349808152313,-0.26285898326991536,0.5701488697797374,0.9988157355707876,0.8844568602315807,0.6798030960133723,0.9733001277929295,0.5295031081490555,0.8876213436992018,0.990103053152271,0.36635248801340137,0.8607068133648867,0.6433160880244378,0.9833151354183884,0.9434745799446614,0.7537353473514938,0.49331182259675826
1985,False,None,-0.9728118226232101,0.5870865382997223,-0.5870865382997223,0.9205832828211913,0.7105402098776106,0.9961906387908026,-0.8061711554680717,-0.6736601282778489,-0.909440109617881,-0.9913219544459227,-0.3805931951835404,-0.7586080745691057,0.7586080745691057,-0.8051049583983076,-0.8541866549046907,-0.9489102820675169,0.6472209773561954,0.8265042631922487,0.981020200981442,0.9948146194196367,0.5844131395007153,-1.0,0.22430537262079467,0.9867756232913738,0.5142578822608299,0.005688980052580668,-0.9937685880859025,-0.8705484741588642,-0.6884089012761825,-0.9720426108852271,-0.22430537262079456,-0.9867756232913738,-0.51425788226083,-0.005688980052581456,0.9937685880859025,0.8705484741588642,0.6884089012761825,0.9720426108852273,0.3793009512871797,0.951132917921347,-0.9732270680289328,-0.33153040360945013,-0.6748125655553388,-0.8612546110214381,0.010787064139407419,0.646473152465623,-0.15647579303940626,-0.9986938915552493,-0.938798757510107,-0.796874266382843,-0.9211279807096218,-0.8546961233310965,-0.6066479399126484,-0.8697140330202074,-0.976082374002406,-0.2985038580131154,0.1058076350309392,0.4871221740537064,0.7213947321376561,-0.24033065135152135,0.9199727231447946,0.7649657757840153,0.9398134041734951,0.9562121055928131,0.7306669765762911,0.4988537105279959
1986,False,None,0.4645274626874638,0.2899304846982353,-0.2899304846982356,0.9105742803700656,0.7774857654403229,-0.9825109046940549,-0.28742462273274516,-0.8165269486040991,-0.9410522657409297,-0.9960972411181691,-0.4262976130436917,0.9822026095760803,-0.9822026095760804,0.05694507456166626,-0.19576486041562796,-0.29150778935795396,0.7146743933697518,-0.8905387200518531,-0.7366947663958658,-0.5408762369649264,-0.9990882781922833,-1.0,-0.13158809465470236,-0.37647099154795355,-0.10665274274455212,0.8333302545311921,-0.7892467013857511,-0.5965718365739258,-0.3732704731483603,-0.9893257286930601,0.13158809465470206,0.37647099154795327,0.106652742744552,-0.8333302545311922,0.7892467013857515,0.5965718365739257,0.3732704731483606,0.9893257286930601,0.9679117309117559,-0.9716161761154438,-0.657625110708734,-0.5048810712897063,-0.717079257843606,-0.8705375831314554,-0.014270367779108102,-0.880992701146186,-0.8258315371330114,-0.27176919622952495,-0.5189220969044397,-0.7189430306371128,0.23745238739871177,0.46074563405325364,0.6947490901735551,0.8616081696742405,0.962241459669484,0.2504041330936303,-0.31825688377646516,-0.053506078989569904,0.20176466940090873,-0.7438840852745523,0.9636751966339918,0.8642948848489012,0.8703058582421662,0.9672353772071355,0.7071536463258252,0.5044747192264383
1987,False,None,0.5363931962662634,-0.03928695970080887,0.039286959700808775,0.9973669002452265,0.968490362635311,0.9534992428352308,0.29020098382200016,-0.9215392005049369,-0.9658859745865183,-0.9989837181081058,-0.47087272019803167,-0.864389898296822,0.8643898982968219,0.5961860684158,0.30930048596729753,0.7658186521351125,-0.6519868120718396,-0.16660687760235454,-0.2995341354435894,-0.4978083059008163,0.49197680763623153,-1.0,-0.11164832399222992,0.21080971702088733,-0.33862281107630443,0.9448257986692138,-0.351781094116597,-0.22082107353260408,-0.0057906773193008585,-0.8630209130919064,0.11164832399223004,-0.2108097170208874,0.3386228110763043,-0.9448257986692137,0.3517810941165967,0.22082107353260352,0.005790677319299848,0.8630209130919063,0.9478788509162518,0.9728460202661906,0.2200369370124041,-0.8909539330554802,-0.9445621539070783,-0.9930846000475732,-0.40565493252477136,0.8483919886880575,0.5193901579891441,-0.9892046987849394,-0.9999474381713541,-0.9787314580726048,-0.6757488017854881,-0.011718658329548253,-0.7616595114901134,-0.8429198605848176,-0.938945571812061,-0.18308540168249246,-0.6390073384227181,-0.5281242982416385,-0.33303890264236957,-0.9808839919059044,0.9906551599693862,0.9381036507062331,0.7764734425178433,0.976576687084065,0.6832709854337516,0.5101571992643581
1988,False,None,-0.9211417241919067,-0.38027041478412194,0.38027041478412266,0.9397441477274046,0.9007652629993271,-0.2754003026737596,0.7229513601848467,-0.980229290890452,-0.9807601452403936,-0.9998251810302594,-0.5000155550746841,0.7102697196296898,-0.7102697196296904,-0.7325690686431229,-0.6606885901015477,0.627858489748962,-0.3970239083305085,0.8259156516409514,0.8274354362836862,0.9137029997568589,0.12350791990758381,-1.0,-0.041161861819338744,0.059144788085547906,0.9938366722012465,0.36407837512279273,0.18975178700262754,0.19240300682600195,0.36291081057972613,-0.610816119027994,0.04116186181933951,-0.05914478808554692,-0.9938366722012464,-0.36407837512279206,-0.1897517870026283,-0.19240300682600292,-0.362910810579727,0.6108161190279932,0.994968880218681,0.06985215143104542,0.915592827842769,-0.9888105189703925,-0.9884039877344554,-0.945972236035389,-0.7659591228075107,0.16944046866642976,0.9512712129457166,-0.9688904832320703,-0.9682184830933581,-0.9087283599925089,-0.8265130101447744,0.46508059453339756,0.07974200541771614,0.08243409654615763,0.2573774170885273,-0.6948228192677356,-0.8453627792641814,-0.8439168503420155,-0.7357432581656576,-0.9598167451604306,0.9999963523382662,0.9837575655869136,0.661484186661334,0.9842388096887219,0.6594561468382967,0.51612073670543
1989,False,None,0.9271293259136293,-0.661890311390147,0.6618903113901466,0.9518313385004205,0.9201894739953257,0.8689818253148442,0.9611476214897404,-0.9998235741852124,-0.9934810331890116,-0.9996933388044361,-0.5427802709785243,-0.3327514047352431,0.3327514047352436,0.9973747760137872,0.7064333500700314,0.6202199359944836,0.9945498756313587,-0.9199267925731449,-0.9638050089723719,-0.917565119028186,-0.8179634500735319,-1.0,-0.40016381015438285,-0.9025131466980387,-0.9461060640270226,-0.42925836521537947,0.675853674275291,0.5721228421574488,0.6802500332712615,-0.27030969329310567,0.40016381015438296,0.9025131466980386,0.9461060640270226,0.4292583652153796,-0.675853674275291,-0.5721228421574487,-0.6802500332712615,0.2703096932931058,0.7558308241742181,0.6753940339511859,0.9994888145867495,-0.9459039697938796,-0.9805805417307647,-0.9439464287472266,-0.7741594155424759,0.993346135570264,0.7763776470652283,-0.9273803738224488,-0.8695638021992529,-0.9296015158446315,-0.17067216991662704,0.6986256142669601,-0.8781234251331158,-0.8069059678934913,-0.8809693859769172,-0.05605921271548806,-0.9557931446100322,-0.9863492252854935,-0.9540172996883878,-0.7535266812542285,0.9911644829805001,0.9999821117316375,0.5269087092516039,0.9903533992335483,0.6349855496156717,0.5218156270181039
1990,False,None,-0.3024128558569206,-0.8707737102802309,0.8707737102802309,0.9996575953740281,0.8508011297514259,0.2244962331048056,0.9847639536423164,-0.9720188181491578,-0.9994641386219698,-0.9976861085624764,-0.5840187830069887,-0.20532872386956563,0.20532872386956574,-0.32725072978642455,-0.7581761125698518,-0.9967376992650963,-0.1320512305760018,0.07004684568352554,0.3334509492672523,0.23690807986025697,0.9503468534657804,-1.0,-0.8576098451389464,-0.4824813140296102,0.2836483165098355,-0.9430086340783114,0.9619064745668817,0.8542129070000861,0.9021876647849649,0.10942857023760133,0.8576098451389466,0.4824813140296105,-0.2836483165098361,0.9430086340783114,-0.9619064745668816,-0.8542129070000861,-0.9021876647849649,-0.10942857023760143,0.8642600514149609,0.24991808061242446,0.9798764850367327,-0.9655393769570138,-0.9999784239873449,-0.9955654683828883,-0.6050593082925804,0.7030763588865022,0.7464578495489945,-0.7035560482885369,-0.8675459009330779,-0.8131053687941135,-0.9234433901928643,0.051618117739870024,0.010692522925856663,-0.25627321936749986,-0.15772373527587097,-0.9221304583877805,-0.9980578780223441,-0.9785441423698664,-0.9943082622979841,-0.4339619624382109,0.9638089201507865,0.9857403617206929,0.37699705610983103,0.9949260355160302,0.6102763503959516,0.5274784760591916
1991,False,None,-0.6707732604461125,-0.9837018233603197,0.9837018233603197,0.9619002924128154,0.719354210463543,0.7399173076198853,0.8161153948177112,-0.8977412815102651,-0.9988256593095823,-0.9937848513031344,-0.6239239950312148,0.7931973260212781,-0.7931973260212782,-0.8479878799511497,-0.9977145510009785,-0.995231489328978,-0.9760269509267129,0.9289002923779899,0.7059183243381888,0.7491645961298915,-0.1610865906481079,-1.0,-0.9953825190853274,-0.8325321225592068,-0.8488140938759642,-0.9067229499940822,0.9623190731923085,0.9912581078010463,0.9976037546462334,0.47323833360280854,0.9953825190853274,0.8325321225592068,0.8488140938759641,0.9067229499940822,-0.9623190731923086,-0.9912581078010463,-0.9976037546462334,-0.4732383336028086,0.8818628838546185,0.8956425918224168,0.9430167641423196,-0.9839768290553458,-0.9740166647567481,-0.9863563005695405,-0.3864942844601075,0.9995477745630225,0.9885028326014753,-0.9518004478698967,-0.7521642003268865,-0.7922095496777402,0.09403110134671408,0.9926025653220462,-0.960593240053072,-0.7716399071666104,-0.8102019051726811,0.0640511240045573,-0.9872339145236598,-0.8431551203798072,-0.8753724885454918,-0.05758239937912297,0.9180299155215742,0.9411997801021531,0.2158601288981491,0.9980110452594875,0.5853291541761569,0.5330529619145554
1992,False,None,0.9714119974605135,-0.9855719540993461,0.9855719540993461,0.9020702495714721,0.9963570286514184,0.5355791531598474,0.5011948508376357,-0.7911808021244282,-0.9937616780542894,-0.99050476724293,-0.6493686663783793,-0.9172148251837233,0.9172148251837233,0.9787411203808815,0.988118628547443,0.31978731941384475,0.6922970386194693,-0.9137521298198247,-0.9918279401865534,-0.9948255744627461,-0.45026808952133573,-1.0,-0.8160056511948854,-0.9675473158445417,-0.6707867739150547,-0.3474996968149971,0.6762510356959704,0.9605473295734349,0.952944543710648,0.7687150324755904,0.8160056511948856,0.9675473158445417,0.6707867739150547,0.3474996968149972,-0.6762510356959706,-0.9605473295734348,-0.952944543710648,-0.7687150324755903,0.9355899456002622,0.11865937392768361,0.8255819973138698,-0.9776530086676166,-0.9445756436040509,-0.9528390727043161,-0.2575638704924261,0.46161040442584084,0.573164699575091,-0.8404542687780492,-0.9996522425741953,-0.9986205377468894,-0.5821498638899253,-0.4623324830855106,0.0927321745037945,-0.4380572172161891,-0.4143952668074731,-0.9899970261083492,-0.9257590015295003,-0.5945742795278643,-0.6154006717680981,0.33260391328552275,0.8544516103971795,0.8677477057693973,0.04867571509891261,0.9996578957463269,0.5605061952929151,0.5386540565506441
1993,False,None,-0.8587898476718286,-0.8759448521706071,0.8759448521706071,0.9477732408345633,0.7133940929716209,0.5722351826466321,0.06205958540737258,-0.6387008076060487,-0.981650048368019,-0.983591179225733,-0.6863584143795106,0.9994053464776262,-0.9994053464776262,-0.6505336009213962,-0.9716761543912398,-0.07127490396273038,0.45804433580305953,0.15429632088906997,0.7453345855200217,0.7522681352549903,0.962035080145887,-1.0,-0.6763344565804115,-0.962949869002129,-0.10562602842250868,0.42712060388765205,0.18827284647933198,0.7678796642795119,0.7745389817874929,0.9520521916250438,0.6763344565804116,0.9629498690021291,0.10562602842250858,-0.42712060388765194,-0.1882728464793321,-0.767879664279512,-0.7745389817874928,-0.9520521916250438,0.4526309888266647,0.8039126227337421,0.3771485852592538,-0.8507573825697398,-0.9912016845972436,-0.9897628104427334,-0.4185551305638123,-0.16645927551517475,-0.6551393611766214,0.08356038613820452,-0.5666739071591685,-0.5752622612800061,-0.9992834007177183,0.8540214771125451,-0.9965092399852715,-0.7181186630059084,-0.7107992550020694,0.20366273496929782,-0.8076095238726839,-0.25124455513001676,-0.24110523700046646,0.6832664928295811,0.7737091092556628,0.7670392208477311,-0.12121895799431726,0.9999452809340207,0.5350809374834398,0.5438892251761739
1994,False,None,0.13150403700800634,-0.669924412760977,0.6699244127609769,0.9878946503219768,0.7726071411766007,0.7528747274509069,-0.4280586547409697,-0.4552114455337633,-0.9633617059448675,-0.9747967321659069,-0.7215412512814251,-0.8240795482348507,0.8240795482348512,0.2836912322169756,-0.5277698772230223,0.7514541743985318,-0.9521938927292122,0.8227888098870046,0.13919041363911952,0.09296774926385855,-0.7812442295571129,-1.0,-0.7769850337024728,-0.046231595604922786,-0.993009288168532,0.957738141117353,-0.35608944881314963,0.4462558546027544,0.48740794129601117,0.9974149562133345,0.7769850337024726,0.046231595604922245,0.9930092881685318,-0.9577381411173531,0.35608944881314974,-0.44625585460275413,-0.48740794129601106,-0.9974149562133345,0.664767211769763,0.8458594181567094,-0.5630723702965483,-0.3115791006135257,-0.9100941470014932,-0.9283885982045621,-0.8202117428814163,0.1638184319242009,0.24305621199699104,-0.9169901259913259,-0.9145796617463589,-0.8947743840010646,-0.11789208953223786,-0.9170907448402418,0.24330094580122413,-0.5487674782529947,-0.5870668323064637,-0.9989240265123718,-0.609827618777203,0.16998428311265015,0.215647955938115,0.9345933349457655,0.6773390460720997,0.6423786108470959,-0.2880221853769636,0.9989171338234613,0.5094073372457826,0.5488915201552531
1995,False,None,0.7814990585333383,-0.3900368958274824,0.3900368958274825,0.9290096432135477,0.9710662864041608,0.35114648858058445,-0.846779981234492,-0.24981903134249395,-0.9391884149620655,-0.9641815162424654,-0.7546794421522207,0.269679083981066,-0.2696790839810659,0.49514015094988306,0.6098922293000673,0.8585970434083479,-0.3298749243913095,-0.7993572731607227,-0.9482257450994819,-0.9189939398133827,-0.18044020337785113,-1.0,-0.7030948685859498,-0.5986478427575578,0.7252031398726037,0.8200884062234484,-0.794164388721912,0.05011358566390579,0.13183054724461296,0.8984833974733416,0.7030948685859497,0.5986478427575579,-0.7252031398726035,-0.8200884062234485,0.794164388721912,-0.05011358566390591,-0.13183054724461288,-0.8984833974733415,0.9905029411194285,-0.020272101845482737,-0.9835153152596424,0.12623770523378242,-0.7454371898870792,-0.7975791840153028,-0.9438955691139921,0.11738370919040308,-0.9493129259198847,-0.011352792485296661,-0.8300062726106732,-0.8729413854369424,-0.8895255696426221,0.20072560832323963,-0.9943552684996201,-0.6513273140113753,-0.5869216943747634,0.3493109652719233,-0.303534966728986,0.612615413554749,0.6753552171473415,0.9880520834920056,0.5671410008968978,0.49770399413527283,-0.44675734829144603,0.9966332592457736,0.48348212204208474,0.553623516953364
1996,False,None,-0.9965221418625491,-0.04983748747774707,0.049837487477746974,0.9796440778996607,0.8818863886307752,0.8943948718341342,-0.9984119145157857,-0.04835782780753246,-0.9163305814503422,-0.9567843764920544,-0.7753042753731118,-0.03356068258783666,0.03356068258783676,-0.9595094798714617,-0.8395331446706238,-0.8540133181997446,0.999633896803441,0.13142054943434145,0.9465102854524324,0.9776885714660574,0.7199786731498361,-1.0,-0.24931586905086592,-0.5148271139575059,-0.49129680659853586,-0.006506801763190583,-0.9951788373827811,-0.3542574057165903,-0.2427532169423849,0.6694422723785346,0.24931586905086603,0.514827113957506,0.491296806598536,0.006506801763190905,0.9951788373827811,0.35425740571659015,0.24275321694238455,-0.6694422723785345,0.958577151314038,0.9659763104483063,-0.9667794707347135,0.15313401106035296,-0.817296062487222,-0.8789326197674509,-0.8863086656022978,0.9996293420200301,-0.8539259970798978,0.42826429403316263,-0.6193154318082774,-0.706674771950338,-0.981499970608284,-0.8677770109404664,0.4035039532035306,-0.6404610581192798,-0.7256752871376582,-0.9759236865665136,0.10455027206245796,0.937433237262133,0.9716470870611554,0.7384924275601787,0.4442659010320217,0.33672611183118356,-0.5933569635188166,0.9931730017713886,0.4575329413226787,0.5581343227949139
1997,False,None,0.77214472156955,0.2796311243990036,-0.27963112439900395,0.9928978676338801,0.9161652774224346,0.07116224752986824,-0.748566789149825,0.17119740927252597,-0.8822503873697733,-0.9431701592641786,-0.8050763956674998,-0.3941814687646303,0.39418146876463056,0.6910618490905847,0.4527247076558654,-0.5788881482090834,-0.15666297945471605,0.7582546311523158,-0.3820690740031987,-0.5170984522592434,-0.9985641401056157,-1.0,0.3918689907353969,0.6410000695043481,0.9775725819347993,-0.8459308795050574,-0.8980610773910153,-0.6987045366028776,-0.5827932249025023,0.34438364617474015,-0.3918689907353972,-0.6410000695043482,-0.9775725819347992,0.8459308795050574,0.8980610773910153,0.6987045366028777,0.5827932249025024,-0.34438364617474027,0.9573417457552498,0.18932507274582272,-0.8221344434515053,0.05276807779189915,-0.9319932091175818,-0.9760065302492466,-0.7287891573076292,0.46498093093932463,-0.9515655561824224,-0.2380384352900039,-0.9969763043291342,-0.9972898934169276,-0.49983964500592426,-0.714648071813864,-0.9705561363019102,-0.5323698491563897,-0.39858579253305393,0.5343762556870336,0.5251177868891396,0.9725787557790615,0.9263672398208467,0.20934575725155688,0.3127912412218456,0.16593590537298045,-0.722240993938176,0.9885573785870965,0.4310255735999463,0.562207229705269
1998,False,None,0.05324145977223343,0.5784988720442735,-0.5784988720442736,0.9313301370613122,0.855669242789361,0.9752755911446609,-0.2052089157232157,0.3819734991021734,-0.8431795954533831,-0.9278407448146422,-0.832598257001798,0.8453263975851201,-0.8453263975851204,0.41324487649197267,-0.4712319890122855,-0.16875359309752544,-0.9882556673492865,-0.9025256654891364,-0.5817615738695046,-0.42184720177378404,0.5087630424977119,-1.0,0.8358256914890091,0.07286881183516906,0.3839362657685992,-0.9170370970469491,-0.5328613618813787,-0.926315827758765,-0.8409855734605717,-0.029868695323455405,-0.8358256914890089,-0.0728688118351683,-0.3839362657685991,0.9170370970469492,0.5328613618813789,0.9263158277587648,0.8409855734605713,0.029868695323455083,0.6084410529990507,0.8278235151018849,-0.5475429467949411,0.019181682586563133,-0.9810712526609794,-0.9999551868982631,-0.5737149904452616,0.9488818559582595,0.3309183041996834,0.8051239832157863,-0.44324587180847774,-0.6009007800121065,-0.9990730478619212,0.01615377105253092,0.5767644506916644,-0.7035200373189152,-0.8224755353817348,-0.9344152970694279,0.8261208319422271,0.6992181921443718,0.5554401877602134,-0.3712332743157873,0.17479286888307455,-0.009715559174567366,-0.8299091348820841,0.9828605459453736,0.40424766139791285,0.5659352821188136
1999,False,None,-0.8712095542881069,0.8135023164653242,-0.8135023164653238,0.9035675995009378,0.7248507234150251,-0.3357307585418435,0.36259686516833073,0.57417240506728,-0.7992428117023153,-0.9106807684838517,-0.8580875860687442,-0.9942261929071733,0.9942261929071733,-0.9975254932596231,-0.9696886042298896,-0.16992598536994982,0.14160502058137925,-0.09829850028368871,0.9913497246419734,0.9961945525424621,0.4954895000913812,-1.0,0.9842218493056678,0.9903090491484186,0.27468891695381636,-0.2470107383686657,-0.009053978155467308,-0.9997092484262354,-0.9810903266784313,-0.3994223686089392,-0.9842218493056677,-0.9903090491484186,-0.2746889169538167,0.24701073836866644,0.009053978155468073,0.9997092484262354,0.9810903266784312,0.39942236860893887,0.9501103263416097,0.10022227837123983,-0.07165737990740392,0.16802045954090444,-0.9796692257456007,-0.9998571241561908,-0.5553319110594297,0.40556579603270376,-0.37919462005796517,-0.14784174208231216,-0.9933699052710465,-0.9447021122403295,-0.2682298837966618,-0.9995889870644851,-0.9639807662204984,-0.29779413753210676,-0.08338947976098408,0.7717849841935592,0.9712094543395887,0.27030435901427263,0.054787008144128235,-0.7896973114128787,0.033162980845678015,-0.18465973137315794,-0.9131130834220876,0.9761380643579665,0.3772005779224145,0.5693100779013333
2000,False,None,0.9971179412894831,0.9638228865365738,-0.9638228865365738,0.9909769366528628,0.9953852061013562,0.9999996707309594,0.7694286942138368,0.7283865244543766,-0.7621103294474451,-0.8993972799252189,-0.8732170742900092,0.9408232191883932,-0.9408232191883931,0.9779522309079435,0.9852362560977579,0.9970560465807561,0.8156699304918744,0.7782688379256798,-0.7107939674234487,-0.8636412306407745,-0.9076728168689493,-1.0,0.9908517447133064,0.984952516060719,0.9640388701787697,0.5713429237458573,0.5194089298214987,-0.907112221233944,-0.9833744255903171,-0.7117315655616674,-0.9908517447133064,-0.984952516060719,-0.9640388701787697,-0.5713429237458568,-0.5194089298214987,0.907112221233944,0.9833744255903171,0.7117315655616671,0.9992655199807495,0.9910853782010944,0.6768751474757598,0.6299796739167614,-0.8420127232061417,-0.9498718786322682,-0.8000197289390713,0.9954627501028067,0.704585248051512,0.6592767052979497,-0.8207222767318314,-0.9371938811322708,-0.8224231081147865,0.7689101070122374,0.7278302696250936,-0.7626354841744113,-0.8997517180777597,-0.8728213155774379,0.9980797241679734,-0.17284386139162583,-0.412811456648391,-0.9831528140127019,-0.11150180774685216,-0.35560056049281896,-0.9699427111236263,0.9684599454482542,0.349966381731185,0.5723408082582557
2001,False,None,-0.6701852054176929,0.9979834470474502,-0.9979834470474502,0.9509306921678212,0.7164728569654845,-0.9252615143947481,0.977038578107676,0.859774303381229,-0.7107238059505101,-0.879534554731331,-0.8950362995416358,-0.7159442878179424,0.7159442878179423,-0.8669374239794282,-0.997935085963386,0.9016328751772891,-0.8129304678110639,-0.9552273023770899,-0.0457954256920616,0.23628919469927706,0.9308535935901895,-1.0,0.9686524190368503,0.7593089627215213,-0.9474735291724651,0.9885924077108805,0.8904554227140034,-0.6646379625667147,-0.847557434488761,-0.9215407088893168,-0.9686524190368503,-0.759308962721521,0.9474735291724651,-0.9885924077108804,-0.8904554227140032,0.6646379625667147,0.8475574344887609,0.9215407088893168,0.8971608730925271,-0.9972257330120395,0.9950183466902877,0.9755904025991767,-0.4581923090125088,-0.6891511568413391,-0.9891095865270483,-0.9275509375684917,0.8486571911213299,0.9722589237280721,-0.018462304799306346,-0.29821300184530486,-0.9524008159636532,-0.9848371484321405,-0.9892300414530065,0.3907577805061549,0.6333010502148708,0.9973212100459544,0.9488381720201994,-0.544521272800212,-0.757956605047738,-0.9695094280901513,-0.2518174877800247,-0.5132045364543222,-0.9972864857672294,0.9598423598261658,0.3223801824825602,0.574996122606338
2002,True,SARS (Early),-0.23107921742147478,0.9223126497133514,-0.9223126497133513,0.9420015773679589,0.7677898415478366,0.9755484765852798,0.9720796941151133,0.9500162313411221,-0.6555523505173416,-0.8579901571905376,-0.9147393048041681,0.16285810163612174,-0.1628581016361214,0.10884819444012588,-0.8007814140201457,-0.4392648723028123,-0.4529275225845989,0.08422177955405238,0.886196081184348,0.6980274160814793,-0.18173182391402848,-1.0,0.9985140191929655,0.46054658729057185,0.814826231924639,0.8058818219349859,0.9968601686013843,-0.31280074130360286,-0.5928317092911188,-0.9998164417759262,-0.9985140191929655,-0.4605465872905716,-0.8148262319246387,-0.8058818219349858,-0.9968601686013842,0.3128007413036032,0.5928317092911185,0.9998164417759262,0.5082343169031225,0.8452067127211039,0.836949764811635,0.9996939170199004,-0.3640967215161597,-0.6358373913543783,-0.997286633504987,0.88983244611265,0.8966941934575616,0.5293853903111998,-0.9871522050541681,-0.9878629241372016,-0.44345548254399697,0.9998834761932455,0.8581700938175852,-0.8054932056006413,-0.9499067775409021,-0.8035698563138997,0.8502333406801876,-0.8144457299859726,-0.9545670542189509,-0.7943900644475052,-0.387027240334344,-0.654737747366347,-0.9951601049756275,0.9503523018261112,0.2945453627860574,0.5772933170034505
2003,True,SARS,0.9391208962621116,0.7450541715021468,-0.7450541715021468,0.9964945029129008,0.9735333589473152,-0.5572420161781078,0.779538011674778,0.9950365627385669,-0.5971243386292039,-0.8349149970593582,-0.9322528337637965,0.47052213387990705,-0.47052213387990693,0.9070849279276302,0.8357404712759017,-0.808615029223702,0.9472877678923897,0.9002693006807218,-0.8363797082606752,-0.9731890922921128,-0.7511858139323424,-1.0,0.7982427816865323,0.8777754837467213,0.13867133430535827,0.1630168346115545,0.8077297015290468,0.0901463740510633,-0.25495198751778786,-0.9359058855513646,-0.7982427816865322,-0.8777754837467212,-0.1386713343053586,-0.16301683461155417,-0.8077297015290464,-0.09014637405106297,0.25495198751778797,0.9359058855513647,0.9892403159656941,-0.4858229530513104,0.7244055760406193,0.9998732985906984,-0.5279247514141054,-0.7859444588401071,-0.9592530111499654,-0.3527213544202205,0.6157559979538512,0.9914437947503653,-0.3979934218646191,-0.6870312745740862,-0.9902685093325728,-0.954485223122887,-0.4718480445018228,0.9988070396784633,0.9222569171250571,0.21906355971635288,0.7133402494186161,-0.9679109011480225,-0.9955805177575244,-0.5001066233110505,-0.5143387382731418,-0.7760027467953156,-0.9636291154938752,0.9400337905075709,0.2664474584246466,0.5792206634342303
2004,False,None,-0.9711376527232567,0.47044129967251996,-0.4704412996725201,0.9692700622172179,0.8633498184593762,0.9075541049535344,0.4469437706057253,0.9946617117505723,-0.5497727839268718,-0.8200343276430725,-0.942130259873282,-0.6673405288601402,0.6673405288601403,-0.8826190204587124,-0.9587899714242676,-0.7811971418379777,-0.2206732290413311,-0.9413407015431818,0.334666126735375,0.6598579532862604,0.9949011995313939,-1.0,0.23890738358529032,0.8514354261005271,0.056386998846443055,-0.579128738728587,0.3768722778974994,0.4784716037427161,0.11925006534519893,-0.7390494564820295,-0.2389073835852902,-0.8514354261005272,-0.05638699884644315,0.5791287387285868,-0.3768722778974995,-0.4784716037427158,-0.11925006534519816,0.7390494564820296,0.7126865516758363,0.9829686883863741,0.653270656695855,0.9894803485867796,-0.7383648345116233,-0.935623523381412,-0.8307081943986256,0.571634917322521,-0.06553244573797797,0.8066709648141306,-0.05314175669932664,-0.4191833095295964,-0.9825556121024751,0.7812837208741565,0.94604223246463,-0.8497263754392319,-0.9845604387923277,-0.71425216493685,0.5368672940171075,-0.9929579455926724,-0.8784799233505142,-0.12117997639292036,-0.6330336228711757,-0.8747135957889683,-0.9025069130397498,0.9288948737452852,0.23792095353544862,0.5807124701951039
2005,False,None,0.5483068674900191,0.15588966345513164,-0.1558896634551315,0.9073781948382501,0.9120579287492748,0.060637645722698835,-0.003304786344084061,0.9491795746626454,-0.48613766317122753,-0.7943496187689851,-0.9562337647653737,0.9115286590289912,-0.911528659028991,0.1460217266101143,0.15716263812353293,0.8679863720203547,-0.8380846845313714,0.25723595055712767,0.46425518744563515,0.07245831546929224,-0.7690074356724913,-1.0,-0.27372567887031324,-0.2628677597337591,0.995409598601897,-0.9882842626503178,-0.16291993808854532,0.7874147355717286,0.47620342634980656,-0.43809353025929787,0.27372567887031335,0.2628677597337592,-0.9954095986018969,0.9882842626503178,0.16291993808854544,-0.7874147355717285,-0.4762034263498063,0.4380935302592979,0.9999364803043037,-0.3645204110364406,0.4173141472656273,0.9935527425024729,-0.8084166464419603,-0.9761005110848979,-0.7446798596229204,-0.354001756960694,0.40704498321110893,0.9947674346730111,-0.8017310673566916,-0.9735891015014251,-0.7521550667965025,-0.9983547885661422,-0.25659984749866865,0.8427959194727374,0.5581755361197371,-0.3500491335846683,0.3115964691326695,-0.8722708885248833,-0.6048323760694996,0.29576235615184227,-0.7364732882855217,-0.9451696379110116,-0.8155448924362031,0.9170125159763773,0.20915997816000612,0.5818385702286774
2006,False,None,0.40397329962324907,-0.17602800242306504,0.17602800242306538,0.9309060979360626,0.8605053952899235,0.7951362312829404,-0.4922648079838623,0.8596633319760161,-0.4203040275442064,-0.7672904273182481,-0.968229364007824,-0.9715973895645134,0.9715973895645132,0.7101890910201507,-0.11840083342691025,0.875959024827509,0.5973962619307238,0.8146017412680701,-0.9998393665499575,-0.8966071378122464,-0.16238776438954847,-1.0,-0.5234206752594711,0.35001343521299605,-0.7369277697573889,-0.7702012361372643,-0.6542088006242441,0.9671999716134068,0.7663505815645022,-0.07572360220605251,0.5234206752594713,-0.35001343521299555,0.7369277697573889,0.7702012361372643,0.654208800624244,-0.9671999716134068,-0.7663505815645021,0.07572360220605263,0.614971899863716,0.9617012423359919,-0.1403146184599784,0.9868622039094365,-0.7226931404050627,-0.9485155882483273,-0.8099926723539616,0.3752780815290814,-0.8670374301228305,0.47949123286106654,0.10058468823275593,-0.3335529452009474,-0.9605594199754018,0.13644741533970328,0.9933513281615405,-0.8844642085850929,-0.9990043846087066,-0.6182278517103735,0.021494645871563307,-0.5829268580208373,-0.18050642401200914,0.694292140600513,-0.824866715826031,-0.9872264856366371,-0.7046034451479762,0.9043999873286442,0.18004698519084716,0.5825472709444409
2007,False,None,-0.9811325060138165,-0.4883804329290083,0.48838043292900757,0.9973663154270402,0.7312287952635192,0.43000761353092326,-0.8877611345302877,0.7304392440874645,-0.35225364026613015,-0.7386417027672826,-0.9782694833082258,0.6478773147987299,-0.6478773147987292,-0.9645260394613897,-0.8493134141565903,-0.24734536338812893,0.7820176552270119,-0.8487022061997361,0.5265520198861959,0.8550331848853351,0.9197260910516551,-1.0,-0.42380329027621716,-0.952367489287412,0.5778258460009479,0.0318893340210856,-0.9527196086070461,0.988732964314647,0.9489770548824489,0.2968386245129647,0.4238032902762162,0.9523674892874117,-0.5778258460009487,-0.03188933402108459,0.9527196086070457,-0.9887329643146471,-0.9489770548824485,-0.2968386245129637,0.6798287051549244,0.4943559793999015,-0.9188083987573723,0.678979917644084,-0.28344584071750517,-0.6878047892157447,-0.9907309750876884,-0.3014123057164409,-0.33516799422093624,0.9999993309552782,-0.8959887274621895,-0.9999402514792892,-0.5739072482255893,-0.797318513847405,-0.3025150657269842,0.693486544914376,0.2909713622590129,-0.6078528130504911,-0.3340779207639637,-0.11808393019596229,0.34544699088745673,0.9639079728988249,-0.896501817377106,-0.9999269375981344,-0.5729595716650194,0.8910808537026866,0.1505509190241992,0.582824827364293
2008,False,None,0.9237793136390392,-0.7585388660231726,0.7585388660231721,0.9300636135149936,0.9942958210752918,0.6444253729336251,-0.989130813286305,0.5800885197693616,-0.2984807105739527,-0.7204225087617262,-0.9833820399142789,-0.45119774735330875,0.45119774735330903,0.9998597135032231,0.8776680605493739,0.3024964144232539,-0.8574339355053704,0.22396065969869894,0.08973959257435828,-0.39993914875765857,-0.9779473989290608,-1.0,-0.46608230764132647,-0.8237130101487484,-0.9871001014002133,0.8461083484450488,-0.9708053544895386,0.8483330003686298,0.9983954464066987,0.6276316171106399,0.46608230764132574,0.8237130101487482,0.9871001014002133,-0.8461083484450487,0.9708053544895386,-0.8483330003686297,-0.9983954464066989,-0.6276316171106399,0.8855725599099595,0.31841898813336345,-0.8659329584828136,0.24025349337963237,0.0730448582895488,-0.41523486472772514,-0.9813084088939897,0.7223069404429749,-0.9991713602133029,0.6636578166859375,-0.3985737027396803,-0.7902838393683725,-0.9584091731613943,-0.7498562881355616,0.9966860665019307,-0.9221589064123241,-0.9945823535958365,-0.4948923517747455,-0.6935539065916625,0.4355720360510356,0.8145683095772692,0.9459989492345814,-0.9505677998539509,-0.9828305076140078,-0.4225678879074229,0.8769533134900974,0.12024808513332846,0.5825404172087735
2009,True,Swine Flu (H1N1),-0.4112101874896246,-0.9300091525272812,0.9300091525272813,0.9689861379669256,0.7197919236154223,0.6776919525768308,-0.6844098029661496,0.393411814713386,-0.22777439502153213,-0.6895786620871117,-0.9902384100866519,0.047404940380569874,-0.04740494038056997,-0.6237123914792033,-0.9287679978688079,-0.9489714593445367,-0.38316569141240203,0.6762611264823831,-0.7939165870795971,-0.3765857341286069,0.5342502638269432,-1.0,-0.8103421986405083,-0.4142730556966786,-0.3599933565809173,0.9044772367554458,-0.7037756830906222,0.569707547398401,0.9074882651590456,0.8697021074061592,0.8103421986405083,0.4142730556966789,0.35999335658091763,-0.9044772367554458,0.7037756830906223,-0.5697075473984011,-0.9074882651590455,-0.8697021074061592,0.8690131857755437,0.8383891754027663,-0.4830126125908971,0.1540222893969649,0.019909168580060893,-0.48922875477801786,-0.9939711741082647,0.9982668864522112,0.013499483128469027,-0.3550373957622392,0.5119921869891859,0.006386648490011925,-0.8095245514009382,0.07231988266152928,-0.40943733466611326,0.5616556909168238,0.06522353761677092,-0.77357203511408,-0.9395597349023496,0.865823461829299,0.9999747012905256,0.5761043653607377,-0.9848050756629078,-0.9371005322055299,-0.2614271143633291,0.8622425001407222,0.08983084070465161,0.5819039026556229
2010,False,None,-0.5621616187690935,-0.9990719657097773,0.9990719657097773,0.9979789677111227,0.7630594374283116,0.44363016717982373,-0.12067092381380748,0.18880236023950017,-0.15594386368392996,-0.6573644638852917,-0.9952421070935243,0.5972617349612863,-0.5972617349612863,-0.6135790123639846,-0.963493954805466,-0.9905820346190531,0.8888205091274022,-0.9182908369422702,0.9045751313494937,0.9927704201155233,0.4789073286235391,-1.0,-0.9997898311339963,-0.7901900215730501,-0.4818201237300379,0.16331630815935666,-0.23092461552161517,0.19834431247880616,0.6892123834493589,0.9901218517475677,0.9997898311339963,0.7901900215730501,0.4818201237300378,-0.163316308159357,0.23092461552161506,-0.19834431247880563,-0.6892123834493589,-0.9901218517475677,0.802588268666426,0.49968332911133795,-0.18350779440428147,0.250823034800544,-0.21839638233608127,-0.7039217694874264,-0.987039314164854,0.9177620556670273,-0.7336844031496035,0.7787715948482444,-0.7574155223393413,-0.9886635970826018,-0.6964553120343682,-0.943194216101534,0.9638501320051908,-0.9544270476457053,-0.9669861465925202,-0.35419918786012133,-0.9976220496243476,0.9993657739387967,0.8273908905511432,0.02337597980766472,-0.9994436236761479,-0.8641318333898191,-0.09222358871912659,0.8468654817678172,0.058961111610722663,0.580814095162297
2011,False,None,0.9996083855568637,-0.9581568599565756,0.9581568599565755,0.9430629525594323,0.9758910210910943,0.8484728560011274,0.4333075482936185,-0.02432942420818815,-0.08358510050141227,-0.624021935167403,-0.9984304281918592,-0.9497715363139888,0.9497715363139888,0.952001343093344,0.9694012179637344,0.8333306321068472,0.407917850046582,0.0036553069524080765,-0.1114379297892692,-0.6456440465798116,-0.9964721832583272,-1.0,-0.8083935056213026,-0.9975317499007871,-0.9644613659571682,-0.6731525859375366,0.3094703333171853,-0.20515435169353521,0.37423815032305335,0.9726843467754007,0.8083935056213024,0.9975317499007871,0.9644613659571682,0.6731525859375364,-0.3094703333171852,0.20515435169353444,-0.37423815032305346,-0.9726843467754007,0.84773081528249,0.6241308947143457,0.10886895541769001,0.3095716585295609,-0.4102763678304676,-0.8483990464485746,-0.9229543276468299,0.943527859973384,0.6195654525287054,-0.24193662865995152,0.13592465435158635,-0.4384288258107126,-0.9865830838191073,0.8446241975917735,-0.5497250984707374,0.45646721446334365,-0.11591478608343067,-0.8767817086407379,-0.9115214703490239,0.861874282748154,0.4338464532714191,-0.4831026957372273,-0.9941720969430872,-0.7659934297780912,0.08028073103526595,0.830831338416237,0.027643821297004958,0.5792789613707158
2012,False,None,-0.8527660606951376,-0.8014223604739924,0.8014223604739924,0.9007844084846877,0.8454528965797012,0.1926209990876868,0.8122758269570115,-0.22063427700180835,-0.027312228211861293,-0.6029896351025109,-0.9994878854533853,0.995808655872378,-0.995808655872378,-0.5413439563344447,-0.9999041460859873,0.34825155196016633,-0.9973209634896785,0.6975714163088896,-0.49880728308130545,0.09755031468248955,0.8690424541887442,-1.0,-0.4621744462678068,-0.9969795300152429,0.4325275861788948,-0.9998312061209994,0.7601808816760008,-0.5759870711127151,0.006116627695871246,0.8201507927413019,0.4621744462678069,0.9969795300152429,-0.4325275861788949,0.9998312061209994,-0.760180881676001,0.575987071112715,-0.006116627695871147,-0.820150792741302,0.5296507294899048,0.5996441473250509,0.4783892191291537,0.22482084773137123,-0.45870699179600755,-0.8895993886687126,-0.886426798668443,-0.3611969839285121,0.9982381642020021,-0.7074250833224885,0.5107595683482056,-0.08376147124059875,-0.8621092509936339,-0.41588929396014235,0.9145925351970109,-0.986168075577822,-0.8989582236927556,-0.16112212028189216,-0.7481155575095464,0.5608708523498883,-0.024488037584946543,-0.8305242985464694,-0.9689667405269129,-0.645049597887035,0.2517321930011191,0.8139204121145532,-0.004689303163802516,0.5771532801156662
2013,False,None,0.26180754331267375,-0.5617190637435945,0.5617190637435949,0.976690511267005,0.9078761751741741,0.9508348602837426,0.9888327399881172,-0.4233162131642169,0.045433455534876196,-0.567713359844577,-0.999962979433254,-0.9455332144917287,0.9455332144917286,0.04853961440371942,-0.16692659280346894,0.5478318425869503,0.4027153028069009,-0.9852088172372894,0.9760183083639516,0.6458806101682014,-0.253493343751886,-1.0,-0.37103774388351835,-0.16312365508569351,-0.7903241984596169,-0.6787425425157623,0.9873291031561636,-0.8519945568183854,-0.3621827881194856,0.5545794117994155,0.37103774388351884,0.16312365508569407,0.7903241984596172,0.6787425425157627,-0.9873291031561635,0.8519945568183851,0.3621827881194851,-0.5545794117994159,0.9767045707004571,0.8621938970528246,0.933794002444911,-0.2189777341742698,-0.17005630027544164,-0.7311877381022479,-0.9785013592748483,0.7334028697557249,0.8352587653799509,-0.004496244853458358,-0.3775575462176621,-0.8605415248441831,-0.9114499591173043,0.9863708517927654,-0.6830849435150848,0.35257825949994626,-0.28484982576120255,-0.9481348182191822,-0.5536070375422188,0.19380176416705022,-0.4386884967609962,-0.9875137876286024,-0.9242791714350779,-0.5055059398016485,0.4155048963087512,0.7965830300151352,-0.036836022858110724,0.5747759055405277
2014,True,Ebola (West Africa),0.6973880736681927,-0.25999183575511026,0.25999183575511015,0.964990971881579,0.8652959222057447,-0.15588871653592462,0.9556597850926668,-0.6067675000575068,0.11753921367474861,-0.5316232061295588,-0.99882737147913,0.5107319921568543,-0.5107319921568542,0.4849965473307164,0.24419618087148898,0.5992169287914038,0.877512717004151,0.1465326216753559,-0.6297553173506029,-0.9777736191109028,-0.7312680585177698,-1.0,-0.5041531714626392,-0.7089932808569971,0.994335653058966,0.03588261650371538,0.9252987049438511,-0.9894766700727514,-0.6796362929333319,0.21293821313278272,0.504153171462639,0.708993280856997,-0.994335653058966,-0.03588261650371526,-0.9252987049438512,0.9894766700727514,0.6796362929333322,-0.21293821313278283,0.9664751401849312,-0.4095077939158968,0.8449677614849876,-0.7940085823568559,0.37388929638002205,-0.2908627999944603,-0.951161312480178,-0.6300231379465558,0.6793205505539993,-0.923475766466472,0.5994929556789582,-0.035452545056774996,-0.8400133562415166,0.14189642554696966,0.8797498703005848,-0.9992506466200782,-0.7537522518389181,0.10788413717585202,-0.3457927511846943,-0.18010433099098946,-0.7574639860931067,-0.9687956676365284,-0.8606884259179953,-0.35067601118236436,0.5675729720126346,0.7786233311109204,-0.0693233206466234,0.5720052541035265
2015,False,None,-0.9909046158600286,0.07020482599791715,-0.07020482599791703,0.9343086531220384,0.7385913460488032,0.9966507384656191,0.7395767821607175,-0.7628083393340387,0.1890713230171431,-0.49443306393753905,-0.9961367431179217,0.06466781102459217,-0.06466781102459274,-0.9737788795169675,-0.6411553609869695,-0.9985900895405923,-0.6422773290643536,0.8428840785340411,-0.319490651554285,0.3729690149388997,0.9752594844811963,-1.0,-0.28999254305888233,0.7243426813594054,-0.011604481171804472,0.7233333167341964,0.5914763393521393,-0.966266738658855,-0.9017825889157723,-0.15753258368958725,0.2899925430588822,-0.7243426813594054,0.011604481171804595,-0.7233333167341964,-0.5914763393521393,0.966266738658855,0.9017825889157725,0.1575325836895869,0.4497601475019656,0.9603296771557097,0.45106626428542923,-0.9431975281652312,0.5266866025235472,-0.15210805880662165,-0.8993959663627097,0.6809880767022736,0.9999989299451253,-0.12747942402695434,-0.5223475051837849,-0.9511687172652724,-0.7949392004646495,0.6820586296942107,-0.8131318378102,0.26873905720825036,-0.4216961406649224,-0.985619212405407,-0.12893026304467956,-0.521099474170912,-0.9507161405846788,-0.7958258820004379,-0.7791868936513597,-0.18489863752913668,0.7030776485557426,0.7600548601974556,-0.10210913794457831,0.5688536873961003
2016,False,None,0.7670349279575644,0.4087436587133488,-0.4087436587133485,0.9928975103017706,0.9930905451035564,-0.6820457705492677,0.38958183858389,-0.8753973817544735,0.24384527486142413,-0.47120050494179755,-0.9939676503148198,-0.272039963223922,0.2720399632239227,0.8379206733216823,0.6864423463245256,-0.9923650049872796,-0.2920904177142114,-0.9816149559311491,0.8092757843614562,0.20448543087511717,-0.6920407031345743,-1.0,0.2972601000350779,0.5130194208189979,0.3886471590038458,0.9997816126758816,0.08336515788951028,-0.78542992809415,-0.9975806838071007,-0.5063715491165324,-0.2972601000350776,-0.5130194208189977,-0.3886471590038463,-0.9997816126758816,-0.0833651578895106,0.7854299280941502,0.9975806838071007,0.5063715491165319,0.9720755938789368,-0.7642075061111705,0.2772418315108773,-0.9266918218974584,0.3574948991017545,-0.3629166649504066,-0.9738598205744613,-0.5915135804857393,0.4949690100172752,-0.8126211018111892,0.1283521403581276,-0.5714510834145418,-0.9999701473912204,0.40781743406007465,0.9505790109732667,-0.8755479262766129,-0.32365376175014465,0.5977260490804985,0.10417222059553481,-0.7981932376653682,-0.9959100326962516,-0.48824028532471336,-0.6822735504246406,-0.013887265418999963,0.8170999965188068,0.7405013978378503,-0.13601125469060016,0.5650930856900388
2017,False,None,-0.09325302190293666,0.6849069819699876,-0.6849069819699879,0.9799170288570126,0.7233189680228257,0.9907012625622164,-0.07110811065897271,-0.9588306583087575,0.31319057040176596,-0.43269159959018516,-0.9890230995604834,0.6615858191467456,-0.6615858191467452,0.10715651256800433,-0.7549567875349668,0.04307641188890864,0.9997531340017481,0.3721548691571721,-0.9747579376830492,-0.8572636809917117,-0.054887714776763206,-1.0,0.8164450621220983,-0.007723404942559482,0.7776721577558956,0.6780836277822665,-0.44979443732919294,-0.47746692341814284,-0.9532445092837111,-0.7850519883043751,-0.8164450621220986,0.007723404942558916,-0.7776721577558958,-0.678083627782266,0.44979443732919344,0.47746692341814273,0.9532445092837109,0.7850519883043755,0.5711001628747492,0.9979352077531198,0.12922083713695948,-0.8829475770785468,0.11752715370261407,-0.6037744428712327,-0.998624953572186,0.6226450090458439,-0.7401999503172776,-0.8896315259295215,0.8823111875926848,0.3095533883589175,-0.6133481300508297,0.06526386349100888,-0.9112780063796445,0.18106802148797818,-0.5513275611597652,-0.9999300787982597,0.3514402427225811,-0.9695566576992711,-0.8684919684068401,-0.07705938043963896,-0.5699883146910291,0.15885945752639835,0.9063447320464906,0.7206707648801316,-0.1694255349544176,0.5611547206084988
2018,False,None,-0.810941814313538,0.8855941653895579,-0.8855941653895579,0.9152669167437961,0.7583835554246297,-0.870578153292698,-0.5572053492929069,-0.9975096403555266,0.3810115424416736,-0.39328678481979307,-0.9826864608244829,-0.9899332595043294,0.9899332595043294,-0.9779453467217109,-0.9963955870707619,0.9938882612725607,-0.034013395174154644,0.7676531328424012,0.23201265975882032,0.8569075542482982,0.905311689783375,-1.0,0.9976617493683738,0.9743589675204586,-0.999507199327067,-0.10778206226542754,-0.8506302423565082,-0.09200419696286569,-0.7753242513938937,-0.956314818506787,-0.9976617493683738,-0.9743589675204585,0.999507199327067,0.10778206226542789,0.8506302423565083,0.09200419696286534,0.7753242513938937,0.9563148185067871,0.9567031159569339,-0.9950247238932286,-0.1754768624480959,-0.8845746027786132,-0.023733982979905383,-0.7303471735692484,-0.9740585982798556,-0.98094161962292,0.11866997546383273,-0.7105226821052422,-0.3136899239014879,-0.8975453399764208,-0.8660179498149359,0.07652139024877126,0.8337070860529008,0.12321613891429592,0.7947672111490331,0.9466669084137371,0.6143842524104692,-0.9800414706671217,-0.5443181913345525,0.39370936661511857,-0.44527286781428266,0.32746072150618744,0.967171630387485,0.7002177661195632,-0.203113892553925,0.5568235961720455
2019,True,COVID-19 (Start),0.9550965897022949,0.9888265655178882,-0.9888265655178883,0.9172356005571711,0.9781494251908145,0.937788747958042,-0.924293028840004,-0.9891831859777672,0.4468140395072842,-0.3532375209240316,-0.975053078091215,0.9002560834561345,-0.9002560834561347,0.7580210695482124,0.9958277532511001,0.792803453755351,-0.9958799287812474,-0.9013033738621452,0.6918236939105077,-0.06018235342857001,-0.8655008086452964,-1.0,0.9663684508318159,0.9362279100032014,0.9790686650784926,-0.8570677190272264,-0.9999970921314586,0.308459091081365,-0.48875114642533096,-0.9972478455905451,-0.9663684508318158,-0.9362279100032016,-0.9790686650784926,0.8570677190272268,0.9999970921314586,-0.3084590910813653,0.48875114642533024,0.9972478455905451,0.814376282435994,0.9984811970678291,-0.695752649380113,-0.9657454747608035,0.05346348026253009,-0.6966673246414187,-0.9827747974823973,0.8451122413401188,-0.9834499084598574,-0.937072601566133,0.6230465993962256,-0.1510187204509921,-0.9075989739441103,-0.7342686125836102,-0.9785749882314395,0.10839703391901724,-0.6560854243105706,-0.9914638401437186,0.8583076830203891,-0.7544515323746724,-0.03058291448483943,0.8165117466316918,-0.31075218179333347,0.48664580484939474,0.9970661511053465,0.6791220665363228,-0.2370854406303539,0.552087456908774
2020,True,COVID-19 (Peak),-0.6691497439132413,0.9798169487643187,-0.9798169487643188,0.9999468584053479,0.8284823381053112,-0.13996686287238036,-0.9709186207258838,-0.9401305903201137,0.49659300111622057,-0.32828640362192313,-0.9704057247717602,-0.8041931185108669,0.8041931185108668,-0.6767752626304315,-0.970541486451394,-0.6421535949787942,0.47177794955870245,0.3758195393439017,-0.9773175840484951,-0.4822693858306679,0.46989607717371623,-1.0,0.9818256636135392,0.9237063042730949,0.06078718932097437,-0.903465266330087,-0.8530281593803812,0.6600774025713234,-0.13284237787726194,-0.9025488297185984,-0.9818256636135393,-0.9237063042730949,-0.06078718932097405,0.903465266330087,0.8530281593803812,-0.6600774025713234,0.13284237787726183,0.9025488297185985,0.8342116405112475,-0.1297516701054374,-0.9683988926592707,-0.9365670936252107,0.5055148590989179,-0.3185310771986219,-0.9678646783740487,0.43854243426677925,-0.67031582772652,-0.5880203331827023,0.8975024884750237,0.2569986731063646,-0.6687313740713154,0.37294948626284224,0.4690466426488274,0.7899326893530367,0.9812292002541072,0.3749278462008833,0.9943845951567066,-0.2743476677400799,0.544880627660254,0.9999977249210377,-0.1710409658703401,0.630557978773847,0.9946080725720192,0.6568536088437059,-0.2722957810328399,0.54666802872971
2021,True,COVID-19 (Delta/Omicron),-0.07580509815027667,0.8605307097380307,-0.8605307097380307,0.9345791493182959,0.9036381034423782,0.8438909854824743,-0.6139448477321957,-0.8435903627281626,0.5584054158271532,-0.28703127627552105,-0.9608861079225749,0.4427002337398108,-0.44270023373981077,0.28388577698861545,-0.49556485092759445,-0.598942183177566,0.8336178435397686,0.599390595855162,0.784851263760338,0.9769233742702613,0.348987037225279,-1.0,0.9854552836426035,0.5594345460515456,0.4528942994967593,-0.12622518667965713,-0.4523948824198158,0.9031058569945987,0.2409644619635348,-0.6857972125409204,-0.9854552836426035,-0.5594345460515457,-0.4528942994967594,0.12622518667965724,0.45239488241981585,-0.9031058569945984,-0.2409644619635347,0.6857972125409204,0.692152473271004,0.5978149924189842,-0.29296501221859034,-0.5973659205451317,0.8169973177784854,0.07253207509598006,-0.7994998920364507,0.9923595895714229,-0.8928596029200695,-0.9922903318346649,0.1492949790451397,-0.6696470199969204,-0.986907467800568,-0.9415998100293422,-0.9999998431559658,0.02615777938519755,-0.7561619010421854,-0.9594675581394556,0.9417882598631915,0.3119886348550073,0.9323554504435406,0.8085363931998566,-0.025597888321301863,0.7565282892458541,0.9593095668045137,0.6343811515778509,-0.30682020931712056,0.5410947394607625
2022,False,None,0.898922594071723,0.6463819957467987,-0.6463819957467987,0.9578189638858893,0.870018113525349,0.30416500713409406,-0.03712525215914569,-0.7065883784726444,0.6172264498508172,-0.245490989273252,-0.9502995479952453,0.24676524851051446,-0.24676524851051435,0.7351051564471257,0.5660832922889004,-0.14392887709337757,-0.47117819218639956,-0.9451839825491802,0.2101421593749575,-0.6453783005415451,-0.9906448346100363,-1.0,0.838386003917933,0.9385450067567399,0.923468663703743,0.7384908671413727,0.0832016034969783,0.999292432900072,0.5809839249022426,-0.37670198772522995,-0.838386003917933,-0.93854500675674,-0.9234686637037431,-0.7384908671413726,-0.08320160349697799,-0.999292432900072,-0.5809839249022424,0.3767019877252296,0.9750000644868787,0.5650914184165351,0.25161490968069017,-0.47343198892848665,0.8172915644919603,0.043442447873345454,-0.8207452829787132,0.7342892332645707,0.4603802386563106,-0.2658716781372012,0.9248990157429452,0.26435119054990563,-0.673282494653355,0.9406704426491032,0.45917763010140156,0.9372458408117994,0.8487983668151263,0.00753784894958868,0.733369253601355,0.76332847337486,0.9778445034758976,0.34640254752822897,0.12062393791319502,0.8594317673744384,0.8917804474962295,0.611185498239901,-0.3415945095057826,0.5350997775656352
2023,False,None,-0.8899779747644241,0.361186640727044,-0.36118664072704365,0.9999810575013602,0.7469640780670668,0.7053214799185613,0.49923017364237027,-0.5353085777898234,0.673070789082379,-0.2033536067434831,-0.9385857030734902,-0.7466684877530175,0.7466684877530176,-0.8871543920069479,-0.361601076416745,-0.30446535215542614,-0.8394169530367115,0.09124647878201805,-0.9362683735625748,-0.26549525435539245,0.6779783250224282,-1.0,0.3554402547130494,-0.3501883118539509,-0.40628040201702764,0.9882923981603453,0.5942904948179102,0.9327559477088381,0.839560823710973,-0.01725126597149497,-0.35544025471304913,0.3501883118539512,0.406280402017028,-0.9882923981603452,-0.5942904948179106,-0.932755947708838,-0.8395608237109735,0.017251265971494623,0.7510422021960628,0.7096713577877078,0.49388755459397254,-0.5404973410082549,0.6685058995991212,-0.20937619701638216,-0.9406917004520223,0.9981639264024195,-0.20317765337270544,-0.9614383612576699,0.011040578003158419,-0.8028701354991021,-0.9304987359302707,-0.26211164179762103,-0.976331197657136,-0.049546423664742885,-0.8375053038890308,-0.9066036227843824,0.4646268860262387,0.9768390137255042,0.7468445865779212,-0.16959832982830955,0.2643889063269933,0.9358647101356017,0.7938785160827119,0.5872534758897917,-0.37654602147374716,0.5287013695955801
2024,False,None,0.5564739355262039,0.01876453913192062,-0.0187645391319205,0.9507691271154771,0.9917803502473247,0.5903685965768278,0.8497706444940479,-0.35368096390140813,0.7145285770498269,-0.1772005090672939,-0.9321239963696084,0.8411607536821685,-0.8411607536821682,0.271593077460317,0.4455889944187991,0.9991439887176183,0.9108678855997719,0.5803487946038121,0.9788949273716171,0.7191089719828807,-0.21781383475076238,-1.0,-0.2920047834081906,-0.10931925850712249,0.8180696514744501,0.5430053277216218,0.9285647688736195,0.7128908755348861,0.9806764018427797,0.3445846373607453,0.2920047834081907,0.10931925850712261,-0.8180696514744501,-0.5430053277216218,-0.9285647688736194,-0.712890875534886,-0.9806764018427797,-0.3445846373607446,0.9826065017657062,0.31117340627110013,0.6445710582657291,-0.6261389873780726,0.46254366870205454,-0.4734726252073084,-0.9984617133567493,0.48224152239389206,0.7753355529276365,-0.4704558783150173,0.6191393211447128,-0.3016711999873182,-0.9707987401906821,0.9271605582559505,0.5461634458717151,0.9865110665916694,0.6897470757645615,-0.25800189684025565,0.19253297013306872,0.9759846580167282,0.3682304873785201,-0.6011889522120074,0.4016728317661313,0.9832361822619949,0.6684073227062199,0.5619199984892203,-0.41267432978405033,0.5215811858764098
2025,False,None,0.25248183143696645,-0.3094271427431191,0.3094271427431184,0.9007334832451406,0.726989508035488,0.5277498432482437,0.9962225633091842,-0.1407560762846052,0.7640169268184286,-0.1346674895471082,-0.9190068400550423,-0.9982395298765406,0.9982395298765406,0.6477180727816361,-0.48085063439092257,0.9551279296479049,0.16750480957379085,-0.993506841095267,-0.43139250461090317,-0.9927886967737045,-0.6135013331843276,-1.0,-0.6917659527070026,0.42799973465677105,-0.9710141085403299,-0.22568331714429388,0.9850098033894114,0.37712442957100945,0.9839308236031997,0.6592591125291082,0.6917659527070028,-0.42799973465677077,0.9710141085403299,0.2256833171442942,-0.9850098033894112,-0.37712442957100933,-0.9839308236031996,-0.6592591125291081,0.35656275560135986,0.84431761992929,0.8596115930054752,-0.5568314157852405,0.40792034711062014,-0.5517149351462276,-0.9990278098530706,-0.19957059040069425,0.7838696147756461,0.5774843134977652,0.998455335713948,0.5824919274545556,-0.39740291044346976,0.4519972614662185,-0.9152274805400376,-0.14481974065513864,-0.9127332805461554,-0.8198744590629077,-0.054252245018483414,0.8171575799020636,-0.048113146856547676,-0.8813007300064335,0.5312327982143826,0.9999811062410289,0.5196724338717136,0.536430765746292,-0.4477736089513975,0.5144107221717498
