id,birth_date,birth_time,latitude,longitude,asc_true,events
1,1986-11-05,00:50,40.71,-74.0,93.95323349702247,1994-06-05:career|1995-02-27:career|2002-05-21:child|2006-11-04:child|2008-05-24:marriage|2018-10-07:child|2020-06-14:marriage|2021-07-13:career|2022-07-06:career|2024-10-29:career|2030-02-18:child|2032-02-20:marriage|2033-06-23:shock|2034-02-14:shock|2042-01-28:child|2044-02-16:marriage
2,1961-06-05,20:32,40.71,-74.0,210.043443245269,1974-11-12:shock|1975-03-20:shock|1975-04-16:child|1976-06-27:career|1976-07-13:marriage|1977-03-26:marriage|1982-06-10:child|1987-03-11:child|1988-07-11:marriage|1989-02-07:marriage|1992-09-19:marriage|1993-08-01:career|1999-02-21:child|2000-01-20:career|2000-07-14:marriage|2005-08-26:career|2006-03-08:career|2012-06-13:marriage
3,1965-11-03,16:20,40.71,-74.0,281.34265583961337,1966-02-15:child|1983-03-13:career|1989-06-05:child|1990-04-11:shock|1991-01-19:shock|1991-08-08:marriage|2001-05-09:child|2012-11-17:career|2013-04-29:career|2014-11-29:marriage|2015-01-05:marriage|2016-09-27:marriage|2020-01-28:career|2024-09-06:child
4,1977-05-07,22:57,40.71,-74.0,216.22440828850043,1977-05-10:career|1977-06-28:shock|1988-07-20:marriage|1996-07-28:child|1999-03-17:child|2000-06-25:marriage|2001-03-20:marriage|2006-07-07:career|2012-07-04:marriage|2013-01-25:marriage|2023-02-06:child|2034-07-28:child|2035-01-30:child|2035-09-16:career|2036-02-17:career
5,1960-01-26,11:31,40.71,-74.0,291.7666762002207,1965-10-11:child|1966-05-16:child|1967-11-26:marriage|1968-01-01:marriage|1977-07-31:child|1978-03-04:child|1979-10-19:marriage|1980-02-08:marriage|1984-02-20:career|1989-08-08:child|1990-02-13:child|1991-11-01:marriage|1992-04-10:marriage|1993-02-26:shock|1994-01-06:shock|1995-09-08:child|2003-09-24:marriage|2004-12-28:marriage|2013-10-29:career|2014-06-10:career|2015-09-18:marriage
6,1988-03-19,20:07,40.71,-74.0,144.7528565838208,1997-01-15:child|1998-04-24:marriage|1999-07-20:career|2009-01-02:child|2010-04-13:marriage|2020-03-15:child|2029-06-30:career|2030-02-03:career|2032-02-29:child|2036-05-06:shock|2044-03-05:child|2044-05-10:child|2044-11-04:shock|2045-01-28:shock
7,1967-07-17,11:30,40.71,-74.0,135.1946243700878,1969-06-12:career|1970-01-29:career|1974-11-21:marriage|1984-12-09:child|1986-03-06:marriage|1986-10-03:career|1992-11-21:marriage|1996-03-25:child|1999-05-14:career|2006-12-27:marriage|2008-02-27:child|2020-02-27:child
8,1985-07-26,02:21,40.71,-74.0,351.2944399856041,1988-06-27:career|1990-09-30:child|1991-06-25:child|1994-07-13:marriage|2003-03-23:child|2005-12-23:marriage|2007-06-09:child|2008-02-28:shock|2009-01-30:shock|2010-01-05:shock|2014-08-04:child|2015-03-19:child|2017-02-03:career|2026-08-15:child|2029-11-16:marriage|2039-05-24:career|2041-10-10:marriage
9,1961-01-13,13:23,40.71,-74.0,311.4928131361267,1968-12-10:marriage|1969-04-05:marriage|1978-07-10:child|1980-10-04:marriage|1981-05-09:marriage|1982-03-26:shock|1986-07-29:career|1990-07-15:child|1992-10-11:marriage|1998-02-04:shock|1999-02-03:shock|2001-12-08:child|2014-01-31:child|2015-05-22:career|2016-09-24:marriage|2016-11-11:shock
10,1968-07-23,01:55,40.71,-74.0,335.55726024115825,1969-11-14:marriage|1978-09-10:child|1979-03-13:child|1981-10-18:marriage|1986-12-31:career|1987-01-08:career|1990-09-09:child|2002-08-28:child|2004-03-20:shock|2005-01-02:shock|2005-09-15:marriage|2016-02-01:marriage|2016-03-20:career|2017-01-28:marriage|2026-07-06:child
11,1971-08-09,20:02,40.71,-74.0,254.54269595899967,1976-11-12:child|1977-03-07:child|1980-09-24:career|1981-06-09:career|1984-02-17:shock|1985-01-05:shock|1988-06-14:child|1990-06-01:marriage|2000-06-06:child|2002-05-12:marriage|2006-08-09:shock|2009-11-19:career|2010-02-11:career|2012-04-21:child|2013-10-26:marriage|2014-05-23:marriage|2024-05-21:child|2025-08-22:marriage|2026-02-07:marriage
12,1975-07-19,20:47,40.71,-74.0,246.8462130927544,1976-06-21:child|1978-06-15:marriage|1979-11-19:career|1980-03-08:career|1982-12-16:shock|1983-01-14:shock|1988-05-30:child|1989-09-16:marriage|1990-03-26:marriage|1990-05-17:marriage|2000-06-01:child|2001-09-24:marriage|2002-02-02:marriage|2005-11-22:shock|2009-10-02:career|2012-04-11:child|2013-07-20:marriage|2014-02-17:marriage|2021-10-19:career
13,1979-06-12,10:14,40.71,-74.0,91.41441056810054,1982-12-14:child|1985-01-28:marriage|1994-03-29:career|1994-12-10:child|1995-01-18:career|1997-01-01:marriage|2006-10-06:child|2008-11-08:marriage|2010-04-13:shock|2013-10-10:career|2018-04-02:child|2020-11-30:marriage|2022-07-21:child|2023-07-07:career|2024-01-27:career|2030-02-10:child|2032-06-29:shock|2032-09-12:marriage|2033-01-18:shock|2034-01-02:shock
14,1964-10-11,10:50,40.71,-74.0,194.7099780145959,1970-12-16:shock|1971-01-28:shock|1972-05-09:shock|1974-09-16:career|1975-02-28:child|1976-05-16:marriage|1986-05-24:child|1987-01-29:child|1988-04-20:marriage|1998-05-09:child|1999-01-20:child|2004-08-03:career|2010-03-28:child|2011-10-01:marriage|2012-04-05:marriage|2015-10-07:child|2022-03-20:child|2023-07-27:marriage
15,1976-01-07,01:55,40.71,-74.0,156.67581103082648,1985-08-07:child|1997-02-23:child|1999-03-06:marriage|2000-09-18:career|2001-06-02:career|2009-01-20:child|2010-06-25:marriage|2011-02-11:marriage|2016-05-04:career|2022-09-16:marriage|2029-02-04:marriage|2030-03-26:shock|2030-06-19:career|2031-02-23:career|2031-05-13:marriage|2034-04-30:marriage
16,1979-07-21,15:53,40.71,-74.0,190.36746726706775,1986-10-10:child|1987-01-08:child|1998-03-10:child|2000-03-06:marriage|2003-09-30:career|2004-05-24:career|2010-04-15:child|2011-07-10:marriage|2012-03-27:marriage|2018-01-01:career|2022-03-04:child|2023-07-11:marriage|2024-02-22:marriage|2033-06-09:career
17,1973-06-27,22:51,40.71,-74.0,254.95466431713936,1976-06-26:child|1978-07-25:marriage|1980-10-22:career|1981-04-14:career|1984-02-10:shock|1985-01-16:shock|1988-05-23:child|1989-01-03:child|1989-06-04:child|1990-06-29:marriage|2000-06-18:child|2002-01-01:marriage|2006-02-23:shock|2009-12-13:career|2010-02-09:career|2013-09-04:marriage|2024-05-06:child|2025-06-15:marriage|2025-10-01:marriage|2026-02-15:marriage
18,1965-08-12,00:27,40.71,-74.0,331.34745726031446,1967-01-14:child|1969-10-07:marriage|1979-03-06:child|1981-09-18:marriage|1986-11-27:career|1987-01-01:career|1990-08-14:child|1991-05-28:shock|1997-09-18:marriage|2002-08-16:child|2003-04-07:shock|2004-01-30:shock|2004-12-16:marriage|2005-01-30:marriage|2014-06-15:child|2016-02-03:career|2017-04-19:marriage|2018-12-20:child|2020-08-15:shock
19,1974-08-07,00:00,40.71,-74.0,313.6924655077701,1978-07-21:child|1980-11-06:marriage|1981-03-24:marriage|1985-12-14:career|1986-08-24:career|1992-10-20:marriage|1997-11-24:career|1998-04-28:shock|1999-02-24:shock|2000-01-09:shock|2001-10-31:child|2004-09-30:marriage|2013-09-22:child|2014-04-08:child|2015-04-11:career|2016-09-25:marriage|2025-07-28:child|2026-03-13:child|2028-09-16:marriage
20,1983-01-27,21:27,40.71,-74.0,120.44643430214671,1984-01-27:child|1997-05-07:marriage|1997-11-16:career|1998-01-09:marriage|1998-01-24:career|2007-12-24:child|2009-04-04:marriage|2015-12-12:child|2015-12-28:child|2026-07-02:career|2027-04-15:career|2031-03-15:child|2033-03-08:marriage|2039-06-25:shock|2040-01-22:shock
21,1983-11-03,16:38,40.71,-74.0,285.63341780283025,1983-12-02:career|1984-06-12:career|1991-04-10:shock|1991-10-01:marriage|1992-01-29:shock|1999-04-01:child|2001-06-14:child|2003-09-10:marriage|2012-12-21:career|2013-02-14:career|2015-08-27:marriage|2025-04-23:child|2026-11-14:marriage|2027-07-06:marriage|2036-09-26:child|2037-04-17:child|2038-11-19:marriage|2039-01-23:marriage|2042-11-11:career|2043-07-11:career
22,1965-06-25,01:36,40.71,-74.0,291.1648759635885,1965-09-20:child|1966-05-09:child|1967-12-17:marriage|1968-08-03:marriage|1978-01-10:child|1979-11-03:marriage|1980-03-22:marriage|1983-11-28:career|1984-03-15:career|1986-02-15:shock|1989-07-31:child|1991-09-26:marriage|1992-02-29:marriage|1993-02-16:shock|1994-08-23:shock|2003-08-16:marriage|2013-06-19:child|2013-11-28:career|2014-06-30:career|2015-09-24:marriage
23,1963-01-11,17:35,40.71,-74.0,48.21885283971125,1980-09-15:career|1981-04-23:child|1990-12-28:career|1991-01-14:career|1992-09-16:child|1995-04-03:marriage|2004-09-30:child|2007-01-20:marriage|2013-01-16:shock|2015-10-28:career|2019-01-31:marriage|2020-02-29:career|2022-07-16:shock|2023-10-02:marriage
24,1965-02-26,03:37,40.71,-74.0,216.31150122863352,1965-05-14:marriage|1975-10-24:shock|1975-12-22:child|1976-01-04:shock|1976-09-30:career|1977-01-01:career|1977-05-22:marriage|1977-06-09:shock|1988-09-18:marriage|2000-12-05:marriage|2001-04-02:marriage|2006-08-15:career|2012-04-07:marriage|2012-07-26:marriage|2013-02-12:marriage|2015-08-28:career
25,1966-05-18,20:21,40.71,-74.0,193.72871756742194,1971-01-12:shock|1972-05-24:shock|1974-05-28:child|1974-07-23:career|1975-01-04:career|1976-05-23:marriage|1981-12-25:career|1982-05-20:shock|1984-10-20:career|1986-05-11:child|1988-05-10:marriage|1998-05-19:child|2000-04-16:marriage|2004-07-14:career|2011-08-10:marriage|2012-02-27:marriage|2023-06-17:marriage|2024-03-21:marriage
26,1987-05-19,07:08,40.71,-74.0,359.0012170895342,1988-01-30:career|1994-01-23:marriage|2002-11-14:child|2003-01-01:child|2005-12-22:marriage|2006-05-17:marriage|2010-04-07:shock|2011-02-17:shock|2014-11-02:child|2015-06-22:child|2015-10-08:shock|2015-12-13:career|2017-04-04:career|2017-11-05:marriage|2018-01-15:career|2024-01-14:child|2026-08-21:child|2027-03-13:child|2029-12-07:marriage|2038-02-22:career|2038-09-25:child|2041-11-06:marriage|2046-12-12:career|2047-01-04:career
27,1969-10-22,09:08,40.71,-74.0,182.87678146057425,1970-05-20:shock|1973-08-31:career|1974-05-04:career|1976-03-01:marriage|1987-07-05:marriage|1998-03-23:child|1999-06-10:marriage|2000-02-10:marriage|2003-06-23:career|2006-08-23:marriage|2008-01-01:marriage|2010-03-10:child|2011-12-22:marriage|2012-01-02:marriage|2019-10-25:career
28,1964-02-22,20:22,40.71,-74.0,127.50010063435951,1968-08-02:career|1969-05-02:career|1972-03-27:child|1984-03-12:child|1992-10-11:shock|1996-08-15:child|1997-06-22:child|1998-01-16:marriage|1998-05-08:career|2008-01-18:child|2009-05-27:marriage|2009-06-23:child|2020-01-21:child|2021-05-19:marriage|2024-12-13:career
29,1986-02-07,18:18,40.71,-74.0,89.98100937801077,1994-03-08:career|1994-10-08:child|1996-11-08:marriage|2006-10-21:child|2008-06-12:marriage|2011-09-22:marriage|2018-01-02:child|2020-08-04:marriage|2023-04-05:career|2029-12-07:child|2030-01-10:child|2032-06-18:shock|2033-04-12:shock|2041-12-22:child|2042-01-09:child|2044-02-18:marriage|2044-04-05:child
30,1970-11-11,06:11,40.71,-74.0,163.14286033487983,1972-05-12:career|1974-02-13:child|1985-04-05:child|1987-04-15:marriage|1994-07-04:marriage|1997-03-15:child|1999-02-19:marriage|2001-04-25:shock|2001-07-26:career|2001-08-02:career|2002-01-10:career|2009-10-03:child|2011-02-02:marriage|2021-01-30:child|2022-08-21:marriage|2023-02-25:marriage|2030-09-01:career
31,1977-06-01,19:32,40.71,-74.0,195.19398646299547,1986-09-09:child|1998-04-30:child|2000-05-12:marriage|2004-06-28:career|2012-04-14:marriage|2014-03-16:child|2023-06-18:marriage|2024-01-27:marriage|2027-11-06:shock|2033-08-28:career|2034-01-31:career|2034-04-02:child|2035-06-23:marriage|2036-01-09:marriage
32,1987-05-07,10:27,40.71,-74.0,57.63278392469858,1991-04-11:career|1992-01-11:career|1992-12-14:child|1993-01-02:child|1995-12-28:marriage|2005-05-16:child|2016-10-09:child|2019-02-19:marriage|2021-10-29:career|2024-06-04:shock|2025-05-02:shock|2026-01-05:shock|2031-02-05:marriage|2043-01-27:marriage|2044-02-24:marriage
33,1982-12-19,03:06,40.71,-74.0,156.17502988282507,1985-08-16:child|1987-03-20:marriage|1997-02-20:child|1998-07-09:marriage|2000-08-29:career|2006-05-23:shock|2010-05-31:marriage|2011-01-31:marriage|2022-11-01:marriage|2026-05-22:career|2031-01-17:career|2034-05-08:marriage|2038-02-14:marriage
34,1967-07-25,06:01,40.71,-74.0,70.49083998036295,1969-11-03:child|1970-05-25:child|1972-07-16:marriage|1981-10-19:child|1984-01-28:marriage|1992-03-02:career|1993-01-28:career|2005-10-02:child|2005-11-21:career|2017-09-24:child|2021-06-06:child|2022-01-22:career|2024-03-21:marriage
35,1975-08-21,07:59,40.71,-74.0,120.79276666461313,1990-01-26:career|1995-11-29:child|1997-04-17:career|1997-06-05:marriage|1998-02-21:career|2009-05-09:marriage|2012-08-17:shock|2019-11-16:child|2020-01-01:child|2021-03-04:marriage|2026-06-14:career|2031-04-16:child|2033-02-10:marriage
36,1980-04-27,15:00,40.71,-74.0,114.38059874422677,1983-11-15:child|1985-03-23:marriage|1995-11-07:child|1996-05-16:career|1997-02-22:career|1997-03-02:marriage|1998-10-27:marriage|2007-10-11:child|2009-02-23:marriage|2019-02-19:child|2021-02-04:marriage|2026-03-31:career|2027-01-16:career|2030-12-31:child|2031-06-11:child|2037-08-24:shock|2038-01-09:shock|2039-02-04:shock
37,1990-01-18,02:05,40.71,-74.0,167.6899920617268,1997-04-20:child|1998-01-26:child|2001-09-27:career|2009-01-03:child|2009-04-06:child|2011-03-29:marriage|2021-03-27:child|2023-03-23:marriage|2031-06-06:career|2032-01-25:career|2032-06-25:career|2033-02-08:child|2034-07-11:marriage|2035-01-29:marriage|2043-01-03:marriage|2045-02-06:child|2046-05-29:marriage|2047-01-21:marriage|2048-05-02:child|2048-12-05:shock|2049-01-06:shock
38,1967-05-15,05:31,40.71,-74.0,313.5144093604953,1968-12-03:marriage|1969-06-18:marriage|1978-07-21:child|1980-11-05:marriage|1981-06-01:marriage|1985-12-21:career|1986-06-27:career|1995-07-18:career|1998-05-12:shock|1999-01-02:shock|2000-01-18:shock|2001-11-02:child|2004-09-15:marriage|2015-02-01:career|2016-10-21:marriage|2025-07-30:child|2026-02-22:child
39,1966-03-27,20:11,40.71,-74.0,151.19441184456028,1971-04-21:career|1973-03-01:child|1975-01-21:marriage|1985-02-25:child|1986-07-23:marriage|1987-01-17:marriage|1987-02-10:shock|1998-05-29:marriage|1999-01-09:marriage|2000-12-04:career|2001-02-09:career|2008-12-24:child|2010-04-10:career|2010-05-18:marriage|2011-01-17:marriage|2020-04-01:shock|2022-04-28:marriage
40,1988-01-23,01:58,40.71,-74.0,169.7989913169027,1997-06-02:child|1998-01-14:child|2002-05-21:career|2008-10-01:career|2009-08-26:child|2011-02-17:career|2011-04-26:marriage|2021-10-08:child|2031-07-29:career|2032-02-06:career|2033-02-14:child|2034-07-05:marriage|2035-03-15:marriage|2036-10-23:marriage|2041-11-02:child|2046-07-18:marriage
41,1980-07-13,02:50,40.71,-74.0,342.20967224865376,1981-11-27:marriage|1987-02-12:career|1990-09-07:child|1991-01-20:child|1993-11-02:marriage|1995-04-28:career|2002-01-17:shock|2002-05-02:shock|2002-08-01:child|2005-04-19:shock|2005-09-26:marriage|2006-03-06:shock|2007-01-10:shock|2014-07-15:child|2016-12-06:career|2017-07-20:career|2017-09-13:marriage|2026-08-16:child|2026-11-08:child|2029-02-05:marriage|2038-07-20:child
42,1967-02-06,22:55,40.71,-74.0,145.37895560593256,1970-07-07:career|1971-02-09:career|1974-05-21:marriage|1975-01-10:marriage|1983-04-15:career|1986-05-20:marriage|1987-02-09:marriage|1998-04-24:marriage|1999-08-19:career|2000-02-03:career|2000-04-06:career|2020-04-19:child|2022-04-05:marriage
43,1969-05-04,09:27,40.71,-74.0,33.10145758015211,1971-02-08:marriage|1980-08-01:child|1983-01-20:marriage|1987-08-15:career|1990-07-14:career|1991-12-29:child|1992-01-05:child|1992-06-09:shock|1995-08-08:marriage|2003-11-08:child|2004-02-07:child|2004-02-20:shock|2008-09-13:career|2016-03-07:child|2018-06-23:shock|2018-12-13:marriage|2019-02-17:career|2019-06-07:shock|2020-02-04:shock|2027-10-30:child
44,1989-04-02,07:54,40.71,-74.0,305.68923633136546,1989-08-21:child|1992-09-20:marriage|1996-06-14:shock|1997-01-12:shock|1998-01-01:shock|2001-09-05:child|2002-02-04:child|2010-08-05:marriage|2014-03-11:child|2014-12-10:career|2015-01-14:career|2015-11-27:marriage|2016-01-30:marriage|2017-11-28:shock|2024-07-03:shock|2027-10-29:marriage|2028-03-24:marriage|2037-06-26:child|2039-10-05:marriage|2040-04-22:marriage|2043-12-22:career|2044-01-14:career
45,1985-07-09,06:43,40.71,-74.0,65.31353153989471,1992-01-29:career|1993-09-02:child|1996-01-28:marriage|2005-02-28:child|2013-05-21:marriage|2015-01-23:child|2017-01-08:child|2019-11-17:marriage|2021-04-17:career|2026-08-02:shock|2027-04-11:shock|2028-01-16:shock|2028-12-13:child|2029-05-23:child|2031-03-31:marriage|2040-08-08:child|2040-10-12:child|2041-07-14:child|2043-03-06:marriage|2045-10-18:career
46,1966-06-12,05:18,40.71,-74.0,352.34501931476774,1970-02-13:marriage|1979-07-09:child|1981-12-08:marriage|1982-04-03:marriage|1988-01-20:career|1990-10-18:child|1991-01-12:child|1993-12-26:marriage|1994-06-06:marriage|2003-05-01:child|2003-05-05:marriage|2005-12-02:marriage|2008-04-26:shock|2009-03-12:shock|2015-02-28:child|2017-01-30:career|2017-10-05:marriage
47,1980-08-20,10:15,40.71,-74.0,147.35062905068907,1986-06-29:marriage|1998-04-10:marriage|2010-04-03:marriage|2013-02-13:career|2021-01-02:child|2022-03-30:marriage|2026-05-10:child|2029-06-27:career|2030-02-11:career|2031-07-22:child|2032-05-19:child|2034-03-12:marriage
48,1978-10-12,13:45,40.71,-74.0,229.60468310090826,1978-12-28:shock|1979-02-11:shock|1980-07-22:shock|1987-07-15:child|1988-02-20:child|1989-05-29:marriage|1999-05-29:child|2000-02-27:child|2003-08-10:child|2007-08-10:career|2008-03-24:career|2011-06-20:child|2013-06-06:marriage|2017-08-24:marriage|2024-09-09:marriage|2025-04-18:marriage|2026-02-15:career|2035-05-09:child|2036-09-17:marriage|2036-09-23:career|2037-01-04:career|2037-01-08:marriage|2037-08-27:marriage
49,1974-11-22,11:09,40.71,-74.0,230.60560271109853,1977-06-23:marriage|1977-12-28:career|1978-08-14:career|1979-02-19:shock|1980-06-19:shock|1987-07-31:child|1988-03-29:child|1989-06-07:marriage|1999-06-23:child|2000-01-16:child|2007-10-07:career|2008-03-14:career|2011-06-03:shock|2011-11-28:child|2012-01-25:child|2023-06-03:child|2024-08-17:marriage|2025-05-21:marriage|2031-08-03:career
50,1968-12-24,12:42,40.71,-74.0,277.26707071435544,1977-05-21:child|1979-07-15:marriage|1983-01-13:career|1989-03-31:shock|1990-01-17:shock|1991-06-28:marriage|2001-05-28:child|2002-10-25:marriage|2003-01-10:marriage|2012-08-16:child|2012-10-24:career|2013-05-07:child|2014-09-05:marriage|2015-02-20:marriage|2015-09-21:marriage|2024-08-03:child|2025-01-04:child|2026-08-26:marriage|2027-03-15:marriage
51,1978-01-10,09:29,40.71,-74.0,249.3073654914815,1979-12-12:career|1980-01-22:career|1982-12-29:shock|1983-01-23:shock|1984-06-24:shock|1988-06-22:child|1989-10-18:marriage|1990-06-17:marriage|1994-12-13:shock|2000-05-24:child|2001-09-12:marriage|2002-01-13:marriage|2002-03-15:marriage|2009-10-04:career|2010-05-05:career|2012-05-23:child|2013-08-19:marriage|2014-03-18:marriage|2017-06-28:child|2024-03-25:child|2025-08-02:marriage|2033-01-08:child|2035-09-26:child|2036-03-27:child
52,1965-11-28,05:48,40.71,-74.0,172.00242880442786,1966-09-11:shock|1967-02-05:shock|1972-11-08:career|1973-05-19:career|1975-11-06:marriage|1976-02-10:marriage|1998-01-27:child|1999-04-10:marriage|2002-07-16:career|2003-01-30:career|2009-05-16:child|2011-03-15:marriage|2017-01-16:marriage|2021-04-16:child|2023-03-09:marriage
53,1975-05-16,12:07,40.71,-74.0,92.94105428262148,1982-10-26:child|1994-05-14:career|1994-10-13:child|1995-01-15:career|1996-11-21:marriage|2006-11-11:child|2008-05-14:marriage|2008-07-20:child|2016-05-27:career|2020-03-22:marriage|2021-04-04:career|2029-12-28:child|2030-01-25:child|2032-03-10:marriage|2032-09-24:shock|2033-07-30:shock|2034-01-25:shock
54,1983-04-01,13:49,40.71,-74.0,74.86432619991476,1984-07-31:marriage|1992-05-03:career|1993-02-15:career|1996-09-16:marriage|2001-12-14:career|2005-11-02:child|2007-08-08:shock|2008-02-03:marriage|2020-02-05:marriage|2022-03-30:career|2028-01-03:marriage|2028-09-04:shock|2029-06-22:shock|2029-07-04:marriage|2030-01-03:shock|2041-01-28:child
55,1974-02-15,19:22,40.71,-74.0,110.46401534843716,1983-11-02:child|1985-04-10:marriage|1995-02-28:child|1996-03-17:career|2007-04-12:child|2019-07-08:child|2021-01-05:marriage|2021-11-25:career|2025-05-31:career|2026-01-28:career|2031-01-12:child
56,1963-04-18,20:27,40.71,-74.0,171.2558115317981,1963-06-17:marriage|1964-01-20:marriage|1965-11-13:shock|1966-02-08:shock|1967-02-28:shock|1972-08-14:career|1973-05-02:career|1974-03-10:child|1975-11-02:marriage|1987-05-04:marriage|1991-04-02:career|1993-04-02:career|1998-01-01:child|2002-06-18:career|2004-07-27:shock|2009-04-10:child|2021-04-12:child|2021-06-12:shock|2023-04-06:marriage
57,1987-01-26,08:32,40.71,-74.0,250.3689926470258,2001-09-02:marriage|2002-04-08:marriage|2006-02-01:child|2009-11-16:career|2010-03-25:career|2013-09-01:marriage|2014-01-12:marriage|2024-04-10:child|2025-08-16:marriage|2026-03-14:marriage|2035-08-05:child|2037-08-18:marriage|2038-12-12:career|2039-01-26:career|2040-07-14:shock|2047-06-01:marriage
58,1977-12-02,09:51,40.71,-74.0,223.22868467043924,1977-12-09:shock|1978-03-27:shock|1978-05-05:career|1987-12-22:child|1988-01-08:child|1989-04-29:marriage|2000-08-18:marriage|2001-05-03:marriage|2006-09-11:career|2007-01-15:career|2012-07-20:marriage|2013-04-23:marriage|2024-07-18:marriage|2025-02-06:shock|2025-02-19:marriage|2035-03-26:child|2036-05-31:marriage|2036-08-07:career
59,1962-12-17,19:02,40.71,-74.0,44.292913548762456,1968-11-10:child|1969-05-20:child|1980-10-19:child|1983-11-30:marriage|1990-03-31:career|1992-10-29:child|1995-02-21:marriage|1997-01-20:career|2007-06-04:marriage|2016-09-04:child|2018-12-29:marriage|2019-01-31:marriage|2020-03-11:career|2021-07-17:shock|2022-02-25:shock
60,1960-01-27,15:58,40.71,-74.0,35.54475965944264,1960-04-10:career|1961-01-09:career|1968-09-02:child|1971-02-09:marriage|1983-01-04:marriage|1987-06-17:shock|1990-02-08:career|1992-08-18:child|1994-12-30:marriage|1995-01-07:marriage|1995-06-24:marriage|2003-12-05:child|2004-01-16:child|2006-12-02:marriage|2015-10-26:child|2016-03-16:child|2018-11-17:marriage|2019-02-18:career|2019-05-06:shock
61,1968-06-09,06:38,40.71,-74.0,22.50982472100286,1968-08-16:child|1970-12-24:marriage|1971-08-15:marriage|1980-07-01:child|1982-12-12:marriage|1989-02-07:career|1989-07-16:child|1990-01-10:career|1991-10-05:child|1992-03-29:child|1993-02-27:child|1993-12-07:child|2003-10-07:child|2006-11-11:marriage|2015-08-20:child|2016-06-04:shock|2017-02-07:shock|2019-01-08:career
62,1981-05-14,00:42,40.71,-74.0,241.55317386542313,1981-11-28:shock|1982-01-07:shock|1988-04-06:child|1989-07-20:marriage|2001-07-03:child|2001-08-19:marriage|2008-10-30:career|2009-03-19:career|2011-07-31:child|2012-03-29:child|2013-07-14:marriage|2023-10-18:child|2025-06-20:marriage|2035-07-15:child|2036-01-23:child|2037-06-15:marriage|2038-01-04:career|2039-02-24:career
63,1978-01-17,11:28,40.71,-74.0,282.1822305706615,1979-08-10:marriage|1983-09-27:career|1991-01-17:shock|1991-08-15:marriage|1992-01-03:shock|1997-10-20:shock|2006-05-28:shock|2012-11-04:career|2013-05-15:career|2020-08-07:marriage|2024-10-18:child|2026-12-27:marriage|2027-06-05:marriage|2036-11-24:child|2037-05-07:child
64,1982-09-24,18:17,40.71,-74.0,271.4716076158895,1982-11-03:career|1988-02-20:shock|1989-01-06:shock|1990-11-02:marriage|1991-06-14:marriage|2000-09-21:child|2001-04-27:child|2002-08-24:marriage|2003-01-28:marriage|2011-11-06:career|2012-03-12:career|2012-07-15:child|2014-08-27:marriage|2024-07-23:child|2025-02-08:child|2026-08-10:marriage|2026-10-03:shock|2040-12-02:career|2041-01-12:career
65,1965-04-02,22:13,40.71,-74.0,180.22979754127064,1967-12-18:shock|1968-01-24:shock|1969-04-09:shock|1973-07-22:career|1974-01-20:career|1975-08-14:marriage|1976-02-17:marriage|1986-03-07:child|1987-10-04:marriage|1997-04-26:shock|1998-03-21:child|1999-05-24:marriage|2000-01-08:marriage|2002-10-01:career|2003-05-07:career|2009-03-25:child|2010-01-08:child|2020-04-21:child|2022-01-07:child|2023-04-10:marriage
66,1964-07-15,17:05,40.71,-74.0,200.45138149073927,1964-10-25:marriage|1965-01-30:marriage|1972-10-04:shock|1973-01-15:shock|1975-08-08:career|1983-10-13:marriage|1987-02-12:child|1988-05-21:marriage|1991-02-05:shock|1997-03-20:marriage|1997-11-23:career|1998-06-30:child|2004-12-18:career|2005-01-01:career|2010-04-21:child|2022-05-18:child|2024-03-17:marriage
67,1962-06-05,14:37,40.71,-74.0,139.6377715731047,1962-05-22:marriage|1963-01-18:marriage|1970-05-04:career|1973-02-05:child|1974-04-11:marriage|1975-01-17:marriage|1977-08-28:marriage|1986-04-16:marriage|1989-12-01:career|1998-04-01:marriage|1999-05-02:career|2000-01-07:career|2008-03-13:child|2010-02-26:marriage|2020-02-20:child|2022-02-27:marriage
68,1971-02-05,23:00,40.71,-74.0,145.61668974352114,1971-02-01:career|1974-05-22:marriage|1986-05-23:marriage|1987-01-19:marriage|1996-12-16:child|1998-05-13:marriage|1999-09-27:career|2000-04-27:career|2009-01-09:child|2020-05-04:child|2021-01-26:career|2022-03-23:marriage|2029-07-02:career|2030-01-11:career
69,1969-06-26,03:37,40.71,-74.0,333.4866577772715,1978-09-10:child|1979-02-04:child|1985-08-19:career|1986-12-14:career|1987-06-29:career|1993-10-04:marriage|1994-11-07:career|2003-04-08:shock|2004-02-20:shock|2004-11-12:career|2005-01-13:marriage|2005-02-07:shock|2014-08-19:child|2016-02-01:career|2016-02-22:marriage|2016-12-03:marriage|2017-02-13:marriage|2026-06-18:child|2028-12-16:marriage|2029-05-09:marriage
70,1989-05-03,13:23,40.71,-74.0,98.95698838492586,1994-12-15:child|1995-04-20:career|1997-01-12:marriage|2008-12-27:marriage|2018-11-19:child|2020-05-09:marriage|2024-05-17:career|2025-01-30:career|2026-06-24:shock|2032-04-15:marriage|2034-08-24:shock|2035-01-16:shock|2042-03-31:child|2044-04-23:marriage|2044-08-03:marriage
71,1966-03-27,06:46,40.71,-74.0,279.38012319089347,1977-07-16:child|1979-07-24:marriage|1983-10-03:career|1990-01-06:shock|1991-01-29:shock|1991-07-12:marriage|1998-11-28:career|2003-06-25:marriage|2012-11-29:career|2013-07-12:career|2014-10-02:marriage|2015-01-12:marriage|2024-09-16:child|2025-03-27:child
72,1986-04-11,11:03,40.71,-74.0,35.0553480050548,1990-08-01:career|1992-08-21:child|1995-01-30:marriage|2003-12-22:child|2004-01-27:child|2006-12-28:marriage|2007-02-22:marriage|2007-04-07:shock|2015-11-05:child|2016-04-12:child|2018-12-24:marriage|2019-03-25:career|2019-06-07:shock|2020-02-17:shock|2028-04-17:child|2030-12-09:marriage|2044-12-23:child
73,1966-06-09,19:06,40.71,-74.0,196.008775131307,1971-10-01:shock|1972-03-27:shock|1974-09-01:career|1975-02-11:child|1976-04-22:marriage|1983-01-09:shock|1986-06-10:child|1987-02-11:child|1988-04-08:marriage|1998-04-14:child|2004-06-22:career|2005-02-24:career|2010-04-25:child|2012-03-26:marriage|2023-08-12:marriage
74,1990-03-18,06:47,40.71,-74.0,271.3069880206921,1990-10-07:marriage|1991-01-24:marriage|2000-10-06:child|2002-09-30:marriage|2003-01-29:marriage|2011-11-02:career|2012-03-13:career|2012-08-27:child|2013-01-05:child|2014-09-18:marriage|2024-06-21:child|2025-02-06:child|2041-03-06:career|2048-05-25:child|2049-11-26:marriage
75,1968-11-12,15:42,40.71,-74.0,280.9558903457746,1979-08-18:marriage|1983-01-08:career|1988-06-18:child|1990-02-22:shock|1991-01-19:shock|1993-06-14:career|2001-06-02:child|2003-07-27:marriage|2012-12-06:career|2013-05-12:child|2013-06-05:career|2014-10-14:marriage|2015-06-16:marriage|2017-01-21:career|2021-07-02:child|2024-09-06:child|2026-09-24:marriage|2027-06-06:marriage
76,1983-02-11,00:52,40.71,-74.0,171.68953999572426,1986-03-02:child|1987-04-17:marriage|1999-05-05:marriage|2002-06-11:career|2006-07-05:career|2009-03-28:child|2009-07-27:child|2011-04-19:marriage|2021-03-25:child|2022-01-03:child|2024-05-26:marriage|2031-08-13:career|2032-05-01:career
77,1983-08-10,05:55,40.71,-74.0,85.14320248208095,1984-12-28:marriage|1993-04-21:career|1994-01-26:child|1994-02-11:career|1996-04-06:marriage|2006-05-24:child|2008-01-31:marriage|2018-01-03:child|2020-02-04:marriage|2023-03-06:career|2029-11-19:child|2031-06-12:shock|2032-01-02:shock|2035-10-12:child|2041-12-12:child
78,1987-03-19,04:24,40.71,-74.0,241.56086212411853,1988-04-16:child|1989-08-28:marriage|1990-01-13:marriage|2001-08-21:marriage|2008-10-28:career|2009-03-18:career|2010-10-16:child|2011-07-23:child|2023-07-21:child|2024-01-02:shock|2025-06-20:marriage|2030-07-06:career|2035-11-14:child|2036-01-10:marriage|2036-02-07:child|2037-06-22:marriage|2037-12-27:career|2038-01-05:career
79,1969-01-15,12:00,40.71,-74.0,288.7174056911192,1978-01-13:child|1980-05-12:marriage|1983-12-09:career|1984-01-16:career|1989-08-10:child|1992-02-08:shock|1993-01-05:shock|1994-09-19:shock|2003-09-19:marriage|2013-02-25:career|2025-05-20:child|2027-09-08:marriage
80,1983-07-06,03:13,40.71,-74.0,339.1220687986771,1987-01-22:career|1990-08-29:child|1991-02-22:child|1993-11-01:marriage|2005-04-16:shock|2005-10-01:marriage|2006-01-03:shock|2016-12-03:career|2019-03-05:marriage|2029-04-09:marriage|2029-05-02:marriage|2031-01-26:child|2039-03-06:shock|2040-11-23:marriage|2041-05-16:marriage
81,1980-12-27,00:59,40.71,-74.0,137.78476127568644,1996-05-14:child|1998-03-18:marriage|1999-12-14:child|1999-12-26:career|2008-03-21:child|2010-03-06:child|2020-03-14:child|2027-12-05:child|2028-06-28:career|2034-01-01:marriage|2040-11-24:marriage
82,1987-09-03,15:22,40.71,-74.0,218.42299558314804,1988-09-19:marriage|1999-04-04:child|2000-11-19:marriage|2006-08-18:career|2007-04-06:career|2012-07-21:marriage|2013-01-29:marriage|2017-04-20:career|2024-06-10:marriage|2035-10-25:career|2036-01-11:career|2036-05-23:marriage|2040-09-01:career|2046-06-11:child
83,1985-01-18,20:06,40.71,-74.0,96.78231830740532,1985-01-13:marriage|1994-12-26:child|1995-03-02:career|2004-11-06:child|2008-12-30:marriage|2018-12-02:child|2020-05-22:marriage|2024-03-29:career|2032-08-15:marriage|2033-08-27:shock|2034-08-07:shock|2035-02-05:shock|2042-03-06:child|2044-02-08:marriage
84,1966-07-09,01:54,40.71,-74.0,313.584586324239,1968-11-05:marriage|1969-03-19:marriage|1981-04-17:marriage|1985-11-29:career|1986-06-26:career|1990-07-12:child|1998-04-10:shock|1999-01-30:shock|2001-09-25:child|2002-06-03:child|2003-12-05:career|2004-09-08:marriage|2013-12-19:child|2014-05-30:child|2015-01-11:career|2025-08-09:child|2026-01-05:child
85,1978-03-27,10:51,40.71,-74.0,5.673151991564113,1979-09-09:child|1982-11-09:marriage|1988-02-20:career|1994-02-16:marriage|1994-10-07:career|2003-07-26:child|2004-03-02:career|2006-01-08:marriage|2011-06-02:shock|2012-05-01:shock|2013-01-21:shock|2014-10-24:child|2015-02-05:child|2018-05-10:marriage|2018-08-28:career|2021-11-28:child|2026-10-29:child|2027-02-28:child|2029-12-12:marriage|2037-03-20:marriage
86,1978-06-02,11:37,40.71,-74.0,101.23787239380674,1982-12-22:child|1983-02-23:child|1985-03-02:marriage|1995-05-06:career|1995-08-15:child|1999-04-22:shock|2018-11-28:child|2024-05-05:career|2025-02-19:career|2032-04-23:marriage|2034-07-29:shock|2035-06-23:shock|2036-02-05:shock
87,1970-10-19,03:07,40.71,-74.0,108.84335754914464,1971-12-20:child|1973-06-16:marriage|1985-03-18:marriage|1995-04-13:marriage|1995-05-04:child|1996-03-25:career|1997-01-22:marriage|1998-11-06:shock|2001-11-24:child|2007-02-09:child|2009-02-16:marriage|2015-12-25:career|2019-01-18:child|2021-01-30:marriage|2025-05-22:career
88,1965-10-14,23:20,40.71,-74.0,46.89547586748751,1969-04-15:child|1971-10-27:marriage|1981-05-04:child|1983-10-23:marriage|1990-04-30:career|1995-02-19:marriage|2004-09-20:child|2007-02-15:marriage|2018-03-20:child|2018-07-10:marriage|2018-12-24:marriage|2019-07-07:marriage|2020-03-04:career|2022-07-09:shock|2023-01-23:shock|2025-08-25:career
89,1961-01-01,15:46,40.71,-74.0,348.84369486485144,1970-01-10:marriage|1978-11-21:child|1979-06-10:child|1981-12-07:marriage|1982-05-13:marriage|1987-11-21:career|1990-09-10:child|1991-01-01:child|1994-06-18:marriage|1994-10-14:career|1994-12-13:marriage|2002-08-15:child|2002-08-23:marriage|2007-05-17:shock|2008-03-12:shock|2009-02-01:shock|2015-06-21:child|2017-01-09:career|2017-11-12:marriage
90,1985-05-12,17:03,40.71,-74.0,150.0989160443482,1986-08-14:marriage|1987-01-04:marriage|1997-01-05:child|1998-05-31:marriage|2000-05-08:career|2001-01-07:career|2009-01-03:child|2010-03-22:marriage|2020-12-14:child|2021-06-01:shock|2024-03-12:career|2029-06-06:career|2029-07-23:career|2030-04-14:career|2032-04-06:child|2044-04-01:child
91,1962-03-23,09:55,40.71,-74.0,334.81017649015996,1966-09-13:child|1969-10-06:marriage|1978-09-14:child|1979-02-21:child|1981-09-20:marriage|1987-06-29:career|1990-08-17:child|2004-03-30:shock|2004-08-02:career|2005-02-23:shock|2005-10-13:marriage|2016-03-22:career|2016-12-09:marriage|2017-01-17:marriage
92,1964-01-10,21:38,40.71,-74.0,108.85254441019897,1966-05-01:career|1967-02-14:career|1971-12-13:child|1973-06-18:marriage|1983-11-12:child|1985-04-10:marriage|1995-03-20:child|1996-04-18:career|1997-01-10:career|2003-03-12:shock|2006-12-06:child|2007-02-14:child|2009-01-29:marriage|2019-01-01:child|2021-01-15:marriage
93,1974-01-20,14:48,40.71,-74.0,355.83043570770604,1979-07-15:child|1982-01-27:marriage|1987-12-29:career|1988-07-04:career|1990-11-20:child|1991-06-20:child|1994-01-12:marriage|2002-11-04:child|2003-01-19:child|2005-11-12:marriage|2006-06-29:marriage|2009-06-14:shock|2010-02-04:shock|2011-01-23:shock|2014-01-17:marriage|2017-02-02:career|2027-04-15:child|2029-11-22:marriage|2033-02-23:child
94,1979-11-02,14:03,40.71,-74.0,249.46806374138237,1979-12-17:career|1980-02-03:career|1983-01-22:shock|1984-07-04:shock|1988-06-20:child|1989-10-10:marriage|1990-05-25:marriage|2001-08-09:marriage|2002-01-02:marriage|2004-02-04:career|2009-10-20:career|2010-04-25:career|2012-04-10:child|2013-08-22:marriage|2014-04-14:marriage|2024-05-01:child|2035-08-24:child|2037-07-23:marriage|2038-12-05:career|2039-01-27:career
95,1965-05-20,12:18,40.71,-74.0,99.19162499287197,1965-05-31:career|1966-02-22:career|1971-03-14:child|1980-02-10:career|1983-05-06:child|1983-10-12:child|1992-03-06:child|1995-03-10:career|1996-01-08:career|1997-01-02:marriage|2018-11-06:child|2020-05-16:marriage|2024-05-19:career|2025-01-31:career
96,1989-02-07,23:40,40.71,-74.0,155.5242667006322,1998-08-05:marriage|1999-01-06:marriage|2000-08-11:career|2001-04-05:career|2009-03-04:child|2009-09-10:shock|2010-05-22:marriage|2011-01-10:marriage|2016-07-12:shock|2021-01-08:child|2022-05-10:marriage|2030-06-24:career|2031-02-04:career|2032-08-10:child|2033-01-03:child|2044-03-19:career|2044-04-02:child|2046-03-19:marriage|2046-09-15:shock|2047-01-19:shock|2048-05-07:shock
97,1977-03-09,21:08,40.71,-74.0,148.75002294798776,1985-02-09:child|1986-07-02:marriage|1987-01-10:marriage|1997-01-01:child|1998-11-25:marriage|2000-05-29:career|2001-02-11:career|2009-01-01:child|2016-05-22:marriage|2022-04-12:marriage|2029-06-12:career|2030-04-13:career|2032-06-14:child|2034-04-15:marriage
98,1963-09-15,00:06,40.71,-74.0,18.436073048028465,1968-02-22:child|1980-03-23:child|1982-12-14:marriage|1989-03-06:career|1992-10-03:shock|1996-06-13:marriage|2000-04-06:shock|2003-08-26:child|2006-11-15:marriage|2014-07-12:shock|2015-05-19:shock|2016-01-08:shock|2018-02-19:marriage|2018-03-18:career|2019-01-07:career
99,1968-03-02,08:07,40.71,-74.0,275.6452684954046,1977-06-24:child|1982-12-20:career|1983-05-30:career|1989-03-20:shock|1989-05-16:child|1990-01-14:shock|1991-07-28:marriage|1999-12-25:marriage|2003-01-04:marriage|2003-05-18:child|2012-01-28:career|2012-09-08:child|2013-03-21:child|2014-10-10:marriage|2015-03-01:marriage|2018-10-03:career|2024-07-02:child|2025-04-03:child|2027-03-18:marriage
100,1969-11-25,02:53,40.71,-74.0,135.21567115545326,1970-03-04:career|1986-03-23:marriage|1996-03-26:child|1998-01-29:marriage|1998-09-01:career|1999-03-21:career|2008-03-30:child|2010-01-21:marriage|2018-01-28:child|2028-06-04:career|2029-01-23:career
101,1970-12-13,08:20,40.71,-74.0,213.63519787806246,1975-01-02:shock|1975-05-27:child|1976-06-04:shock|1976-08-18:career|1976-09-12:marriage|1977-03-19:career|1977-04-22:marriage|1988-10-11:marriage|1989-04-05:marriage|2000-12-20:marriage|2001-01-31:marriage|2005-10-17:career|2006-01-17:career|2012-06-27:marriage|2016-02-28:career|2024-06-08:marriage
102,1976-12-12,08:20,40.71,-74.0,213.28661886692254,1977-03-14:marriage|1977-05-03:career|1987-05-07:child|1988-08-06:marriage|1989-03-28:marriage|1991-06-07:shock|2003-11-14:marriage|2005-09-02:career|2006-01-23:career|2011-04-07:child|2012-06-30:marriage|2022-08-10:child|2023-01-22:child|2024-05-29:marriage|2033-11-11:shock|2034-06-04:child|2035-08-20:career
103,1967-06-27,11:28,40.71,-74.0,119.29775896993361,1967-08-08:career|1972-07-14:child|1974-02-20:marriage|1986-01-11:marriage|1994-07-19:career|1996-01-06:child|1997-05-05:career|1997-05-23:marriage|1998-01-01:marriage|1998-01-17:career|2003-11-09:career|2007-12-01:child|2009-04-08:marriage|2014-04-16:shock|2020-08-19:marriage|2021-04-04:marriage|2026-07-09:career|2027-04-12:career
104,1985-04-09,12:56,40.71,-74.0,69.60850393213425,1992-04-20:career|1993-01-12:career|2005-09-06:child|2013-09-16:child|2014-08-18:career|2017-09-18:child|2019-12-26:marriage|2021-05-16:career|2022-01-27:career|2027-09-08:shock|2028-05-25:shock|2028-12-24:child|2029-02-12:child|2029-02-24:shock|2031-12-21:marriage|2041-04-02:child|2043-03-10:marriage
105,1984-09-02,06:55,40.71,-74.0,118.07768806805278,1985-05-25:marriage|1995-12-15:child|1997-04-26:career|1997-05-07:marriage|1998-02-02:career|2002-02-23:marriage|2009-04-18:marriage|2019-11-18:child|2026-06-16:career|2027-03-09:career|2031-02-21:child|2038-09-13:shock|2039-02-14:shock|2040-02-07:shock|2043-01-22:child
106,1983-12-18,18:17,40.71,-74.0,28.719456668633693,1989-04-19:career|1990-01-10:career|1991-11-18:child|1992-02-14:child|2003-10-24:child|2004-04-24:child|2006-11-16:marriage|2008-10-18:child|2015-10-29:child|2017-08-02:shock|2018-04-28:shock|2019-01-11:shock|2019-01-16:career|2020-01-03:child|2036-02-15:career|2041-06-05:career|2042-02-27:marriage
107,1981-02-28,04:12,40.71,-74.0,224.8074918319228,1987-10-04:child|1989-05-11:marriage|1999-11-11:child|2001-05-27:marriage|2006-11-15:career|2007-07-09:career|2010-04-11:career|2011-05-03:child|2015-03-22:career|2024-08-30:marriage|2025-03-27:marriage|2026-01-08:career|2033-10-17:child|2035-03-22:child|2036-06-12:marriage|2036-09-09:career|2037-02-23:marriage|2037-04-01:career
108,1960-10-23,08:49,40.71,-74.0,180.01737546603724,1962-03-28:child|1967-11-14:shock|1968-01-25:shock|1969-04-07:shock|1973-12-19:career|1974-01-01:career|1974-03-16:child|1975-08-31:marriage|1976-02-19:marriage|1981-08-19:shock|1986-02-04:child|1987-07-14:marriage|1988-03-19:marriage|1989-08-17:career|1990-11-17:career|1999-06-16:marriage|2002-08-31:career|2003-05-30:career|2015-11-08:shock
109,1961-09-05,22:39,40.71,-74.0,327.4898742090868,1967-02-26:child|1976-10-02:marriage|1978-09-15:child|1979-03-14:shock|1990-07-23:child|1992-12-12:marriage|1993-01-22:marriage|2002-02-18:shock|2003-01-14:shock|2004-01-09:shock|2004-12-10:marriage|2005-04-20:marriage|2006-07-12:marriage|2016-01-04:career|2016-11-17:marriage|2017-05-27:marriage
110,1973-06-22,08:30,40.71,-74.0,76.19766027932423,1982-01-16:child|1984-03-07:marriage|1990-01-10:shock|1993-11-17:child|1994-08-09:child|1996-02-13:marriage|2001-10-03:shock|2017-09-20:child|2020-01-06:marriage|2022-02-22:career|2022-03-31:career|2028-09-12:shock|2029-05-10:shock|2029-09-15:child|2030-01-26:shock
111,1967-11-12,19:37,40.71,-74.0,2.594501470728083,1970-11-01:marriage|1979-07-28:child|1982-11-02:marriage|1988-03-07:career|1994-02-09:marriage|2006-01-01:marriage|2008-06-08:child|2011-04-15:shock|2012-01-19:shock|2014-11-22:child|2015-01-09:child|2017-11-19:marriage|2018-01-14:career|2018-06-15:marriage|2026-10-05:child|2027-02-17:child
112,1979-02-25,06:01,40.71,-74.0,243.6172466816289,1980-05-07:career|1982-01-19:shock|1983-08-20:shock|1988-05-18:child|1989-09-19:marriage|1990-04-14:marriage|2000-11-17:child|2001-08-04:marriage|2002-01-15:marriage|2008-12-06:career|2009-01-18:career|2023-06-26:child|2024-03-10:child|2025-06-09:marriage|2033-10-20:child|2035-12-07:child|2036-02-28:child|2037-06-23:marriage|2038-08-24:career
113,1984-12-18,15:29,40.71,-74.0,320.1602227575752,1985-12-14:career|1986-02-09:career|1990-06-20:child|1992-11-11:marriage|1993-07-22:marriage|2000-03-08:shock|2001-09-25:shock|2002-06-23:child|2004-10-10:marriage|2005-04-15:marriage|2013-10-01:child|2015-11-20:career|2016-01-09:career|2016-11-02:marriage|2021-03-25:shock|2025-11-30:child|2026-01-24:child|2028-10-02:marriage|2037-09-21:child|2038-02-20:shock|2038-04-23:child|2040-08-20:marriage|2041-07-26:career
114,1973-09-20,23:07,40.71,-74.0,4.243950951665581,1988-02-19:career|1994-01-24:marriage|2003-07-12:child|2005-12-19:marriage|2006-03-23:marriage|2011-04-28:shock|2012-01-23:shock|2013-01-12:shock|2014-10-16:child|2015-01-19:child|2017-12-25:career|2018-01-02:career|2018-01-13:marriage|2025-02-27:career|2026-10-13:child|2027-01-23:child
115,1986-10-18,19:29,40.71,-74.0,319.5224451043998,1986-11-15:career|1990-06-01:child|1992-11-12:marriage|1993-07-01:marriage|2000-02-19:shock|2001-01-12:shock|2004-10-24:marriage|2005-05-25:marriage|2013-11-19:child|2015-11-22:career|2016-10-29:marriage|2021-09-11:marriage|2025-12-14:child|2026-04-29:child|2028-09-13:marriage|2037-08-06:child|2038-03-01:child|2045-01-03:career
116,1987-01-02,02:18,40.71,-74.0,157.59276147919977,1997-04-08:child|1999-01-22:marriage|2010-06-22:marriage|2020-09-28:career|2020-12-30:child|2021-01-24:child|2023-01-23:marriage|2030-12-06:career|2031-02-28:career|2034-04-10:marriage|2041-02-23:marriage|2044-12-30:child|2046-03-15:marriage|2046-11-12:shock
117,1970-04-10,16:33,40.71,-74.0,119.17956113276936,1972-02-11:child|1974-01-21:marriage|1985-12-31:marriage|1986-01-09:marriage|1997-05-06:career|1997-05-08:marriage|1998-01-01:career|1998-01-04:marriage|2002-09-04:shock|2007-11-19:child|2009-09-23:marriage|2019-12-14:child|2021-03-19:marriage|2026-05-30:career|2027-02-25:career
118,1987-11-21,12:52,40.71,-74.0,250.2764972836519,2000-05-24:child|2001-11-03:marriage|2002-05-14:marriage|2009-09-18:career|2010-04-18:career|2013-12-24:marriage|2014-03-23:marriage|2024-04-02:child|2025-07-26:marriage|2030-05-15:shock|2035-10-22:child|2037-06-27:marriage|2038-11-23:career|2039-01-03:career|2047-07-09:child
119,1979-11-20,05:59,40.71,-74.0,167.63568172451943,1987-05-04:marriage|1996-08-28:child|1996-10-16:child|1997-04-24:child|1999-04-07:marriage|2001-10-14:career|2002-05-18:career|2002-08-25:shock|2009-03-18:child|2011-04-03:marriage|2016-05-17:child|2021-04-04:child|2023-03-18:marriage|2031-07-11:career|2032-01-23:career|2033-03-23:child|2034-08-07:marriage
120,1960-06-21,06:10,40.71,-74.0,30.14331709951698,1960-07-19:career|1968-07-30:child|1971-02-02:marriage|1980-08-08:child|1982-12-28:marriage|1983-06-09:marriage|1986-07-23:marriage|1989-12-18:career|1991-11-24:child|1992-07-18:child|2004-03-12:child|2004-10-16:shock|2008-11-11:career|2015-10-23:child|2016-04-17:child|2017-07-09:shock|2018-04-11:shock|2018-12-09:marriage|2019-01-28:shock|2019-02-13:career
121,1973-03-04,16:55,40.71,-74.0,93.59098573322049,1982-11-09:child|1984-12-26:marriage|1988-07-13:child|1988-12-22:shock|1994-04-11:career|1994-11-20:child|1995-02-01:career|1997-01-06:marriage|2006-12-05:child|2008-06-09:marriage|2020-02-26:marriage|2024-03-07:career|2030-01-28:child|2032-03-21:marriage
122,1971-01-11,20:07,40.71,-74.0,90.30810167369648,1982-11-10:child|1984-12-02:marriage|1994-03-05:career|1994-10-26:child|1995-02-02:career|1996-01-03:child|1996-12-04:marriage|2006-10-17:child|2008-03-25:marriage|2008-04-16:child|2018-03-04:child|2020-02-28:marriage|2023-06-12:career|2024-01-28:career|2030-05-09:child
123,1960-03-27,03:53,40.71,-74.0,242.0767110454318,1966-05-25:marriage|1975-02-12:marriage|1977-09-17:marriage|1979-10-10:career|1981-03-18:shock|1982-01-10:shock|1988-03-30:child|1989-09-15:marriage|1990-02-10:marriage|1991-07-06:shock|2001-07-15:marriage|2002-03-20:marriage|2008-11-18:career|2009-03-09:career|2011-08-15:child|2012-04-22:child|2013-07-04:marriage
124,1978-07-20,15:45,40.71,-74.0,188.18713668383484,1986-04-04:child|1988-04-26:marriage|1997-01-03:shock|1999-06-30:marriage|2000-04-03:marriage|2003-12-17:career|2004-05-11:career|2010-03-22:child|2011-09-26:marriage|2012-03-13:marriage|2016-09-26:career|2022-03-06:child|2023-05-19:marriage|2024-01-02:marriage|2031-02-12:shock|2033-06-07:career|2036-06-16:child
125,1970-07-09,17:40,40.71,-74.0,202.3579361222872,1972-12-08:shock|1973-01-13:shock|1974-05-13:shock|1975-08-07:career|1976-04-24:career|1976-07-17:marriage|1977-01-31:marriage|1988-05-29:marriage|1998-07-10:child|1999-04-25:career|2000-07-13:marriage|2004-10-07:career|2005-01-12:career|2006-09-04:career|2009-10-20:career|2010-06-04:child|2012-05-02:marriage|2022-11-05:child|2024-03-21:marriage
126,1990-06-23,13:20,40.71,-74.0,138.59166690385717,1996-04-12:child|1998-03-22:marriage|1999-06-06:career|2008-04-03:child|2010-03-22:marriage|2020-07-29:child|2028-06-14:career|2029-03-15:career|2032-02-04:child|2032-05-13:shock|2034-02-26:marriage|2042-10-11:shock|2043-08-01:shock|2044-01-27:child|2044-02-28:shock|2045-05-06:marriage|2046-01-03:marriage
127,1986-12-08,02:50,40.71,-74.0,144.55012003512405,1987-02-06:marriage|1999-08-25:career|2000-04-01:career|2004-02-23:marriage|2011-06-24:child|2020-04-23:child|2022-04-08:marriage|2029-04-29:career|2030-02-12:career|2032-07-24:child|2034-03-18:marriage|2044-09-02:shock|2044-09-29:child|2045-01-25:shock|2046-03-18:marriage
128,1976-02-25,03:01,40.71,-74.0,207.96268559664534,1976-06-23:career|1976-06-29:marriage|1977-02-16:marriage|1989-01-11:marriage|2005-08-08:career|2009-10-11:shock|2010-07-16:child|2011-03-05:child|2022-05-25:child|2024-05-12:marriage|2034-04-26:child|2034-10-08:career|2035-01-08:child|2035-01-20:career|2036-01-01:marriage
129,1984-12-08,12:05,40.71,-74.0,254.9774947939565,1984-12-11:shock|1985-01-08:shock|1988-06-24:child|1989-01-09:child|1990-06-15:marriage|2000-07-15:child|2002-06-06:marriage|2008-07-17:career|2009-11-29:career|2010-03-01:career|2012-05-28:child|2013-10-10:marriage|2026-01-30:marriage|2034-07-18:shock|2036-03-01:career|2037-08-21:marriage|2038-03-18:marriage|2039-09-20:career|2040-05-12:career
130,1978-08-17,17:43,40.71,-74.0,233.1091778581857,1978-09-13:career|1979-04-02:career|1979-12-23:shock|1980-01-02:shock|1988-03-30:child|1989-07-11:marriage|1999-07-26:child|2007-07-03:career|2007-09-23:career|2008-01-29:career|2011-11-30:child|2012-01-09:child|2013-04-26:shock|2013-05-06:marriage|2023-05-07:child|2025-04-15:marriage|2027-02-22:shock|2035-05-04:child|2036-08-31:marriage|2037-03-31:marriage|2037-09-08:career
131,1970-06-17,17:24,40.71,-74.0,182.02328736434112,1973-08-07:career|1974-03-31:child|1974-05-17:career|1987-06-18:marriage|1998-02-28:shock|1999-12-01:marriage|2000-01-22:marriage|2000-03-02:marriage|2003-06-10:career|2006-04-07:child|2010-02-03:child|2011-06-19:marriage|2022-01-14:child|2023-04-08:marriage
132,1963-07-20,14:07,40.71,-74.0,168.40773579095116,1963-09-30:marriage|1965-09-10:shock|1966-01-29:shock|1967-06-15:shock|1972-08-12:career|1973-04-15:career|1975-05-23:marriage|1980-02-27:career|1986-01-17:child|1993-12-28:marriage|1997-06-06:child|1997-11-03:shock|2001-09-11:career|2009-07-29:child|2011-03-18:marriage|2018-09-28:child|2021-03-10:child|2023-03-19:marriage
133,1971-07-27,22:14,40.71,-74.0,272.33931310424066,1979-07-20:marriage|1982-12-05:career|1983-06-09:career|1988-03-05:shock|1989-02-10:shock|1989-05-13:child|1990-11-23:marriage|1991-01-03:marriage|2000-10-16:child|2000-11-02:marriage|2001-05-08:child|2002-12-31:marriage|2003-02-28:marriage|2005-03-12:child|2005-10-11:shock|2011-12-21:career|2012-01-08:career|2012-07-21:child|2013-04-07:child|2019-06-24:child|2024-08-03:child|2025-01-05:child|2026-08-23:marriage
134,1961-02-20,02:12,40.71,-74.0,194.88671282946336,1964-05-18:marriage|1971-09-19:shock|1972-03-24:shock|1974-08-11:career|1975-01-09:career|1975-01-28:child|1980-05-23:marriage|1982-02-11:marriage|1986-05-10:child|1987-01-15:child|1990-04-11:marriage|1998-05-27:child|1999-01-15:child|2000-04-06:marriage|2010-04-19:child|2011-07-28:marriage
135,1973-12-05,06:59,40.71,-74.0,191.6506153037123,1974-06-14:child|1975-01-26:child|1975-03-19:career|1986-05-02:child|1988-03-24:marriage|1989-02-20:career|1996-05-23:shock|1998-05-01:child|2000-04-17:marriage|2003-09-01:career|2004-06-24:career|2006-10-04:career|2010-03-18:child|2011-10-05:marriage|2022-03-21:child|2023-10-19:marriage|2024-01-28:marriage|2033-07-01:career
136,1978-10-10,21:58,40.71,-74.0,8.056121984374043,1982-11-07:marriage|1988-05-08:career|1991-07-30:child|2003-08-27:child|2006-01-14:marriage|2012-05-20:shock|2013-02-23:shock|2014-01-23:shock|2014-12-23:child|2017-12-21:marriage|2018-02-06:marriage|2018-02-14:career|2024-02-18:career|2026-10-30:child|2027-01-03:child|2030-01-02:marriage
137,1972-09-12,08:35,40.71,-74.0,145.4307661993743,1973-02-12:child|1974-05-14:marriage|1985-01-14:child|1986-05-13:marriage|1997-01-23:child|1998-04-14:marriage|1999-09-10:career|2000-05-13:career|2010-03-01:marriage|2020-03-24:child|2022-02-01:career|2022-03-15:marriage|2029-07-02:career|2030-01-11:career|2032-04-18:child
138,1984-06-19,02:32,40.71,-74.0,301.11834688105006,1984-12-20:career|1985-01-13:career|1990-01-12:child|1995-03-13:shock|1996-01-09:shock|2001-07-26:child|2002-01-29:child|2003-12-24:marriage|2004-01-03:marriage|2011-06-26:child|2012-06-08:shock|2013-11-19:marriage|2013-12-27:career|2014-04-02:career|2015-10-14:marriage|2016-03-29:marriage|2025-06-10:child|2027-10-12:marriage|2028-03-29:marriage|2043-11-07:career|2044-01-11:career
139,1983-06-08,21:22,40.71,-74.0,221.90866221735976,1987-05-05:child|1988-01-10:child|1999-04-09:child|2000-09-06:marriage|2001-05-18:marriage|2006-10-07:career|2007-02-03:career|2010-05-13:career|2012-08-07:marriage|2013-01-02:marriage|2020-11-04:child|2023-03-16:child|2024-07-06:marriage|2035-03-27:child|2036-06-05:marriage|2036-09-04:career
140,1989-01-08,18:58,40.71,-74.0,70.80380554616467,1992-04-11:career|1993-01-30:career|1993-11-06:child|1996-01-05:marriage|2006-12-04:child|2013-03-26:marriage|2014-11-09:child|2017-10-12:child|2019-12-15:marriage|2022-03-06:career|2027-07-29:shock|2028-06-23:shock|2029-02-01:shock|2031-12-16:marriage|2040-12-13:child|2041-05-04:child|2043-03-16:marriage
141,1990-06-05,19:16,40.71,-74.0,195.02531864038693,1998-04-10:child|2010-04-07:child|2010-05-11:child|2011-08-06:marriage|2021-05-27:shock|2023-08-21:marriage|2024-03-18:marriage|2033-09-07:career|2034-01-06:career|2034-03-20:child|2035-12-02:marriage|2036-02-22:marriage|2046-02-22:child|2047-05-06:marriage|2050-11-26:marriage
142,1963-11-27,01:27,40.71,-74.0,119.38371501456743,1967-07-16:career|1971-12-29:child|1972-08-16:child|1974-02-18:marriage|1981-10-16:child|1995-12-14:child|1997-04-22:marriage|1997-05-11:career|1998-01-04:marriage|1998-01-13:career|2002-05-08:career|2005-03-02:marriage|2007-12-05:child|2008-02-23:child|2009-04-29:marriage|2019-12-10:child|2021-02-10:marriage
143,1975-01-11,13:34,40.71,-74.0,312.0474932102247,1981-05-18:marriage|1985-11-13:career|1986-07-21:career|1990-05-26:child|1992-09-13:marriage|1998-03-20:shock|1999-09-11:shock|2001-01-22:marriage|2001-03-02:shock|2001-11-03:child|2004-09-18:marriage|2014-01-23:child|2015-02-07:career|2016-06-27:career|2016-10-05:marriage|2028-09-06:marriage
144,1974-09-24,02:20,40.71,-74.0,75.84297136676241,1982-05-24:child|1984-02-04:marriage|1991-08-26:shock|1993-01-27:career|1994-05-29:child|1996-08-16:marriage|1999-06-19:marriage|2005-11-26:child|2008-01-07:marriage|2019-12-19:marriage|2020-01-06:marriage|2022-03-31:career|2027-05-16:marriage|2028-09-08:shock|2029-05-05:shock|2029-10-22:child|2030-01-15:shock|2031-12-03:marriage|2032-12-06:shock
145,1968-06-04,23:36,40.71,-74.0,245.7869017821501,1976-06-14:child|1978-05-09:marriage|1980-04-17:career|1982-02-07:shock|1983-01-14:shock|1989-09-16:marriage|1989-11-12:child|2000-04-14:child|2002-01-08:marriage|2008-12-04:career|2009-02-07:career|2012-04-23:child|2018-08-10:career|2021-11-25:career|2023-10-30:child|2024-03-18:shock|2024-03-25:child
146,1970-12-11,22:42,40.71,-74.0,97.70628241991201,1971-01-15:child|1973-02-24:marriage|1983-07-08:child|1995-03-04:career|1996-12-19:marriage|1997-04-10:child|1998-04-24:marriage|2006-11-14:child|2020-05-02:marriage|2024-05-16:career|2025-01-04:career|2030-10-26:child
147,1960-07-18,18:32,40.71,-74.0,219.85790450239824,1963-08-07:child|1965-05-27:marriage|1975-05-29:child|1976-01-17:child|1976-11-10:shock|1976-12-27:career|1977-02-27:shock|1977-08-16:career|1987-05-21:child|1988-01-02:child|1989-04-27:marriage|2000-07-26:marriage|2006-08-17:career|2007-03-02:career|2013-02-05:marriage|2013-02-09:shock|2014-06-10:child|2015-09-24:child
148,1968-09-25,14:59,40.71,-74.0,231.33441070329926,1977-06-08:marriage|1978-09-01:career|1979-01-04:shock|1980-04-30:shock|1987-08-26:child|1988-02-26:child|1989-07-04:marriage|1991-04-20:marriage|1994-04-25:shock|2001-06-17:marriage|2007-09-14:career|2008-03-28:career|2008-08-28:marriage|2009-01-06:marriage|2011-07-06:child|2012-01-13:child|2013-06-07:marriage|2024-10-08:marriage|2025-05-06:marriage
149,1965-05-23,09:53,40.71,-74.0,66.6302486041211,1972-01-28:marriage|1981-10-15:child|1992-01-16:career|2003-04-20:career|2005-08-15:child|2005-10-26:child|2006-10-12:shock|2016-12-23:child|2017-01-18:child|2019-10-28:marriage|2019-11-17:career|2021-05-14:career|2022-01-01:career
150,1987-10-18,18:16,40.71,-74.0,295.3832278036318,1989-07-31:child|1990-02-08:child|1991-11-24:marriage|1992-02-03:marriage|1994-03-25:shock|1995-01-16:shock|2001-07-11:child|2004-02-24:marriage|2007-06-07:career|2007-11-22:career|2014-01-15:career|2015-09-02:marriage|2015-10-24:marriage|2027-05-14:shock|2039-08-14:marriage|2043-01-14:career
151,1976-03-04,10:41,40.71,-74.0,324.4769267864331,1978-07-28:child|1986-03-10:career|1990-08-13:child|1992-11-28:marriage|1993-02-09:marriage|2001-04-07:shock|2002-01-01:shock|2002-07-24:child|2005-04-20:marriage|2015-09-21:shock|2016-07-19:career|2017-04-29:marriage|2023-11-17:marriage|2025-10-10:child|2026-06-15:child
152,1988-10-20,22:16,40.71,-74.0,32.70485110322916,1990-01-15:career|1992-07-06:child|1994-12-28:marriage|1995-01-27:marriage|2004-02-18:child|2006-10-05:shock|2006-11-19:marriage|2016-04-01:child|2017-10-14:shock|2018-07-04:shock|2019-03-03:career|2019-03-03:shock|2020-01-25:shock|2027-10-26:child|2035-11-27:marriage|2036-10-15:career|2039-08-17:child
153,1963-02-09,05:34,40.71,-74.0,225.74241718996183,1964-03-19:child|1975-07-26:child|1977-05-25:marriage|1977-12-27:shock|1978-01-06:shock|1978-03-12:career|1979-07-14:shock|1987-06-26:child|1988-01-28:child|1989-05-25:marriage|1993-09-19:marriage|1999-06-09:child|2000-01-13:child|2001-05-03:marriage|2006-11-23:career|2007-01-07:career|2012-09-28:marriage|2013-05-11:marriage|2015-11-13:shock
154,1977-11-03,17:06,40.71,-74.0,293.8223899227907,1977-11-16:child|1979-11-15:marriage|1980-01-01:marriage|1984-01-15:career|1990-02-20:child|1991-11-17:marriage|1992-03-05:marriage|1993-04-10:shock|1994-01-27:shock|2001-07-07:child|2004-04-24:marriage|2006-05-27:shock|2013-05-31:child|2013-11-19:career|2014-06-01:career|2015-09-20:marriage|2017-12-09:shock|2027-08-26:marriage|2037-05-28:child
155,1968-05-19,07:31,40.71,-74.0,10.018920223498023,1982-11-13:marriage|1991-09-06:child|1993-07-19:child|2006-02-16:marriage|2010-07-07:marriage|2012-07-09:shock|2013-05-08:shock|2014-01-17:shock|2015-07-29:child|2018-01-26:career|2018-05-03:marriage|2026-10-20:child|2027-01-04:child
156,1988-06-11,00:18,40.71,-74.0,259.5272448353511,1988-07-12:child|1989-02-20:child|1990-08-12:marriage|2000-06-25:child|2001-01-06:child|2002-07-06:marriage|2006-01-28:marriage|2011-05-14:career|2024-05-11:child|2025-10-13:marriage|2037-08-17:marriage|2039-11-04:career|2040-01-12:career|2048-01-08:child|2048-04-27:child
157,1981-08-08,11:38,40.71,-74.0,154.20771907864548,1985-02-08:child|1987-03-17:marriage|1998-06-05:marriage|2000-07-17:career|2001-05-12:career|2007-07-05:child|2009-01-19:child|2010-05-26:marriage|2011-01-23:marriage|2022-04-21:marriage|2030-01-17:shock|2030-05-29:career|2033-09-16:career
158,1966-02-17,08:57,40.71,-74.0,274.89045450460287,1967-08-19:marriage|1982-12-15:career|1983-05-02:career|1989-01-13:shock|1990-08-03:shock|1990-11-15:marriage|1991-07-26:marriage|1993-03-19:career|2002-10-14:marriage|2003-02-15:marriage|2012-01-20:career|2012-08-30:child|2013-04-13:child|2014-10-18:marriage|2015-02-11:marriage|2017-05-03:career|2024-08-03:child|2025-01-02:child
159,1980-06-01,15:19,40.71,-74.0,145.28074275995223,1985-01-18:child|1998-05-18:marriage|1999-08-03:career|2000-05-08:career|2005-09-05:child|2010-04-18:marriage|2020-05-23:child|2022-03-22:marriage|2029-12-27:career|2030-01-16:career|2032-02-25:shock|2032-07-09:child|2034-03-11:marriage|2036-06-10:career
160,1972-09-28,00:13,40.71,-74.0,42.449943580471235,1983-02-25:marriage|1988-08-02:shock|1990-03-30:career|1995-01-30:marriage|1998-02-06:career|2004-09-19:child|2005-08-07:marriage|2007-01-15:marriage|2013-02-27:shock|2018-12-23:marriage|2019-01-22:marriage|2020-03-07:career|2020-08-15:shock|2021-05-19:shock|2022-01-20:shock|2027-11-04:child|2028-03-17:child
161,1978-10-19,06:33,40.71,-74.0,149.6863860845345,1985-01-30:child|1986-07-19:marriage|1997-01-24:child|1998-10-14:marriage|2000-05-05:career|2010-11-11:marriage|2015-10-28:child|2021-01-16:child|2029-07-16:career|2030-04-02:career|2032-05-04:child
162,1987-11-21,19:41,40.71,-74.0,19.739547040738433,1989-08-18:career|1992-04-19:child|2005-11-14:child|2006-11-18:marriage|2010-04-05:career|2015-07-29:shock|2015-09-23:child|2016-03-27:shock|2017-02-26:shock|2018-03-24:career|2030-03-07:marriage|2039-08-04:child|2042-06-22:marriage|2046-06-05:shock
163,1968-01-24,09:44,40.71,-74.0,263.61731796840957,1978-08-08:marriage|1979-01-30:marriage|1982-03-27:career|1986-01-22:shock|1987-01-02:shock|1988-09-07:child|1989-03-01:child|1990-08-24:marriage|2000-07-08:child|2000-08-05:shock|2001-01-20:child|2010-12-17:career|2011-01-17:career|2012-06-07:child|2026-07-21:marriage|2027-12-19:child
164,1989-09-11,21:54,40.71,-74.0,319.7482271890055,1990-06-08:child|1992-12-12:marriage|1993-04-11:marriage|2000-03-11:shock|2001-02-17:shock|2002-05-25:child|2005-06-16:marriage|2007-09-21:child|2008-03-17:marriage|2013-09-10:child|2014-07-02:child|2015-11-22:career|2016-09-15:marriage|2025-10-05:child|2026-02-07:child|2030-11-18:shock|2036-06-18:shock|2038-03-06:child|2045-06-18:career|2049-08-18:child
165,1983-07-14,10:09,40.71,-74.0,116.96137724574118,1985-05-06:marriage|1995-12-30:child|1997-03-28:marriage|1997-04-18:career|1998-01-05:marriage|2007-11-17:child|2009-09-18:marriage|2019-04-01:child|2021-02-09:marriage|2026-04-09:career|2027-01-25:career|2031-02-05:child|2038-08-17:shock|2039-01-25:shock|2041-08-28:career|2043-01-28:child
166,1970-05-28,13:20,40.71,-74.0,118.32665713325099,1972-02-07:child|1987-10-13:career|1991-08-23:marriage|1997-05-12:marriage|1997-12-09:career|2009-08-14:marriage|2019-11-01:child|2020-01-01:career|2021-02-17:marriage|2026-06-07:career|2027-02-07:career
167,1984-06-07,17:57,40.71,-74.0,181.2383078268192,1986-02-24:child|1987-06-03:marriage|1988-02-23:marriage|1998-03-31:child|1999-07-01:marriage|2000-02-04:marriage|2003-06-26:career|2010-02-24:child|2011-06-26:marriage|2019-06-18:career|2023-05-16:marriage|2024-03-17:shock|2032-07-25:career|2033-01-17:career|2033-05-28:child|2035-03-26:marriage|2041-07-18:child
168,1976-08-18,15:18,40.71,-74.0,205.79617396960498,1976-12-05:marriage|1977-01-16:marriage|1987-04-08:child|1999-03-11:child|2000-05-26:marriage|2003-03-19:shock|2005-06-23:career|2010-06-29:child|2012-05-30:marriage|2014-12-13:career|2022-05-20:child|2023-01-30:child|2024-04-23:marriage|2034-09-13:career|2035-01-08:career|2036-05-07:marriage
169,1966-09-19,18:35,40.71,-74.0,270.96909553076887,1967-06-23:marriage|1978-11-12:marriage|1982-10-27:career|1988-02-06:shock|1989-04-13:child|1989-07-14:shock|1990-10-18:marriage|1991-01-31:marriage|1994-02-01:child|1996-08-18:child|2003-01-19:marriage|2012-03-23:career|2012-12-06:child|2013-02-27:child|2014-09-18:marriage|2024-07-20:child|2025-01-24:child|2026-09-04:marriage
170,1987-06-10,04:56,40.71,-74.0,339.49860426976335,1987-10-28:career|1990-08-24:child|1991-01-27:child|2002-09-14:child|2005-03-22:shock|2005-10-20:marriage|2006-03-04:shock|2014-07-28:child|2021-06-03:career|2026-08-09:child|2028-12-16:marriage|2029-01-22:marriage|2041-05-17:marriage|2046-01-04:career
171,1977-05-21,01:06,40.71,-74.0,251.9835298637528,1980-09-21:career|1981-06-18:career|1984-02-23:shock|1992-03-21:shock|1994-08-15:child|2000-06-06:child|2001-10-26:marriage|2009-08-28:shock|2009-10-21:career|2010-04-18:career|2012-04-24:child|2013-09-05:marriage|2014-01-17:marriage|2017-03-02:shock|2026-03-10:marriage
172,1968-07-18,20:23,40.71,-74.0,241.76918660930997,1976-05-06:child|1977-08-21:marriage|1978-05-10:marriage|1979-09-27:career|1981-02-06:shock|1982-02-15:shock|1985-03-02:child|1988-05-02:child|1989-08-04:marriage|1990-02-07:marriage|2001-08-03:marriage|2008-09-22:career|2009-02-05:career|2011-08-07:child|2017-06-10:child|2023-10-05:child
173,1985-05-25,17:52,40.71,-74.0,169.88936575772462,1987-05-24:marriage|1997-06-23:child|1999-03-25:marriage|2009-07-31:child|2010-07-07:career|2011-03-16:marriage|2021-08-31:child|2023-02-26:marriage|2031-07-09:career|2032-01-01:career|2033-02-22:child|2034-08-10:marriage|2035-03-13:marriage|2045-03-25:child
174,1973-07-28,12:58,40.71,-74.0,161.42297793039316,1975-05-06:marriage|1985-04-07:child|1997-04-21:child|1998-06-22:child|1999-03-31:marriage|2001-06-21:career|2015-11-26:marriage|2022-05-14:marriage|2023-02-11:marriage|2030-07-25:career
175,1984-09-04,03:17,40.71,-74.0,70.6703531358112,1984-09-26:marriage|1992-03-20:career|1993-01-07:career|1993-11-05:child|1996-01-05:marriage|2008-11-13:child|2017-08-26:child|2019-11-24:marriage|2027-09-05:shock|2027-10-19:child|2028-05-08:shock|2029-01-12:shock|2029-03-09:child|2034-08-21:child|2040-11-15:child|2041-03-15:child|2043-04-12:marriage|2043-08-20:child
176,1966-06-07,07:13,40.71,-74.0,32.55609218052219,1968-08-20:child|1971-02-23:marriage|1980-07-25:child|1983-02-11:marriage|1986-03-02:child|1990-01-10:career|1991-12-30:child|1992-08-10:child|1995-01-07:marriage|2003-10-21:child|2004-02-28:child|2004-06-09:marriage|2006-12-05:marriage|2008-11-04:marriage|2016-06-20:child|2018-06-14:shock|2019-01-15:child|2019-02-24:career|2019-04-01:shock|2020-01-31:shock
177,1966-08-18,21:14,40.71,-74.0,278.91250856229044,1977-05-30:child|1979-08-17:marriage|1983-01-22:career|1990-04-29:shock|1991-08-25:shock|1999-05-18:marriage|2001-05-18:child|2003-07-14:marriage|2009-11-03:shock|2012-10-14:child|2012-11-22:career|2013-06-09:career|2014-10-13:marriage|2015-07-02:marriage|2025-04-26:child
178,1973-06-04,03:00,40.71,-74.0,291.64455983690937,1977-08-03:child|1978-01-31:child|1980-01-22:marriage|1984-02-04:career|1989-08-10:child|1990-02-13:child|1991-09-24:marriage|1992-03-01:marriage|1993-04-18:shock|1994-02-03:shock|2001-08-08:child|2003-09-25:marriage|2005-06-18:career|2013-07-12:child|2013-11-30:career|2014-07-21:career|2015-09-05:marriage|2021-10-05:career|2031-11-06:marriage
179,1985-07-13,07:33,40.71,-74.0,82.71334603843974,1993-03-25:career|1994-01-21:child|1996-02-24:marriage|2003-04-08:child|2005-12-21:child|2006-01-17:child|2008-08-11:marriage|2018-07-17:child|2020-02-08:marriage|2023-02-05:career|2025-06-18:shock|2027-03-25:child|2030-07-25:shock|2031-04-13:shock|2031-12-26:marriage|2032-01-21:shock|2040-04-24:marriage|2041-10-31:child|2043-12-13:marriage
180,1966-07-13,20:32,40.71,-74.0,239.23894584041776,1976-05-23:child|1977-09-26:marriage|1978-04-02:marriage|1978-12-15:career|1979-01-03:career|1981-01-19:shock|1982-07-20:shock|1989-08-07:marriage|1990-02-08:marriage|2000-04-02:child|2001-08-03:marriage|2009-05-26:career|2011-07-03:child|2012-03-14:child|2022-09-16:marriage|2023-10-24:child|2024-02-10:child
181,1965-12-21,14:20,40.71,-74.0,300.4253874238915,1977-11-12:child|1978-06-05:child|1980-08-04:marriage|1981-12-05:child|1985-01-19:career|1988-12-26:shock|1989-12-13:child|1992-08-01:marriage|1995-04-13:shock|1995-04-17:child|1996-01-21:shock|2002-02-08:child|2003-12-01:marriage|2004-02-06:marriage|2014-01-07:career|2016-04-09:marriage|2025-07-02:child
182,1977-01-22,10:50,40.71,-74.0,277.83154884753316,1977-07-11:child|1982-11-25:career|1983-02-01:career|1989-06-10:child|1990-02-24:shock|1991-01-09:shock|1994-09-18:career|2002-11-12:marriage|2008-07-19:career|2012-09-26:career|2012-09-27:child|2013-04-25:child|2014-10-21:marriage|2015-03-12:marriage|2024-08-29:child|2026-09-04:marriage|2027-02-10:marriage|2036-07-05:child
183,1988-01-10,15:23,40.71,-74.0,353.2799966438287,1988-01-18:career|1990-11-08:child|1991-01-19:child|1994-06-12:marriage|2003-02-10:child|2005-10-21:marriage|2008-05-25:shock|2009-02-03:career|2009-02-24:shock|2010-01-17:shock|2012-04-01:child|2015-04-06:child|2017-01-21:career|2017-11-06:marriage|2026-08-01:child|2029-11-27:marriage|2038-09-17:career|2046-12-08:career
184,1978-02-21,17:50,40.71,-74.0,96.01040211968483,1983-01-10:child|1985-02-12:marriage|1994-05-10:career|1994-09-28:career|1994-11-21:child|1995-02-15:career|2006-11-27:child|2007-10-22:marriage|2008-12-19:marriage|2010-07-26:career|2020-04-16:marriage|2024-09-16:career|2028-04-15:marriage|2030-02-28:child|2032-03-03:marriage|2033-08-27:shock|2034-01-17:shock|2035-01-30:shock
185,1989-12-09,17:00,40.71,-74.0,341.8244454578579,1991-03-17:child|2002-08-13:child|2005-04-03:shock|2006-04-04:shock|2007-01-04:shock|2014-08-03:child|2016-12-20:career|2017-07-05:career|2017-09-29:marriage|2026-08-16:child|2029-02-21:marriage|2038-06-17:marriage|2038-07-28:child|2040-11-26:marriage|2041-04-21:marriage|2046-06-28:career
186,1987-07-05,22:35,40.71,-74.0,257.88589618499543,1988-07-18:child|1989-01-14:child|2000-06-07:child|2002-06-05:marriage|2003-01-24:marriage|2010-10-06:career|2011-05-29:career|2012-06-02:child|2020-12-17:child|2024-04-25:child|2025-11-03:marriage|2037-08-06:marriage|2038-02-05:marriage|2039-12-04:career|2040-02-28:career
187,1987-11-07,21:59,40.71,-74.0,50.99313473164363,1991-08-02:career|1992-10-30:child|1993-04-22:child|2004-07-08:career|2007-02-15:marriage|2016-09-08:child|2019-06-20:marriage|2020-04-19:career|2023-05-24:shock|2024-01-03:shock|2028-08-18:child|2035-03-15:child|2040-01-16:child|2042-11-30:marriage|2045-08-12:shock|2046-11-18:career
188,1964-09-04,07:03,40.71,-74.0,121.11707363097635,1972-02-26:child|1974-01-09:marriage|1980-06-19:career|1984-02-07:child|1984-06-04:marriage|1992-08-06:career|1996-01-25:child|1997-04-23:marriage|1997-06-08:career|1998-02-01:career|2009-04-01:marriage|2014-11-20:child|2021-10-03:marriage
189,1961-11-05,08:57,40.71,-74.0,191.58077674178173,1970-09-29:shock|1971-01-26:shock|1974-05-19:child|1974-09-01:career|1975-02-03:career|1986-05-30:child|1998-04-09:child|2000-04-02:marriage|2003-09-27:career|2004-05-07:career|2010-04-11:child|2011-07-04:marriage|2012-02-28:marriage|2014-04-14:career|2018-11-26:marriage|2019-10-28:child|2021-02-07:child
190,1963-01-20,06:13,40.71,-74.0,217.97734987553767,1963-07-25:child|1964-02-01:child|1975-05-17:child|1975-12-07:shock|1976-01-27:shock|1976-09-11:career|1977-01-06:career|1977-04-04:shock|1983-12-28:shock|1987-05-11:child|1987-08-10:marriage|1989-03-25:marriage|1999-04-07:child|2000-08-09:marriage|2001-04-13:marriage|2006-07-12:career|2011-03-25:child|2013-01-24:marriage|2019-10-23:career
191,1970-11-13,03:47,40.71,-74.0,136.36565514038745,1973-01-01:child|1974-05-03:marriage|1984-12-25:child|1988-04-17:shock|1996-04-03:child|1998-03-19:marriage|2008-03-27:child|2010-01-17:marriage|2017-01-11:marriage|2020-09-04:child|2022-01-27:marriage|2028-11-20:career|2029-02-21:career
192,1971-09-28,15:25,40.71,-74.0,238.23548870375095,1976-05-11:child|1977-08-20:marriage|1978-01-16:marriage|1978-11-04:career|1979-01-18:career|1980-11-29:shock|1981-01-10:shock|1990-01-12:marriage|2000-04-24:child|2003-06-06:shock|2004-11-25:marriage|2008-08-28:career|2009-05-25:career|2011-08-06:child|2012-03-11:child|2023-06-21:child|2024-02-02:child|2029-03-10:shock
193,1969-12-12,13:52,40.71,-74.0,282.7405434203633,1983-10-26:career|1989-06-07:child|1991-02-12:shock|1991-08-30:marriage|1992-01-03:shock|2001-06-10:child|2003-08-11:marriage|2005-09-19:marriage|2007-07-01:child|2012-10-04:shock|2012-11-16:career|2013-05-11:career|2013-05-24:child|2015-06-21:marriage|2024-09-23:child|2025-04-08:child|2026-11-05:marriage|2027-01-03:marriage|2027-04-19:career
194,1976-07-03,11:02,40.71,-74.0,119.46177230064774,1983-12-15:child|1985-12-20:marriage|1997-05-22:career|1997-06-16:marriage|1998-01-02:career|1998-01-06:marriage|2007-12-07:child|2009-04-13:marriage|2014-04-08:career|2019-11-04:child|2021-03-26:marriage|2025-01-25:shock|2026-06-03:career|2027-02-06:career|2031-03-18:child|2033-02-16:marriage|2036-05-05:shock
195,1962-12-13,08:50,40.71,-74.0,219.4644733276492,1963-07-07:child|1965-05-31:marriage|1975-11-11:child|1976-01-19:child|1976-11-07:career|1976-12-20:shock|1977-01-03:shock|1977-06-10:career|1987-05-10:child|1989-05-13:marriage|1993-10-20:child|2000-09-11:marriage|2000-10-20:career|2001-04-22:marriage|2006-08-18:career|2007-02-23:career|2011-05-04:child|2012-08-07:marriage|2013-03-04:marriage
196,1970-01-28,09:04,40.71,-74.0,258.8018498999613,1976-08-17:child|1977-03-27:child|1978-08-05:marriage|1981-01-17:career|1985-02-22:shock|1986-01-12:shock|1988-12-04:child|1989-01-18:child|1990-07-12:marriage|2000-06-01:child|2010-09-06:career|2011-06-01:career|2014-07-10:marriage|2022-07-22:child|2024-05-28:child|2025-07-06:career|2025-09-12:marriage
197,1987-03-05,00:00,40.71,-74.0,178.5784127495503,1987-07-25:marriage|1998-02-12:child|1999-05-05:marriage|2000-01-09:marriage|2002-10-02:career|2002-11-22:shock|2010-02-09:child|2011-05-07:marriage|2021-07-08:child|2023-05-12:marriage|2029-02-27:career|2032-06-14:career|2033-02-14:career|2033-05-02:child|2035-04-12:marriage|2044-11-02:shock|2045-04-23:child
198,1970-02-24,05:54,40.71,-74.0,241.56743444652943,1976-04-22:child|1977-11-06:marriage|1978-04-26:marriage|1979-08-06:career|1981-03-23:shock|1982-02-07:shock|1988-03-29:child|1990-02-04:marriage|1998-02-27:child|2008-10-18:career|2009-03-23:career|2013-06-28:marriage|2023-06-14:child|2024-02-05:child
199,1988-06-07,20:52,40.71,-74.0,215.87147410880115,1988-07-27:marriage|1999-03-19:child|2000-08-05:marriage|2005-10-06:career|2006-01-04:career|2011-02-23:child|2012-06-12:marriage|2013-02-27:marriage|2019-03-09:shock|2023-02-11:child|2029-09-09:child|2031-06-17:shock|2034-06-29:child|2035-02-24:child|2035-09-11:career|2036-02-13:career|2046-06-25:child
200,1990-02-24,14:17,40.71,-74.0,40.02008686751489,1990-01-28:career|1995-06-23:marriage|2007-07-18:marriage|2015-11-22:child|2016-02-12:child|2018-11-30:marriage|2019-01-05:marriage|2020-05-31:shock|2021-02-25:shock|2022-02-04:shock|2027-11-03:child|2028-02-24:child|2039-10-15:child|2040-05-31:child|2042-03-22:career|2049-02-28:career
201,1979-07-10,02:23,40.71,-74.0,325.39210836669076,1986-02-13:career|1990-08-16:child|1993-01-21:marriage|2001-04-08:shock|2002-01-25:shock|2003-01-26:shock|2005-03-12:marriage|2010-02-12:marriage|2014-04-05:career|2015-12-09:career|2016-07-08:career|2016-11-15:marriage|2017-05-03:marriage|2020-05-11:career|2025-09-25:child|2026-04-28:child|2028-10-07:marriage|2038-02-10:child
202,1968-04-13,12:17,40.71,-74.0,63.097705605717955,1969-09-06:child|1971-12-31:marriage|1972-08-23:marriage|1981-08-28:child|1984-01-08:marriage|1990-08-11:career|1992-03-02:career|1993-09-12:child|1996-01-14:marriage|1999-09-27:marriage|2005-01-27:child|2006-04-25:career|2016-12-19:child|2017-03-31:child|2021-03-15:career|2022-01-02:career|2025-07-30:shock|2026-06-01:shock|2027-01-13:shock
203,1980-08-03,08:21,40.71,-74.0,111.60562267829135,1983-12-05:child|1985-08-21:marriage|1996-09-08:career|1997-01-27:career|1997-02-24:marriage|2007-03-13:child|2009-03-17:marriage|2010-05-18:marriage|2019-06-05:child|2021-01-19:marriage|2025-08-25:career|2026-03-18:career|2030-12-16:child|2031-02-17:child|2033-01-17:marriage|2033-11-03:career|2035-06-28:child|2037-08-02:shock|2038-01-21:shock|2039-01-13:marriage
204,1982-03-22,02:16,40.71,-74.0,218.84112017045953,1997-07-13:career|1999-05-05:child|2000-07-30:marriage|2001-03-26:marriage|2005-02-08:career|2006-02-28:marriage|2006-08-20:career|2007-03-08:career|2011-03-12:child|2012-07-11:marriage|2012-07-23:marriage|2013-01-24:marriage|2023-04-03:child|2035-11-07:career|2036-01-12:career|2036-07-04:marriage
205,1975-11-09,00:57,40.71,-74.0,98.66428885342799,1983-05-25:child|1985-01-27:marriage|1994-03-28:career|1994-12-19:child|1995-11-08:career|1997-02-04:marriage|2009-01-06:marriage|2018-10-14:child|2020-05-01:marriage|2023-10-28:child|2024-09-04:career|2025-01-07:career|2030-11-29:child|2032-03-29:marriage|2034-07-11:shock|2035-03-06:shock
206,1988-05-01,14:37,40.71,-74.0,112.96312994477918,1996-04-22:career|1997-02-04:career|1997-04-03:marriage|2007-02-23:child|2009-03-06:marriage|2017-05-14:child|2019-02-21:child|2021-01-16:marriage|2022-12-06:shock|2026-04-07:career|2031-06-29:child|2037-09-16:shock|2038-05-11:shock|2039-03-19:shock|2043-02-08:child|2044-06-18:shock
207,1968-10-17,16:18,40.71,-74.0,265.32617729912056,1978-08-17:marriage|1979-02-11:marriage|1981-12-03:career|1982-03-03:career|1986-12-04:shock|1987-01-23:shock|1988-07-28:child|1988-07-31:shock|1990-08-01:marriage|1991-04-04:marriage|1997-10-21:shock|2000-06-22:child|2001-02-27:child|2001-10-11:marriage|2002-08-10:marriage|2010-12-31:career|2011-08-26:career|2011-11-06:career|2012-06-14:child|2013-01-14:child|2014-08-27:marriage
208,1977-09-21,16:57,40.71,-74.0,251.68310300872815,1978-06-16:marriage|1980-09-18:career|1983-12-28:shock|1984-01-02:shock|1990-05-17:marriage|1994-09-11:shock|2001-11-10:marriage|2002-06-15:marriage|2009-10-20:career|2010-02-28:career|2012-05-16:child|2013-12-24:marriage|2014-05-05:marriage|2024-04-07:child|2026-02-22:marriage|2034-12-24:child|2035-09-15:child
209,1983-01-13,05:16,40.71,-74.0,201.4751054231531,1987-03-10:child|1988-04-26:marriage|1998-01-10:shock|1998-05-18:child|1999-02-17:child|2004-11-04:career|2005-02-05:career|2010-09-19:child|2011-01-28:child|2012-05-13:marriage|2022-05-26:child|2034-04-10:child|2034-07-16:career|2035-08-20:marriage
210,1974-03-27,08:09,40.71,-74.0,302.50949609603504,1977-11-15:child|1978-06-10:child|1980-09-17:marriage|1985-02-04:career|1989-09-01:child|1990-04-30:child|1996-03-01:shock|1997-01-20:shock|2001-12-31:child|2002-02-14:child|2003-12-31:marriage|2004-02-15:marriage|2014-01-27:career|2015-11-15:marriage|2016-07-22:marriage|2028-04-11:marriage|2034-04-11:career
211,1984-03-09,05:43,40.71,-74.0,250.16050397185808,1984-06-27:shock|1988-06-05:child|2000-06-11:child|2001-10-01:marriage|2002-05-07:marriage|2009-10-19:career|2010-03-21:career|2013-08-27:marriage|2014-01-26:marriage|2016-07-07:marriage|2024-03-23:child|2024-11-24:shock|2025-08-16:marriage|2026-02-08:marriage|2035-07-31:child|2036-04-18:child|2038-11-17:child|2038-12-12:career|2039-01-19:career
212,1982-09-26,15:49,40.71,-74.0,241.7071947326729,1982-10-23:shock|1988-05-23:child|1989-08-12:marriage|1990-04-30:marriage|2000-03-22:child|2001-08-14:marriage|2008-10-21:career|2009-03-22:career|2011-09-09:child|2012-04-13:child|2013-07-31:marriage|2016-03-08:shock|2016-06-02:career|2022-05-28:child|2023-09-22:child|2028-09-11:marriage|2035-06-05:child|2036-01-28:child|2037-11-19:career
213,1970-11-10,21:24,40.71,-74.0,43.1553791898296,1980-10-01:child|1983-04-05:marriage|1990-03-17:career|1991-01-09:career|1992-09-02:child|1995-01-27:marriage|2004-08-24:child|2006-12-26:marriage|2007-01-02:marriage|2015-12-18:child|2018-11-11:child|2018-12-27:marriage|2020-01-01:career|2021-06-21:shock|2022-01-04:shock|2023-02-08:shock|2028-01-22:child
214,1969-03-22,23:24,40.71,-74.0,185.77845765468678,1969-10-12:shock|1970-03-20:shock|1974-05-13:child|1974-06-22:career|1984-08-28:career|1998-03-24:child|1999-08-25:marriage|2003-07-02:career|2004-02-07:career|2010-02-08:child|2011-06-15:marriage|2029-01-11:child
215,1966-02-27,07:34,40.71,-74.0,264.84904846770064,1966-11-04:marriage|1967-01-09:marriage|1978-09-11:marriage|1979-02-06:marriage|1981-12-06:career|1982-04-24:career|1987-02-12:shock|1988-07-31:child|1990-08-13:marriage|1991-02-23:marriage|1996-01-10:child|2000-11-28:child|2001-02-21:child|2010-12-04:career|2011-01-11:career|2013-02-28:child|2018-03-02:child
216,1982-02-23,03:17,40.71,-74.0,209.980318185606,1987-03-29:child|1988-06-27:marriage|2005-08-30:career|2006-01-18:career|2009-01-03:shock|2012-06-13:marriage|2021-12-20:marriage|2022-06-14:child|2023-02-27:child|2034-09-16:child|2034-10-15:career|2035-01-09:child|2035-06-14:career|2036-04-09:marriage
217,1978-09-12,02:57,40.71,-74.0,73.18487964068777,1981-11-11:child|1982-05-18:child|1984-01-30:marriage|1992-05-02:career|1993-01-25:career|1993-11-26:child|1995-01-04:child|1996-01-29:marriage|2005-01-07:marriage|2005-10-27:child|2009-11-10:shock|2017-11-21:shock|2019-12-24:marriage|2022-02-14:career|2028-06-19:shock|2029-01-27:shock|2030-01-22:shock
218,1963-04-10,08:59,40.71,-74.0,340.50210433145935,1966-11-17:child|1967-06-15:child|1970-05-06:marriage|1978-09-14:child|1979-06-22:child|1981-12-07:marriage|1987-02-12:career|1990-08-13:child|1991-03-11:child|1993-10-14:marriage|2005-04-18:shock|2006-01-23:shock|2007-01-08:shock|2017-01-03:career|2017-09-27:marriage|2021-04-10:career
219,1974-09-14,00:19,40.71,-74.0,22.765556902486676,1980-02-17:child|1989-03-11:career|1991-10-02:child|1991-10-23:shock|1992-04-07:child|2001-09-14:career|2003-10-15:child|2006-11-08:marriage|2009-01-06:shock|2016-05-13:shock|2017-02-05:shock|2018-01-12:shock|2019-01-17:career|2026-06-08:marriage|2030-03-16:marriage
220,1987-10-13,17:43,40.71,-74.0,281.130884944333,1990-04-03:shock|1991-02-18:shock|1991-08-05:marriage|2001-05-27:child|2003-06-22:marriage|2010-03-06:marriage|2012-12-04:career|2013-04-10:child|2013-04-25:career|2014-11-23:marriage|2024-09-15:child|2026-11-17:marriage|2027-02-19:marriage|2031-06-01:child|2032-12-27:child|2034-04-20:shock|2037-01-09:child|2038-10-17:marriage|2039-04-27:marriage|2042-01-25:career
221,1975-11-18,15:20,40.71,-74.0,280.67754625322567,1979-09-24:marriage|1983-02-01:career|1989-05-25:child|1990-02-18:shock|1991-02-13:shock|1992-01-11:shock|2001-07-02:child|2003-08-19:marriage|2012-12-05:career|2013-06-19:career|2015-08-01:marriage|2021-05-02:child|2024-08-22:child|2025-05-14:child|2026-11-20:marriage|2030-12-07:child
222,1965-06-19,07:31,40.71,-74.0,55.855111900904106,1972-01-27:marriage|1980-11-17:child|1981-03-14:child|1983-11-15:marriage|1989-10-06:career|1991-02-10:career|1992-11-03:child|1993-03-14:child|1995-12-02:marriage|2004-06-07:marriage|2004-12-01:child|2005-06-01:child|2007-02-19:marriage|2020-05-04:career|2021-01-14:career|2024-06-16:shock|2025-02-22:shock
223,1988-06-03,12:02,40.71,-74.0,107.7939578702907,1995-03-04:child|1997-02-18:marriage|2007-01-04:child|2009-02-01:marriage|2018-12-22:child|2019-01-08:child|2020-12-27:marriage|2025-05-25:career|2026-01-15:career|2031-01-24:child|2033-01-25:marriage|2036-08-09:shock|2037-01-06:shock|2041-04-17:marriage|2042-11-26:child|2044-06-16:marriage
224,1987-01-16,02:14,40.71,-74.0,167.69904747679533,1987-05-21:marriage|1997-05-01:child|1998-01-07:child|1999-04-19:marriage|2001-09-09:career|2004-10-17:career|2009-03-23:child|2011-03-11:marriage|2021-11-06:child|2023-02-15:marriage|2025-11-13:career|2031-07-29:career|2032-01-06:career|2033-03-11:child|2034-06-30:marriage|2046-06-29:marriage
225,1986-10-14,11:24,40.71,-74.0,203.5155521796546,1987-03-23:child|1988-06-16:marriage|1998-07-28:child|1999-02-27:child|2004-09-29:career|2005-06-02:career|2010-06-14:career|2010-06-29:child|2011-02-16:child|2012-04-17:marriage|2022-10-20:child|2024-05-06:marriage|2028-06-04:marriage|2034-04-06:child|2034-08-12:career|2035-03-20:career|2035-10-13:marriage|2046-04-13:child
226,1976-07-21,10:14,40.71,-74.0,123.98160093574822,1984-08-08:child|1995-03-15:marriage|1997-07-26:career|1999-04-09:child|2009-03-17:shock|2009-04-28:marriage|2019-11-17:child|2021-10-15:marriage|2027-04-06:career|2028-01-15:career|2033-03-29:marriage
227,1962-04-28,23:15,40.71,-74.0,212.52545543502515,1963-06-03:child|1964-01-07:child|1965-05-11:marriage|1974-11-19:shock|1975-01-27:shock|1976-07-08:shock|1976-09-11:marriage|1977-03-22:career|1977-04-16:marriage|1987-04-08:child|1988-08-18:marriage|1989-03-25:marriage|1994-09-19:shock|1999-03-03:child|2001-01-04:marriage|2004-08-14:shock|2005-10-05:career|2006-01-17:career|2018-04-27:marriage
228,1974-03-09,03:18,40.71,-74.0,220.93193044994118,1975-06-08:child|1976-12-02:shock|1977-01-08:shock|1977-05-06:marriage|1978-07-14:shock|1987-11-22:child|1989-05-19:marriage|1990-09-28:marriage|1995-05-01:child|2000-10-15:marriage|2001-03-27:marriage|2007-02-14:career|2011-04-13:child|2012-12-11:marriage|2013-03-27:marriage|2023-03-27:child|2024-07-25:marriage|2025-03-03:marriage
229,1980-08-07,16:42,40.71,-74.0,213.8287850676769,1987-04-09:child|1988-09-10:marriage|1989-03-04:marriage|2001-01-21:marriage|2005-10-18:career|2006-01-11:career|2011-03-14:child|2014-07-10:child|2023-03-28:child|2024-05-13:marriage|2032-10-07:career|2034-06-07:child|2035-07-26:career|2036-04-24:career|2036-06-04:career
230,1972-03-21,11:01,40.71,-74.0,0.5392923074942171,1982-03-26:marriage|1988-01-21:career|1991-08-06:child|1994-01-04:marriage|2001-10-25:shock|2002-10-17:child|2003-01-09:child|2005-08-16:shock|2006-05-31:marriage|2010-06-12:shock|2011-03-10:shock|2012-01-08:shock|2014-11-02:child|2015-01-22:child|2017-12-21:marriage|2018-01-12:career|2018-07-22:marriage|2020-03-27:career|2026-10-01:child|2027-03-07:child|2029-12-03:marriage|2032-03-20:child
231,1966-06-22,00:12,40.71,-74.0,267.1185314106301,1966-12-18:marriage|1967-06-07:marriage|1977-04-16:child|1978-10-08:marriage|1979-01-15:marriage|1981-12-18:career|1982-01-16:career|1982-09-04:career|1987-01-14:shock|1988-01-03:shock|1988-08-22:child|1989-04-30:child|1991-04-08:marriage|2000-08-06:child|2001-03-15:child|2011-10-01:career|2013-01-24:child|2014-08-28:marriage|2024-07-27:child
232,1969-05-21,08:36,40.71,-74.0,39.089480707342815,1980-09-11:child|1983-03-02:marriage|1990-03-04:career|1992-08-17:child|1994-12-19:marriage|1995-02-14:marriage|2000-05-21:career|2004-07-13:child|2006-12-04:marriage|2007-08-19:marriage|2015-12-31:child|2016-03-18:child|2019-03-13:career|2020-05-08:shock|2021-02-26:shock|2022-01-15:shock|2023-07-22:career|2027-11-08:child|2028-03-19:child
233,1980-06-27,04:22,40.71,-74.0,354.67846750966396,1982-01-21:marriage|1987-12-15:career|1988-07-26:career|1990-11-06:child|1991-01-16:child|1993-11-16:marriage|1994-04-29:marriage|2005-12-12:marriage|2006-06-26:marriage|2009-04-01:shock|2010-01-05:shock|2014-10-14:child|2015-02-05:child|2017-01-19:career|2023-10-03:shock|2025-01-15:career|2036-01-20:marriage|2038-09-04:child|2039-11-27:marriage
234,1974-09-06,10:53,40.71,-74.0,167.62975011689875,1995-08-04:shock|1997-05-08:child|2001-08-27:career|2002-06-21:career|2009-05-05:child|2010-02-03:shock|2021-04-04:child|2032-01-29:career|2033-02-20:child|2034-06-18:marriage
235,1975-01-20,20:36,40.71,-74.0,104.4175830484663,1983-02-27:child|1995-06-07:career|1995-06-14:child|1996-03-19:career|1997-02-09:marriage|2003-02-13:marriage|2003-09-15:career|2006-12-31:child|2007-07-26:child|2019-01-26:child|2025-03-10:career|2030-12-31:child|2032-05-13:marriage
236,1967-12-09,07:52,40.71,-74.0,204.81993701171876,1972-12-25:shock|1973-03-08:shock|1974-04-18:shock|1975-08-22:career|1976-01-01:career|1976-06-20:marriage|1977-01-20:marriage|1986-09-10:career|1987-03-23:child|1998-06-13:career|1999-01-21:child|2005-07-24:career|2010-09-14:child|2011-01-14:child|2012-05-30:marriage|2020-12-17:shock|2022-11-08:child
237,1981-04-20,01:58,40.71,-74.0,237.8984677554808,1981-04-24:shock|2000-03-09:child|2008-09-12:career|2011-08-22:child|2012-03-18:child|2014-09-07:child|2023-07-06:child|2025-07-06:marriage|2035-05-20:child|2037-09-14:career|2038-02-21:career
238,1989-06-14,16:20,40.71,-74.0,167.26492542685946,1997-04-30:child|1998-01-07:child|1999-03-30:marriage|2001-08-19:career|2002-06-05:career|2005-02-04:child|2009-04-23:child|2011-02-22:marriage|2012-10-16:career|2021-02-12:child|2023-02-17:marriage|2031-06-11:career|2032-01-31:career|2033-02-21:child|2034-06-18:marriage|2035-04-06:shock|2039-08-07:shock|2046-05-23:marriage|2047-01-17:marriage|2048-12-07:shock
239,1984-10-24,16:52,40.71,-74.0,279.8978142344283,1989-05-17:child|1990-02-23:shock|1991-02-08:shock|1991-08-07:marriage|1999-06-21:shock|2001-05-29:child|2012-10-17:career|2013-04-06:child|2013-07-07:career|2014-10-16:marriage|2015-07-14:marriage|2024-09-05:child|2026-10-24:marriage|2027-02-04:marriage|2037-01-29:child|2038-10-01:marriage|2039-03-21:marriage|2041-12-15:career|2042-01-10:career
240,1973-07-04,15:44,40.71,-74.0,175.64173262128352,1973-07-20:career|1974-02-16:child|1975-06-26:marriage|1987-06-16:marriage|1988-01-08:marriage|1988-08-12:child|1999-05-10:marriage|2002-08-06:career|2003-01-03:career|2009-12-22:child|2011-05-22:marriage|2021-04-22:child|2023-07-04:child|2031-09-26:career|2032-05-20:career
241,1971-06-01,20:26,40.71,-74.0,205.44357794575672,1973-09-24:shock|1974-01-26:shock|1975-09-18:career|1976-01-19:career|1976-12-17:marriage|1977-02-16:marriage|1993-07-05:child|2000-06-08:marriage|2005-06-24:career|2010-06-22:child|2011-01-11:child|2012-03-25:shock|2012-05-05:marriage|2012-05-19:shock|2022-05-11:child
242,1973-10-08,02:18,40.71,-74.0,89.06705288875835,1982-12-02:child|1994-02-13:career|1994-11-16:child|1996-04-02:marriage|1999-04-28:child|2003-03-23:marriage|2006-03-08:child|2008-06-28:marriage|2018-01-15:child|2020-03-13:marriage|2023-05-08:career|2030-07-17:child|2031-09-28:shock|2031-12-05:child|2032-06-11:shock|2033-01-20:shock
243,1973-04-16,21:53,40.71,-74.0,187.2568404522954,1974-06-25:career|1974-08-31:child|1986-11-18:child|1994-09-19:marriage|1996-03-08:child|1998-03-16:child|1998-11-17:child|1999-08-18:marriage|2000-03-27:marriage|2003-07-20:career|2004-03-03:career|2010-04-11:child|2011-07-30:marriage|2012-01-02:marriage|2023-06-14:marriage|2023-07-04:shock|2024-01-15:marriage|2032-11-15:career
244,1980-12-04,03:12,40.71,-74.0,146.1277741120545,1985-01-30:child|1986-05-20:marriage|1998-10-21:marriage|1999-01-03:marriage|2000-05-27:career|2008-12-25:child|2010-04-24:shock|2013-09-26:shock|2020-05-02:child|2022-02-24:marriage|2029-06-19:career|2030-01-04:career|2032-03-11:child|2034-04-17:career
245,1968-09-04,01:31,40.71,-74.0,36.37273168665145,1968-10-11:child|1971-03-02:marriage|1980-09-04:child|1983-02-25:marriage|1987-02-28:shock|1990-01-23:career|1992-09-01:child|1995-06-10:marriage|2003-12-24:child|2004-07-29:child|2006-12-12:marriage|2016-10-13:child|2019-02-13:career|2019-07-13:shock|2020-05-30:shock|2021-01-18:shock|2026-09-03:marriage|2028-05-01:child
246,1978-11-14,21:38,40.71,-74.0,53.36542495777804,1980-12-26:child|1981-03-26:child|1983-12-07:marriage|1991-01-28:career|1992-11-20:child|1993-04-04:child|1995-10-28:marriage|2007-03-24:marriage|2016-10-28:child|2019-02-19:marriage|2020-04-05:career|2023-10-09:shock|2024-05-02:shock|2025-01-04:shock|2028-10-11:child|2031-01-28:marriage|2031-03-09:marriage
247,1988-10-06,21:55,40.71,-74.0,0.9080624901650599,1988-11-08:career|1994-01-30:marriage|2002-12-22:child|2003-06-17:child|2006-05-24:marriage|2010-02-26:marriage|2010-04-15:shock|2011-03-22:shock|2012-01-03:shock|2016-03-26:marriage|2017-12-20:career|2017-12-20:marriage|2018-03-23:shock|2018-07-11:marriage|2026-10-20:child|2027-02-26:child|2029-11-24:marriage|2041-11-24:marriage|2044-09-06:marriage|2047-01-18:career
248,1960-12-04,05:59,40.71,-74.0,179.049590228794,1962-05-11:child|1967-12-05:shock|1968-01-08:shock|1969-05-20:shock|1973-08-17:career|1974-01-03:career|1974-03-13:child|1975-09-02:marriage|1986-02-23:child|1987-09-14:marriage|1988-01-07:marriage|1994-03-23:career|1999-05-22:marriage|2002-10-05:career|2003-05-23:career|2007-03-28:marriage|2011-05-04:marriage
249,1961-05-17,03:37,40.71,-74.0,282.50317647765564,1965-07-06:child|1966-01-20:child|1967-09-01:marriage|1968-04-04:marriage|1977-06-30:child|1979-10-07:marriage|1983-10-16:career|1991-01-02:shock|1992-01-05:shock|1997-03-15:career|2001-06-04:child|2004-07-14:marriage|2008-02-07:marriage|2012-12-07:career|2013-01-14:career|2013-04-23:child|2014-05-26:career|2015-07-18:marriage
250,1975-08-06,23:12,40.71,-74.0,297.9267767395999,1977-11-28:child|1978-04-16:child|1980-07-28:marriage|1984-11-25:career|1985-06-25:career|1990-04-08:child|1990-11-06:marriage|1991-12-22:marriage|1992-01-09:marriage|1992-03-01:shock|1994-05-22:shock|1995-01-22:shock|1996-01-07:shock|2001-07-06:child|2002-02-11:child|2003-11-23:marriage|2004-04-02:marriage|2013-07-20:child|2013-12-20:career|2014-01-17:career|2016-05-07:marriage|2026-05-18:child|2027-02-06:marriage
251,1979-11-22,10:32,40.71,-74.0,223.18269714807974,1987-05-25:child|1988-01-16:child|2000-09-09:marriage|2001-04-29:marriage|2007-02-17:career|2012-11-06:marriage|2013-08-09:marriage|2023-04-12:child|2024-07-03:marriage|2025-03-20:marriage|2035-03-12:child|2036-08-10:career|2038-11-19:child
252,1990-06-07,05:28,40.71,-74.0,348.50948158510784,1990-10-20:child|1991-01-30:child|1994-07-13:marriage|2003-02-21:child|2005-10-06:marriage|2007-06-17:shock|2008-03-08:shock|2009-01-23:shock|2012-04-05:child|2014-09-26:child|2017-01-29:career|2018-08-22:career|2029-09-24:marriage|2033-05-12:marriage|2041-01-23:marriage|2046-03-23:career
253,1969-06-21,22:32,40.71,-74.0,246.1701320812812,1976-06-15:child|1978-04-25:marriage|1980-02-29:career|1982-04-02:shock|1983-06-12:shock|1988-06-05:child|1989-09-04:marriage|1990-04-25:marriage|1992-10-26:child|2001-09-13:marriage|2002-01-30:marriage|2008-12-26:career|2009-01-02:career|2012-05-01:child|2014-02-17:marriage|2023-08-01:child|2024-04-14:child
254,1986-09-27,05:03,40.71,-74.0,114.94630376500542,1995-11-12:child|1996-05-20:career|1997-03-20:career|1997-04-30:marriage|2007-12-06:child|2019-02-26:child|2021-03-17:marriage|2026-04-22:career|2027-01-05:career|2031-06-28:child|2037-08-25:shock|2038-06-07:shock|2039-01-31:shock|2043-07-11:child|2044-04-18:shock|2044-12-25:marriage
255,1989-12-16,14:36,40.71,-74.0,299.54662838784645,1990-01-07:child|1992-01-23:marriage|1995-06-22:shock|1996-08-06:shock|2002-03-04:child|2004-02-19:marriage|2013-06-28:child|2014-03-04:career|2015-11-25:marriage|2016-02-26:marriage|2019-07-09:shock|2023-11-22:career|2025-08-04:child|2028-05-21:marriage|2031-05-24:shock|2039-09-19:marriage|2041-02-21:child|2043-11-05:career|2044-06-17:career|2049-05-19:child
256,1962-01-22,19:34,40.71,-74.0,92.79139288483309,1965-04-01:career|1966-01-10:career|1970-12-08:child|1971-01-02:child|1973-02-11:marriage|1985-01-27:marriage|1985-05-21:marriage|1994-05-07:career|1994-08-09:shock|1994-10-12:child|1995-01-09:career|2006-10-25:child|2008-04-09:marriage|2018-10-20:child|2020-04-25:marriage
257,1964-10-01,13:11,40.71,-74.0,214.7600104871031,1965-05-09:marriage|1975-10-20:shock|1976-01-12:shock|1977-01-15:career|1977-04-14:marriage|1982-07-27:career|1985-07-26:child|1987-04-28:child|1988-07-10:marriage|1999-03-21:child|2000-08-04:marriage|2001-01-17:marriage|2005-10-17:career|2006-01-14:career|2023-02-03:child|2023-03-19:career|2024-06-29:marriage
258,1980-04-01,15:30,40.71,-74.0,99.35864241294414,1982-12-28:child|1983-08-26:child|1985-01-21:marriage|1995-03-18:career|2005-07-12:career|2006-11-22:child|2016-08-06:career|2018-12-10:child|2020-06-08:marriage|2024-05-24:career|2025-01-17:career|2032-04-03:marriage|2034-06-27:shock|2035-01-03:shock|2036-03-14:shock|2039-08-09:shock|2039-11-15:child
259,1960-03-12,10:54,40.71,-74.0,342.1159085923777,1966-12-10:child|1967-06-11:child|1969-12-09:marriage|1970-05-11:marriage|1978-09-21:child|1979-01-04:child|1984-11-09:career|1987-02-27:career|1990-09-22:child|1991-03-05:child|2001-07-08:shock|2005-05-07:shock|2006-03-12:shock|2007-01-19:shock|2010-02-04:marriage|2014-08-02:child|2014-09-24:child|2017-01-17:career|2017-09-06:marriage
260,1985-05-15,11:06,40.71,-74.0,77.97869390235012,1993-04-10:career|1993-12-23:child|1994-01-04:child|1996-03-05:marriage|2005-11-13:child|2008-02-22:marriage|2008-07-05:shock|2017-11-09:child|2019-12-31:marriage|2022-04-03:career|2029-07-16:shock|2030-01-03:shock|2031-01-28:shock|2041-02-03:marriage|2041-09-08:child|2043-11-14:marriage
261,1969-01-02,22:03,40.71,-74.0,108.16624729586955,1971-10-31:child|1973-11-12:marriage|1983-11-16:child|1985-02-14:marriage|1986-03-20:child|1993-03-04:child|1995-03-25:child|1996-03-26:career|2007-02-09:child|2009-02-23:marriage|2019-01-16:child|2020-12-31:marriage|2021-01-17:marriage|2021-07-17:shock|2025-05-30:career|2026-02-10:career
262,1974-02-09,15:30,40.71,-74.0,44.88308196771147,1980-10-20:child|1983-10-31:marriage|1990-05-23:career|1992-10-31:child|1995-02-05:marriage|1999-06-26:child|1999-07-25:career|2004-09-30:child|2007-02-15:marriage|2012-06-03:career|2017-04-18:child|2019-01-18:marriage|2020-08-28:career|2021-06-08:shock|2022-04-18:shock|2023-02-05:shock|2027-11-24:child|2028-01-03:child|2031-01-08:marriage
263,1985-12-25,07:24,40.71,-74.0,212.1841775910227,1988-08-25:marriage|1989-02-21:marriage|1999-02-22:child|2000-07-20:marriage|2001-01-27:marriage|2005-09-14:career|2006-01-18:career|2011-03-15:child|2022-07-22:child|2024-05-28:marriage|2029-10-07:child|2032-12-23:child|2034-10-20:child|2035-07-07:career|2036-05-24:marriage|2036-08-20:child|2040-10-16:career
264,1982-08-21,09:28,40.71,-74.0,138.53311649016158,1985-01-12:child|1996-04-22:child|1999-05-17:career|2008-04-15:child|2010-02-09:marriage|2020-06-24:child|2022-02-04:marriage|2028-05-24:career|2029-04-07:career|2032-03-07:child|2033-10-27:child|2034-01-18:marriage|2036-12-11:child
265,1965-05-25,14:21,40.71,-74.0,128.22963101820986,1968-07-01:career|1969-04-06:career|1972-02-29:child|1974-02-10:marriage|1981-10-24:career|1984-09-29:child|1986-02-25:marriage|1996-01-26:child|1998-01-24:marriage|1998-05-21:career|1999-01-07:career|2008-01-21:child|2009-12-18:marriage|2010-02-17:marriage|2021-04-23:marriage
266,1975-04-06,12:29,40.71,-74.0,57.55679283493917,1980-12-15:child|1981-03-03:child|1983-12-12:marriage|1990-07-22:shock|1991-02-21:career|1992-12-07:child|1993-08-25:child|1995-12-10:marriage|1998-09-06:child|2005-05-15:child|2007-11-04:marriage|2019-03-04:marriage|2020-06-25:career|2021-01-01:career|2024-07-07:shock|2024-10-21:career|2025-04-03:shock|2026-01-27:shock|2028-10-18:child|2031-02-13:marriage
267,1989-09-24,06:33,40.71,-74.0,130.67489796143732,1996-03-02:child|1998-11-09:career|1999-02-24:career|2008-01-06:child|2020-01-06:child|2021-05-14:marriage|2022-01-22:marriage|2027-07-25:career|2028-03-05:career|2033-04-30:marriage|2041-09-15:shock|2042-01-04:shock|2045-10-21:marriage|2048-11-22:shock
268,1970-02-07,10:21,40.71,-74.0,286.1624355679855,1978-01-24:child|1980-03-28:marriage|1984-01-11:career|1985-11-10:shock|1991-09-26:marriage|1992-03-01:shock|2001-06-23:child|2013-01-24:career|2015-09-08:marriage|2017-08-26:career|2027-07-12:marriage
269,1984-05-07,14:03,40.71,-74.0,110.81454563747076,1985-03-05:marriage|1996-09-14:career|1997-01-17:career|1997-03-09:marriage|2007-02-09:child|2019-02-19:child|2021-02-03:marriage|2025-07-01:career|2025-11-18:marriage|2026-03-17:career|2029-01-23:career|2031-08-03:child|2033-01-17:marriage|2036-10-06:shock|2037-07-13:shock|2038-01-20:shock
270,1976-10-26,18:49,40.71,-74.0,317.0424121671675,1978-06-18:child|1981-04-09:marriage|1985-12-09:career|1986-01-09:career|1990-06-26:child|1992-10-13:marriage|1999-04-25:shock|2000-01-30:shock|2004-11-03:marriage|2013-12-05:child|2014-01-07:shock|2014-05-09:child|2015-01-29:career|2016-09-20:career|2016-10-20:marriage|2025-12-24:child|2026-05-25:child|2033-08-15:career
271,1963-11-10,20:55,40.71,-74.0,31.861364866870733,1968-08-23:child|1971-01-02:marriage|1980-08-13:child|1983-07-11:marriage|1989-12-16:career|1990-09-26:career|1991-11-13:child|1992-01-08:child|1994-12-19:marriage|1999-04-05:child|2003-11-21:child|2004-02-11:child|2006-12-05:marriage|2014-03-06:career|2015-10-07:child|2016-03-06:child|2018-06-14:shock|2018-11-24:marriage|2019-03-01:career|2019-03-19:shock|2020-01-21:shock
272,1976-05-05,03:18,40.71,-74.0,267.0261089059246,1977-05-04:child|1979-01-23:marriage|1981-12-05:career|1982-02-13:career|1987-03-17:shock|1988-01-18:shock|1988-09-19:child|1989-03-20:child|1990-08-26:marriage|1991-03-09:marriage|2000-08-10:child|2001-05-03:child|2002-08-09:marriage|2012-02-24:marriage|2013-01-30:child|2014-08-06:marriage|2024-06-03:child
273,1973-10-23,03:27,40.71,-74.0,116.3210701764462,1973-12-19:marriage|1983-12-16:child|1985-07-08:marriage|1995-11-24:child|1997-03-31:marriage|1997-04-04:career|2002-11-06:shock|2007-12-07:child|2009-04-16:marriage|2017-07-16:shock|2019-03-29:child|2025-03-18:marriage|2026-05-20:career|2027-01-05:career|2031-02-07:child
274,1984-05-02,10:19,40.71,-74.0,49.583187470558634,1991-02-03:career|1992-10-13:child|1995-02-27:marriage|2004-10-15:child|2007-03-02:marriage|2016-10-10:child|2019-06-05:marriage|2020-03-10:career|2022-08-01:shock|2023-04-04:shock|2024-01-28:shock|2028-10-06:child|2029-05-15:child|2039-12-14:child|2040-02-15:child|2042-12-30:marriage
275,1987-11-23,19:15,40.71,-74.0,12.061625044868492,1988-12-01:career|1989-01-23:career|1991-09-28:child|1994-10-06:marriage|2003-08-04:child|2006-02-17:marriage|2013-04-18:shock|2014-02-18:shock|2015-01-27:shock|2015-07-11:child|2018-03-02:career|2018-03-19:marriage|2026-12-01:child|2027-07-05:child|2030-08-13:marriage|2037-05-26:child|2038-11-02:child|2039-02-08:child|2041-11-26:marriage|2047-03-30:career
276,1985-11-24,05:33,40.71,-74.0,166.0239613307623,1986-01-11:child|1987-04-20:marriage|1997-03-30:child|1999-03-25:marriage|2001-09-12:career|2002-04-23:career|2004-06-18:career|2009-08-12:child|2011-03-13:marriage|2021-03-18:child|2034-05-24:marriage|2035-02-17:marriage|2045-01-03:child|2045-01-24:child
277,1978-10-26,00:10,40.71,-74.0,74.77348272420602,1982-06-15:child|1984-02-12:marriage|1992-04-24:career|1993-02-08:career|2017-10-11:child|2022-03-06:career|2028-07-25:shock|2029-05-15:shock|2029-09-21:child|2030-01-12:shock|2031-12-09:marriage|2037-07-02:shock
278,1977-05-23,11:18,40.71,-74.0,88.48793633311257,1992-12-14:marriage|1994-04-04:career|1994-10-09:child|1996-05-20:marriage|2003-09-07:child|2005-01-10:child|2006-01-13:child|2008-06-06:marriage|2017-12-21:child|2018-01-27:child|2020-01-27:marriage|2022-08-06:marriage|2023-04-11:career|2030-06-02:child|2031-10-05:shock|2032-02-02:marriage|2032-05-09:shock|2033-01-15:shock
279,1988-03-18,02:56,40.71,-74.0,224.01995277551177,1989-06-06:marriage|2001-04-05:marriage|2006-10-14:career|2007-01-18:career|2011-04-08:child|2012-10-13:marriage|2024-11-16:marriage|2025-07-21:child|2036-07-16:marriage|2036-08-02:career
280,1963-05-05,00:24,40.71,-74.0,230.49067950764496,1964-03-11:child|1966-02-25:marriage|1976-04-08:child|1977-06-20:marriage|1977-11-15:career|1978-08-14:career|1978-12-21:shock|1979-03-13:shock|1980-06-17:shock|1986-12-03:marriage|1987-07-13:child|1988-02-19:child|1989-07-07:marriage|1998-01-22:child|1999-06-08:child|2003-02-07:marriage|2007-09-23:career|2008-03-05:career|2011-06-04:child|2012-01-16:child|2013-06-03:marriage
281,1962-12-22,10:22,40.71,-74.0,244.60616171488837,1966-06-13:marriage|1976-06-02:child|1977-09-16:marriage|1979-10-11:career|1980-04-28:career|1982-01-03:child|1982-01-06:shock|1983-06-14:shock|1984-02-24:career|1988-09-03:career|1989-09-12:marriage|1990-01-12:marriage|2001-09-08:marriage|2002-01-22:marriage|2008-10-16:career|2009-01-25:career|2012-04-30:child
282,1970-12-25,16:59,40.71,-74.0,7.877853785307925,1979-08-21:child|1982-10-31:marriage|1988-04-09:career|1989-01-06:career|1991-09-03:child|2006-02-28:marriage|2009-09-18:child|2012-04-05:shock|2013-03-11:shock|2014-01-31:shock|2015-06-30:child|2017-12-28:career|2018-01-20:marriage|2018-07-26:career|2026-10-30:child|2027-07-15:child|2030-01-12:marriage
283,1969-09-22,10:17,40.71,-74.0,173.13758817303426,1972-09-12:career|1973-05-02:career|1974-01-31:child|1975-06-27:marriage|1976-02-13:marriage|1987-06-13:marriage|1998-01-14:child|2003-01-10:career|2009-05-18:child|2010-01-30:child|2012-04-08:marriage|2021-04-17:child|2023-03-30:marriage|2027-06-28:career
284,1972-10-18,02:44,40.71,-74.0,103.6575655618793,1973-09-02:marriage|1983-03-05:child|1995-05-01:career|1995-09-26:child|1996-02-07:career|2007-01-07:child|2009-01-03:marriage|2017-10-15:shock|2020-12-22:marriage|2021-01-17:marriage|2025-04-05:career|2032-06-07:marriage
285,1960-09-02,23:22,40.71,-74.0,340.4679560019087,1966-11-20:child|1969-11-06:marriage|1970-05-11:marriage|1978-08-29:child|1979-01-25:child|1981-10-31:marriage|1983-03-01:career|1987-04-12:career|1991-01-17:child|1993-10-27:marriage|2002-08-06:child|2005-04-17:shock|2006-03-08:shock|2007-01-08:shock|2014-07-14:child|2016-12-30:career|2017-07-15:career
286,1960-02-18,04:10,40.71,-74.0,216.00994604627678,1963-05-07:child|1964-01-31:child|1965-05-08:marriage|1975-05-16:child|1975-12-06:shock|1976-01-05:shock|1976-10-15:career|1977-01-28:career|1977-04-11:marriage|1977-06-20:shock|1977-10-20:marriage|1979-08-27:career|1987-03-29:child|1988-07-26:marriage|1989-04-27:marriage|1991-03-08:shock|1996-04-03:career|1999-05-14:child|2000-12-10:marriage|2001-03-20:marriage|2006-08-19:career|2013-02-13:marriage
287,1984-05-22,14:56,40.71,-74.0,133.09255421446943,1996-06-07:child|1998-03-12:marriage|1998-06-14:career|2002-04-22:career|2008-02-15:child|2019-05-01:career|2021-01-22:child|2028-04-16:career|2029-02-02:career|2033-06-11:marriage|2041-10-08:shock|2042-06-07:shock|2043-04-05:shock
288,1969-10-20,11:51,40.71,-74.0,213.56183749218172,1975-01-14:shock|1975-05-28:child|1976-04-05:shock|1976-08-07:marriage|1977-03-08:career|1977-04-01:marriage|1987-03-28:child|1988-07-21:marriage|1999-03-21:child|2000-06-11:marriage|2001-01-04:marriage|2005-11-21:career|2006-01-13:career|2011-03-15:child|2012-06-17:marriage|2022-08-19:marriage
289,1983-08-15,14:33,40.71,-74.0,194.02067506634052,1986-05-01:child|1998-12-10:child|1999-01-15:child|2004-07-03:career|2011-08-25:marriage|2016-01-07:shock|2023-07-08:marriage|2024-02-13:marriage|2033-08-30:career|2034-01-19:career|2035-11-05:marriage|2036-02-04:marriage|2037-09-12:career|2041-06-09:shock
290,1981-12-09,11:32,40.71,-74.0,248.75179319258564,1982-12-16:shock|1983-05-31:shock|1984-01-08:shock|1989-10-20:marriage|2001-09-07:marriage|2002-06-06:marriage|2003-12-03:marriage|2009-10-09:career|2010-04-14:career|2011-03-03:shock|2014-02-01:marriage|2019-12-02:career|2035-09-10:child|2036-04-21:child|2037-06-23:marriage|2038-09-06:marriage|2038-11-28:career|2039-02-25:career
291,1963-04-19,12:04,40.71,-74.0,65.27781196249849,1969-10-16:child|1971-12-24:marriage|1972-06-24:marriage|1979-07-03:shock|1981-10-05:child|1984-01-19:marriage|1991-08-06:marriage|1992-09-27:career|1993-10-14:child|2005-01-26:child|2007-11-05:marriage|2011-01-18:marriage|2016-11-19:child|2017-01-07:child|2018-05-05:shock|2021-04-12:career|2022-01-06:career
292,1978-08-11,20:56,40.71,-74.0,268.23281996851756,1978-10-14:marriage|1979-01-02:marriage|1982-02-05:career|1987-02-25:shock|1988-01-25:shock|1990-10-08:marriage|1991-01-30:marriage|2000-07-21:child|2002-08-04:marriage|2003-04-11:marriage|2011-11-14:career|2012-05-02:career|2012-06-27:child|2013-03-22:child|2014-08-30:marriage|2025-11-14:marriage|2028-10-21:career|2031-08-17:shock|2036-06-10:child|2038-08-03:marriage
293,1981-04-22,21:23,40.71,-74.0,186.02519097191055,1988-04-21:marriage|1998-03-14:child|1999-08-09:marriage|2000-02-21:marriage|2003-06-25:career|2004-01-15:career|2011-06-02:marriage|2013-08-13:marriage|2022-03-10:child|2023-06-22:marriage|2032-11-08:career|2033-05-25:career|2033-12-30:child
294,1960-01-11,15:24,40.71,-74.0,355.04758946590164,1967-08-03:child|1970-10-21:marriage|1981-12-23:marriage|1982-01-10:marriage|1988-01-14:career|1990-11-18:child|1991-01-02:child|1993-11-27:marriage|1994-05-05:marriage|1998-08-25:career|2003-01-17:child|2005-12-17:marriage|2006-08-09:marriage|2009-03-19:shock|2010-02-12:shock|2011-01-30:shock|2014-10-17:child|2015-02-21:child|2017-02-01:career
295,1963-09-10,12:08,40.71,-74.0,185.40213846178176,1968-11-30:shock|1969-02-07:shock|1970-05-24:shock|1973-09-28:career|1974-04-12:child|1974-05-22:career|1986-03-13:child|1988-02-15:marriage|1999-06-15:marriage|2003-07-28:career|2004-01-08:career|2008-06-13:career|2011-12-26:marriage|2012-08-10:child|2013-06-06:career|2023-06-02:marriage
296,1986-10-09,15:30,40.71,-74.0,248.20742317456796,1988-05-09:child|1989-10-15:marriage|1990-05-29:marriage|2000-04-23:child|2002-01-18:marriage|2010-06-11:career|2012-05-11:child|2014-02-21:marriage|2024-03-23:child|2025-07-08:marriage|2035-01-18:shock|2035-03-25:shock|2035-08-18:child|2036-03-21:child|2037-07-30:marriage|2038-10-15:career|2039-03-05:career
297,1986-05-04,13:10,40.71,-74.0,96.74446422340691,1995-02-28:career|1996-12-13:marriage|2001-12-13:shock|2006-12-12:child|2018-11-22:child|2018-11-24:child|2020-05-12:marriage|2024-01-20:career|2024-04-14:career|2030-10-12:child|2032-02-13:marriage|2033-08-27:shock|2034-05-15:shock|2035-01-09:shock|2042-01-29:child|2042-06-16:career|2044-02-25:marriage
298,1974-11-26,17:26,40.71,-74.0,330.96422495591094,1978-09-18:child|1979-03-14:child|1981-09-29:marriage|1986-12-08:career|1987-06-24:career|1993-09-01:marriage|2002-07-05:child|2003-03-19:shock|2004-01-22:shock|2004-12-02:marriage|2005-01-15:marriage|2014-06-13:child|2016-02-13:career|2017-03-06:marriage|2028-10-29:marriage|2029-04-29:marriage|2031-08-02:marriage
299,1961-09-07,03:15,40.71,-74.0,72.86549097403422,1963-03-03:career|1964-01-12:career|1969-12-10:child|1970-05-09:child|1972-02-03:marriage|1981-11-14:child|1982-07-12:child|1984-08-05:marriage|1992-04-08:career|1993-02-06:career|1993-11-16:child|1996-01-25:marriage|2005-10-07:career|2007-12-27:marriage|2012-08-15:career|2017-09-17:child|2019-12-19:marriage
300,1966-01-10,01:17,40.71,-74.0,151.8338795229071,1973-03-06:child|1975-02-02:marriage|1994-01-27:shock|1995-11-09:child|1998-05-12:marriage|2000-05-22:career|2001-02-19:career|2003-07-11:career|2009-02-09:child|2009-07-17:shock|2010-04-13:marriage|2022-05-16:marriage
301,1975-01-09,19:32,40.71,-74.0,80.08472292821898,1982-02-15:child|1984-05-16:marriage|1993-02-15:career|1993-12-26:child|1994-04-25:child|1996-02-12:marriage|2002-02-25:shock|2003-12-19:shock|2005-11-30:child|2006-06-17:child|2008-02-11:marriage|2010-12-15:marriage|2015-12-22:marriage|2017-11-12:child|2019-12-20:marriage|2020-01-31:marriage|2023-02-22:career|2029-08-13:shock|2029-11-24:child|2030-06-29:shock|2031-01-20:shock|2032-01-07:marriage
302,1968-05-17,09:34,40.71,-74.0,54.04283477673791,1969-01-13:child|1972-01-04:marriage|1980-11-19:child|1981-02-10:child|1985-01-15:shock|1986-02-16:career|1991-01-24:career|1992-11-23:child|1993-05-01:child|1995-12-21:marriage|2003-02-04:shock|2007-02-05:marriage|2019-06-03:marriage|2020-04-17:career|2023-07-30:shock|2024-07-09:shock|2025-01-28:shock
303,1978-08-09,20:27,40.71,-74.0,260.09615896158425,1981-01-27:career|1985-12-21:shock|1986-01-28:shock|1988-08-23:child|1989-03-06:child|1990-07-26:marriage|2000-06-01:child|2001-01-19:child|2010-09-23:career|2011-05-05:career|2014-06-19:marriage|2017-12-24:child|2024-06-19:child|2025-11-19:marriage|2026-06-10:marriage|2034-03-07:marriage|2038-05-04:marriage|2038-07-23:child
304,1971-07-04,11:09,40.71,-74.0,121.02232520516728,1972-06-30:child|1974-01-12:marriage|1986-02-11:marriage|1997-05-08:career|1997-05-11:marriage|1998-01-26:career|2007-11-19:child|2009-04-26:marriage|2010-01-08:marriage|2014-01-02:marriage|2019-12-06:child|2021-04-11:marriage|2026-09-01:career|2027-02-24:career|2031-03-31:child
305,1982-01-05,00:30,40.71,-74.0,138.84874707283848,1986-03-24:marriage|1996-12-29:child|1999-05-08:career|2000-01-03:career|2003-08-14:career|2008-03-05:child|2020-03-03:child|2023-01-05:career|2028-08-01:career|2029-03-10:career|2034-02-28:marriage|2036-05-07:career
306,1970-02-24,11:54,40.71,-74.0,340.2035268267535,1970-04-21:marriage|1978-10-19:child|1981-11-30:marriage|1987-01-31:career|1991-02-12:child|1993-10-07:marriage|2002-08-18:child|2005-04-12:shock|2006-02-23:shock|2007-01-20:shock|2009-11-08:career|2016-12-03:career|2017-08-28:marriage|2022-06-24:shock|2026-08-14:child|2029-03-19:marriage
307,1984-11-08,20:22,40.71,-74.0,16.686117875919265,1989-02-03:career|1991-08-29:child|1994-10-24:marriage|2003-09-01:child|2006-09-26:marriage|2007-09-10:career|2014-05-09:shock|2015-05-28:shock|2015-07-12:child|2016-01-10:shock|2018-02-24:marriage|2018-04-28:career|2030-03-01:marriage|2036-12-26:career|2037-08-08:shock|2038-12-11:child|2039-01-17:child|2041-12-20:marriage|2042-06-22:marriage
308,1970-04-28,18:01,40.71,-74.0,150.40021214276885,1973-09-07:child|1985-01-30:child|1986-05-24:marriage|1987-02-24:marriage|1998-04-25:marriage|2000-05-07:career|2000-10-09:child|2001-01-10:career|2004-10-09:career|2009-02-03:child|2010-04-22:marriage|2020-12-28:child|2021-01-12:child|2022-05-03:marriage|2025-11-14:shock|2029-08-17:career
309,1978-08-22,21:08,40.71,-74.0,281.45285954447763,1979-08-05:marriage|1983-02-12:career|1989-05-22:child|1990-05-11:shock|1991-01-20:shock|2001-04-28:child|2003-01-22:child|2011-11-12:shock|2012-11-05:career|2013-05-12:child|2013-06-15:career|2014-11-14:marriage|2024-08-18:child|2024-09-27:child|2026-09-30:marriage|2027-06-30:marriage|2036-08-05:child|2038-05-24:marriage
310,1973-07-12,16:41,40.71,-74.0,193.22936992782468,1974-07-24:child|1974-09-12:career|1975-02-03:career|1975-02-14:child|1986-09-18:child|1987-01-23:child|1988-04-06:marriage|1998-05-05:child|1999-01-14:child|2000-04-10:marriage|2009-06-13:career|2011-10-05:marriage|2019-05-01:child|2022-03-14:child|2023-07-29:marriage|2024-03-14:marriage|2025-05-28:marriage|2028-04-20:shock
311,1971-04-19,05:11,40.71,-74.0,278.0514908162142,1977-05-30:child|1979-07-29:marriage|1982-11-30:career|1983-01-01:career|1990-01-24:shock|1991-08-24:shock|2001-05-22:child|2002-11-26:marriage|2003-06-29:marriage|2012-10-01:career|2012-10-07:child|2013-04-07:child|2014-10-09:marriage|2015-01-02:marriage|2016-03-02:child|2024-07-31:child|2025-03-22:child|2026-08-29:marriage|2027-04-07:marriage
312,1962-04-28,03:17,40.71,-74.0,260.21943682536374,1965-04-07:child|1966-09-02:marriage|1967-02-21:marriage|1976-09-08:child|1978-03-18:marriage|1981-10-03:career|1985-12-12:shock|1986-01-06:shock|1988-08-04:child|1989-02-20:child|1990-08-17:marriage|2001-01-27:child|2002-06-08:marriage|2010-10-12:career|2011-06-06:career|2014-07-14:marriage
313,1969-11-02,06:43,40.71,-74.0,162.65987821703848,1974-01-28:child|1975-05-24:marriage|1985-06-24:child|1992-10-17:marriage|1997-03-26:child|1999-02-21:marriage|2001-07-13:career|2002-02-04:career|2003-01-18:child|2009-03-28:child|2010-10-02:shock|2022-06-03:marriage|2023-01-03:marriage|2023-04-13:shock
314,1988-11-02,09:19,40.71,-74.0,193.96845370340256,1998-04-19:child|2004-07-07:career|2011-08-02:marriage|2012-03-24:marriage|2017-08-09:shock|2022-04-10:child|2023-07-20:marriage|2024-03-03:marriage|2034-01-05:career|2035-06-30:marriage|2036-02-01:marriage|2043-05-13:child|2045-02-26:child
315,1966-04-19,02:38,40.71,-74.0,244.81210861497115,1976-06-12:child|1977-10-27:marriage|1978-05-10:marriage|1979-11-04:career|1980-04-13:career|1982-01-25:shock|1983-06-10:shock|1986-01-17:career|1990-04-04:marriage|1991-02-18:marriage|1991-08-01:shock|1998-01-18:child|2000-05-20:child|2001-08-26:marriage|2002-03-29:marriage|2008-11-08:career|2009-01-25:career|2013-07-28:marriage|2023-08-31:child|2024-02-29:child|2025-07-02:marriage
316,1974-04-26,06:51,40.71,-74.0,315.80320690474935,1978-06-28:child|1981-04-29:marriage|1986-05-10:career|1993-05-07:marriage|1996-10-02:marriage|1999-03-14:shock|2000-01-06:shock|2001-11-25:child|2004-09-12:marriage|2013-10-24:child|2014-05-08:child|2015-02-19:career|2017-11-21:shock|2025-09-20:child|2026-02-04:child
317,1975-04-14,23:02,40.71,-74.0,199.00659508417183,1975-07-20:career|1976-05-24:marriage|1986-08-11:child|1987-01-23:child|1998-08-20:child|1999-08-13:child|2003-04-15:marriage|2004-09-26:career|2005-01-03:career|2010-05-19:child|2012-03-12:marriage|2020-05-28:marriage|2022-04-11:child|2023-09-09:marriage|2024-03-30:marriage|2030-08-20:marriage|2033-09-23:career|2034-06-22:career
318,1968-07-16,08:40,40.71,-74.0,100.74202722659614,1971-03-16:child|1973-03-04:marriage|1983-05-31:child|1993-01-21:child|1995-01-15:child|1995-04-01:career|1996-01-27:career|1998-05-23:child|1998-08-18:shock|2009-01-06:marriage|2018-11-17:child|2020-02-01:career|2020-12-31:marriage|2024-05-13:career|2025-03-04:career
319,1978-08-01,00:14,40.71,-74.0,310.44897325714743,1985-12-02:career|1990-06-18:child|1992-09-14:marriage|1997-04-09:shock|1998-02-23:shock|1999-01-02:shock|1999-07-11:career|2001-10-13:child|2002-01-14:child|2004-10-19:marriage|2014-01-02:child|2015-01-28:career|2016-09-13:marriage|2024-12-14:marriage|2026-02-27:child|2027-12-25:marriage|2028-01-10:marriage|2028-06-05:child|2036-12-19:marriage|2037-08-06:child
320,1963-06-26,21:40,40.71,-74.0,239.25616486488184,1965-10-06:marriage|1966-05-25:marriage|1976-04-21:child|1977-07-25:marriage|1978-05-03:marriage|1978-11-28:career|1979-01-28:career|1980-12-04:shock|1981-01-18:shock|1982-04-14:career|1982-09-09:shock|1988-05-08:child|1989-07-28:marriage|1990-02-05:marriage|2000-03-05:child|2001-06-21:marriage|2009-05-19:career|2011-08-25:child|2012-03-14:child|2013-07-06:marriage
321,1964-08-08,17:33,40.71,-74.0,224.495370417841,1975-08-23:child|1977-09-18:career|1977-11-07:shock|1978-02-03:shock|1978-04-08:career|1979-04-21:marriage|1979-09-19:child|1986-02-10:career|1987-09-26:child|1988-01-19:child|1989-06-09:marriage|2004-12-20:marriage|2006-10-07:career|2007-01-20:career|2012-08-30:marriage|2013-04-03:marriage|2023-03-13:child
322,1964-04-17,00:24,40.71,-74.0,217.20183204179642,1975-04-21:child|1975-12-21:shock|1976-01-01:shock|1976-09-28:career|1977-01-17:career|1977-04-29:shock|1977-05-03:marriage|1987-04-06:child|1988-08-22:marriage|1989-04-21:marriage|2000-12-15:marriage|2001-06-03:child|2006-08-07:career|2011-03-20:child|2013-02-04:marriage|2023-04-04:child
323,1980-11-21,21:30,40.71,-74.0,60.14044052711742,1981-09-16:child|1991-06-26:career|1992-12-12:child|1993-01-24:child|1995-12-15:marriage|1996-01-07:marriage|2004-12-22:child|2005-03-12:child|2007-12-17:marriage|2016-10-20:child|2017-05-11:child|2019-03-14:marriage|2021-01-12:career|2022-09-10:shock|2025-06-19:shock|2026-04-05:shock|2027-02-14:shock|2028-10-16:child|2031-02-07:marriage|2039-09-17:marriage|2040-10-15:child
324,1961-06-09,19:59,40.71,-74.0,206.64459206902535,1963-05-01:child|1964-08-14:marriage|1965-03-29:marriage|1973-10-31:shock|1974-01-25:shock|1975-03-17:child|1975-08-02:shock|1975-09-06:career|1976-06-28:career|1976-07-29:marriage|1977-03-13:marriage|1978-04-22:child|1988-12-22:marriage|1989-01-13:marriage|1998-04-15:child|1999-03-15:child|2000-06-06:marriage|2005-08-08:career|2008-11-15:marriage|2010-06-27:child|2010-08-13:marriage|2011-01-10:child|2012-05-31:marriage
325,1978-12-28,15:01,40.71,-74.0,323.5805008188446,1980-12-28:marriage|1981-01-12:marriage|1986-02-18:career|1990-07-09:child|1992-12-15:marriage|1993-04-11:marriage|2001-04-15:shock|2002-01-13:shock|2005-04-21:marriage|2013-04-27:shock|2015-12-17:career|2016-01-27:career|2017-05-29:marriage|2025-10-20:child|2026-01-03:child|2033-10-25:marriage|2037-09-18:child|2038-01-16:child
326,1969-07-02,10:34,40.71,-74.0,112.80386818029378,1973-04-27:marriage|1984-01-05:child|1985-04-06:marriage|1995-10-23:child|1996-05-27:career|1997-02-10:career|1997-03-26:marriage|2007-02-24:child|2009-02-05:marriage|2016-11-06:child|2019-07-02:child|2021-01-30:marriage|2026-04-09:career
327,1985-11-16,11:54,40.71,-74.0,235.07592075387456,1988-03-29:child|1999-09-04:child|2000-04-10:child|2001-04-15:shock|2001-06-17:marriage|2007-12-01:career|2008-02-09:career|2011-06-07:child|2013-05-19:marriage|2023-06-09:child|2024-02-09:child|2035-06-02:child|2036-08-27:marriage|2037-05-24:marriage|2037-08-28:career|2038-03-31:career
328,1981-08-06,11:39,40.71,-74.0,152.85571739680927,1985-01-31:child|1987-02-04:marriage|1997-01-17:child|1998-05-15:marriage|1999-02-16:marriage|2000-07-09:career|2001-03-20:career|2005-01-10:shock|2006-03-16:child|2009-01-04:child|2010-05-07:marriage|2021-01-10:child|2022-05-03:marriage|2030-04-07:career|2033-01-10:child|2034-04-27:marriage
329,1981-10-27,01:37,40.71,-74.0,96.70309374908582,1983-07-27:child|1984-12-30:marriage|1995-01-25:career|2009-01-20:marriage|2018-12-09:child|2020-04-07:marriage|2024-09-06:career|2032-07-12:marriage|2033-09-10:shock|2034-06-25:shock|2035-01-22:shock|2041-11-15:shock
330,1968-12-08,00:22,40.71,-74.0,115.65429641347997,1984-01-08:child|1985-05-19:marriage|1988-05-06:child|1995-11-20:child|1996-06-07:career|1997-08-23:marriage|2007-10-31:child|2009-04-07:marriage|2013-01-09:career|2019-03-25:child|2021-03-08:shock|2021-03-13:marriage|2026-04-04:career|2027-01-03:career
331,1973-08-17,16:07,40.71,-74.0,214.44587719368204,1975-05-04:child|1975-12-04:shock|1976-04-22:shock|1976-08-21:marriage|1976-09-03:career|1977-03-23:marriage|1977-04-13:career|1987-04-18:child|1988-09-22:marriage|1989-04-14:marriage|2000-07-25:marriage|2001-01-14:marriage|2005-10-18:career|2006-01-11:career|2015-09-07:marriage|2022-07-12:child|2023-03-28:child|2023-12-12:child|2024-06-10:marriage
332,1966-08-19,17:08,40.71,-74.0,227.69950997703802,1977-07-02:marriage|1977-10-01:career|1977-12-30:shock|1978-03-07:shock|1978-06-29:career|1979-01-21:shock|1987-06-25:child|1988-03-16:child|1994-08-08:child|2000-01-04:child|2001-05-29:marriage|2002-11-01:career|2004-07-24:shock|2007-08-03:career|2012-10-06:marriage|2013-04-10:marriage|2024-09-30:marriage|2025-04-03:marriage
333,1969-06-13,21:18,40.71,-74.0,225.27955302473083,1975-08-07:child|1977-06-07:marriage|1977-08-14:career|1977-10-29:shock|1978-01-16:shock|1978-01-17:career|1979-07-24:shock|1987-10-06:child|1989-04-23:marriage|1992-02-26:shock|1999-12-31:child|2001-05-06:marriage|2004-07-15:career|2006-10-30:career|2007-01-15:career|2012-09-11:marriage|2019-02-21:career|2023-03-30:child|2024-07-18:marriage|2025-03-02:marriage
334,1984-04-01,20:30,40.71,-74.0,159.31286326256526,1985-02-27:child|1997-03-23:child|1999-02-24:marriage|2001-05-27:career|2003-07-27:child|2009-02-22:child|2010-08-05:marriage|2011-02-04:marriage|2022-05-09:marriage|2030-07-15:career|2031-04-06:career|2034-04-16:marriage
335,1969-09-26,15:50,40.71,-74.0,242.02523494046665,1976-06-06:child|1977-10-24:marriage|1978-05-08:marriage|1981-02-07:shock|1982-01-06:shock|1989-08-09:marriage|1990-02-05:marriage|1990-10-15:career|2000-04-05:child|2002-02-24:marriage|2008-11-08:career|2009-02-28:career|2011-09-01:child|2023-07-25:child|2024-03-15:child|2025-07-15:marriage|2026-02-15:child
336,1974-10-25,08:48,40.71,-74.0,181.08196830031312,1976-03-29:marriage|1987-06-13:marriage|1998-02-27:child|1999-06-22:marriage|2000-01-28:marriage|2003-05-17:career|2011-05-13:marriage|2016-12-11:marriage|2022-02-13:child|2023-05-29:marriage|2024-01-28:shock|2026-12-01:marriage|2032-07-30:career|2033-01-12:career|2033-06-09:child|2034-01-28:child|2034-07-24:marriage
337,1979-09-21,02:05,40.71,-74.0,68.38243188268606,1984-01-18:marriage|1992-03-22:career|1993-01-01:career|1993-09-18:child|1996-01-16:marriage|2005-09-09:child|2008-01-22:marriage|2010-10-03:child|2016-12-29:child|2017-01-30:child|2020-09-23:career|2021-03-27:career|2021-12-20:marriage|2022-01-23:career|2027-07-01:shock|2028-04-10:shock|2029-01-04:child|2031-12-17:marriage
338,1983-11-09,13:21,40.71,-74.0,246.5431921192541,1989-09-16:marriage|1990-05-18:marriage|1999-10-21:shock|2001-12-29:marriage|2002-01-02:marriage|2012-04-27:child|2013-09-07:marriage|2014-02-15:marriage|2022-08-21:shock|2023-08-13:child|2024-10-23:marriage|2025-07-27:marriage|2035-08-08:child|2036-03-13:child|2037-06-23:marriage|2038-10-17:career|2039-04-29:career|2040-08-17:shock
339,1986-11-25,04:31,40.71,-74.0,154.35541482681978,1997-03-22:child|1998-07-14:marriage|1999-02-26:marriage|2000-08-15:career|2001-04-16:career|2002-04-22:shock|2010-05-12:marriage|2011-02-17:marriage|2020-12-28:child|2022-05-04:marriage|2030-05-25:career|2037-01-17:shock|2044-06-27:child|2046-10-01:shock
340,1974-12-02,06:29,40.71,-74.0,183.15320807085251,1976-04-24:marriage|1987-08-08:marriage|1988-04-06:marriage|1999-06-28:marriage|1999-11-22:child|2000-03-09:marriage|2003-06-05:career|2011-05-04:marriage|2012-02-02:marriage|2020-06-27:career|2022-02-10:child|2026-09-20:shock|2031-05-20:career|2032-08-04:career|2033-01-08:career|2033-06-16:child|2034-01-13:child
341,1986-03-14,06:30,40.71,-74.0,263.87790123828086,1986-04-09:shock|1987-01-01:shock|1988-08-08:child|1990-08-23:marriage|2000-07-11:child|2002-08-12:marriage|2010-12-10:career|2011-02-06:career|2024-05-19:child|2026-07-10:marriage|2036-06-05:child|2036-09-03:marriage|2040-10-07:career|2041-06-28:career
342,1962-04-21,11:30,40.71,-74.0,57.723824447811126,1962-11-13:career|1969-09-26:child|1971-12-09:marriage|1981-03-08:child|1981-09-14:child|1987-07-24:career|1991-02-28:career|1992-01-04:career|1995-11-12:marriage|2005-05-27:child|2007-02-28:career|2007-10-05:career|2007-12-04:marriage|2016-09-27:child|2019-02-05:marriage|2021-02-16:career
343,1973-06-21,17:47,40.71,-74.0,189.9400319921815,1974-07-21:child|1975-01-02:child|1975-01-31:career|1986-04-19:child|1987-01-07:child|1988-04-08:marriage|1998-03-31:child|1999-08-15:marriage|2000-04-08:marriage|2001-08-18:marriage|2003-08-14:career|2010-04-19:child|2011-07-07:marriage|2012-02-05:marriage|2022-02-15:child|2023-06-19:marriage|2024-02-14:marriage
344,1982-11-25,21:07,40.71,-74.0,57.30972285989345,1991-04-15:career|1992-01-21:career|1992-11-23:child|1993-07-24:child|1995-12-20:marriage|2005-03-22:child|2011-04-08:marriage|2016-11-20:child|2019-04-21:marriage|2021-02-18:career|2024-06-05:shock|2025-04-28:shock|2026-01-26:shock|2028-09-18:child|2031-06-24:marriage|2036-10-21:shock
345,1960-08-03,17:28,40.71,-74.0,219.64419461346907,1963-08-19:child|1975-06-25:child|1976-02-24:child|1976-10-21:career|1976-12-07:shock|1977-01-04:shock|1977-01-14:career|1977-05-31:marriage|1987-06-12:child|1989-04-10:marriage|1999-04-25:child|2000-10-23:marriage|2001-03-19:marriage|2007-04-13:career|2011-05-07:child|2012-08-07:marriage|2013-01-04:marriage|2017-05-07:marriage
346,1987-06-09,22:33,40.71,-74.0,236.65954928375282,1989-07-13:marriage|1999-08-20:child|2000-02-16:child|2007-12-02:career|2008-07-10:career|2009-06-18:marriage|2011-07-10:child|2012-02-05:marriage|2013-07-05:marriage|2023-05-25:child|2024-01-27:child|2029-03-06:career|2035-06-12:child|2036-09-26:marriage|2037-04-12:marriage|2038-07-06:career|2040-01-03:career
347,1979-12-05,03:53,40.71,-74.0,154.37804997639645,1985-10-17:child|1987-02-08:marriage|1997-01-30:child|1998-07-01:marriage|2000-08-05:career|2001-03-27:career|2009-01-19:child|2010-05-01:marriage|2011-01-18:marriage|2021-01-07:child|2022-04-16:marriage|2032-12-13:child|2034-04-29:marriage|2039-03-28:shock
348,1983-04-08,09:42,40.71,-74.0,355.804042757477,1988-06-05:career|1990-11-09:child|1991-08-09:child|1994-05-01:marriage|2002-08-28:marriage|2002-10-01:child|2003-01-23:child|2005-02-18:career|2005-12-02:marriage|2006-06-08:marriage|2008-10-19:shock|2009-04-19:shock|2010-01-09:shock|2011-01-02:shock|2015-03-25:child|2016-09-22:career|2017-03-15:career|2027-03-27:child
349,1986-04-26,00:16,40.71,-74.0,222.31613930470516,1987-05-12:child|1988-01-20:child|1999-05-21:child|2000-09-07:marriage|2001-03-21:marriage|2006-09-16:career|2007-02-09:career|2012-08-31:marriage|2013-02-23:marriage|2025-01-17:marriage|2028-12-17:career|2036-08-07:career|2037-12-09:marriage
350,1967-09-20,19:36,40.71,-74.0,286.8279512294733,1968-06-30:marriage|1977-08-17:child|1978-01-20:child|1979-09-26:marriage|1980-04-09:marriage|1983-04-19:child|1984-06-11:career|1992-01-21:shock|1993-08-13:shock|2001-06-17:child|2003-09-15:marriage|2013-01-16:career|2013-06-18:child|2016-06-17:marriage|2027-07-10:marriage
351,1974-07-21,08:40,40.71,-74.0,104.53248959105886,1983-02-13:child|1985-02-16:marriage|1994-01-19:marriage|1995-02-17:child|1995-04-12:career|1996-01-22:career|1997-01-14:marriage|2007-02-08:child|2009-01-08:marriage|2019-01-24:child|2020-12-13:marriage|2022-03-15:shock|2025-03-26:career|2026-01-13:career|2030-11-26:child|2032-11-26:marriage
352,1990-11-07,00:41,40.71,-74.0,93.72972652620692,1994-04-25:career|1994-11-13:child|1995-01-03:career|2006-10-18:child|2008-04-08:marriage|2011-05-19:marriage|2018-10-12:child|2020-06-14:marriage|2024-03-01:career|2030-01-21:child|2032-03-17:marriage|2033-06-28:shock|2034-01-07:shock|2042-01-24:child
353,1981-04-07,18:42,40.71,-74.0,142.49537936295312,1985-02-12:child|1986-11-15:marriage|1996-12-24:child|1999-07-23:career|2008-05-01:child|2010-04-15:marriage|2016-10-23:marriage|2020-03-28:child|2025-06-17:marriage|2029-04-26:career|2032-07-28:child|2034-03-14:marriage
354,1961-08-01,15:30,40.71,-74.0,194.66567146569156,1964-06-05:marriage|1971-02-20:shock|1972-05-23:shock|1974-08-12:career|1975-06-15:career|1976-04-26:marriage|1978-10-13:career|1986-08-18:child|1987-04-01:marriage|1996-01-19:marriage|1998-09-29:child|2000-03-12:marriage|2004-06-18:career|2011-08-27:marriage|2012-03-21:marriage|2016-04-12:shock
355,1985-05-27,22:40,40.71,-74.0,228.34623216750592,1987-05-27:child|1988-03-12:child|1989-06-07:marriage|1999-06-05:child|2001-04-13:marriage|2011-05-26:child|2012-09-21:marriage|2024-08-22:marriage|2025-03-21:marriage|2025-05-25:career|2035-04-02:child|2036-11-11:career|2037-02-17:marriage|2037-03-12:career
356,1966-07-08,02:56,40.71,-74.0,335.5517519256192,1967-02-06:child|1969-11-01:marriage|1978-08-09:child|1979-02-04:child|1981-11-20:marriage|1986-12-05:career|1987-05-10:career|1991-03-19:career|2004-02-18:shock|2005-01-07:shock|2010-06-07:career|2012-12-18:shock|2014-07-25:child|2016-02-10:career|2017-01-22:marriage|2023-05-09:child
357,1966-07-03,01:21,40.71,-74.0,295.58193328739463,1968-08-20:marriage|1977-11-15:child|1980-01-06:marriage|1984-10-23:career|1989-08-14:child|1990-02-06:child|1991-11-08:marriage|1992-02-15:marriage|1994-03-23:shock|1995-01-07:shock|2001-08-09:child|2003-10-30:marriage|2004-03-29:marriage|2013-12-28:career|2014-05-31:career|2015-08-27:marriage|2016-07-03:shock|2025-07-10:child
358,1984-02-14,11:49,40.71,-74.0,322.0347210131582,1986-01-23:career|1992-11-20:marriage|1993-03-30:marriage|2000-04-16:shock|2001-02-20:shock|2004-12-02:marriage|2005-03-26:marriage|2015-07-22:career|2015-12-18:career|2016-07-14:career|2016-11-30:marriage|2025-12-12:child|2026-01-05:child|2028-10-10:marriage|2038-01-15:child|2038-03-08:shock
359,1964-04-25,20:44,40.71,-74.0,180.70402149260676,1967-12-19:shock|1968-01-15:shock|1969-04-05:shock|1973-07-09:career|1974-03-30:child|1974-04-07:career|1986-03-29:child|1987-06-14:marriage|1998-02-26:child|1999-10-28:marriage|2003-06-04:career|2010-02-25:child|2021-12-26:child|2022-02-04:child|2022-04-13:child|2023-05-08:marriage|2024-08-10:career
360,1989-03-05,12:49,40.71,-74.0,19.69733541279899,1989-06-18:career|1994-12-02:marriage|2003-08-20:child|2006-11-03:marriage|2015-04-10:shock|2016-03-11:shock|2017-03-02:shock|2018-03-30:career|2018-11-17:marriage|2030-01-31:marriage|2042-01-29:marriage|2045-06-28:shock|2048-01-26:career
361,1976-04-06,08:45,40.71,-74.0,329.79657404080956,1978-08-26:child|1981-10-24:marriage|1986-12-16:career|1987-01-13:career|1990-07-05:child|2002-05-23:shock|2003-03-17:shock|2004-02-15:shock|2004-11-30:marriage|2005-01-21:marriage|2016-01-26:career|2016-11-16:marriage|2017-03-05:marriage|2028-12-11:marriage|2029-07-08:marriage|2035-02-16:child
362,1968-06-24,16:52,40.71,-74.0,181.5092452735206,1968-09-06:shock|1969-02-13:shock|1973-08-23:career|1974-01-13:career|1974-04-04:child|1986-03-30:child|1987-07-12:marriage|1999-06-08:marriage|2000-01-13:marriage|2003-06-14:career|2006-01-08:marriage|2011-05-18:marriage|2027-09-24:career
363,1988-06-26,07:28,40.71,-74.0,63.85265795024414,1992-10-22:career|1993-09-19:child|1995-12-05:marriage|2004-12-26:child|2005-01-01:child|2013-11-17:career|2017-04-11:child|2017-07-23:career|2019-11-28:marriage|2021-02-26:career|2026-06-12:shock|2027-05-10:shock|2028-12-07:child|2029-05-27:child|2031-03-27:marriage|2040-10-16:child|2043-06-27:marriage
364,1970-05-26,04:14,40.71,-74.0,302.748281077644,1977-11-06:child|1978-06-05:child|1980-08-25:marriage|1984-12-15:career|1985-01-22:career|1989-09-16:child|1990-05-17:child|1996-02-02:shock|1997-02-11:shock|2002-02-19:child|2004-08-07:marriage|2004-09-02:career|2013-08-26:child|2014-03-19:career|2015-11-25:marriage|2016-03-16:marriage|2025-06-10:child|2028-03-17:marriage
365,1978-01-18,22:23,40.71,-74.0,124.69896225638287,1984-07-11:child|1997-07-13:career|1998-02-06:marriage|2009-06-06:marriage|2012-11-26:child|2016-10-12:child|2019-01-17:shock|2021-03-24:marriage|2027-11-08:career|2028-01-29:career|2036-09-20:marriage
366,1979-12-06,23:23,40.71,-74.0,102.1372737017874,1983-04-20:child|1985-01-22:marriage|1995-02-01:child|1995-04-17:career|1996-01-07:career|1997-01-26:marriage|2015-05-12:shock|2019-01-03:child|2020-11-29:marriage|2021-01-28:marriage|2024-07-10:career|2025-02-07:career|2029-08-24:child|2032-03-27:marriage|2033-01-03:career|2034-09-21:shock|2035-07-26:shock|2036-01-08:shock
367,1974-08-19,09:38,40.71,-74.0,138.91044029796097,1974-09-07:marriage|1984-12-07:child|1995-01-20:marriage|1999-05-06:career|2000-05-24:shock|2008-04-12:child|2009-06-12:child|2010-02-19:marriage|2019-08-16:shock|2020-07-07:child|2028-07-17:career|2029-05-02:career|2034-01-29:marriage
368,1978-12-23,02:21,40.71,-74.0,150.3879795409488,1986-07-26:marriage|1987-02-03:marriage|1997-02-07:child|1998-06-07:marriage|1999-02-01:marriage|2000-05-23:career|2001-01-12:career|2004-03-09:child|2010-05-22:marriage|2011-01-02:marriage|2021-09-11:shock|2022-03-15:marriage|2029-07-12:career|2030-03-24:career|2032-05-16:child|2033-01-15:child|2034-03-16:marriage
369,1980-10-22,21:01,40.71,-74.0,4.671812610956525,1982-11-07:marriage|1988-03-01:career|1994-03-10:marriage|2003-03-23:shock|2003-07-01:child|2006-01-16:marriage|2011-05-29:shock|2012-03-19:shock|2013-02-15:shock|2014-11-06:child|2015-07-14:child|2016-11-11:career|2018-01-06:marriage|2018-08-04:career|2026-09-26:child|2027-01-10:child|2039-03-25:child
370,1972-07-19,17:32,40.71,-74.0,208.93129575020754,1973-11-21:shock|1974-01-06:shock|1975-03-29:child|1975-04-25:shock|1975-10-25:career|1976-10-07:marriage|1987-03-06:child|1989-01-09:marriage|1990-09-14:child|1993-08-08:career|1998-01-13:career|2005-08-07:career|2005-12-24:child|2006-04-04:career|2012-06-26:marriage|2022-05-18:child|2023-02-04:child|2024-06-14:marriage
371,1986-08-03,18:11,40.71,-74.0,227.83982026527468,1987-10-05:child|1988-02-10:child|1999-06-20:child|2000-02-10:child|2001-04-26:marriage|2004-09-02:child|2007-09-02:career|2012-10-08:marriage|2013-04-10:marriage|2024-08-01:marriage|2025-04-09:marriage|2033-03-24:shock|2035-05-06:child|2036-08-22:marriage|2036-09-27:career|2037-01-07:marriage|2037-03-30:career
372,1972-05-10,01:20,40.71,-74.0,246.1748890984586,1976-06-14:child|1979-11-25:career|1980-07-29:career|1982-01-20:shock|1983-01-26:shock|1988-06-08:child|1989-08-23:marriage|1990-05-15:marriage|1996-04-03:marriage|2000-05-10:child|2001-08-28:marriage|2002-02-02:marriage|2007-03-18:career|2012-04-01:child|2013-07-27:marriage|2023-09-25:child
373,1988-06-27,07:54,40.71,-74.0,72.25778315877042,1992-04-12:career|1993-01-19:career|2008-01-02:marriage|2016-03-10:marriage|2022-02-05:career|2028-05-17:shock|2029-01-07:shock|2029-02-20:child|2040-12-05:child|2041-09-16:child|2043-03-16:marriage
374,1989-02-03,19:14,40.71,-74.0,99.18818870104685,1995-10-13:career|2008-12-22:marriage|2018-11-14:child|2020-12-06:marriage|2024-04-29:career|2025-02-10:career|2026-09-10:shock|2030-11-27:child|2032-04-03:marriage|2034-06-27:shock|2035-05-25:shock|2035-09-28:marriage|2042-03-27:child|2044-04-11:marriage|2044-07-06:shock|2047-01-05:career
375,1980-10-17,16:45,40.71,-74.0,271.55221387368346,1988-03-09:shock|1989-06-24:shock|1990-10-18:marriage|2000-09-01:child|2001-01-28:shock|2003-05-02:marriage|2011-12-07:career|2012-03-13:career|2012-08-09:child|2013-03-28:child|2023-07-05:child|2024-12-31:child|2025-01-12:child|2036-06-05:child
376,1988-07-19,13:38,40.71,-74.0,162.61918852874157,1997-04-09:child|2001-07-04:career|2002-02-26:career|2007-03-27:career|2009-03-14:child|2021-01-31:child|2022-07-25:marriage|2030-08-18:career|2031-06-14:career|2033-02-13:child|2034-05-25:marriage|2035-02-02:marriage|2047-09-04:child|2048-01-11:shock
377,1960-05-20,14:27,40.71,-74.0,125.70430309342123,1968-05-27:career|1969-03-09:career|1972-02-17:child|1976-11-17:child|1981-10-03:marriage|1984-07-19:child|1986-01-04:marriage|1994-08-11:shock|1998-02-10:marriage|1998-04-19:career|2001-12-21:shock|2009-04-29:marriage|2019-12-06:child
378,1986-07-12,10:17,40.71,-74.0,117.20706129555774,1995-11-23:child|1997-03-19:marriage|2005-03-11:shock|2009-03-28:marriage|2019-04-28:child|2021-02-28:marriage|2026-05-19:career|2027-01-13:career|2029-07-08:shock|2031-02-02:child|2032-05-05:marriage|2033-03-04:marriage|2037-01-05:marriage|2038-08-21:shock|2039-01-22:shock|2043-07-06:child|2045-01-21:marriage
379,1961-12-02,23:30,40.71,-74.0,100.57798910962535,1971-03-06:child|1973-02-21:marriage|1977-01-13:shock|1982-12-23:child|1983-05-16:child|1995-02-06:child|1995-04-06:career|2006-12-23:child|2009-01-02:marriage|2018-12-06:child|2020-12-20:marriage
380,1974-04-27,13:05,40.71,-74.0,89.35054889309181,1984-12-08:marriage|1993-03-03:career|1994-03-20:career|1994-11-19:child|1997-01-06:marriage|2006-11-01:child|2008-02-29:marriage|2018-02-17:child|2020-03-24:marriage|2023-05-01:career|2024-02-13:career|2030-01-17:child|2032-01-21:marriage|2032-07-08:shock|2033-01-11:shock
381,1966-12-17,04:31,40.71,-74.0,171.3579184767672,1967-02-24:shock|1972-08-22:career|1975-11-09:marriage|1986-03-06:child|1987-04-22:marriage|1995-06-26:marriage|1995-08-26:shock|1998-01-01:child|1999-05-27:marriage|2002-05-25:career|2009-05-10:child|2021-03-07:child|2023-04-06:marriage|2025-10-10:child
382,1977-11-25,17:24,40.71,-74.0,329.0451828501798,1978-08-27:child|1986-11-27:career|1990-08-19:child|2002-03-15:shock|2003-02-02:shock|2004-01-06:shock|2004-12-13:marriage|2005-01-30:marriage|2014-07-01:child|2015-12-15:career|2016-02-13:career|2016-12-19:marriage|2017-05-29:marriage|2019-07-13:shock|2028-10-24:marriage|2029-05-07:marriage|2037-10-15:child
383,1971-02-22,13:30,40.71,-74.0,17.701756032713604,1980-03-06:child|1982-10-24:marriage|1989-02-24:career|1991-08-28:child|1996-04-03:marriage|1997-07-19:child|2003-08-28:child|2006-10-26:marriage|2014-07-12:shock|2015-03-11:shock|2016-01-17:shock|2018-02-07:marriage|2018-03-28:career|2022-01-05:marriage|2026-07-15:child|2030-01-18:marriage
384,1980-05-04,21:39,40.71,-74.0,198.7521247463483,1987-02-01:child|1998-06-20:child|2000-05-25:marriage|2004-12-21:career|2005-03-06:career|2007-04-28:child|2010-09-19:child|2011-01-14:child|2012-03-30:marriage|2014-09-10:child|2023-09-05:marriage|2024-03-18:marriage|2028-06-12:marriage|2033-09-19:career|2034-04-13:child|2034-07-19:career|2038-06-23:shock
385,1983-02-11,09:23,40.71,-74.0,275.3607336958612,1983-06-02:career|1989-01-02:shock|1989-06-17:child|1990-07-27:shock|1990-12-30:marriage|1991-07-08:marriage|2001-05-04:child|2003-02-07:marriage|2012-01-20:career|2012-08-28:child|2013-05-17:child|2015-06-23:marriage|2019-03-19:shock|2025-04-14:child|2025-08-08:shock|2027-03-29:marriage|2029-01-11:shock|2037-01-03:child|2041-10-12:career|2042-06-11:career
386,1982-10-08,00:45,40.71,-74.0,64.93953073191354,1983-12-14:marriage|1992-01-09:career|1993-10-29:child|1995-12-21:marriage|1997-07-26:shock|2005-01-09:child|2007-11-19:marriage|2016-12-28:child|2017-01-17:child|2021-03-16:career|2023-12-15:child|2026-07-01:shock|2027-03-15:shock|2028-01-01:shock|2028-11-21:child|2029-06-07:child|2030-05-15:child|2031-03-17:marriage|2040-11-05:child
387,1965-03-11,00:05,40.71,-74.0,184.5212793754006,1968-12-19:shock|1969-01-11:shock|1970-04-24:shock|1973-10-30:career|1974-04-07:child|1986-04-03:child|1987-08-23:marriage|1998-02-17:child|1999-07-17:marriage|2000-02-12:marriage|2004-04-01:career|2010-03-17:child|2011-12-08:marriage|2012-02-20:marriage|2013-09-04:shock|2022-08-02:career
388,1974-10-15,18:47,40.71,-74.0,301.31766890465303,1977-10-16:child|1978-05-08:child|1980-07-30:marriage|1985-06-04:career|1989-09-05:child|1990-04-08:child|1992-09-08:marriage|1992-10-15:career|1995-04-17:shock|1996-02-02:shock|2001-09-02:child|2002-02-14:child|2003-11-01:marriage|2003-12-02:marriage|2004-01-07:marriage|2014-02-07:career|2015-10-11:marriage|2016-02-27:marriage|2026-03-21:career|2028-05-11:marriage
389,1985-04-21,02:46,40.71,-74.0,248.34445860676013,1989-10-11:marriage|2001-09-03:marriage|2002-04-19:marriage|2002-12-03:child|2007-07-12:career|2009-10-18:career|2010-06-07:career|2012-03-22:child|2013-08-10:marriage|2014-01-29:marriage|2030-06-20:career|2035-07-30:child|2036-04-13:child|2037-07-23:marriage|2038-11-09:career|2039-01-31:career
390,1961-11-10,17:50,40.71,-74.0,316.50927279772793,1966-07-29:child|1969-01-26:marriage|1978-06-13:child|1980-12-07:marriage|1981-04-15:marriage|1986-01-14:career|1990-06-08:child|1993-04-17:marriage|1999-03-16:shock|2000-02-09:shock|2001-01-02:shock|2002-06-01:child|2013-08-26:child|2014-05-27:child|2015-03-01:career|2016-10-16:marriage|2017-11-28:marriage
391,1964-10-10,17:44,40.71,-74.0,278.9844451545178,1982-12-09:career|1983-03-15:career|1989-06-30:child|1990-03-08:shock|1991-07-14:shock|1991-08-18:marriage|2001-06-01:child|2003-06-27:marriage|2008-08-24:career|2012-10-29:career|2013-06-29:career|2014-12-13:marriage|2015-07-08:marriage|2024-02-23:shock|2024-09-09:child
392,1986-05-06,02:03,40.71,-74.0,251.42391253259456,1988-05-28:child|1990-06-04:marriage|2002-06-05:marriage|2009-10-17:career|2010-03-13:career|2013-08-31:marriage|2014-01-18:marriage|2024-04-18:child|2025-07-21:marriage|2026-02-24:marriage|2035-08-27:child|2037-08-23:marriage|2039-01-19:career|2039-09-17:career
393,1981-01-13,13:10,40.71,-74.0,307.35662055482925,1985-03-22:career|1989-10-06:child|1990-06-21:child|1997-03-07:shock|1998-01-03:shock|2001-10-07:child|2002-01-18:child|2004-08-17:marriage|2014-01-12:child|2015-01-04:career|2015-12-20:marriage|2017-09-09:marriage|2020-03-03:career|2027-12-17:marriage|2028-03-15:marriage|2040-05-02:marriage
394,1981-06-12,04:44,40.71,-74.0,338.5191544630435,1981-10-28:marriage|1987-02-02:career|1990-08-19:child|1991-03-27:child|2004-04-30:shock|2005-03-05:shock|2005-11-15:marriage|2006-01-05:shock|2014-07-14:child|2016-12-01:career|2017-02-02:marriage|2029-02-24:marriage|2038-05-24:child|2040-12-28:marriage|2041-05-05:marriage
395,1971-11-04,18:43,40.71,-74.0,326.8183940254565,1978-07-28:child|1981-09-27:marriage|1986-02-13:career|1989-05-09:marriage|1992-11-25:marriage|1993-02-02:marriage|2001-06-29:shock|2002-03-12:shock|2003-01-04:shock|2004-11-20:marriage|2005-04-07:marriage|2010-12-10:career|2014-06-18:child|2016-01-27:career|2016-11-21:marriage|2017-04-27:marriage|2025-09-27:child|2026-05-21:child|2028-01-11:career|2028-11-08:marriage|2030-01-09:marriage
396,1970-03-17,02:37,40.71,-74.0,219.03472079730062,1975-05-26:child|1976-02-11:child|1976-02-25:shock|1976-10-09:career|1977-03-11:shock|1977-05-18:marriage|1977-07-09:career|1987-04-24:child|1988-09-28:marriage|1989-05-07:marriage|2000-07-19:marriage|2001-03-01:marriage|2006-08-31:career|2007-03-30:career|2012-07-05:marriage|2013-01-18:marriage|2022-09-11:child|2023-02-24:child|2024-07-09:marriage|2027-11-11:shock
397,1960-12-14,19:51,40.71,-74.0,57.312673155469454,1962-02-14:career|1972-01-05:marriage|1981-02-14:child|1981-05-12:child|1983-12-01:marriage|1984-01-10:marriage|1991-03-21:career|1992-12-17:child|1993-07-10:child|2005-06-11:child|2006-08-02:shock|2007-10-11:marriage|2007-12-23:marriage|2019-02-04:marriage|2019-11-15:marriage
398,1980-08-07,00:11,40.71,-74.0,318.3474194327768,1980-11-07:marriage|1981-04-04:marriage|1986-05-26:career|1990-06-18:child|1992-12-01:marriage|1993-04-21:marriage|1996-05-24:shock|1999-05-01:shock|2000-01-28:shock|2013-08-27:child|2014-01-02:child|2015-03-16:career|2016-11-02:marriage|2025-08-23:child|2026-01-04:child|2035-03-28:career|2038-01-30:child
399,1986-11-07,06:11,40.71,-74.0,160.12482101632685,1987-02-15:marriage|1997-03-12:child|2001-05-24:career|2002-01-28:career|2010-08-23:marriage|2022-06-01:marriage|2030-06-13:marriage|2030-07-31:career|2031-04-19:career|2031-06-25:marriage|2034-06-04:marriage
400,1980-07-05,22:07,40.71,-74.0,252.58826437643808,1981-06-08:career|1984-01-22:shock|1985-09-17:shock|1988-06-20:child|1990-06-12:marriage|2002-05-20:marriage|2009-11-20:career|2010-01-30:career|2013-09-02:marriage|2014-01-13:marriage|2019-07-21:shock|2024-05-13:child|2025-08-11:marriage|2026-01-21:marriage|2036-03-24:child|2039-09-28:career
401,1975-12-11,20:38,40.71,-74.0,67.06104868216438,1984-01-13:marriage|1992-03-13:career|1993-08-31:child|1995-07-28:child|2005-09-13:child|2007-11-21:marriage|2016-12-14:child|2017-03-12:child|2021-04-14:career|2022-01-01:career|2025-05-08:shock|2026-07-06:shock|2027-07-07:shock|2028-01-11:shock|2029-04-27:child|2031-05-08:marriage
402,1962-04-06,19:49,40.71,-74.0,154.5801852694326,1962-10-05:shock|1963-02-06:shock|1963-04-27:marriage|1964-05-13:shock|1971-07-15:career|1972-01-29:career|1973-02-18:child|1975-02-19:marriage|1985-03-02:child|1987-03-24:marriage|1997-01-25:child|1998-06-24:marriage|1999-01-22:marriage|2000-07-24:career|2008-11-11:marriage|2009-02-08:child|2010-06-03:marriage|2020-09-24:career
403,1982-06-17,16:45,40.71,-74.0,174.332282150065,1986-01-31:child|1987-12-19:marriage|1988-01-07:marriage|2002-06-24:career|2003-01-02:career|2010-01-10:child|2011-04-23:marriage|2021-04-17:child|2028-04-12:career|2028-05-06:child|2031-08-31:career|2032-06-18:career|2032-09-06:shock|2032-11-12:marriage|2033-04-14:child
404,1989-01-15,14:04,40.71,-74.0,329.768469334928,1993-09-28:marriage|2002-04-11:shock|2003-03-03:shock|2004-02-01:shock|2005-01-19:marriage|2014-07-01:child|2016-01-30:career|2016-11-19:marriage|2017-04-30:marriage|2026-06-18:child|2028-03-04:career|2028-10-10:marriage|2029-06-06:marriage|2037-09-06:child|2038-06-06:child|2045-03-21:career|2049-03-20:career|2049-08-27:marriage
405,1981-12-12,07:40,40.71,-74.0,205.25099838876008,1987-03-19:child|1999-03-13:child|2004-08-04:career|2005-06-02:career|2010-06-05:child|2011-02-05:child|2012-05-31:marriage|2022-05-03:child|2024-05-14:marriage|2034-04-08:child|2034-08-21:career|2035-02-03:career
406,1979-06-22,19:20,40.71,-74.0,208.75212904493767,1988-06-21:marriage|1989-01-30:marriage|2000-05-24:marriage|2005-08-21:career|2006-02-07:career|2011-02-21:child|2012-06-04:marriage|2016-03-27:marriage|2020-11-16:marriage|2022-05-22:child|2024-04-22:marriage|2034-09-23:career|2034-11-05:child|2035-01-02:child|2035-01-04:career|2036-05-14:marriage
407,1984-05-12,16:45,40.71,-74.0,146.7492062076087,1986-06-15:marriage|1987-02-01:marriage|1998-06-08:marriage|2000-05-18:career|2005-06-20:marriage|2008-12-16:child|2010-09-17:shock|2020-05-09:child|2029-07-05:career|2030-01-07:career|2032-03-12:child|2034-02-26:marriage|2036-04-13:child
408,1966-04-27,02:36,40.71,-74.0,250.80370124079514,1966-07-25:marriage|1976-07-22:child|1977-02-18:child|1980-08-24:career|1983-04-02:shock|1984-02-01:shock|1985-06-16:child|1988-06-24:child|1993-01-05:child|1995-11-18:marriage|1997-07-04:child|2000-05-22:child|2001-10-24:marriage|2009-10-29:career|2010-03-30:career|2012-05-06:child|2013-12-10:marriage|2014-02-08:marriage|2024-04-07:child|2026-02-21:marriage
409,1964-05-25,13:57,40.71,-74.0,123.68405283308465,1968-05-10:career|1969-01-18:career|1972-10-27:child|1984-02-27:child|1986-01-25:marriage|1990-12-16:marriage|1994-10-22:marriage|1997-07-02:career|1997-12-11:marriage|1998-01-31:marriage|1998-03-24:career|2008-01-04:child|2009-04-20:marriage|2010-12-09:shock|2015-04-05:career|2019-12-07:child|2020-01-06:child|2021-08-14:marriage
410,1984-01-16,13:29,40.71,-74.0,316.9157066953497,1986-01-03:career|1990-06-07:child|1993-03-29:marriage|1999-03-09:shock|2000-03-06:shock|2002-05-08:child|2004-10-24:marriage|2005-01-19:shock|2007-05-24:child|2015-02-14:career|2016-02-02:career|2025-12-27:child|2026-01-21:child|2028-09-01:marriage|2037-08-05:child
411,1964-04-10,16:29,40.71,-74.0,118.73127115293,1967-06-22:career|1968-02-21:career|1972-01-07:child|1974-02-03:marriage|1985-06-16:marriage|1993-12-02:shock|1995-11-29:child|1997-05-10:career|1997-08-14:marriage|1998-01-13:career|2005-04-27:career|2007-11-13:child|2008-01-07:child|2009-04-06:marriage|2019-11-18:child|2021-02-09:marriage|2024-01-26:career
412,1968-06-11,08:53,40.71,-74.0,71.03281956010855,1970-06-15:child|1972-02-02:marriage|1981-11-13:child|1984-07-26:marriage|1992-03-11:career|1996-01-16:marriage|2006-03-11:career|2008-01-12:marriage|2017-09-26:child|2019-12-16:marriage|2027-09-18:shock|2028-03-27:child
413,1988-08-16,14:39,40.71,-74.0,196.60823203993007,1998-04-06:child|1999-01-02:child|2000-05-05:marriage|2004-08-13:career|2005-03-05:career|2007-09-05:child|2010-11-09:child|2012-03-14:marriage|2022-04-29:child|2023-09-19:marriage|2024-02-20:marriage|2033-10-06:career|2034-05-21:career|2035-07-12:marriage|2036-02-10:marriage|2037-05-05:career|2047-06-16:marriage|2048-01-04:marriage
414,1982-07-16,02:57,40.71,-74.0,349.39820543212693,1982-08-09:marriage|1988-09-06:career|1990-11-04:child|1991-01-24:child|1994-06-03:marriage|1998-09-05:marriage|2003-02-27:child|2005-11-11:marriage|2007-04-25:shock|2008-01-30:shock|2009-01-01:shock|2012-02-04:shock|2015-03-30:child|2017-01-09:career|2019-07-14:career|2027-06-21:marriage|2029-10-06:marriage
415,1985-07-04,10:08,40.71,-74.0,109.19539750018829,1985-09-29:marriage|1995-03-23:child|1996-04-05:career|2006-01-26:shock|2007-01-14:child|2009-01-24:marriage|2009-11-19:child|2019-08-04:child|2021-01-21:marriage|2025-05-02:career|2026-02-23:career|2030-12-30:child|2033-02-01:marriage|2036-10-14:shock|2037-07-21:shock|2038-01-19:shock|2043-01-01:child|2044-07-01:career|2045-01-14:marriage
416,1961-08-26,16:14,40.71,-74.0,222.67510371472733,1965-05-24:marriage|1975-06-18:child|1976-12-30:shock|1977-01-17:shock|1977-08-25:career|1978-04-14:shock|1978-05-05:career|1979-02-04:shock|1986-12-02:child|1987-05-12:child|1988-01-14:child|2000-09-24:marriage|2004-12-21:child|2006-09-19:career|2007-02-09:career|2012-08-15:marriage|2013-04-17:marriage|2020-03-04:child
417,1973-07-02,01:06,40.71,-74.0,290.55637126884005,1977-08-02:child|1978-03-02:child|1980-03-14:marriage|1983-12-08:career|1984-01-01:career|1991-10-11:marriage|1993-01-09:shock|1994-01-17:shock|1995-02-19:shock|2000-01-13:career|2003-08-17:marriage|2013-06-09:child|2013-10-12:career|2014-08-03:career|2015-09-28:marriage|2025-06-25:child|2026-12-17:marriage|2028-02-07:shock
418,1967-05-23,16:07,40.71,-74.0,147.10034595576263,1970-07-30:career|1971-05-13:career|1973-01-15:child|1975-02-21:marriage|1985-01-14:child|1986-05-19:marriage|1987-01-28:marriage|1997-01-01:child|1998-11-05:marriage|2000-04-19:career|2010-04-29:marriage|2014-09-03:child|2020-05-14:child|2022-02-24:marriage
419,1981-09-23,11:38,40.71,-74.0,190.0999356658851,1986-04-23:child|1987-01-06:child|1988-05-04:marriage|1999-09-16:marriage|2000-03-10:marriage|2003-08-14:career|2004-05-15:career|2006-02-06:shock|2011-10-03:marriage|2012-02-14:marriage|2023-05-28:marriage|2024-01-03:marriage|2033-06-18:career|2034-02-24:child
420,1973-07-20,12:09,40.71,-74.0,145.5740327405728,1974-06-04:marriage|1975-01-17:marriage|1985-01-10:child|1986-05-31:marriage|1997-01-16:child|1998-05-18:marriage|1999-08-16:career|2000-04-29:career|2010-03-27:marriage|2011-01-04:shock|2020-05-26:child|2022-03-07:marriage|2029-06-07:career|2030-01-12:career|2032-03-22:child
421,1970-01-28,02:05,40.71,-74.0,175.38013337489446,1973-06-03:career|1974-02-12:child|1975-09-27:marriage|1987-11-28:marriage|1988-01-06:marriage|1989-09-01:shock|1999-05-08:marriage|2002-07-28:career|2003-01-01:career|2003-04-10:career|2010-02-01:child|2021-05-21:child|2022-01-02:child|2023-05-05:marriage|2024-12-25:marriage
422,1963-04-09,07:21,40.71,-74.0,303.0596662561724,1966-06-04:child|1968-09-27:marriage|1978-06-27:child|1980-08-08:marriage|1984-12-27:career|1985-01-11:career|1989-10-06:child|1992-07-27:marriage|1996-03-02:shock|1997-10-05:shock|1997-10-11:shock|2001-08-20:child|2002-02-27:child|2003-12-08:marriage|2004-02-23:marriage|2013-08-16:child|2014-11-18:career|2015-11-03:marriage|2016-08-23:marriage
423,1978-03-19,01:49,40.71,-74.0,211.21058925161685,1987-04-30:child|1988-12-19:marriage|1989-02-10:marriage|1999-03-22:child|2000-06-15:marriage|2001-02-09:marriage|2005-08-06:career|2006-01-11:career|2012-05-14:marriage|2022-08-09:child|2023-01-14:child|2024-06-03:marriage|2027-03-18:career|2034-09-29:child|2034-11-01:career|2035-08-01:career|2036-04-08:marriage
424,1964-08-18,05:00,40.71,-74.0,79.96522660034982,1970-10-04:child|1972-12-22:marriage|1982-01-25:child|1984-03-24:marriage|1993-10-06:career|1994-05-01:child|1996-07-04:marriage|1999-11-24:career|2005-12-09:child|2006-05-22:child|2008-03-04:marriage|2020-02-13:marriage|2020-02-24:marriage|2022-05-12:career
425,1976-02-11,12:49,40.71,-74.0,341.0897660930218,1978-10-28:child|1981-11-27:marriage|1987-01-20:career|1991-04-06:child|2002-08-01:child|2005-04-15:shock|2005-09-22:marriage|2006-02-21:shock|2007-01-11:shock|2014-08-10:child|2026-07-03:child|2027-11-15:shock|2028-12-28:marriage|2029-02-17:marriage
426,1972-06-01,00:27,40.71,-74.0,253.0341274380363,1977-04-03:child|1978-06-13:marriage|1980-09-19:career|1981-04-08:career|1984-03-03:shock|1985-07-08:shock|1997-02-05:child|2000-04-26:child|2001-09-26:marriage|2002-06-05:marriage|2009-11-08:career|2010-01-23:career|2012-05-10:child|2013-09-04:marriage|2014-01-15:marriage|2026-01-31:marriage
427,1984-04-04,18:33,40.71,-74.0,138.6319441010345,1984-12-12:child|1986-04-13:marriage|1996-05-11:child|1998-03-28:marriage|1999-04-30:career|2000-02-02:career|2008-04-17:child|2010-02-14:marriage|2020-10-07:child|2028-06-17:career|2029-03-29:career|2032-02-03:child|2033-07-11:marriage|2034-01-10:marriage|2042-10-21:shock|2043-08-12:shock|2044-02-02:shock
428,1988-03-27,17:53,40.71,-74.0,124.62880327470867,1996-01-12:child|1997-09-06:career|1998-04-10:career|2009-04-04:marriage|2010-01-17:marriage|2013-03-25:child|2021-04-30:marriage|2025-12-07:marriage|2027-03-29:career|2028-02-22:career|2039-11-20:shock|2040-01-09:shock|2041-02-16:shock|2043-03-30:child
429,1977-10-10,17:06,40.71,-74.0,269.7996902021048,1978-11-17:marriage|1979-01-10:marriage|1982-02-27:career|1988-01-26:shock|1989-06-05:child|1989-08-22:shock|1990-10-22:marriage|1991-02-05:marriage|1992-02-19:child|2000-08-05:child|2001-12-07:shock|2002-09-05:marriage|2012-04-10:career|2013-02-27:child|2014-08-03:marriage|2019-11-27:career|2024-07-05:child|2025-02-24:child|2026-08-06:marriage|2036-05-31:child|2036-11-20:marriage
430,1960-03-17,14:34,40.71,-74.0,71.74039883104615,1960-04-05:marriage|1963-09-27:career|1969-11-23:child|1970-05-14:child|1972-02-02:marriage|1979-03-20:child|1981-12-18:child|1984-01-05:marriage|1992-04-23:career|1993-02-01:career|1993-11-11:child|1996-01-02:marriage|1998-11-11:child|2005-10-30:child|2007-12-08:marriage|2012-01-27:shock|2017-09-14:child|2019-12-03:marriage
431,1975-05-13,05:53,40.71,-74.0,318.6300774038784,1978-07-02:child|1980-12-30:marriage|1981-02-04:marriage|1985-12-21:career|1986-01-21:career|1990-05-25:child|1992-11-13:marriage|1993-05-04:marriage|1999-05-17:shock|2000-01-26:shock|2001-02-02:shock|2002-07-08:child|2004-10-22:marriage|2010-05-07:career|2013-09-10:child|2015-03-20:career|2015-08-19:child|2016-10-15:marriage|2025-12-26:child|2026-01-24:child|2028-09-01:marriage
432,1982-11-07,00:08,40.71,-74.0,86.06734244358695,1984-11-09:marriage|1993-06-05:career|1994-02-20:career|1994-02-28:child|1996-03-28:marriage|1997-01-27:shock|2006-01-30:child|2008-06-16:marriage|2012-08-11:child|2018-01-14:child|2020-01-16:marriage|2029-12-27:child|2030-07-11:child|2031-09-11:shock|2032-01-07:shock|2032-01-23:marriage|2033-03-26:shock|2040-02-01:child
433,1985-09-24,19:47,40.71,-74.0,294.95738480163664,1990-03-06:child|1991-10-05:marriage|1992-02-23:marriage|1994-03-03:shock|1995-02-14:shock|2003-09-23:marriage|2004-03-31:marriage|2011-06-05:child|2013-07-25:child|2013-12-26:career|2014-06-06:career|2025-06-01:child|2027-09-28:marriage|2037-05-09:child|2039-09-09:marriage|2043-01-19:career
434,1967-06-21,16:29,40.71,-74.0,173.99266469556466,1967-07-14:shock|1968-03-28:shock|1973-06-10:career|1975-07-06:marriage|1976-01-22:marriage|1985-09-09:marriage|1987-11-28:marriage|1998-02-13:child|1999-05-10:marriage|2002-07-19:career|2003-01-27:career|2009-06-17:child|2021-04-10:child|2023-04-23:marriage
435,1970-06-19,01:27,40.71,-74.0,282.2587396970335,1977-06-22:child|1983-10-24:career|1989-07-19:child|1990-12-13:shock|1991-03-31:shock|1992-01-31:shock|2003-09-01:marriage|2009-04-03:career|2012-10-29:career|2013-04-30:child|2013-05-14:career|2015-01-14:marriage|2024-08-27:child|2026-11-18:marriage|2027-01-20:marriage|2029-07-19:career
436,1960-01-10,04:26,40.71,-74.0,188.89652367720433,1962-07-15:child|1969-11-03:shock|1970-01-01:shock|1971-03-27:shock|1974-05-07:child|1974-07-11:career|1975-01-22:child|1975-02-01:career|1976-07-09:shock|1986-10-29:child|1988-03-13:marriage|1999-08-15:marriage|2000-03-20:marriage|2003-09-05:career|2004-01-28:career|2010-02-28:child|2012-03-04:marriage|2012-06-16:shock|2018-10-01:career
437,1961-05-17,16:27,40.71,-74.0,146.744758264959,1961-08-24:child|1961-08-26:shock|1962-04-02:shock|1963-02-23:marriage|1970-07-04:career|1971-03-05:career|1973-02-09:child|1974-06-20:marriage|1975-02-09:marriage|1976-01-07:marriage|1980-02-27:marriage|1985-01-20:child|1985-07-09:career|1986-06-12:marriage|1987-01-12:marriage|1997-02-17:child|1998-05-15:marriage|1999-01-01:marriage|2000-05-28:career|2008-11-30:child|2020-04-07:child
438,1975-05-28,14:48,40.71,-74.0,135.52185236038807,1984-12-18:child|1986-03-11:marriage|1996-03-30:child|1999-04-20:career|2001-06-06:career|2008-03-11:child|2009-11-16:child|2012-11-09:marriage|2015-12-21:shock|2020-01-16:child|2022-03-02:marriage|2028-10-25:career|2029-02-09:career|2032-01-08:child|2033-07-22:marriage|2034-01-18:marriage
439,1986-01-16,00:17,40.71,-74.0,144.80315083316606,1986-09-20:marriage|1987-01-15:marriage|1996-12-09:child|1998-04-22:marriage|1999-10-22:career|2008-11-24:child|2010-03-19:marriage|2020-03-22:child|2022-02-06:marriage|2029-05-21:career|2030-02-12:career|2032-04-01:child|2040-08-15:career|2044-02-13:child|2044-11-12:shock|2045-01-10:shock
440,1989-04-09,01:33,40.71,-74.0,224.52019554833782,1999-04-19:child|2000-01-12:child|2001-04-04:marriage|2006-10-25:career|2007-01-20:career|2011-04-07:child|2012-08-24:marriage|2024-08-04:marriage|2025-01-12:marriage|2033-07-09:career|2035-04-23:child|2036-08-27:career|2037-04-01:career|2048-06-12:marriage
441,1970-11-01,23:49,40.71,-74.0,76.41985981151574,1972-03-01:marriage|1981-12-07:child|1982-04-13:child|1984-03-05:marriage|1993-03-12:career|1994-06-02:child|1996-02-10:marriage|2008-01-06:marriage|2017-08-22:career|2017-10-15:child|2020-01-28:marriage|2021-01-09:marriage|2022-04-07:career|2029-07-17:shock|2030-01-24:shock
442,1974-05-23,02:27,40.71,-74.0,271.0782370784252,1977-05-30:child|1978-10-17:marriage|1982-09-19:career|1988-02-17:shock|1989-01-10:shock|1989-06-01:child|1990-11-07:marriage|1991-01-20:marriage|1992-05-22:shock|1996-10-27:child|2000-09-26:child|2002-09-04:marriage|2003-02-23:marriage|2010-01-26:marriage|2011-10-29:career|2012-03-15:career|2012-08-25:child|2013-02-27:child|2013-12-27:marriage|2014-08-31:marriage|2024-07-16:child|2025-01-26:child|2026-08-16:marriage
443,1964-03-04,07:03,40.71,-74.0,262.7726077144373,1965-05-04:child|1966-12-27:marriage|1977-05-09:child|1978-09-17:marriage|1979-02-03:marriage|1981-09-21:career|1982-04-15:career|1986-02-28:shock|1987-01-02:shock|1988-07-21:child|1990-08-08:marriage|1996-09-09:career|2000-07-04:child|2001-01-29:child|2010-12-06:career|2011-02-04:career|2012-06-11:child|2014-06-30:marriage
444,1980-08-19,00:44,40.71,-74.0,350.51550414242223,1982-01-03:marriage|1988-07-18:career|1990-10-15:child|1991-01-27:child|1993-12-07:marriage|1994-05-31:marriage|2003-02-18:child|2007-07-24:shock|2008-04-14:shock|2012-07-17:shock|2012-08-26:shock|2014-08-10:child|2015-03-15:child|2016-12-26:shock|2017-05-02:career|2017-10-10:marriage|2026-09-22:child|2029-09-27:marriage|2035-07-01:career
445,1967-09-12,14:41,40.71,-74.0,217.2004072114184,1975-04-25:child|1975-12-25:shock|1976-01-07:child|1976-02-12:shock|1976-09-07:career|1977-05-05:shock|1977-06-15:career|1985-02-23:shock|1987-05-12:child|1988-10-04:marriage|2000-07-03:marriage|2001-03-31:marriage|2006-08-07:career|2011-06-19:shock|2013-01-02:marriage|2022-03-24:shock|2024-06-01:marriage|2025-03-14:shock
446,1964-07-23,23:22,40.71,-74.0,285.9986370616339,1966-03-23:child|1967-09-20:marriage|1968-01-29:marriage|1977-07-23:child|1978-03-04:child|1980-04-19:marriage|1983-10-25:career|1984-06-10:career|1989-07-05:child|1990-08-25:marriage|1990-09-11:shock|1991-08-01:marriage|1992-01-09:shock|1993-01-02:shock|1997-12-06:marriage|2001-05-29:child|2003-08-13:marriage|2009-11-03:career|2013-01-21:career|2013-06-24:child|2015-08-21:marriage
447,1964-04-24,01:13,40.71,-74.0,232.20660550650155,1966-02-10:marriage|1976-03-05:child|1977-08-06:marriage|1978-08-06:career|1979-02-08:shock|1980-05-15:shock|1987-09-08:child|1998-08-17:marriage|1999-06-28:child|2001-05-24:marriage|2007-10-17:career|2008-03-01:career|2011-11-19:child|2012-01-19:child|2013-04-21:marriage
448,1979-06-10,00:03,40.71,-74.0,254.83649173885095,1980-12-01:career|1981-03-29:career|1984-02-21:shock|1985-01-19:shock|1988-06-30:child|1994-04-16:marriage|1999-07-27:child|2009-12-07:career|2010-01-05:career|2013-07-19:shock|2013-09-06:marriage|2014-05-23:marriage|2021-08-21:shock|2024-04-12:child|2025-09-11:marriage|2026-01-31:marriage|2036-04-02:child|2038-03-22:marriage
449,1962-11-21,07:46,40.71,-74.0,189.78411132454772,1964-05-21:marriage|1969-11-27:shock|1970-01-04:shock|1971-03-12:shock|1974-05-14:child|1974-08-26:career|1975-01-14:child|1975-01-23:career|1986-10-25:child|1987-01-12:child|1999-07-29:marriage|2003-08-02:career|2006-08-02:shock|2011-08-09:marriage|2016-04-17:marriage|2022-02-10:child
450,1979-08-15,05:18,40.71,-74.0,80.88926625064434,1982-02-05:child|1984-04-02:marriage|1993-03-05:career|1993-12-30:child|1994-01-11:career|1994-02-05:child|1996-03-19:marriage|2003-03-15:child|2005-12-15:child|2006-01-08:child|2008-01-26:marriage|2017-12-14:child|2022-04-07:child|2022-05-05:career|2023-01-23:career|2030-07-23:shock|2031-01-01:shock|2032-01-26:marriage|2035-12-08:marriage
451,1978-10-16,12:03,40.71,-74.0,212.69186760859884,1987-05-04:child|1989-03-30:marriage|1995-04-17:child|1999-03-30:child|2000-06-08:marriage|2001-01-09:marriage|2005-09-24:career|2006-01-25:career|2011-03-15:child|2022-07-04:child|2023-03-18:child|2034-10-04:child|2035-07-25:career|2036-04-14:marriage
452,1970-03-07,02:44,40.71,-74.0,212.6973497339558,1974-12-20:shock|1975-02-05:shock|1975-04-15:child|1976-04-23:shock|1976-08-03:marriage|1976-08-26:career|1977-03-01:career|1977-03-25:marriage|1987-04-05:child|1988-12-09:marriage|1989-02-22:marriage|1999-03-29:child|2000-06-11:marriage|2001-01-30:marriage|2005-09-16:career|2006-05-13:career|2011-03-21:child|2012-05-28:marriage|2014-12-19:shock|2022-08-25:child|2023-02-26:child|2024-06-01:marriage
453,1963-10-22,12:03,40.71,-74.0,217.0324202342152,1964-02-14:child|1965-05-20:marriage|1975-06-03:child|1976-02-18:shock|1976-11-22:career|1977-01-05:career|1977-06-03:shock|1987-05-20:child|1988-08-01:marriage|1989-04-24:marriage|1991-12-14:career|1999-04-30:child|2000-07-01:marriage|2001-03-17:marriage|2001-08-16:career|2011-04-19:child|2012-06-10:marriage|2013-02-03:marriage
454,1979-06-16,12:20,40.71,-74.0,121.11000429554811,1986-02-07:marriage|1996-11-28:shock|1997-06-05:marriage|1997-06-21:career|1998-01-16:marriage|1998-02-25:career|2008-01-14:child|2009-05-03:marriage|2019-11-13:child|2021-03-07:marriage|2022-05-14:career|2026-07-04:career|2027-02-18:career|2031-04-06:child
455,1979-11-20,05:16,40.71,-74.0,159.11885179074193,1985-03-10:child|1987-03-17:marriage|1997-02-14:child|1999-12-11:child|2001-03-21:child|2001-05-16:career|2008-03-28:marriage|2010-06-08:marriage|2011-01-20:marriage|2021-02-07:child|2021-05-08:career|2022-06-02:marriage|2023-01-30:marriage|2030-07-19:career|2031-04-21:career|2033-02-02:child|2034-11-07:marriage
456,1990-12-06,21:03,40.71,-74.0,68.96894927498225,1992-02-04:career|1993-10-16:child|2005-09-09:child|2007-12-07:marriage|2008-10-15:marriage|2015-01-16:shock|2017-02-15:child|2019-12-25:marriage|2021-05-27:career|2022-10-11:shock|2027-07-20:shock|2028-01-01:shock|2029-01-03:child|2029-01-24:shock|2031-12-09:marriage|2041-08-12:child|2043-02-18:marriage|2047-12-25:career
457,1965-06-16,16:42,40.71,-74.0,173.04583257403144,1966-10-24:shock|1967-02-05:shock|1972-11-22:career|1973-05-25:career|1974-02-04:child|1975-11-09:marriage|1976-02-13:marriage|1986-02-02:child|1987-12-08:marriage|1997-12-26:child|1999-05-15:marriage|2002-06-29:career|2003-01-18:career|2003-03-09:child|2009-05-03:child|2021-05-11:child
458,1972-04-12,17:03,40.71,-74.0,127.08042572986514,1972-04-13:child|1974-03-22:marriage|1984-02-29:child|1996-07-30:child|1998-02-07:marriage|1998-04-12:career|2005-01-22:shock|2020-01-05:child|2020-07-05:career|2021-04-20:marriage|2022-01-06:marriage|2027-05-27:career|2028-02-19:career
459,1963-09-13,22:36,40.71,-74.0,338.13294123917603,1966-11-03:child|1978-09-10:child|1979-01-30:child|1980-09-14:career|1981-10-16:marriage|1987-01-20:career|1990-08-31:child|1991-02-10:child|2002-08-29:child|2004-05-29:shock|2005-01-18:shock|2005-10-15:marriage|2006-02-19:shock|2016-03-08:career|2017-08-31:marriage|2018-11-05:career
460,1981-04-03,18:35,40.71,-74.0,138.04284028640004,1984-12-27:child|1985-01-14:child|1996-04-04:child|1999-05-01:career|1999-05-22:shock|2000-01-24:career|2008-04-02:child|2010-03-10:marriage|2010-09-07:shock|2012-02-28:shock|2020-07-18:child|2023-07-12:shock|2028-06-08:career|2029-02-03:career|2032-01-29:child
461,1970-11-16,13:31,40.71,-74.0,254.374700123425,1976-07-02:child|1977-01-31:child|1978-06-20:marriage|1981-04-14:career|1984-02-12:shock|1985-01-09:shock|1988-10-08:child|1989-01-22:child|1990-06-21:marriage|2000-06-27:child|2009-11-11:career|2010-01-03:career|2012-06-13:child|2013-09-12:marriage|2014-02-16:marriage|2014-06-05:marriage|2024-04-05:child|2026-01-29:marriage
462,1969-09-04,02:12,40.71,-74.0,50.61271030652093,1971-11-14:marriage|1980-10-06:child|1981-05-03:child|1991-09-13:career|1992-10-14:child|1993-06-04:child|1995-04-01:marriage|2004-10-24:child|2007-03-10:marriage|2009-07-14:shock|2009-08-23:child|2016-10-12:child|2018-04-23:shock|2019-01-11:marriage|2020-03-26:career|2022-08-25:shock|2023-05-02:shock|2024-01-17:shock|2028-09-16:child
463,1965-07-18,20:53,40.71,-74.0,247.59403001939268,1976-07-05:child|1979-11-17:career|1980-02-23:career|1983-01-02:shock|1989-10-02:marriage|1990-06-05:marriage|2001-08-24:marriage|2002-05-16:marriage|2009-09-11:career|2012-05-03:child|2013-07-14:marriage|2014-01-12:marriage|2017-07-17:child|2024-03-16:shock
464,1965-09-26,09:30,40.71,-74.0,166.89762179855455,1966-02-01:shock|1972-07-11:career|1973-02-19:career|1974-02-02:child|1986-01-08:child|1995-09-19:career|1997-04-09:child|1999-04-02:marriage|2001-09-13:career|2002-04-30:career|2009-04-15:child|2023-01-26:marriage
465,1984-04-25,12:25,40.71,-74.0,78.31221974866484,1993-02-21:career|1994-01-13:career|1994-06-09:child|1996-01-20:marriage|2005-10-23:child|2008-01-05:marriage|2017-12-04:child|2022-04-30:career|2029-07-27:shock|2029-11-05:child|2030-06-11:shock|2031-01-19:shock|2031-12-28:marriage|2039-08-07:shock|2041-09-23:child|2043-12-17:marriage
466,1965-03-16,03:10,40.71,-74.0,224.88720459563731,1975-06-26:child|1976-03-28:child|1977-11-12:shock|1978-02-27:career|1978-04-19:shock|1987-07-11:child|1989-05-20:marriage|1996-03-23:marriage|1999-12-03:child|2001-04-14:marriage|2006-10-21:career|2007-07-27:career|2012-09-16:marriage|2013-05-02:marriage|2023-04-28:child|2024-08-20:marriage
467,1966-06-10,08:55,40.71,-74.0,69.94417955959189,1969-10-30:child|1970-06-05:child|1972-02-22:marriage|1981-10-23:child|1984-02-22:marriage|1992-03-15:career|2005-09-30:child|2006-06-26:marriage|2007-12-06:marriage|2008-04-14:marriage|2017-09-28:child|2019-11-19:marriage|2022-01-14:career|2026-10-21:marriage
468,1966-02-01,18:47,40.71,-74.0,91.0796662724857,1970-11-15:child|1973-01-16:marriage|1982-12-02:child|1984-12-18:marriage|1991-01-22:marriage|1994-04-15:career|1994-11-27:child|1997-01-13:marriage|2008-04-19:marriage|2018-02-15:child|2020-02-25:marriage|2023-06-03:career|2024-02-25:career
469,1969-11-14,13:52,40.71,-74.0,257.3361549224085,1978-07-05:marriage|1980-12-26:career|1981-01-16:career|1984-12-27:shock|1985-02-03:shock|1986-01-09:shock|1988-12-18:child|1989-02-01:child|2002-06-30:marriage|2002-10-06:marriage|2010-10-12:career|2025-09-09:marriage|2026-04-20:marriage|2029-01-15:child
470,1974-03-21,05:20,40.71,-74.0,254.70332976438505,1976-08-24:child|1977-02-27:child|1980-10-23:career|1981-04-12:career|1984-02-17:shock|1985-01-06:shock|1988-07-02:child|1989-02-07:child|1989-07-17:career|1990-06-07:marriage|2000-06-29:child|2002-06-23:marriage|2009-12-12:career|2010-01-09:career|2013-09-13:marriage|2021-10-28:child|2024-04-03:child|2025-09-11:marriage|2026-01-30:marriage
471,1988-07-19,01:05,40.71,-74.0,311.1762254476939,1998-01-11:shock|1999-01-13:shock|2001-10-20:child|2014-01-11:child|2014-12-14:career|2015-01-22:career|2025-08-06:child|2026-02-18:child|2028-01-28:marriage|2035-03-09:career|2037-08-10:child|2039-12-11:marriage|2040-02-16:marriage|2044-03-07:career
472,1979-12-24,17:13,40.71,-74.0,11.902981498228563,1989-01-08:career|1991-10-01:child|1994-10-23:marriage|2003-08-14:child|2006-03-26:marriage|2006-09-25:shock|2013-07-29:shock|2014-02-20:shock|2015-02-27:shock|2015-08-21:child|2018-01-27:marriage|2018-02-01:career|2026-12-27:child|2027-01-21:child|2029-12-04:marriage|2030-09-05:marriage|2038-11-04:child|2039-01-27:child
473,1978-02-08,12:12,40.71,-74.0,322.4893710263309,1978-07-19:child|1981-01-20:marriage|1986-01-22:career|1990-07-30:child|1992-12-29:marriage|1993-01-05:marriage|2000-06-01:shock|2001-01-27:shock|2002-01-26:shock|2004-11-26:marriage|2005-04-20:marriage|2013-11-16:child|2014-07-16:child|2015-11-08:career|2016-07-26:career|2025-09-27:child|2025-12-29:child|2026-05-05:child|2037-08-27:child
474,1963-01-02,21:57,40.71,-74.0,106.47222197263174,1966-05-21:career|1967-02-03:career|1971-12-03:child|1973-07-11:marriage|1983-02-13:child|1985-02-24:marriage|1991-09-16:career|1995-01-27:child|2007-01-16:child|2019-02-05:child|2020-11-05:shock|2023-07-12:child
475,1967-01-25,21:38,40.71,-74.0,120.9756391465085,1968-04-18:career|1972-01-08:child|1984-01-19:child|1985-12-08:marriage|1986-01-04:marriage|1996-01-01:child|1997-06-16:career|1997-07-05:marriage|1998-02-25:career|2008-06-03:child|2009-05-13:marriage|2019-11-08:child|2021-03-12:marriage|2026-07-30:career
476,1985-06-24,15:34,40.71,-74.0,165.9110232958789,1997-05-12:child|1999-02-28:marriage|2001-08-04:career|2002-04-28:career|2009-03-10:child|2011-03-30:marriage|2021-03-21:child|2022-08-26:marriage|2023-02-21:marriage|2031-06-08:career|2033-03-16:child|2033-05-16:career|2034-05-08:marriage|2035-02-19:marriage|2044-12-21:marriage
477,1961-12-05,19:27,40.71,-74.0,36.538918106015586,1971-03-11:marriage|1983-01-14:marriage|1990-02-18:career|1992-07-22:child|1995-01-13:marriage|2004-01-23:child|2005-11-06:child|2006-12-29:marriage|2015-12-06:child|2016-02-21:child|2018-12-22:marriage|2019-03-27:career|2019-06-04:shock|2020-04-01:shock|2021-01-06:shock
478,1973-08-08,03:50,40.71,-74.0,47.89671408466354,1980-10-18:child|1981-06-07:child|1990-10-22:career|1990-12-20:career|1991-02-15:career|1992-09-25:child|1995-04-03:marriage|2002-03-12:career|2004-10-08:child|2007-03-07:marriage|2010-12-05:marriage|2015-04-12:shock|2018-12-23:marriage|2019-01-09:marriage|2020-08-13:career|2022-06-26:shock|2023-03-31:shock|2024-01-11:shock|2028-09-15:child
479,1986-09-25,18:39,40.71,-74.0,277.68960457940176,1989-06-04:child|1990-01-01:shock|1991-07-14:marriage|2001-04-09:child|2002-12-04:marriage|2003-01-14:marriage|2012-08-11:child|2012-09-19:career|2013-04-20:child|2014-11-15:marriage|2015-01-06:marriage|2017-04-28:child|2020-02-18:marriage|2024-07-13:child|2026-09-15:marriage|2027-02-25:marriage|2031-11-14:child|2032-03-24:child|2036-06-27:child|2037-01-31:child|2041-12-24:career|2042-04-01:career
480,1977-02-14,00:45,40.71,-74.0,173.00200823193484,1986-02-26:child|1987-12-20:marriage|1988-01-21:marriage|1993-04-08:child|1998-02-08:child|1999-04-16:marriage|2002-06-27:career|2003-01-08:career|2005-10-16:shock|2009-05-01:child|2011-03-10:marriage|2020-02-17:marriage|2021-05-11:child|2022-01-07:child|2023-04-01:marriage|2025-03-01:career|2031-09-01:career|2032-06-02:career|2033-10-14:child
481,1980-05-11,08:01,40.71,-74.0,9.54600907768218,1991-08-21:child|2003-07-10:child|2006-01-04:marriage|2012-05-19:shock|2012-11-14:career|2013-03-07:shock|2014-01-03:shock|2015-08-11:child|2018-01-21:career|2018-04-13:marriage|2026-11-13:child|2027-01-24:child|2029-12-06:marriage|2030-06-08:marriage|2038-11-02:child|2039-02-12:child
482,1978-10-27,09:18,40.71,-74.0,188.63358976879024,1986-09-23:child|1999-08-15:marriage|2000-04-13:marriage|2003-08-19:career|2004-02-07:career|2010-02-11:child|2011-06-03:marriage|2012-02-13:marriage|2017-05-24:child|2023-05-21:marriage|2024-01-09:marriage|2028-10-24:shock|2029-01-06:child|2033-06-10:career|2034-01-30:child|2035-06-08:marriage
483,1985-04-24,20:51,40.71,-74.0,181.24816061268515,1986-04-05:child|1987-07-07:marriage|1999-11-18:marriage|2000-01-05:marriage|2003-06-08:career|2005-02-13:marriage|2011-06-23:marriage|2022-01-17:child|2032-06-27:career|2033-01-17:career|2033-07-23:child|2034-01-24:child|2035-03-27:marriage|2037-04-09:child|2042-10-28:shock|2045-10-02:marriage
484,1975-09-28,11:47,40.71,-74.0,195.36591277784362,1976-05-20:marriage|1986-07-18:child|1987-01-31:child|1998-04-24:child|2004-06-18:career|2012-04-03:marriage|2013-04-05:marriage|2019-07-07:child|2022-05-03:child|2023-07-18:marriage|2024-03-14:marriage|2025-08-07:shock|2027-04-14:career|2033-08-25:career|2034-02-18:career|2034-02-21:child
485,1960-07-02,12:13,40.71,-74.0,132.5985073288615,1961-01-12:child|1962-03-06:marriage|1969-05-08:career|1970-02-04:career|1972-12-27:child|1984-04-04:child|1986-02-21:marriage|1996-02-07:child|1998-07-25:career|1999-02-27:career|2008-01-29:child|2010-02-20:marriage|2015-08-06:marriage
486,1969-01-28,04:21,40.71,-74.0,202.5666273270013,1972-12-01:shock|1973-02-11:shock|1974-06-24:shock|1975-08-28:career|1976-02-06:career|1976-07-09:marriage|1977-01-08:marriage|1987-02-22:child|1988-07-07:marriage|1991-07-26:shock|1998-07-22:child|1998-09-27:career|2004-09-26:career|2005-01-09:career|2010-09-03:child|2013-12-16:shock|2019-02-12:shock|2022-11-22:child|2023-01-14:child|2024-04-28:marriage
487,1961-12-07,01:25,40.71,-74.0,127.15019239008086,1968-07-07:career|1969-04-04:career|1972-04-10:child|1984-10-04:child|1986-02-13:marriage|1989-07-02:marriage|1989-12-09:career|1996-08-30:child|1998-05-09:career|2003-02-13:marriage|2009-06-09:marriage|2010-01-16:marriage|2017-09-08:child|2021-04-30:marriage
488,1975-12-09,21:40,40.71,-74.0,81.36585899154198,1982-03-17:child|1984-05-25:marriage|1993-03-30:career|1993-06-10:shock|1994-01-16:career|1994-04-11:child|1996-02-14:marriage|2005-11-19:child|2006-01-14:child|2008-02-13:marriage|2017-11-20:child|2020-01-03:marriage|2022-06-12:career|2023-02-05:career|2024-03-28:career|2029-11-02:child|2030-07-01:shock|2031-01-15:shock|2032-03-08:shock
489,1964-02-13,05:11,40.71,-74.0,224.13018779700218,1964-02-17:child|1965-06-29:marriage|1975-05-29:child|1976-03-13:child|1977-09-12:career|1977-12-03:shock|1978-03-08:shock|1978-04-18:career|1987-07-01:child|1988-02-08:child|1989-04-29:marriage|1997-08-13:child|1999-06-04:child|2003-02-24:marriage|2006-10-06:career|2007-01-06:career|2012-08-18:marriage|2022-09-10:child|2023-03-28:child
490,1973-06-08,10:19,40.71,-74.0,89.37194375532424,1984-11-26:marriage|1993-07-14:shock|1994-04-10:career|1994-10-25:child|1995-01-18:career|2006-04-02:child|2006-04-13:shock|2007-08-08:marriage|2008-03-02:marriage|2018-01-16:child|2020-02-12:marriage|2023-04-20:career|2024-02-18:career|2026-05-15:career|2029-12-12:child|2030-01-01:child|2032-01-31:marriage|2032-07-02:shock|2033-02-03:shock
491,1988-10-24,08:54,40.71,-74.0,181.9679082112253,1999-07-01:marriage|2003-06-28:career|2023-05-02:marriage|2032-10-10:child|2033-01-10:career|2033-05-03:child|2034-01-03:child|2045-04-17:child|2047-03-29:marriage
492,1978-10-27,04:32,40.71,-74.0,132.12899152384148,1984-04-03:child|1996-07-13:child|1996-11-13:child|1998-02-08:marriage|1998-05-16:career|1998-09-20:marriage|1999-03-08:career|2008-07-24:child|2009-09-09:shock|2022-01-08:marriage|2032-01-24:child|2033-05-25:marriage|2034-01-14:marriage|2038-11-22:marriage
493,1967-10-24,17:20,40.71,-74.0,286.2109427261457,1977-07-23:child|1978-03-07:child|1979-10-26:marriage|1980-04-21:marriage|1983-11-07:career|1984-06-06:career|1992-02-24:shock|2001-07-03:child|2005-02-08:career|2010-11-22:marriage|2013-02-01:career|2014-09-22:career|2015-08-12:marriage|2025-06-02:child|2027-08-17:marriage
494,1976-07-04,02:27,40.71,-74.0,319.1515497317498,1978-07-03:child|1980-12-04:marriage|1981-03-10:marriage|1986-01-26:career|1990-07-20:child|1992-11-04:marriage|1993-04-04:marriage|2000-02-05:shock|2001-02-04:shock|2002-05-24:child|2004-10-02:marriage|2013-05-21:career|2013-10-07:child|2014-05-25:child|2015-02-21:career|2025-09-17:child|2026-01-24:child|2028-09-16:marriage
495,1989-01-01,01:22,40.71,-74.0,146.1985925491335,1998-09-27:marriage|2008-10-06:marriage|2008-12-22:child|2010-03-30:marriage|2010-07-09:marriage|2018-12-28:child|2020-06-05:child|2022-03-13:marriage|2029-05-20:career|2030-01-23:career|2031-04-05:shock|2032-07-27:child|2044-09-14:child|2044-10-19:shock|2045-01-10:shock|2046-02-21:marriage|2046-04-22:shock
496,1988-09-11,18:29,40.71,-74.0,263.13834526133724,1990-08-19:marriage|2001-01-06:child|2010-12-04:career|2011-04-13:career|2020-06-16:career|2026-06-28:marriage|2032-10-03:career|2036-04-29:child|2037-09-21:marriage|2038-05-12:marriage|2040-06-17:child|2040-09-28:career|2048-05-08:child
497,1980-06-18,03:39,40.71,-74.0,322.5453067716196,1981-01-27:marriage|1986-02-25:career|1990-06-15:child|1992-12-15:marriage|1993-01-10:marriage|2000-04-05:shock|2001-03-18:shock|2002-01-27:shock|2004-11-29:marriage|2005-04-18:marriage|2013-11-08:child|2014-06-29:child|2016-07-19:career|2022-02-19:marriage|2025-09-29:child|2026-01-04:child|2028-10-24:marriage|2037-08-17:child|2038-04-20:child
498,1989-09-01,02:47,40.71,-74.0,58.2741686669869,1991-03-08:career|1992-11-12:child|1993-04-07:child|1995-11-27:marriage|2004-10-17:child|2005-04-02:child|2007-11-28:marriage|2014-07-22:child|2016-03-05:marriage|2017-06-24:child|2019-03-21:marriage|2021-02-15:career|2024-08-12:shock|2025-05-07:shock|2026-02-18:shock|2028-10-28:child|2030-04-21:career|2031-05-31:marriage|2032-10-21:career|2043-07-21:marriage
499,1963-01-01,16:11,40.71,-74.0,358.8530933871514,1970-10-13:marriage|1982-02-17:marriage|1988-02-18:career|1991-06-26:child|1994-02-03:marriage|2000-11-14:career|2002-11-11:child|2003-01-31:child|2005-12-28:marriage|2006-05-29:marriage|2010-04-09:shock|2011-02-03:shock|2014-10-14:child|2015-02-06:child|2017-03-09:career
500,1966-05-24,12:47,40.71,-74.0,108.41957224594522,1966-06-26:career|1971-12-27:child|1973-04-12:marriage|1983-12-11:child|1985-04-11:marriage|1986-03-25:shock|1995-02-23:child|1996-04-26:career|1997-01-06:career|1997-02-08:marriage|2003-03-12:career|2004-12-21:career|2007-05-07:child|2007-05-14:career|2018-12-20:child|2019-01-05:child|2021-01-30:marriage|2025-05-14:career|2026-02-08:career

