date,count,anomaly_ratio,phase_deg,sidereal_deg
1969-01-01,8486,1.0384262576383336,156,53
1969-01-02,9002,0.9834384786132685,167,65
1969-01-03,9542,0.937868032609642,178,77
1969-01-04,8960,1.1268946269332163,189,89
1969-01-05,8390,1.1499487318041868,200,101
1969-01-06,9560,0.9619223561831507,211,113
1969-01-07,9738,0.9047777653075664,222,126
1969-01-08,9734,0.9458350181709969,234,138
1969-01-09,9434,0.930905093914366,245,151
1969-01-10,10042,0.9682912380592376,257,164
1969-01-11,9178,1.1454512998344233,269,177
1969-01-12,8450,1.1483210949725415,282,191
1969-01-13,9834,0.9978703345774829,295,205
1969-01-14,10366,0.9506760549307053,309,219
1969-01-15,9894,0.9549185404881282,322,234
1969-01-16,9662,0.9417274961015738,336,249
1969-01-17,9974,0.9616535247682152,351,264
1969-01-18,9312,1.1640166786544304,5,279
1969-01-19,8622,1.1826676259735334,18,294
1969-01-20,9808,0.9813695090637395,32,309
1969-01-21,10474,0.9701706322518983,45,323
1969-01-22,9884,0.9468472078628842,57,336
1969-01-23,9454,0.9099824925801636,69,349
1969-01-24,9798,0.9380918938848053,81,2
1969-01-25,9022,1.12491454537607,92,14
1969-01-26,8568,1.1685476461206146,103,26
1969-01-27,9910,0.9938200981304617,114,38
1969-01-28,10032,0.9304775681784265,125,50
1969-01-29,9380,0.9070657568612052,136,62
1969-01-30,9674,0.9388231739651017,147,74
1969-01-31,9692,0.9408408465469249,158,86
1969-02-01,9130,1.1438291380038543,169,98
1969-02-02,8814,1.191597649233724,180,110
1969-02-03,9988,0.9992201196552692,191,123
1969-02-04,9996,0.9249080959639979,203,135
1969-02-05,9676,0.9278208176803641,215,148
1969-02-06,9728,0.9389142207743124,227,161
1969-02-07,10102,0.9627990094639054,239,174
1969-02-08,9262,1.1517865122489241,251,187
1969-02-09,8694,1.1828560797236625,264,201
1969-02-10,9954,0.9836019135581067,277,215
1969-02-11,9856,0.9022648715115815,290,229
1969-02-12,10008,0.9406058479665389,304,244
1969-02-13,9606,0.9396788114775195,317,258
1969-02-14,10354,0.9445150056302256,331,273
1969-02-15,9310,1.1464826311733143,345,288
1969-02-16,8534,1.155913976924295,358,302
1969-02-17,9822,0.9791817260098604,11,317
1969-02-18,10176,0.9346176549678223,24,330
1969-02-19,9816,0.9399750490631871,37,344
1969-02-20,9982,0.9521220031343286,49,357
1969-02-21,9916,0.9497408029319295,60,10
1969-02-22,9152,1.1265607650605318,72,22
1969-02-23,8704,1.1772832107692597,83,34
1969-02-24,9966,0.9876427347510287,94,46
1969-02-25,10566,0.9653026681521124,105,58
1969-02-26,10048,0.9556577300673215,116,70
1969-02-27,9618,0.924028184615429,127,82
1969-02-28,9756,0.9301030586499418,138,94
1969-03-01,9186,1.1528695639469,149,106
1969-03-02,8580,1.1539853602041399,160,119
1969-03-03,10068,0.9859283031844657,172,131
1969-03-04,10264,0.9346706824755647,184,144
1969-03-05,10046,0.9494296837087381,196,157
1969-03-06,9704,0.9285749508960337,208,171
1969-03-07,9948,0.9475455220274541,221,184
1969-03-08,9334,1.1604030258438167,234,198
1969-03-09,8394,1.141275379657421,247,212
1969-03-10,9892,0.9821812472707037,260,226
1969-03-11,10188,0.9364187322703402,273,240
1969-03-12,9776,0.9282217423119542,286,254
1969-03-13,9640,0.9357686474435882,299,269
1969-03-14,10034,0.9587453195905682,313,283
1969-03-15,8838,1.1030522038924018,326,297
1969-03-16,8336,1.1326259878561737,339,311
1969-03-17,10128,0.9957571272443154,352,325
1969-03-18,10136,0.926379460056423,4,339
1969-03-19,10064,0.9604299128094699,17,352
1969-03-20,9812,0.9346216021061846,28,5
1969-03-21,9902,0.9386259554938196,40,17
1969-03-22,8962,1.1191409047251968,52,30
1969-03-23,8602,1.1708264103745052,63,42
1969-03-24,9802,0.9801700676111516,74,54
1969-03-25,10272,0.944945837497947,85,66
1969-03-26,9818,0.9378725582509059,96,78
1969-03-27,9698,0.9316737553662934,107,90
1969-03-28,10326,0.9899007245752854,118,102
1969-03-29,8908,1.1171554990814943,129,114
1969-03-30,8186,1.119775396139954,140,127
1969-03-31,9592,0.9641005397304063,152,139
1969-04-01,9960,0.9535685937302258,164,153
1969-04-02,9978,0.9574192213033874,177,166
1969-04-03,9530,0.9146144140122453,190,180
1969-04-04,9572,0.9165698274297315,203,194
1969-04-05,8748,1.0974588262350278,216,208
1969-04-06,8008,1.102631688414819,229,222
1969-04-07,9374,0.9424739729195873,243,237
1969-04-08,10176,0.944791484487985,256,251
1969-04-09,9852,0.948761011518375,269,265
1969-04-10,9708,0.9442335608997527,283,280
1969-04-11,9920,0.9575674540713941,296,293
1969-04-12,8940,1.1289089241112669,308,307
1969-04-13,8134,1.1359304649709574,321,321
1969-04-14,9566,0.9708005640274092,333,334
1969-04-15,10428,0.9685376435005103,345,347
1969-04-16,9840,0.9465433144607032,357,360
1969-04-17,9876,0.9555766852486871,9,13
1969-04-18,9872,0.9538655882124377,21,26
1969-04-19,8994,1.134953896342305,32,38
1969-04-20,7928,1.0937001345527417,43,50
1969-04-21,9610,0.9689843495170661,54,62
1969-04-22,10226,0.9540809910012605,65,74
1969-04-23,9868,0.9529808672251457,76,86
1969-04-24,9472,0.920876589071022,87,98
1969-04-25,9646,0.9340437409592058,98,110
1969-04-26,8922,1.1266822690924194,109,122
1969-04-27,7966,1.1018795814813582,121,134
1969-04-28,9518,0.9649455575139885,133,147
1969-04-29,9700,0.9122483186111477,145,161
1969-04-30,9138,0.8928306558563063,158,174
1969-05-01,9206,0.8871057027142676,171,188
1969-05-02,9736,0.934286747628103,184,203
1969-05-03,8768,1.1060447099958435,198,217
1969-05-04,8094,1.1170773816947943,212,232
1969-05-05,9930,0.9914060231949196,226,247
1969-05-06,9964,0.9231531866917794,239,262
1969-05-07,9626,0.9231689452060089,253,276
1969-05-08,9484,0.9143036742984727,266,290
1969-05-09,9362,0.9026339001069894,279,304
1969-05-10,8516,1.0672231761123778,292,318
1969-05-11,8122,1.1107402427234074,304,331
1969-05-12,9306,0.9276851211872282,316,344
1969-05-13,9862,0.9238795711574612,328,357
1969-05-14,9184,0.8795907163145243,339,9
1969-05-15,9524,0.9048351687408671,351,22
1969-05-16,9824,0.9329444757973425,2,34
1969-05-17,8946,1.1115026820944116,13,46
1969-05-18,8028,1.0879783449216243,24,58
1969-05-19,9494,0.9443887403958683,35,70
1969-05-20,10388,0.9443546894722449,46,82
1969-05-21,9766,0.9157777110762546,57,94
1969-05-22,9406,0.8859238169936346,68,106
1969-05-23,9584,0.8950821312916033,79,118
1969-05-24,8558,1.0451598224617638,90,130
1969-05-25,8226,1.1211243148648182,102,143
1969-05-26,9840,0.9980441856636262,114,155
1969-05-27,10352,0.9750143669081672,126,169
1969-05-28,9938,0.9551240374034773,139,182
1969-05-29,10190,0.9856368667391087,152,197
1969-05-30,9154,0.8970779931316322,166,211
1969-05-31,8640,1.0934427736892331,180,226
1969-06-01,8426,1.1335328091785646,194,241
1969-06-02,9862,0.9571379521360619,208,256
1969-06-03,10158,0.9165949333827881,222,271
1969-06-04,9838,0.9240950319498512,236,286
1969-06-05,9588,0.9041743918986952,249,301
1969-06-06,10006,0.9446664017288332,262,314
1969-06-07,8814,1.0876571068753023,275,328
1969-06-08,8226,1.108081810661878,287,341
1969-06-09,9738,0.9588012545687646,299,354
1969-06-10,10320,0.9331877544122248,311,6
1969-06-11,9950,0.9330141519554653,322,19
1969-06-12,10220,0.9615218868652197,333,31
1969-06-13,9852,0.9408691628565586,344,43
1969-06-14,8920,1.0995034706078484,355,55
1969-06-15,8402,1.1195164125755286,6,67
1969-06-16,9744,0.9457623414982722,17,79
1969-06-17,10294,0.9231640606895924,28,91
1969-06-18,10220,0.9493642962987159,39,103
1969-06-19,9756,0.9145249607975593,50,115
1969-06-20,10424,0.9673461635988548,61,127
1969-06-21,9034,1.0992482655422116,72,139
1969-06-22,8612,1.1407126197925805,84,151
1969-06-23,9880,0.9610058527059575,96,164
1969-06-24,10624,0.9490287714621553,108,177
1969-06-25,10466,0.961779152276161,120,191
1969-06-26,10344,0.9549809915047374,134,205
1969-06-27,10776,0.9897127816479183,147,220
1969-06-28,9566,1.1436096760271783,161,235
1969-06-29,8800,1.1437410661746898,176,250
1969-06-30,10588,1.0011512171761703,190,265
1969-07-01,11146,0.961673786685425,204,280
1969-07-02,10758,0.9583624199136629,218,295
1969-07-03,10562,0.9722568960697917,232,310
1969-07-04,9168,0.9735571570159287,245,324
1969-07-05,9248,1.2215197638425832,258,337
1969-07-06,8860,1.1603851386336705,270,351
1969-07-07,10634,0.971281269708581,282,3
1969-07-08,10842,0.9160159391830034,293,16
1969-07-09,10576,0.9364536075041763,305,28
1969-07-10,10562,0.9415470262272956,316,40
1969-07-11,10686,0.9599623745532467,327,52
1969-07-12,9472,1.1181270217196242,338,64
1969-07-13,8978,1.1655334777250845,349,76
1969-07-14,10242,0.9573498846366764,360,88
1969-07-15,11296,0.9683738003328154,10,100
1969-07-16,10698,0.9482492073792415,21,112
1969-07-17,10668,0.9510090800326226,32,124
1969-07-18,10632,0.9528567794499722,44,136
1969-07-19,9674,1.1399339301107274,55,148
1969-07-20,8940,1.142204700994655,66,161
1969-07-21,10196,0.9504828380999873,78,173
1969-07-22,11040,0.9473717110328503,90,186
1969-07-23,10468,0.9303902304902417,103,200
1969-07-24,10430,0.936678889134885,116,214
1969-07-25,10688,0.9564487514020268,129,228
1969-07-26,9786,1.15134401056342,143,243
1969-07-27,9408,1.2008218861955027,157,258
1969-07-28,10548,0.9804723207641797,172,274
1969-07-29,11102,0.9568562513389913,186,289
1969-07-30,10634,0.9485728235683571,200,304
1969-07-31,10346,0.9311554797822086,214,318
1969-08-01,10730,0.9599696388225745,227,332
1969-08-02,9982,1.1705192879502468,240,346
1969-08-03,9082,1.1614924914919622,252,359
1969-08-04,10450,0.9798190472562956,264,12
1969-08-05,10944,0.9440358140054356,275,25
1969-08-06,10852,0.9694616861605899,287,37
1969-08-07,10382,0.9285679720117188,298,49
1969-08-08,11302,1.002368703949053,309,61
1969-08-09,10092,1.1662051384508267,320,73
1969-08-10,9106,1.1531658694725553,331,85
1969-08-11,10706,0.9983365238834835,342,97
1969-08-12,11138,0.9518929784593838,353,109
1969-08-13,10802,0.967655495869889,4,121
1969-08-14,10726,0.9577388458374385,15,133
1969-08-15,10910,0.9651622391509316,26,145
1969-08-16,9772,1.13249217447308,38,158
1969-08-17,9124,1.151727028236623,49,170
1969-08-18,10650,0.9883335700278735,61,183
1969-08-19,11410,0.9773472963311636,74,197
1969-08-20,10918,0.9638088331822577,86,210
1969-08-21,10184,0.9092476078171909,99,224
1969-08-22,10586,0.9446436325535539,112,238
1969-08-23,9660,1.126884872176868,126,253
1969-08-24,9084,1.160420161588176,140,267
1969-08-25,10586,0.9878014938782409,154,282
1969-08-26,11082,0.9527525264477441,168,297
1969-08-27,10638,0.9421533449038242,181,312
1969-08-28,10616,0.9395370767049275,195,326
1969-08-29,10714,0.9479922093637352,208,341
1969-08-30,9708,1.1262273417773963,221,354
1969-08-31,8986,1.1386309944718476,233,8
1969-09-01,9012,0.8698464271712649,245,21
1969-09-02,10686,0.9663395465514152,257,33
1969-09-03,11044,1.0132451723522953,268,46
1969-09-04,10506,0.9674290302458703,279,58
1969-09-05,10610,0.9787585165114547,290,70
1969-09-06,9710,1.157063370556027,301,81
1969-09-07,9196,1.1939652796965907,312,93
1969-09-08,10508,0.9611007932273916,323,105
1969-09-09,10598,0.874216048473846,334,117
1969-09-10,10450,0.9000197233458993,345,129
1969-09-11,10408,0.9215749272694793,357,142
1969-09-12,10752,0.9391376955256672,8,154
1969-09-13,9534,1.0990221677379917,20,167
1969-09-14,9204,1.1405448884271114,32,180
1969-09-15,10728,0.9653331953414364,44,193
1969-09-16,11142,0.9228624976691782,57,207
1969-09-17,10864,0.9310930103292357,70,221
1969-09-18,10876,0.9383368000527841,83,235
1969-09-19,10832,0.9315872712288037,96,249
1969-09-20,10040,1.1276372298088972,109,263
1969-09-21,9368,1.1479816772221285,122,277
1969-09-22,10970,0.9889010496807555,136,292
1969-09-23,11300,0.9420433487715729,149,306
1969-09-24,10898,0.9421389915069397,163,321
1969-09-25,10840,0.9426636876795056,176,335
1969-09-26,11154,0.969479616447831,189,349
1969-09-27,10170,1.160032211853299,202,2
1969-09-28,9198,1.1499584233944795,214,16
1969-09-29,10708,0.9896574034543724,226,29
1969-09-30,11138,0.9561400614714254,237,41
1969-10-01,10910,0.9628544920357914,249,54
1969-10-02,10656,0.9502292726115267,260,66
1969-10-03,10922,0.9782484424669685,271,78
1969-10-04,9710,1.1466832458358889,282,89
1969-10-05,8972,1.1525090961819073,293,101
1969-10-06,10318,0.9782411846180782,304,113
1969-10-07,10654,0.9377447261262407,315,125
1969-10-08,10510,0.9615176796096087,326,138
1969-10-09,10710,0.9888758448707482,338,150
1969-10-10,10748,0.9814739098457186,350,163
1969-10-11,9566,1.1539655160192928,2,176
1969-10-12,9014,1.1887195612626813,14,190
1969-10-13,9996,0.9842570614428056,27,203
1969-10-14,10618,0.9577846508619376,40,217
1969-10-15,10120,0.9369014487182541,53,231
1969-10-16,9918,0.924955882799785,66,246
1969-10-17,10338,0.9666863317590944,79,260
1969-10-18,9172,1.1247356096242316,92,274
1969-10-19,8586,1.1501198891338504,106,288
1969-10-20,10148,0.997887346287878,119,302
1969-10-21,10674,0.965649628657944,132,316
1969-10-22,10300,0.9670614816288905,145,330
1969-10-23,9814,0.9278083145847676,157,344
1969-10-24,10010,0.9418952908977487,170,357
1969-10-25,9258,1.1364958349953596,182,11
1969-10-26,8864,1.1852234028487676,194,24
1969-10-27,10372,1.0190388957110497,206,37
1969-10-28,10640,0.9671346828963511,218,49
1969-10-29,10104,0.9539514513687222,229,61
1969-10-30,10110,0.966256169898695,240,73
1969-10-31,10144,1.013580849466056,251,85
1969-11-01,9342,1.1621888889411776,262,97
1969-11-02,8904,1.1863993612529784,273,109
1969-11-03,10338,1.0123591112149997,284,121
1969-11-04,10772,0.9734509867491661,295,133
1969-11-05,10020,0.9372734322195968,306,145
1969-11-06,10240,0.9656688601164735,318,158
1969-11-07,10660,1.0019156028635323,330,171
1969-11-08,9678,1.186305764983695,342,185
1969-11-09,9022,1.206917374124185,355,198
1969-11-10,10342,1.0138429355017309,8,213
1969-11-11,10878,0.9848496663220586,21,227
1969-11-12,10324,0.970190499549596,35,242
1969-11-13,10100,0.9677892913820103,49,256
1969-11-14,10396,0.9837984345421424,62,271
1969-11-15,9298,1.1383555144992572,75,285
1969-11-16,8660,1.1549377566105496,88,299
1969-11-17,10286,1.0051320177735694,101,313
1969-11-18,10698,0.9627452674789049,114,327
1969-11-19,10260,0.9564696668908587,127,340
1969-11-20,10258,0.9470674949404798,139,353
1969-11-21,10168,0.9378229154763966,151,7
1969-11-22,9438,1.1826090749458178,163,20
1969-11-23,8866,1.2565564689808868,175,32
1969-11-24,10462,1.112016901331612,186,45
1969-11-25,10864,1.0604038810902972,198,57
1969-11-26,10074,1.0310908508395997,209,70
1969-11-27,8248,0.8471780543408245,220,82
1969-11-28,9948,1.0135185248368397,231,93
1969-11-29,9332,1.1908491958061462,242,105
1969-11-30,8966,1.213162139735212,252,117
1969-12-01,10648,1.035892651608698,263,129
1969-12-02,10736,0.9683186389520676,274,141
1969-12-03,10300,0.9683473246431392,286,153
1969-12-04,10254,0.9753585450045731,297,166
1969-12-05,10428,0.9906179717521243,309,179
1969-12-06,9420,1.1749462430054802,322,192
1969-12-07,8740,1.1901565666288405,335,206
1969-12-08,10646,1.0569636169283425,348,221
1969-12-09,10730,0.9863642957681978,2,236
1969-12-10,10348,0.983312641496808,16,251
1969-12-11,10300,0.9826062864920608,30,266
1969-12-12,10758,1.0112804102464317,44,280
1969-12-13,9602,1.1892954283366348,57,295
1969-12-14,8762,1.176291412967859,71,309
1969-12-15,10898,1.0564959040146622,84,323
1969-12-16,11022,0.9780343978218059,96,337
1969-12-17,10646,0.9683771664843639,108,350
1969-12-18,10426,0.9454091784819336,121,4
1969-12-19,10912,0.976461423082908,132,16
1969-12-20,9822,1.1477315083026793,144,29
1969-12-21,8864,1.1323318940956522,155,41
1969-12-22,10492,1.0192586491423963,167,54
1969-12-23,9856,0.9473272651700405,178,66
1969-12-24,8978,1.0252898606755851,189,78
1969-12-25,8284,1.0952297684351757,200,90
1969-12-26,9910,1.1245374378746156,211,102
1969-12-27,9304,1.1482593066747602,221,114
1969-12-28,9004,1.1324875364323472,232,125
1969-12-29,10980,1.0062129664305524,243,137
1969-12-30,12232,1.0344585797935584,254,149
1969-12-31,11122,1.0495878282764766,265,162
1970-01-01,8372,0.9943241555369297,277,174
1970-01-02,9234,0.9745950032259469,289,187
1970-01-03,9162,1.129128493646289,301,200
1970-01-04,8620,1.1377895698528215,314,214
1970-01-05,9852,0.958720476101642,327,229
1970-01-06,10202,0.9177668075812567,341,244
1970-01-07,10020,0.9167362305235752,355,259
1970-01-08,9756,0.9200723415090964,10,274
1970-01-09,9844,0.9384416229947319,24,289
1970-01-10,9270,1.1207694328582867,38,304
1970-01-11,9158,1.199523053825713,51,319
1970-01-12,10474,1.010579038151945,65,333
1970-01-13,10580,0.959830347152882,77,347
1970-01-14,10244,0.9251144092620723,90,360
1970-01-15,9946,0.9316848018547587,102,13
1970-01-16,10276,0.9676280188749503,114,26
1970-01-17,9598,1.1603279887148479,125,39
1970-01-18,8948,1.173874301716825,136,51
1970-01-19,10124,0.9859568502340316,147,63
1970-01-20,10524,0.9414512667123116,158,75
1970-01-21,10096,0.9208511212992098,169,87
1970-01-22,9686,0.9005706053104896,180,99
1970-01-23,10202,0.9486999553763713,191,111
1970-01-24,9470,1.136864448822579,202,122
1970-01-25,8792,1.1504924497885394,213,134
1970-01-26,10160,0.9838111880286636,223,146
1970-01-27,10602,0.9505759497582827,235,158
1970-01-28,10188,0.9304902896981466,246,170
1970-01-29,9816,0.9212905573653526,257,183
1970-01-30,9912,0.9293196786295634,269,196
1970-01-31,9012,1.0969193566267137,281,209
1970-02-01,9042,1.1888697167219784,294,223
1970-02-02,10542,1.0118838990590513,307,237
1970-02-03,10712,0.9581160203115942,321,252
1970-02-04,10086,0.9189583370689252,335,267
1970-02-05,9766,0.9088895487572565,349,282
1970-02-06,10220,0.9529703155458937,3,297
1970-02-07,9562,1.1426882684073365,17,312
1970-02-08,9016,1.1766857629172844,31,327
1970-02-09,10226,0.9878002711225149,45,342
1970-02-10,10620,0.93823395630366,58,356
1970-02-11,10288,0.927403722165756,70,9
1970-02-12,10058,0.9174832530793808,83,22
1970-02-13,10110,0.9554635626031345,94,35
1970-02-14,9558,1.0932474831931873,106,48
1970-02-15,9136,1.1807372742995252,117,60
1970-02-16,10260,0.9866686274831189,128,72
1970-02-17,10676,0.9515614438603411,139,84
1970-02-18,10472,0.9470895412118351,150,96
1970-02-19,10072,0.9361029842503809,160,107
1970-02-20,10544,0.9716426177857675,171,119
1970-02-21,9314,1.118550434404184,182,131
1970-02-22,8986,1.1608721935882063,193,143
1970-02-23,10168,0.9764470278685015,204,155
1970-02-24,10782,0.9553075706255547,216,168
1970-02-25,10574,0.9512545151414186,227,180
1970-02-26,10408,0.9607627815969993,239,193
1970-02-27,10264,0.9526715828897719,251,206
1970-02-28,9720,1.1619202067509677,263,219
1970-03-01,8882,1.1698869205278457,276,233
1970-03-02,10170,0.9711471643292053,288,247
1970-03-03,11306,0.9898650940501225,302,261
1970-03-04,10600,0.9505005385348505,315,275
1970-03-05,10258,0.9409324866851169,329,290
1970-03-06,10504,0.9710621158768862,343,305
1970-03-07,9460,1.1298120490153594,357,320
1970-03-08,8926,1.1646014392254762,11,335
1970-03-09,10340,0.9981437791815868,25,350
1970-03-10,10744,0.953758521698977,38,4
1970-03-11,10410,0.9421854882845547,50,17
1970-03-12,10180,0.938133098533747,63,31
1970-03-13,10140,0.9509452936018238,75,44
1970-03-14,9450,1.1321702201504944,86,56
1970-03-15,8596,1.1259467721005905,97,68
1970-03-16,10058,0.970267600651433,108,80
1970-03-17,10694,0.9400150614139374,119,92
1970-03-18,10278,0.9249866260185684,130,104
1970-03-19,10100,0.9354973468081819,141,116
1970-03-20,10206,0.9392040599314728,152,128
1970-03-21,9390,1.116056004536276,163,140
1970-03-22,8784,1.151202014759346,174,152
1970-03-23,10334,0.9986484018101307,185,164
1970-03-24,10556,0.9437370836135202,197,177
1970-03-25,10148,0.9192568800189147,209,190
1970-03-26,9886,0.916574021342763,221,203
1970-03-27,9792,0.9088227897760545,233,216
1970-03-28,8764,1.0534468988398298,245,229
1970-03-29,8314,1.0942657932061919,258,243
1970-03-30,9766,0.9484773900773019,271,257
1970-03-31,10172,0.9140804254569443,284,271
1970-04-01,10002,0.9429398185485165,297,285
1970-04-02,10134,0.9437689374887188,311,300
1970-04-03,10116,0.9379508547523391,324,314
1970-04-04,9234,1.1086730624145198,338,329
1970-04-05,8522,1.1220194233011165,352,343
1970-04-06,10052,0.9826751347708523,5,358
1970-04-07,10474,0.9415033887962285,18,12
1970-04-08,9950,0.9096754568693226,31,25
1970-04-09,9898,0.9251369188118969,43,39
1970-04-10,10072,0.9464365504784849,55,52
1970-04-11,9040,1.0941500732891907,66,64
1970-04-12,8214,1.0885677653189227,78,76
1970-04-13,9470,0.9389633482086505,89,89
1970-04-14,10100,0.916401768603907,100,100
1970-04-15,9824,0.8984798897748643,111,112
1970-04-16,9668,0.9026266924371571,121,124
1970-04-17,9706,0.9072999204157957,132,136
1970-04-18,8786,1.06444687745937,143,148
1970-04-19,8174,1.0825285380506053,155,160
1970-04-20,9574,0.9377328480474754,166,173
1970-04-21,10098,0.9103190742852758,178,186
1970-04-22,9714,0.8924462699017709,190,199
1970-04-23,9518,0.892127399344509,203,212
1970-04-24,9860,0.9261104397411987,216,226
1970-04-25,8824,1.0713619425529608,228,240
1970-04-26,8278,1.097094522763898,241,254
1970-04-27,9910,0.9732369070319248,254,268
1970-04-28,10300,0.9335965469178813,268,282
1970-04-29,9728,0.9008851415442595,281,296
1970-04-30,9684,0.9183301801937783,294,310
1970-05-01,9946,0.9259317526830195,307,324
1970-05-02,8740,1.0516272103251652,320,339
1970-05-03,8036,1.0638770829301447,333,353
1970-05-04,9752,0.9555751186510292,346,6
1970-05-05,10136,0.9047608666745018,359,20
1970-05-06,9712,0.8860398459432296,11,34
1970-05-07,9632,0.8965570705485564,24,47
1970-05-08,9836,0.9161014317029917,36,60
1970-05-09,8996,1.0875349153067755,47,72
1970-05-10,8428,1.1084688828796438,58,84
1970-05-11,10080,0.9787260232625692,69,96
1970-05-12,10436,0.9301147141469637,80,108
1970-05-13,10026,0.924874043132683,91,120
1970-05-14,9812,0.9120789612479395,102,132
1970-05-15,10214,0.9375016937915924,113,144
1970-05-16,8946,1.0652390930858533,124,156
1970-05-17,8030,1.0470720101339575,136,168
1970-05-18,10022,0.9643137690364892,148,181
1970-05-19,10436,0.9281123357195704,160,194
1970-05-20,10044,0.899113315020051,172,208
1970-05-21,10244,0.9323287048029225,185,222
1970-05-22,10362,0.9428901805032198,198,236
1970-05-23,9424,1.1035756728958197,211,250
1970-05-24,8718,1.1173948693122848,225,264
1970-05-25,10076,0.9749993077067244,238,279
1970-05-26,10598,0.9610444767538193,252,293
1970-05-27,10034,0.9306049822458934,265,307
1970-05-28,10040,0.9365277104918733,278,321
1970-05-29,9984,0.9329823970973091,291,335
1970-05-30,8868,1.0896718653656399,304,349
1970-05-31,8388,1.1140896048811946,316,3
1970-06-01,10124,0.9669763640694742,329,16
1970-06-02,10882,0.9442416693317359,341,29
1970-06-03,10270,0.9125238250073997,353,42
1970-06-04,9964,0.9083844112788607,5,55
1970-06-05,10060,0.9165333665494865,17,68
1970-06-06,9516,1.1264791632258861,28,80
1970-06-07,8500,1.1008224182638884,40,92
1970-06-08,9946,0.9512236899060136,51,104
1970-06-09,10764,0.9475396975533096,61,116
1970-06-10,10330,0.9198016414754868,72,128
1970-06-11,10518,0.9572479689440633,83,140
1970-06-12,10774,0.9792901175474786,94,152
1970-06-13,9212,1.1030863728216056,105,164
1970-06-14,8614,1.114335590433093,117,176
1970-06-15,10216,0.9664508091499168,129,189
1970-06-16,10878,0.9439710987843527,141,202
1970-06-17,10610,0.9369461557206881,154,216
1970-06-18,10520,0.9484706041758227,167,230
1970-06-19,10390,0.9409476055768273,180,245
1970-06-20,9600,1.117042000098338,194,259
1970-06-21,8568,1.0941441547597124,208,274
1970-06-22,10352,0.9735260352079081,222,289
1970-06-23,10678,0.928589793813572,235,303
1970-06-24,10644,0.93626913721658,249,318
1970-06-25,10326,0.9209856976829434,262,332
1970-06-26,10622,0.9474114616858469,275,346
1970-06-27,9672,1.1138293120633342,287,359
1970-06-28,8728,1.0950692052687867,300,13
1970-06-29,10506,0.9694680951296705,312,26
1970-06-30,11378,0.9618704392589796,324,39
1970-07-01,11108,0.9437329867243508,336,52
1970-07-02,11234,0.9713120838302561,348,64
1970-07-03,10516,0.9352152253324147,359,77
1970-07-04,9380,1.2489367537438185,10,89
1970-07-05,9020,1.2503701536642748,21,101
1970-07-06,10518,0.9780311444376457,32,113
1970-07-07,11292,0.9221129660555164,43,125
1970-07-08,10896,0.9064946538995813,54,136
1970-07-09,10716,0.9209237355562507,65,148
1970-07-10,10862,0.9354741117896235,76,160
1970-07-11,9690,1.0914744583073601,87,172
1970-07-12,9184,1.1377863330756566,98,185
1970-07-13,10568,0.9740674656136573,110,197
1970-07-14,11828,0.9884669092776562,122,211
1970-07-15,11078,0.9351563622671711,135,224
1970-07-16,11048,0.9504509235292649,148,238
1970-07-17,10938,0.9420320909414287,162,253
1970-07-18,9966,1.1199130408781468,176,268
1970-07-19,9520,1.1773075520354548,190,283
1970-07-20,10982,0.9961825865147658,204,298
1970-07-21,11448,0.9541331280570141,218,313
1970-07-22,10682,0.9026272434524802,232,328
1970-07-23,10844,0.935442447667243,245,342
1970-07-24,10956,0.9505710190345907,258,356
1970-07-25,9866,1.1070242366378564,271,10
1970-07-26,9466,1.1688150059395293,283,23
1970-07-27,11052,1.0015514045531895,295,36
1970-07-28,11858,0.9854658163723015,307,49
1970-07-29,11354,0.9636046571245754,319,61
1970-07-30,11056,0.9571900792387724,330,74
1970-07-31,11300,0.98254917392618,341,86
1970-08-01,10416,1.1684483123891454,352,98
1970-08-02,9282,1.1423046822007015,3,110
1970-08-03,11180,1.0151443333339156,14,121
1970-08-04,11180,0.9372086585799887,25,133
1970-08-05,10872,0.9234775767990738,36,145
1970-08-06,10836,0.9395415652811923,47,157
1970-08-07,11022,0.9523995996544319,58,169
1970-08-08,10232,1.1378459965090264,69,181
1970-08-09,9458,1.1470342934541786,80,193
1970-08-10,10846,0.9751800683328988,92,206
1970-08-11,11566,0.9642681237511271,104,219
1970-08-12,11484,0.9664482820772216,117,233
1970-08-13,11060,0.9616075361043142,130,247
1970-08-14,11538,0.9953274160647266,143,261
1970-08-15,10236,1.13542017701192,157,276
1970-08-16,9616,1.1695683036620907,171,291
1970-08-17,11032,0.9887115724401581,186,306
1970-08-18,11648,0.9664295543766193,200,322
1970-08-19,11134,0.9391155101707221,214,337
1970-08-20,10868,0.9311584284197921,228,351
1970-08-21,11050,0.9531300817571764,241,5
1970-08-22,9958,1.114189323168449,254,19
1970-08-23,9274,1.1354000207752064,266,33
1970-08-24,10456,0.9483197532193619,278,46
1970-08-25,11384,0.949724359764219,290,58
1970-08-26,11306,0.9571400064787726,301,71
1970-08-27,10664,0.9166591574120051,312,83
1970-08-28,11004,0.9408702080200216,323,95
1970-08-29,10042,1.1140998146416543,334,107
1970-08-30,9392,1.1434936751967752,345,118
1970-08-31,11078,0.9966186961645488,356,130
1970-09-01,11350,0.9794497594407269,7,142
1970-09-02,10936,0.9738175779955817,18,154
1970-09-03,11088,0.9873417443014272,29,166
1970-09-04,11366,1.011149782266655,40,178
1970-09-05,10216,1.181658036721796,51,190
1970-09-06,9486,1.1863160867189262,63,203
1970-09-07,9564,0.881623960267245,74,215
1970-09-08,11310,0.9248608118899975,87,229
1970-09-09,11860,0.9633499374235344,99,242
1970-09-10,11654,0.9741747904548637,112,256
1970-09-11,11592,0.9916259003298512,125,270
1970-09-12,10218,1.1190685074581879,139,285
1970-09-13,9544,1.1546254327877736,153,300
1970-09-14,11304,0.9945325538621258,167,315
1970-09-15,11904,0.9576709098878009,181,330
1970-09-16,11704,0.9545807711058347,195,345
1970-09-17,11472,0.9542640972625824,209,360
1970-09-18,11546,0.9623814099669998,222,14
1970-09-19,10492,1.1314202180549568,235,28
1970-09-20,9976,1.1759030521001423,248,41
1970-09-21,11614,1.0104643086609053,260,55
1970-09-22,12466,1.004704238296558,272,67
1970-09-23,11798,0.9685127911122992,283,80
1970-09-24,11448,0.9605587484598581,294,92
1970-09-25,11916,1.0011153313800611,305,104
1970-09-26,10404,1.1338592422209437,316,115
1970-09-27,9816,1.1750680815038586,327,127
1970-09-28,11340,1.0065905993264048,337,139
1970-09-29,11564,0.9555413817160143,348,151
1970-09-30,11244,0.9504727351050064,359,163
1970-10-01,10782,0.9235520452648581,10,175
1970-10-02,11210,0.9657526931301332,22,187
1970-10-03,10492,1.1783004227365237,33,200
1970-10-04,9372,1.1615446291806353,45,212
1970-10-05,11048,1.0076039108286188,57,225
1970-10-06,11582,0.9817454145360023,69,239
1970-10-07,11020,0.9551202596837572,82,252
1970-10-08,10772,0.9564825241468903,94,266
1970-10-09,11196,0.9987143948571404,107,280
1970-10-10,9790,1.1209456400445525,121,294
1970-10-11,9214,1.1665142442026393,134,309
1970-10-12,11016,1.0314231266734788,148,323
1970-10-13,11236,0.9891426398856441,162,338
1970-10-14,10882,0.9665813211898855,176,353
1970-10-15,10644,0.9564106434095223,189,8
1970-10-16,10704,0.9644265049173701,203,22
1970-10-17,9490,1.1126690843592784,216,36
1970-10-18,8924,1.14848504605272,228,50
1970-10-19,10500,0.9986024122070234,241,63
1970-10-20,11138,0.9792039846007055,252,75
1970-10-21,10716,0.9546179782260511,264,88
1970-10-22,10478,0.9548197455801368,275,100
1970-10-23,10654,0.9730855444339064,286,112
1970-10-24,9598,1.132400499836687,296,124
1970-10-25,9266,1.1937746485837057,307,135
1970-10-26,10616,1.0078188169473974,318,147
1970-10-27,10956,0.9623768729604145,329,159
1970-10-28,10262,0.9185057199998956,340,171
1970-10-29,10122,0.9275245322386345,352,184
1970-10-30,10614,0.9800457051549576,3,196
1970-10-31,9592,1.2017360366949228,15,209
1970-11-01,9070,1.1841958291135077,27,222
1970-11-02,10568,0.999745917928687,39,236
1970-11-03,11146,0.9758476221186994,52,249
1970-11-04,10622,0.9452105641217788,64,263
1970-11-05,10454,0.9490896069125762,77,276
1970-11-06,10722,0.9768552057651083,90,290
1970-11-07,9460,1.114848439583468,103,304
1970-11-08,9132,1.1747793659519108,116,319
1970-11-09,10562,1.0031640535291646,130,333
1970-11-10,11328,0.9928514803743377,143,347
1970-11-11,10612,0.946068655069755,157,2
1970-11-12,10704,0.9762954352610733,170,16
1970-11-13,10850,1.0044198773484216,183,30
1970-11-14,9828,1.166153614736465,196,44
1970-11-15,9282,1.192639864946145,208,58
1970-11-16,10690,1.0122073220312775,220,71
1970-11-17,11182,0.9769244448045104,232,83
1970-11-18,10914,0.9671576541270893,243,96
1970-11-19,10828,0.979711541979358,255,108
1970-11-20,11126,0.9923923642266359,265,120
1970-11-21,9926,1.1479165898061605,276,132
1970-11-22,8926,1.1738091774649362,287,143
1970-11-23,10940,1.100836161765816,298,155
1970-11-24,11152,1.0597766208966546,309,167
1970-11-25,10542,1.0132324458529758,320,180
1970-11-26,8712,0.865444037376301,332,192
1970-11-27,10038,0.9960917845952246,344,205
1970-11-28,9670,1.235302007456842,356,218
1970-11-29,9190,1.2307700882209807,8,232
1970-11-30,11126,1.0688339781920502,21,245
1970-12-01,11328,0.9852917618758389,34,259
1970-12-02,11180,0.9929379669908364,47,273
1970-12-03,10368,0.9460521074283731,60,287
1970-12-04,10872,0.9990944484591493,73,301
1970-12-05,9610,1.1446674320905144,86,315
1970-12-06,9272,1.2137238918443505,99,329
1970-12-07,10720,1.036426555272442,112,343
1970-12-08,11220,0.9959357790521031,125,357
1970-12-09,10708,0.9692828056625286,138,11
1970-12-10,10756,0.9920010518528938,151,25
1970-12-11,10704,0.9865396305187267,163,39
1970-12-12,10040,1.1833808199794253,176,52
1970-12-13,9204,1.1964210397671524,188,66
1970-12-14,11070,1.055140712907637,200,79
1970-12-15,11884,1.0300268806905462,212,91
1970-12-16,11586,1.0123525279238015,223,104
1970-12-17,11234,0.9917875104696814,234,116
1970-12-18,11708,1.025677738327569,245,128
1970-12-19,10518,1.180143063773889,256,139
1970-12-20,9322,1.1432174821328251,266,151
1970-12-21,11372,1.0314113965880438,277,163
1970-12-22,11008,0.9560914751066536,288,175
1970-12-23,10070,0.9530887374325309,300,187
1970-12-24,9120,1.0108530748104159,311,200
1970-12-25,8490,1.0844236026792573,323,213
1970-12-26,9366,1.3326164688121167,335,226
1970-12-27,9314,1.2063848924206808,348,240
1970-12-28,11640,1.0394461790425191,1,254
1970-12-29,12448,1.0198869868705345,14,268
1970-12-30,11932,0.9936499227759714,28,283
1970-12-31,11210,1.0267569333658944,41,297
1971-01-01,8848,1.1043425987780013,55,312
1971-01-02,9226,1.3281047735635991,68,326
1971-01-03,8798,1.2377993196928974,81,340
1971-01-04,10044,1.0238734631748192,94,354
1971-01-05,10538,0.9972970033263212,107,8
1971-01-06,10146,0.9776428510968941,120,22
1971-01-07,10030,0.9688076560888355,132,35
1971-01-08,10486,1.039249867461429,144,49
1971-01-09,9280,1.2066135841372896,156,62
1971-01-10,9116,1.2582126944968264,168,74
1971-01-11,10824,1.094915601639761,180,87
1971-01-12,11064,1.038170306668785,191,99
1971-01-13,10664,1.0362565509704593,202,112
1971-01-14,10364,0.9881280666868429,213,124
1971-01-15,10874,1.0704584763539653,224,135
1971-01-16,9590,1.2316506040735609,235,147
1971-01-17,8806,1.2153235292829676,246,159
1971-01-18,10974,1.1118481460459,257,171
1971-01-19,11020,1.0437250015680162,268,183
1971-01-20,10598,1.0154984462493242,279,195
1971-01-21,10492,1.0103185256130267,290,208
1971-01-22,10730,1.0484143708492757,302,221
1971-01-23,9802,1.2432052524915758,315,234
1971-01-24,8994,1.2326074617413831,328,248
1971-01-25,10558,1.0669956571033647,341,262
1971-01-26,10996,1.0355033311164907,354,277
1971-01-27,10442,1.002815538098062,8,291
1971-01-28,10392,1.0020329489519033,22,306
1971-01-29,10274,1.0133549008350564,36,321
1971-01-30,9772,1.2496024720993046,50,336
1971-01-31,9064,1.2594664888528493,63,351
1971-02-01,10410,1.0570740027799927,76,5
1971-02-02,10804,1.008534987647385,89,19
1971-02-03,10296,0.9864030698287467,102,32
1971-02-04,10170,0.9782678171826588,114,46
1971-02-05,10868,1.062928275044807,126,58
1971-02-06,9478,1.2053960350751303,138,71
1971-02-07,9038,1.2330042363675875,149,84
1971-02-08,10266,1.0347436175795723,160,96
1971-02-09,10778,1.012512169805028,171,108
1971-02-10,10354,0.979790296494144,182,120
1971-02-11,10372,0.9870981598904541,193,132
1971-02-12,10786,1.0339674593541444,204,144
1971-02-13,9314,1.2005597655899498,215,156
1971-02-14,9068,1.1840667177371573,226,167
1971-02-15,10056,1.003707912724992,237,179
1971-02-16,10514,0.9833104425720974,248,191
1971-02-17,10442,0.996897033742366,259,204
1971-02-18,10228,0.9765895699570488,270,216
1971-02-19,10472,1.0228159379650608,282,229
1971-02-20,9502,1.1942651558962538,294,242
1971-02-21,9194,1.2604831344553802,307,256
1971-02-22,10752,1.0727342593879192,320,270
1971-02-23,10782,1.0069576317414828,334,285
1971-02-24,10532,0.9995236758717821,348,299
1971-02-25,10402,0.987948326060878,2,315
1971-02-26,10738,1.041674966898201,16,330
1971-02-27,9586,1.2135245575867162,30,345
1971-02-28,8810,1.202262082832835,44,360
1971-03-01,10280,1.045709688921609,58,14
1971-03-02,10398,0.9656341727245531,71,28
1971-03-03,10634,0.9972453686917988,83,42
1971-03-04,10326,0.9775490947762887,96,55
1971-03-05,10452,1.007523327228616,107,68
1971-03-06,9460,1.1928010474312236,119,81
1971-03-07,8744,1.1921706260342277,130,93
1971-03-08,10156,1.0233590457549762,141,105
1971-03-09,10766,1.010707901953129,152,117
1971-03-10,10470,0.995537117227764,163,129
1971-03-11,10300,0.9841988681324118,174,141
1971-03-12,10474,1.0143531701481783,185,153
1971-03-13,9408,1.20337078685803,196,164
1971-03-14,8838,1.2087795902011993,206,176
1971-03-15,10348,1.0467977344074832,217,188
1971-03-16,10438,0.9792552550358989,229,200
1971-03-17,10234,0.9635591689813303,240,213
1971-03-18,9798,0.9309454431402177,251,225
1971-03-19,10476,1.0197098552368875,263,238
1971-03-20,9164,1.1502018319503373,275,251
1971-03-21,8688,1.1788360561722246,288,265
1971-03-22,10142,1.0265207219085575,301,279
1971-03-23,10340,0.9717698327263111,314,293
1971-03-24,9808,0.9392267209680608,328,308
1971-03-25,9954,0.9519497452742716,342,323
1971-03-26,9870,0.961665488934995,356,338
1971-03-27,8796,1.1134676453764916,10,353
1971-03-28,8672,1.1899884653427348,24,8
1971-03-29,10220,1.0388398469736781,38,23
1971-03-30,10416,0.9838071030985478,52,37
1971-03-31,10224,0.9840954901299481,64,51
1971-04-01,9756,0.9710215584832554,77,64
1971-04-02,10266,1.004722156860822,89,77
1971-04-03,8876,1.1224658415632693,100,90
1971-04-04,8334,1.1423003869633588,111,102
1971-04-05,9982,1.0149889433003172,122,114
1971-04-06,10442,0.9927500004083247,133,126
1971-04-07,9746,0.9383698997388971,144,138
1971-04-08,9762,0.9422413415431549,155,150
1971-04-09,9756,0.9582753021925294,166,161
1971-04-10,8662,1.1101420251877123,177,173
1971-04-11,8090,1.117815654410828,188,185
1971-04-12,9706,0.9934041247010678,199,197
1971-04-13,10296,0.9928094791985865,210,210
1971-04-14,9944,0.9664157605323794,222,222
1971-04-15,9610,0.9279046476572224,233,235
1971-04-16,9934,0.9746655742659441,245,248
1971-04-17,8914,1.136495689197357,258,261
1971-04-18,8180,1.1313560393354833,270,274
1971-04-19,9918,1.014410475519529,283,288
1971-04-20,10272,0.9784518007030554,296,302
1971-04-21,9948,0.960577470418948,309,317
1971-04-22,9712,0.9420036996680964,323,331
1971-04-23,9784,0.9637348454815062,337,346
1971-04-24,8838,1.1322033599648287,351,1
1971-04-25,7984,1.106635113891969,5,16
1971-04-26,9956,1.0190333872599873,19,31
1971-04-27,10472,1.0001687221222388,32,45
1971-04-28,9664,0.9382471992270224,45,59
1971-04-29,9712,0.9495426819765538,58,73
1971-04-30,9752,0.9718465778137233,70,86
1971-05-01,8826,1.1206732945453675,81,98
1971-05-02,7910,1.0865258619988656,93,111
1971-05-03,9372,0.9582276672784035,104,123
1971-05-04,9840,0.9377022516081767,114,134
1971-05-05,9310,0.8901336731459778,125,146
1971-05-06,9156,0.8818816751072035,136,158
1971-05-07,9754,0.9541225447366951,147,170
1971-05-08,8610,1.0937366634302714,158,182
1971-05-09,8258,1.1396771556622625,169,194
1971-05-10,9636,0.9787700486127915,181,207
1971-05-11,10000,0.9442768090506475,192,219
1971-05-12,9718,0.927721630315096,204,232
1971-05-13,9402,0.9156617921947142,216,245
1971-05-14,9654,0.9430660996638889,228,258
1971-05-15,8424,1.0545790582738888,241,271
1971-05-16,7932,1.0782367012331702,253,285
1971-05-17,9796,0.9864945315055188,266,299
1971-05-18,10342,0.9677590090399159,279,313
1971-05-19,9818,0.9352502774647982,292,327
1971-05-20,9568,0.9042506861658,306,341
1971-05-21,9480,0.906708660038864,319,356
1971-05-22,8380,1.0400306081409758,333,10
1971-05-23,7822,1.0456777207228518,347,25
1971-05-24,9798,0.969866913666047,360,39
1971-05-25,10234,0.963075380894537,13,54
1971-05-26,9622,0.9345946010563735,26,67
1971-05-27,9552,0.9352883948027306,39,81
1971-05-28,9776,0.9583144852535349,51,94
1971-05-29,8592,1.095084729778812,62,106
1971-05-30,7884,1.1059356847142487,74,119
1971-05-31,8424,0.8641018978701388,85,131
1971-06-01,9912,0.9207118559380755,96,143
1971-06-02,9826,0.9132497111356792,107,154
1971-06-03,9932,0.931687855879329,117,166
1971-06-04,10328,0.9894916272099156,128,178
1971-06-05,8944,1.1113904667147196,140,190
1971-06-06,8362,1.1300355212312239,151,203
1971-06-07,9780,0.9781874690833336,163,215
1971-06-08,10032,0.9330833636716647,174,228
1971-06-09,9832,0.9270516647490332,187,241
1971-06-10,9424,0.885908954411853,199,254
1971-06-11,9814,0.9386361607406887,211,268
1971-06-12,8824,1.093917266398663,224,282
1971-06-13,8096,1.1067239086693503,237,295
1971-06-14,9810,0.9800879329162256,250,309
1971-06-15,9938,0.9143165524625373,263,323
1971-06-16,9750,0.9062595632369757,276,338
1971-06-17,9388,0.87525033535623,290,352
1971-06-18,9944,0.9421698269018405,303,6
1971-06-19,8702,1.0748640806257717,316,20
1971-06-20,8194,1.0884473633639689,329,34
1971-06-21,9720,0.9586194850039009,342,48
1971-06-22,10122,0.9257385732179938,355,62
1971-06-23,9600,0.8942183257805034,8,76
1971-06-24,9684,0.8993123920186724,20,89
1971-06-25,10286,0.9641114169577817,32,102
1971-06-26,8936,1.0870764180660168,43,114
1971-06-27,8050,1.0583064372846862,55,126
1971-06-28,9986,0.967616556859221,66,139
1971-06-29,10132,0.9092640610577029,77,150
1971-06-30,10126,0.9169104342836844,88,162
1971-07-01,10130,0.9086207800691356,99,174
1971-07-02,10014,0.909896301651357,110,186
1971-07-03,8696,1.054787803445323,121,198
1971-07-04,8126,1.2351725408891903,132,211
1971-07-05,8646,0.9256188551983692,144,223
1971-07-06,10180,0.9205894980079784,156,236
1971-07-07,10542,0.9220927652723818,169,250
1971-07-08,10176,0.8937894129439727,181,263
1971-07-09,10496,0.9479266302363971,194,277
1971-07-10,9160,1.075974616155919,207,291
1971-07-11,8474,1.089661137786782,221,306
1971-07-12,9928,0.9498947925262126,234,320
1971-07-13,10506,0.9417428894047253,247,334
1971-07-14,10494,0.9393560189774915,261,349
1971-07-15,10064,0.896919477728198,274,3
1971-07-16,10550,0.9538024455985724,287,17
1971-07-17,9424,1.1070000313520874,300,31
1971-07-18,8608,1.1042791690773373,313,45
1971-07-19,9974,0.9525926932231288,325,58
1971-07-20,10460,0.9227581954270863,338,71
1971-07-21,10414,0.929683816505324,350,85
1971-07-22,10264,0.9156562462539153,2,97
1971-07-23,10540,0.9554943329424976,13,110
1971-07-24,9454,1.1187491568036476,25,122
1971-07-25,8650,1.1080142045685628,36,135
1971-07-26,10256,0.9780075136748598,47,147
1971-07-27,10786,0.9505861974475206,58,158
1971-07-28,10330,0.9195360983193938,69,170
1971-07-29,10274,0.9205545246569561,80,182
1971-07-30,10572,0.9618719359758828,91,194
1971-07-31,9308,1.1038671343160869,102,206
1971-08-01,8574,1.0980072711280726,114,219
1971-08-02,10324,0.981235584061623,125,231
1971-08-03,10940,0.9660554014834954,137,245
1971-08-04,10532,0.9456788637569874,150,258
1971-08-05,9980,0.8949677944133376,163,272
1971-08-06,10258,0.9346943919327855,176,286
1971-08-07,9448,1.113482149877925,190,301
1971-08-08,9104,1.1557619854416086,203,315
1971-08-09,10336,0.9680872357432562,217,330
1971-08-10,11164,0.9761886724901644,231,345
1971-08-11,10846,0.9685511605275199,245,359
1971-08-12,10282,0.9135303687459797,258,14
1971-08-13,10368,0.9473220810698055,271,28
1971-08-14,9620,1.131866174623193,284,42
1971-08-15,8836,1.1189102184180415,296,55
1971-08-16,10178,0.9560453256963701,309,68
1971-08-17,10626,0.9261554694365101,321,81
1971-08-18,10442,0.9279848218020585,332,94
1971-08-19,10386,0.9248601555693449,344,106
1971-08-20,10870,0.9787312013302436,355,119
1971-08-21,9654,1.1357474494820254,7,131
1971-08-22,8866,1.1324728525192265,18,143
1971-08-23,10398,0.9831426119650247,29,155
1971-08-24,10704,0.9441348805827477,40,167
1971-08-25,10334,0.9234417188070093,50,179
1971-08-26,10544,0.9423925420722159,61,190
1971-08-27,10394,0.938923908704162,72,202
1971-08-28,9524,1.1106650333303825,83,215
1971-08-29,8720,1.1044182443885848,95,227
1971-08-30,10068,0.9466812823187782,107,240
1971-08-31,10766,0.941934631809959,119,253
1971-09-01,10416,0.9627768009511521,131,266
1971-09-02,10218,0.960605262524043,144,280
1971-09-03,10788,1.009520541364103,157,294
1971-09-04,9566,1.1607075107706466,171,309
1971-09-05,8852,1.1688681813020396,185,324
1971-09-06,9252,0.8935890204413952,199,339
1971-09-07,10854,0.9730437208768453,213,354
1971-09-08,10988,0.9624335793584368,227,9
1971-09-09,10982,0.9417611679683123,241,24
1971-09-10,10910,0.9583994684720496,254,38
1971-09-11,9542,1.1133032543244652,267,52
1971-09-12,8916,1.1147411625545898,280,65
1971-09-13,10582,0.9886972963239329,292,78
1971-09-14,11034,0.9441012097934844,303,91
1971-09-15,10716,0.9234096858433486,315,103
1971-09-16,10780,0.9282331721450233,326,116
1971-09-17,11004,0.9619222456110933,337,128
1971-09-18,9882,1.1234276248200705,348,140
1971-09-19,9110,1.1214947184768764,359,152
1971-09-20,10702,0.9742376841513476,10,164
1971-09-21,11064,0.9361599196366445,21,175
1971-09-22,10586,0.9138635273072534,32,187
1971-09-23,10708,0.9280369896785229,43,199
1971-09-24,10862,0.9577762200562653,54,211
1971-09-25,9584,1.0982090039066648,65,223
1971-09-26,9380,1.1670107100199414,76,236
1971-09-27,10786,0.9971805441755464,88,248
1971-09-28,11472,0.9903248433052307,100,261
1971-09-29,10990,0.9726967227387652,112,274
1971-09-30,10908,0.9734730007770218,125,288
1971-10-01,10922,0.9831599067242561,138,302
1971-10-02,9606,1.1287232600528276,152,317
1971-10-03,8800,1.1282195635082841,166,332
1971-10-04,10606,1.0151732008818106,180,347
1971-10-05,10874,0.9644822235707208,195,3
1971-10-06,10344,0.9391655986678645,209,18
1971-10-07,10292,0.9417512286367637,223,33
1971-10-08,10396,0.9700785597920459,236,47
1971-10-09,9070,1.1034947823882664,249,61
1971-10-10,9060,1.1842496374738964,262,75
1971-10-11,10266,1.0037556407948816,274,88
1971-10-12,10530,0.9588265007990053,285,100
1971-10-13,10210,0.9627450153725726,297,113
1971-10-14,10186,0.9551977785225167,308,125
1971-10-15,10180,0.9612741268154196,319,137
1971-10-16,9150,1.124420379209419,330,149
1971-10-17,8504,1.1382463408568917,341,161
1971-10-18,10198,1.0135978750692678,351,172
1971-10-19,10490,0.9702363018026237,2,184
1971-10-20,9870,0.9294402041828158,13,196
1971-10-21,9990,0.9395553018752052,24,208
1971-10-22,10042,0.9616635496317971,35,220
1971-10-23,8732,1.087768887172173,47,233
1971-10-24,8416,1.1335436178001888,58,245
1971-10-25,9566,0.951799194854116,70,258
1971-10-26,10054,0.9282375945828508,81,270
1971-10-27,9896,0.9310889751300264,94,284
1971-10-28,9802,0.9262420816364296,106,297
1971-10-29,9922,0.9554725958577576,119,311
1971-10-30,8614,1.084817521574178,133,326
1971-10-31,8616,1.2323066931301203,147,341
1971-11-01,9636,0.971623324868683,161,356
1971-11-02,9966,0.9168883144111496,175,11
1971-11-03,9794,0.9184624648709563,189,26
1971-11-04,9516,0.8939982287211077,203,41
1971-11-05,9862,0.940913415339764,217,56
1971-11-06,8700,1.0810809688585044,230,70
1971-11-07,8232,1.1074987842191013,242,83
1971-11-08,9740,0.9676855690708154,255,97
1971-11-09,10166,0.9390195276444907,266,109
1971-11-10,9690,0.9096894703286958,278,122
1971-11-11,9560,0.89979434608288,289,134
1971-11-12,10108,0.9688584517427216,300,146
1971-11-13,8848,1.1171596768617904,311,157
1971-11-14,8358,1.1321557700034257,321,169
1971-11-15,9860,0.9784295788174331,332,181
1971-11-16,10138,0.9335611626853856,343,193
1971-11-17,9726,0.9101523555825369,354,205
1971-11-18,9838,0.9204073903402048,5,217
1971-11-19,10136,0.9637769155841379,17,230
1971-11-20,8932,1.0866198892850865,28,242
1971-11-21,8286,1.0939417388686368,40,255
1971-11-22,9894,1.0048411800250414,51,267
1971-11-23,10132,0.9915149492601318,63,280
1971-11-24,9586,0.9757472632329682,76,294
1971-11-25,7566,0.7677368184630332,88,307
1971-11-26,9142,0.9543820903727283,101,321
1971-11-27,8562,1.158809288253051,114,335
1971-11-28,8240,1.2016751692969274,128,350
1971-11-29,9748,1.0082351697349963,141,4
1971-11-30,9766,0.9124028556925917,155,19
1971-12-01,9634,0.8975457537557655,169,34
1971-12-02,9166,0.85944902191499,183,49
1971-12-03,9292,0.8910236073460234,196,64
1971-12-04,8792,1.101968952638856,209,78
1971-12-05,8254,1.1223636838605935,222,91
1971-12-06,9732,0.9838603958272896,234,105
1971-12-07,10026,0.942692749537079,246,117
1971-12-08,9564,0.9093192574241873,257,130
1971-12-09,9526,0.9103589758899211,269,142
1971-12-10,9878,0.9573931183767695,280,154
1971-12-11,8588,1.0795556846548213,290,166
1971-12-12,8102,1.0901750904059118,301,178
1971-12-13,9502,0.9539099051891555,312,190
1971-12-14,10186,0.9442025123755301,323,202
1971-12-15,9886,0.9177932621097568,334,214
1971-12-16,9770,0.9012655406629203,346,226
1971-12-17,9936,0.9218404031538839,357,239
1971-12-18,8522,1.0182497751169608,9,251
1971-12-19,7952,1.018570433510016,21,264
1971-12-20,10102,0.9567798562902449,33,277
1971-12-21,10306,0.909041966011064,45,291
1971-12-22,9018,0.8389568016161555,58,304
1971-12-23,8266,0.8259603946812849,70,318
1971-12-24,7826,0.9115762093456495,83,332
1971-12-25,7240,1.2612884380430196,96,346
1971-12-26,7620,1.2377108453928767,109,360
1971-12-27,9692,0.9695003324606413,123,14
1971-12-28,10494,0.911357572869684,136,29
1971-12-29,10180,0.8933848680599702,150,43
1971-12-30,10156,0.8928999647380756,163,58
1971-12-31,9174,0.8830406735127567,176,72
1972-01-01,7693,1.3668919084958266,189,86
1972-01-02,7795,1.337036802146829,201,99
1972-01-03,8936,1.0134200557094517,213,112
1972-01-04,9241,0.956208115528704,225,125
1972-01-05,8952,0.9471524539336957,237,138
1972-01-06,8738,0.9277960485054366,248,150
1972-01-07,9330,0.9884924704693469,259,162
1972-01-08,8242,1.1628466976452296,270,174
1972-01-09,7911,1.2256316662060243,281,186
1972-01-10,9347,1.0399250540651872,292,197
1972-01-11,9788,1.005033859363877,303,209
1972-01-12,9312,0.9768612869653256,314,222
1972-01-13,9285,0.9942238292914103,325,234
1972-01-14,9622,1.006250886561334,337,247
1972-01-15,8035,1.1260200071588558,349,260
1972-01-16,7664,1.1728237922547007,1,273
1972-01-17,9422,1.048181227930174,14,287
1972-01-18,9872,1.015265290902088,26,300
1972-01-19,9426,0.9980801609248816,39,314
1972-01-20,9341,0.9862881776502409,52,328
1972-01-21,9368,0.989468582852313,66,343
1972-01-22,8810,1.2254310519628617,79,357
1972-01-23,8148,1.2313670070055902,92,11
1972-01-24,9646,1.0656122869811389,105,25
1972-01-25,9778,1.0030553509427518,118,39
1972-01-26,9156,0.96395342017842,131,53
1972-01-27,9056,0.9583604586754129,144,67
1972-01-28,9177,0.9705964277099498,156,81
1972-01-29,8232,1.1558649693362113,169,94
1972-01-30,7926,1.2076771240481026,181,107
1972-01-31,9271,1.0384207396595928,193,120
1972-02-01,9663,0.9960026964615499,205,133
1972-02-02,9370,0.9778663013110618,216,145
1972-02-03,9227,0.9740954373683051,227,157
1972-02-04,9359,0.9874641862916138,238,170
1972-02-05,8323,1.158814588744529,249,181
1972-02-06,7965,1.2069997743432654,260,193
1972-02-07,9295,1.022166582432955,271,205
1972-02-08,9598,0.9819878492438369,282,217
1972-02-09,9000,0.9452312635491199,293,229
1972-02-10,8945,0.9327396218106994,304,242
1972-02-11,9357,0.9767638012395092,316,255
1972-02-12,8571,1.169654724643436,328,268
1972-02-13,8009,1.2300823848808378,341,281
1972-02-14,9864,1.0382400523972255,354,295
1972-02-15,9667,0.9794170811218172,7,309
1972-02-16,9574,1.0010357718794451,20,324
1972-02-17,9425,0.9915236579150348,34,338
1972-02-18,9652,1.0108664159325267,47,353
1972-02-19,8350,1.16100491417359,61,8
1972-02-20,7936,1.1884905941451334,74,22
1972-02-21,8807,0.9732862515813923,88,36
1972-02-22,9715,0.9838741993031145,101,50
1972-02-23,9357,0.9769717259363252,113,64
1972-02-24,9239,0.9661894914996674,126,77
1972-02-25,9495,0.9891620409675083,138,90
1972-02-26,8601,1.187784092905957,150,103
1972-02-27,7591,1.1450342850686122,162,116
1972-02-28,9297,1.0226949834960761,173,129
1972-02-29,9582,0.9893912286731907,185,141
1972-03-01,9621,0.9988873737585913,196,153
1972-03-02,9275,0.9584608931726152,207,166
1972-03-03,9605,0.9973760126128132,218,178
1972-03-04,8424,1.1559892529912565,229,190
1972-03-05,7720,1.1598518786566687,240,201
1972-03-06,9126,1.002971945001411,251,213
1972-03-07,9482,0.9698379263995346,262,225
1972-03-08,9231,0.9688432816903466,273,237
1972-03-09,8905,0.933039019201928,284,250
1972-03-10,9110,0.954814720908652,296,262
1972-03-11,8243,1.1364272798391883,308,276
1972-03-12,7865,1.198696499454685,321,289
1972-03-13,9267,1.02167398947809,334,303
1972-03-14,9593,0.9850418236544685,347,317
1972-03-15,9246,0.969763876772903,1,332
1972-03-16,9046,0.9385224516252919,15,347
1972-03-17,9489,0.9889226742433788,29,2
1972-03-18,8076,1.1190697761022765,43,17
1972-03-19,7658,1.1452826747710536,57,32
1972-03-20,8805,0.9630370852324539,70,46
1972-03-21,9060,0.930821024621439,83,60
1972-03-22,8921,0.9373243705893016,96,74
1972-03-23,8878,0.9368287938307245,108,87
1972-03-24,8893,0.9328670865104958,120,100
1972-03-25,7926,1.0993618840865682,132,113
1972-03-26,7549,1.138649766010801,143,126
1972-03-27,9083,1.0046917808348175,154,138
1972-03-28,9267,0.9561603685484619,166,150
1972-03-29,8881,0.9377873024106925,177,162
1972-03-30,8644,0.9168246179929112,188,174
1972-03-31,8740,0.954165271890802,199,186
1972-04-01,7558,1.05300719017905,210,198
1972-04-02,7359,1.1088760346817803,221,210
1972-04-03,8704,0.9616693239131137,231,222
1972-04-04,9321,0.9620554978928547,242,234
1972-04-05,8887,0.944593347508849,254,246
1972-04-06,8971,0.9517954519865559,265,258
1972-04-07,8970,0.9496659956906879,276,271
1972-04-08,7891,1.1033931313659955,289,284
1972-04-09,7535,1.1506731392707548,301,297
1972-04-10,8698,0.9687709820575904,314,311
1972-04-11,9180,0.953722931806346,327,326
1972-04-12,8967,0.9666695673966048,341,340
1972-04-13,8987,0.9624379451686317,355,356
1972-04-14,9192,0.9735204316420869,10,11
1972-04-15,8107,1.132325723400115,24,26
1972-04-16,7565,1.1492445420485617,38,41
1972-04-17,8859,0.987667470417282,52,56
1972-04-18,9301,0.9656353095709773,65,70
1972-04-19,8827,0.9400069143742332,78,84
1972-04-20,8828,0.9393210426894185,90,97
1972-04-21,8719,0.9276106048346748,102,110
1972-04-22,7833,1.0983707872689348,114,123
1972-04-23,7335,1.1196413129594167,125,135
1972-04-24,8906,0.995054026833693,136,147
1972-04-25,9313,0.967580261824537,147,159
1972-04-26,8644,0.9229791468956144,158,171
1972-04-27,8719,0.9327862600343299,169,183
1972-04-28,8852,0.949297452073386,180,195
1972-04-29,7807,1.1075616910766886,191,207
1972-04-30,7212,1.091136722599864,202,219
1972-05-01,9045,1.001502893576191,213,231
1972-05-02,9333,0.9686158340205272,224,243
1972-05-03,9100,0.9694931572874697,235,255
1972-05-04,8754,0.922289361100592,247,267
1972-05-05,8919,0.9422709256787482,258,280
1972-05-06,7789,1.0846330647628328,270,293
1972-05-07,7607,1.1514136926211584,283,306
1972-05-08,8976,0.9985501037711104,295,320
1972-05-09,9274,0.9561914219553346,309,334
1972-05-10,8908,0.9404008815464964,323,349
1972-05-11,8746,0.9200371585716801,337,4
1972-05-12,9080,0.9699643824703588,351,19
1972-05-13,8026,1.116127281579987,5,35
1972-05-14,7529,1.1230689916855026,19,50
1972-05-15,9059,0.9926398750288079,33,64
1972-05-16,9373,0.9581166663965014,47,79
1972-05-17,9107,0.9527336872762538,60,93
1972-05-18,8809,0.9246695051257754,72,106
1972-05-19,9016,0.9346234556022175,84,119
1972-05-20,8032,1.0936109636216087,96,132
1972-05-21,7368,1.0895823859452618,107,144
1972-05-22,9248,0.9965702472930996,118,156
1972-05-23,9655,0.9701097266070812,129,168
1972-05-24,9146,0.9622314799114102,140,180
1972-05-25,9293,0.9946469601952228,151,192
1972-05-26,8986,0.9651009401652211,162,204
1972-05-27,7975,1.1129029171779659,173,216
1972-05-28,7607,1.1552480004160077,184,228
1972-05-29,7852,0.8878581782764235,195,240
1972-05-30,9202,0.9581261683826461,206,252
1972-05-31,9451,0.9814624778390121,218,264
1972-06-01,9177,0.939871807515117,229,277
1972-06-02,8857,0.9113295679656553,241,290
1972-06-03,8075,1.1013317376423695,253,303
1972-06-04,7587,1.1233454102765668,266,316
1972-06-05,8727,0.9506638081473471,278,330
1972-06-06,9273,0.9414502435009929,291,344
1972-06-07,9083,0.9444864514964659,305,358
1972-06-08,8764,0.9105830132597313,319,13
1972-06-09,9117,0.9400714457289192,333,28
1972-06-10,8135,1.1076141981308874,347,43
1972-06-11,7338,1.083939492617211,1,58
1972-06-12,8697,0.9583371311507383,15,73
1972-06-13,9204,0.9333972494199086,28,87
1972-06-14,8860,0.9113072116071811,41,101
1972-06-15,8931,0.9147516117555708,53,114
1972-06-16,9198,0.9406059091658472,66,128
1972-06-17,7780,1.0493669995729287,77,140
1972-06-18,7438,1.0947097840536364,89,153
1972-06-19,8850,0.9476212595541134,100,165
1972-06-20,9169,0.9179009769969957,111,177
1972-06-21,8832,0.9030557930060501,122,189
1972-06-22,8539,0.8764647489740682,133,201
1972-06-23,8787,0.8950586954205508,144,212
1972-06-24,7905,1.0547810271501519,155,224
1972-06-25,7587,1.0997535009518014,166,237
1972-06-26,9199,0.9748464823863274,177,249
1972-06-27,9415,0.9260318532895695,189,261
1972-06-28,9275,0.9305554530028668,200,274
1972-06-29,9215,0.9194739693208264,212,287
1972-06-30,9179,0.9030747134807526,224,300
1972-07-01,8493,1.0985635017479491,237,313
1972-07-02,7725,1.1164837614880625,249,326
1972-07-03,8752,1.0723539897774892,262,340
1972-07-04,8093,0.8794686723442862,275,354
1972-07-05,8920,0.9018132003060585,289,9
1972-07-06,9253,0.8918447746098033,302,23
1972-07-07,9510,0.9162072358564779,316,38
1972-07-08,8622,1.1085075358604837,329,52
1972-07-09,7656,1.0715608336150286,343,67
1972-07-10,9262,0.9600366922313518,356,81
1972-07-11,9635,0.9357489088255597,9,95
1972-07-12,9738,0.9758840478844343,22,109
1972-07-13,9390,0.9262108456045239,35,122
1972-07-14,9657,0.9440177305642742,47,136
1972-07-15,8746,1.1256287429605527,59,148
1972-07-16,7968,1.1152443601703212,70,161
1972-07-17,9534,0.9858976279480124,81,173
1972-07-18,9719,0.9422222079989188,92,185
1972-07-19,9235,0.9108075494819605,103,197
1972-07-20,9548,0.9392586757869454,114,209
1972-07-21,9664,0.9456443517239205,125,221
1972-07-22,8595,1.1092083110694773,136,233
1972-07-23,7954,1.1215304367238708,148,245
1972-07-24,9485,0.9793695756413884,159,257
1972-07-25,9662,0.9352443309021456,171,270
1972-07-26,9146,0.9011472890895805,183,283
1972-07-27,9493,0.9311658704904757,195,296
1972-07-28,9506,0.9342494657480453,208,310
1972-07-29,8441,1.0932858539952617,220,323
1972-07-30,7710,1.0894897811660083,233,337
1972-07-31,9140,0.9435132105198435,246,351
1972-08-01,9836,0.9489376664557354,259,5
1972-08-02,9380,0.926021446381193,273,19
1972-08-03,9300,0.9201759704449761,286,34
1972-08-04,9492,0.9336620105752892,299,48
1972-08-05,8509,1.1037359675201102,312,62
1972-08-06,7962,1.1180826349657373,326,76
1972-08-07,9290,0.9506746717785232,339,90
1972-08-08,10055,0.9559560813072357,351,104
1972-08-09,9481,0.9268331911598761,4,117
1972-08-10,9386,0.923609992429133,16,131
1972-08-11,9330,0.9092475220416637,28,144
1972-08-12,8708,1.1326632805122345,40,156
1972-08-13,8065,1.1306618418009178,51,169
1972-08-14,9539,0.9736938664652786,63,181
1972-08-15,10129,0.9657761564437018,74,193
1972-08-16,9698,0.944995541374478,85,205
1972-08-17,9602,0.940316361542106,95,217
1972-08-18,9798,0.9570183812425401,106,229
1972-08-19,8620,1.1048946853279809,117,241
1972-08-20,8287,1.1616630325764619,129,253
1972-08-21,9669,0.9955468117859272,140,265
1972-08-22,10160,0.9751115191575392,152,278
1972-08-23,9494,0.9362043724216103,165,291
1972-08-24,9410,0.9265860648576809,177,305
1972-08-25,9716,0.9525088994338173,190,319
1972-08-26,8718,1.1210998113942048,203,333
1972-08-27,8022,1.1146915906648973,217,347
1972-08-28,9744,0.9947968818965492,230,2
1972-08-29,10034,0.9576979377576401,243,16
1972-08-30,9583,0.9373491132275181,257,31
1972-08-31,9529,0.9705704841803815,270,45
1972-09-01,9543,0.984054336771132,283,59
1972-09-02,8408,1.120073841544655,296,73
1972-09-03,8067,1.1663068588364696,309,86
1972-09-04,8194,0.8721679904431611,321,100
1972-09-05,9660,0.947050632175093,334,113
1972-09-06,9819,0.984109201877309,346,126
1972-09-07,9824,0.9481904512415498,358,139
1972-09-08,10143,0.954071357136755,10,152
1972-09-09,8826,1.1037366557561923,21,164
1972-09-10,8233,1.1445651974713458,32,177
1972-09-11,9771,0.9847433215989151,44,189
1972-09-12,10019,0.9501974005755838,55,201
1972-09-13,9794,0.9368696488927677,65,213
1972-09-14,10035,0.9528712086314951,76,225
1972-09-15,10279,0.9708324463471306,87,236
1972-09-16,9201,1.1449964671611181,98,248
1972-09-17,8539,1.1566863683106783,110,261
1972-09-18,9905,0.9829091731965331,121,273
1972-09-19,10073,0.930792089526934,133,286
1972-09-20,9922,0.9385784846669628,145,300
1972-09-21,9724,0.9250165702851356,158,313
1972-09-22,9782,0.9299073390262115,171,328
1972-09-23,8777,1.101742440224976,185,342
1972-09-24,8455,1.1544102161362373,199,357
1972-09-25,9835,0.9863394876357017,213,12
1972-09-26,10153,0.9527997592649516,226,26
1972-09-27,9912,0.9566064931110284,240,41
1972-09-28,9594,0.9356955877439873,254,55
1972-09-29,9676,0.9471739254518333,267,70
1972-09-30,8851,1.1342115291006551,279,83
1972-10-01,7982,1.117544873056209,292,97
1972-10-02,9631,0.995319217722731,304,110
1972-10-03,9520,0.9249523116778489,316,123
1972-10-04,9523,0.9443047595367253,328,136
1972-10-05,9443,0.9447540474763866,340,148
1972-10-06,9729,0.9764718187819967,351,161
1972-10-07,8409,1.1170296912179698,2,173
1972-10-08,7904,1.1458249722653109,13,185
1972-10-09,9155,0.9646137851435481,24,197
1972-10-10,9766,0.9692533951796154,35,209
1972-10-11,9160,0.9324823641124649,46,221
1972-10-12,9496,0.9866914157261458,57,233
1972-10-13,9283,0.9548454325352402,68,245
1972-10-14,8226,1.1057779095109606,79,257
1972-10-15,7884,1.1544166563962686,90,269
1972-10-16,9104,0.982257408386173,102,281
1972-10-17,9403,0.9486608800421243,113,294
1972-10-18,9057,0.9365261208738445,126,307
1972-10-19,9007,0.9346296876067615,139,321
1972-10-20,9124,0.9412331805496963,152,336
1972-10-21,7980,1.0878914377958953,166,350
1972-10-22,7705,1.1436783589453938,180,5
1972-10-23,8991,0.9761589928701181,194,21
1972-10-24,9348,0.9441207273940618,208,36
1972-10-25,9052,0.934325740278601,222,51
1972-10-26,8839,0.9164098294122774,236,65
1972-10-27,9030,0.9359500094875421,249,80
1972-10-28,7995,1.0960167973293706,262,93
1972-10-29,7907,1.1865114048271348,274,107
1972-10-30,8934,1.0300044898017153,286,120
1972-10-31,9292,0.9510518918546451,298,133
1972-11-01,9021,0.9278627356831574,310,145
1972-11-02,8837,0.9131902692266419,321,158
1972-11-03,9318,0.9601962902185022,332,170
1972-11-04,8099,1.1000078658444996,343,182
1972-11-05,7465,1.1052922786692394,354,194
1972-11-06,9256,1.0037863716141697,5,206
1972-11-07,9429,0.950899930036642,16,218
1972-11-08,9240,0.9541792877344002,27,230
1972-11-09,9064,0.9376578520761751,38,241
1972-11-10,9241,0.9540242862533314,49,253
1972-11-11,8524,1.163103249844247,60,265
1972-11-12,7808,1.1746765443754288,71,278
1972-11-13,9000,0.9827122721083232,82,290
1972-11-14,9446,0.9514686246478546,94,303
1972-11-15,9051,0.9317953732412216,106,316
1972-11-16,9052,0.9334251209381047,119,330
1972-11-17,9291,0.9534344315578189,132,344
1972-11-18,8082,1.0939777606086547,146,358
1972-11-19,7806,1.1315293858730306,160,13
1972-11-20,9506,1.0116426408341077,174,29
1972-11-21,9546,0.9841036008517092,188,44
1972-11-22,9157,1.0018225316564358,202,59
1972-11-23,7403,0.8303530281779238,216,74
1972-11-24,8603,0.9575270403810193,230,89
1972-11-25,8307,1.2345395387170701,243,103
1972-11-26,7790,1.256268748672376,255,116
1972-11-27,9374,1.101957581989866,268,130
1972-11-28,9663,1.0145002857727494,279,142
1972-11-29,9178,0.9586309905765761,291,155
1972-11-30,9056,0.929697098863784,302,167
1972-12-01,9060,0.9318018300870233,313,179
1972-12-02,8109,1.1069475393719168,324,191
1972-12-03,7883,1.1772848637186017,335,203
1972-12-04,9296,1.0189322518540092,346,215
1972-12-05,9677,0.9930382836001362,357,227
1972-12-06,9279,0.9753873901609403,8,239
1972-12-07,9126,0.9561199780511771,18,250
1972-12-08,9010,0.9444565546923542,29,262
1972-12-09,8241,1.1370535621322142,40,275
1972-12-10,7882,1.1805864596628621,52,287
1972-12-11,9439,1.0237880462717697,63,299
1972-12-12,9902,1.0090417278312842,75,312
1972-12-13,9356,0.9695834379156709,87,325
1972-12-14,9277,0.949045256307029,100,339
1972-12-15,9706,0.9820951861293334,113,353
1972-12-16,8676,1.1458913170314322,126,7
1972-12-17,7770,1.1062216817326347,140,22
1972-12-18,10101,1.0429395043676775,154,37
1972-12-19,10264,0.9867682663541351,168,52
1972-12-20,9800,0.9663920886210301,182,67
1972-12-21,9431,0.9668124190615014,196,82
1972-12-22,8767,0.9608816978992926,209,97
1972-12-23,7566,1.254582441075798,223,111
1972-12-24,7177,1.4897971846434312,235,125
1972-12-25,7241,0.948075284925552,248,138
1972-12-26,8785,0.8920109687043417,260,151
1972-12-27,9832,0.9546036973292676,271,164
1972-12-28,10023,0.9692675020866767,282,176
1972-12-29,10026,0.9668584708452889,294,188
1972-12-30,8557,1.172528029554651,304,200
1972-12-31,7812,1.192056531344279,315,212
1973-01-01,7391,1.0911800812538948,326,223
1973-01-02,8242,1.000691375414596,337,235
1973-01-03,8966,0.9982488456383434,348,247
1973-01-04,8879,0.9791573622410298,359,259
1973-01-05,8859,0.9800790294846548,10,271
1973-01-06,7766,1.1138816929634006,21,284
1973-01-07,7309,1.1363291494037726,33,296
1973-01-08,8586,1.006550398138617,45,309
1973-01-09,8706,0.9547453593628419,57,322
1973-01-10,8679,0.9479670334702978,69,335
1973-01-11,8950,0.9794104884984232,81,349
1973-01-12,9185,1.0075014318313231,94,3
1973-01-13,8184,1.1837747780001218,107,17
1973-01-14,7560,1.1601581164722528,120,31
1973-01-15,8903,1.036695913374725,134,46
1973-01-16,9349,1.0127044911349823,148,60
1973-01-17,9196,1.0043520901710852,161,75
1973-01-18,9064,0.9934574523043433,175,90
1973-01-19,9387,1.0393010962598423,189,104
1973-01-20,8022,1.144179901714759,202,119
1973-01-21,7619,1.18088488695306,215,133
1973-01-22,9039,1.0446917044220796,227,146
1973-01-23,9272,0.9918596438078383,239,159
1973-01-24,8886,0.9637225436479289,251,172
1973-01-25,8959,0.9794660459034887,262,184
1973-01-26,9037,0.994835161746794,273,196
1973-01-27,8022,1.1467700245141887,284,208
1973-01-28,7827,1.214752368256165,295,220
1973-01-29,8989,1.0487401808408403,306,232
1973-01-30,8759,0.9446949699130843,317,244
1973-01-31,8837,0.9717294718670461,328,256
1973-02-01,8495,0.933183176054988,339,268
1973-02-02,8877,0.9686852543282158,350,280
1973-02-03,8127,1.1589706825331165,2,293
1973-02-04,7487,1.1591888712139535,14,306
1973-02-05,9013,1.0426972247878865,26,319
1973-02-06,9232,0.9902788627477118,38,332
1973-02-07,8828,0.9530778058922873,51,346
1973-02-08,8799,0.9594308276809679,63,360
1973-02-09,9005,0.9889079426736008,76,13
1973-02-10,8121,1.1439071985225362,89,27
1973-02-11,7411,1.1352309003773402,102,42
1973-02-12,8905,1.0097524027564462,116,56
1973-02-13,8896,0.967143649697429,129,70
1973-02-14,9123,0.9427057096380947,142,84
1973-02-15,8905,0.9615344785812597,155,99
1973-02-16,8941,0.9775046877453709,169,113
1973-02-17,8154,1.1587603628978553,182,127
1973-02-18,7409,1.1386506895831985,194,140
1973-02-19,8613,0.9950772948579197,207,154
1973-02-20,9140,0.9689036462382313,219,167
1973-02-21,9342,1.0135523915552234,230,179
1973-02-22,8816,0.9515318531974695,242,192
1973-02-23,8933,0.9752574566725367,253,204
1973-02-24,8350,1.179573534462853,264,216
1973-02-25,7893,1.206615887785896,274,228
1973-02-26,8867,1.0174663447236987,285,240
1973-02-27,9027,0.963836228351464,296,251
1973-02-28,8934,0.9648126528125082,307,264
1973-03-01,9049,0.9957893110713372,319,276
1973-03-02,9250,1.0041870617193436,330,288
1973-03-03,8431,1.1769032726439546,342,301
1973-03-04,7834,1.1937120579131741,354,314
1973-03-05,8982,1.0241493088329219,7,328
1973-03-06,9410,1.0007259415436014,20,342
1973-03-07,9087,0.9804435555001428,33,356
1973-03-08,9036,0.9849868159422642,46,10
1973-03-09,9100,0.9986717231758848,59,24
1973-03-10,8215,1.1627186856811147,72,38
1973-03-11,7675,1.180411894579016,85,53
1973-03-12,9191,1.0528679454098964,98,67
1973-03-13,9411,1.0152817698899763,111,81
1973-03-14,8913,0.9646967777026392,124,95
1973-03-15,9092,0.994980652020123,137,108
1973-03-16,8899,0.9759552403442739,150,122
1973-03-17,8060,1.1295990713417778,162,136
1973-03-18,7573,1.1581486587432317,175,149
1973-03-19,8728,1.004917434396575,187,162
1973-03-20,9052,0.9582573938538288,199,175
1973-03-21,8797,0.9445870574173612,210,187
1973-03-22,8804,0.9639910528075306,221,200
1973-03-23,8970,0.9854745031736525,233,212
1973-03-24,7848,1.1186784861728938,244,224
1973-03-25,7603,1.1703369920975593,254,236
1973-03-26,8968,1.0335630961077797,265,247
1973-03-27,9110,0.9726563299950706,276,259
1973-03-28,8752,0.95039598219119,287,271
1973-03-29,8836,0.9716330204954949,298,284
1973-03-30,8919,0.9847709342847591,310,296
1973-03-31,7887,1.1300158905012594,322,309
1973-04-01,7495,1.2007104049315052,335,323
1973-04-02,8906,1.0310077432730742,347,337
1973-04-03,9035,0.9636795790637814,1,351
1973-04-04,8766,0.950828288682911,14,5
1973-04-05,8507,0.9357698175465166,28,20
1973-04-06,8615,0.9574620386010224,41,34
1973-04-07,8060,1.1551516751709099,55,49
1973-04-08,7355,1.142656213186223,68,63
1973-04-09,8449,0.9816537501152584,82,78
1973-04-10,8843,0.9558916067743589,95,92
1973-04-11,8781,0.9601507887692396,107,105
1973-04-12,8613,0.953649913711616,120,119
1973-04-13,8616,0.9712100029536886,132,132
1973-04-14,7445,1.0770203257397697,144,145
1973-04-15,7167,1.1138505488826145,156,158
1973-04-16,8659,1.0049251774548542,168,171
1973-04-17,8917,0.9588763094684248,180,183
1973-04-18,8891,0.9731289801300337,191,196
1973-04-19,8672,0.9595282052742172,202,208
1973-04-20,8540,0.9509383715516904,213,220
1973-04-21,7579,1.089343473914827,224,232
1973-04-22,6954,1.0856458522619112,235,244
1973-04-23,8372,0.9754496426706729,246,255
1973-04-24,8757,0.9461814971651638,257,267
1973-04-25,8352,0.9161112236293295,268,279
1973-04-26,8508,0.9420628141068441,279,292
1973-04-27,8537,0.953145039646794,291,304
1973-04-28,7390,1.0679750402917172,303,317
1973-04-29,6757,1.0633330011083633,315,331
1973-04-30,8514,1.003626637123978,328,345
1973-05-01,8846,0.9473505116427455,342,359
1973-05-02,8501,0.924075382734961,355,14
1973-05-03,8321,0.9203665009131187,9,29
1973-05-04,8296,0.9241632171447348,23,44
1973-05-05,7546,1.0739366393455172,37,59
1973-05-06,6892,1.0684626851474914,51,73
1973-05-07,8274,0.9573515384378486,65,88
1973-05-08,8980,0.9621319015668893,78,102
1973-05-09,8626,0.9420852809855497,90,116
1973-05-10,8438,0.9271975073757693,103,129
1973-05-11,8619,0.9514068627075196,115,142
1973-05-12,7439,1.057089248251937,127,155
1973-05-13,6989,1.095568262710433,139,168
1973-05-14,8236,0.9516684976812676,150,180
1973-05-15,8776,0.9266293640463141,162,193
1973-05-16,8545,0.9192153583283958,173,205
1973-05-17,8549,0.9313439065132023,184,217
1973-05-18,8584,0.9389932573555229,195,229
1973-05-19,7699,1.0916802331327207,206,240
1973-05-20,7165,1.0899170123326198,216,252
1973-05-21,8661,0.9798553797501836,227,264
1973-05-22,8767,0.9177021895801842,238,276
1973-05-23,8506,0.8998688570520553,249,288
1973-05-24,8429,0.9026089121637099,261,300
1973-05-25,9097,1.00074433072027,272,313
1973-05-26,7708,1.1144380466830819,284,326
1973-05-27,7179,1.131422318813055,297,339
1973-05-28,7303,0.8468035633394438,309,353
1973-05-29,8909,0.9577034961292464,323,7
1973-05-30,8785,0.9752115175460948,337,22
1973-05-31,8588,0.9529881299604499,351,37
1973-06-01,8855,0.9615261124508296,5,52
1973-06-02,7846,1.0854689292584137,19,67
1973-06-03,7209,1.0884746167247212,33,82
1973-06-04,8505,0.9638395182558145,47,97
1973-06-05,8898,0.9325581828973077,60,111
1973-06-06,8706,0.9310529809043189,73,125
1973-06-07,8786,0.9506557818162265,86,139
1973-06-08,8801,0.9569186503418101,98,152
1973-06-09,7930,1.1129907748899666,110,165
1973-06-10,7330,1.109091418448699,121,177
1973-06-11,8896,1.0064229190140173,133,190
1973-06-12,9026,0.9437630419547794,144,202
1973-06-13,8730,0.9444018659061755,155,214
1973-06-14,8625,0.9321890413570509,166,226
1973-06-15,8822,0.9488000927202161,177,237
1973-06-16,8025,1.1103230019404216,187,249
1973-06-17,7405,1.1112040718926601,198,261
1973-06-18,8959,1.0040656949320512,209,273
1973-06-19,9046,0.9424096265205013,220,285
1973-06-20,8702,0.9147540713756864,231,297
1973-06-21,8782,0.9369626408833781,243,309
1973-06-22,8928,0.9545227504101814,255,322
1973-06-23,7782,1.078996083808834,267,335
1973-06-24,7281,1.0883194341758,279,348
1973-06-25,8790,0.9745499359519659,292,2
1973-06-26,9081,0.9317496739677825,305,16
1973-06-27,9012,0.93758476235985,318,31
1973-06-28,9068,0.9505437166281239,332,46
1973-06-29,9008,0.9450032398944468,347,61
1973-06-30,7931,1.068989035896398,1,76
1973-07-01,7561,1.0915961969752717,15,91
1973-07-02,9003,0.9676227693586494,29,106
1973-07-03,9829,1.00554975045848,42,120
1973-07-04,7910,0.9514831329650144,55,134
1973-07-05,9168,1.0617943764892452,68,148
1973-07-06,9450,0.9989876562013897,80,161
1973-07-07,8352,1.0874227069356905,92,174
1973-07-08,7787,1.100874567828932,104,186
1973-07-09,9326,0.9962786638350888,115,199
1973-07-10,9627,0.9537755456462789,126,211
1973-07-11,9197,0.9358860830206481,137,223
1973-07-12,8939,0.9252338863901173,148,234
1973-07-13,9028,0.94601185534043,159,246
1973-07-14,8445,1.1252399056207902,170,258
1973-07-15,7551,1.083170575746952,181,270
1973-07-16,9090,0.9720852908772052,192,282
1973-07-17,9639,0.9549771829236551,203,294
1973-07-18,9272,0.9412908661698524,214,306
1973-07-19,9290,0.9598479700927831,226,319
1973-07-20,9470,0.9765990124764222,238,332
1973-07-21,8295,1.1022761157091834,250,345
1973-07-22,7644,1.0976049418903313,262,358
1973-07-23,9236,0.9903893130134684,275,12
1973-07-24,9450,0.9431865320028427,288,26
1973-07-25,9493,0.9622911717864321,301,40
1973-07-26,9332,0.9626928891803564,315,55
1973-07-27,9416,0.9700801391548806,329,69
1973-07-28,8424,1.1162028544819074,343,84
1973-07-29,7745,1.1169685217480958,356,99
1973-07-30,9225,0.992798221552023,10,114
1973-07-31,9702,0.9704437291909163,24,128
1973-08-01,9437,0.9563778122927581,37,143
1973-08-02,9399,0.9663974998630096,50,156
1973-08-03,9421,0.9725048820257048,62,170
1973-08-04,8095,1.0819470180077446,74,182
1973-08-05,7616,1.0992927352293418,86,195
1973-08-06,9444,1.0178820060803042,97,207
1973-08-07,9770,0.9711506330465649,108,219
1973-08-08,9598,0.9642523422677847,119,231
1973-08-09,9418,0.9542661839194181,130,243
1973-08-10,9829,1.004692930589447,140,255
1973-08-11,8192,1.0889281337673136,151,267
1973-08-12,7908,1.1308932367539142,162,279
1973-08-13,9208,0.9951819692836165,174,291
1973-08-14,9842,0.9766794034070301,185,303
1973-08-15,9540,0.9560083987218252,197,316
1973-08-16,9283,0.9433073993550837,209,329
1973-08-17,9309,0.9484778426624434,221,342
1973-08-18,8280,1.0953270925512575,233,355
1973-08-19,7781,1.115251261618687,246,9
1973-08-20,9467,1.008279141676121,258,22
1973-08-21,9641,0.956632690653283,271,36
1973-08-22,9417,0.951889296694394,285,50
1973-08-23,9049,0.9255846631155428,298,65
1973-08-24,9348,0.9638661338700184,311,79
1973-08-25,8320,1.1066764522969137,325,93
1973-08-26,7978,1.1477043604250123,338,108
1973-08-27,9497,1.0147723843402796,352,122
1973-08-28,9701,0.9541768517180188,5,137
1973-08-29,9408,0.9429489825394163,18,151
1973-08-30,9556,0.9720432286334003,31,164
1973-08-31,9391,0.9604799537535151,43,178
1973-09-01,8400,1.155740256830643,55,191
1973-09-02,7707,1.1662025281027533,67,203
1973-09-03,7781,0.8612795869205376,78,215
1973-09-04,9514,0.9736530406176274,89,227
1973-09-05,9897,1.0341927802764874,100,239
1973-09-06,9211,0.9624049251134514,111,251
1973-09-07,9417,0.9868818979208938,122,263
1973-09-08,8257,1.0765413360019027,133,275
1973-09-09,7961,1.0988452114885756,144,287
1973-09-10,9165,0.9523329246742858,155,299
1973-09-11,9701,0.9546391262504148,167,312
1973-09-12,9303,0.9204512657707916,179,325
1973-09-13,9106,0.9203904208382923,191,338
1973-09-14,9669,0.967112975257718,204,352
1973-09-15,8507,1.091175139063536,216,5
1973-09-16,7994,1.107929239769179,229,19
1973-09-17,9538,0.9862368400859068,242,33
1973-09-18,9625,0.9228893762724107,255,47
1973-09-19,9364,0.9122503965609026,268,61
1973-09-20,9768,0.9619543953308654,281,75
1973-09-21,9617,0.9512344442153973,295,89
1973-09-22,8731,1.1219403111947088,308,104
1973-09-23,8256,1.1516915086492743,321,118
1973-09-24,9611,1.0024375935278238,334,132
1973-09-25,10089,0.9750681623882708,347,146
1973-09-26,9795,0.9643845492458494,360,159
1973-09-27,9597,0.9598375366386985,12,173
1973-09-28,9547,0.963419724184689,24,186
1973-09-29,8433,1.1110105159136034,36,199
1973-09-30,8014,1.1511652630981453,47,211
1973-10-01,9297,0.9899182589995923,59,223
1973-10-02,9676,0.9589355326654938,69,235
1973-10-03,9069,0.920119333220122,80,247
1973-10-04,8949,0.9266417947083386,91,259
1973-10-05,9247,0.9587730803925211,102,271
1973-10-06,8174,1.1047006428481396,113,283
1973-10-07,7616,1.1216901590823893,124,295
1973-10-08,9056,0.9995662077494933,136,307
1973-10-09,9309,0.9552448093506466,148,320
1973-10-10,9127,0.9440976430361645,160,333
1973-10-11,8822,0.9331310634322493,172,347
1973-10-12,8928,0.9503332282836309,185,1
1973-10-13,7928,1.1127702012764458,198,15
1973-10-14,7443,1.1234330788971687,212,29
1973-10-15,8823,0.9854855730638439,225,43
1973-10-16,9105,0.9437049292392649,238,58
1973-10-17,8714,0.9230056660451832,252,72
1973-10-18,8702,0.9356611933167893,265,86
1973-10-19,8853,0.9571997383078389,278,100
1973-10-20,7637,1.0704919396122312,291,114
1973-10-21,7046,1.0666183589344638,304,128
1973-10-22,8430,0.95491568977617,316,142
1973-10-23,9255,0.9724068018788722,329,155
1973-10-24,8805,0.9385030096093542,341,168
1973-10-25,8507,0.9156726531524034,353,181
1973-10-26,8753,0.9446855592859554,5,194
1973-10-27,7746,1.084839024218044,16,207
1973-10-28,7374,1.1215599684557773,28,219
1973-10-29,8564,0.9755065455041935,39,231
1973-10-30,8728,0.9270757485688719,50,243
1973-10-31,8695,0.9841391378888934,60,255
1973-11-01,8763,0.9558787500970339,71,267
1973-11-02,8759,0.9420200719108491,82,279
1973-11-03,7741,1.0805744373358555,93,290
1973-11-04,7245,1.0955448740175497,104,303
1973-11-05,8712,0.9831890783952759,116,315
1973-11-06,8608,0.9021731279008252,128,328
1973-11-07,8716,0.9279592774397556,140,341
1973-11-08,8646,0.92926460079695,153,355
1973-11-09,8997,0.971476533004648,166,9
1973-11-10,7859,1.098229204900865,179,24
1973-11-11,7420,1.1240841633773915,193,38
1973-11-12,8684,0.9845764191067813,207,53
1973-11-13,9149,0.9742993763674095,220,68
1973-11-14,8839,0.9475033441676075,234,82
1973-11-15,8721,0.9361981952438445,247,97
1973-11-16,9139,0.9837828377073109,260,111
1973-11-17,7877,1.0972282652770566,273,125
1973-11-18,7420,1.1173435867146726,286,139
1973-11-19,8875,0.9981890378363126,298,152
1973-11-20,9399,0.9644045360612861,311,165
1973-11-21,8596,0.8980891940538247,322,178
1973-11-22,7049,0.7744651576205092,334,191
1973-11-23,8242,0.9428590432511222,346,203
1973-11-24,7760,1.1757580138978558,357,215
1973-11-25,7379,1.2051832814098173,8,228
1973-11-26,9052,1.117789757140629,19,239
1973-11-27,9345,1.0667550536676582,30,251
1973-11-28,8592,0.9915804234937894,41,263
1973-11-29,8552,0.9568918794461587,51,275
1973-11-30,8590,0.9381518839785364,62,287
1973-12-01,7667,1.0632410288356988,73,299
1973-12-02,7312,1.1035347356687393,84,311
1973-12-03,8739,0.9912341713373993,96,323
1973-12-04,9104,0.9624154527409298,107,336
1973-12-05,8799,0.9468392638742046,119,349
1973-12-06,8649,0.9459019710291915,132,3
1973-12-07,8481,0.9321796226013728,145,17
1973-12-08,7682,1.0871949666587248,159,31
1973-12-09,7456,1.1468788851709912,173,46
1973-12-10,8892,1.019424930166379,187,61
1973-12-11,9058,0.9603598351713146,201,77
1973-12-12,8794,0.9364061925644771,215,92
1973-12-13,8751,0.9503834630990414,229,106
1973-12-14,9177,0.9944255789048889,242,121
1973-12-15,7821,1.0807938229557812,255,135
1973-12-16,7664,1.137950196468934,268,149
1973-12-17,9410,1.0326860152828754,280,162
1973-12-18,9536,0.9610095302812375,292,175
1973-12-19,9317,0.9444187261190077,304,188
1973-12-20,8981,0.9201914849084853,315,200
1973-12-21,8931,0.920881947676688,326,212
1973-12-22,7585,1.0503674686394289,337,224
1973-12-23,7012,1.1277563626118101,348,236
1973-12-24,7300,1.0057974153082923,359,248
1973-12-25,6964,1.0232535737418316,10,260
1973-12-26,8136,1.0458007889458643,21,272
1973-12-27,9509,1.0290068337330225,31,284
1973-12-28,9950,1.0101384508951545,42,295
1973-12-29,8320,1.0868521019156279,53,307
1973-12-30,7365,1.0422272432055382,64,320
1973-12-31,8966,1.0208342276097808,76,332
1974-01-01,7002,0.9517131787408761,87,345
1974-01-02,7809,0.9613761463507786,100,358
1974-01-03,8377,0.9321387923555949,112,11
1974-01-04,8851,0.971030225391901,125,25
1974-01-05,7827,1.118016815415482,138,39
1974-01-06,7093,1.0994535141827535,152,54
1974-01-07,8623,0.9801250785819631,166,69
1974-01-08,8786,0.9482581612119559,180,84
1974-01-09,8346,0.9280634015312277,194,100
1974-01-10,8682,0.9477533153185622,208,115
1974-01-11,9044,0.9845873211432865,222,130
1974-01-12,7769,1.100292719893988,236,144
1974-01-13,7352,1.14924915218408,249,158
1974-01-14,8796,0.9868645257137193,261,171
1974-01-15,8939,0.9582850213343244,273,184
1974-01-16,8732,0.9590951085057368,285,197
1974-01-17,8604,0.9391596200263709,296,209
1974-01-18,8971,0.978187709372001,307,221
1974-01-19,7751,1.1080233459431252,318,233
1974-01-20,7479,1.1528171330408823,329,245
1974-01-21,9058,1.026405185087281,339,257
1974-01-22,8767,0.9328450593076966,350,269
1974-01-23,8457,0.917325572788833,1,281
1974-01-24,8692,0.9421442709365069,12,292
1974-01-25,8690,0.9451518641177784,23,304
1974-01-26,7799,1.1085170347908468,34,317
1974-01-27,7541,1.165005155918703,45,329
1974-01-28,8462,0.9601572634029593,57,341
1974-01-29,8911,0.957136152015784,68,354
1974-01-30,8439,0.9229080546115764,80,7
1974-01-31,8620,0.9473266832540991,93,20
1974-02-01,8768,0.9581996953087069,105,34
1974-02-02,7853,1.1064420508974313,118,48
1974-02-03,7432,1.145389304097966,132,63
1974-02-04,8651,0.9792410523495281,146,77
1974-02-05,8892,0.94706339284535,160,92
1974-02-06,8792,0.9562683140034484,174,108
1974-02-07,8705,0.9392620856432975,188,123
1974-02-08,8822,0.956972316303201,202,138
1974-02-09,7692,1.0906565957168033,215,152
1974-02-10,7150,1.0884100824150802,228,166
1974-02-11,8766,0.9817158140947314,241,180
1974-02-12,8924,0.9316038668065314,253,193
1974-02-13,8808,0.9709657014534022,265,206
1974-02-14,8895,0.91862106408099,276,218
1974-02-15,9034,0.9704272744806465,287,230
1974-02-16,7939,1.1206633329925868,298,242
1974-02-17,7456,1.1450753223079104,309,254
1974-02-18,8637,0.9704446459548737,320,266
1974-02-19,9016,0.9589744183972723,330,277
1974-02-20,8909,0.957621143277191,341,289
1974-02-21,8748,0.948565005820607,352,301
1974-02-22,9060,0.9728187159395432,4,314
1974-02-23,8151,1.1489720002417085,15,326
1974-02-24,7558,1.1538534791865087,26,338
1974-02-25,8512,0.951339395793747,38,351
1974-02-26,8856,0.9355601213877687,50,4
1974-02-27,8710,0.9429927021550041,62,17
1974-02-28,8534,0.9210891473030747,75,31
1974-03-01,8917,0.9761973145750673,87,44
1974-03-02,8083,1.1329795581866124,100,58
1974-03-03,7650,1.154059892937574,113,72
1974-03-04,8890,0.9903636791745307,127,87
1974-03-05,9270,0.9731072519123399,140,101
1974-03-06,8686,0.9366465384094739,154,116
1974-03-07,8640,0.9316821935265167,168,131
1974-03-08,8964,0.9720934416410991,182,146
1974-03-09,7950,1.1264841779390375,195,160
1974-03-10,7417,1.1344897986601632,208,174
1974-03-11,8837,0.9936581018477102,221,188
1974-03-12,8884,0.9369371018742747,233,201
1974-03-13,8507,0.9305883694090025,245,214
1974-03-14,8402,0.9088696122337481,256,226
1974-03-15,8890,0.9678519728073274,267,238
1974-03-16,7834,1.1092996281288745,278,250
1974-03-17,7226,1.0944413017593226,289,262
1974-03-18,8694,0.9720596535109969,300,274
1974-03-19,8978,0.9516691558377272,311,286
1974-03-20,8455,0.9075731067713676,322,298
1974-03-21,8400,0.9014438275616561,333,310
1974-03-22,8668,0.9441996645970753,344,322
1974-03-23,7773,1.102600598046763,356,335
1974-03-24,7034,1.083562302919854,8,348
1974-03-25,8570,0.9644588307323085,20,1
1974-03-26,8756,0.9290474527943514,32,14
1974-03-27,8515,0.9218410968625708,45,28
1974-03-28,8461,0.9182711972277233,57,41
1974-03-29,8639,0.9450657026482172,70,55
1974-03-30,7526,1.0729015643245146,83,69
1974-03-31,7305,1.1310926023488035,96,83
1974-04-01,8550,1.0014048297302225,109,97
1974-04-02,9148,0.9749809755887775,123,111
1974-04-03,8571,0.926971468597577,136,126
1974-04-04,8517,0.9232923979229374,149,140
1974-04-05,8656,0.9472439022410315,163,154
1974-04-06,7455,1.069770300758978,176,168
1974-04-07,7051,1.0920937382953317,188,182
1974-04-08,8436,0.9581784728889469,201,196
1974-04-09,8917,0.9538114595595162,213,209
1974-04-10,8446,0.9257430774763011,225,221
1974-04-11,8259,0.902557577225437,236,234
1974-04-12,8386,0.9237221434913557,247,246
1974-04-13,7609,1.107418175763601,258,258
1974-04-14,7032,1.0993685057805247,269,270
1974-04-15,8342,0.9478434957937163,280,282
1974-04-16,8615,0.9204750448109306,291,294
1974-04-17,8602,0.937936924082483,302,306
1974-04-18,8333,0.9115346086816847,313,318
1974-04-19,8587,0.9452178381061586,325,330
1974-04-20,7480,1.0754066207272543,337,343
1974-04-21,7208,1.1196259062610354,349,356
1974-04-22,8497,0.9698309496567074,1,10
1974-04-23,9035,0.9691579008732177,14,24
1974-04-24,8665,0.949331827117547,27,37
1974-04-25,8556,0.9379517083053838,40,52
1974-04-26,8762,0.9651784105788053,53,66
1974-04-27,7490,1.079722458654929,66,80
1974-04-28,7055,1.1018409640806819,80,94
1974-04-29,8332,0.9586091388800495,93,108
1974-04-30,8677,0.9416703157255101,106,122
1974-05-01,8574,0.9310598755798127,119,136
1974-05-02,8238,0.8949755211031962,132,150
1974-05-03,8660,0.9529171496905299,145,164
1974-05-04,7384,1.0620579894721907,158,178
1974-05-05,6928,1.0655527872311523,170,191
1974-05-06,8317,0.9426657373097512,182,204
1974-05-07,8886,0.9465705343980266,194,217
1974-05-08,8484,0.9216994128630959,205,230
1974-05-09,8525,0.930523053061121,217,242
1974-05-10,8595,0.9395731237513264,228,254
1974-05-11,7710,1.098854987547755,239,266
1974-05-12,7086,1.0881868583494156,250,278
1974-05-13,8639,0.9900675039831429,261,290
1974-05-14,8886,0.9452929388596301,272,301
1974-05-15,9020,0.9657091676480443,283,314
1974-05-16,8630,0.9278290910761116,294,326
1974-05-17,8873,0.9616503896189869,306,338
1974-05-18,7667,1.0828662911668376,318,351
1974-05-19,6896,1.0567289653295442,330,5
1974-05-20,8793,0.9778927805785501,343,18
1974-05-21,9061,0.9437583836620429,356,32
1974-05-22,8776,0.9314890387346888,9,47
1974-05-23,8577,0.9068620710452865,23,61
1974-05-24,8924,0.9506816146322928,36,76
1974-05-25,7593,1.0784870887868883,50,90
1974-05-26,6932,1.0831235791309788,63,105
1974-05-27,7460,0.8595606897035213,77,119
1974-05-28,8570,0.9148564357278717,90,133
1974-05-29,9063,0.9878806223984596,103,147
1974-05-30,8958,0.9938482988193613,116,161
1974-05-31,9050,0.9990701990076762,128,174
1974-06-01,7448,1.0442122699916896,140,187
1974-06-02,7046,1.0534573645190972,152,200
1974-06-03,8314,0.9177623352687803,164,213
1974-06-04,8910,0.9296058847053512,176,226
1974-06-05,8737,0.9284878912802481,187,238
1974-06-06,8599,0.9190849733478684,198,250
1974-06-07,9110,0.9806238281139887,209,262
1974-06-08,7471,1.0488136745654397,220,274
1974-06-09,7181,1.0892022654492537,231,286
1974-06-10,8939,0.9888473126720627,242,298
1974-06-11,8754,0.9117652495251902,253,310
1974-06-12,8603,0.9121115028567119,264,322
1974-06-13,8456,0.9142385958022762,275,334
1974-06-14,8898,0.9567297104011847,287,347
1974-06-15,7666,1.0645181892625688,299,359
1974-06-16,7211,1.07821414081516,311,13
1974-06-17,8676,0.9518428121171237,324,26
1974-06-18,9016,0.9302662070473645,337,41
1974-06-19,8864,0.9363608570410381,351,55
1974-06-20,8833,0.927994681474355,5,70
1974-06-21,9364,0.9938989162521302,19,85
1974-06-22,8003,1.1047436804079749,33,100
1974-06-23,7162,1.0731691768016052,47,115
1974-06-24,8503,0.9292112570987323,60,129
1974-06-25,9038,0.9225253493044324,74,144
1974-06-26,8999,0.9362464810842306,87,158
1974-06-27,8882,0.9235323461918231,99,171
1974-06-28,9089,0.9478260864264283,112,184
1974-06-29,8011,1.0850962393144719,124,197
1974-06-30,7531,1.096991292934677,135,210
1974-07-01,9216,0.9727520886804462,147,222
1974-07-02,9923,0.9818667875684108,158,235
1974-07-03,9693,1.0055017088918428,169,247
1974-07-04,7924,0.9526229978744611,180,259
1974-07-05,9051,1.0428320044129855,191,271
1974-07-06,8285,1.1308302900796265,202,283
1974-07-07,7626,1.0730252571324033,213,294
1974-07-08,9472,0.9790080966758835,224,306
1974-07-09,9860,0.9697350273887863,235,318
1974-07-10,9423,0.9466180368168359,246,330
1974-07-11,9218,0.9374875115223663,257,343
1974-07-12,9283,0.9558789843635933,269,355
1974-07-13,8228,1.1132069734585255,281,8
1974-07-14,7605,1.0950902744801465,293,21
1974-07-15,9267,0.97187067201726,306,35
1974-07-16,9697,0.9547037609982472,319,49
1974-07-17,9419,0.9462288484917754,332,63
1974-07-18,9122,0.9255342059669297,346,78
1974-07-19,9523,0.9788417642140431,360,93
1974-07-20,8471,1.1279181628710966,15,109
1974-07-21,7433,1.0674397504521584,29,124
1974-07-22,9314,0.9777741220812322,43,139
1974-07-23,10110,0.9980767206225706,56,153
1974-07-24,9327,0.9439263979443453,70,167
1974-07-25,9263,0.9384403424166387,82,181
1974-07-26,9574,0.9825585225130969,95,194
1974-07-27,8492,1.1296079896901876,106,207
1974-07-28,7872,1.127236617134191,118,220
1974-07-29,9454,0.9968092053129313,129,232
1974-07-30,9821,0.9730632621361194,140,244
1974-07-31,9591,0.972754730731456,151,256
1974-08-01,9707,0.9831789037050336,162,268
1974-08-02,9636,0.9856504157942605,173,280
1974-08-03,8470,1.1288982592087597,184,291
1974-08-04,7813,1.1285276323577118,195,303
1974-08-05,9124,0.9628278174196916,206,315
1974-08-06,9967,0.9890008533498394,217,327
1974-08-07,9616,0.9692077123810381,228,339
1974-08-08,9550,0.9588823243082883,240,352
1974-08-09,9696,0.9773619443163003,251,4
1974-08-10,8431,1.112704148579359,263,17
1974-08-11,7724,1.1095752780102497,275,30
1974-08-12,9643,1.0081938477486305,288,44
1974-08-13,10213,1.016204864610019,301,58
1974-08-14,9586,0.964576031397171,314,72
1974-08-15,9825,0.9840062946372008,328,87
1974-08-16,9835,0.9942399846791273,342,102
1974-08-17,8556,1.1255674932275155,356,117
1974-08-18,8073,1.1541272029146603,11,132
1974-08-19,9582,1.0040848270984937,25,147
1974-08-20,10153,0.9955281423070342,38,162
1974-08-21,9711,0.9770515135450261,52,176
1974-08-22,9335,0.9430618574688714,65,190
1974-08-23,9795,0.9967172438155018,77,203
1974-08-24,8486,1.1297377779636462,89,216
1974-08-25,7854,1.1289987776516512,100,229
1974-08-26,9556,1.0050532464982567,111,241
1974-08-27,10075,0.9911012096356687,123,253
1974-08-28,9599,0.9573455794689268,133,265
1974-08-29,9544,0.9560339232734938,144,277
1974-08-30,9780,0.9896924631514316,155,288
1974-08-31,8537,1.1273489186622747,166,300
1974-09-01,7909,1.1760011929298995,177,312
1974-09-02,7969,0.8815955237463754,188,324
1974-09-03,9471,0.965151133114382,199,336
1974-09-04,9980,1.0356237258657877,211,349
1974-09-05,9581,1.0006005934586755,222,1
1974-09-06,9727,1.0110716669424762,234,14
1974-09-07,8550,1.1568987020957757,246,27
1974-09-08,7889,1.1115669191603532,258,40
1974-09-09,9796,0.9885408088261743,270,53
1974-09-10,10074,0.9637159036054852,283,67
1974-09-11,9797,0.9775662658293218,296,81
1974-09-12,9832,0.9722358538044197,310,96
1974-09-13,9868,0.992260160911753,324,111
1974-09-14,8869,1.145372921138472,338,126
1974-09-15,8266,1.145825973676596,352,141
1974-09-16,10050,1.01833547211037,6,156
1974-09-17,10275,0.978129783390253,20,170
1974-09-18,10033,0.9754614111348034,33,185
1974-09-19,9982,0.9719013960101528,46,198
1974-09-20,10324,1.0114601997869124,58,212
1974-09-21,9004,1.1498999222614963,70,225
1974-09-22,8622,1.1973441995836205,82,237
1974-09-23,10137,1.033838871001219,93,249
1974-09-24,10375,0.9962483676069565,104,261
1974-09-25,10043,0.984193946954773,115,273
1974-09-26,10129,0.9966997725998482,126,285
1974-09-27,10288,1.0236350800659058,136,297
1974-09-28,9243,1.204309661642602,147,309
1974-09-29,8585,1.2223106638086048,158,321
1974-09-30,9975,1.0475582280750424,170,333
1974-10-01,10264,1.0061526993751744,181,346
1974-10-02,9895,0.994351018802001,193,358
1974-10-03,9767,0.9903710264321753,205,11
1974-10-04,9842,1.0138476692349845,216,24
1974-10-05,8693,1.1637541974323864,229,37
1974-10-06,8092,1.181873729548297,241,50
1974-10-07,9756,1.0504967084976058,254,64
1974-10-08,9808,0.9966584616668955,266,78
1974-10-09,9505,0.9889951234472351,279,92
1974-10-10,9695,1.002279068971306,293,106
1974-10-11,9717,1.0224916412451617,306,120
1974-10-12,8335,1.1455233437657157,320,135
1974-10-13,7767,1.1781494444381568,333,150
1974-10-14,9205,1.0157805930162684,347,164
1974-10-15,9572,0.9842998773010113,360,179
1974-10-16,9211,0.9680402796941573,13,193
1974-10-17,9311,0.9856781346466388,26,206
1974-10-18,9453,1.0111629921525565,38,220
1974-10-19,8186,1.1427742710758046,50,233
1974-10-20,7472,1.1318860463995704,62,245
1974-10-21,9013,0.9974995693137128,73,257
1974-10-22,9327,0.9726804356728912,84,269
1974-10-23,8965,0.9551074477659851,95,281
1974-10-24,8792,0.936582359018062,106,293
1974-10-25,9199,0.9850457466383167,117,305
1974-10-26,8274,1.1529818516152686,128,317
1974-10-27,7880,1.1926671462044443,139,329
1974-10-28,8874,0.9867695077771164,150,342
1974-10-29,9355,0.9810430612165575,162,354
1974-10-30,9127,0.9830121964162407,174,7
1974-10-31,8913,1.0082374114498263,186,20
1974-11-01,9198,0.9981489874980704,198,33
1974-11-02,8055,1.118530372960965,211,47
1974-11-03,7567,1.1415280506097665,223,61
1974-11-04,8974,0.9920984624480274,236,75
1974-11-05,9500,0.9870372287644066,249,88
1974-11-06,9051,0.9618659841920735,262,103
1974-11-07,8819,0.9383892494485768,276,117
1974-11-08,8975,0.9596449662787474,289,131
1974-11-09,7806,1.0882777431963548,302,145
1974-11-10,7519,1.1355101393648341,315,159
1974-11-11,9223,1.0215133875239326,328,173
1974-11-12,9274,0.9680269677782312,341,187
1974-11-13,8913,0.9624386966225641,354,201
1974-11-14,9061,0.9707462746600386,6,214
1974-11-15,9241,0.9868984192155617,18,228
1974-11-16,7804,1.0846620164456056,30,240
1974-11-17,7471,1.1246570489528045,42,253
1974-11-18,9217,1.0147273189741957,53,265
1974-11-19,9427,0.9761323160898073,64,277
1974-11-20,9234,0.9607222254235344,75,289
1974-11-21,9035,0.9434159308109843,86,301
1974-11-22,9076,0.9920209198969243,97,313
1974-11-23,8103,1.196841407548873,108,325
1974-11-24,7545,1.235437280062718,119,337
1974-11-25,8838,1.055325701951047,130,349
1974-11-26,9488,1.0786511374837127,142,2
1974-11-27,9047,1.0471776546176037,154,15
1974-11-28,7294,0.8413010273343379,166,28
1974-11-29,8424,0.9377034308150989,179,42
1974-11-30,7727,1.0896010424893463,192,56
1974-12-01,7569,1.1343576412528322,205,70
1974-12-02,9259,1.0216234176585761,218,85
1974-12-03,9539,0.9961118902118974,232,99
1974-12-04,9072,0.9724421006467701,245,113
1974-12-05,8935,0.9609249788877929,258,128
1974-12-06,9043,0.9838858940942149,272,142
1974-12-07,7969,1.1309228404236231,285,156
1974-12-08,7668,1.172790572860768,297,170
1974-12-09,8970,1.0087441540113635,310,183
1974-12-10,9212,0.9723004232082534,322,197
1974-12-11,9043,0.9721752841328624,335,210
1974-12-12,9045,0.9625834082063427,347,223
1974-12-13,8751,0.9454767221246797,358,236
1974-12-14,7845,1.0975924466526703,10,249
1974-12-15,7505,1.1208216118378742,21,261
1974-12-16,9188,0.9973915295522374,32,273
1974-12-17,9640,0.9739719637775914,43,285
1974-12-18,9403,0.9608558997081399,54,297
1974-12-19,9344,0.9466148401422413,65,309
1974-12-20,9453,0.9635519655445004,76,321
1974-12-21,7840,1.0437501223312824,87,333
1974-12-22,7077,1.0591076499136747,98,345
1974-12-23,8086,0.9507887745008765,109,357
1974-12-24,7538,0.9561687321383586,121,10
1974-12-25,6820,1.0161065598383394,133,23
1974-12-26,8463,1.0872122840074638,145,36
1974-12-27,9603,1.0338137650547394,158,50
1974-12-28,8224,1.077996945701528,172,64
1974-12-29,7383,1.0422819663557146,185,79
1974-12-30,9641,0.9974443689598677,199,94
1974-12-31,9637,1.0101575100675502,213,109
1975-01-01,7028,0.9814336094327343,227,124
1975-01-02,7873,0.981533167061704,240,138
1975-01-03,8425,0.9449933890455583,254,153
1975-01-04,7670,1.1008476060416972,267,167
1975-01-05,7250,1.1339948030060614,279,180
1975-01-06,8426,0.9675203775531401,292,194
1975-01-07,8792,0.9322156046267122,304,207
1975-01-08,8416,0.9332248911667236,316,220
1975-01-09,8461,0.9527693325840809,327,232
1975-01-10,8852,0.9740555608841386,339,245
1975-01-11,7928,1.1291425082613864,350,257
1975-01-12,7240,1.1227982837387724,1,269
1975-01-13,8619,0.9980615581795369,12,281
1975-01-14,9188,0.9616097922416407,23,293
1975-01-15,8893,0.9794882978176908,34,305
1975-01-16,8636,0.9605664001681772,45,317
1975-01-17,9012,0.9915782379827235,56,329
1975-01-18,7876,1.1235139862812997,67,341
1975-01-19,7448,1.1658720692056892,78,353
1975-01-20,8902,1.0164739030873455,89,5
1975-01-21,9102,0.962119297624054,100,18
1975-01-22,8558,0.9355693555528143,112,31
1975-01-23,8747,0.9608002453718157,125,44
1975-01-24,8771,0.9583267237027746,138,58
1975-01-25,8077,1.1492733398430315,151,72
1975-01-26,7708,1.1996794315220995,165,87
1975-01-27,8783,1.005156171302965,179,102
1975-01-28,9149,0.9683861102766881,193,117
1975-01-29,8900,0.9821605365632239,207,133
1975-01-30,8617,0.9543119254381824,221,148
1975-01-31,8677,0.9612334952301345,235,162
1975-02-01,7699,1.1007311009733602,248,177
1975-02-02,7316,1.1287215796884258,261,190
1975-02-03,8881,1.0139138286275284,273,204
1975-02-04,9093,0.9601433193529572,285,217
1975-02-05,8829,0.9661316500259287,297,230
1975-02-06,8425,0.9279590345899181,308,242
1975-02-07,8969,0.9755035057644881,320,254
1975-02-08,7852,1.1143049060902315,331,266
1975-02-09,7564,1.174411595598483,342,278
1975-02-10,8733,0.9847856886041595,353,290
1975-02-11,9126,0.953389486634307,4,302
1975-02-12,8948,0.9597163489001576,14,314
1975-02-13,8762,0.9781301381596138,25,326
1975-02-14,9219,0.9597122896008133,36,338
1975-02-15,7997,1.1238321049638191,47,350
1975-02-16,7545,1.166241954080077,58,2
1975-02-17,8373,0.95257899572377,69,14
1975-02-18,9232,0.9676297624780705,81,27
1975-02-19,8796,0.9612216334552148,93,39
1975-02-20,8984,0.9779154762530526,105,53
1975-02-21,8919,0.9748578256688838,118,66
1975-02-22,7917,1.1121306124070032,131,80
1975-02-23,7277,1.1232359192174903,144,95
1975-02-24,8854,1.0013249740012147,158,110
1975-02-25,9150,0.9539608111450084,173,125
1975-02-26,8820,0.9572995960417575,187,141
1975-02-27,8541,0.9364092761908179,201,156
1975-02-28,8974,0.9763418064591836,215,171
1975-03-01,7921,1.1344628688398195,229,185
1975-03-02,7387,1.1338031266748991,242,200
1975-03-03,8963,1.001640931792269,254,213
1975-03-04,9037,0.939123697047398,266,226
1975-03-05,8854,0.9549171416490726,278,239
1975-03-06,8840,0.9653281726202394,289,251
1975-03-07,9055,0.9842587888090378,301,263
1975-03-08,7804,1.1071713946169413,312,275
1975-03-09,7146,1.108768898671757,323,287
1975-03-10,8568,0.9708307594683655,333,299
1975-03-11,9239,0.9690867675016995,344,311
1975-03-12,8933,0.9679310415485202,355,323
1975-03-13,8610,0.9537864485278731,6,335
1975-03-14,9098,0.9920455937312239,17,347
1975-03-15,7591,1.0811789976141424,28,359
1975-03-16,7235,1.1218218421095112,39,11
1975-03-17,9000,1.009784686387102,51,24
1975-03-18,9090,0.9480750953627027,62,36
1975-03-19,8867,0.9656690181436876,74,49
1975-03-20,8926,0.970267975973817,86,62
1975-03-21,9072,0.9813619581998486,99,76
1975-03-22,8038,1.1454717203049163,112,90
1975-03-23,7522,1.1683768436642887,125,104
1975-03-24,8784,1.0023874133073214,139,119
1975-03-25,9206,0.9664500569314873,153,134
1975-03-26,8912,0.9715217295717883,167,149
1975-03-27,8553,0.9376844068192427,181,164
1975-03-28,8799,0.9626078056680067,195,179
1975-03-29,7630,1.0919795295694017,209,194
1975-03-30,7171,1.1194261372537033,222,208
1975-03-31,8522,0.9774875297898268,235,221
1975-04-01,8871,0.9692185545618592,247,235
1975-04-02,8770,0.9603173511473715,259,247
1975-04-03,8901,0.9748560284806791,270,260
1975-04-04,8616,0.9415103461981812,282,272
1975-04-05,7581,1.0853317246218748,293,284
1975-04-06,7162,1.1253749958089205,303,296
1975-04-07,8501,0.9753735460858267,314,308
1975-04-08,9120,0.9662961521753214,325,320
1975-04-09,8823,0.9696282170616489,336,332
1975-04-10,8577,0.9520102290874661,347,344
1975-04-11,8931,0.9838170252121095,358,356
1975-04-12,7550,1.0879899379110425,10,8
1975-04-13,7002,1.1159024354873504,21,21
1975-04-14,8450,0.9786173074569452,33,33
1975-04-15,9114,0.9660087193156908,45,46
1975-04-16,8676,0.9524045842340012,57,59
1975-04-17,8536,0.9425304941418586,69,72
1975-04-18,9131,1.0068317847265125,82,86
1975-04-19,7614,1.0964649394912083,94,100
1975-04-20,7029,1.1065848172727175,108,114
1975-04-21,8448,0.9720840561595002,121,128
1975-04-22,8944,0.9522868453104804,135,143
1975-04-23,8511,0.937976960741583,149,158
1975-04-24,8526,0.9459356887922047,162,173
1975-04-25,8855,0.9785095359450415,176,187
1975-04-26,7637,1.100572283139542,189,202
1975-04-27,7162,1.130536764250839,203,216
1975-04-28,8749,1.0122133641523994,215,229
1975-04-29,9251,0.9928566708998869,228,243
1975-04-30,8661,0.9657006380460106,239,255
1975-05-01,8654,0.9516512694539646,251,268
1975-05-02,8671,0.9495664232243822,262,280
1975-05-03,7579,1.091039788062336,273,292
1975-05-04,7196,1.1333596659680159,284,304
1975-05-05,8517,0.9703881662020769,295,316
1975-05-06,8961,0.9474429565667495,306,328
1975-05-07,8467,0.9266621597613399,317,340
1975-05-08,8551,0.9407459689320865,328,352
1975-05-09,8861,0.9749498568832918,340,4
1975-05-10,7468,1.068022603903412,351,17
1975-05-11,7228,1.128039235297682,3,30
1975-05-12,9038,1.0281735321762457,15,43
1975-05-13,9247,0.9885707660492629,27,56
1975-05-14,8905,0.9732831967004202,40,69
1975-05-15,8834,0.9577761543752107,52,83
1975-05-16,8918,0.9664768404596766,65,97
1975-05-17,8009,1.1355766521368367,78,111
1975-05-18,7269,1.1242013336758103,91,125
1975-05-19,8828,1.002121633092787,105,139
1975-05-20,9554,0.9911627617922412,118,153
1975-05-21,9043,0.9677037407846909,131,168
1975-05-22,9120,0.9802633850557109,145,182
1975-05-23,9133,0.9733882058575587,158,196
1975-05-24,7806,1.0879163685308555,171,210
1975-05-25,7512,1.1683613600000964,184,224
1975-05-26,7532,0.8718093484912935,196,237
1975-05-27,8792,0.9449981777655398,208,251
1975-05-28,8912,0.977445384660407,220,263
1975-05-29,8982,0.9914534904269702,232,276
1975-05-30,9000,1.0065105792236508,243,288
1975-05-31,7619,1.1003651562652463,254,300
1975-06-01,7244,1.1121096818354743,265,312
1975-06-02,8555,0.9475149970930217,276,324
1975-06-03,8996,0.9263502657141955,287,336
1975-06-04,8742,0.9370810580277088,298,348
1975-06-05,8783,0.945199754161622,309,360
1975-06-06,9112,0.9817213180289774,321,13
1975-06-07,7642,1.0761740831015993,333,25
1975-06-08,7149,1.0989677746830913,345,38
1975-06-09,8623,0.9688883844460003,357,51
1975-06-10,8997,0.9284180905833535,10,65
1975-06-11,8844,0.9463906134605945,22,79
1975-06-12,8954,0.9613508364940195,36,93
1975-06-13,8763,0.9550237744450549,49,107
1975-06-14,7991,1.1240598113717144,62,122
1975-06-15,7271,1.105601125664833,76,136
1975-06-16,8681,0.9615481530777574,89,150
1975-06-17,9212,0.9427687837286086,102,164
1975-06-18,9050,0.9593721743135697,115,178
1975-06-19,9115,0.9750726717900636,128,192
1975-06-20,9039,0.9572479328635047,141,206
1975-06-21,7959,1.1051742241907534,153,219
1975-06-22,7413,1.1205281336244852,166,233
1975-06-23,9159,1.0166552013575265,178,246
1975-06-24,9400,0.9582431214891454,190,259
1975-06-25,9114,0.9557849608903637,202,271
1975-06-26,9024,0.9507401657361187,213,284
1975-06-27,8955,0.9385852530311817,224,296
1975-06-28,8129,1.1090244174227877,236,308
1975-06-29,7413,1.0995008833815205,247,320
1975-06-30,9051,0.9766497693388398,257,332
1975-07-01,9512,0.9365632684387285,268,344
1975-07-02,9340,0.9495146101955022,279,356
1975-07-03,9393,0.9867240900337445,291,8
1975-07-04,7917,0.959409543031003,302,20
1975-07-05,7988,1.2040576272008159,314,33
1975-07-06,7714,1.1529344349485466,326,46
1975-07-07,9474,0.987502669029319,339,60
1975-07-08,10078,0.971682814307582,352,74
1975-07-09,9417,0.951555086640225,5,88
1975-07-10,9224,0.9383647544220632,18,103
1975-07-11,9451,0.9688874812005499,32,117
1975-07-12,7853,1.0578926289302175,46,132
1975-07-13,7399,1.0961619390957997,60,147
1975-07-14,9295,0.9914980211351422,73,161
1975-07-15,9624,0.9415220630012548,86,175
1975-07-16,9370,0.9477985185688976,99,189
1975-07-17,9486,0.965031115820837,112,203
1975-07-18,9468,0.9683390579135278,124,216
1975-07-19,8370,1.1255261649135695,137,229
1975-07-20,7815,1.1394412735525872,149,242
1975-07-21,9519,1.0126568844118389,160,255
1975-07-22,9965,0.9758547532601064,172,268
1975-07-23,9751,0.9890246680027273,184,280
1975-07-24,9498,0.973408487955405,195,292
1975-07-25,9495,0.9696539442088653,206,304
1975-07-26,8132,1.0918269361537192,217,316
1975-07-27,7952,1.158281706460638,228,328
1975-07-28,9373,0.9942609292409806,239,340
1975-07-29,9872,0.9709730190678498,250,352
1975-07-30,9389,0.9557623114200757,261,4
1975-07-31,9460,0.9716221472481583,272,16
1975-08-01,9708,0.9911607218228861,283,29
1975-08-02,8578,1.1478987704109254,295,41
1975-08-03,8075,1.1785119210978563,307,54
1975-08-04,9590,1.0261355511370764,320,68
1975-08-05,9617,0.9466916400938789,333,82
1975-08-06,9653,0.9841010860252086,347,97
1975-08-07,9266,0.9457612394806633,1,111
1975-08-08,9253,0.9365075817738665,15,126
1975-08-09,8016,1.0570899823286104,29,142
1975-08-10,7686,1.110762102858868,43,156
1975-08-11,9395,0.9997767782616892,56,171
1975-08-12,9824,0.9581330110867287,70,186
1975-08-13,9493,0.9704577114170647,83,199
1975-08-14,9568,0.9749604905113197,96,213
1975-08-15,9643,0.9735186555834104,108,226
1975-08-16,8505,1.1248189108034736,120,239
1975-08-17,8045,1.1589024219676602,132,252
1975-08-18,9115,0.965310770927538,143,265
1975-08-19,9524,0.9309775279995308,155,277
1975-08-20,9480,0.9550204899581622,166,289
1975-08-21,9278,0.9453109411971469,177,301
1975-08-22,9443,0.9616181270084952,188,313
1975-08-23,8365,1.1135889363271427,199,325
1975-08-24,7982,1.1636072099505,210,337
1975-08-25,9414,1.002463393854963,221,349
1975-08-26,9907,0.9719874693068604,232,1
1975-08-27,9457,0.95580992804015,243,13
1975-08-28,9371,0.9464452394707833,254,25
1975-08-29,9587,0.9680379727605185,265,37
1975-08-30,8281,1.0963156745897775,277,50
1975-08-31,7660,1.1076483291826569,289,63
1975-09-01,7804,0.8595976143345663,301,76
1975-09-02,9425,0.9726407969757395,314,90
1975-09-03,9529,0.9976817133610714,328,105
1975-09-04,9313,0.9786510395231309,342,120
1975-09-05,9525,1.0027246569164192,356,135
1975-09-06,8466,1.1512581543771527,10,150
1975-09-07,7982,1.1826629687007053,25,165
1975-09-08,9253,0.9658017180098915,39,180
1975-09-09,9662,0.909532940813378,52,195
1975-09-10,9265,0.9106210806501663,65,209
1975-09-11,9342,0.9439734289649285,78,223
1975-09-12,10013,0.9980694745677028,91,236
1975-09-13,8310,1.0931729291351564,102,249
1975-09-14,7745,1.0952511918312344,114,262
1975-09-15,9382,0.9634084348927625,125,274
1975-09-16,9813,0.9275390067914413,137,286
1975-09-17,9591,0.9380451456875145,148,298
1975-09-18,9743,0.9592654274288734,159,310
1975-09-19,9910,0.9726242398809885,170,322
1975-09-20,8541,1.0947147126716037,181,334
1975-09-21,8217,1.1491002024866594,191,346
1975-09-22,9570,0.9844976593696687,202,358
1975-09-23,9933,0.9449948015900289,213,10
1975-09-24,9579,0.9450284595642384,224,22
1975-09-25,9430,0.9358273389109002,236,34
1975-09-26,9579,0.9501337724296515,247,46
1975-09-27,8632,1.1236138078908062,259,59
1975-09-28,7971,1.1372555960691813,271,72
1975-09-29,9396,0.9910054967035666,283,85
1975-09-30,9665,0.9468315040324458,296,99
1975-10-01,9732,0.9801545276639295,309,113
1975-10-02,9435,0.9601357433313145,323,128
1975-10-03,9286,0.9491442303595078,337,143
1975-10-04,8310,1.1199065915571202,351,158
1975-10-05,7965,1.1676089541349706,6,174
1975-10-06,9181,0.9933377644613898,20,189
1975-10-07,9464,0.9506118185609143,33,203
1975-10-08,9252,0.9659323739978619,47,218
1975-10-09,9229,0.9724414978392354,60,232
1975-10-10,9212,0.9599786420286478,72,245
1975-10-11,7985,1.0992435216069678,84,258
1975-10-12,7601,1.1439028132275975,96,271
1975-10-13,8897,0.9997293038699102,107,283
1975-10-14,9209,0.9479690638248801,118,295
1975-10-15,9234,0.9755730804530094,129,307
1975-10-16,8725,0.928579069795435,140,319
1975-10-17,8983,0.9585769677311291,151,331
1975-10-18,7719,1.080199520222106,162,343
1975-10-19,7334,1.1211137399611406,173,355
1975-10-20,8604,0.9655127175994299,184,7
1975-10-21,8919,0.9207995176949799,195,19
1975-10-22,8572,0.9184500942842428,206,31
1975-10-23,8633,0.9313876763621746,217,43
1975-10-24,8886,0.954182389468398,229,56
1975-10-25,7697,1.078272920189461,241,69
1975-10-26,7442,1.1355772319149038,253,82
1975-10-27,8597,0.9638994210541312,265,95
1975-10-28,8761,0.9087732819858718,278,109
1975-10-29,8713,0.9387656485337509,291,123
1975-10-30,8527,0.9300235102754928,304,137
1975-10-31,8548,0.9746983014356839,318,152
1975-11-01,7716,1.095432482948472,332,167
1975-11-02,7222,1.0981452233135949,346,182
1975-11-03,8811,0.9846452929832359,360,197
1975-11-04,9002,0.9283533168455941,14,211
1975-11-05,8614,0.9195174862497689,27,226
1975-11-06,8813,0.9484372012722386,40,240
1975-11-07,8913,0.955992272163848,52,253
1975-11-08,7924,1.1084395921393462,64,266
1975-11-09,7522,1.1483243799777416,76,279
1975-11-10,8932,0.9992436570709357,88,291
1975-11-11,8926,0.9222195191352306,99,304
1975-11-12,8518,0.9134887375361329,110,316
1975-11-13,8822,0.9646794605285216,121,327
1975-11-14,8996,0.9715067959610107,131,339
1975-11-15,7596,1.0612797308394588,142,351
1975-11-16,7302,1.111319809398817,153,3
1975-11-17,8560,0.9545680450544229,164,15
1975-11-18,8796,0.9033385818159424,176,28
1975-11-19,8935,0.9505499371496132,187,40
1975-11-20,8535,0.8992455589796912,199,53
1975-11-21,9049,0.9524505368853157,211,66
1975-11-22,7763,1.1100623177853588,223,79
1975-11-23,7392,1.1955638680176572,235,92
1975-11-24,8873,1.0762760935412816,248,106
1975-11-25,9475,1.0554005353966576,260,119
1975-11-26,8910,1.0407088090165968,273,133
1975-11-27,7356,0.8622323344793165,286,148
1975-11-28,8394,0.9759361814893612,300,162
1975-11-29,7566,1.1018054453516883,313,176
1975-11-30,7497,1.1576150506719494,327,191
1975-12-01,8834,0.9807552568176118,340,205
1975-12-02,9102,0.936848055646584,353,220
1975-12-03,8813,0.9455276693588076,7,234
1975-12-04,8671,0.941232048145961,19,248
1975-12-05,8856,0.9600621052069177,32,261
1975-12-06,7733,1.1007067864817355,44,274
1975-12-07,7428,1.1543063889850274,56,287
1975-12-08,8911,1.0096167796704572,67,299
1975-12-09,9024,0.9466583019528669,78,312
1975-12-10,8958,0.9714105155856557,89,324
1975-12-11,8778,0.9556402428699178,100,335
1975-12-12,9024,0.9680453007154192,111,347
1975-12-13,7865,1.1116890159820147,122,359
1975-12-14,7528,1.1533147014883225,133,11
1975-12-15,9070,1.003424824127289,144,23
1975-12-16,9556,0.9676680536612698,155,36
1975-12-17,9212,0.9562436141194071,167,49
1975-12-18,9368,0.9694055809478784,179,62
1975-12-19,9328,0.9525676103065881,191,75
1975-12-20,7912,1.055074660996283,204,88
1975-12-21,7348,1.071197820222172,217,102
1975-12-22,8585,0.9517501696165664,230,116
1975-12-23,8767,0.9616275311569333,243,130
1975-12-24,7737,1.0083149310019022,256,144
1975-12-25,7145,1.0780128115502856,269,158
1975-12-26,8598,1.1134077620000036,282,173
1975-12-27,7950,1.1196800517483338,295,187
1975-12-28,7328,1.0518164174533873,308,201
1975-12-29,9397,0.9827280133814343,321,215
1975-12-30,10144,0.978997119526805,334,229
1975-12-31,9578,1.0314953334116346,347,242
1976-01-01,7302,1.0224845272669596,359,256
1976-01-02,7994,0.9947514936038159,11,269
1976-01-03,7458,1.0836564102778645,23,282
1976-01-04,7251,1.1284146953728156,35,295
1976-01-05,8252,0.946766679430372,46,307
1976-01-06,8945,0.948731932225074,58,319
1976-01-07,8611,0.928851761443784,69,331
1976-01-08,8417,0.9358875216640872,79,343
1976-01-09,8585,0.9649217641647838,90,355
1976-01-10,7634,1.0881902866893476,101,7
1976-01-11,7236,1.1174360133649441,112,19
1976-01-12,8708,0.9905862200695558,123,31
1976-01-13,9048,0.9677820149060409,135,44
1976-01-14,8951,0.9530453759278724,147,57
1976-01-15,8736,0.9648267310985289,159,70
1976-01-16,8847,0.9821922723178661,171,83
1976-01-17,7969,1.1358474180894607,184,97
1976-01-18,7148,1.1055956197532462,198,112
1976-01-19,8893,1.0211045475502676,211,126
1976-01-20,9002,0.9494501317318123,225,141
1976-01-21,8639,0.929008524705843,238,155
1976-01-22,8893,0.9748498761431744,251,169
1976-01-23,8771,0.9616318027933887,264,184
1976-01-24,7866,1.1133425173362064,277,198
1976-01-25,7519,1.160038289090442,290,211
1976-01-26,8550,0.9761134784381694,303,225
1976-01-27,8877,0.9383857150031976,315,238
1976-01-28,8659,0.93240972482628,328,252
1976-01-29,8699,0.9626037447631416,340,265
1976-01-30,8792,0.9718688564993997,352,278
1976-01-31,7702,1.1052822032924572,3,290
1976-02-01,7472,1.1583045731739465,15,303
1976-02-02,8858,1.002442556486247,26,315
1976-02-03,8846,0.9328474285709277,37,327
1976-02-04,8766,0.9416607538449312,48,339
1976-02-05,8674,0.9517654888862441,59,351
1976-02-06,8817,0.9693161833365248,70,3
1976-02-07,7684,1.0826361671046352,80,15
1976-02-08,7356,1.1318906231457564,91,27
1976-02-09,8541,0.9727208395427107,103,39
1976-02-10,9222,0.9605675113324584,114,51
1976-02-11,8707,0.9253852423648883,126,64
1976-02-12,8779,0.9441645915224712,138,78
1976-02-13,8666,0.9656012169178338,151,91
1976-02-14,7855,1.0592873724760732,164,106
1976-02-15,7330,1.1169077465172565,178,120
1976-02-16,8576,0.9723550560276956,192,135
1976-02-17,9072,0.9533392172546125,206,150
1976-02-18,8826,0.9411123574554495,219,165
1976-02-19,8599,0.9422627167530253,233,180
1976-02-20,8845,0.9609817524636162,247,194
1976-02-21,7752,1.0976130124214307,260,208
1976-02-22,7337,1.1175131937122618,272,222
1976-02-23,8687,0.9835560578167377,285,235
1976-02-24,8734,0.9123746820971784,297,249
1976-02-25,8572,0.9091922670242158,309,262
1976-02-26,8714,0.9483804409805164,321,274
1976-02-27,8742,0.9566509684010809,333,287
1976-02-28,7932,1.1179152765049416,344,299
1976-02-29,7559,1.1738527124416536,355,312
1976-03-01,8859,0.997389842343473,6,324
1976-03-02,9039,0.9330470860730334,17,336
1976-03-03,8849,0.9355281132767433,28,348
1976-03-04,8617,0.931897200905294,39,359
1976-03-05,8705,0.9488055566162235,50,11
1976-03-06,7560,1.0645179939844747,61,23
1976-03-07,7252,1.1155637183073936,71,35
1976-03-08,8429,0.959322797607469,83,47
1976-03-09,8712,0.9118143949927937,94,60
1976-03-10,8554,0.9127904193206885,106,72
1976-03-11,8561,0.9301592805222102,118,86
1976-03-12,8654,0.956864880316443,131,99
1976-03-13,7674,1.0839714891451568,144,114
1976-03-14,7134,1.1017186573542677,158,128
1976-03-15,8467,0.9629984849273925,172,143
1976-03-16,8636,0.895000775929017,186,158
1976-03-17,8681,0.9211126404220062,200,174
1976-03-18,8472,0.9251737014479805,214,189
1976-03-19,8623,0.9355756912100843,228,203
1976-03-20,7890,1.1056394980160347,241,218
1976-03-21,7384,1.140951142824891,254,232
1976-03-22,8515,0.9701635465742766,267,245
1976-03-23,8863,0.9342186528636164,279,259
1976-03-24,8389,0.8959479303656693,291,272
1976-03-25,8623,0.9425870516364032,303,284
1976-03-26,8744,0.9568284915652714,314,297
1976-03-27,7725,1.0947751073022751,325,309
1976-03-28,7267,1.1276754069685864,336,321
1976-03-29,8499,0.9731823810484127,347,333
1976-03-30,8818,0.9342525623021957,358,345
1976-03-31,8653,0.9617893745062785,9,356
1976-04-01,8336,0.9152898176493586,20,8
1976-04-02,8641,0.9446075528257681,31,20
1976-04-03,7583,1.073422828257449,42,32
1976-04-04,7431,1.1535123597361925,53,44
1976-04-05,8279,0.9542265926486093,64,56
1976-04-06,8586,0.9099475246116784,75,68
1976-04-07,8568,0.9235469968399938,87,81
1976-04-08,8507,0.9374565363578125,99,94
1976-04-09,8287,0.9180984866279834,112,108
1976-04-10,7382,1.0534129426041825,125,122
1976-04-11,7056,1.102492107746753,138,137
1976-04-12,8532,0.9973914793935189,152,151
1976-04-13,8459,0.9048981819078361,166,167
1976-04-14,8694,0.9374665679250969,181,182
1976-04-15,8583,0.9447715109208801,195,197
1976-04-16,8258,0.9101261862740235,209,212
1976-04-17,7538,1.0767256828324152,222,227
1976-04-18,7099,1.1084549389221094,236,241
1976-04-19,8327,0.9615910590370507,249,255
1976-04-20,9036,0.9603966675624386,261,268
1976-04-21,8518,0.9226516464682033,273,281
1976-04-22,8385,0.926617269709499,284,293
1976-04-23,8497,0.9409523451341836,296,306
1976-04-24,7302,1.0452704910959878,307,318
1976-04-25,6817,1.0651924132993602,318,330
1976-04-26,8332,0.9647400818417909,329,342
1976-04-27,8490,0.9072894231169013,340,353
1976-04-28,8290,0.9051416273217907,350,5
1976-04-29,8093,0.9048357739610885,1,17
1976-04-30,8372,0.918916157804005,12,29
1976-05-01,7612,1.0798546617898528,23,41
1976-05-02,7090,1.106659220160846,34,53
1976-05-03,8233,0.9511420923787919,46,65
1976-05-04,8783,0.9243282672841844,57,78
1976-05-05,8602,0.9252522783491766,69,91
1976-05-06,8520,0.9350120470676994,82,104
1976-05-07,8640,0.9487568621322623,94,118
1976-05-08,7379,1.0517376432479815,107,131
1976-05-09,6675,1.0350620719735368,120,146
1976-05-10,8572,0.981293476974404,134,160
1976-05-11,8876,0.9326869146283281,148,175
1976-05-12,8384,0.9118476982386736,162,190
1976-05-13,8239,0.9029538356249243,176,205
1976-05-14,8627,0.9335813157163058,190,220
1976-05-15,7509,1.0541840778786735,203,235
1976-05-16,7157,1.1002925391182352,217,249
1976-05-17,8740,0.9914973274803026,230,263
1976-05-18,8594,0.9011103328928644,242,276
1976-05-19,8489,0.8959430492136414,254,289
1976-05-20,8414,0.9028552739447753,266,302
1976-05-21,8733,0.9369083961106467,277,314
1976-05-22,7465,1.0306537761245342,289,326
1976-05-23,7014,1.0599166526908974,299,338
1976-05-24,8754,0.9987087078772802,310,350
1976-05-25,8861,0.9473674396889622,321,2
1976-05-26,8433,0.922124418797301,332,14
1976-05-27,8530,0.9381063942674113,343,26
1976-05-28,8898,0.9803415835994195,354,38
1976-05-29,7745,1.1220381443580973,5,50
1976-05-30,7203,1.1279536678047266,17,62
1976-05-31,7587,0.8543777938168389,28,75
1976-06-01,8927,0.9132635423920109,40,88
1976-06-02,8749,0.9165334737653851,52,101
1976-06-03,8786,0.9443724273062059,65,114
1976-06-04,8854,0.9510557220474645,77,128
1976-06-05,7390,1.0314051929894554,90,142
1976-06-06,7303,1.115105058955399,103,156
1976-06-07,8415,0.9488650905282311,117,170
1976-06-08,9107,0.945181488281299,130,185
1976-06-09,8802,0.9240412709308695,144,199
1976-06-10,8986,0.9642149194664661,158,214
1976-06-11,9060,0.9709094856856781,171,228
1976-06-12,7894,1.1144712206577057,185,243
1976-06-13,7440,1.1347500627902758,198,257
1976-06-14,8972,1.0007008771287471,211,271
1976-06-15,9060,0.9269450441210406,224,284
1976-06-16,8968,0.9337078177977423,236,298
1976-06-17,8831,0.9387158829508914,247,310
1976-06-18,8833,0.9431358864058957,259,323
1976-06-19,7829,1.074040624540683,270,335
1976-06-20,7397,1.1136964908183093,281,347
1976-06-21,8464,0.9384585763680106,292,358
1976-06-22,9048,0.9276896838981867,303,10
1976-06-23,8903,0.9233117470327852,314,22
1976-06-24,9017,0.9481978815353308,325,34
1976-06-25,9126,0.9596855321829708,336,46
1976-06-26,7827,1.0627077176764357,347,59
1976-06-27,7614,1.1263045716383053,359,72
1976-06-28,9071,0.9868870210416993,11,84
1976-06-29,9487,0.945574376188087,23,98
1976-06-30,9132,0.9147350344504159,36,111
1976-07-01,9072,0.9247909253181393,49,125
1976-07-02,9360,0.9814156647202606,61,139
1976-07-03,7918,1.242994626119109,74,153
1976-07-04,7893,1.2900017800462007,88,167
1976-07-05,7564,0.8292532536099906,101,181
1976-07-06,9227,0.8883619029064885,114,195
1976-07-07,9947,0.9756777840518975,127,209
1976-07-08,9549,0.9675312490831806,141,223
1976-07-09,9587,0.9734661355086764,154,238
1976-07-10,8269,1.0981431019283294,167,252
1976-07-11,7993,1.1674943741219819,180,266
1976-07-12,9268,1.0071598493758767,193,279
1976-07-13,9476,0.9336670170378746,205,293
1976-07-14,9352,0.9307724412822519,217,306
1976-07-15,9462,0.959721271983998,229,318
1976-07-16,9568,0.971549854259105,240,331
1976-07-17,8147,1.079387243378925,251,343
1976-07-18,7576,1.1046103121259851,262,355
1976-07-19,9300,0.9946186556794816,273,6
1976-07-20,9430,0.926631784354407,284,18
1976-07-21,9444,0.9408664619619569,295,30
1976-07-22,9411,0.9571488532132173,306,42
1976-07-23,9455,0.9671864972970355,317,55
1976-07-24,8462,1.1194512480568921,329,67
1976-07-25,7811,1.1371089090048345,341,80
1976-07-26,9392,1.0034750937707064,353,93
1976-07-27,9684,0.9488576092291474,6,107
1976-07-28,9164,0.9169617642397173,19,121
1976-07-29,9369,0.9563338836527578,32,135
1976-07-30,9685,0.9928682481430818,45,149
1976-07-31,8234,1.0890192155584604,58,163
1976-08-01,7857,1.14002215592524,72,178
1976-08-02,9037,0.9674453002341946,85,192
1976-08-03,9583,0.9471355168784555,98,206
1976-08-04,9065,0.9078223386905896,111,220
1976-08-05,9393,0.9602127531504955,124,234
1976-08-06,9655,0.983619707142132,137,248
1976-08-07,8424,1.1044789884303043,150,261
1976-08-08,8024,1.147318928194282,162,275
1976-08-09,9343,0.9904161437195391,175,288
1976-08-10,9832,0.9664349738254078,187,301
1976-08-11,9317,0.9244377585290895,198,314
1976-08-12,9722,0.9965853387970662,210,326
1976-08-13,9538,0.9700830046441623,221,339
1976-08-14,8328,1.089138706805348,232,351
1976-08-15,7823,1.1218133691354546,243,2
1976-08-16,9335,0.9863835759673644,254,14
1976-08-17,9623,0.9413377433106062,265,26
1976-08-18,9519,0.946619112895555,276,38
1976-08-19,9455,0.9551061199738322,287,50
1976-08-20,9273,0.943031726706767,298,62
1976-08-21,8748,1.1540158950170252,310,75
1976-08-22,8287,1.1961765684816883,322,88
1976-08-23,9456,1.0111435866763379,335,102
1976-08-24,9877,0.9715024271886633,348,116
1976-08-25,9481,0.9463173017148578,1,130
1976-08-26,9660,0.9789962250362116,15,144
1976-08-27,9862,0.99416914299878,28,159
1976-08-28,8498,1.1115698472516695,42,174
1976-08-29,7998,1.1480828472694264,55,188
1976-08-30,9159,0.9714755484337406,69,203
1976-08-31,9602,0.9769315824537964,82,217
1976-09-01,9476,0.9948561885404268,95,231
1976-09-02,9324,0.9788872965521056,108,244
1976-09-03,9667,1.0139480523700002,120,258
1976-09-04,8407,1.1464843267537337,133,271
1976-09-05,7807,1.1511121141739291,145,284
1976-09-06,8083,0.8784813416586035,157,297
1976-09-07,9654,0.9307589334808939,169,310
1976-09-08,10166,0.9735665314622298,180,323
1976-09-09,9990,0.9845629912244577,191,335
1976-09-10,9998,1.0083673318043547,203,347
1976-09-11,8413,1.0863200879214878,213,359
1976-09-12,8142,1.1613361169540752,224,11
1976-09-13,9641,1.000057757834435,235,22
1976-09-14,10165,0.9641551072205967,246,34
1976-09-15,9977,0.9593884520609983,257,46
1976-09-16,9956,0.9764060907736022,268,58
1976-09-17,9985,0.9812504910875045,279,71
1976-09-18,8738,1.1109482761220266,291,83
1976-09-19,8585,1.1930853758473627,303,96
1976-09-20,10051,1.031014029957218,316,110
1976-09-21,10296,0.9783534739352251,329,124
1976-09-22,9836,0.951988352418309,342,138
1976-09-23,9815,0.9709587073248761,356,153
1976-09-24,10052,0.9956856395907346,10,168
1976-09-25,8792,1.1296986924088648,24,183
1976-09-26,8510,1.2010862239582087,38,198
1976-09-27,10026,1.0492613159940387,52,213
1976-09-28,10146,0.988444799034634,65,227
1976-09-29,9817,0.9783939605606878,78,241
1976-09-30,9718,0.9814204143939212,91,255
1976-10-01,9859,1.0014040136075946,103,268
1976-10-02,8691,1.1507570580691169,116,281
1976-10-03,8270,1.2084405126362827,127,294
1976-10-04,9656,1.0382921768252658,139,307
1976-10-05,9789,0.9782949128013324,150,319
1976-10-06,9483,0.969032536078726,162,332
1976-10-07,9461,0.9904530255759495,173,344
1976-10-08,9565,1.0059572846490876,184,356
1976-10-09,8262,1.115329519194195,195,7
1976-10-10,8313,1.240839941762324,205,19
1976-10-11,9396,1.037222888006761,216,31
1976-10-12,9622,0.9986853787164062,227,43
1976-10-13,9183,0.9616796073922805,238,55
1976-10-14,9253,0.9802531410301779,249,67
1976-10-15,9564,1.0159650080554683,260,79
1976-10-16,8187,1.1317245710863952,272,92
1976-10-17,7814,1.1856468064454453,284,105
1976-10-18,9248,1.0369725938844994,296,118
1976-10-19,9248,0.958583447248524,309,132
1976-10-20,9575,1.0056615194118397,323,146
1976-10-21,9257,0.9945563783895525,336,161
1976-10-22,9442,1.016760042063495,350,176
1976-10-23,8201,1.140780961100681,5,191
1976-10-24,7848,1.1920794356732658,19,206
1976-10-25,9198,1.0295112671105369,33,221
1976-10-26,9403,0.9738133772986182,47,236
1976-10-27,9212,0.9721201158578853,60,251
1976-10-28,8857,0.9568896621167436,73,265
1976-10-29,9116,0.9924021781637876,85,278
1976-10-30,7968,1.1769699798822597,97,291
1976-10-31,8078,1.243472641983762,109,304
1976-11-01,9007,1.0045999297623147,121,316
1976-11-02,9155,0.9450123058919748,132,329
1976-11-03,9015,0.9458105338936793,143,341
1976-11-04,9092,0.9731959540192574,154,352
1976-11-05,9307,0.9997243081758691,165,4
1976-11-06,7864,1.0926582382701606,175,16
1976-11-07,7860,1.1921450473656505,186,28
1976-11-08,9361,1.0482483549546957,197,40
1976-11-09,9480,0.9796152345603591,208,52
1976-11-10,9432,0.991391863666035,219,64
1976-11-11,9429,1.0139509345480313,230,76
1976-11-12,9204,1.0045656326405283,242,88
1976-11-13,7913,1.1070007790416636,253,101
1976-11-14,7652,1.1592013145286835,265,114
1976-11-15,9031,1.0081931849015053,277,127
1976-11-16,9569,0.9856533202171243,290,141
1976-11-17,9296,0.9712378179573499,303,155
1976-11-18,9181,0.9793910040081523,317,169
1976-11-19,9458,0.9946260141212119,330,184
1976-11-20,7967,1.0862931088188883,344,199
1976-11-21,7707,1.19492905985765,359,214
1976-11-22,9160,1.0867183109362801,13,230
1976-11-23,9316,1.0437757422463054,27,244
1976-11-24,9008,1.0207763507141658,40,259
1976-11-25,7492,0.8774755777855081,53,273
1976-11-26,8733,1.0217197132174238,66,287
1976-11-27,7966,1.1997841518083248,78,300
1976-11-28,7585,1.1976589173320447,90,313
1976-11-29,9263,1.0491534323628182,101,325
1976-11-30,9550,0.979334668096532,113,337
1976-12-01,9045,0.9471200501985522,124,349
1976-12-02,8969,0.9648954061939163,134,1
1976-12-03,9042,0.9796653565067438,145,13
1976-12-04,7889,1.107883363092084,156,25
1976-12-05,7640,1.179114506321192,167,37
1976-12-06,9198,1.0484634554776833,178,49
1976-12-07,9637,1.0085477911381724,189,61
1976-12-08,9215,0.9834530500553165,200,73
1976-12-09,9263,1.0072311511097416,211,85
1976-12-10,9159,0.9952510408870653,223,98
1976-12-11,7969,1.1074159793559948,235,111
1976-12-12,7769,1.1906625638231167,247,124
1976-12-13,9240,1.0383669984641166,259,137
1976-12-14,9559,0.9768199547797218,271,151
1976-12-15,9516,0.9803221752539985,284,164
1976-12-16,9450,0.983630914472856,297,179
1976-12-17,9890,1.0215053679294646,311,193
1976-12-18,7981,1.0557836892048333,325,208
1976-12-19,7505,1.0851420695758283,338,223
1976-12-20,9782,1.046017328264059,352,238
1976-12-21,9776,1.0010790289130265,6,252
1976-12-22,8594,0.9589928344077907,20,267
1976-12-23,8104,1.0590312518826341,33,281
1976-12-24,7521,1.1326168170585302,46,295
1976-12-25,7185,1.205296626159585,58,308
1976-12-26,7610,1.1621186176777045,70,321
1976-12-27,9342,0.9835694604526221,81,334
1976-12-28,10115,0.9770898542168531,92,346
1976-12-29,10088,0.9904701183732559,103,358
1976-12-30,9851,1.0637963514033837,114,10
1976-12-31,8964,0.9923381293692071,125,21
1977-01-01,7416,1.2879726885221763,136,33
1977-01-02,7467,1.251906475426223,147,45
1977-01-03,8703,0.9647478307963251,158,57
1977-01-04,9104,0.9207976381950628,169,69
1977-01-05,8984,0.9291119610884484,180,82
1977-01-06,8971,0.931064627268886,192,95
1977-01-07,9212,0.9539907058483291,204,108
1977-01-08,8013,1.105053969528614,216,121
1977-01-09,7561,1.1450021950362967,228,134
1977-01-10,9142,0.9941902695523898,241,147
1977-01-11,9180,0.9213569291827737,253,161
1977-01-12,9257,0.9492020944181794,266,175
1977-01-13,9450,0.9890825981120246,279,189
1977-01-14,9317,0.9523915016924277,292,203
1977-01-15,8043,1.1017340891366403,306,217
1977-01-16,7666,1.1466861816985943,319,232
1977-01-17,9396,1.0217267840293383,333,246
1977-01-18,9628,0.9678520328626482,346,261
1977-01-19,9173,0.9493970408319926,359,275
1977-01-20,9229,0.9524969503518426,12,289
1977-01-21,9391,0.9695393948864548,25,303
1977-01-22,8168,1.1105220707041872,37,316
1977-01-23,7620,1.1256152194820173,49,329
1977-01-24,9246,0.9983994739924854,61,341
1977-01-25,9575,0.9600904312905313,72,354
1977-01-26,9270,0.953956323746463,83,6
1977-01-27,9339,0.9660316175738065,94,17
1977-01-28,9422,0.9740461841000774,104,29
1977-01-29,8041,1.103596449855146,115,41
1977-01-30,7769,1.1570720045582557,126,53
1977-01-31,9251,1.0128239112573476,137,65
1977-02-01,9486,0.9557188404617434,149,78
1977-02-02,9033,0.9214470667098938,160,90
1977-02-03,9244,0.9538924642530137,172,103
1977-02-04,9420,0.9714966368836916,185,117
1977-02-05,8177,1.1128241699450914,197,130
1977-02-06,7693,1.1395034220605118,210,144
1977-02-07,9122,0.980529907687571,223,158
1977-02-08,9095,0.9095499710537479,236,172
1977-02-09,9268,0.9514371078660349,249,186
1977-02-10,9536,0.9719519951250265,262,200
1977-02-11,9471,0.9663784929218847,275,214
1977-02-12,8492,1.132751542833769,288,228
1977-02-13,8085,1.2137644756737194,301,242
1977-02-14,9833,1.0116475797326872,314,256
1977-02-15,9715,0.9620934385388948,327,270
1977-02-16,9419,0.9626301581255268,340,284
1977-02-17,9565,0.9835698080477491,352,298
1977-02-18,9496,0.9721105433835187,5,311
1977-02-19,8175,1.111050595234076,17,324
1977-02-20,8010,1.1725330650143209,29,337
1977-02-21,9112,0.9842939052312667,40,349
1977-02-22,9827,0.9727835447717024,51,1
1977-02-23,9629,0.982709252256467,62,13
1977-02-24,9450,0.9659789077197634,73,25
1977-02-25,9648,0.9824450306357405,84,37
1977-02-26,8525,1.1507512023972895,95,49
1977-02-27,7904,1.165372923508409,106,61
1977-02-28,9361,1.0065237627685661,117,73
1977-03-01,9835,0.992623942031362,128,86
1977-03-02,9447,0.9587132217029355,140,98
1977-03-03,9543,0.9639264462381317,152,112
1977-03-04,9777,0.9923517903209387,165,125
1977-03-05,8352,1.1202744123746218,178,139
1977-03-06,7784,1.1431061196017374,191,153
1977-03-07,9359,1.0053939338842068,204,167
1977-03-08,10033,1.0030637079722033,218,182
1977-03-09,9356,0.9598281586886176,231,196
1977-03-10,9356,0.9581965172160276,244,211
1977-03-11,9497,0.9729391062061833,258,225
1977-03-12,8266,1.1139103622586448,271,239
1977-03-13,7938,1.182551592369294,284,253
1977-03-14,9378,1.0106060524480238,296,267
1977-03-15,9684,0.9719714296107174,309,280
1977-03-16,9467,0.9705613291711359,321,294
1977-03-17,9312,0.9443425160226792,334,307
1977-03-18,9260,0.9433033292195911,346,320
1977-03-19,8170,1.1065764038231265,357,333
1977-03-20,7836,1.1454872217121197,9,345
1977-03-21,9082,0.9709427905106074,20,357
1977-03-22,9534,0.9574401304364568,31,9
1977-03-23,9172,0.9419739835386237,42,21
1977-03-24,9255,0.9545968686999571,53,33
1977-03-25,9345,0.9581847983756685,64,45
1977-03-26,7959,1.0790550578457685,75,57
1977-03-27,7769,1.1454189130411772,86,69
1977-03-28,9297,1.0051823604563017,97,81
1977-03-29,9649,0.9731333912019554,108,93
1977-03-30,9410,0.9712490209713671,120,106
1977-03-31,9445,0.9792012580647271,132,119
1977-04-01,8997,0.960082129857363,145,133
1977-04-02,8058,1.0973627265181152,158,147
1977-04-03,7956,1.1718107061042164,171,161
1977-04-04,9286,1.0028455514078793,185,176
1977-04-05,9506,0.9590338148389289,199,191
1977-04-06,9129,0.9484433637063815,213,206
1977-04-07,9148,0.9486967593236619,227,221
1977-04-08,8991,0.9304326348816145,240,235
1977-04-09,7734,1.0570630521136628,254,250
1977-04-10,7376,1.1010020287190632,267,264
1977-04-11,8971,0.9766547523241844,279,277
1977-04-12,9676,0.9825935210724573,292,291
1977-04-13,9216,0.9711176227025026,304,304
1977-04-14,9101,0.9526768289866885,316,317
1977-04-15,9299,0.9626530590522544,327,329
1977-04-16,8039,1.0975181767635482,339,342
1977-04-17,7593,1.1274970388475527,350,354
1977-04-18,9357,1.019673588823555,1,6
1977-04-19,9691,0.9834461389375524,12,18
1977-04-20,9267,0.9646184784752594,23,30
1977-04-21,9144,0.9510129635259392,34,42
1977-04-22,9158,0.9523534493439803,45,53
1977-04-23,7919,1.0853996636902714,56,65
1977-04-24,7202,1.0745593471435129,67,77
1977-04-25,9011,0.9840914373915322,78,89
1977-04-26,9432,0.9578548047370626,89,102
1977-04-27,8823,0.9208563825308824,101,114
1977-04-28,8984,0.9394716917564573,113,128
1977-04-29,8931,0.9361802867150009,126,141
1977-04-30,7866,1.090777525194179,139,155
1977-05-01,7634,1.1289484261667788,152,169
1977-05-02,9385,1.0157256194664381,166,184
1977-05-03,9444,0.9580424866912381,180,199
1977-05-04,9397,0.978568147333251,194,214
1977-05-05,9386,0.966584216261124,208,230
1977-05-06,9535,0.9846430434166389,222,245
1977-05-07,8082,1.1000653222486898,236,259
1977-05-08,7643,1.1307857466917846,249,273
1977-05-09,8849,0.9622317987591009,262,287
1977-05-10,9404,0.947739245032722,275,301
1977-05-11,8892,0.917552168157059,287,314
1977-05-12,9210,0.9470088067810244,298,326
1977-05-13,9314,0.9725337120295426,310,339
1977-05-14,8108,1.1021147149303456,321,351
1977-05-15,7521,1.0965873218077262,332,3
1977-05-16,9489,1.016319823492037,343,15
1977-05-17,9642,0.9633972392237891,354,27
1977-05-18,9413,0.9625487540252142,5,39
1977-05-19,9243,0.9483559444542503,15,50
1977-05-20,9454,0.9579368134640084,26,62
1977-05-21,7894,1.050593646976574,37,74
1977-05-22,7731,1.117492514000819,48,86
1977-05-23,9421,0.9923287919595353,60,98
1977-05-24,9603,0.9431353047502066,71,111
1977-05-25,9528,0.9798252002822698,83,123
1977-05-26,9368,0.9800729371844461,95,136
1977-05-27,9609,1.0087487518637068,107,150
1977-05-28,8084,1.102684795936078,120,164
1977-05-29,7744,1.1495441246205844,133,178
1977-05-30,7745,0.8560186429861497,147,193
1977-05-31,9397,0.956374950018135,161,208
1977-06-01,9668,0.9813661455260335,175,223
1977-06-02,9344,0.935403979656243,190,238
1977-06-03,9425,0.9479134114506786,204,253
1977-06-04,8049,1.0730403262675887,218,268
1977-06-05,7889,1.1417307021341347,231,282
1977-06-06,9274,0.9874783182604393,244,296
1977-06-07,9547,0.9474199542025155,257,310
1977-06-08,9205,0.9355967480596579,269,323
1977-06-09,9393,0.9539376511350443,281,336
1977-06-10,9237,0.9309756944686646,292,348
1977-06-11,8020,1.067342536891283,303,360
1977-06-12,7613,1.0992124906059526,314,12
1977-06-13,9329,1.0048064887208306,325,24
1977-06-14,9629,0.9544860511737403,336,36
1977-06-15,9539,0.959030516078092,347,47
1977-06-16,9736,0.9747251047464417,358,59
1977-06-17,9746,0.9741799729035294,9,71
1977-06-18,8227,1.084645441299359,20,83
1977-06-19,7795,1.1213919591373211,31,95
1977-06-20,9528,0.9972218041393112,42,108
1977-06-21,9668,0.9460388983133818,54,120
1977-06-22,9423,0.9417664312802937,66,133
1977-06-23,9489,0.9520206733193757,78,146
1977-06-24,9612,0.957024694801904,90,159
1977-06-25,8338,1.0874788478392983,103,173
1977-06-26,8038,1.138863734096973,116,187
1977-06-27,9657,1.0003139699740655,129,202
1977-06-28,9994,0.9608231069920692,143,216
1977-06-29,9735,0.9546909122807783,157,231
1977-06-30,9612,0.9374677875843231,171,246
1977-07-01,9746,0.9372451715761991,186,262
1977-07-02,8311,1.0507897236005366,199,276
1977-07-03,7861,1.1105297865594836,213,291
1977-07-04,8171,0.978598545688784,226,305
1977-07-05,9648,1.0248177078104228,239,319
1977-07-06,10533,1.0408839462215507,251,332
1977-07-07,10424,0.9820635793822249,263,344
1977-07-08,10234,0.9637338328458043,274,357
1977-07-09,8793,1.1050099715140564,285,9
1977-07-10,7983,1.092143055162782,296,21
1977-07-11,9590,0.9716282983250759,307,32
1977-07-12,9997,0.9490209396757107,318,44
1977-07-13,9920,0.9717143435633667,329,56
1977-07-14,10054,0.9693522959858695,340,68
1977-07-15,10176,0.9723296086330381,351,80
1977-07-16,8667,1.0903175192477341,2,92
1977-07-17,8058,1.102418432021873,14,105
1977-07-18,9781,0.9886405638859681,25,117
1977-07-19,10173,0.9640050104842176,37,130
1977-07-20,10132,0.9767499454052011,49,143
1977-07-21,9878,0.9498178330603506,61,156
1977-07-22,10180,0.9736820912011858,74,170
1977-07-23,8488,1.0707081228178612,86,183
1977-07-24,8186,1.1282249779702858,99,197
1977-07-25,9771,0.9861586286321569,113,212
1977-07-26,10128,0.9582531077856887,126,226
1977-07-27,9688,0.9330334336028606,140,241
1977-07-28,9826,0.9421039422655902,154,255
1977-07-29,10084,0.9687157877746072,167,270
1977-07-30,8817,1.1162440626888948,181,285
1977-07-31,8223,1.13578875845424,195,299
1977-08-01,9810,0.9898497767743659,208,313
1977-08-02,10281,0.9695116167439753,220,327
1977-08-03,9890,0.9543616749286101,232,340
1977-08-04,9820,0.9497251080106384,244,352
1977-08-05,10300,0.990302045344295,255,5
1977-08-06,8808,1.1167667371366068,267,17
1977-08-07,8401,1.1531377943581906,277,29
1977-08-08,9955,0.9957629573149653,288,41
1977-08-09,10272,0.954573488875556,299,53
1977-08-10,10212,0.9757908247659408,310,64
1977-08-11,9760,0.9387639057572646,321,76
1977-08-12,10099,0.9620050396001315,333,89
1977-08-13,8669,1.1021733266779639,344,101
1977-08-14,8245,1.1298414836879753,356,114
1977-08-15,9852,0.9829750195933997,8,127
1977-08-16,10359,0.9654421009963825,20,140
1977-08-17,9908,0.9436959041878985,32,153
1977-08-18,9856,0.9434339024963762,45,167
1977-08-19,10003,0.9550181062789539,57,180
1977-08-20,8531,1.068838412328879,70,194
1977-08-21,8369,1.1467134082922004,83,208
1977-08-22,9978,1.004204395068619,97,222
1977-08-23,10413,0.9768658778394256,110,236
1977-08-24,10118,0.975246960298562,123,251
1977-08-25,10022,0.9646039410933507,137,265
1977-08-26,9927,0.9512574045938526,150,280
1977-08-27,8821,1.1087757768673652,163,294
1977-08-28,8564,1.1631807823305678,176,308
1977-08-29,9876,0.985545578452888,189,321
1977-08-30,10418,0.9719351780700869,201,335
1977-08-31,10153,0.9707172861759318,213,348
1977-09-01,9952,0.9908059658276352,225,360
1977-09-02,10187,1.0267836735473455,236,13
1977-09-03,8633,1.1241239096675713,247,25
1977-09-04,8148,1.1514637907650513,258,37
1977-09-05,8338,0.8674901799628487,269,49
1977-09-06,10095,0.9673884273770053,280,60
1977-09-07,10330,1.0119867975943657,291,72
1977-09-08,10120,0.9547424411892184,302,85
1977-09-09,10294,0.9464487211794559,314,97
1977-09-10,8771,1.0721341916795826,325,109
1977-09-11,8380,1.1387409331068814,337,122
1977-09-12,9998,0.9849079791089512,349,135
1977-09-13,10177,0.9434257558522774,2,149
1977-09-14,10223,0.9558635992184734,15,163
1977-09-15,10161,0.9430870293363948,28,177
1977-09-16,10490,0.9684281328502208,41,191
1977-09-17,9161,1.1143214530052519,54,205
1977-09-18,8728,1.1556380531626278,67,219
1977-09-19,10278,0.9969330968890426,80,233
1977-09-20,10647,0.9616556695573912,94,248
1977-09-21,10392,0.9608796647476335,107,262
1977-09-22,10040,0.933548246908974,120,276
1977-09-23,10328,0.9596806508018954,133,290
1977-09-24,9003,1.1046373501305091,145,303
1977-09-25,8617,1.1500087242291164,158,317
1977-09-26,10379,1.0174335641654828,170,330
1977-09-27,10528,0.9657208798395054,182,343
1977-09-28,10100,0.9527783878348648,194,356
1977-09-29,10080,0.9609347348960592,206,8
1977-09-30,10346,0.989930809316139,217,21
1977-10-01,9034,1.1315670571812682,228,33
1977-10-02,8617,1.1792552884276488,239,45
1977-10-03,10010,1.0111686041878023,250,56
1977-10-04,10176,0.9664023661412506,261,68
1977-10-05,9804,0.9502550569318128,272,80
1977-10-06,9826,0.9609129002941584,283,92
1977-10-07,9972,0.9783004942773432,294,105
1977-10-08,8560,1.1114568883970837,306,117
1977-10-09,8320,1.1789439832071866,318,130
1977-10-10,9646,0.993438222770542,330,144
1977-10-11,9929,0.9632180542418459,343,157
1977-10-12,9643,0.9595239348378707,356,171
1977-10-13,9592,0.9742004066675002,9,186
1977-10-14,9625,0.9677071620249638,23,200
1977-10-15,8388,1.1021383613065108,36,215
1977-10-16,8243,1.1797765540618634,50,229
1977-10-17,9504,1.0023005857715392,64,244
1977-10-18,9678,0.9543961223389391,77,258
1977-10-19,9650,0.9753518971351185,90,273
1977-10-20,9586,0.9722888968570106,103,286
1977-10-21,9681,0.9761817062786259,116,300
1977-10-22,8276,1.1028124030650321,128,313
1977-10-23,7823,1.1350188731706492,140,326
1977-10-24,9232,0.9797310007844285,152,339
1977-10-25,9785,0.9659800365278017,164,352
1977-10-26,9567,0.965223828649035,175,4
1977-10-27,9431,0.9557467773062941,186,17
1977-10-28,9397,0.952034358409538,197,29
1977-10-29,8183,1.0965029028479034,208,41
1977-10-30,8079,1.1849943480123946,219,53
1977-10-31,9037,1.0183942639208474,230,65
1977-11-01,9603,0.9607279687920447,241,77
1977-11-02,9131,0.9180067735804899,252,88
1977-11-03,9412,0.9506854148778561,263,100
1977-11-04,9585,0.9654458662447375,274,113
1977-11-05,8238,1.0936659016831054,286,125
1977-11-06,7842,1.1349393518434672,298,138
1977-11-07,9438,1.0004523636011606,310,151
1977-11-08,9775,0.9635725919122095,323,165
1977-11-09,9282,0.9369104232440911,336,179
1977-11-10,9418,0.9523173059859613,349,194
1977-11-11,9245,0.9329231464031652,3,209
1977-11-12,8004,1.0675307672841359,17,224
1977-11-13,7895,1.1609917113579546,31,239
1977-11-14,9230,0.9851084938751291,45,254
1977-11-15,9756,0.960543007151145,59,269
1977-11-16,9419,0.9478230678217492,72,283
1977-11-17,9518,0.9593545340866303,85,297
1977-11-18,9548,0.9577215824454723,98,310
1977-11-19,8172,1.0812260428656517,110,323
1977-11-20,7686,1.0890207701079258,122,336
1977-11-21,9570,0.9954965218275127,133,349
1977-11-22,9576,0.9649438017848172,145,1
1977-11-23,9377,1.0027668985404425,156,13
1977-11-24,7708,0.8450749394435393,167,26
1977-11-25,8772,0.9543292605332098,178,38
1977-11-26,8009,1.1634228237503066,189,49
1977-11-27,7727,1.2180202352424436,200,61
1977-11-28,9490,1.0904471787239591,211,73
1977-11-29,9619,0.9871169548060117,221,85
1977-11-30,9371,0.9567265844172601,232,97
1977-12-01,9210,0.9241940850183177,243,109
1977-12-02,9246,0.9294964663403436,255,121
1977-12-03,7942,1.0597126388988336,266,134
1977-12-04,7609,1.1107494591506217,278,146
1977-12-05,9358,1.0026069882822537,290,160
1977-12-06,9505,0.9534015736810316,302,173
1977-12-07,9075,0.9324404134194314,315,187
1977-12-08,9261,0.9483929242723259,329,202
1977-12-09,9230,0.9457087071933391,343,217
1977-12-10,7964,1.0740654653440278,357,232
1977-12-11,7503,1.0984867084796812,12,247
1977-12-12,9264,0.9821574319276626,26,263
1977-12-13,9533,0.9495422422948907,40,278
1977-12-14,9224,0.9343568247400525,53,292
1977-12-15,9430,0.9429519249921849,66,306
1977-12-16,9586,0.9480892286240792,79,320
1977-12-17,8173,1.055124911155123,91,333
1977-12-18,7583,1.0552629636017483,103,346
1977-12-19,9908,0.9999521932445529,114,358
1977-12-20,9899,0.9302257300501507,126,11
1977-12-21,9267,0.8932333832734306,137,23
1977-12-22,8519,0.8536337676683627,148,35
1977-12-23,8049,0.8623018835818254,158,46
1977-12-24,7354,1.1919416238522806,169,58
1977-12-25,7404,1.5022738432781002,180,70
1977-12-26,7512,0.9613872309333995,191,82
1977-12-27,9189,0.9120007028000214,202,94
1977-12-28,9733,0.9236904599535988,213,106
1977-12-29,9734,0.9201015364474497,224,118
1977-12-30,9806,0.9243268905031771,235,130
1977-12-31,7982,1.0690842154533577,247,143
1978-01-01,7716,1.4568729918863965,258,156
1978-01-02,7543,0.9301095013057854,270,169
1978-01-03,8833,0.9068409342624457,283,182
1978-01-04,8870,0.9151098897622643,296,196
1978-01-05,9053,0.941304470818759,309,210
1978-01-06,9224,0.9580706668137061,323,225
1978-01-07,8091,1.0883192996636173,337,240
1978-01-08,7622,1.1427463194002085,351,255
1978-01-09,9187,1.0232106132011431,5,271
1978-01-10,9095,0.9160286409615278,19,286
1978-01-11,9220,0.9439170430372287,33,300
1978-01-12,9276,0.9562874522009259,46,315
1978-01-13,9154,0.958850588568798,59,329
1978-01-14,8314,1.1038583608073251,71,342
1978-01-15,7783,1.159039640390013,83,355
1978-01-16,9472,1.042033526216577,95,7
1978-01-17,9347,0.9413303709842886,106,19
1978-01-18,9134,0.9365944364666318,117,31
1978-01-19,9240,0.9614965818978457,128,43
1978-01-20,9316,0.9622273707724192,139,55
1978-01-21,7963,1.0678106565049754,149,67
1978-01-22,7573,1.1193656162277532,160,79
1978-01-23,9263,1.006354256697331,171,91
1978-01-24,9426,0.9426618859471482,182,103
1978-01-25,9103,0.9310555276483419,194,115
1978-01-26,9397,0.9722484897556969,205,128
1978-01-27,8992,0.9308646589360515,216,140
1978-01-28,7959,1.0687075298938764,228,153
1978-01-29,7537,1.124582415511043,240,165
1978-01-30,9194,1.007080072578737,252,179
1978-01-31,9165,0.9292996898578666,264,192
1978-02-01,9171,0.9425000937142125,277,206
1978-02-02,9237,0.9473459841858721,290,220
1978-02-03,9184,0.9484416878846846,303,234
1978-02-04,8079,1.0822109455136284,317,249
1978-02-05,7820,1.15699596815819,331,264
1978-02-06,9236,1.0061623545067846,345,279
1978-02-07,9348,0.9306096222533085,359,294
1978-02-08,9154,0.9337969487015195,12,308
1978-02-09,9262,0.9559564999356274,26,323
1978-02-10,9534,0.9725075897751542,39,336
1978-02-11,8155,1.0807849787361277,51,350
1978-02-12,7965,1.1550558859103748,63,3
1978-02-13,8975,0.990953085149967,75,15
1978-02-14,9864,0.9398841575691858,86,28
1978-02-15,9296,0.9390489778752557,97,40
1978-02-16,9115,0.9365924074632199,108,52
1978-02-17,9251,0.952024608099195,119,64
1978-02-18,8183,1.0880564152661012,129,75
1978-02-19,7708,1.1388861762506914,140,87
1978-02-20,9036,0.9728212380918108,151,99
1978-02-21,9266,0.927003638544855,163,112
1978-02-22,9353,0.9444171725369988,174,124
1978-02-23,9283,0.9525142945787072,186,137
1978-02-24,9566,0.9786006283613369,197,149
1978-02-25,8331,1.1018742021516812,209,162
1978-02-26,7895,1.1585951990222194,222,176
1978-02-27,9272,1.0054388294311962,234,189
1978-02-28,9717,0.967636067954315,247,203
1978-03-01,9144,0.9413785117003655,259,216
1978-03-02,9320,0.950933193012099,272,230
1978-03-03,9445,0.9547731839206091,286,245
1978-03-04,8030,1.058618557543435,299,259
1978-03-05,7811,1.1390246142050926,312,273
1978-03-06,9302,1.0046719943656812,326,288
1978-03-07,9585,0.9536235960442347,339,302
1978-03-08,9221,0.940358400524784,353,317
1978-03-09,9231,0.9521191885935207,6,331
1978-03-10,9597,0.9836467203273292,18,344
1978-03-11,8157,1.0854094521948003,31,358
1978-03-12,7884,1.1550319540928886,43,11
1978-03-13,9036,0.9900325274277306,54,23
1978-03-14,9537,0.9518346425317203,66,36
1978-03-15,9299,0.9520344144936933,77,48
1978-03-16,9337,0.9624036430572076,88,60
1978-03-17,9488,0.9629428885364331,99,71
1978-03-18,7972,1.0548035573625434,109,83
1978-03-19,7741,1.139853288967792,120,95
1978-03-20,9145,0.9832043016482687,131,107
1978-03-21,9679,0.9583423747905218,143,120
1978-03-22,9321,0.9548093616159007,154,132
1978-03-23,9169,0.9467517750243124,166,145
1978-03-24,9164,0.9459494771422028,178,158
1978-03-25,7887,1.0503782657858016,191,172
1978-03-26,7595,1.1194518509351623,203,185
1978-03-27,9113,0.9881544649271439,216,199
1978-03-28,9303,0.9315434290744403,229,213
1978-03-29,9206,0.9470626740011769,242,227
1978-03-30,8917,0.9253350877366645,256,241
1978-03-31,9330,0.9680346947716438,269,256
1978-04-01,8081,1.120055873276916,282,270
1978-04-02,7699,1.139855506957459,295,284
1978-04-03,9127,0.9886782411037297,308,298
1978-04-04,9450,0.9451815585892516,321,312
1978-04-05,8860,0.9117746506711774,334,326
1978-04-06,8981,0.938106585327268,347,339
1978-04-07,9087,0.9431072160368764,359,353
1978-04-08,7903,1.0622649070244947,11,6
1978-04-09,7463,1.1089263608746711,23,18
1978-04-10,8881,0.9749746409374564,34,31
1978-04-11,9034,0.9108741037893803,46,43
1978-04-12,8619,0.8927967458554743,57,55
1978-04-13,8734,0.9252984826421925,68,67
1978-04-14,9028,0.9457738830773598,79,79
1978-04-15,7533,1.0128973390255875,90,91
1978-04-16,7201,1.0687965527885466,101,103
1978-04-17,8713,0.9515551470770787,112,115
1978-04-18,9215,0.930032100376413,123,128
1978-04-19,8728,0.9034713912772673,135,140
1978-04-20,8594,0.8993962172939071,147,153
1978-04-21,8902,0.9265675537492989,159,166
1978-04-22,7797,1.053146937985264,172,180
1978-04-23,7315,1.0899992790348478,185,194
1978-04-24,9031,0.9910084786463407,198,209
1978-04-25,9092,0.919602087414021,212,223
1978-04-26,9027,0.9350977539661774,225,238
1978-04-27,8859,0.9296074985906116,239,252
1978-04-28,9055,0.9476363001463828,252,267
1978-04-29,7764,1.0570824058983972,266,281
1978-04-30,7152,1.0782073429983912,279,295
1978-05-01,8907,0.9687632105328006,291,309
1978-05-02,9426,0.9448168353675485,304,322
1978-05-03,9063,0.9378177586472065,316,336
1978-05-04,8680,0.9087844070411245,329,349
1978-05-05,9106,0.93848227335593,341,2
1978-05-06,7730,1.0368156136166071,352,14
1978-05-07,7398,1.0947286796457762,4,27
1978-05-08,8996,0.9788815691429487,15,39
1978-05-09,9317,0.9382955644126802,27,52
1978-05-10,9288,0.9548081831126789,38,64
1978-05-11,8914,0.9247902337393359,49,76
1978-05-12,8981,0.9241838235738019,60,87
1978-05-13,7767,1.053381414386694,70,99
1978-05-14,7390,1.0920689009922417,81,111
1978-05-15,9212,0.9878381619729666,93,123
1978-05-16,9212,0.9137806079931103,104,136
1978-05-17,8927,0.9098325845088848,115,148
1978-05-18,9060,0.931455622122267,127,161
1978-05-19,9018,0.9259934768873616,140,174
1978-05-20,8078,1.063136502057451,153,188
1978-05-21,7580,1.0967291691737262,166,203
1978-05-22,9102,0.9676315472849557,180,217
1978-05-23,9221,0.8995279633061846,194,232
1978-05-24,9208,0.922465357325456,208,247
1978-05-25,9193,0.950480934391581,222,262
1978-05-26,9532,0.9980098494227522,236,277
1978-05-27,8021,1.0936975734844945,249,291
1978-05-28,7797,1.156232456766617,262,305
1978-05-29,7793,0.8508033997687763,275,319
1978-05-30,9637,0.9864650842223045,287,333
1978-05-31,9613,0.9979656408822699,300,346
1978-06-01,9450,0.9644184983479221,312,359
1978-06-02,9313,0.9330292633274422,323,11
1978-06-03,7982,1.0427085812412866,335,24
1978-06-04,7408,1.0736621186079023,346,36
1978-06-05,9136,0.9724382951119126,357,48
1978-06-06,9613,0.9479762949425189,8,60
1978-06-07,9348,0.946263285458696,19,72
1978-06-08,9090,0.9288981270906655,30,84
1978-06-09,9374,0.9527520586391934,41,96
1978-06-10,8048,1.0535600205281634,52,108
1978-06-11,7584,1.0972872029645682,63,120
1978-06-12,9208,0.9778120257640676,74,132
1978-06-13,9269,0.9246093439886022,85,144
1978-06-14,9234,0.9336754742789041,97,156
1978-06-15,9183,0.9282254148948388,109,169
1978-06-16,9362,0.9380143922852868,121,183
1978-06-17,8244,1.0703225821167686,134,197
1978-06-18,7794,1.1171184895796373,147,211
1978-06-19,9553,1.0107536877777157,161,226
1978-06-20,9683,0.9385945046440822,175,241
1978-06-21,9278,0.9260712496859236,190,256
1978-06-22,9411,0.9456470709847102,204,271
1978-06-23,9601,0.9640103150766157,218,286
1978-06-24,8132,1.0516486469765203,232,301
1978-06-25,8102,1.1487980956375832,245,315
1978-06-26,9353,0.9746281135949786,258,329
1978-06-27,9858,0.9457165178403968,271,343
1978-06-28,9709,0.9521300593807329,283,356
1978-06-29,9641,0.9505789847554845,295,8
1978-06-30,10098,0.985637541249734,306,21
1978-07-01,8218,1.026495043902416,317,33
1978-07-02,7991,1.0983890778919032,329,45
1978-07-03,9294,0.9656490602008978,340,57
1978-07-04,8448,0.9370468794828067,351,69
1978-07-05,9689,1.0497985377234733,1,81
1978-07-06,10204,1.0138179337825048,12,93
1978-07-07,10255,0.9668968509554213,23,105
1978-07-08,8791,1.0752609855063124,34,117
1978-07-09,8112,1.1082802816772472,45,129
1978-07-10,9887,0.9948146494827234,56,141
1978-07-11,9868,0.9259525811886616,68,153
1978-07-12,9716,0.9408302887338866,79,165
1978-07-13,9995,0.984348838007224,91,178
1978-07-14,10449,1.008223393926776,103,192
1978-07-15,8870,1.1008393558446528,116,205
1978-07-16,8426,1.152386572108308,129,219
1978-07-17,10037,1.0099209132863494,143,234
1978-07-18,10376,0.9713219158116522,157,249
1978-07-19,10025,0.969019037604017,171,264
1978-07-20,10401,1.0080976540637023,186,280
1978-07-21,10342,0.9952108669405759,200,295
1978-07-22,9082,1.1282746147180505,214,310
1978-07-23,8577,1.1762338597853288,227,324
1978-07-24,9977,1.0113190335385713,241,338
1978-07-25,10361,0.9684729552470827,253,352
1978-07-26,10111,0.9758169005555182,265,5
1978-07-27,10206,0.9882297713548789,277,18
1978-07-28,10324,0.9906251184098225,289,30
1978-07-29,8695,1.0849183189039668,300,42
1978-07-30,8494,1.1690770048859844,311,54
1978-07-31,9902,1.0058991386902376,322,66
1978-08-01,10164,0.9498236882117765,333,78
1978-08-02,9838,0.9463290186232898,344,90
1978-08-03,10144,0.984158919473298,355,102
1978-08-04,10063,0.973987051305968,6,114
1978-08-05,8757,1.093577877946791,17,126
1978-08-06,8456,1.1655815889236618,28,138
1978-08-07,10219,1.0316273788133186,39,150
1978-08-08,10460,0.969001489331215,50,162
1978-08-09,10163,0.963371878762726,62,175
1978-08-10,10307,0.9901876225794868,74,188
1978-08-11,10184,0.9803118102130841,86,201
1978-08-12,8966,1.1093322141086555,99,215
1978-08-13,8547,1.181373264356635,112,229
1978-08-14,10145,1.022452512419533,125,243
1978-08-15,10520,0.97210208786075,139,258
1978-08-16,10072,0.9575066503947101,153,273
1978-08-17,10400,0.9959068160974562,167,288
1978-08-18,10377,0.9940812427127587,182,303
1978-08-19,8927,1.1070080696017388,195,318
1978-08-20,8493,1.1568199665923478,209,332
1978-08-21,9987,1.006423134568707,222,347
1978-08-22,10241,0.954550792126154,235,360
1978-08-23,9914,0.948692937383457,247,13
1978-08-24,10168,0.985359620262696,259,26
1978-08-25,10186,0.9811549156654352,270,39
1978-08-26,8802,1.0955326061849107,282,51
1978-08-27,8471,1.1575856372314193,293,63
1978-08-28,10016,1.0005276940990022,304,75
1978-08-29,10400,0.9611851001126352,314,87
1978-08-30,10081,0.959343736160626,325,99
1978-08-31,9866,0.9483721274149478,336,111
1978-09-01,10133,1.0096144710958215,347,123
1978-09-02,8591,1.1247092906567246,359,135
1978-09-03,8366,1.1843030425857684,10,147
1978-09-04,8492,0.8826194413664002,21,159
1978-09-05,10044,0.9678040574690752,33,172
1978-09-06,10720,1.0478690935701136,45,185
1978-09-07,10309,1.0153840990358882,57,198
1978-09-08,10384,0.9804143839012561,70,211
1978-09-09,9035,1.0789591366445401,82,225
1978-09-10,8650,1.1494992265431592,95,239
1978-09-11,10165,1.0159036835508928,108,253
1978-09-12,10439,0.9524002024387582,122,268
1978-09-13,10170,0.9616711518139456,136,282
1978-09-14,10279,0.9662905266138263,149,297
1978-09-15,10283,0.9551562788483186,163,312
1978-09-16,9187,1.1016142386152135,177,326
1978-09-17,8725,1.1537868494238472,190,341
1978-09-18,10324,1.005354742413548,203,355
1978-09-19,10728,0.9637274378825976,216,8
1978-09-20,10504,0.9677534691211327,228,21
1978-09-21,10518,0.9777826439077505,240,34
1978-09-22,10370,0.9649861717086705,251,47
1978-09-23,8751,1.056165819583962,263,59
1978-09-24,8661,1.1552954223117093,274,71
1978-09-25,10434,1.0241418495571928,285,83
1978-09-26,10518,0.9549085305038003,295,95
1978-09-27,10359,0.9692621631060483,306,107
1978-09-28,10198,0.9672190116382698,317,119
1978-09-29,10386,0.9908797586242309,328,131
1978-09-30,8663,1.0766253377045274,340,143
1978-10-01,8701,1.1848460320890553,351,156
1978-10-02,9949,1.0013719203199927,3,169
1978-10-03,10388,0.9718505800944433,15,182
1978-10-04,9945,0.9633927088906689,27,195
1978-10-05,9964,0.9709791379798579,40,208
1978-10-06,10066,0.985152511217829,53,222
1978-10-07,8623,1.0987839435042241,66,236
1978-10-08,8391,1.1844728725160107,79,250
1978-10-09,9784,1.019648598701962,92,264
1978-10-10,10361,0.9882648290463619,105,278
1978-10-11,9893,0.9789596551957673,118,293
1978-10-12,9834,0.9838143272327287,132,307
1978-10-13,9777,0.9937657625191553,145,321
1978-10-14,8566,1.1186267549017044,158,335
1978-10-15,7890,1.1270605295238445,171,349
1978-10-16,9547,1.0049527025592462,184,3
1978-10-17,9956,0.9724213882236801,196,16
1978-10-18,9409,0.9464642150457906,208,29
1978-10-19,9514,0.9667995954408677,220,42
1978-10-20,9644,0.978936185209609,232,55
1978-10-21,8423,1.1031667423445897,243,67
1978-10-22,7949,1.151559009186579,254,79
1978-10-23,9436,1.0068897589215466,265,91
1978-10-24,9588,0.9423606387059559,276,103
1978-10-25,9338,0.9403269259404282,287,115
1978-10-26,9515,0.9651622934893168,298,127
1978-10-27,9551,0.9686641370826574,309,139
1978-10-28,8425,1.1086570423784081,320,151
1978-10-29,8168,1.1898864094553212,332,164
1978-10-30,9472,1.0217969424745983,344,177
1978-10-31,9349,0.9757417321779682,356,190
1978-11-01,9340,0.953143000396348,9,204
1978-11-02,9261,0.9361053349383818,22,218
1978-11-03,9787,0.9893359250338711,35,232
1978-11-04,8263,1.081029332381305,48,247
1978-11-05,8027,1.1585337439490833,62,261
1978-11-06,9526,1.013959555746292,75,275
1978-11-07,9789,0.9610208899197019,88,289
1978-11-08,9524,0.957645429802746,101,303
1978-11-09,9622,0.976475052678986,114,317
1978-11-10,9673,0.9788664799697239,127,331
1978-11-11,8367,1.0966616007637655,140,345
1978-11-12,7986,1.1579642913607548,152,358
1978-11-13,9629,1.041411598421997,164,12
1978-11-14,10031,0.9915272425804931,177,25
1978-11-15,9551,0.9592052552400546,188,38
1978-11-16,9578,0.96902861829121,200,50
1978-11-17,9856,0.9941991910404058,211,63
1978-11-18,8445,1.1002476085179829,223,75
1978-11-19,7877,1.133030304318707,234,87
1978-11-20,9603,1.0007070287586064,245,99
1978-11-21,9961,0.9596410280823641,255,111
1978-11-22,9566,0.983254497015681,266,123
1978-11-23,7926,0.852176266277483,277,134
1978-11-24,9053,0.9933111625355705,288,147
1978-11-25,8290,1.1714346411659253,300,159
1978-11-26,8081,1.2761946893188172,311,172
1978-11-27,9835,1.1402030385574065,324,185
1978-11-28,9826,1.0456666055518777,336,199
1978-11-29,9452,0.9894186244334978,349,213
1978-11-30,9410,0.9658970075378258,3,227
1978-12-01,9614,0.9654881567966531,16,242
1978-12-02,8544,1.115626980800347,30,256
1978-12-03,8211,1.1910961585515074,44,271
1978-12-04,9779,1.0498982482587862,57,286
1978-12-05,9895,0.9818418580721052,71,300
1978-12-06,9419,0.9637096805919616,84,314
1978-12-07,9497,0.981070429401372,97,328
1978-12-08,9417,0.9651221210978322,109,342
1978-12-09,8347,1.11083617755339,121,355
1978-12-10,8104,1.1882052702645454,134,8
1978-12-11,9697,1.0441466373561417,146,21
1978-12-12,10072,0.9889545570772977,157,34
1978-12-13,9532,0.9684705347090408,169,46
1978-12-14,9539,0.9714839049852014,180,59
1978-12-15,9963,0.997027799497599,191,71
1978-12-16,8522,1.0947557451002827,203,83
1978-12-17,8186,1.1489117171626295,214,95
1978-12-18,10213,1.0452909987465764,224,107
1978-12-19,10617,0.9923688300206607,235,119
1978-12-20,10005,0.9590291283087639,246,131
1978-12-21,9418,0.9126909876556315,257,142
1978-12-22,9028,0.9053443532105572,268,155
1978-12-23,7952,1.10651598950812,279,167
1978-12-24,7974,1.4050770245240543,291,180
1978-12-25,7860,1.1729229398122958,303,193
1978-12-26,8911,1.0562026967275155,316,206
1978-12-27,9924,1.0046883317861597,329,220
1978-12-28,10190,0.972284163441694,342,235
1978-12-29,10413,0.985052916124248,356,250
1978-12-30,8487,1.0390867722617025,10,265
1978-12-31,8038,1.170417310386499,24,280
1979-01-01,8221,1.0909268407440276,38,295
1979-01-02,8855,0.9663486931168777,52,310
1979-01-03,9351,0.9357845931715267,65,324
1979-01-04,9429,0.9346130160110885,78,338
1979-01-05,9586,0.9532165439227003,91,352
1979-01-06,8570,1.1048421987024133,103,5
1979-01-07,8013,1.1197448658813631,115,18
1979-01-08,9524,1.00355638653599,127,31
1979-01-09,9310,0.9176906900393138,138,43
1979-01-10,9416,0.924416625428132,150,56
1979-01-11,9409,0.9254712574294314,161,68
1979-01-12,9670,0.953390317542054,172,80
1979-01-13,8649,1.1244680247978853,183,92
1979-01-14,8173,1.1273392753895966,194,104
1979-01-15,9554,0.9999493482571863,204,116
1979-01-16,9805,0.9546472497865496,215,127
1979-01-17,9513,0.9338610745693178,226,139
1979-01-18,9495,0.9354101879374012,237,151
1979-01-19,9875,0.9827191595724333,248,163
1979-01-20,8478,1.0868830624777404,259,175
1979-01-21,8019,1.1171398807252217,271,188
1979-01-22,9705,1.0081869021060734,283,201
1979-01-23,9794,0.9417045061570266,295,215
1979-01-24,9556,0.9315359114266768,308,229
1979-01-25,9656,0.9488659393475979,322,243
1979-01-26,9809,0.9705755137732388,335,258
1979-01-27,8372,1.0757234745120854,350,273
1979-01-28,8235,1.1487718255598736,4,288
1979-01-29,9732,1.0205549159152068,18,304
1979-01-30,9520,0.9228939022283748,32,319
1979-01-31,9576,0.9464603149221504,46,333
1979-02-01,9335,0.9217127415200692,59,347
1979-02-02,9895,0.9705323567822302,72,1
1979-02-03,8588,1.100809015386214,84,15
1979-02-04,8193,1.1401633489586462,96,28
1979-02-05,9562,0.9942951876858651,108,40
1979-02-06,9835,0.9482303010014493,119,53
1979-02-07,9642,0.935644589451155,130,65
1979-02-08,9577,0.938615215328905,141,77
1979-02-09,9675,0.9549945059888739,152,89
1979-02-10,8576,1.085784921869364,163,101
1979-02-11,8194,1.1281870277432395,174,112
1979-02-12,9663,0.9848513907813011,185,124
1979-02-13,9663,0.9442477125211327,196,136
1979-02-14,10038,0.9323165753703095,206,148
1979-02-15,9725,0.9438398275296428,218,160
1979-02-16,9823,0.965282981713033,229,172
1979-02-17,8416,1.0749948961924003,240,185
1979-02-18,8195,1.1320291968730012,252,197
1979-02-19,9279,0.9635656198022728,264,210
1979-02-20,10052,0.957777490222493,276,224
1979-02-21,9776,0.9533344436473508,289,238
1979-02-22,9697,0.9407341218281481,302,252
1979-02-23,10100,0.9911082035625296,316,266
1979-02-24,8625,1.0951545194322876,329,281
1979-02-25,8259,1.134833517610655,344,296
1979-02-26,9567,0.9867266767626549,358,311
1979-02-27,9751,0.9358079102526671,12,326
1979-02-28,9662,0.9378682350181684,26,341
1979-03-01,9814,0.9707126230007609,39,356
1979-03-02,9753,0.9516754464112053,52,10
1979-03-03,8731,1.0954773964302693,65,23
1979-03-04,8228,1.1269069261131708,77,36
1979-03-05,9697,0.9938146001030891,88,49
1979-03-06,9667,0.9240490071323703,100,62
1979-03-07,9603,0.9312938790986828,111,74
1979-03-08,9779,0.958134311645416,122,86
1979-03-09,9817,0.9683623673074574,133,98
1979-03-10,8531,1.0852874417239793,144,109
1979-03-11,7930,1.0962412294381092,154,121
1979-03-12,9624,0.9909334838178483,165,133
1979-03-13,9569,0.9278870656552456,176,145
1979-03-14,9629,0.936754654361195,187,157
1979-03-15,9550,0.9393692331693865,199,169
1979-03-16,9676,0.9538109518633195,210,182
1979-03-17,8533,1.0749017799257388,222,194
1979-03-18,8191,1.125929062248422,234,207
1979-03-19,9701,1.003944949880239,246,220
1979-03-20,10110,0.9619811026936124,258,234
1979-03-21,9704,0.9365607175252193,271,248
1979-03-22,9597,0.9445092499981596,284,262
1979-03-23,9779,0.9656620118370239,297,276
1979-03-24,8563,1.0971095291710804,311,290
1979-03-25,8056,1.1146105542003293,324,305
1979-03-26,9514,0.9855582398657449,338,320
1979-03-27,9937,0.9536172136766327,352,335
1979-03-28,9825,0.9589756796020539,6,349
1979-03-29,9622,0.9510200269661334,19,4
1979-03-30,9856,0.9781320833081921,32,18
1979-03-31,8472,1.0910292863926128,45,31
1979-04-01,8126,1.1700952233349664,57,45
1979-04-02,9406,0.9787278853649094,69,57
1979-04-03,9592,0.9195840308257223,80,70
1979-04-04,9527,0.9288263867547456,91,82
1979-04-05,9517,0.9409583951080538,102,94
1979-04-06,9605,0.9594920994198153,113,106
1979-04-07,8130,1.0473028070871302,124,118
1979-04-08,7841,1.094919306780681,135,129
1979-04-09,9647,1.0074489532479811,146,141
1979-04-10,9689,0.9413816547824387,157,154
1979-04-11,9500,0.9336773484469068,168,166
1979-04-12,9592,0.9546000399987259,180,178
1979-04-13,9070,0.9189512970159176,192,191
1979-04-14,8207,1.067139958985268,204,204
1979-04-15,7615,1.0637441333845348,216,217
1979-04-16,9349,0.9752341459764041,228,231
1979-04-17,9777,0.9449899480884509,241,244
1979-04-18,9495,0.9340981599097495,254,258
1979-04-19,9248,0.9197378274489462,267,272
1979-04-20,9629,0.9637256978118496,280,286
1979-04-21,8197,1.0589747756636687,293,301
1979-04-22,7921,1.11150457842005,307,315
1979-04-23,9534,0.9984550857024893,320,329
1979-04-24,9842,0.9558290233957191,333,344
1979-04-25,9635,0.9499203437734447,347,358
1979-04-26,9335,0.9290614795861877,360,12
1979-04-27,9564,0.9597785277252774,13,26
1979-04-28,7953,1.0330596490463146,25,39
1979-04-29,7497,1.0604266560593645,37,52
1979-04-30,9518,1.0084676829613424,49,65
1979-05-01,10096,0.9718312329405449,61,78
1979-05-02,9618,0.9397231135271112,72,90
1979-05-03,9555,0.949934638131461,83,102
1979-05-04,9583,0.9595313648165065,94,114
1979-05-05,8164,1.0443416678166269,105,126
1979-05-06,7909,1.10208075296916,116,137
1979-05-07,9752,1.014208782793555,127,149
1979-05-08,10007,0.9636957185159727,138,162
1979-05-09,9722,0.9543641850356476,149,174
1979-05-10,9778,0.9657406649214295,161,187
1979-05-11,9854,0.9776867027877854,173,200
1979-05-12,8274,1.0567940635213195,186,213
1979-05-13,8069,1.1368989602677695,198,227
1979-05-14,9482,0.9847977734554759,211,241
1979-05-15,9779,0.9280719389034219,224,255
1979-05-16,9539,0.9223288752001417,238,269
1979-05-17,9401,0.9205482666816537,251,283
1979-05-18,9538,0.9377948305080743,264,297
1979-05-19,8350,1.064205144610868,277,311
1979-05-20,8081,1.1048926766548968,290,326
1979-05-21,9737,0.9901405898082692,303,340
1979-05-22,9772,0.9194158178584987,316,353
1979-05-23,9781,0.9300683248335992,329,7
1979-05-24,9745,0.9379574958458613,342,21
1979-05-25,9858,0.9747461064865434,354,34
1979-05-26,8364,1.0869410730966116,7,48
1979-05-27,7945,1.1254661597606783,19,61
1979-05-28,8394,0.8748389136692793,30,73
1979-05-29,9835,0.950285778076285,42,86
1979-05-30,9854,0.9832124414795164,53,98
1979-05-31,9723,0.9697806017552837,64,110
1979-06-01,9887,0.9649722028524932,75,122
1979-06-02,8549,1.0630707318222192,86,133
1979-06-03,8190,1.1114883972853113,97,145
1979-06-04,9771,0.995284351011693,108,157
1979-06-05,9851,0.9279863891399662,119,170
1979-06-06,9841,0.9459598754385612,130,182
1979-06-07,9722,0.9455085561364719,142,195
1979-06-08,9589,0.9371175434604638,155,208
1979-06-09,8331,1.0509771246203217,167,222
1979-06-10,8309,1.1300297594755047,181,236
1979-06-11,9603,0.9764959006589881,194,250
1979-06-12,9820,0.922904739714696,207,265
1979-06-13,9546,0.9282004493485225,221,279
1979-06-14,9798,0.9518315060704048,235,294
1979-06-15,9815,0.9488022818513687,248,308
1979-06-16,8661,1.0770852685026677,261,322
1979-06-17,8175,1.102641348237883,274,336
1979-06-18,9732,0.9803529146526542,287,350
1979-06-19,10014,0.9377098303214473,300,4
1979-06-20,10091,0.9534484781177834,312,17
1979-06-21,9768,0.9367252876096316,325,31
1979-06-22,10007,0.961642732225113,337,44
1979-06-23,8485,1.0574461008163158,349,57
1979-06-24,8132,1.092547870586844,1,69
1979-06-25,9572,0.9538842185097641,12,82
1979-06-26,10116,0.9329366317775076,23,94
1979-06-27,10081,0.9426939584959544,34,106
1979-06-28,10086,0.9502924947251639,45,118
1979-06-29,10253,0.9667932929675144,56,130
1979-06-30,8923,1.0810205391446377,67,142
1979-07-01,8563,1.1111852591083982,78,153
1979-07-02,10075,0.9732885976003581,89,165
1979-07-03,10516,0.9669912770811171,100,178
1979-07-04,8708,0.9415009928170371,112,190
1979-07-05,9946,1.0353615262832188,124,203
1979-07-06,10353,0.9837217620372498,136,216
1979-07-07,9017,1.0552314660516307,149,230
1979-07-08,8624,1.095857700031925,162,244
1979-07-09,10555,1.0134945267662918,176,259
1979-07-10,10793,0.9611145233865458,190,274
1979-07-11,10368,0.9483082805067898,204,289
1979-07-12,10729,0.9981586847885924,218,304
1979-07-13,10710,1.0087237609181965,231,318
1979-07-14,9344,1.1190669070923394,245,333
1979-07-15,9012,1.161960375485726,258,347
1979-07-16,10481,1.0074441072832208,271,1
1979-07-17,10827,0.9641551008920102,284,14
1979-07-18,10531,0.9609433504221602,296,28
1979-07-19,10456,0.971024220783849,308,41
1979-07-20,10668,0.988842355240027,320,53
1979-07-21,9148,1.0926420602487832,331,66
1979-07-22,8873,1.1451796143368256,343,78
1979-07-23,10605,1.0221401444811864,354,91
1979-07-24,10851,0.973449210528614,5,103
1979-07-25,10737,0.9782812398563379,16,115
1979-07-26,10663,0.9887128864192531,27,126
1979-07-27,10800,1.0000982570016392,38,138
1979-07-28,9418,1.1216599372091849,49,150
1979-07-29,8894,1.1529072988027336,60,162
1979-07-30,10534,1.01898004987648,71,174
1979-07-31,10842,0.9747567297350684,82,186
1979-08-01,10876,0.9907007401418935,93,199
1979-08-02,10692,0.9881226393762936,105,211
1979-08-03,10797,1.0017875712927415,118,225
1979-08-04,9427,1.132505708525683,131,238
1979-08-05,8887,1.152973576117731,144,253
1979-08-06,10653,1.0320271846706701,157,267
1979-08-07,10853,0.9696602406361634,171,282
1979-08-08,10830,0.9779489056760989,186,297
1979-08-09,10570,0.9626392977144976,200,313
1979-08-10,10834,0.995383859266932,214,328
1979-08-11,9286,1.1094703634653778,228,342
1979-08-12,8721,1.1209828908992316,241,357
1979-08-13,10096,0.9807634703442192,254,11
1979-08-14,10934,0.9752714022382483,267,24
1979-08-15,10490,0.9448580612235153,279,38
1979-08-16,10386,0.9486171247720437,291,51
1979-08-17,10398,0.9522516287174777,303,63
1979-08-18,9241,1.098778656901837,314,76
1979-08-19,9196,1.1847153677562516,325,88
1979-08-20,10660,1.0204773320034422,336,100
1979-08-21,10910,0.9730286704993617,347,112
1979-08-22,10565,0.9598892457533235,358,123
1979-08-23,10700,0.9837326612207971,9,135
1979-08-24,10571,0.9796971438471126,20,147
1979-08-25,9325,1.114869244545299,31,159
1979-08-26,8924,1.1539136553943006,42,171
1979-08-27,10577,1.0158333293293407,53,183
1979-08-28,11049,0.9768167473765326,64,195
1979-08-29,10534,0.9489906926794113,76,208
1979-08-30,10646,0.9733603507955458,87,220
1979-08-31,10873,0.999547884014887,100,234
1979-09-01,9124,1.1283503890911213,112,247
1979-09-02,8738,1.1884431491599445,125,261
1979-09-03,8991,0.8945291306136826,139,276
1979-09-04,10494,0.9652946268300734,153,291
1979-09-05,11026,1.0356038851161642,167,306
1979-09-06,10796,1.0138919664820027,181,321
1979-09-07,10741,1.011754350728739,195,336
1979-09-08,9160,1.0734495807451971,209,351
1979-09-09,8970,1.1128563048581481,223,6
1979-09-10,10577,0.9878626962838385,236,20
1979-09-11,11081,0.9801204075697358,249,34
1979-09-12,10598,0.9424958466314857,261,47
1979-09-13,10685,0.9707261343667669,273,60
1979-09-14,10994,0.988391800599716,285,72
1979-09-15,9368,1.0800470211037312,296,85
1979-09-16,9225,1.1491904455799689,307,97
1979-09-17,10804,1.0041214167463968,318,109
1979-09-18,11185,0.9639680693137372,329,120
1979-09-19,11043,0.9669799728834593,340,132
1979-09-20,10699,0.947043159388609,351,144
1979-09-21,10911,0.9700413759499845,2,156
1979-09-22,9383,1.0837403218173702,12,168
1979-09-23,9141,1.1461407163930686,24,180
1979-09-24,10954,1.0269262519338138,35,192
1979-09-25,11061,0.9608575302358985,46,205
1979-09-26,10807,0.956376082292073,58,217
1979-09-27,11013,0.990023779200053,70,230
1979-09-28,10915,0.9900339838912573,82,243
1979-09-29,9542,1.1299344063904297,95,257
1979-09-30,9112,1.1764671379676568,107,271
1979-10-01,10475,1.0025090159450485,121,285
1979-10-02,10911,0.9719319505287449,134,299
1979-10-03,10597,0.9663744520214879,148,314
1979-10-04,10314,0.9599359467074021,162,329
1979-10-05,10600,0.98786725709048,176,344
1979-10-06,9138,1.110040638627715,190,359
1979-10-07,8618,1.1408543839790266,204,14
1979-10-08,10043,0.9963601880325232,217,28
1979-10-09,10350,0.9546183043626955,230,42
1979-10-10,10199,0.9482529581607438,242,55
1979-10-11,10106,0.9607992139631057,254,68
1979-10-12,10421,0.997031502037346,266,81
1979-10-13,8964,1.1308928158114395,277,93
1979-10-14,8482,1.1507346965059637,288,105
1979-10-15,10164,1.020413979010192,299,117
1979-10-16,10256,0.9554589591544626,310,129
1979-10-17,10007,0.9527269771551602,321,141
1979-10-18,9774,0.9446036615594483,332,153
1979-10-19,10233,0.9944726248119937,343,165
1979-10-20,8691,1.0949848551160692,354,177
1979-10-21,8654,1.177500385987793,5,189
1979-10-22,10246,1.0432047540526463,17,201
1979-10-23,10197,0.9629899079377401,28,214
1979-10-24,9984,0.9565080584162005,40,227
1979-10-25,9906,0.9583847321150314,52,240
1979-10-26,9987,0.9688201203567407,65,254
1979-10-27,8573,1.079191166909756,77,267
1979-10-28,8598,1.1754240130549232,90,281
1979-10-29,9920,1.0156473807652793,103,295
1979-10-30,10502,1.0026520553045775,116,309
1979-10-31,9684,0.9851887624663997,130,323
1979-11-01,9919,0.9725134964265801,143,338
1979-11-02,10174,0.9835017001929725,157,353
1979-11-03,8630,1.08279481934061,170,7
1979-11-04,8252,1.1215761154467996,184,22
1979-11-05,10056,1.0200517260834177,197,36
1979-11-06,10276,0.9680314694333825,210,50
1979-11-07,9966,0.9536968119393486,223,63
1979-11-08,10108,0.9764885317438939,235,76
1979-11-09,10102,0.9804370385176482,246,89
1979-11-10,8799,1.1051895480206673,257,101
1979-11-11,8760,1.1928251345086056,268,113
1979-11-12,9894,1.008275635655703,279,125
1979-11-13,10451,1.000355573697007,290,137
1979-11-14,10150,0.9779607194222507,301,149
1979-11-15,10181,0.9823578095958876,312,161
1979-11-16,10272,0.993878570958893,323,173
1979-11-17,8696,1.0887631763039047,334,185
1979-11-18,8399,1.136810740470598,346,198
1979-11-19,10355,1.0468206693627802,357,210
1979-11-20,10765,0.9928174012601851,10,224
1979-11-21,10043,0.9431141880015553,22,237
1979-11-22,8164,0.8062228839887973,34,250
1979-11-23,9480,0.9747657240418998,47,264
1979-11-24,8774,1.1949001286877985,60,278
1979-11-25,8342,1.2246261393448696,73,292
1979-11-26,10009,1.1109231608137278,86,306
1979-11-27,10274,1.0541507356770023,99,320
1979-11-28,9988,1.0360720570002242,112,334
1979-11-29,9720,0.9775504799310222,125,348
1979-11-30,9758,0.9578964340698783,138,2
1979-12-01,8343,1.039935152850379,151,16
1979-12-02,8430,1.143549981806871,164,31
1979-12-03,9642,0.9830133244989062,177,44
1979-12-04,10282,0.9769800365929333,190,58
1979-12-05,9932,0.960632783751757,202,71
1979-12-06,10021,0.985074432142317,214,84
1979-12-07,9869,0.9749973658030517,226,97
1979-12-08,8709,1.1078454346806916,237,109
1979-12-09,8213,1.1355107031551672,248,121
1979-12-10,9932,1.0234585501018882,259,133
1979-12-11,10308,0.9823219160691408,270,145
1979-12-12,10050,0.9618816264991834,280,157
1979-12-13,9700,0.9468706888798787,291,169
1979-12-14,9944,0.9685240787182765,302,181
1979-12-15,8473,1.052435589636727,314,193
1979-12-16,8209,1.0955589882576087,325,206
1979-12-17,10273,1.0133365606102875,337,219
1979-12-18,10592,0.9594385753571929,350,232
1979-12-19,10257,0.9345156985909533,2,246
1979-12-20,10022,0.922965916746411,15,260
1979-12-21,9963,0.9233614775933943,28,274
1979-12-22,8536,1.062472836125799,42,288
1979-12-23,8104,1.1715223070839744,55,302
1979-12-24,8490,1.0514124054846286,68,316
1979-12-25,7968,1.0523291109675477,81,331
1979-12-26,9231,1.0665090073911043,94,345
1979-12-27,10504,1.0216823155602417,107,359
1979-12-28,10961,1.000197469324804,120,13
1979-12-29,8990,1.0555639912529247,133,26
1979-12-30,8250,1.049352424032862,145,40
1979-12-31,9782,1.001064126608012,158,53
1980-01-01,8232,0.9831423891552125,170,67
1980-01-02,9011,0.9747606572175749,182,80
1980-01-03,9902,0.9681487113761966,194,92
1980-01-04,9939,0.9580985465496833,205,105
1980-01-05,8691,1.0908118184617621,216,117
1980-01-06,8213,1.1186025827715862,227,129
1980-01-07,9833,0.9820559647233593,238,141
1980-01-08,9822,0.9314561254150522,249,153
1980-01-09,9564,0.9344711901161984,260,164
1980-01-10,9759,0.9360691486350996,271,176
1980-01-11,10234,0.9789627813227212,282,188
1980-01-12,8613,1.0718268895354452,293,201
1980-01-13,8291,1.13878750103259,305,214
1980-01-14,10101,0.9957808529814197,317,227
1980-01-15,9972,0.9393233438267675,329,240
1980-01-16,9660,0.9322924312432755,342,254
1980-01-17,9812,0.9410736909721026,355,268
1980-01-18,10180,0.9753403829259925,9,283
1980-01-19,8730,1.0965602552677547,22,297
1980-01-20,8457,1.1454082389440639,36,312
1980-01-21,9675,0.9633066927987796,50,327
1980-01-22,10076,0.9420495598289016,63,341
1980-01-23,9593,0.9142999534148712,76,355
1980-01-24,9908,0.9436496319654561,89,10
1980-01-25,10067,0.9620750907692143,102,23
1980-01-26,8730,1.0902969012451478,115,37
1980-01-27,8258,1.120987753783156,127,50
1980-01-28,9880,0.9850388926157518,139,63
1980-01-29,9868,0.9313298022454001,151,76
1980-01-30,9677,0.9298979139611759,162,89
1980-01-31,9739,0.9404461940934413,174,101
1980-02-01,9996,0.9598620420742997,185,113
1980-02-02,8798,1.089191180836888,196,125
1980-02-03,8285,1.1219332472416446,207,137
1980-02-04,9816,0.9763036942911284,218,149
1980-02-05,10251,0.9593407943834346,229,161
1980-02-06,9907,0.9468067212014456,239,173
1980-02-07,10108,0.958319516352657,250,185
1980-02-08,10001,0.9532412585041873,261,197
1980-02-09,8772,1.0928849881728655,273,209
1980-02-10,8354,1.117398459620068,284,222
1980-02-11,10154,0.9991911130576353,296,235
1980-02-12,10252,0.9403886990104434,309,248
1980-02-13,9790,0.948279491070558,321,262
1980-02-14,10432,0.946640560395101,335,276
1980-02-15,10201,0.9628369278954949,348,291
1980-02-16,8918,1.1061242447118889,2,306
1980-02-17,8571,1.1566094437221737,16,321
1980-02-18,9716,0.9592293042136852,30,336
1980-02-19,10175,0.9509432935734227,44,351
1980-02-20,10093,0.9532616544635784,58,5
1980-02-21,10156,0.967627270682333,71,20
1980-02-22,10268,0.9687610353749089,84,34
1980-02-23,8956,1.1092762638460785,97,47
1980-02-24,8604,1.1541739317199449,109,60
1980-02-25,10032,0.98518654789131,121,73
1980-02-26,10177,0.9446718001711428,132,86
1980-02-27,9783,0.9306562821260179,143,98
1980-02-28,10211,0.968376821696835,155,110
1980-02-29,9615,0.9249009245400345,166,122
1980-03-01,8610,1.0604244432091408,176,134
1980-03-02,8339,1.105370754388594,187,146
1980-03-03,10053,0.984046699728404,198,158
1980-03-04,10113,0.9327989857271279,209,169
1980-03-05,9978,0.9454237108185586,220,181
1980-03-06,10067,0.9538524606909851,231,193
1980-03-07,10043,0.956966447177349,242,205
1980-03-08,8883,1.1059734786759343,253,218
1980-03-09,8440,1.1343363404593227,265,230
1980-03-10,9922,0.9802987044060854,277,243
1980-03-11,10234,0.9483625216218492,289,256
1980-03-12,10075,0.9683967547889949,302,270
1980-03-13,9770,0.9286253877631772,315,284
1980-03-14,9961,0.9528777842931283,328,299
1980-03-15,8711,1.0838280758826457,342,314
1980-03-16,8429,1.1217540691556998,356,329
1980-03-17,10259,1.0078720335918567,11,344
1980-03-18,10101,0.940801165729399,25,359
1980-03-19,10111,0.9536504100561445,39,14
1980-03-20,9799,0.9239920274148268,52,29
1980-03-21,10356,0.9912063233978574,65,43
1980-03-22,8902,1.1095432327924108,78,56
1980-03-23,8530,1.1545895906570016,90,70
1980-03-24,10100,0.998737435555752,102,82
1980-03-25,10553,0.9838642160401249,113,95
1980-03-26,10094,0.9602002102870407,125,107
1980-03-27,9952,0.9490448080764774,136,119
1980-03-28,10115,0.972280327503016,147,131
1980-03-29,8867,1.1107068646565306,157,143
1980-03-30,8482,1.1539933146663035,168,155
1980-03-31,9897,1.018530926092308,179,166
1980-04-01,10146,0.9501494616802804,190,178
1980-04-02,10088,0.958665345800222,201,190
1980-04-03,9887,0.941768650662336,212,202
1980-04-04,10033,0.9647226291776717,223,215
1980-04-05,8476,1.0687125761195813,235,227
1980-04-06,8413,1.144951721089245,246,240
1980-04-07,9863,0.9843418606573712,258,252
1980-04-08,10323,0.9702346480874484,270,266
1980-04-09,9957,0.9589478421369542,283,279
1980-04-10,9943,0.9547550692060932,296,293
1980-04-11,9945,0.9625390706285548,309,307
1980-04-12,8544,1.0926281512587075,323,322
1980-04-13,8281,1.137559959040528,337,337
1980-04-14,9821,0.9805037134499474,351,352
1980-04-15,10141,0.9520606218840064,5,7
1980-04-16,10130,0.9705339308745098,19,22
1980-04-17,9751,0.937233967441632,33,37
1980-04-18,9961,0.9634306736504769,46,51
1980-04-19,8642,1.0917229825449508,59,65
1980-04-20,8460,1.1546639500337346,71,78
1980-04-21,10004,1.0033008662462095,83,91
1980-04-22,10344,0.9749491805902574,95,104
1980-04-23,9985,0.9612240455129073,106,116
1980-04-24,9870,0.9507228642179641,117,128
1980-04-25,10007,0.9685796336133506,128,140
1980-04-26,8410,1.065254545613453,139,151
1980-04-27,7856,1.0780786716346336,149,163
1980-04-28,9926,1.003445194851981,160,175
1980-04-29,10155,0.9683587779276658,171,187
1980-04-30,9832,0.9381301304589738,183,199
1980-05-01,10131,0.9670941754086516,194,212
1980-05-02,9991,0.9659914733992792,205,224
1980-05-03,8659,1.094337710122855,217,237
1980-05-04,8086,1.0927678529184097,229,249
1980-05-05,9951,0.9910255013477185,241,263
1980-05-06,10199,0.9546217986086811,253,276
1980-05-07,9524,0.9091491159161671,266,289
1980-05-08,9418,0.9032719384447657,279,303
1980-05-09,9766,0.9380554421076293,292,317
1980-05-10,8431,1.0558255759527413,305,332
1980-05-11,8312,1.1215921121275558,319,346
1980-05-12,9922,0.9991429723532953,333,1
1980-05-13,9967,0.9316475499465804,347,16
1980-05-14,9717,0.9141113523217522,360,31
1980-05-15,9832,0.9288084170468434,14,45
1980-05-16,9842,0.9372537227288966,27,59
1980-05-17,8385,1.0405896964712908,40,73
1980-05-18,8323,1.1206586214542378,52,87
1980-05-19,9984,0.9756315185671598,64,99
1980-05-20,10571,0.9674484832025773,76,112
1980-05-21,9682,0.9029699455017299,87,124
1980-05-22,10109,0.9391632880990919,98,136
1980-05-23,10258,0.9602079806763552,109,148
1980-05-24,8659,1.0806781559868683,120,160
1980-05-25,8462,1.1617684020964536,131,172
1980-05-26,8644,0.8751440802665481,142,184
1980-05-27,10149,0.9519682436342606,153,196
1980-05-28,10198,0.9767301128597928,164,208
1980-05-29,10189,0.9932708399637361,176,221
1980-05-30,10182,0.9876603091253003,188,233
1980-05-31,8574,1.0562328886573884,200,246
1980-06-01,8454,1.1106152977918717,212,259
1980-06-02,9933,0.963446778054494,224,273
1980-06-03,10258,0.9403963568866179,237,286
1980-06-04,10010,0.934706083138041,249,300
1980-06-05,9978,0.9370835179885998,262,314
1980-06-06,10222,0.9668231139710033,275,328
1980-06-07,8816,1.0874724646796416,289,342
1980-06-08,8183,1.0905943500221995,302,356
1980-06-09,9666,0.9395376195808315,316,11
1980-06-10,10340,0.9462897049093932,329,25
1980-06-11,10042,0.9355032700402794,343,40
1980-06-12,9966,0.9467657600744586,356,54
1980-06-13,9887,0.9340894705760914,9,68
1980-06-14,8715,1.063356147354145,21,81
1980-06-15,8674,1.1396094150972054,34,95
1980-06-16,10249,0.9879939096930997,45,107
1980-06-17,10209,0.9255579783655777,57,120
1980-06-18,10336,0.9593853595748628,68,132
1980-06-19,10240,0.9452883301038529,79,144
1980-06-20,10326,0.9630304421960374,90,156
1980-06-21,8812,1.0688340494266588,101,168
1980-06-22,8733,1.1498055934471743,112,180
1980-06-23,10492,1.0074596203715398,123,192
1980-06-24,10859,0.9739191105071149,134,204
1980-06-25,10550,0.9644406103846317,146,216
1980-06-26,10621,0.9703621185062913,158,229
1980-06-27,10688,0.9793458381387784,170,242
1980-06-28,9011,1.072461225339925,182,255
1980-06-29,8820,1.1288758987440763,195,269
1980-06-30,10371,0.9618501635964267,207,283
1980-07-01,10921,0.9495089630431014,220,297
1980-07-02,10914,0.9947996705316969,233,311
1980-07-03,10694,1.1296498729088487,247,325
1980-07-04,9203,0.9316961294635437,260,339
1980-07-05,9228,1.1067246650418967,273,353
1980-07-06,8917,1.1024502323765195,286,7
1980-07-07,10484,0.9521353498508474,299,21
1980-07-08,11290,0.9756570630246735,313,35
1980-07-09,10800,0.9533149914691957,326,49
1980-07-10,10768,0.9622566413595963,338,63
1980-07-11,11078,1.0023121775547903,351,77
1980-07-12,9270,1.10201740156764,3,90
1980-07-13,8943,1.13151682848194,15,103
1980-07-14,10613,0.9779903305595404,27,115
1980-07-15,11095,0.9598107889990376,38,128
1980-07-16,11065,0.9767195688291312,50,140
1980-07-17,11062,0.9861957879474833,61,152
1980-07-18,10696,0.966022371423568,71,164
1980-07-19,9191,1.0753077045945614,82,176
1980-07-20,9129,1.151939124129339,93,188
1980-07-21,10853,1.0011039879401544,104,200
1980-07-22,11067,0.9599967516016569,116,212
1980-07-23,10616,0.9440264179224076,127,224
1980-07-24,10615,0.944935329412728,139,237
1980-07-25,10785,0.9725506675740578,151,250
1980-07-26,9429,1.1020733200409019,164,264
1980-07-27,9139,1.1498885853550034,177,278
1980-07-28,10926,1.0122428578673388,190,292
1980-07-29,11461,0.9977803817741415,203,306
1980-07-30,11126,0.9915294071213693,217,321
1980-07-31,10975,0.9767403597970311,230,335
1980-08-01,11006,0.9891968155990705,244,350
1980-08-02,9585,1.1225109682129706,257,4
1980-08-03,9176,1.1645948385206735,270,18
1980-08-04,10783,0.9998389259004479,284,32
1980-08-05,11194,0.9759882600239875,296,46
1980-08-06,10785,0.9551457313964188,309,60
1980-08-07,11044,0.9743509714118738,321,73
1980-08-08,11492,1.0178540718719584,333,86
1980-08-09,9466,1.09772663285912,345,99
1980-08-10,9145,1.1543175524722709,357,111
1980-08-11,11026,1.0129242005898003,9,124
1980-08-12,11371,0.9941540365354379,20,136
1980-08-13,10923,0.9657574299325937,31,148
1980-08-14,10756,0.9465492029538499,42,160
1980-08-15,10897,0.967945476420471,53,172
1980-08-16,9361,1.0820568891270044,64,184
1980-08-17,9001,1.1306718238416533,75,196
1980-08-18,10933,1.0066550325309198,86,208
1980-08-19,11193,0.9643456861695908,97,220
1980-08-20,10942,0.9673358898869502,108,232
1980-08-21,10811,0.9596631265127907,120,245
1980-08-22,10779,0.9637692963833585,132,258
1980-08-23,9271,1.084496833465643,145,272
1980-08-24,9103,1.1497785453626663,158,286
1980-08-25,10910,1.0082419502019095,172,300
1980-08-26,11151,0.9638597618705889,185,315
1980-08-27,11005,0.9644059352850589,199,330
1980-08-28,11007,0.9688106885908634,213,345
1980-08-29,10925,0.9714264781413622,227,360
1980-08-30,9510,1.1034703573076834,241,14
1980-08-31,9092,1.1878803460497496,254,29
1980-09-01,9129,0.8873926753575347,267,43
1980-09-02,11057,0.990065394253194,280,57
1980-09-03,11174,1.0188428457333876,292,70
1980-09-04,11039,1.0129936718138899,304,83
1980-09-05,11013,1.0058558515916367,316,96
1980-09-06,9545,1.134833728092874,328,108
1980-09-07,9287,1.1497838017148436,339,121
1980-09-08,10900,0.966494544675994,350,133
1980-09-09,11019,0.9262246726645301,1,145
1980-09-10,11003,0.9646978137702323,12,157
1980-09-11,10796,0.9380364660107723,23,169
1980-09-12,11198,0.9893818981824685,34,180
1980-09-13,9673,1.09764152172296,45,192
1980-09-14,9499,1.156986342467659,56,204
1980-09-15,11424,1.0171150668182363,67,216
1980-09-16,11414,0.954727877209119,78,228
1980-09-17,11292,0.9646665816772111,90,241
1980-09-18,11317,0.9681954543512886,101,253
1980-09-19,11326,0.9749996116441276,113,267
1980-09-20,9967,1.118448778559621,126,280
1980-09-21,9773,1.1925208416091528,139,294
1980-09-22,11613,1.040674515776762,152,308
1980-09-23,11722,0.9890273863922701,166,323
1980-09-24,11333,0.975863779280988,180,338
1980-09-25,10977,0.9490924863978935,195,354
1980-09-26,11163,0.9759379652801834,209,9
1980-09-27,9754,1.116696234648451,223,24
1980-09-28,9263,1.158830849846413,237,39
1980-09-29,11099,1.0241797917168265,250,53
1980-09-30,11301,0.973399707180993,263,66
1980-10-01,11104,0.9804613099872234,275,80
1980-10-02,10929,0.9737427736975907,287,93
1980-10-03,11048,1.0000002186975365,298,105
1980-10-04,9352,1.100077195667177,310,118
1980-10-05,9013,1.1566758265680355,321,130
1980-10-06,10539,0.9971245105157935,332,142
1980-10-07,10602,0.9466311340635288,343,154
1980-10-08,10827,0.9898679178719924,354,166
1980-10-09,10684,0.9705140116837585,5,177
1980-10-10,10754,0.9943165744587896,16,189
1980-10-11,8984,1.08491363130055,26,201
1980-10-12,8674,1.1560951479044452,37,213
1980-10-13,10093,0.9786411534496516,48,225
1980-10-14,10612,0.9588464515121584,60,237
1980-10-15,10580,0.9770108728745942,71,250
1980-10-16,10232,0.951757725099046,83,262
1980-10-17,10328,0.9707218845664702,95,275
1980-10-18,8970,1.1002927204645379,107,289
1980-10-19,8669,1.153883408722081,120,302
1980-10-20,10289,1.0005610578991444,133,317
1980-10-21,10373,0.9505165100960342,147,331
1980-10-22,10089,0.9444460243672776,161,347
1980-10-23,10051,0.9407942404112174,175,2
1980-10-24,10380,0.9766528410814492,190,17
1980-10-25,8870,1.0860696001911496,204,32
1980-10-26,9159,1.2180585951058502,218,47
1980-10-27,10100,0.9868354751486774,231,62
1980-10-28,10327,0.9515805105673157,244,76
1980-10-29,10081,0.9540289497882161,256,89
1980-10-30,9982,0.9921641950180009,268,102
1980-10-31,10101,0.9631488700237274,280,114
1980-11-01,8851,1.0799450559809016,291,127
1980-11-02,8641,1.1453914634218547,302,139
1980-11-03,10289,0.99946815592579,313,151
1980-11-04,10465,0.9553802166416172,324,163
1980-11-05,10373,0.9686111464752667,335,174
1980-11-06,10128,0.9469225452497166,346,186
1980-11-07,10517,0.9880867812453863,357,198
1980-11-08,8906,1.0909905133036473,8,210
1980-11-09,8745,1.1604270091930509,19,222
1980-11-10,10249,0.9974254152082914,30,234
1980-11-11,10326,0.9470645233868681,41,247
1980-11-12,10059,0.9544013850856978,53,259
1980-11-13,9930,0.9347725134485659,64,272
1980-11-14,10413,0.9771391960095983,76,285
1980-11-15,8829,1.0782408243759591,89,298
1980-11-16,8563,1.1326465337007894,101,312
1980-11-17,10175,0.9842859054536897,114,326
1980-11-18,10500,0.9553259302427641,128,340
1980-11-19,10180,0.9306423861831342,141,355
1980-11-20,9977,0.9153814429217838,155,10
1980-11-21,10243,0.9837406083832729,170,25
1980-11-22,8680,1.1265165475347652,184,40
1980-11-23,8443,1.2147455883146607,197,55
1980-11-24,10447,1.0961025694240853,211,70
1980-11-25,10496,1.048472960680514,224,84
1980-11-26,10236,1.0410537102378101,236,97
1980-11-27,8134,0.8243600014904499,248,110
1980-11-28,9649,0.9437490690357383,260,123
1980-11-29,8821,1.0929530413964528,271,135
1980-11-30,8830,1.1627846292727275,283,147
1980-12-01,10225,0.9913275021572923,293,159
1980-12-02,10711,0.9827937312764601,304,171
1980-12-03,10105,0.9517526881715367,315,183
1980-12-04,9925,0.9378913370572789,326,195
1980-12-05,10288,0.9835359571017632,337,207
1980-12-06,8659,1.079751885558827,348,219
1980-12-07,8513,1.1440580954664727,359,231
1980-12-08,10368,1.0244969253543144,11,244
1980-12-09,10322,0.9572766887134281,22,256
1980-12-10,10120,0.9559598234638155,34,269
1980-12-11,9998,0.9349104536058204,46,282
1980-12-12,10039,0.953039046525438,58,295
1980-12-13,8758,1.0766639842939894,71,309
1980-12-14,8523,1.118421150320763,83,322
1980-12-15,10508,1.0022863971200318,96,336
1980-12-16,10772,0.9562971237471037,109,350
1980-12-17,10524,0.9449302394348373,123,5
1980-12-18,10580,0.9417881672277806,136,19
1980-12-19,10662,0.954929357201075,150,34
1980-12-20,8526,0.9973621623208978,164,49
1980-12-21,8289,1.089984022764191,177,63
1980-12-22,10035,1.0367994745549916,190,78
1980-12-23,10118,1.127717091602829,203,91
1980-12-24,8979,1.1754656298253128,216,105
1980-12-25,7979,0.9006697109654136,228,118
1980-12-26,9313,0.8809516382666647,240,131
1980-12-27,8748,1.0075585346034672,251,143
1980-12-28,8576,1.063810348153435,262,155
1980-12-29,10881,0.9891507698404536,273,167
1980-12-30,11603,1.0686724491976776,284,179
1980-12-31,10947,1.0534829120469025,295,191
1981-01-01,8299,1.0125292215449087,306,203
1981-01-02,9045,0.9806768247378562,317,215
1981-01-03,8458,1.0707887289642215,328,227
1981-01-04,8295,1.1247450839428534,339,240
1981-01-05,9614,0.9610693971864295,351,252
1981-01-06,10128,0.9359523757955784,3,265
1981-01-07,10140,0.9530104434335959,15,278
1981-01-08,9423,0.9128983156460909,27,292
1981-01-09,9702,0.9501232770986833,40,305
1981-01-10,8449,1.0493609158184247,53,319
1981-01-11,8276,1.1135544884386672,65,333
1981-01-12,9900,0.9812415764556108,78,347
1981-01-13,10163,0.9471391001593923,92,1
1981-01-14,10419,0.9665736342640089,105,15
1981-01-15,10157,0.9773925839974281,118,30
1981-01-16,10164,0.9831777169807712,131,44
1981-01-17,8601,1.0681494004226453,144,58
1981-01-18,8402,1.1322995320022222,157,72
1981-01-19,10368,1.0372508313893969,170,86
1981-01-20,10455,0.9607802624711734,183,100
1981-01-21,10166,0.9525180529582163,195,113
1981-01-22,10003,0.9554030037891997,207,126
1981-01-23,10123,0.9670208290541158,219,139
1981-01-24,8825,1.0883196025294468,230,151
1981-01-25,8369,1.1250004396836404,241,163
1981-01-26,10213,1.0159080739146016,252,175
1981-01-27,10346,0.9529157983263159,263,187
1981-01-28,10145,0.9518269368353035,274,199
1981-01-29,9874,0.952002796086572,285,211
1981-01-30,10106,0.9733435715459344,296,223
1981-01-31,8457,1.057433046347599,307,235
1981-02-01,8474,1.1445670850188192,319,248
1981-02-02,10285,1.0141331998278893,330,260
1981-02-03,10231,0.9400450207725762,343,274
1981-02-04,10083,0.9437341187675756,355,287
1981-02-05,9985,0.9546089232094951,8,301
1981-02-06,10099,0.9673639081708777,21,315
1981-02-07,8563,1.0512064189280605,34,329
1981-02-08,8611,1.1544714992458014,47,343
1981-02-09,10313,1.02336698308572,61,358
1981-02-10,10355,0.9397660768871581,74,12
1981-02-11,10112,0.936392595356631,87,26
1981-02-12,10332,0.9681751752625342,100,41
1981-02-13,9670,0.9387986984913487,113,54
1981-02-14,9114,1.0708866759979783,126,68
1981-02-15,8538,1.1335387314090766,139,82
1981-02-16,9796,0.9677334791626016,151,95
1981-02-17,10409,0.9530601499090686,163,108
1981-02-18,10313,0.9581410687758958,175,121
1981-02-19,10337,0.9869279756689583,187,134
1981-02-20,10368,0.9814748547060651,198,147
1981-02-21,8975,1.107227401972714,210,159
1981-02-22,8657,1.1488635286744777,221,171
1981-02-23,10157,1.0019859540116371,232,183
1981-02-24,10423,0.9486798157243559,243,195
1981-02-25,10270,0.9490976531665811,254,207
1981-02-26,10054,0.9533904536811613,264,219
1981-02-27,10226,0.9750241815226697,275,231
1981-02-28,8892,1.0919242834573892,287,243
1981-03-01,8534,1.1546989902737124,298,255
1981-03-02,10130,0.9937029283781078,310,268
1981-03-03,10471,0.9417556168963587,322,281
1981-03-04,10277,0.9466640597014548,335,295
1981-03-05,10168,0.9581077142098655,348,309
1981-03-06,10134,0.9624013620741433,1,324
1981-03-07,8697,1.0670077319607443,15,338
1981-03-08,8369,1.1217008233491408,29,353
1981-03-09,9912,0.9829170982230063,43,8
1981-03-10,10348,0.943652038786742,56,23
1981-03-11,10184,0.9468629053993447,70,37
1981-03-12,10137,0.9596418029641705,83,51
1981-03-13,9961,0.9596294097040683,96,65
1981-03-14,8937,1.0999038128756926,108,79
1981-03-15,8338,1.1219315860286543,121,92
1981-03-16,10269,1.0176327681676691,133,105
1981-03-17,10731,0.9689867936444081,145,118
1981-03-18,10129,0.9364324226439166,156,130
1981-03-19,10030,0.9543444455581274,168,143
1981-03-20,10184,0.962732911676892,179,155
1981-03-21,8773,1.0711531179446219,190,167
1981-03-22,8458,1.138701585970665,201,179
1981-03-23,10040,0.9966918286859922,212,191
1981-03-24,10453,0.9600096982501609,223,203
1981-03-25,10090,0.9389244046878241,234,215
1981-03-26,10193,0.9708049737326194,245,227
1981-03-27,10454,0.9967203623814256,256,239
1981-03-28,8835,1.090937485607889,267,251
1981-03-29,8532,1.1535772451561364,278,263
1981-03-30,10063,1.0039700704101004,290,276
1981-03-31,10327,0.9533124508153452,302,289
1981-04-01,9860,0.954898192117256,315,303
1981-04-02,10004,0.9570651296040197,328,317
1981-04-03,10151,0.9668589492924327,342,332
1981-04-04,8888,1.0962275239392931,356,347
1981-04-05,8378,1.1331365078537405,10,2
1981-04-06,9988,1.0030418454962693,24,17
1981-04-07,10356,0.9562784975866236,38,32
1981-04-08,10034,0.9423679869365792,52,47
1981-04-09,10052,0.9651483524773078,65,61
1981-04-10,10115,0.9763931070598981,78,75
1981-04-11,8702,1.0819584251479955,91,89
1981-04-12,8338,1.1351302385622046,103,102
1981-04-13,9736,0.9916587704962155,115,115
1981-04-14,10277,0.9578862346399724,127,127
1981-04-15,9966,0.9363191822661846,138,140
1981-04-16,9634,0.92397709074319,149,152
1981-04-17,9593,0.921187552810756,160,164
1981-04-18,8349,1.0390831093092678,171,176
1981-04-19,8122,1.1049706354655646,182,188
1981-04-20,9558,0.9616914681589789,193,200
1981-04-21,10155,0.9404186536581411,204,212
1981-04-22,9992,0.9430168128310159,215,224
1981-04-23,10078,0.9703726829466842,226,236
1981-04-24,9921,0.9572477305761604,237,248
1981-04-25,8431,1.0515570412628508,248,260
1981-04-26,7756,1.0559405211489643,260,272
1981-04-27,9657,0.974249468649903,271,285
1981-04-28,10242,0.9536517593779129,283,298
1981-04-29,9959,0.9474245308418502,296,312
1981-04-30,9675,0.9424928865063176,309,326
1981-05-01,10047,0.9608375245449656,323,340
1981-05-02,8329,1.0294998199594976,337,355
1981-05-03,8115,1.1036289411308062,351,10
1981-05-04,9755,0.9819320713774857,5,25
1981-05-05,10383,0.9520792298685702,19,41
1981-05-06,9884,0.9263185193342023,33,56
1981-05-07,9906,0.9472024668780052,47,70
1981-05-08,10086,0.964999384734042,60,85
1981-05-09,8354,1.0374597675289596,73,98
1981-05-10,8504,1.1489609313876035,85,111
1981-05-11,9942,0.9916476645622583,97,124
1981-05-12,10076,0.9225154197162301,109,137
1981-05-13,9895,0.9376779859269792,120,149
1981-05-14,10145,0.9687461303060213,131,161
1981-05-15,10195,0.9612723898381231,142,173
1981-05-16,8518,1.0419307825383666,153,185
1981-05-17,8194,1.0975896309122808,164,197
1981-05-18,10159,1.0041485388683054,175,209
1981-05-19,10309,0.9418159584891902,186,221
1981-05-20,10086,0.9274910335740886,197,233
1981-05-21,10182,0.9519532246551229,208,245
1981-05-22,10424,0.9743948019409641,219,257
1981-05-23,8760,1.053789769306014,230,269
1981-05-24,8344,1.098619072928272,242,282
1981-05-25,8843,0.879020096792934,254,294
1981-05-26,10471,0.9754179926020168,266,307
1981-05-27,10674,1.0169544613969141,278,321
1981-05-28,10400,0.996559628069297,291,335
1981-05-29,10411,0.9994115283920797,305,349
1981-05-30,8852,1.1173635230445014,318,4
1981-05-31,8598,1.1731192784728184,332,19
1981-06-01,10077,0.9887306827495482,347,34
1981-06-02,10355,0.9230124826659498,1,49
1981-06-03,10195,0.9305592480583972,15,64
1981-06-04,10208,0.956003860539377,29,79
1981-06-05,10366,0.9701626140695719,42,93
1981-06-06,8965,1.0901896490209864,55,107
1981-06-07,8638,1.1491972292252777,67,120
1981-06-08,10206,1.0027041158740522,79,133
1981-06-09,10569,0.9557419606775704,91,146
1981-06-10,10379,0.9493632181577789,102,158
1981-06-11,10131,0.947167163022173,113,170
1981-06-12,10162,0.9488479465567915,124,182
1981-06-13,8853,1.0890030227633536,135,194
1981-06-14,8484,1.127443597741212,146,206
1981-06-15,10182,0.9894981652826976,157,218
1981-06-16,10749,0.9582100842806164,168,230
1981-06-17,10414,0.9447129179107723,179,242
1981-06-18,10072,0.9328394055100475,190,254
1981-06-19,10522,0.978883982452815,202,266
1981-06-20,9012,1.077215226263196,213,279
1981-06-21,8713,1.1429989504316718,225,291
1981-06-22,10597,1.0237390564334665,237,304
1981-06-23,10540,0.9415808803357927,249,318
1981-06-24,10325,0.9329726937330903,262,331
1981-06-25,10377,0.9507703129790955,275,345
1981-06-26,10524,0.9642645652623743,288,359
1981-06-27,8649,1.023178210511687,301,13
1981-06-28,8599,1.1083012126378153,315,28
1981-06-29,10502,0.9955227049776383,329,43
1981-06-30,11057,0.96022053392254,343,58
1981-07-01,10679,0.9320235405306248,356,72
1981-07-02,10657,0.946547404090378,10,87
1981-07-03,9717,0.8877204500467004,23,101
1981-07-04,8935,1.22212378240841,36,115
1981-07-05,8875,1.263814848413584,49,128
1981-07-06,10602,1.0127222434192877,61,141
1981-07-07,11498,0.9645363391529621,72,154
1981-07-08,11205,0.9576196394992573,84,166
1981-07-09,11146,0.9839953159001562,95,178
1981-07-10,11364,1.0053938650055911,106,190
1981-07-11,9452,1.0936957989609941,117,202
1981-07-12,8997,1.145010815739687,128,214
1981-07-13,10618,1.005360886763212,139,226
1981-07-14,11577,0.9938706905497329,150,238
1981-07-15,11108,0.9632561133997893,161,250
1981-07-16,10942,0.9669984383174107,172,263
1981-07-17,11126,0.9843507237813645,184,275
1981-07-18,9333,1.077377039011279,196,288
1981-07-19,8993,1.1424589538486425,208,301
1981-07-20,11111,1.0353654891068595,220,314
1981-07-21,11313,0.9685904266723742,233,328
1981-07-22,11064,0.960397590315958,246,342
1981-07-23,10965,0.9716709771384303,259,356
1981-07-24,11010,0.9813024782027753,272,10
1981-07-25,9430,1.0869529401976763,285,24
1981-07-26,9254,1.1737937819294295,298,38
1981-07-27,10893,1.014058249738497,312,53
1981-07-28,11479,0.9799799828759662,325,67
1981-07-29,11211,0.9774113632954277,339,81
1981-07-30,11000,0.9783086076569485,352,96
1981-07-31,11211,1.0013899644790827,5,109
1981-08-01,9733,1.1216007437957598,18,123
1981-08-02,9276,1.1726925432649364,30,136
1981-08-03,11152,1.0402118159700222,42,149
1981-08-04,11697,1.0072841713840006,54,162
1981-08-05,11438,0.9980447948560357,65,174
1981-08-06,11153,0.993394462328383,76,186
1981-08-07,11256,0.9991390031108344,87,198
1981-08-08,9803,1.1198632369255495,98,210
1981-08-09,9360,1.1661004751015651,109,222
1981-08-10,11052,1.0207963844145,120,234
1981-08-11,11242,0.962811422878099,131,246
1981-08-12,11357,0.9818204897230164,142,259
1981-08-13,11088,0.9903278201323535,154,271
1981-08-14,11433,1.0131614723962206,166,284
1981-08-15,9628,1.097098049173356,178,297
1981-08-16,9282,1.1597268985708216,191,311
1981-08-17,11048,1.0171431077833724,203,324
1981-08-18,11407,0.9722396152694427,216,338
1981-08-19,11059,0.9582232080430599,229,352
1981-08-20,10956,0.9642929759622476,243,6
1981-08-21,11091,0.9827513173095738,256,21
1981-08-22,9740,1.119512270952042,269,35
1981-08-23,9225,1.160195594233227,282,49
1981-08-24,11147,1.0385568014723943,296,63
1981-08-25,11407,0.9775909282376004,309,77
1981-08-26,11198,0.9738453212699385,322,91
1981-08-27,11059,0.9765323476430436,334,105
1981-08-28,11260,0.9890097128892594,347,118
1981-08-29,9667,1.1017387748235266,359,132
1981-08-30,9261,1.1582881091073804,11,145
1981-08-31,11050,1.0212051072568624,23,157
1981-09-01,11156,0.9889579791244033,35,170
1981-09-02,10922,0.9990893073872923,46,182
1981-09-03,10894,0.9965169351345471,57,194
1981-09-04,11180,1.0217218365194831,68,206
1981-09-05,9354,1.1114535701205832,79,218
1981-09-06,9095,1.168430899451222,90,230
1981-09-07,9213,0.8724246325680126,101,242
1981-09-08,11071,0.9300015119698657,112,254
1981-09-09,11356,0.9475623561429658,123,266
1981-09-10,11245,0.9656158006103978,135,279
1981-09-11,11471,1.0080307946869462,147,292
1981-09-12,9561,1.0756652154833026,159,305
1981-09-13,9396,1.1677146468738957,172,319
1981-09-14,11377,1.0282474554285572,185,333
1981-09-15,11422,0.943949072302044,199,348
1981-09-16,11365,0.9522058373880776,212,2
1981-09-17,11071,0.9460178428926748,226,17
1981-09-18,11148,0.9545433644690613,240,31
1981-09-19,9609,1.0644539488778086,253,46
1981-09-20,9532,1.1542028480669069,266,60
1981-09-21,11262,1.0065554628601558,279,74
1981-09-22,11488,0.9511271295376605,292,88
1981-09-23,11281,0.9513221287696143,305,101
1981-09-24,11201,0.965459675106716,317,115
1981-09-25,11460,0.9890568753345013,329,128
1981-09-26,9703,1.0862952063729112,341,141
1981-09-27,9337,1.1482035084197768,353,153
1981-09-28,11341,1.0341277610129522,4,166
1981-09-29,11074,0.9400024095080342,16,178
1981-09-30,10992,0.9545058115938341,27,191
1981-10-01,10881,0.9574451158433941,38,203
1981-10-02,11018,0.9750931693723739,49,214
1981-10-03,9318,1.0749876837188395,60,226
1981-10-04,8905,1.1337585513390795,71,238
1981-10-05,10874,1.0187756081069013,81,250
1981-10-06,10899,0.9490410639756223,92,262
1981-10-07,10483,0.9333511767713988,104,274
1981-10-08,10405,0.9490865309058303,115,287
1981-10-09,10905,0.9992798278198645,127,300
1981-10-10,9313,1.095404432850837,140,313
1981-10-11,8756,1.1387558527728825,153,327
1981-10-12,10372,0.9976046772251116,166,342
1981-10-13,10616,0.9600439916043252,180,356
1981-10-14,10214,0.9319842242382117,194,11
1981-10-15,10456,0.9651351660336671,208,26
1981-10-16,10716,0.9918334997091973,222,41
1981-10-17,8537,1.0282249103289571,236,56
1981-10-18,8540,1.1290331268389577,249,71
1981-10-19,10023,0.9792285630799995,262,85
1981-10-20,10277,0.9281439665099565,275,98
1981-10-21,10460,0.9572196813672273,287,112
1981-10-22,10267,0.9611022419572548,299,125
1981-10-23,10316,0.9679049097139609,311,138
1981-10-24,8687,1.0528637158229124,323,150
1981-10-25,8733,1.1557836510663093,334,163
1981-10-26,10044,0.9795154437779959,346,175
1981-10-27,10452,0.9431387443837781,357,187
1981-10-28,10153,0.9335278351549975,8,199
1981-10-29,10111,0.9517792083732683,19,211
1981-10-30,10302,0.9771738196553394,30,223
1981-10-31,8643,1.1123653658117685,40,235
1981-11-01,8358,1.1209897400022937,51,247
1981-11-02,10303,1.0012523895859762,62,258
1981-11-03,10397,0.9350913600582289,73,270
1981-11-04,10350,0.9461187523263812,84,283
1981-11-05,10315,0.9620042374174557,96,295
1981-11-06,10678,0.9993723735015212,108,308
1981-11-07,8797,1.064982120617665,120,321
1981-11-08,8471,1.1194588128354312,133,335
1981-11-09,10155,0.9908062947438723,146,350
1981-11-10,10356,0.9324082766312792,160,5
1981-11-11,10050,0.9203955389879528,174,20
1981-11-12,10256,0.9609398443461349,189,35
1981-11-13,9919,0.9432709978321981,203,50
1981-11-14,8796,1.0721581877418942,217,65
1981-11-15,8499,1.1218082197815378,231,80
1981-11-16,10453,1.0167536744112997,244,94
1981-11-17,10765,0.9661366424325274,257,108
1981-11-18,10144,0.9234334349738974,269,121
1981-11-19,10224,0.9502849451782481,281,135
1981-11-20,10574,0.9688726472932824,293,147
1981-11-21,8746,1.0390311440926585,304,160
1981-11-22,8427,1.138404602682995,315,172
1981-11-23,10335,1.0683138953423346,327,184
1981-11-24,10528,1.0277570887194372,338,196
1981-11-25,10452,1.0319734124714797,348,208
1981-11-26,8154,0.832098734126677,359,220
1981-11-27,9650,0.9836996367779716,10,232
1981-11-28,8487,1.1137402268511776,21,244
1981-11-29,8528,1.1732529207321734,32,255
1981-11-30,10217,1.0082717986670862,43,267
1981-12-01,10880,0.9721281908466166,54,279
1981-12-02,10456,0.9539572632381355,65,292
1981-12-03,10113,0.9479449275882937,76,304
1981-12-04,9920,0.9364655490075405,88,317
1981-12-05,8560,1.0474003973996537,101,330
1981-12-06,8316,1.1182630873014925,113,344
1981-12-07,10090,1.002115878641575,126,358
1981-12-08,10621,0.9684716617687482,140,13
1981-12-09,10112,0.9402909106294987,154,28
1981-12-10,9935,0.9412657177976486,168,43
1981-12-11,10164,0.9623124905721603,182,58
1981-12-12,8635,1.0455292468451531,197,73
1981-12-13,8284,1.1061921005553539,211,88
1981-12-14,10365,1.014880941884688,224,103
1981-12-15,10799,0.9615070823152915,237,117
1981-12-16,10333,0.927486736500213,250,130
1981-12-17,10672,0.96786116157095,262,144
1981-12-18,10853,0.9766996893987292,274,156
1981-12-19,8664,0.9986262232558432,285,169
1981-12-20,8173,1.0296373501297533,296,181
1981-12-21,10562,0.9840660947860516,307,193
1981-12-22,10567,0.9428134364578638,318,205
1981-12-23,9841,0.9568109340883473,329,217
1981-12-24,8741,0.9952618317090559,340,229
1981-12-25,8023,1.0527156862410332,350,240
1981-12-26,8352,1.2207438334072997,1,252
1981-12-27,8653,1.1513288592070088,12,264
1981-12-28,11045,1.0132060581426208,23,276
1981-12-29,11279,0.949305721354481,35,289
1981-12-30,11036,0.9440932250058505,46,301
1981-12-31,10394,0.9779750492151579,58,314
1982-01-01,8560,1.0329415569146319,70,327
1982-01-02,8308,1.1562683811979302,82,340
1982-01-03,8606,1.1706064110686825,94,354
1982-01-04,9958,0.9814201704393426,107,7
1982-01-05,10253,0.9381246590142762,121,22
1982-01-06,10182,0.9485532974910563,134,36
1982-01-07,9949,0.9290933135140098,148,51
1982-01-08,10087,0.9665301806593433,162,66
1982-01-09,8484,1.0665081251877095,176,81
1982-01-10,8387,1.1191792862147267,190,96
1982-01-11,10226,1.0000965370128996,203,111
1982-01-12,10452,0.9481981675341079,216,125
1982-01-13,10182,0.9565848973054079,229,139
1982-01-14,10100,0.9310017109607012,241,152
1982-01-15,9969,0.9488015102298739,253,165
1982-01-16,8705,1.080888676095346,265,177
1982-01-17,8522,1.137098350161943,276,190
1982-01-18,10253,1.0043261073391785,287,202
1982-01-19,10708,0.9805192611076217,298,213
1982-01-20,10334,0.9573419279973997,309,225
1982-01-21,10176,0.9473717001710873,320,237
1982-01-22,10425,0.9848102984346263,330,249
1982-01-23,8706,1.0675545490593688,341,261
1982-01-24,8532,1.130488192109841,353,273
1982-01-25,10232,0.9997347775647872,4,285
1982-01-26,10457,0.9520662097732909,15,298
1982-01-27,10156,0.9429818469455742,27,311
1982-01-28,10113,0.94277085018127,39,324
1982-01-29,10207,0.9733373750118782,51,337
1982-01-30,8726,1.0788148118429592,64,350
1982-01-31,8380,1.1257812543078562,76,4
1982-02-01,10222,1.0035379805720304,89,18
1982-02-02,10426,0.9409518246453481,102,32
1982-02-03,10169,0.9419056524342535,116,46
1982-02-04,10070,0.936503831629457,129,61
1982-02-05,10242,0.968461534850637,142,75
1982-02-06,8804,1.0825210812192574,156,90
1982-02-07,8514,1.122972580102621,169,104
1982-02-08,10362,1.009760455748233,183,119
1982-02-09,10551,0.9582944439481638,196,133
1982-02-10,10424,0.9536799465224975,208,146
1982-02-11,10402,0.9571014147210297,221,160
1982-02-12,10474,0.9707386002138,233,173
1982-02-13,8963,1.1169769782833552,244,185
1982-02-14,8680,1.0957908310562503,256,198
1982-02-15,10206,0.9848745652041812,267,210
1982-02-16,10737,0.9708427824008963,278,221
1982-02-17,10532,0.9721219286415391,288,233
1982-02-18,10366,0.9569204621514753,299,245
1982-02-19,10375,0.9797138173242627,310,257
1982-02-20,8923,1.084276144558888,321,269
1982-02-21,8709,1.1543675361384007,332,281
1982-02-22,10577,1.0202548638457747,344,294
1982-02-23,10474,0.9457311947049128,356,307
1982-02-24,10462,0.9599314609642163,8,320
1982-02-25,10367,0.9519491563851336,20,333
1982-02-26,10047,0.9422985105587479,33,347
1982-02-27,8852,1.0834174456682955,46,1
1982-02-28,8384,1.1061595832377955,59,15
1982-03-01,10257,1.0087455858798415,72,29
1982-03-02,10679,0.9588190950417464,85,43
1982-03-03,10506,0.9525461874051072,98,57
1982-03-04,10205,0.9340341190857495,111,71
1982-03-05,10476,0.9763251422740816,124,85
1982-03-06,8768,1.0688596709869598,137,99
1982-03-07,8399,1.1071312868950747,150,113
1982-03-08,10293,1.0027451910115897,163,127
1982-03-09,10417,0.9454906192746606,176,141
1982-03-10,10424,0.9582712359112435,188,154
1982-03-11,10233,0.9453483819048006,201,168
1982-03-12,10369,0.9708603621463392,212,180
1982-03-13,8966,1.1087768878846302,224,193
1982-03-14,8402,1.111012826860332,235,205
1982-03-15,10098,0.9876088996856458,246,217
1982-03-16,10547,0.9566450723626415,257,229
1982-03-17,10583,0.9633520955084998,268,241
1982-03-18,10447,0.9596694385432682,279,253
1982-03-19,10259,0.965449209421214,290,265
1982-03-20,8705,1.0563334305182042,301,277
1982-03-21,8313,1.0905225579777376,312,289
1982-03-22,10056,0.9840397765111363,324,302
1982-03-23,10338,0.9393396974416826,336,315
1982-03-24,10210,0.9452768001554567,349,329
1982-03-25,10238,0.9466180587839491,1,342
1982-03-26,10280,0.9683743275795762,15,356
1982-03-27,8568,1.0486127010292468,28,11
1982-03-28,8214,1.0897363947547112,41,25
1982-03-29,10216,1.003972605036974,55,39
1982-03-30,10481,0.9570948472870672,68,54
1982-03-31,10271,0.9558118366599945,81,68
1982-04-01,10118,0.9736324278782718,94,82
1982-04-02,10528,0.9961709448917074,107,96
1982-04-03,8955,1.0948754169593182,120,110
1982-04-04,8432,1.1173795022291204,133,123
1982-04-05,10128,0.9956592044886743,145,137
1982-04-06,10620,0.9761667220940746,157,150
1982-04-07,9974,0.9284538036103192,169,163
1982-04-08,10158,0.947926872232479,181,176
1982-04-09,10099,0.9590475720848802,193,189
1982-04-10,8385,1.0389788467143428,204,201
1982-04-11,7914,1.0572093276704648,216,213
1982-04-12,9991,0.9886393797463271,227,225
1982-04-13,10350,0.9648971097178966,238,237
1982-04-14,10233,0.9614996642511413,248,249
1982-04-15,10295,0.9610579770137068,259,261
1982-04-16,10275,0.9746677049763482,270,273
1982-04-17,8852,1.0911384069943593,281,285
1982-04-18,8195,1.0958174912131067,293,297
1982-04-19,10172,1.0058639594397893,304,310
1982-04-20,10603,0.9764645071599624,317,323
1982-04-21,10030,0.9363556326501208,329,337
1982-04-22,9958,0.9338117433463501,342,351
1982-04-23,10011,0.9533708167746021,356,5
1982-04-24,8494,1.0520247891149197,9,20
1982-04-25,7855,1.0526242768838558,23,35
1982-04-26,10369,1.026085792731124,37,49
1982-04-27,10270,0.9483253357944342,51,64
1982-04-28,10262,0.9632425089522957,64,79
1982-04-29,9911,0.9368424647158422,77,93
1982-04-30,10396,1.0016443887860478,90,107
1982-05-01,8720,1.0704708838124404,103,120
1982-05-02,8407,1.1164721815623586,116,134
1982-05-03,10442,1.032198894798758,128,147
1982-05-04,10632,0.9795533694940891,140,160
1982-05-05,10409,0.9621833390426234,152,173
1982-05-06,10372,0.9658514073681299,163,185
1982-05-07,10494,0.9924433840661284,175,198
1982-05-08,8755,1.075248991621281,186,210
1982-05-09,8592,1.1464219889381044,197,222
1982-05-10,10616,1.0425288067469676,208,234
1982-05-11,10703,0.9771204973700524,219,246
1982-05-12,10428,0.9624653090202065,229,257
1982-05-13,10131,0.9539166645044248,240,269
1982-05-14,10497,0.9913872079330908,251,281
1982-05-15,8867,1.073200256282306,262,293
1982-05-16,8419,1.1064586513046508,274,305
1982-05-17,10571,1.0292129760307944,285,318
1982-05-18,10800,0.9770790905556065,298,331
1982-05-19,10517,0.9685899675158289,310,345
1982-05-20,10400,0.9502640382600548,323,359
1982-05-21,10545,0.9751002886157442,337,13
1982-05-22,8605,1.0325147187390742,351,28
1982-05-23,8460,1.093436786952086,5,43
1982-05-24,10406,0.9958680627825005,19,58
1982-05-25,10932,0.9946213241345887,33,73
1982-05-26,10854,1.0192741428182672,47,88
1982-05-27,10708,1.013684647004134,60,103
1982-05-28,10683,1.0124727952564705,73,117
1982-05-29,8965,1.1047067893492206,86,130
1982-05-30,8719,1.1824783773833558,99,144
1982-05-31,8997,0.8922521350024767,111,157
1982-06-01,10498,0.9427841772504015,123,170
1982-06-02,10712,0.9625573669467435,134,182
1982-06-03,10635,0.9645272292400151,145,194
1982-06-04,10591,0.9810161047340731,157,207
1982-06-05,8920,1.0716254164946921,168,219
1982-06-06,8765,1.1451888922315845,179,231
1982-06-07,10383,1.0040361941112994,190,242
1982-06-08,10636,0.9564329421266243,200,254
1982-06-09,10353,0.9437817101953145,211,266
1982-06-10,10703,0.9727530784571012,222,278
1982-06-11,10629,0.982849246886592,233,290
1982-06-12,9125,1.093692226914254,244,302
1982-06-13,8508,1.1244484455486454,256,314
1982-06-14,10482,1.0124730327468499,267,327
1982-06-15,10943,0.9733684460281679,280,340
1982-06-16,10953,0.9842928921409758,292,353
1982-06-17,10731,0.9672587659937415,305,7
1982-06-18,10880,0.9966444348290592,318,22
1982-06-19,8948,1.068571830088588,332,37
1982-06-20,8798,1.1298966062918763,346,52
1982-06-21,10786,1.0284511729002563,1,67
1982-06-22,11050,0.9770742762890977,15,82
1982-06-23,10758,0.968829038445842,29,97
1982-06-24,10839,0.9731690485429563,43,112
1982-06-25,11016,0.9982697418004263,56,126
1982-06-26,9216,1.0839335409568962,69,140
1982-06-27,8982,1.1416471127643502,81,153
1982-06-28,10978,1.0284382725209753,94,166
1982-06-29,11456,0.9939650734628117,105,179
1982-06-30,10962,0.9596703215408675,117,192
1982-07-01,10924,0.947323226521048,128,204
1982-07-02,10893,0.9569188086189047,139,216
1982-07-03,9293,1.0897949220958463,150,228
1982-07-04,9036,1.3279150929492574,161,239
1982-07-05,8978,0.9292655500025907,172,251
1982-07-06,11171,0.9766828560927922,183,263
1982-07-07,11742,0.9929718877211515,193,275
1982-07-08,11654,0.989638075467688,204,287
1982-07-09,11312,0.987719375335218,216,299
1982-07-10,9591,1.0892152610675865,227,311
1982-07-11,9165,1.1394066410806376,238,324
1982-07-12,10996,1.0171657870530988,250,336
1982-07-13,11136,0.9650891877351861,262,350
1982-07-14,11095,0.9601956711483689,275,3
1982-07-15,11218,0.9665883078082079,288,17
1982-07-16,11339,0.9911148923489317,301,31
1982-07-17,9616,1.092069014400457,314,45
1982-07-18,9374,1.1626388880158476,328,60
1982-07-19,11039,1.0193208083229015,342,75
1982-07-20,11551,0.985187935524755,356,90
1982-07-21,11242,0.9702966973859262,10,105
1982-07-22,11004,0.9490949775958679,24,120
1982-07-23,11347,0.9945161363630708,38,134
1982-07-24,9608,1.0992421982478278,51,148
1982-07-25,9096,1.1264786026277493,63,162
1982-07-26,11041,1.017925194267287,76,175
1982-07-27,11474,0.9776630645503317,87,188
1982-07-28,11235,0.9669072414547168,99,200
1982-07-29,11073,0.9592206729107682,110,212
1982-07-30,11116,0.9778042304666001,121,224
1982-07-31,9589,1.0994538938455471,132,236
1982-08-01,9193,1.1382096714805792,143,248
1982-08-02,10956,1.0067475735277704,154,260
1982-08-03,11515,0.9830869428478527,165,272
1982-08-04,11253,0.9768872142226804,176,284
1982-08-05,11196,0.9706955316235388,187,296
1982-08-06,11014,0.9702759994885984,198,308
1982-08-07,9349,1.0652506527357062,210,321
1982-08-08,9198,1.1289451353932334,221,333
1982-08-09,10903,0.9873048715935228,233,346
1982-08-10,11383,0.9623076680308423,246,360
1982-08-11,11104,0.9586844726447984,258,13
1982-08-12,11195,0.9616405367961871,271,27
1982-08-13,10678,0.943269653862831,284,41
1982-08-14,9444,1.0742843827399187,297,55
1982-08-15,9215,1.1281793518514924,311,70
1982-08-16,11201,1.017222851098348,325,84
1982-08-17,11489,0.9681431749547416,338,99
1982-08-18,11266,0.9679885171076925,352,114
1982-08-19,11154,0.9602883633571878,6,128
1982-08-20,11385,0.9910833929406948,19,143
1982-08-21,9602,1.0921428625221168,32,157
1982-08-22,9098,1.1235419178684751,45,170
1982-08-23,10944,1.0004285240414317,57,183
1982-08-24,11577,0.9872502448156796,69,196
1982-08-25,11153,0.9635538932427413,80,209
1982-08-26,11026,0.9527691925353684,92,221
1982-08-27,11266,0.9839220808723317,102,233
1982-08-28,9484,1.0692974531837383,113,245
1982-08-29,8900,1.0898089458899145,124,256
1982-08-30,10963,0.9966284308157841,135,268
1982-08-31,11505,0.9731869728504847,146,280
1982-09-01,11118,0.9935611236776994,157,292
1982-09-02,11081,1.0071665477142464,169,305
1982-09-03,11475,1.0381741027081917,180,317
1982-09-04,9579,1.1237141922792282,192,330
1982-09-05,9158,1.1691441070118276,204,343
1982-09-06,9262,0.8648688413000309,217,357
1982-09-07,11342,0.9830496540307585,229,10
1982-09-08,11455,0.9700418795785959,242,24
1982-09-09,11395,0.9447500937640082,255,37
1982-09-10,11917,1.0121200481029708,268,51
1982-09-11,9695,1.093616752384248,281,66
1982-09-12,9660,1.167681445104919,294,80
1982-09-13,11343,1.0246293596233176,307,94
1982-09-14,11725,0.9699329215249773,321,108
1982-09-15,11359,0.9463354185810746,334,123
1982-09-16,11578,0.9638626323383693,347,137
1982-09-17,11736,0.9918654488085068,360,151
1982-09-18,9577,1.0526233782478651,13,165
1982-09-19,9552,1.136884757966169,26,178
1982-09-20,11596,1.020590353038295,38,191
1982-09-21,11791,0.9645656465639255,50,204
1982-09-22,11530,0.9623255951287443,61,217
1982-09-23,11551,0.9678761371522236,72,229
1982-09-24,11480,0.9786770724301639,83,241
1982-09-25,9792,1.0848079876310508,94,253
1982-09-26,9425,1.1336960585016724,105,264
1982-09-27,11538,1.031305157541405,116,276
1982-09-28,11674,0.9743197343985266,127,288
1982-09-29,11402,0.9756725159937621,138,300
1982-09-30,11269,0.9723160059539879,150,313
1982-10-01,11297,0.9831694851169726,162,326
1982-10-02,9603,1.0909255063896686,174,339
1982-10-03,9188,1.1388727852543428,186,353
1982-10-04,11176,1.0342325197441458,199,6
1982-10-05,11205,0.9608598228208498,212,20
1982-10-06,11143,0.9781356081451972,225,34
1982-10-07,10945,0.9682677305216584,238,48
1982-10-08,11065,0.9982408269921645,251,62
1982-10-09,9196,1.0816960258183181,264,77
1982-10-10,8879,1.1220763098012319,277,91
1982-10-11,10327,0.9762121093075159,290,105
1982-10-12,10989,0.9674156430338021,303,119
1982-10-13,10316,0.9404596013971818,316,133
1982-10-14,10722,0.9720949999955776,329,146
1982-10-15,10510,0.9595010752506196,342,160
1982-10-16,8894,1.0566910129481677,354,174
1982-10-17,8582,1.1105670807675874,7,187
1982-10-18,10417,1.0010058659109589,18,200
1982-10-19,10945,0.9787258795819257,30,212
1982-10-20,10440,0.9504911446156327,41,225
1982-10-21,10444,0.9496574881393588,52,237
1982-10-22,10432,0.9658591334091213,63,249
1982-10-23,8980,1.0815398276204655,74,260
1982-10-24,8655,1.1270491504770805,85,272
1982-10-25,10341,0.9947656244614728,96,284
1982-10-26,10681,0.9534006913320708,107,296
1982-10-27,10372,0.9434899539509313,118,308
1982-10-28,10503,0.959547437732914,130,321
1982-10-29,10514,0.9788818136688099,142,334
1982-10-30,8723,1.0620891462805948,154,347
1982-10-31,8876,1.2273648600383316,167,1
1982-11-01,10350,1.0089851279511541,180,15
1982-11-02,10667,0.9488140881133833,193,29
1982-11-03,10265,0.9306867716188137,207,44
1982-11-04,10449,0.9490743335931388,220,58
1982-11-05,10441,0.9630970059496018,234,73
1982-11-06,8758,1.0521730771372033,247,87
1982-11-07,8657,1.1260264405297458,260,102
1982-11-08,10429,1.0017543791917705,273,116
1982-11-09,10737,0.9588501623406154,286,129
1982-11-10,10578,0.9600994655217016,299,143
1982-11-11,10418,0.9480101676008467,311,156
1982-11-12,10490,0.9721065325700914,324,170
1982-11-13,8826,1.0774009035083887,336,183
1982-11-14,8108,1.0618442802291483,347,196
1982-11-15,10414,0.9991104611536341,359,208
1982-11-16,10442,0.9296456740609466,10,221
1982-11-17,10361,0.9373996357338407,22,233
1982-11-18,10394,0.9401545796908015,33,245
1982-11-19,10621,0.9763793851493171,43,257
1982-11-20,8900,1.0467963912620823,54,268
1982-11-21,8434,1.0765299956644283,65,280
1982-11-22,10481,1.0291330234371663,76,292
1982-11-23,10810,1.0227583971810426,87,304
1982-11-24,10307,1.0143211185578216,98,316
1982-11-25,8045,0.7892513885404129,110,329
1982-11-26,9239,0.9325009986491785,121,342
1982-11-27,8558,1.1198305228280452,134,355
1982-11-28,8528,1.2024038046177548,147,9
1982-11-29,10540,1.05397475212461,160,23
1982-11-30,11074,1.0002710731816358,173,38
1982-12-01,10432,0.9396385100733364,187,53
1982-12-02,10056,0.9116094277807131,201,68
1982-12-03,10139,0.9399795539535536,215,82
1982-12-04,8595,1.0415277241551837,229,97
1982-12-05,8444,1.1100962625055684,242,112
1982-12-06,10066,0.9838560922613183,256,126
1982-12-07,10227,0.929681089276947,268,140
1982-12-08,10113,0.9296085360203769,281,153
1982-12-09,9920,0.916551870562655,293,167
1982-12-10,10016,0.9385531466153672,305,180
1982-12-11,8605,1.0457964470664525,317,192
1982-12-12,8275,1.076503119481335,328,205
1982-12-13,10015,0.9720454248283056,340,217
1982-12-14,10700,0.9589335910469183,351,229
1982-12-15,10388,0.9323940091003721,2,241
1982-12-16,10632,0.9482360125490078,13,253
1982-12-17,10619,0.9525133061995883,23,265
1982-12-18,8502,0.9821485235830575,34,277
1982-12-19,8394,1.0395058400181312,45,289
1982-12-20,10681,0.9780472778461505,56,300
1982-12-21,10661,0.9091488896847915,67,312
1982-12-22,9901,0.8905364569303172,78,325
1982-12-23,9250,0.8936116652357942,89,337
1982-12-24,8186,0.9218667552376018,101,350
1982-12-25,7825,1.3179637617098623,113,3
1982-12-26,7953,1.2489311052996295,126,17
1982-12-27,10227,0.9890678548914938,139,31
1982-12-28,10673,0.8961434415752743,153,46
1982-12-29,10841,0.9198212385605621,167,60
1982-12-30,10886,0.9253195076953987,181,76
1982-12-31,9277,0.8633219903098434,195,91
1983-01-01,8174,1.2985411404510383,209,106
1983-01-02,8085,1.2399092675746333,223,121
1983-01-03,9523,0.9656122327608541,237,135
1983-01-04,10094,0.9338548860416505,250,150
1983-01-05,9966,0.9427647547163349,262,163
1983-01-06,9990,0.9483935819233753,275,177
1983-01-07,9947,0.9422507237167518,286,189
1983-01-08,8525,1.0753921978552545,298,202
1983-01-09,8287,1.1479119246453662,309,214
1983-01-10,9930,0.9877833175272951,320,226
1983-01-11,10337,0.9489949225654315,331,238
1983-01-12,10273,0.9635402464930233,342,250
1983-01-13,10190,0.9755714536045628,353,262
1983-01-14,10244,0.9578403610036482,4,274
1983-01-15,8784,1.1006144061732301,14,286
1983-01-16,8382,1.1468525061986696,25,297
1983-01-17,10131,1.0076929796881586,36,309
1983-01-18,10482,0.9638316595544691,47,321
1983-01-19,9950,0.941984395146904,58,334
1983-01-20,10154,0.9585841733438526,70,346
1983-01-21,10306,0.9732578274775517,82,359
1983-01-22,8798,1.0941568161054163,94,12
1983-01-23,8600,1.16203065161651,106,26
1983-01-24,10091,0.9967099826105638,119,39
1983-01-25,10368,0.9509386398351617,132,54
1983-01-26,10272,0.966914148701686,146,68
1983-01-27,10302,0.9747576636532936,160,83
1983-01-28,10210,0.9654867962923736,174,99
1983-01-29,8757,1.0993594899601917,189,114
1983-01-30,8711,1.18671771543174,203,129
1983-01-31,10148,1.0162717908317838,216,144
1983-02-01,10579,0.9749352917055711,230,158
1983-02-02,10160,0.9480172438631169,243,172
1983-02-03,10396,0.9812731129890383,255,185
1983-02-04,10196,0.9618434079956897,267,198
1983-02-05,8479,1.0555075268689893,279,211
1983-02-06,8495,1.1509790849496813,290,223
1983-02-07,10232,1.0060404801309504,301,235
1983-02-08,10603,0.9699219096697563,312,247
1983-02-09,10127,0.9509529236312149,322,259
1983-02-10,10261,0.9566485292857184,333,271
1983-02-11,10501,0.9800906030437353,344,282
1983-02-12,8829,1.077259520840442,355,294
1983-02-13,8558,1.1751974156788247,6,306
1983-02-14,10598,0.9973584470786457,17,319
1983-02-15,10572,0.9576697062224727,28,331
1983-02-16,10519,0.983361654130474,40,343
1983-02-17,10509,0.988475146259255,51,356
1983-02-18,10427,0.9763790863614898,63,9
1983-02-19,8846,1.099707425329149,75,22
1983-02-20,8522,1.1410856916346932,88,35
1983-02-21,10020,0.9900632807640859,100,49
1983-02-22,10471,0.9481292973583602,113,63
1983-02-23,10676,0.9966360006365275,127,77
1983-02-24,10610,0.9920541230674396,140,92
1983-02-25,10498,0.9778262262396,154,107
1983-02-26,8869,1.0950800117884545,168,122
1983-02-27,8460,1.1409654727301901,182,137
1983-02-28,10254,1.0085077680933903,196,152
1983-03-01,10669,0.9849592075488967,209,166
1983-03-02,10674,0.9908459699110129,222,180
1983-03-03,10562,0.9758639672396552,235,194
1983-03-04,10645,0.9883024125455165,247,207
1983-03-05,9035,1.1085268970587105,259,219
1983-03-06,8570,1.1511944622678585,270,232
1983-03-07,10353,1.0173190444608313,281,244
1983-03-08,10702,0.978693714596594,292,256
1983-03-09,10322,0.968615190685773,303,267
1983-03-10,10348,0.9694043010652971,313,279
1983-03-11,10351,0.9699864726934292,324,291
1983-03-12,8754,1.0790598481967713,335,303
1983-03-13,8432,1.149009839870064,346,315
1983-03-14,10434,1.028505565793474,358,327
1983-03-15,10839,0.9951122723107293,9,340
1983-03-16,10251,0.9613045262681573,21,353
1983-03-17,10524,0.9762286799542899,33,6
1983-03-18,10827,1.008864092014769,45,19
1983-03-19,8776,1.087276773462345,58,32
1983-03-20,8524,1.1397862407407207,70,46
1983-03-21,10433,1.0202474043542809,83,59
1983-03-22,10692,0.982153970210862,96,73
1983-03-23,10230,0.9610249063415709,109,88
1983-03-24,10215,0.9637537939206271,122,102
1983-03-25,10512,0.985914991423182,136,116
1983-03-26,8736,1.0833826414164611,149,131
1983-03-27,8475,1.1429390801840265,163,146
1983-03-28,10251,1.0138002842865692,176,160
1983-03-29,10811,0.9973327561222207,190,174
1983-03-30,10649,1.005388573447148,202,188
1983-03-31,10613,1.0064502501323738,215,202
1983-04-01,9982,0.9743441424633098,227,215
1983-04-02,8772,1.092711998892422,239,227
1983-04-03,8354,1.1254891312907074,250,240
1983-04-04,10207,1.0082950500674142,261,252
1983-04-05,10759,0.9928694897112631,272,264
1983-04-06,10448,0.9928999900472333,283,275
1983-04-07,10659,1.011118067339526,294,287
1983-04-08,10558,0.9994078175038773,305,299
1983-04-09,8785,1.098304185198476,316,311
1983-04-10,8485,1.1585191186515524,327,323
1983-04-11,10298,1.025503733567292,339,336
1983-04-12,10574,0.9822035284818136,350,349
1983-04-13,10112,0.9746542424212599,3,2
1983-04-14,10196,0.9762711650072732,15,15
1983-04-15,10339,0.9790305192281759,27,29
1983-04-16,8623,1.076842596274522,40,42
1983-04-17,8364,1.136057155907162,53,56
1983-04-18,10217,1.0184321056510954,66,70
1983-04-19,10409,0.9662180402963689,79,84
1983-04-20,10371,0.9874638277508124,92,98
1983-04-21,10201,0.9704588268516537,105,113
1983-04-22,10268,0.9767142574159503,119,127
1983-04-23,8704,1.091245257892526,132,141
1983-04-24,7950,1.0849970697026796,145,155
1983-04-25,10371,1.0360178663400952,158,169
1983-04-26,10592,0.9839159694755343,171,183
1983-04-27,10412,0.9940172706890852,183,196
1983-04-28,10435,0.9981379220574109,196,210
1983-04-29,10279,0.9855857506885277,208,222
1983-04-30,8479,1.0755015027998844,219,235
1983-05-01,8170,1.105167616483654,230,247
1983-05-02,10114,1.001265440622431,242,259
1983-05-03,10637,0.9870339650994776,253,271
1983-05-04,10216,0.9731210790448408,263,283
1983-05-05,10505,0.9895536689001089,274,295
1983-05-06,10277,0.9707527364559099,285,307
1983-05-07,8649,1.0768362646158507,296,319
1983-05-08,8412,1.1384130812305535,308,332
1983-05-09,9982,0.9928581901780337,319,344
1983-05-10,10328,0.9520869686172139,331,357
1983-05-11,10174,0.9603005828046832,344,10
1983-05-12,10306,0.9693233466964002,357,24
1983-05-13,10090,0.963704184462394,9,38
1983-05-14,8741,1.0868217684841448,23,52
1983-05-15,8464,1.128827117687153,36,66
1983-05-16,10424,1.0212416064484957,49,81
1983-05-17,10401,0.9505993523040857,63,95
1983-05-18,10196,0.9536931244965839,76,109
1983-05-19,10506,0.9860069169808229,89,124
1983-05-20,10513,0.9743883377188947,102,138
1983-05-21,8950,1.089544144192548,115,152
1983-05-22,8368,1.1064066263853805,128,165
1983-05-23,10419,1.0038498860085505,141,179
1983-05-24,10971,0.9855926040299363,153,192
1983-05-25,10574,0.9946500525953855,165,205
1983-05-26,10358,0.9912234529511541,177,218
1983-05-27,10476,1.0059686674799662,189,231
1983-05-28,8757,1.0926085098338225,200,243
1983-05-29,8547,1.1605347607345995,211,255
1983-05-30,8687,0.8782451698680478,223,267
1983-05-31,10320,0.9607332248772705,234,279
1983-06-01,10800,1.0027723099342796,244,291
1983-06-02,10516,0.9629441704104097,255,303
1983-06-03,10664,0.9810510180675694,266,315
1983-06-04,9012,1.0989538293557675,277,327
1983-06-05,8574,1.1350352524758383,289,339
1983-06-06,10371,1.0101020646970778,301,352
1983-06-07,10633,0.9651961171451474,313,5
1983-06-08,10375,0.9645775806654372,325,19
1983-06-09,10499,0.9753213949569892,338,32
1983-06-10,10652,0.9820253623625935,351,47
1983-06-11,8957,1.0903757169909913,5,61
1983-06-12,8547,1.1288173509067518,18,76
1983-06-13,10464,1.030930091332994,32,91
1983-06-14,10986,0.9961211043181498,46,105
1983-06-15,10422,0.9584396986821887,60,120
1983-06-16,10527,0.964029573344222,73,134
1983-06-17,10785,0.9860912086301189,86,148
1983-06-18,8709,1.0502646203547044,99,162
1983-06-19,8589,1.1302332207601336,112,176
1983-06-20,10498,1.0050339514444901,124,189
1983-06-21,10751,0.9622886450570266,136,202
1983-06-22,10418,0.95240686150803,148,215
1983-06-23,10790,0.9902196145540264,160,227
1983-06-24,10688,0.9733969356793655,171,240
1983-06-25,9068,1.0818189545622559,182,252
1983-06-26,8661,1.1224731147207148,193,264
1983-06-27,10634,1.0075692527505233,204,276
1983-06-28,11088,0.9750827163180639,215,288
1983-06-29,10784,0.9673660892518153,226,300
1983-06-30,10760,0.9599287751027834,237,311
1983-07-01,10913,0.9599643549618655,248,323
1983-07-02,9075,1.0495262749722911,259,335
1983-07-03,8648,1.1175121244635076,270,348
1983-07-04,8943,0.9797081788198917,282,360
1983-07-05,10491,1.0193195658675422,294,13
1983-07-06,11119,1.005078779713023,307,27
1983-07-07,11130,0.9591455455587048,319,41
1983-07-08,10871,0.9364084759625606,333,55
1983-07-09,9055,1.0408825455309916,346,69
1983-07-10,8838,1.1059908749716403,360,84
1983-07-11,10664,0.9882932555637254,14,99
1983-07-12,11254,0.9772308330067772,29,115
1983-07-13,11037,0.9889222111090301,43,130
1983-07-14,11036,0.9732817984111262,56,144
1983-07-15,11166,0.9759289100578216,70,159
1983-07-16,9220,1.0609606148959447,83,172
1983-07-17,8940,1.1187701463574662,95,186
1983-07-18,10767,0.9954834107314045,107,199
1983-07-19,11040,0.9569372656186613,119,212
1983-07-20,11099,0.9787149297361564,131,224
1983-07-21,11072,0.97382635084588,142,237
1983-07-22,11043,0.9661412471840364,153,249
1983-07-23,9155,1.0563509386350531,164,261
1983-07-24,8993,1.13373801979895,175,273
1983-07-25,10653,0.9834761674978406,186,285
1983-07-26,11033,0.9548481462977833,197,296
1983-07-27,10839,0.9548528303005643,208,308
1983-07-28,11037,0.9679596442138957,219,320
1983-07-29,11025,0.9687825025365482,230,332
1983-07-30,9164,1.0612251871637615,241,344
1983-07-31,8970,1.1332973312772252,253,357
1983-08-01,10610,0.9792640546789458,264,9
1983-08-02,11046,0.9528111798339052,276,22
1983-08-03,10953,0.9667939725678559,288,35
1983-08-04,10720,0.9483428290630828,301,49
1983-08-05,11016,0.9688098060107805,314,63
1983-08-06,9232,1.0706933547935997,328,78
1983-08-07,9256,1.1621380346797163,342,93
1983-08-08,10795,0.9876919088310988,356,108
1983-08-09,11139,0.9468576868675181,10,123
1983-08-10,11022,0.9633641442164204,25,138
1983-08-11,10789,0.9492309847788843,39,153
1983-08-12,10966,0.9555014795769058,52,168
1983-08-13,9158,1.0650394144531123,65,182
1983-08-14,8830,1.1068065163487022,78,195
1983-08-15,10663,0.9731541401784858,90,209
1983-08-16,11270,0.9607634300431888,102,221
1983-08-17,11012,0.9593927281060288,113,234
1983-08-18,11135,0.9749563058975877,125,246
1983-08-19,11219,0.9797598358968294,136,258
1983-08-20,9260,1.0612244452231339,146,270
1983-08-21,9142,1.1457943783786904,157,282
1983-08-22,10633,0.9788554866553255,168,293
1983-08-23,11153,0.957050646683712,179,305
1983-08-24,10815,0.9535217447563248,190,317
1983-08-25,10724,0.9441382362171686,201,329
1983-08-26,10839,0.9500651596458431,212,341
1983-08-27,9242,1.0626151878467403,224,354
1983-08-28,9009,1.1192608008011575,235,6
1983-08-29,10812,0.9869287875482804,247,19
1983-08-30,11131,0.9498855437764965,259,32
1983-08-31,10805,0.94494666339856,271,45
1983-09-01,10747,0.9787001205317843,283,58
1983-09-02,10907,1.005592692848063,296,72
1983-09-03,9151,1.0899464143630047,310,87
1983-09-04,8806,1.1383140433313723,324,101
1983-09-05,8749,0.8326169357879694,338,116
1983-09-06,10995,0.9637712027162955,352,132
1983-09-07,11348,1.0168994201937893,6,147
1983-09-08,11052,0.9537416304268946,20,162
1983-09-09,11099,0.9334282135646984,34,176
1983-09-10,9536,1.0662288394706634,47,190
1983-09-11,9048,1.1246506865980754,60,204
1983-09-12,10898,0.9820044919760206,72,217
1983-09-13,11216,0.951064786241354,84,230
1983-09-14,11183,0.9564450741107613,95,243
1983-09-15,10976,0.9318447575114794,106,255
1983-09-16,10948,0.9245083652345464,117,267
1983-09-17,9436,1.0498800617630317,128,278
1983-09-18,9327,1.129622204521991,139,290
1983-09-19,11180,0.991935313851256,150,302
1983-09-20,11635,0.9612644412039979,161,314
1983-09-21,11276,0.9536940628049871,172,326
1983-09-22,11065,0.9411061696958262,183,338
1983-09-23,11177,0.9499919116149669,194,351
1983-09-24,9174,1.0296161749679507,206,3
1983-09-25,8821,1.0768296658694356,218,16
1983-09-26,10958,0.9825756379973793,229,29
1983-09-27,11366,0.9536687332732723,241,42
1983-09-28,10953,0.945121752094318,254,55
1983-09-29,10889,0.9495230354316272,266,68
1983-09-30,10914,0.9552135262584431,279,82
1983-10-01,9202,1.0543057755865748,292,96
1983-10-02,8893,1.1132281488822116,306,111
1983-10-03,10806,0.9984782518886697,319,125
1983-10-04,11182,0.9713696311933326,333,140
1983-10-05,10762,0.9541442160116678,347,155
1983-10-06,10675,0.954903082164396,1,170
1983-10-07,10753,0.9649477466811937,14,184
1983-10-08,8971,1.065476465042258,28,199
1983-10-09,8551,1.1083346169051722,40,212
1983-10-10,10273,0.9677764360821081,52,225
1983-10-11,10656,0.9455782253522241,64,238
1983-10-12,10645,0.9688877363057908,76,251
1983-10-13,10320,0.9587447109370184,87,263
1983-10-14,10610,0.9757594104079402,98,275
1983-10-15,8570,1.030012905782121,109,287
1983-10-16,8505,1.113455658293148,120,299
1983-10-17,10302,0.9937960116078414,131,311
1983-10-18,10485,0.9457919877103568,142,323
1983-10-19,10224,0.9452332885419941,153,335
1983-10-20,10392,0.964142410875634,164,347
1983-10-21,10192,0.940056608770503,176,360
1983-10-22,8626,1.0514164343864991,187,12
1983-10-23,8234,1.0927599330632898,199,25
1983-10-24,10225,0.9925639979635418,212,38
1983-10-25,10624,0.9593554134980125,224,52
1983-10-26,10201,0.9414107557183257,236,65
1983-10-27,10260,0.9510790287307925,249,79
1983-10-28,10306,0.9550754478229518,262,93
1983-10-29,8504,1.0423285499096757,275,107
1983-10-30,8496,1.1398752446181604,288,121
1983-10-31,9679,0.9977145356145309,302,136
1983-11-01,10279,0.9406509938391346,315,150
1983-11-02,10082,0.9271678917372869,329,164
1983-11-03,10253,0.9473054097021875,342,179
1983-11-04,10266,0.9458477116371522,355,193
1983-11-05,8643,1.0495703285394462,8,207
1983-11-06,8218,1.0879178461203312,20,220
1983-11-07,10240,0.9928886487057939,32,233
1983-11-08,10460,0.9431559397753934,44,246
1983-11-09,10182,0.9400993373460216,56,259
1983-11-10,10264,0.9493443745216981,67,271
1983-11-11,10109,0.9331066762552458,78,283
1983-11-12,8430,1.0284544051404991,89,295
1983-11-13,8446,1.13608861926469,100,307
1983-11-14,10222,0.9979353033509555,111,318
1983-11-15,10683,0.9621048385561396,122,330
1983-11-16,10255,0.9439354344583807,133,343
1983-11-17,10220,0.9422550531437666,144,355
1983-11-18,10484,0.9619179383614891,156,8
1983-11-19,8681,1.0506112414301256,168,21
1983-11-20,8318,1.078049856504985,180,34
1983-11-21,10479,0.9970841140311408,193,48
1983-11-22,10868,1.0017322610153256,206,62
1983-11-23,10341,1.011539296291337,219,76
1983-11-24,8316,0.8339732967035394,232,90
1983-11-25,9449,0.9403068788800318,245,104
1983-11-26,8233,1.0939602669992838,258,118
1983-11-27,8224,1.185798345838701,271,132
1983-11-28,10178,1.0697566987461087,284,146
1983-11-29,10526,0.9880665564662743,297,160
1983-11-30,9921,0.9264916315419616,310,174
1983-12-01,10297,0.9451449421014197,323,188
1983-12-02,10069,0.9259005502573107,336,202
1983-12-03,8275,1.0099744358075315,348,215
1983-12-04,7974,1.064753080069877,360,228
1983-12-05,10178,0.997457224953245,12,241
1983-12-06,10279,0.943102197249629,24,254
1983-12-07,10131,0.9521621581556062,35,266
1983-12-08,10138,0.9496571780250399,46,279
1983-12-09,10132,0.9495875568592723,57,291
1983-12-10,8396,1.0357527111943048,68,302
1983-12-11,8316,1.1136750444780852,79,314
1983-12-12,10260,0.9949793537733967,90,326
1983-12-13,10427,0.9500100898682882,101,338
1983-12-14,10274,0.9519566600424368,112,350
1983-12-15,10464,0.9571053350681253,124,3
1983-12-16,10534,0.9529919876109536,135,16
1983-12-17,8299,0.9800140223548591,147,29
1983-12-18,8170,1.0399820511822915,160,42
1983-12-19,10761,0.993413409904126,173,56
1983-12-20,10985,0.9442374740312337,186,70
1983-12-21,10226,0.9016037690692633,199,85
1983-12-22,9507,0.8713860628236845,213,99
1983-12-23,9035,0.885380008659167,227,114
1983-12-24,8042,1.192283617715355,240,129
1983-12-25,7645,1.4188756403357603,254,143
1983-12-26,8236,0.9641470030681655,267,157
1983-12-27,10617,0.9638576224082538,280,171
1983-12-28,11264,0.97781461450142,292,185
1983-12-29,10883,0.9409730617000078,305,198
1983-12-30,11001,0.9485276840228787,317,212
1983-12-31,8562,1.0489615393127045,329,225
1984-01-01,8013,1.3786089396309888,341,237
1984-01-02,8005,0.8994308586086244,352,250
1984-01-03,9662,0.9038708754156886,4,262
1984-01-04,9923,0.9328441551434131,15,275
1984-01-05,10004,0.9478241246448785,26,287
1984-01-06,10117,0.9575169567334414,37,299
1984-01-07,8497,1.0414447193164307,48,311
1984-01-08,8230,1.1243387954200512,59,322
1984-01-09,9690,0.9834030959798887,69,334
1984-01-10,10115,0.9283007701977231,80,346
1984-01-11,9814,0.9155149373847832,92,358
1984-01-12,9798,0.9204106321242026,103,11
1984-01-13,9838,0.938995094969934,115,23
1984-01-14,8504,1.0288286676990726,127,36
1984-01-15,8108,1.1002249099017103,139,50
1984-01-16,9937,0.9961202453960653,152,64
1984-01-17,10094,0.926295604029552,166,78
1984-01-18,10134,0.9468647321606247,179,93
1984-01-19,9894,0.9381324399703976,193,108
1984-01-20,10097,0.9502919647795618,207,123
1984-01-21,8335,1.018449767778121,221,138
1984-01-22,8072,1.0871804475883156,235,153
1984-01-23,9925,0.9825308911654004,249,168
1984-01-24,10285,0.9372366927094884,262,182
1984-01-25,10254,0.9556543204597467,274,195
1984-01-26,10144,0.9563431802674783,287,209
1984-01-27,10287,0.9703657476162879,298,222
1984-01-28,8550,1.0461234893483617,310,234
1984-01-29,8191,1.1136434662632155,322,247
1984-01-30,9880,0.9861271638726059,333,259
1984-01-31,10129,0.9358502665727374,344,271
1984-02-01,10039,0.940094771303698,355,283
1984-02-02,10127,0.9464004958939771,6,295
1984-02-03,10199,0.9597382986861965,17,307
1984-02-04,8514,1.0392126727815014,28,319
1984-02-05,8276,1.1157375484087475,39,331
1984-02-06,9954,0.9880939739944412,50,343
1984-02-07,10083,0.9146502902403548,60,355
1984-02-08,10127,0.9413233391771421,72,7
1984-02-09,10001,0.9405746192985253,83,19
1984-02-10,10584,0.9837486679917755,94,32
1984-02-11,8747,1.0563088915841932,106,45
1984-02-12,8356,1.1041602872434095,119,58
1984-02-13,9977,1.0037720149067006,132,72
1984-02-14,11265,0.9780677433793618,145,86
1984-02-15,10213,0.9400737708172877,159,101
1984-02-16,10253,0.9599782458357491,173,116
1984-02-17,10229,0.9591999473446672,187,132
1984-02-18,8871,1.0748006399594265,202,147
1984-02-19,8377,1.1278299034234707,216,162
1984-02-20,9815,0.9628610068075627,229,177
1984-02-21,10189,0.9288320219342597,243,191
1984-02-22,10303,0.9479667728742578,256,205
1984-02-23,9995,0.9345067104728073,268,218
1984-02-24,10310,0.9610594498650005,280,231
1984-02-25,8637,1.0409126217020248,291,244
1984-02-26,8294,1.109072905257916,303,256
1984-02-27,10052,0.9932331011590256,314,268
1984-02-28,10431,0.9465035888948158,325,280
1984-02-29,9680,0.9080711853009505,336,292
1984-03-01,10471,0.9735062153367414,347,304
1984-03-02,10505,0.9676332463041325,358,316
1984-03-03,8808,1.0580781302756852,8,328
1984-03-04,8363,1.1112327761505458,19,340
1984-03-05,10124,0.9963606606933009,30,352
1984-03-06,10557,0.9570659539921205,41,4
1984-03-07,10359,0.9626085038692326,52,16
1984-03-08,10276,0.9657909617854671,64,28
1984-03-09,10095,0.9428149297606798,75,41
1984-03-10,8663,1.0503835839662847,87,54
1984-03-11,8401,1.1214885466478208,100,67
1984-03-12,10252,1.0235246658312793,112,81
1984-03-13,10271,0.9340689336814464,125,95
1984-03-14,10176,0.9493141901112296,139,109
1984-03-15,10329,0.9701181977218226,153,124
1984-03-16,10706,0.9900783583149565,167,140
1984-03-17,8883,1.0709777104099403,182,155
1984-03-18,8331,1.117803584773637,196,170
1984-03-19,10427,1.0214942070200432,210,185
1984-03-20,10714,0.9666256566064089,223,200
1984-03-21,10395,0.9702756411575374,236,214
1984-03-22,10353,0.9740849730762172,249,227
1984-03-23,10284,0.9673004800273223,261,240
1984-03-24,8566,1.0395094228151613,272,253
1984-03-25,8266,1.1101700730684758,284,265
1984-03-26,10166,1.0044539865508382,295,277
1984-03-27,10356,0.9449059895815859,306,289
1984-03-28,10300,0.9655203881256791,317,301
1984-03-29,10157,0.9604222010694019,328,313
1984-03-30,10269,0.9708539621329001,339,325
1984-03-31,8514,1.0752877572296875,349,337
1984-04-01,8202,1.106500772433314,360,349
1984-04-02,10016,0.988638948503703,12,1
1984-04-03,10052,0.9161200440451559,23,13
1984-04-04,10331,0.9687520347585585,34,25
1984-04-05,9971,0.9490359823427779,46,38
1984-04-06,10340,0.9778619621925896,57,51
1984-04-07,8567,1.049267191804199,69,64
1984-04-08,8057,1.0908853358323651,82,77
1984-04-09,10033,1.0036417901428938,94,90
1984-04-10,10199,0.9370274964044951,107,104
1984-04-11,9830,0.9278242305120443,121,119
1984-04-12,10282,0.9925736375361506,134,134
1984-04-13,10102,0.9643165163398606,148,148
1984-04-14,8577,1.0508708544588177,162,163
1984-04-15,8088,1.0938552370230525,176,178
1984-04-16,9991,0.9942410312535587,190,193
1984-04-17,10570,0.9720622121456625,204,208
1984-04-18,10086,0.9513385721377825,217,222
1984-04-19,10057,0.9590486355514662,229,235
1984-04-20,9689,0.9189352864785063,241,248
1984-04-21,8263,1.016987610798081,253,261
1984-04-22,7891,1.0714216009687683,265,274
1984-04-23,9931,0.9930039684127956,276,286
1984-04-24,10293,0.9486346166998519,287,298
1984-04-25,10052,0.9488171492155737,298,310
1984-04-26,10200,0.9752850402310405,309,321
1984-04-27,10152,0.9681024456079386,320,333
1984-04-28,8484,1.0525444654468028,331,345
1984-04-29,7721,1.0606321960640566,342,357
1984-04-30,10097,1.000679530451771,353,10
1984-05-01,10535,0.9622129599785199,4,22
1984-05-02,10187,0.9605262826476691,16,35
1984-05-03,10238,0.976725983315739,28,48
1984-05-04,10292,0.9665285336907266,40,61
1984-05-05,8380,1.024194708599088,52,74
1984-05-06,8184,1.1035048948899207,65,87
1984-05-07,9813,0.9729689430482754,78,101
1984-05-08,10203,0.9362847048566235,91,115
1984-05-09,9688,0.9074956045116798,104,129
1984-05-10,9946,0.9402330960635602,117,144
1984-05-11,10275,0.9634561894827592,131,158
1984-05-12,8378,1.0353547414723856,144,173
1984-05-13,8199,1.1040353066055333,158,187
1984-05-14,10087,0.9856219474137448,171,202
1984-05-15,10289,0.9299886528994423,185,216
1984-05-16,10005,0.929157889881928,197,230
1984-05-17,9851,0.9228492511042191,210,243
1984-05-18,10080,0.9431368260855167,222,256
1984-05-19,8476,1.0164654072855506,234,269
1984-05-20,8282,1.091897544227338,246,282
1984-05-21,10181,0.9862342931563726,257,294
1984-05-22,10780,0.9582346738847524,268,306
1984-05-23,10371,0.9467206790503362,279,318
1984-05-24,10133,0.9546422840530768,290,330
1984-05-25,10575,1.0088988897434221,301,342
1984-05-26,8849,1.0994599189484773,312,354
1984-05-27,8388,1.1334242969490118,323,6
1984-05-28,8411,0.8367363720843727,334,18
1984-05-29,10268,0.9577280195408153,346,31
1984-05-30,10285,0.9729206408923159,358,44
1984-05-31,10099,0.9391361756565086,10,57
1984-06-01,10401,0.9495049493129972,23,70
1984-06-02,8880,1.057013817118425,35,84
1984-06-03,8277,1.0930904154559091,48,98
1984-06-04,10018,0.971635701562102,61,112
1984-06-05,10514,0.944763229921032,75,126
1984-06-06,10477,0.9663772658168212,88,140
1984-06-07,10244,0.9538723239029419,101,154
1984-06-08,10560,0.9779920831805949,114,169
1984-06-09,8761,1.0450605865512064,128,183
1984-06-10,8422,1.110334160229486,141,197
1984-06-11,10327,0.9992650891647625,154,211
1984-06-12,10502,0.9545834140304428,167,225
1984-06-13,10084,0.9290848793281085,179,238
1984-06-14,10732,0.9884757271113549,191,251
1984-06-15,10332,0.9432824123427512,203,264
1984-06-16,8457,1.000482531636479,215,277
1984-06-17,8611,1.1246280260789099,227,289
1984-06-18,10483,1.0106659096674688,238,302
1984-06-19,10515,0.9287393072000528,249,314
1984-06-20,10655,0.9690807388478544,260,326
1984-06-21,10561,0.9669740631247763,271,338
1984-06-22,10586,0.9685311102160651,282,349
1984-06-23,8972,1.0572532691479408,293,1
1984-06-24,8821,1.1396874463437519,304,14
1984-06-25,10561,1.0027888982065454,316,26
1984-06-26,10980,0.9598226077148618,328,39
1984-06-27,10662,0.9527455473779206,340,52
1984-06-28,10794,0.9697616686974055,352,66
1984-06-29,11087,0.9860805490169737,5,79
1984-06-30,8940,1.017524120667556,18,94
1984-07-01,8565,1.0727509720142314,32,108
1984-07-02,10807,1.0231475763749558,45,122
1984-07-03,11250,1.1370417471080418,59,137
1984-07-04,9240,0.9122533212103113,72,151
1984-07-05,10789,0.9767584721054056,86,166
1984-07-06,11566,0.993674496464243,99,180
1984-07-07,9138,1.0184582634870885,112,194
1984-07-08,8956,1.114941866469648,124,207
1984-07-09,10996,1.0081585632771355,137,221
1984-07-10,11661,0.9970383781163028,149,234
1984-07-11,10923,0.9637895039190988,161,247
1984-07-12,11264,1.010823548052203,173,260
1984-07-13,10687,0.9396244840152719,185,273
1984-07-14,9213,1.0418804122535084,197,285
1984-07-15,9046,1.1273266973867806,208,298
1984-07-16,11295,1.0355859533567036,219,310
1984-07-17,11493,0.9803544076410022,230,322
1984-07-18,11278,0.9933367261094014,241,334
1984-07-19,11042,0.9751955815013641,252,346
1984-07-20,11185,0.9807606637416943,263,357
1984-07-21,9338,1.0570697949854944,274,9
1984-07-22,9029,1.128273516914568,285,22
1984-07-23,11176,1.0322647000491882,297,34
1984-07-24,11811,1.0059791223149128,309,47
1984-07-25,11099,0.976055585176003,321,60
1984-07-26,11003,0.970800422331784,334,74
1984-07-27,11320,0.989747107321356,347,88
1984-07-28,9470,1.0766980074890442,1,103
1984-07-29,8901,1.1163133975136783,14,117
1984-07-30,10782,0.9980385489859452,28,132
1984-07-31,11582,0.9862303768100709,42,147
1984-08-01,11227,0.9840463084047301,56,162
1984-08-02,11410,1.008690919210695,69,176
1984-08-03,11370,1.00277304065178,83,190
1984-08-04,9594,1.0917182114970263,96,204
1984-08-05,9137,1.147619195566663,108,218
1984-08-06,11213,1.0314608697259398,120,231
1984-08-07,11884,1.0031638591507333,132,244
1984-08-08,11392,0.9839850270657842,144,257
1984-08-09,11377,0.9959314563233213,156,269
1984-08-10,11364,0.9967667525697397,167,282
1984-08-11,9465,1.0670873778749428,179,294
1984-08-12,9045,1.1391960742998006,190,306
1984-08-13,11017,1.0117446553159843,201,318
1984-08-14,11550,0.9725111620357526,212,330
1984-08-15,11489,0.995233040778914,223,342
1984-08-16,11301,0.9860949046339545,234,354
1984-08-17,11427,0.9974675229631504,245,6
1984-08-18,9407,1.0629500833058407,256,18
1984-08-19,8945,1.1102006341328923,267,30
1984-08-20,11228,1.031013708457109,278,42
1984-08-21,11585,0.9839412969538457,290,55
1984-08-22,11180,0.974843792957145,302,68
1984-08-23,11110,0.9810468706357637,315,82
1984-08-24,11162,0.979698413429575,328,96
1984-08-25,9254,1.0495180526115384,342,111
1984-08-26,9234,1.1498065873962398,356,126
1984-08-27,11221,1.0213693828117205,10,141
1984-08-28,11829,0.9961808681741776,25,156
1984-08-29,11342,0.9835053955467079,39,171
1984-08-30,11421,1.00036451122325,52,186
1984-08-31,11481,1.0423503473393583,66,200
1984-09-01,9370,1.1177704620005875,79,214
1984-09-02,8962,1.1560227974324733,91,228
1984-09-03,9343,0.8848432191177819,103,241
1984-09-04,11111,0.9755518490973988,115,254
1984-09-05,11827,1.0534242630015198,127,266
1984-09-06,11442,1.0269096528508974,138,279
1984-09-07,11760,1.0117396980017581,150,291
1984-09-08,9588,1.0433291459525944,161,303
1984-09-09,9354,1.1326778710233885,172,315
1984-09-10,11641,1.0601124029545754,183,327
1984-09-11,11795,0.9805618693426199,194,339
1984-09-12,11388,0.9812271766699054,205,351
1984-09-13,11515,0.9863641345632916,215,3
1984-09-14,12034,1.018547015637535,226,15
1984-09-15,9880,1.0795163967289942,237,27
1984-09-16,9310,1.1218280746232792,249,39
1984-09-17,11487,1.0192821773908498,260,51
1984-09-18,12038,0.98538573812725,272,64
1984-09-19,11787,0.9895318596550199,284,77
1984-09-20,11720,0.9927805122861896,297,91
1984-09-21,12121,1.027773129466991,310,105
1984-09-22,9857,1.084015907840214,323,119
1984-09-23,9622,1.169517812649247,337,134
1984-09-24,11980,1.0714763093636903,351,149
1984-09-25,12271,1.0151378874719832,6,165
1984-09-26,11691,0.9967622032635676,20,180
1984-09-27,11174,0.9656838273037507,34,195
1984-09-28,11559,1.0048688337700933,48,209
1984-09-29,9813,1.1112571165774723,61,224
1984-09-30,9462,1.17406507130457,73,237
1984-10-01,11235,1.0303992391434946,86,250
1984-10-02,11572,0.9864894762154912,97,263
1984-10-03,11487,1.0139619621293248,109,276
1984-10-04,11339,1.006856109654583,120,288
1984-10-05,11387,1.0154822524603302,131,300
1984-10-06,9523,1.1057174844438227,142,312
1984-10-07,8749,1.1253465620439966,153,324
1984-10-08,11054,1.0497116503283306,164,336
1984-10-09,11435,0.9938579345560405,175,348
1984-10-10,11146,1.0050144315088334,186,360
1984-10-11,11060,1.0082182170264498,197,12
1984-10-12,11018,1.0204639276013912,208,24
1984-10-13,9009,1.0720133496790285,219,36
1984-10-14,8836,1.150118049316492,230,48
1984-10-15,10961,1.0513452381211827,242,61
1984-10-16,10999,0.9789021693698043,254,73
1984-10-17,10693,0.9801144022604816,266,86
1984-10-18,10597,0.9812343013963795,278,100
1984-10-19,10837,1.0023576932281706,291,114
1984-10-20,8791,1.049129536904601,304,128
1984-10-21,8544,1.127850183172149,318,143
1984-10-22,10609,1.0315372493986454,332,158
1984-10-23,10883,0.97466240808356,346,173
1984-10-24,10395,0.953819002823217,360,188
1984-10-25,10463,0.9670841239647725,14,203
1984-10-26,10568,0.9766380826950496,28,218
1984-10-27,8882,1.0650121287247392,41,232
1984-10-28,8910,1.1827254809607475,54,246
1984-10-29,10266,1.0091149579561385,66,259
1984-10-30,10458,0.994568802207689,78,272
1984-10-31,10033,0.9329502238802573,90,285
1984-11-01,10602,0.9764974429066644,101,297
1984-11-02,10436,0.9612685552855557,112,309
1984-11-03,8526,1.016392678661783,123,321
1984-11-04,8380,1.1020870969121694,134,333
1984-11-05,10572,1.025377265441342,145,345
1984-11-06,10506,0.9398279799907708,156,356
1984-11-07,10291,0.942886475160359,167,8
1984-11-08,10378,0.9596788870000943,178,20
1984-11-09,10772,0.9932877700613618,189,33
1984-11-10,8487,1.0136162037570637,200,45
1984-11-11,8576,1.133097047500963,212,58
1984-11-12,10262,1.011322589850659,224,70
1984-11-13,10755,0.9686955613565903,236,83
1984-11-14,10403,0.9520018169401012,248,97
1984-11-15,10701,0.986512537299292,260,110
1984-11-16,10722,0.9855189689232552,273,124
1984-11-17,8688,1.0313998548354237,286,138
1984-11-18,8300,1.0878656078119844,300,152
1984-11-19,10740,1.0198135476731283,313,167
1984-11-20,10941,0.9604601702419774,327,182
1984-11-21,10501,0.9835188719661269,341,196
1984-11-22,8011,0.7848353801927405,354,211
1984-11-23,9689,0.968697604694594,8,226
1984-11-24,8512,1.0960026933602016,21,240
1984-11-25,8543,1.2293589490263144,34,254
1984-11-26,10656,1.1256892428120664,46,267
1984-11-27,10819,1.0491076984603478,58,280
1984-11-28,10458,0.9975196969220697,70,293
1984-11-29,10387,0.971511180800662,81,305
1984-11-30,10560,0.9663250226934635,92,317
1984-12-01,8479,1.0088320680005984,103,329
1984-12-02,8348,1.1034424477719502,114,341
1984-12-03,10289,1.0065663474971214,125,353
1984-12-04,10544,0.9533395625458644,136,5
1984-12-05,10182,0.9492727010155225,147,17
1984-12-06,10172,0.9574951297284839,158,29
1984-12-07,10260,0.9581500678603888,169,41
1984-12-08,8459,1.0257820641969835,181,54
1984-12-09,8267,1.1044764343193962,193,67
1984-12-10,10506,1.0308084485536861,205,80
1984-12-11,10747,0.9615333282176902,217,93
1984-12-12,10569,0.9784817966787528,230,107
1984-12-13,10378,0.963081192331604,243,121
1984-12-14,10630,0.9693193361229984,256,135
1984-12-15,8505,0.9955578368754522,269,149
1984-12-16,8253,1.055463545224963,282,163
1984-12-17,10760,1.0034890188267336,295,177
1984-12-18,11444,0.9746880037429212,308,191
1984-12-19,10933,0.954927779726296,321,206
1984-12-20,10825,0.95589338321199,335,220
1984-12-21,10474,0.9570867209466939,348,234
1984-12-22,8519,1.080155832921578,1,248
1984-12-23,7901,1.2685933695572784,13,261
1984-12-24,8575,1.1659972798042508,26,275
1984-12-25,7851,0.8479344497002747,38,288
1984-12-26,9777,0.9019172482132187,49,300
1984-12-27,11224,0.975850211051474,61,313
1984-12-28,11705,1.0089545077943285,72,325
1984-12-29,9254,1.0323895111444066,83,337
1984-12-30,8386,1.1126640772069332,93,349
1984-12-31,10105,1.0100669021103725,104,1
1985-01-01,8335,0.9539366929470313,115,13
1985-01-02,9377,0.9720571713202428,126,25
1985-01-03,10052,0.9418343372934326,137,37
1985-01-04,10458,0.9660931847585724,149,49
1985-01-05,8648,1.0401564246667783,161,62
1985-01-06,8477,1.1064175814172479,173,76
1985-01-07,10078,0.964555990936359,186,89
1985-01-08,10242,0.9307866269338724,198,103
1985-01-09,9988,0.9352070519758344,211,117
1985-01-10,10150,0.9329783076922259,225,131
1985-01-11,10501,0.962618750606124,238,145
1985-01-12,8759,1.0445461136214185,251,160
1985-01-13,8247,1.0855120815450703,264,174
1985-01-14,10409,0.9833571931829146,277,188
1985-01-15,10692,0.9651497130507136,290,202
1985-01-16,10199,0.9432688961182008,303,216
1985-01-17,10391,0.9550504812445498,316,230
1985-01-18,10865,0.9975646453605926,329,243
1985-01-19,8982,1.0811705266900866,341,257
1985-01-20,8345,1.0831115904974031,353,270
1985-01-21,10314,0.9841099463693725,5,283
1985-01-22,10598,0.9495381046691592,17,296
1985-01-23,10496,0.9586519618899063,29,308
1985-01-24,10470,0.9555960564064917,40,321
1985-01-25,10755,0.9849681939211942,51,333
1985-01-26,8774,1.0501009571326205,62,345
1985-01-27,8441,1.0980516783701695,73,357
1985-01-28,10322,0.9861958679779189,84,8
1985-01-29,10582,0.9570728733110919,94,20
1985-01-30,10308,0.9492308240700291,105,32
1985-01-31,10162,0.940376284752693,117,45
1985-02-01,10591,0.9745910718598166,128,57
1985-02-02,8829,1.0474530497310384,140,70
1985-02-03,8347,1.0831978990259357,153,84
1985-02-04,10338,0.9853483665327406,165,97
1985-02-05,10607,0.9512663581344991,179,112
1985-02-06,10506,0.9621869357623046,192,126
1985-02-07,10508,0.9547024867339262,206,141
1985-02-08,10579,0.9662887235271861,219,156
1985-02-09,8921,1.0651046166138949,233,170
1985-02-10,8607,1.1032356585253664,247,185
1985-02-11,10597,0.9993030850485971,260,199
1985-02-12,10889,0.9571713522912171,273,213
1985-02-13,10306,0.9566359434053224,285,226
1985-02-14,11363,0.9881285034411634,298,240
1985-02-15,10681,0.9661060376009075,310,253
1985-02-16,8883,1.0558421511726126,322,266
1985-02-17,8476,1.0960972221805778,334,279
1985-02-18,9925,0.9390059352913848,346,292
1985-02-19,10572,0.9468479576033302,357,304
1985-02-20,10536,0.9536093541538624,9,317
1985-02-21,10583,0.9662668797965948,20,329
1985-02-22,10729,0.9700473602388731,31,341
1985-02-23,8833,1.0484235215031685,42,353
1985-02-24,8836,1.1358721640263412,52,5
1985-02-25,10529,0.9908797784865003,63,16
1985-02-26,10718,0.953405865856835,74,28
1985-02-27,10671,0.9728038256563725,85,40
1985-02-28,10616,0.9648058093814823,96,52
1985-03-01,10876,1.0025776390224619,108,65
1985-03-02,8824,1.0414656920797498,120,78
1985-03-03,8554,1.0865910717520835,132,91
1985-03-04,10629,0.9970462946331494,145,105
1985-03-05,10797,0.9543640016706102,158,120
1985-03-06,10475,0.9511300702759486,172,134
1985-03-07,10509,0.9542131955985761,186,149
1985-03-08,10927,0.9977852544798369,200,165
1985-03-09,9010,1.075010563280604,214,180
1985-03-10,8344,1.0746736108194321,228,194
1985-03-11,10544,0.9983147628363983,242,209
1985-03-12,10812,0.9601473714934907,255,223
1985-03-13,10286,0.9474530119934461,268,237
1985-03-14,10732,0.9775287588435116,280,250
1985-03-15,10610,0.9726409176371954,292,263
1985-03-16,8690,1.036131912071504,304,276
1985-03-17,8503,1.0844178784452128,316,289
1985-03-18,10516,0.990042486855701,327,301
1985-03-19,10803,0.9642302275979866,338,314
1985-03-20,10683,0.9655865508020667,350,326
1985-03-21,10591,0.9570317027878589,1,338
1985-03-22,10792,0.9898670068004389,11,350
1985-03-23,8867,1.0590982188843132,22,1
1985-03-24,8458,1.0971074838492172,33,13
1985-03-25,10472,0.9923445268524914,44,25
1985-03-26,10918,0.9754504361039195,55,37
1985-03-27,10666,0.9723060003111222,66,49
1985-03-28,10890,0.9951925591630137,77,61
1985-03-29,11037,1.0166689130854896,88,74
1985-03-30,8887,1.066794622672839,100,86
1985-03-31,8321,1.0848843315492933,113,100
1985-04-01,9834,0.9698481553077624,125,114
1985-04-02,11263,1.0107739554585555,139,128
1985-04-03,10554,0.9611295615246183,152,143
1985-04-04,10589,0.9665793975753605,167,158
1985-04-05,10238,0.9433865255626266,181,173
1985-04-06,8761,1.0585869662654714,195,188
1985-04-07,8136,1.0610848540736249,209,203
1985-04-08,10135,0.9693119449589516,223,218
1985-04-09,10541,0.9494138346162957,236,232
1985-04-10,10559,0.9745231473832313,249,246
1985-04-11,10506,0.9667514233354685,262,260
1985-04-12,10733,0.9954915985918753,274,273
1985-04-13,8766,1.0742750827717629,286,286
1985-04-14,8390,1.1044762037360722,298,298
1985-04-15,10607,1.0148199372053341,309,311
1985-04-16,11121,1.0005310040619635,320,323
1985-04-17,10493,0.9633937867346439,331,335
1985-04-18,10464,0.9638278801100224,342,347
1985-04-19,11178,1.0360590880817484,353,358
1985-04-20,8797,1.0649658294299296,3,10
1985-04-21,8639,1.129930178341267,14,22
1985-04-22,10712,1.029510921945985,25,34
1985-04-23,11030,0.9962581090599325,36,46
1985-04-24,10413,0.9606281650403418,47,58
1985-04-25,10634,0.9816040283804686,59,70
1985-04-26,10671,0.9897817530316927,70,83
1985-04-27,8925,1.0833493204905154,82,96
1985-04-28,8059,1.0598222316381287,94,109
1985-04-29,10484,1.0156621991805341,107,123
1985-04-30,10894,0.995512292587524,120,137
1985-05-01,10727,0.9808495238793742,134,151
1985-05-02,10728,0.9813820433984421,148,166
1985-05-03,10593,0.9814907173139223,162,181
1985-05-04,8680,1.0512505613034275,176,196
1985-05-05,8678,1.1238716326047247,190,211
1985-05-06,10642,1.0156504109071158,204,226
1985-05-07,11267,1.010613138280166,218,241
1985-05-08,10723,0.9809230282416082,231,255
1985-05-09,10764,0.9893191406468004,244,269
1985-05-10,11005,1.0129889885120336,256,282
1985-05-11,8971,1.076606098457728,268,295
1985-05-12,8643,1.1176268196828154,279,307
1985-05-13,10154,0.9798700072611743,291,320
1985-05-14,11099,0.994200390804754,302,332
1985-05-15,10762,0.970203367373033,313,344
1985-05-16,10409,0.9423151451175591,323,355
1985-05-17,10845,0.9897061294304802,334,7
1985-05-18,8950,1.0643939072635107,345,19
1985-05-19,8453,1.0907047415684699,356,31
1985-05-20,10955,1.0258799024998089,7,43
1985-05-21,10962,0.9614007645237246,18,55
1985-05-22,10908,0.9748913940505302,30,67
1985-05-23,10845,0.9655290781682986,41,80
1985-05-24,11196,1.004311409428052,53,93
1985-05-25,8925,1.0674308453796941,65,106
1985-05-26,8756,1.1520071707813249,77,119
1985-05-27,9049,0.8779469605193866,90,132
1985-05-28,10865,0.9766339774943738,103,146
1985-05-29,11225,1.030264675678778,116,161
1985-05-30,10943,1.0222930610970489,130,175
1985-05-31,11288,1.0492872590066575,144,190
1985-06-01,8996,1.0620098482507583,157,205
1985-06-02,8753,1.1019483181230427,171,220
1985-06-03,10538,0.9795088802376141,185,234
1985-06-04,10772,0.9463406121056633,199,249
1985-06-05,10846,0.9705400955403056,212,263
1985-06-06,10805,0.972439208374193,225,277
1985-06-07,10993,0.9963920784561439,237,290
1985-06-08,8936,1.0563132756888864,249,303
1985-06-09,8789,1.1225173101792083,261,316
1985-06-10,10919,1.0170753751373727,272,328
1985-06-11,11091,0.9726960941342274,283,340
1985-06-12,10620,0.9480964049788161,294,352
1985-06-13,10402,0.9469812932797999,305,4
1985-06-14,11047,1.0001639266674498,316,16
1985-06-15,8991,1.0512892959411837,327,27
1985-06-16,8831,1.1118581548766695,338,39
1985-06-17,10962,1.0126642123995084,349,52
1985-06-18,11141,0.9679378871827904,1,64
1985-06-19,10856,0.9656356944220696,12,77
1985-06-20,11341,1.0032717426129327,24,90
1985-06-21,11204,1.00134534995395,36,103
1985-06-22,9258,1.0761079965834155,49,116
1985-06-23,8757,1.104890391357142,61,129
1985-06-24,11014,1.0134850080301945,74,143
1985-06-25,11385,0.9785183622814213,87,157
1985-06-26,11112,0.9734600934619833,100,171
1985-06-27,11066,0.968862130620644,113,185
1985-06-28,11360,0.9975182694811019,127,200
1985-06-29,9200,1.0492991647035566,140,214
1985-06-30,8877,1.0887965247009217,154,229
1985-07-01,11302,1.004488530155453,167,243
1985-07-02,11905,0.9919024238301313,180,257
1985-07-03,11698,1.0218006874567653,193,271
1985-07-04,9176,0.9288807722556146,206,285
1985-07-05,11233,1.0897917562598527,219,298
1985-07-06,9326,1.0718408489459974,231,311
1985-07-07,9114,1.0798219246936829,242,324
1985-07-08,11340,0.9869328892372924,254,336
1985-07-09,11882,0.9840013384643961,265,348
1985-07-10,11640,0.9846197382603996,276,360
1985-07-11,11148,0.9546753752162273,286,12
1985-07-12,11459,0.9935534955536948,297,24
1985-07-13,9180,1.0458136106275013,308,36
1985-07-14,8965,1.0870035707411925,319,48
1985-07-15,11414,1.0079457432666266,331,60
1985-07-16,11685,0.9687014008461495,342,73
1985-07-17,11243,0.9510504854820563,354,86
1985-07-18,11231,0.9595128750798254,7,99
1985-07-19,11484,0.9939438796101939,19,112
1985-07-20,9375,1.0511002951258825,32,126
1985-07-21,8914,1.0779083635303286,45,140
1985-07-22,11164,0.9868521835824627,58,154
1985-07-23,11489,0.9550475024102171,71,168
1985-07-24,11100,0.9459084541149437,84,182
1985-07-25,11341,0.9674673756113086,97,196
1985-07-26,11399,0.9850578373529704,110,210
1985-07-27,9441,1.0574643640658945,124,224
1985-07-28,8941,1.078067790058223,137,238
1985-07-29,11331,1.0059922957225471,150,252
1985-07-30,11707,0.9766994803693609,163,266
1985-07-31,11284,0.9636792576071974,175,280
1985-08-01,11202,0.9553732193430571,188,293
1985-08-02,11221,0.9664683887779763,200,307
1985-08-03,9413,1.0564025112143036,212,319
1985-08-04,8804,1.070790181129189,223,332
1985-08-05,11160,0.9916479544316589,235,344
1985-08-06,11562,0.9660400824380964,246,356
1985-08-07,11442,0.9710784653732688,257,8
1985-08-08,11533,0.9750664347298305,268,20
1985-08-09,11542,0.9796565830885029,278,32
1985-08-10,9321,1.0358410051460347,289,44
1985-08-11,9027,1.0919127128592148,301,56
1985-08-12,11424,1.005726847978134,312,68
1985-08-13,11636,0.9749034862779147,324,81
1985-08-14,11540,0.9777657567865469,336,94
1985-08-15,11746,0.9905702652416646,349,108
1985-08-16,11614,0.9886183233285275,2,121
1985-08-17,9680,1.0722747928173144,15,136
1985-08-18,9291,1.1184360533342321,28,150
1985-08-19,11314,0.9982984240476166,41,164
1985-08-20,11903,0.9827556789450692,55,179
1985-08-21,11384,0.9644470032917297,68,193
1985-08-22,11538,0.9814910993022694,81,207
1985-08-23,11434,0.9797058304543993,95,221
1985-08-24,9473,1.0619208176937354,108,235
1985-08-25,9128,1.1048623624126233,120,249
1985-08-26,11324,1.0028656671008562,133,263
1985-08-27,11780,0.9757716927837979,145,276
1985-08-28,11368,0.9546777100892104,158,289
1985-08-29,11515,0.9712628722880067,170,302
1985-08-30,11867,1.0111889701451342,182,315
1985-08-31,9832,1.0932636646276197,193,328
1985-09-01,9145,1.144985191343467,205,340
1985-09-02,9183,0.8554213928027166,216,352
1985-09-03,11417,0.9796737299147658,227,4
1985-09-04,11985,1.0472236986797612,238,16
1985-09-05,11959,1.051658545294648,249,28
1985-09-06,11925,1.0437377358363216,259,40
1985-09-07,9564,1.0896794476216207,270,52
1985-09-08,9072,1.0763330405349827,282,64
1985-09-09,11623,0.9876294623913298,293,76
1985-09-10,11828,0.9527706460361463,305,89
1985-09-11,11521,0.9679952989473156,317,102
1985-09-12,11958,0.9956765646785639,330,116
1985-09-13,11330,0.9593040922424354,343,130
1985-09-14,9542,1.0376279028880597,356,144
1985-09-15,9281,1.08329816522238,10,159
1985-09-16,11849,1.01096584387821,24,174
1985-09-17,12058,0.9665401632979324,38,189
1985-09-18,11819,0.9675869162155971,51,203
1985-09-19,12212,1.0012013101397812,65,218
1985-09-20,12118,0.9996816579056214,78,232
1985-09-21,10144,1.0908468252851367,91,246
1985-09-22,9798,1.1457197629239468,104,259
1985-09-23,11909,1.0227009962804607,116,273
1985-09-24,12396,1.002284601546726,128,286
1985-09-25,11695,0.9650446920190333,140,299
1985-09-26,12038,0.997429250729546,152,312
1985-09-27,11926,0.9991690740167644,164,324
1985-09-28,9584,1.0514823709337955,175,336
1985-09-29,9236,1.107274245590513,186,349
1985-09-30,11560,1.022240481421186,197,1
1985-10-01,11719,0.9673146846727777,208,12
1985-10-02,11365,0.9616639541379596,219,24
1985-10-03,11359,0.9698550053431423,229,36
1985-10-04,11810,1.0243991683386164,240,48
1985-10-05,9578,1.0796833067705658,251,60
1985-10-06,8928,1.0979924657152644,262,72
1985-10-07,11024,0.9995213659457711,274,84
1985-10-08,11358,0.971846642613181,286,97
1985-10-09,10959,0.9601584959481628,298,110
1985-10-10,11057,0.9625163827933282,310,124
1985-10-11,11184,0.9909567386280088,323,138
1985-10-12,8948,1.0355099785042061,337,152
1985-10-13,8515,1.0875812285722182,351,167
1985-10-14,10651,0.9896838337345039,5,182
1985-10-15,11353,0.983026786513963,19,197
1985-10-16,10784,0.9543254341767067,33,212
1985-10-17,10809,0.963505695221997,47,227
1985-10-18,10849,0.9771723976231302,60,242
1985-10-19,8847,1.0399553993966435,73,256
1985-10-20,8481,1.0817897926240485,86,270
1985-10-21,10773,1.003945133406022,99,283
1985-10-22,11023,0.967961278480187,111,296
1985-10-23,10698,0.959697811646968,122,309
1985-10-24,10657,0.9559237084599995,134,321
1985-10-25,10892,0.9820947447522452,145,333
1985-10-26,8721,1.0233005664332078,156,345
1985-10-27,8823,1.1244477792792478,167,357
1985-10-28,10510,0.9840767829154561,178,9
1985-10-29,10790,0.9527867225874422,189,21
1985-10-30,10666,0.9673027183942847,200,33
1985-10-31,10246,0.975940242820154,210,45
1985-11-01,11095,1.0138162431208213,221,57
1985-11-02,8875,1.0377209193990058,232,69
1985-11-03,8442,1.0723539969988964,243,81
1985-11-04,10896,1.0142984904703212,255,93
1985-11-05,11119,0.9727598379621288,266,106
1985-11-06,10695,0.9570370778136539,279,119
1985-11-07,10865,0.973471821892827,291,132
1985-11-08,10798,0.9721861477040278,304,146
1985-11-09,8788,1.0316472428820178,317,161
1985-11-10,8338,1.0602854352727231,331,175
1985-11-11,10348,0.9650687375391653,345,190
1985-11-12,10984,0.965407930652623,359,206
1985-11-13,10505,0.9551579608951178,13,221
1985-11-14,10837,0.9776167833061646,27,236
1985-11-15,10971,0.9865740122715572,41,251
1985-11-16,8718,1.0202908904564356,55,265
1985-11-17,8545,1.0831370545041137,67,279
1985-11-18,10721,0.9938595942489736,80,292
1985-11-19,10800,0.9416487028632675,92,305
1985-11-20,10829,0.9486943071956877,104,318
1985-11-21,10638,0.9353303094072011,115,330
1985-11-22,11058,1.017730763387572,126,343
1985-11-23,8814,1.0962100685608773,137,354
1985-11-24,8581,1.1831214640946668,148,6
1985-11-25,10816,1.0874997602534828,159,18
1985-11-26,11284,1.0801880799571522,169,30
1985-11-27,10766,1.0493010917985612,180,42
1985-11-28,8183,0.7947456960204081,191,54
1985-11-29,9922,0.9299858543377267,202,66
1985-11-30,8696,1.0325381387875816,213,78
1985-12-01,8549,1.0788393679979413,225,90
1985-12-02,10578,0.9827890093489025,236,103
1985-12-03,11263,0.9903514292393069,248,115
1985-12-04,10672,0.96324441818689,260,128
1985-12-05,10604,0.9602727795697327,272,142
1985-12-06,10484,0.9604819081506114,285,155
1985-12-07,8535,1.019911872058504,298,169
1985-12-08,8394,1.0810288895293927,311,184
1985-12-09,10607,1.0044102357690836,325,199
1985-12-10,10974,0.9753072993689698,339,214
1985-12-11,10433,0.9444331562078679,353,229
1985-12-12,10610,0.950769316274775,7,244
1985-12-13,10145,0.9229436403789414,21,259
1985-12-14,8706,1.025644363752171,34,273
1985-12-15,8253,1.0378333402335267,47,287
1985-12-16,10987,1.0042776249078995,60,301
1985-12-17,11453,0.9743582253113922,72,314
1985-12-18,10983,0.9450238775130113,84,327
1985-12-19,10917,0.9312660321644043,95,339
1985-12-20,11308,0.9705574705773649,106,351
1985-12-21,8916,0.9994947326588491,117,3
1985-12-22,8259,1.0407546229554538,128,15
1985-12-23,9859,0.9761423350168591,139,27
1985-12-24,9203,0.9829644237261171,149,38
1985-12-25,8031,1.0075218643170705,160,50
1985-12-26,10022,1.0841125736076083,171,62
1985-12-27,11484,1.0410187184821833,183,75
1985-12-28,9248,1.020733158378331,194,87
1985-12-29,8526,1.0135091099981342,206,100
1985-12-30,11644,1.0143755438017237,217,112
1985-12-31,11485,1.013697115563542,229,125
1986-01-01,8444,0.9887469743132248,241,139
1986-01-02,9446,0.9874621060831702,254,152
1986-01-03,10327,0.9712718614680524,266,166
1986-01-04,8807,1.0599066182905046,279,179
1986-01-05,8397,1.1012983286370004,292,194
1986-01-06,10293,0.99103366605839,306,208
1986-01-07,10716,0.9527285138362491,319,222
1986-01-08,10065,0.9358411454017562,333,237
1986-01-09,10056,0.9495090504959325,347,252
1986-01-10,10659,0.9834823183543421,360,267
1986-01-11,8870,1.0592939820300764,14,281
1986-01-12,8274,1.0759360516363508,27,295
1986-01-13,10206,0.990977470283178,39,309
1986-01-14,10739,0.9424308678543921,52,322
1986-01-15,10403,0.9607653397059327,63,335
1986-01-16,10387,0.9687521035444636,75,347
1986-01-17,10674,0.9847835183699098,86,359
1986-01-18,8843,1.0577430246169828,97,11
1986-01-19,8354,1.0965122055256182,108,23
1986-01-20,10489,1.0042700193202605,118,35
1986-01-21,10856,0.9622096282750595,129,47
1986-01-22,10398,0.9531500793083756,140,59
1986-01-23,10388,0.9567835260861134,151,71
1986-01-24,10511,0.9629778401082751,163,83
1986-01-25,9021,1.0763058518613335,174,96
1986-01-26,8328,1.0868559637238098,186,109
1986-01-27,10459,1.0036645685970267,198,122
1986-01-28,10650,0.9452186914797249,211,135
1986-01-29,10442,0.9662375956982633,223,149
1986-01-30,10376,0.9635449739481511,236,162
1986-01-31,10638,0.9881595078279166,249,176
1986-02-01,8736,1.0472908581649223,261,190
1986-02-02,8542,1.1050462823470446,274,204
1986-02-03,10403,0.995876637060127,288,218
1986-02-04,10765,0.9531267903573607,301,233
1986-02-05,10219,0.9376504388949409,314,247
1986-02-06,10606,0.9795312298574802,327,261
1986-02-07,10638,0.9701805545346652,341,275
1986-02-08,8759,1.042283943207892,354,289
1986-02-09,8471,1.1028368305716498,6,303
1986-02-10,10558,0.9983152271090909,19,317
1986-02-11,10747,0.9414232337367754,31,330
1986-02-12,10571,0.9506940149035991,43,342
1986-02-13,10442,0.9774281664967117,54,355
1986-02-14,11412,0.9961546658861499,65,7
1986-02-15,8927,1.0519319418577322,76,19
1986-02-16,8413,1.090405603530951,87,31
1986-02-17,10237,0.9765632625715287,98,43
1986-02-18,10919,0.9596305325135346,109,54
1986-02-19,10869,0.9959457298830015,120,67
1986-02-20,10654,0.972415869342518,131,79
1986-02-21,10820,0.9916539553450399,142,91
1986-02-22,8969,1.0564451255699439,154,104
1986-02-23,8383,1.0849902700393916,166,117
1986-02-24,10563,1.0016836370743278,179,131
1986-02-25,10891,0.9521052665291475,192,145
1986-02-26,10716,0.9752585462213652,205,159
1986-02-27,10672,0.9810938903677799,218,173
1986-02-28,10883,0.9928238907551785,231,187
1986-03-01,8776,1.0539370125175773,244,201
1986-03-02,8334,1.0725827712905747,257,215
1986-03-03,10671,0.9999345081560251,270,229
1986-03-04,10926,0.9520669349567238,283,243
1986-03-05,10651,0.9632174142927686,296,257
1986-03-06,10783,0.9873476356403471,309,271
1986-03-07,11033,1.0055929831648962,322,285
1986-03-08,8763,1.042457064687935,335,299
1986-03-09,8240,1.0720449724267074,347,312
1986-03-10,10839,1.0298193685621975,359,325
1986-03-11,10958,0.9637774524193319,11,338
1986-03-12,10744,0.9761596520814456,22,350
1986-03-13,10522,0.9773588794356998,34,3
1986-03-14,10897,0.9963236058794088,45,15
1986-03-15,8854,1.057416045569163,56,27
1986-03-16,8432,1.0962856345392216,67,39
1986-03-17,10670,1.0038260448201777,77,50
1986-03-18,10865,0.9502029078244965,88,62
1986-03-19,10710,0.9780224629855938,99,74
1986-03-20,10743,0.9791926841997114,111,87
1986-03-21,10984,0.9963099574340057,122,99
1986-03-22,8554,1.0221470628663165,134,112
1986-03-23,8387,1.0923555616858185,146,125
1986-03-24,10542,1.0087279599058692,159,139
1986-03-25,11144,0.9809735962450561,172,153
1986-03-26,10872,0.9937898433291291,186,167
1986-03-27,11081,1.018649898189802,199,182
1986-03-28,10813,0.9919048951814569,213,197
1986-03-29,8817,1.0580801555517179,226,211
1986-03-30,8572,1.1220330568202013,240,226
1986-03-31,10569,1.0165093154808593,253,240
1986-04-01,10569,0.968257361510515,266,254
1986-04-02,10683,0.9808806791802832,279,268
1986-04-03,11000,1.0101878368640673,292,282
1986-04-04,10807,0.9902214444509304,305,295
1986-04-05,8944,1.0736817246446322,317,308
1986-04-06,8289,1.0921262700730887,329,321
1986-04-07,10720,1.0313439160795161,340,334
1986-04-08,11217,0.9965518529510715,352,347
1986-04-09,10656,0.9819535560999373,3,359
1986-04-10,10621,0.9885061663922451,14,11
1986-04-11,10486,0.9685719042956802,25,23
1986-04-12,8608,1.0401307954729553,36,35
1986-04-13,8295,1.1084810643126592,47,47
1986-04-14,10658,1.0349983763533785,58,59
1986-04-15,10876,0.9666048955644481,69,70
1986-04-16,10609,0.9765267681494946,80,82
1986-04-17,10664,0.9873449502281303,91,95
1986-04-18,10549,0.9753435946585883,103,107
1986-04-19,8679,1.0479952987420291,115,120
1986-04-20,8382,1.1064876978320133,127,133
1986-04-21,10447,1.0079738813744297,140,147
1986-04-22,10896,0.972771545146854,153,161
1986-04-23,10341,0.9556126452223276,166,176
1986-04-24,10572,0.9835154950456221,180,190
1986-04-25,10988,1.018129255487031,194,205
1986-04-26,9023,1.0903213276871513,208,220
1986-04-27,8167,1.0809875648021758,222,235
1986-04-28,10820,1.049660079447935,236,250
1986-04-29,11003,0.990185949299803,249,264
1986-04-30,10881,1.0173047195898144,262,279
1986-05-01,10962,1.0107843460718566,275,292
1986-05-02,10821,0.9936451786685441,287,305
1986-05-03,8524,1.028915931982984,299,318
1986-05-04,7921,1.046078752047518,311,331
1986-05-05,10494,1.0025537680580434,323,344
1986-05-06,11018,0.9768033300755362,334,356
1986-05-07,10640,0.9764303420915073,345,8
1986-05-08,10517,0.9701862221745793,356,20
1986-05-09,10813,0.9975932813737018,7,32
1986-05-10,8835,1.0594743775747844,18,44
1986-05-11,8358,1.0937452946536041,29,55
1986-05-12,10637,1.0146611014101543,39,67
1986-05-13,10959,0.9823937752239648,50,79
1986-05-14,10750,0.9851934941856166,61,91
1986-05-15,10886,0.9896524966333491,73,103
1986-05-16,11116,1.0101370276537065,84,116
1986-05-17,8880,1.0557446664885308,96,129
1986-05-18,8602,1.1155181345011431,108,142
1986-05-19,10785,1.0265640036490733,121,155
1986-05-20,11221,0.9761106963062445,134,169
1986-05-21,10719,0.961815849103176,147,184
1986-05-22,10781,0.9716609697897155,161,199
1986-05-23,11284,1.0084246867611475,175,214
1986-05-24,8937,1.0443991059267277,190,229
1986-05-25,8442,1.1009680688754364,204,244
1986-05-26,8838,0.8577741948488692,218,259
1986-05-27,11086,0.9991390547592447,232,274
1986-05-28,11454,1.05337321383574,245,288
1986-05-29,11348,1.0503315032083118,258,302
1986-05-30,11560,1.0840303412087302,270,315
1986-05-31,9131,1.1057704202433227,282,328
1986-06-01,8579,1.1043674991145624,294,341
1986-06-02,10757,0.998998915258837,305,353
1986-06-03,10785,0.9312230180774171,316,5
1986-06-04,10762,0.9673131996585598,327,17
1986-06-05,10923,0.9856674618839503,338,29
1986-06-06,11010,0.9946484242847107,349,41
1986-06-07,8664,1.0230614221955923,360,52
1986-06-08,8405,1.0833908109043418,10,64
1986-06-09,10632,1.0017009842373894,21,76
1986-06-10,10879,0.9413315606639527,33,88
1986-06-11,10998,0.9868318886762628,44,100
1986-06-12,11111,1.0002895582745888,55,113
1986-06-13,10411,0.9513965826875825,67,125
1986-06-14,8643,1.0194374231582617,78,138
1986-06-15,8528,1.0873247871676566,91,151
1986-06-16,11051,1.0263857882477627,103,164
1986-06-17,11361,0.9749348475966293,116,178
1986-06-18,10692,0.9503974407703241,129,192
1986-06-19,10676,0.9576275815513647,143,207
1986-06-20,11154,0.9904725870357618,157,222
1986-06-21,8857,1.031256399592904,171,237
1986-06-22,8473,1.073924476091591,185,253
1986-06-23,10968,1.020847428064449,200,268
1986-06-24,11532,0.9857351878316284,213,282
1986-06-25,11038,0.9706202046704638,227,297
1986-06-26,11100,0.9806036451196787,240,311
1986-06-27,11286,0.9918727327180453,252,324
1986-06-28,9128,1.0442088874935167,264,337
1986-06-29,8718,1.084241975145641,276,350
1986-06-30,10890,0.9853214470259081,287,2
1986-07-01,11545,0.9531625838310389,298,14
1986-07-02,11413,0.972886914147566,309,26
1986-07-03,11306,0.9958826340809853,320,38
1986-07-04,9019,0.9164516242133401,331,49
1986-07-05,9111,1.1515506182679713,342,61
1986-07-06,8665,1.0859287027609736,353,73
1986-07-07,11367,0.9934786237011719,4,85
1986-07-08,12051,0.9742737991354538,15,97
1986-07-09,11404,0.9662429599507087,26,110
1986-07-10,11684,0.9966707441052858,38,122
1986-07-11,11405,0.9803894750343686,50,135
1986-07-12,9182,1.0371726389340667,62,148
1986-07-13,8789,1.0918146688154573,74,161
1986-07-14,11133,0.9957777912299142,86,174
1986-07-15,11627,0.9537846503086727,99,188
1986-07-16,11334,0.9613187481804659,112,202
1986-07-17,11378,0.9705812451924264,126,216
1986-07-18,11572,0.9923968896735588,139,231
1986-07-19,9421,1.062269985182117,153,246
1986-07-20,9050,1.1064182044475677,167,261
1986-07-21,11200,0.999071993276805,181,276
1986-07-22,12263,1.0069603644257483,195,291
1986-07-23,11540,0.9814576069942189,208,305
1986-07-24,11322,0.9729575298516833,221,319
1986-07-25,11801,1.0105280636415181,234,332
1986-07-26,9386,1.0566830806205545,246,345
1986-07-27,8959,1.094221217645713,258,358
1986-07-28,11372,1.0115011406782681,269,10
1986-07-29,11896,0.9810942721590291,280,22
1986-07-30,11418,0.9746044048026447,291,34
1986-07-31,11298,0.9730062028501721,302,46
1986-08-01,11686,1.0004329034148198,313,58
1986-08-02,9357,1.0499338738927984,324,70
1986-08-03,8875,1.0860944137602315,335,82
1986-08-04,11264,1.010616857557098,346,94
1986-08-05,11655,0.9620307926016444,357,106
1986-08-06,11643,0.9952909878283672,9,119
1986-08-07,11413,0.9767800971593176,21,132
1986-08-08,11733,0.9957391330837505,33,145
1986-08-09,9560,1.0571093405065735,45,158
1986-08-10,8924,1.081404082474417,57,171
1986-08-11,11216,1.0008109091974715,70,185
1986-08-12,11685,0.9555951472418166,83,199
1986-08-13,11158,0.9564609881296326,96,213
1986-08-14,11340,0.9689172186125729,109,227
1986-08-15,11651,0.9862864873974687,122,241
1986-08-16,9552,1.0592790287417544,136,256
1986-08-17,9135,1.1034105778917116,150,270
1986-08-18,11258,0.9997225601464726,163,285
1986-08-19,11833,0.9698899186154066,177,299
1986-08-20,11768,0.9940649957066952,190,313
1986-08-21,11509,0.9832538954856026,203,327
1986-08-22,11554,0.9865810836867324,215,340
1986-08-23,9491,1.059445705510862,227,353
1986-08-24,8940,1.0927981929544934,239,6
1986-08-25,11333,1.0119218810660624,250,18
1986-08-26,11819,0.9723150433074164,261,30
1986-08-27,11680,0.9898485705873409,272,42
1986-08-28,11462,0.970683677086228,283,54
1986-08-29,11717,0.9920506941710333,294,66
1986-08-30,9211,1.02250959125111,305,78
1986-08-31,8842,1.0720903994946445,316,90
1986-09-01,8948,0.8264406783289451,327,102
1986-09-02,11277,0.9758261964307867,339,115
1986-09-03,11840,1.039451324021532,351,128
1986-09-04,11737,1.0341966642789822,3,141
1986-09-05,11884,1.0490281017838365,15,154
1986-09-06,9685,1.1043375756976843,28,168
1986-09-07,9044,1.123615180309061,41,182
1986-09-08,11221,0.9820751977251904,54,195
1986-09-09,11877,0.9374884486943514,67,209
1986-09-10,11443,0.9430613438628946,80,223
1986-09-11,11704,0.9916581588082384,93,238
1986-09-12,12011,1.003883909268857,106,252
1986-09-13,9596,1.05848779148243,119,266
1986-09-14,9167,1.0869944157500588,133,280
1986-09-15,11763,1.012840087412754,146,294
1986-09-16,12301,0.9749415318991537,159,308
1986-09-17,11757,0.964193361085995,171,322
1986-09-18,12011,0.9915920271579052,184,335
1986-09-19,12237,1.007057257819426,196,349
1986-09-20,9906,1.0646290833667558,208,1
1986-09-21,9483,1.1119829647756259,219,14
1986-09-22,12156,1.0485791329247514,231,26
1986-09-23,12235,0.9760245170194065,242,38
1986-09-24,12062,0.9978190880963708,253,50
1986-09-25,12281,1.0219403246304042,264,62
1986-09-26,12412,1.03231946966764,274,74
1986-09-27,9783,1.0677890395153515,285,86
1986-09-28,9171,1.0971594197394976,297,98
1986-09-29,11731,1.0374707453788794,308,110
1986-09-30,11859,0.9741518952643979,320,123
1986-10-01,11704,0.9884040870656533,332,136
1986-10-02,11536,0.9843595289900009,344,149
1986-10-03,11446,0.9809910465663445,357,163
1986-10-04,9282,1.0488903996900607,10,177
1986-10-05,8799,1.0815652461744887,23,191
1986-10-06,10979,0.9960416834845972,36,206
1986-10-07,11500,0.9685768559497319,50,220
1986-10-08,11013,0.9641053801840134,63,234
1986-10-09,10859,0.9594148582664931,76,249
1986-10-10,11168,0.9758674133490041,90,263
1986-10-11,8775,1.0129170668875729,103,277
1986-10-12,8217,1.0369061534774162,116,291
1986-10-13,10322,0.9725466801438721,128,305
1986-10-14,11030,0.9520614347122771,141,318
1986-10-15,11085,0.9820043341607626,153,331
1986-10-16,10867,0.9697747922613501,165,344
1986-10-17,11004,0.9846093170769593,177,357
1986-10-18,8710,1.0220422830102442,189,10
1986-10-19,8218,1.0533741967038601,200,22
1986-10-20,10445,0.9828196037040611,211,34
1986-10-21,10981,0.9506016855934789,222,46
1986-10-22,10589,0.9513407904208939,233,58
1986-10-23,10526,0.9522256620316044,244,70
1986-10-24,10736,0.9666635881579023,255,82
1986-10-25,8580,1.0078647801021248,266,94
1986-10-26,8562,1.0954940006092544,277,106
1986-10-27,10522,0.9892153786655661,288,118
1986-10-28,10796,0.9390149681475061,300,131
1986-10-29,10594,0.9570997731399921,312,144
1986-10-30,10504,0.9606388508320733,324,157
1986-10-31,10122,0.9677870310649888,337,171
1986-11-01,8717,1.0376913851154579,350,185
1986-11-02,8209,1.0466472041727624,4,200
1986-11-03,10593,0.9926161785835629,18,215
1986-11-04,11064,0.9567406379504435,32,230
1986-11-05,10471,0.9372405149533315,45,244
1986-11-06,10626,0.958875872738458,59,259
1986-11-07,10680,0.9605268228176503,72,274
1986-11-08,8758,1.0272597527887188,86,288
1986-11-09,8339,1.0674634149405509,98,301
1986-11-10,10403,0.9758634528998087,111,315
1986-11-11,10875,0.9421378731025473,123,328
1986-11-12,10599,0.9530994588728532,135,341
1986-11-13,10245,0.939367889167434,146,354
1986-11-14,10668,0.966022345720693,158,6
1986-11-15,8465,0.991698475181937,169,18
1986-11-16,8213,1.0481098905756883,180,31
1986-11-17,10534,0.9849954186452221,191,43
1986-11-18,11046,0.9512138101397289,202,55
1986-11-19,10590,0.9446786711460432,213,66
1986-11-20,10541,0.9312458681752378,224,78
1986-11-21,10856,0.958118987044998,235,90
1986-11-22,8442,1.0122106239588247,246,102
1986-11-23,8186,1.1101721614739306,257,114
1986-11-24,10601,1.0782210742240095,268,126
1986-11-25,11101,1.0368309757600862,280,139
1986-11-26,10458,1.0242546242868202,292,152
1986-11-27,8015,0.7877599197294846,304,165
1986-11-28,9724,0.9479930943777612,317,179
1986-11-29,8362,1.0210723359557816,330,193
1986-11-30,8190,1.0603965956935522,344,208
1986-12-01,10612,0.9878892516482073,358,223
1986-12-02,11106,0.9585124693831398,12,238
1986-12-03,10650,0.9580934017124482,26,253
1986-12-04,10280,0.9356822777711289,40,269
1986-12-05,10441,0.9490991513871757,54,283
1986-12-06,8295,0.990028720633322,67,298
1986-12-07,8087,1.0537665700048935,80,312
1986-12-08,10446,0.9924026310042265,93,325
1986-12-09,10963,0.9643425831944912,105,338
1986-12-10,10619,0.9655685960216037,116,351
1986-12-11,10403,0.9496536050866167,128,3
1986-12-12,10678,0.9604931683454982,139,15
1986-12-13,8502,1.007658697005695,150,27
1986-12-14,8080,1.0379760856022655,161,39
1986-12-15,10866,1.0079872155603995,172,51
1986-12-16,11389,0.9670381884422726,183,63
1986-12-17,11217,0.9763355607777293,194,75
1986-12-18,11187,0.9706888498068433,204,87
1986-12-19,11628,0.9956806457145662,215,99
1986-12-20,8688,0.9714590443606161,226,111
1986-12-21,8146,0.9957554857118843,237,123
1986-12-22,10589,0.9843405606487576,249,135
1986-12-23,10533,0.968758967120663,260,148
1986-12-24,9097,0.9940988361642545,272,161
1986-12-25,8107,1.0256274395033798,284,174
1986-12-26,10417,1.13111623860923,297,187
1986-12-27,8821,1.0417233612530294,310,201
1986-12-28,8286,0.9972572054170433,323,216
1986-12-29,11298,0.9907257455041628,337,231
1986-12-30,12237,0.9902729194921379,351,246
1986-12-31,11388,1.028365888889743,6,262
1987-01-01,8343,0.9704540289704321,20,277
1987-01-02,9530,0.9851019171700247,34,292
1987-01-03,8778,1.059504021579929,48,306
1987-01-04,8259,1.0676676943965795,61,321
1987-01-05,10102,0.9627841177615541,73,334
1987-01-06,11016,0.9705656308017765,85,347
1987-01-07,10534,0.9438955562053297,97,360
1987-01-08,10462,0.9663152934286416,108,12
1987-01-09,10470,0.9775439495635735,119,25
1987-01-10,8645,1.0236594374304708,130,36
1987-01-11,8181,1.0494658379777133,141,48
1987-01-12,10385,0.9813369927318788,152,60
1987-01-13,10581,0.9401333892656712,163,72
1987-01-14,10456,0.9247948522715812,174,84
1987-01-15,10520,0.9651398538588284,185,96
1987-01-16,10633,0.9806050085795096,196,108
1987-01-17,8608,1.019192535653181,207,120
1987-01-18,8095,1.0400792361335445,218,132
1987-01-19,10160,0.9690661721990746,230,145
1987-01-20,10670,0.9348358904216001,241,157
1987-01-21,10612,0.9479627542770487,253,170
1987-01-22,10602,0.9654172535282505,265,183
1987-01-23,10581,0.9636608793696311,277,197
1987-01-24,8582,1.0090232430238928,290,211
1987-01-25,8341,1.0689765251128387,304,225
1987-01-26,10297,0.976523536680859,317,240
1987-01-27,10831,0.9510898162887212,331,255
1987-01-28,10811,0.9670361957230208,345,270
1987-01-29,10641,0.9781342513300655,359,285
1987-01-30,10712,0.9836222806262681,13,300
1987-01-31,8896,1.0604794200411432,27,314
1987-02-01,8403,1.0820767831530222,40,329
1987-02-02,10585,0.9950673797623053,53,342
1987-02-03,11039,0.9670105777605273,65,356
1987-02-04,10549,0.9413304428854528,77,8
1987-02-05,10529,0.959699942358848,88,21
1987-02-06,10611,0.9690333971739014,100,33
1987-02-07,8735,1.0223412682356183,111,45
1987-02-08,8278,1.0580981895549972,121,57
1987-02-09,10414,0.9852237657381807,132,69
1987-02-10,10976,0.9496961596520084,143,81
1987-02-11,10649,0.9401575965227825,154,93
1987-02-12,10986,0.9814768550225051,165,105
1987-02-13,10256,0.9492813301910268,176,117
1987-02-14,9245,1.03564837712632,188,129
1987-02-15,8384,1.0612126193643354,199,142
1987-02-16,10263,0.966612130443987,211,154
1987-02-17,10930,0.9541186541497656,223,167
1987-02-18,10756,0.9527219126821245,235,180
1987-02-19,10488,0.9546727905775797,247,193
1987-02-20,10992,0.9920460478838238,259,207
1987-02-21,8840,1.039741923812537,272,221
1987-02-22,8642,1.093417976788672,285,235
1987-02-23,10752,1.0112449351485893,299,249
1987-02-24,11015,0.955833718583019,312,264
1987-02-25,10863,0.9571084667221316,326,279
1987-02-26,10625,0.9605761058965896,340,293
1987-02-27,11010,1.0008473415747654,353,308
1987-02-28,8945,1.0472354568105382,7,322
1987-03-01,8485,1.0945583459601957,20,336
1987-03-02,10818,1.0117309226688123,32,350
1987-03-03,10931,0.9373048763750598,45,3
1987-03-04,10667,0.9367910880772574,57,16
1987-03-05,10971,0.9855892026149546,68,29
1987-03-06,11095,1.0045546266586094,79,41
1987-03-07,8754,1.023942481203552,91,53
1987-03-08,8294,1.0598354072606204,101,65
1987-03-09,10809,1.0219085574637734,112,77
1987-03-10,11200,0.9737431325976105,123,89
1987-03-11,10697,0.9482036671500391,134,101
1987-03-12,10900,0.9837780583887563,145,113
1987-03-13,10399,0.955131372002543,157,125
1987-03-14,8837,1.0369044235618337,168,138
1987-03-15,8318,1.0670734710297596,180,151
1987-03-16,10818,1.0220704421386173,192,164
1987-03-17,11226,0.9664371672790414,204,177
1987-03-18,11095,0.977930745264066,217,190
1987-03-19,10948,0.9931387525710643,229,204
1987-03-20,11255,1.0143874092473053,242,218
1987-03-21,9006,1.0483499822579874,255,232
1987-03-22,8307,1.066245908853358,268,246
1987-03-23,10830,1.0250063695593084,281,260
1987-03-24,11317,0.9909161543384417,295,274
1987-03-25,10802,0.9583288372813245,308,289
1987-03-26,10915,0.9911163285200588,321,303
1987-03-27,11057,1.0050763806689889,334,317
1987-03-28,8855,1.0424441561614681,347,331
1987-03-29,8355,1.076993819095585,360,345
1987-03-30,10623,1.0104420180607305,13,358
1987-03-31,11196,0.9853599368722704,25,11
1987-04-01,10212,0.9428918565993107,37,24
1987-04-02,11069,1.0095948350892971,48,37
1987-04-03,11045,1.002976913343871,59,49
1987-04-04,8819,1.0370194963788737,71,61
1987-04-05,8012,1.033127065687331,82,73
1987-04-06,10765,1.030683858560335,92,85
1987-04-07,11324,0.9969264808699075,103,97
1987-04-08,11006,0.9854778304617907,114,109
1987-04-09,10810,0.9895510644892477,126,121
1987-04-10,11284,1.0384672811079136,137,133
1987-04-11,9033,1.0707656409890831,149,146
1987-04-12,8535,1.1077920655107265,161,159
1987-04-13,10610,1.0303101981470213,173,172
1987-04-14,11417,1.0145430950045982,186,186
1987-04-15,11067,0.9912971796208512,198,200
1987-04-16,11175,1.0218167460068175,212,214
1987-04-17,10558,0.9665986781923299,225,228
1987-04-18,8925,1.0589975896129682,238,242
1987-04-19,8225,1.0668284304663596,252,257
1987-04-20,10594,1.0162478227843792,265,271
1987-04-21,11205,0.9892910742529881,278,285
1987-04-22,10972,0.9872422472409413,291,299
1987-04-23,10816,0.992891537917638,304,313
1987-04-24,10847,0.9978136908882015,317,327
1987-04-25,8663,1.0301322495384624,329,340
1987-04-26,8286,1.075517564149299,342,354
1987-04-27,10386,0.9989579030773156,354,7
1987-04-28,10895,0.9671708530951446,6,20
1987-04-29,10610,0.9623104445805485,17,32
1987-04-30,10900,1.0123356426695544,29,45
1987-05-01,10939,0.9973833141431492,40,57
1987-05-02,8879,1.0463293111796275,51,69
1987-05-03,8375,1.0859011545858104,62,81
1987-05-04,10808,1.0372189192887022,73,93
1987-05-05,11110,0.9712593629587641,84,105
1987-05-06,10826,0.9673119552835848,95,117
1987-05-07,10956,0.9987744937525534,106,129
1987-05-08,11198,1.0214555168999466,117,141
1987-05-09,8853,1.0481855775908848,129,154
1987-05-10,8567,1.1035237880521303,141,167
1987-05-11,10993,1.045371811612719,154,180
1987-05-12,11413,0.9962221993622822,167,194
1987-05-13,10560,0.954053573080986,180,209
1987-05-14,11038,1.0048916596241655,194,223
1987-05-15,11210,1.0077104762811777,207,238
1987-05-16,8893,1.0370995554557283,221,253
1987-05-17,8329,1.0636722291549312,235,267
1987-05-18,11208,1.0561997132184426,248,282
1987-05-19,11443,0.9966905164641968,262,296
1987-05-20,11226,0.9842076049425855,275,310
1987-05-21,11289,1.0062569947921096,288,324
1987-05-22,11620,1.0355655787573321,300,337
1987-05-23,8954,1.0269230084125225,312,350
1987-05-24,8368,1.0504259283430917,324,3
1987-05-25,8789,0.8329320365770756,336,16
1987-05-26,11131,0.9885706402602991,348,29
1987-05-27,11835,1.0750124459790003,359,41
1987-05-28,11437,1.0448477065836825,10,53
1987-05-29,11779,1.078031007616271,21,65
1987-05-30,9276,1.1163098241762124,32,77
1987-05-31,8809,1.145888243377726,43,89
1987-06-01,11099,1.038249013295905,54,101
1987-06-02,11540,0.9806955453741106,65,113
1987-06-03,11180,0.9729029620647075,76,125
1987-06-04,11231,1.0027861672672216,87,137
1987-06-05,11360,1.0136373019498899,99,149
1987-06-06,9262,1.0738100384298317,110,162
1987-06-07,8551,1.0845989996965613,122,175
1987-06-08,11102,1.0398947346975203,135,188
1987-06-09,11498,0.9912883052868712,148,202
1987-06-10,11357,0.9904018387805684,161,217
1987-06-11,11290,1.0063271329297843,175,232
1987-06-12,11510,1.0246220028581157,189,247
1987-06-13,9254,1.0852731006235525,204,262
1987-06-14,8623,1.092505101641887,218,277
1987-06-15,11453,1.0611385296091778,232,292
1987-06-16,11647,0.9898688832065051,245,306
1987-06-17,11471,0.9920977916959003,258,320
1987-06-18,11225,0.9911706619461896,271,334
1987-06-19,11461,1.0165444178585277,283,347
1987-06-20,9255,1.0546992717147041,295,360
1987-06-21,8886,1.1113615033184063,307,13
1987-06-22,11073,1.0198647009818753,319,26
1987-06-23,11433,0.9737515150906757,330,38
1987-06-24,11191,0.9640924704154537,341,50
1987-06-25,11427,0.998175592051439,352,62
1987-06-26,11548,1.0087721087392605,3,74
1987-06-27,8988,1.01372316802437,14,86
1987-06-28,8695,1.0684405652490112,25,98
1987-06-29,10869,0.9822898734994148,36,110
1987-06-30,11878,0.9834401229564003,47,122
1987-07-01,11440,0.9519041982581404,58,134
1987-07-02,11849,1.0033674893017472,69,146
1987-07-03,10153,0.8843197627699972,81,158
1987-07-04,8864,1.1559027811738918,92,170
1987-07-05,8645,1.1736835347436911,104,183
1987-07-06,10949,0.9971211482121044,117,197
1987-07-07,11864,0.9488517234760144,130,211
1987-07-08,11530,0.9394667486106729,143,225
1987-07-09,11404,0.9598472470229023,157,240
1987-07-10,11646,0.9823193842860644,171,255
1987-07-11,9305,1.0265027827998316,186,271
1987-07-12,8870,1.0762332639971255,200,286
1987-07-13,10955,0.9889232071732026,214,301
1987-07-14,11890,0.9731653276529785,228,316
1987-07-15,11356,0.9388629681327713,241,330
1987-07-16,11432,0.9632127011697511,254,344
1987-07-17,11518,0.9715357948048116,266,357
1987-07-18,9011,0.9917229466696145,278,10
1987-07-19,8859,1.0729800239488123,290,23
1987-07-20,11389,1.011805539827743,301,35
1987-07-21,11854,0.9676052824985247,313,47
1987-07-22,11631,0.9625579226551371,324,59
1987-07-23,11579,0.978256115428043,335,71
1987-07-24,11778,1.0008247788232523,346,83
1987-07-25,9530,1.0472801502673381,357,95
1987-07-26,9073,1.0971958161663609,7,107
1987-07-27,11604,1.0298975894875506,18,119
1987-07-28,12043,0.9802091629285951,29,131
1987-07-29,11590,0.9633572936495292,40,143
1987-07-30,11614,0.9847725488158222,52,155
1987-07-31,11493,0.9787307009059678,63,167
1987-08-01,9142,1.004393063692563,75,180
1987-08-02,8896,1.0722328795182854,87,193
1987-08-03,11329,1.0074686048636952,99,206
1987-08-04,11720,0.9622237094509899,112,220
1987-08-05,11351,0.9442891249159275,125,234
1987-08-06,11336,0.9626331035539355,139,249
1987-08-07,11765,0.9956453790215661,153,264
1987-08-08,9421,1.0260627268771485,167,279
1987-08-09,8637,1.0258738646131549,182,294
1987-08-10,11476,1.01055442732084,196,309
1987-08-11,11790,0.962680956719556,209,324
1987-08-12,11341,0.9347398079700165,223,339
1987-08-13,11418,0.9722696369834763,236,352
1987-08-14,11472,0.9692337399235897,248,6
1987-08-15,9398,1.0209764495662879,261,19
1987-08-16,8858,1.055165941681113,272,32
1987-08-17,11585,1.016869814975596,284,44
1987-08-18,11896,0.9666600035427068,295,56
1987-08-19,11234,0.9280175071465092,306,68
1987-08-20,11440,0.9599617456610234,317,80
1987-08-21,11692,0.987717295649897,328,92
1987-08-22,9313,1.020540929148204,339,104
1987-08-23,8900,1.0671507313859214,350,116
1987-08-24,11056,0.9820671988004305,1,128
1987-08-25,11670,0.9535149351663791,12,140
1987-08-26,11462,0.950344018651907,23,152
1987-08-27,11533,0.9709212144802767,34,164
1987-08-28,11616,0.9727241363191831,46,177
1987-08-29,9148,0.9939945296669435,58,190
1987-08-30,8798,1.0490920452391057,70,203
1987-08-31,10995,0.9687614675470949,82,216
1987-09-01,11734,0.9917137613778954,95,230
1987-09-02,11451,0.9986572888373463,108,244
1987-09-03,11472,1.0004776094938088,121,258
1987-09-04,11869,1.0341318742386678,135,273
1987-09-05,9392,1.0639542804532398,149,288
1987-09-06,8802,1.0780840403864265,163,303
1987-09-07,9330,0.84232446427036,177,318
1987-09-08,11731,0.9395129296285852,191,332
1987-09-09,12178,0.9687892423083284,204,347
1987-09-10,12252,1.003050536624698,217,1
1987-09-11,12351,1.0347741341842314,230,14
1987-09-12,9467,1.0154466386455234,242,27
1987-09-13,9024,1.069211764993771,254,40
1987-09-14,11572,0.9971241456708059,265,52
1987-09-15,12140,0.9565243220027108,276,65
1987-09-16,11988,0.9575887966309866,287,77
1987-09-17,12106,0.9862433074798618,298,89
1987-09-18,12197,0.9956865701141379,309,100
1987-09-19,9828,1.0379698877164039,320,112
1987-09-20,9432,1.0888619522395098,331,124
1987-09-21,11875,1.0118746785624382,342,136
1987-09-22,12256,0.967417228775192,353,149
1987-09-23,11682,0.9392217135315465,5,161
1987-09-24,11860,0.9746146909874448,16,174
1987-09-25,12173,1.001625086510729,28,187
1987-09-26,9791,1.045056582006009,40,200
1987-09-27,9147,1.072410635642869,53,213
1987-09-28,11513,1.0008806052277237,65,227
1987-09-29,12085,0.9780071391560753,78,240
1987-09-30,11737,0.9716948130822629,91,254
1987-10-01,11791,0.9891602137509398,104,269
1987-10-02,11861,1.0007729878156804,118,283
1987-10-03,9238,1.0160841175151043,131,297
1987-10-04,8686,1.0543320281722466,145,312
1987-10-05,11368,1.0154164557320229,158,326
1987-10-06,11565,0.9600965551376408,172,341
1987-10-07,11256,0.9554643790316067,185,355
1987-10-08,11315,0.9839866503809263,198,9
1987-10-09,11254,0.9831941459423968,210,22
1987-10-10,9165,1.0277518875055403,222,35
1987-10-11,8543,1.0592688427918673,234,48
1987-10-12,10871,0.9968650889599515,245,60
1987-10-13,11433,0.9857376626361335,257,73
1987-10-14,11374,0.989456837776607,268,85
1987-10-15,11419,1.0048970262425942,279,97
1987-10-16,11240,0.9918438428211557,289,108
1987-10-17,8972,1.0302509584417785,300,120
1987-10-18,8270,1.0423780226176569,311,132
1987-10-19,10844,1.0100590729308778,323,144
1987-10-20,11380,0.979855814296531,334,157
1987-10-21,11190,0.9762947281017297,346,170
1987-10-22,10793,0.9632502446489597,358,183
1987-10-23,11160,0.9982894387540029,10,196
1987-10-24,8848,1.022394193197657,23,209
1987-10-25,8849,1.1165500735469356,35,223
1987-10-26,10856,1.00935825917494,48,237
1987-10-27,11116,0.9563032810286958,61,251
1987-10-28,11046,0.9682975817437414,74,265
1987-10-29,11100,0.9961758393766154,88,280
1987-10-30,11046,0.9989097194196561,101,294
1987-10-31,8885,1.090212858837381,114,308
1987-11-01,8463,1.0821676182256172,127,322
1987-11-02,10791,0.9997985001597007,140,336
1987-11-03,11227,0.9626771100976883,153,350
1987-11-04,11132,0.9701735291836933,166,3
1987-11-05,10977,0.976028141083445,178,17
1987-11-06,11099,0.9903579614251292,190,30
1987-11-07,8814,1.0173062051792774,202,43
1987-11-08,8433,1.0624939378863067,214,56
1987-11-09,10895,1.01346087326755,225,68
1987-11-10,11390,0.9777070006632891,237,80
1987-11-11,11006,0.9609678857710781,248,92
1987-11-12,11006,0.9831473665058024,258,104
1987-11-13,10642,0.9648565926053324,269,116
1987-11-14,8877,1.031598705095045,280,128
1987-11-15,8523,1.072541732881326,291,140
1987-11-16,11017,1.021666309289463,302,152
1987-11-17,11443,0.9791186888463438,314,165
1987-11-18,11020,0.956420489988423,326,178
1987-11-19,10828,0.9595159048228282,338,191
1987-11-20,11249,0.9826802522302204,351,204
1987-11-21,8891,1.0070258647059547,3,218
1987-11-22,8476,1.0916552801348114,17,233
1987-11-23,11270,1.1106653800378372,30,247
1987-11-24,11545,1.074507532970777,44,262
1987-11-25,11125,1.0472251161739954,57,276
1987-11-26,8318,0.809271027954618,70,290
1987-11-27,10014,0.9732260104434606,84,305
1987-11-28,8685,1.086601873059008,97,319
1987-11-29,8416,1.1038780603082734,109,332
1987-11-30,11085,1.0429436562781456,122,346
1987-12-01,11807,1.0057849388087816,134,360
1987-12-02,10936,0.9512458357802904,147,13
1987-12-03,10865,0.9709653973227937,159,26
1987-12-04,10895,0.9805692955043535,171,39
1987-12-05,8655,1.0096642160198157,182,52
1987-12-06,8483,1.087551667183818,194,64
1987-12-07,10667,1.01004330688476,205,76
1987-12-08,11179,0.9718413810134066,216,88
1987-12-09,10844,0.9613590269542437,227,100
1987-12-10,10937,0.9879011811002296,238,112
1987-12-11,11035,0.9960811616656335,249,124
1987-12-12,8807,1.0166530385778085,260,136
1987-12-13,8239,1.0489043537211258,271,148
1987-12-14,10933,1.0206011689262342,282,160
1987-12-15,11533,0.978998803470673,293,173
1987-12-16,11132,0.9526325105175628,305,185
1987-12-17,11394,0.9851772716351762,317,199
1987-12-18,11872,1.018605594563824,330,212
1987-12-19,8920,0.9802126423054022,343,227
1987-12-20,8360,1.0041069876444544,357,241
1987-12-21,11531,1.024273650009565,11,256
1987-12-22,11162,0.9494825699081146,25,271
1987-12-23,10301,0.9548545185892775,38,286
1987-12-24,8919,0.9681960700887235,52,301
1987-12-25,7881,0.9858856656728602,66,315
1987-12-26,8446,1.176944688182755,79,329
1987-12-27,8541,1.0834586260333656,92,343
1987-12-28,11462,1.002451533143978,104,357
1987-12-29,12181,0.9774383338419217,116,10
1987-12-30,11843,0.9659081736815811,128,23
1987-12-31,10812,0.9698889737785799,140,36
1988-01-01,8494,0.9678029805523526,151,48
1988-01-02,8049,1.0577348228160974,163,61
1988-01-03,8177,1.0502102857419378,174,73
1988-01-04,10202,0.9493817738027759,185,85
1988-01-05,10927,0.9440244674368994,196,97
1988-01-06,10669,0.9384801122098908,207,109
1988-01-07,10814,0.9535401451889841,218,121
1988-01-08,10748,0.9724197477455988,229,132
1988-01-09,8645,1.0261272462852618,239,144
1988-01-10,8299,1.045662415509815,250,156
1988-01-11,10652,0.9836486630231882,261,168
1988-01-12,11173,0.957066737036547,273,181
1988-01-13,10685,0.9478457494028326,285,193
1988-01-14,10781,0.9383413708854037,297,207
1988-01-15,11141,1.0011995798360476,309,220
1988-01-16,8835,1.0358370920970972,323,234
1988-01-17,8516,1.072913884397807,336,249
1988-01-18,10617,0.9819702384868007,350,264
1988-01-19,11156,0.9645594172154929,4,279
1988-01-20,11001,0.9622845221014719,19,295
1988-01-21,10949,0.9624772612265678,33,310
1988-01-22,10927,0.9746533370183945,46,324
1988-01-23,8728,1.0105524595166122,60,339
1988-01-24,8573,1.0725578371968294,73,353
1988-01-25,10784,0.9948941127558015,85,6
1988-01-26,10971,0.9431460970397261,98,20
1988-01-27,10865,0.9525396971053308,109,33
1988-01-28,10689,0.9408836656350165,121,45
1988-01-29,11019,0.9921564990405142,132,58
1988-01-30,8899,1.0388327002485649,144,70
1988-01-31,8515,1.0801084399158856,155,82
1988-02-01,10747,0.9962260623173216,166,94
1988-02-02,11370,0.9689086787464445,177,106
1988-02-03,10879,0.9514606807358974,187,118
1988-02-04,10802,0.9485428923946173,198,129
1988-02-05,10944,0.9771166241592995,209,141
1988-02-06,8721,1.012500691281074,220,153
1988-02-07,8310,1.0349258702052901,231,165
1988-02-08,10624,0.9775422705095115,242,177
1988-02-09,11268,0.9663287451980714,253,190
1988-02-10,11170,0.9649262788875131,265,202
1988-02-11,11020,0.957404394132651,277,215
1988-02-12,11160,0.9766223015271662,290,229
1988-02-13,8720,1.0260771675959386,303,243
1988-02-14,8730,1.0406265303654585,316,257
1988-02-15,10360,0.9439692044175285,330,272
1988-02-16,11259,0.9612547202728344,344,287
1988-02-17,11162,0.9728023716844234,358,303
1988-02-18,11040,0.9622909986501043,12,318
1988-02-19,11129,0.9922931270816027,26,333
1988-02-20,9208,1.0564939967705993,40,347
1988-02-21,8422,1.0540561934377828,53,2
1988-02-22,10833,0.9866602360303642,66,15
1988-02-23,11001,0.9379075300452188,78,29
1988-02-24,10681,0.925358754603516,90,42
1988-02-25,10792,0.9356971455405279,102,54
1988-02-26,11084,0.9815701270124284,113,67
1988-02-27,9018,1.0421671107964863,124,79
1988-02-28,8499,1.058783242285214,135,91
1988-02-29,9798,0.9098534372077214,146,103
1988-03-01,11501,0.9750219764943193,157,114
1988-03-02,11017,0.9431585567349093,168,126
1988-03-03,11090,0.9584158580700576,179,138
1988-03-04,11010,0.9688555150447626,190,150
1988-03-05,8917,1.0263881509498198,201,162
1988-03-06,8383,1.0433829170807867,212,174
1988-03-07,10536,0.969163590442206,223,187
1988-03-08,11309,0.96919569718981,235,199
1988-03-09,10721,0.9305978798043512,246,212
1988-03-10,10873,0.9484425122887542,259,225
1988-03-11,10790,0.9539246110238808,271,238
1988-03-12,8723,1.0185538993273935,284,252
1988-03-13,8291,1.035180360821353,297,266
1988-03-14,10379,0.958468520319911,311,281
1988-03-15,11103,0.9509002153902117,324,296
1988-03-16,11043,0.9491525865930017,338,311
1988-03-17,10918,0.9469910466540123,352,326
1988-03-18,11089,0.985347679275334,6,341
1988-03-19,8755,1.0031389938080024,20,355
1988-03-20,8646,1.070939204774152,33,10
1988-03-21,10906,1.007686860020896,46,24
1988-03-22,11288,0.9684470097033234,59,37
1988-03-23,10980,0.9598609206256042,71,50
1988-03-24,11045,0.9642687523901969,83,63
1988-03-25,11279,1.0032137190703345,94,75
1988-03-26,9168,1.0594561190080625,105,87
1988-03-27,8534,1.0690354543996552,116,99
1988-03-28,10780,1.0003050292322029,127,111
1988-03-29,11405,0.9833774833258222,138,123
1988-03-30,10882,0.9561832022779373,148,135
1988-03-31,10880,0.9885575641525127,159,147
1988-04-01,10298,0.9200545872111698,171,159
1988-04-02,8965,1.0349565599418125,182,171
1988-04-03,8128,1.0170130141966311,193,183
1988-04-04,11021,1.0230120183903482,205,196
1988-04-05,11522,1.0000001510487857,217,209
1988-04-06,11084,0.9742270102312764,229,222
1988-04-07,10886,0.9591966860619401,241,235
1988-04-08,11061,0.9918109151104527,254,249
1988-04-09,8701,1.0179947081528602,267,263
1988-04-10,8502,1.072404812073376,280,277
1988-04-11,10922,1.0204784355862238,293,291
1988-04-12,11232,0.9887134989729796,306,305
1988-04-13,10534,0.9345707618873456,320,320
1988-04-14,10877,0.9587493412163584,333,335
1988-04-15,11115,0.9955359002885927,347,349
1988-04-16,8896,1.035394669812539,1,4
1988-04-17,8300,1.0479488270359314,14,18
1988-04-18,10934,1.020903466941823,27,32
1988-04-19,11044,0.9603439654938353,39,45
1988-04-20,11020,0.9713912831413835,51,58
1988-04-21,10942,0.9688501990926771,63,71
1988-04-22,11294,1.0155583678981577,75,83
1988-04-23,9165,1.0718127009582332,86,96
1988-04-24,8485,1.0736228658177212,97,107
1988-04-25,11004,1.0281822324853882,107,119
1988-04-26,11400,0.9939498542582486,118,131
1988-04-27,11061,0.9803264838033255,129,143
1988-04-28,11329,1.0111448676081896,140,155
1988-04-29,10836,0.9858004251812542,151,167
1988-04-30,8904,1.0320868360115871,163,180
1988-05-01,8474,1.062595645626927,175,192
1988-05-02,10564,0.9860088353155375,187,205
1988-05-03,11095,0.9651907577540443,199,219
1988-05-04,10931,0.9540726172893039,211,232
1988-05-05,11038,0.970534351847781,224,246
1988-05-06,11271,1.0064677049323807,237,260
1988-05-07,8991,1.0426381324136944,250,274
1988-05-08,8692,1.0950719881692474,263,288
1988-05-09,11077,1.0271219800597575,276,302
1988-05-10,11664,1.0054554266043836,290,316
1988-05-11,11319,0.9864267372837687,303,330
1988-05-12,11207,0.9963689968648337,316,344
1988-05-13,10931,0.9747892274173461,329,358
1988-05-14,8949,1.0227071223493982,342,12
1988-05-15,8764,1.0875513238085017,355,26
1988-05-16,11267,1.0357863601643515,8,40
1988-05-17,11593,0.990317635569445,20,53
1988-05-18,11311,0.9836074466281576,32,66
1988-05-19,11110,0.9585123809276616,44,79
1988-05-20,11452,0.9999004259997396,55,91
1988-05-21,8955,1.0145738863376725,66,103
1988-05-22,8816,1.0758893599725101,77,115
1988-05-23,11355,1.0260719965099203,88,127
1988-05-24,11862,1.0190342379368202,99,139
1988-05-25,11464,1.0165063134743408,110,151
1988-05-26,11494,1.0273972815623338,121,163
1988-05-27,11712,1.0480787392015165,133,175
1988-05-28,9342,1.086949345381391,144,188
1988-05-29,8741,1.1193357217283857,156,201
1988-05-30,9253,0.8664532811094574,168,214
1988-05-31,11586,0.9824533865828198,181,228
1988-06-01,12037,1.0212851848489821,194,242
1988-06-02,11911,1.0199947493231671,207,256
1988-06-03,11462,1.0024720808243646,220,270
1988-06-04,9219,1.0457663885475752,234,284
1988-06-05,8791,1.0845165895979894,247,298
1988-06-06,11392,1.0401577379642144,260,313
1988-06-07,11573,0.9826409610393013,274,327
1988-06-08,11495,0.9894344591614515,287,341
1988-06-09,11519,0.9885179955871141,300,355
1988-06-10,11549,1.0083506826900863,312,8
1988-06-11,9099,1.0297424835235074,325,22
1988-06-12,8674,1.082440911059477,338,36
1988-06-13,11097,1.0120864451747322,350,49
1988-06-14,11915,1.0007085815797847,2,62
1988-06-15,11651,0.9886149569313747,14,75
1988-06-16,11656,0.9920298297844843,25,87
1988-06-17,11639,1.0066992197725955,37,99
1988-06-18,9380,1.057677576588195,48,111
1988-06-19,9038,1.095972852536857,59,123
1988-06-20,11552,1.0400474540673803,69,135
1988-06-21,12040,1.0052278254806373,80,147
1988-06-22,11779,1.0016055960393948,91,159
1988-06-23,11786,0.9991673209665948,102,171
1988-06-24,11698,1.000940611759406,114,183
1988-06-25,9470,1.0516782233575142,125,196
1988-06-26,8858,1.063083116839769,137,209
1988-06-27,11166,0.9877006519175148,150,222
1988-06-28,12165,0.9966047336020103,163,236
1988-06-29,11629,0.9612743412528104,176,250
1988-06-30,11980,0.9809480884600534,190,265
1988-07-01,11825,0.9808474104315189,203,280
1988-07-02,9611,1.0642168556262088,217,294
1988-07-03,8988,1.2471820788950225,231,309
1988-07-04,9259,0.9048925930677685,244,323
1988-07-05,11715,0.9671114359768372,258,338
1988-07-06,12488,0.9971499697429035,271,352
1988-07-07,12727,1.0204697598525867,284,5
1988-07-08,12424,1.024302735379496,296,19
1988-07-09,9923,1.0640585632578443,308,32
1988-07-10,9408,1.1043743189200663,321,45
1988-07-11,11979,1.0462857029302723,333,58
1988-07-12,12068,0.9875207786143144,344,71
1988-07-13,11753,0.960403836917668,356,83
1988-07-14,11953,0.9724689294539317,7,96
1988-07-15,12429,1.0257892600240177,18,108
1988-07-16,9835,1.054636281133718,29,120
1988-07-17,9308,1.0900564367511911,40,132
1988-07-18,11699,1.0200057282702322,51,143
1988-07-19,12185,0.9812908463878864,62,155
1988-07-20,12096,0.9857696967761117,73,167
1988-07-21,11927,0.9713215537611005,84,179
1988-07-22,12112,1.0023499072767625,95,191
1988-07-23,9796,1.0582344295510293,107,204
1988-07-24,9129,1.0675013066801218,119,217
1988-07-25,11641,1.0133756300820809,131,230
1988-07-26,12344,0.9931228830406821,144,244
1988-07-27,12164,0.9884640086515945,158,259
1988-07-28,12195,0.9974881565566119,172,273
1988-07-29,12304,1.0219329668289288,186,288
1988-07-30,10185,1.1026494103911897,200,303
1988-07-31,9361,1.0943593928621238,214,318
1988-08-01,11806,1.0243398300577038,227,333
1988-08-02,12165,0.9806472438093036,241,348
1988-08-03,11945,0.9791178628658086,254,2
1988-08-04,12156,0.9951385381114802,267,16
1988-08-05,12174,1.0126426791215717,280,29
1988-08-06,9955,1.0710275115423724,292,42
1988-08-07,9207,1.0670144173936533,304,55
1988-08-08,12413,1.0613404987047201,315,68
1988-08-09,12282,0.9803903250428434,327,80
1988-08-10,12015,0.9794735858099137,338,93
1988-08-11,12204,0.9898367555598219,349,105
1988-08-12,12226,1.019771924018926,360,117
1988-08-13,9917,1.0651635839377498,11,128
1988-08-14,9434,1.090564590349835,22,140
1988-08-15,11769,1.009186858275272,33,152
1988-08-16,12434,0.9893294448644748,44,164
1988-08-17,11996,0.9732168706763915,55,176
1988-08-18,12328,1.00215838578309,66,188
1988-08-19,12167,1.0000768752372133,77,200
1988-08-20,9762,1.0484054422924192,89,213
1988-08-21,9271,1.081042185479145,101,226
1988-08-22,11683,1.0084098316116479,113,239
1988-08-23,12236,0.985243091477013,126,253
1988-08-24,11931,0.9732711883096702,139,267
1988-08-25,12106,0.9877410439235655,153,282
1988-08-26,12243,1.0096050697554015,167,297
1988-08-27,9724,1.0352009227732273,181,312
1988-08-28,9270,1.071797671550231,195,327
1988-08-29,11597,0.995456366121397,209,342
1988-08-30,12280,0.980800647200903,223,357
1988-08-31,11903,1.0043777125545226,237,11
1988-09-01,11867,1.0184412780196042,250,25
1988-09-02,12251,1.0465542603787559,262,39
1988-09-03,9966,1.103898869733138,275,52
1988-09-04,9250,1.1150179314740107,286,65
1988-09-05,9292,0.8192706347448531,298,77
1988-09-06,12084,0.9889384018762045,309,90
1988-09-07,12509,1.000208858433718,320,102
1988-09-08,12351,0.9668908470177658,331,114
1988-09-09,12661,1.0153267072432233,342,125
1988-09-10,9968,1.0616908716295987,353,137
1988-09-11,9505,1.0848559795712902,4,149
1988-09-12,12062,1.0287998710630522,15,161
1988-09-13,12451,0.9725362438799062,26,173
1988-09-14,12551,0.9873156883300641,37,185
1988-09-15,12398,0.9745540788929001,48,197
1988-09-16,12620,1.0070817578721336,59,209
1988-09-17,10362,1.0753747252186237,71,222
1988-09-18,9848,1.106733060098073,83,235
1988-09-19,12332,1.0248244577728975,95,248
1988-09-20,12851,0.9926377505782172,108,262
1988-09-21,12426,0.979257242152138,121,276
1988-09-22,12554,0.9932419094039731,134,290
1988-09-23,12694,1.0218066699134016,148,305
1988-09-24,9978,1.0437528690474025,162,320
1988-09-25,9489,1.0777261919809544,176,335
1988-09-26,12037,1.0158922067326774,190,350
1988-09-27,12454,0.9814391646102167,204,5
1988-09-28,11956,0.9660100712866664,218,20
1988-09-29,12247,0.9977563194315913,231,34
1988-09-30,12263,1.007707993227303,244,48
1988-10-01,9802,1.0514184130357698,256,61
1988-10-02,9091,1.0639925803890011,268,74
1988-10-03,11684,1.0209302161298002,280,86
1988-10-04,12072,0.9774625190918511,291,99
1988-10-05,11618,0.9629439835891201,302,111
1988-10-06,11740,0.9806646092070573,313,122
1988-10-07,11767,1.0023568817906308,323,134
1988-10-08,9330,1.036240658264659,334,146
1988-10-09,9084,1.0839473201333238,345,158
1988-10-10,11367,1.014585348963599,356,170
1988-10-11,11836,0.9838584089992306,7,182
1988-10-12,11563,0.9953413577612915,18,194
1988-10-13,11178,0.9569069852563056,30,206
1988-10-14,11618,1.0014905023710965,41,219
1988-10-15,9381,1.052380368044205,53,232
1988-10-16,8751,1.0692682781227836,65,245
1988-10-17,11503,1.0437050654292854,77,258
1988-10-18,11893,1.0041750770271192,90,272
1988-10-19,11106,0.9547242607478262,103,285
1988-10-20,11329,0.9726675423745461,116,300
1988-10-21,11197,0.9788600496247355,129,314
1988-10-22,9215,1.047934728204313,143,329
1988-10-23,8671,1.0661484580885325,157,344
1988-10-24,11261,1.0228404690011579,171,359
1988-10-25,11650,0.9818885280523763,185,13
1988-10-26,11416,0.9805312636085168,198,28
1988-10-27,11083,0.956055558860659,212,42
1988-10-28,11508,1.011660640307105,224,56
1988-10-29,8989,1.033425543216864,237,69
1988-10-30,8950,1.1685630236748397,249,82
1988-10-31,9979,0.9185528541033768,260,95
1988-11-01,11862,0.9962525873073886,271,107
1988-11-02,11050,0.9459748244901531,282,119
1988-11-03,11320,0.9708332442983517,293,131
1988-11-04,11552,1.0061386452794174,304,142
1988-11-05,9157,1.0387431465867072,315,154
1988-11-06,8733,1.0725494986605095,326,166
1988-11-07,11184,1.0143514485389038,337,178
1988-11-08,11374,0.9590775607924698,348,191
1988-11-09,11127,0.953593904728415,359,203
1988-11-10,11154,0.9583673188202507,11,216
1988-11-11,11160,0.9765068208612193,23,229
1988-11-12,9047,1.0427752524345262,35,242
1988-11-13,8475,1.0479957272630338,47,255
1988-11-14,10975,0.9941986635111326,60,269
1988-11-15,11408,0.9589942197493376,73,282
1988-11-16,10972,0.9373064784918194,85,296
1988-11-17,11206,0.957061585141817,98,310
1988-11-18,11465,0.9951761623128906,111,324
1988-11-19,8982,0.9975116441906707,125,338
1988-11-20,8435,1.0166005459475436,138,353
1988-11-21,11358,1.0530363691225524,152,7
1988-11-22,11864,1.0598666117826825,165,22
1988-11-23,10961,1.0185118415465126,178,36
1988-11-24,8524,0.7895969468735913,191,50
1988-11-25,10098,0.9623485980822062,204,64
1988-11-26,8912,1.101102907897302,216,77
1988-11-27,8510,1.132936120593856,228,90
1988-11-28,11049,1.0432425292213663,240,103
1988-11-29,11523,0.9827690376747243,251,115
1988-11-30,11229,0.9550080319334562,262,127
1988-12-01,11227,0.9609924575666907,273,139
1988-12-02,10899,0.9540752938863468,284,150
1988-12-03,8870,1.0148954062876396,294,162
1988-12-04,8324,1.0332780423409478,305,174
1988-12-05,10651,0.982964313331083,316,186
1988-12-06,11297,0.969664693948312,328,199
1988-12-07,11095,0.9629863149812541,340,211
1988-12-08,11131,0.9710738782885895,352,224
1988-12-09,10878,0.9624680504533069,4,238
1988-12-10,8825,1.0127067730842096,16,251
1988-12-11,8452,1.038196335772528,29,265
1988-12-12,10959,1.0043365015322478,42,279
1988-12-13,11283,0.9547772354287976,55,293
1988-12-14,11362,0.9629306966580078,68,307
1988-12-15,11364,0.9569856275710956,81,321
1988-12-16,11463,0.970864085999242,94,335
1988-12-17,8756,0.9550685266351572,107,349
1988-12-18,8431,0.9858475719474207,120,3
1988-12-19,11716,1.012977991521236,133,17
1988-12-20,12435,1.0012800705861669,146,31
1988-12-21,11323,0.961627475263802,159,45
1988-12-22,10729,0.9786762633515657,171,59
1988-12-23,9997,1.0630135942434034,184,72
1988-12-24,8293,1.3188745914760298,196,85
1988-12-25,7835,1.1617674745661788,208,98
1988-12-26,8683,0.7929035194804978,219,110
1988-12-27,11528,0.9139400357148504,230,123
1988-12-28,11847,0.9491070302944116,241,135
1988-12-29,11704,0.9393564340812671,252,146
1988-12-30,11837,1.0401108037158004,263,158
1988-12-31,9133,1.0677158942630214,274,170
1994-01-01,8096,1.1852704745839546,225,122
1994-01-02,7772,1.0984203246520645,238,136
1994-01-03,10142,0.9477165555192916,251,150
1994-01-04,11248,0.9589970896479235,264,164
1994-01-05,11053,0.9635816296435114,277,178
1994-01-06,11406,0.997889313686595,290,192
1994-01-07,11251,0.9821806479923111,303,206
1994-01-08,8653,1.0059238004901039,316,220
1994-01-09,7910,1.0097493878591495,329,234
1994-01-10,10498,0.9623762430838474,342,248
1994-01-11,11706,0.9903843723090726,355,262
1994-01-12,11567,0.9998139535838684,7,275
1994-01-13,11212,0.9892222483897603,19,289
1994-01-14,11570,0.996971649975182,31,301
1994-01-15,8660,0.9999692482757603,43,314
1994-01-16,8123,1.0242412233645282,54,326
1994-01-17,10567,0.9686201771828677,65,338
1994-01-18,11541,0.9779718627806522,76,350
1994-01-19,11257,0.9821304591965702,87,2
1994-01-20,11682,1.016333366100882,98,14
1994-01-21,11811,1.0278987149582886,108,26
1994-01-22,8833,1.0123477674729815,119,38
1994-01-23,8310,1.0347752745191585,131,50
1994-01-24,11125,1.0126526602916128,143,63
1994-01-25,11981,1.0126898583668598,155,76
1994-01-26,11514,0.998814908594695,167,89
1994-01-27,11702,1.0203780157355566,180,103
1994-01-28,11666,1.016642954759059,193,117
1994-01-29,8988,1.0398563069336473,206,132
1994-01-30,8096,1.0164260752569716,220,146
1994-01-31,10765,0.993503343300917,233,161
1994-02-01,11755,0.9983428100338717,246,175
1994-02-02,11483,0.9874242307911688,260,189
1994-02-03,11523,1.0023400344014801,273,203
1994-02-04,11677,1.0151534918099878,285,217
1994-02-05,8991,1.031455707909964,298,231
1994-02-06,8309,1.0374775174817346,311,244
1994-02-07,10984,0.9952709660717673,323,258
1994-02-08,12152,1.0244285082628968,335,271
1994-02-09,11515,0.9964787385850774,347,284
1994-02-10,11623,0.9986351420937657,359,297
1994-02-11,11517,0.9906056943237965,11,310
1994-02-12,8945,1.0058079306778847,22,322
1994-02-13,8171,1.034045484804655,34,334
1994-02-14,11551,1.0017810805570044,45,346
1994-02-15,12164,1.0154554929645834,55,358
1994-02-16,12009,1.0345977874793333,66,10
1994-02-17,11674,1.0119287562079164,77,22
1994-02-18,11887,1.0257871257283777,88,34
1994-02-19,8946,1.0249082824740527,99,46
1994-02-20,8402,1.03677685514095,110,58
1994-02-21,10617,0.9667694898699908,122,71
1994-02-22,11810,0.9854967379421886,134,84
1994-02-23,11776,1.0130985392042542,147,97
1994-02-24,11667,1.005321722959397,160,111
1994-02-25,11905,1.0219047058733715,173,126
1994-02-26,8988,1.0227280028101509,187,141
1994-02-27,8195,1.0185374069704005,201,155
1994-02-28,11091,1.0052695467996593,214,170
1994-03-01,12127,1.0317483745283205,228,185
1994-03-02,11735,1.0038941633928755,242,200
1994-03-03,11984,1.0204008368811783,255,214
1994-03-04,12066,1.0323652968400063,268,228
1994-03-05,9215,1.0419318272512095,281,241
1994-03-06,8389,1.0384939021085524,293,255
1994-03-07,10996,0.9957528963748236,305,268
1994-03-08,12275,1.0344970101723625,317,281
1994-03-09,11780,1.0187288326127157,329,294
1994-03-10,11792,1.0180330542870415,340,306
1994-03-11,11939,1.0310440202316113,352,318
1994-03-12,9087,1.0322512204396221,3,331
1994-03-13,8248,1.0357804004152695,14,343
1994-03-14,11092,1.0076078939457445,25,355
1994-03-15,12298,1.0405027710702002,36,6
1994-03-16,11865,1.0253883590491,46,18
1994-03-17,11976,1.0237841385660391,57,30
1994-03-18,11799,1.013201013479688,68,42
1994-03-19,8944,1.0211773492592011,79,54
1994-03-20,8243,1.0157601138404346,90,66
1994-03-21,11140,1.0039390991806367,102,79
1994-03-22,11964,1.0127981918465156,114,92
1994-03-23,11637,1.0074556348491623,127,105
1994-03-24,11904,1.0350147391995634,140,119
1994-03-25,11568,0.9998579051355916,153,134
1994-03-26,8957,1.02366465470072,167,149
1994-03-27,8189,1.0177477089380143,181,164
1994-03-28,11051,1.0071951841720432,195,179
1994-03-29,12154,1.0332831190230944,209,194
1994-03-30,11540,1.004053405048259,223,209
1994-03-31,11782,1.029672354975119,237,224
1994-04-01,10630,0.9562115035617538,250,238
1994-04-02,8782,1.0081529105637907,263,251
1994-04-03,7530,0.9349054622749636,275,265
1994-04-04,10909,0.9931168456434926,287,278
1994-04-05,11876,1.0099882776216846,299,291
1994-04-06,11811,1.0343913935278637,311,303
1994-04-07,11718,1.0243887225224446,322,315
1994-04-08,11532,1.0059852308696926,333,328
1994-04-09,8791,1.012849782671442,344,340
1994-04-10,8183,1.0296504087058123,355,352
1994-04-11,11060,1.0149984331307937,6,3
1994-04-12,12146,1.0397318483290103,17,15
1994-04-13,11428,1.0151018862367975,27,27
1994-04-14,11709,1.0332045925959608,38,39
1994-04-15,11753,1.025633783164477,49,51
1994-04-16,8790,1.0115994904572128,60,63
1994-04-17,7867,0.9847391267460747,72,75
1994-04-18,11094,1.0191139266798233,83,88
1994-04-19,11966,1.0236253165416658,95,101
1994-04-20,11585,1.0165353506660886,108,114
1994-04-21,11509,1.0090155135160692,121,128
1994-04-22,11553,1.0127501755613528,134,142
1994-04-23,8613,0.9951391695978389,148,157
1994-04-24,8089,1.0173775699076144,162,172
1994-04-25,10909,1.0042860702928205,176,187
1994-04-26,12236,1.0474791621697461,190,202
1994-04-27,11701,1.029458008722391,204,217
1994-04-28,11527,1.0161089629271307,218,232
1994-04-29,11474,1.013874690758136,232,247
1994-04-30,8621,1.0077432964444684,245,261
1994-05-01,8145,1.015367058215705,257,274
1994-05-02,11169,1.018981864349942,269,287
1994-05-03,12023,1.0281386177382381,281,300
1994-05-04,11754,1.0318048588043194,292,313
1994-05-05,11958,1.0380726100867184,304,325
1994-05-06,11904,1.0362417158066144,315,337
1994-05-07,8641,0.9914565069126131,326,349
1994-05-08,8203,1.0230555400607928,337,360
1994-05-09,10914,1.0004133835689104,347,12
1994-05-10,11771,0.9999991661690389,358,24
1994-05-11,11278,0.9810100033254523,9,36
1994-05-12,11822,1.0246967917680325,20,48
1994-05-13,11085,0.9756951864671473,31,60
1994-05-14,8830,1.0117746602491422,42,72
1994-05-15,8253,1.0143539174461549,54,85
1994-05-16,11103,1.002444468417356,66,97
1994-05-17,12289,1.035058386113996,78,110
1994-05-18,11668,1.005775684148909,90,124
1994-05-19,11411,0.9869431951608973,103,137
1994-05-20,11645,0.9946511572966089,116,151
1994-05-21,8830,0.9906229511212877,129,166
1994-05-22,8449,1.0294951221480504,143,181
1994-05-23,11434,1.0152355348688442,157,196
1994-05-24,12562,1.0400061233725466,171,211
1994-05-25,12005,1.0406844246193006,185,226
1994-05-26,11979,1.0564333770472907,199,240
1994-05-27,12132,1.073611741542546,213,255
1994-05-28,8840,1.0164531837690878,226,269
1994-05-29,8205,1.0267126691611226,239,283
1994-05-30,8468,0.7889558200875871,251,296
1994-05-31,11525,0.9887578246535665,263,309
1994-06-01,12349,1.0566624019808732,274,321
1994-06-02,12166,1.0266542977215702,286,333
1994-06-03,11799,1.0003282735838315,297,345
1994-06-04,9182,1.0318615709101104,307,357
1994-06-05,8289,1.0112392019307417,318,9
1994-06-06,11130,0.9990004305420586,329,21
1994-06-07,12145,1.0159753192172605,340,33
1994-06-08,11784,1.0096426277997392,351,45
1994-06-09,11648,0.997188046497398,2,57
1994-06-10,12006,1.020036640006854,14,69
1994-06-11,8618,0.9668207731243851,25,82
1994-06-12,8171,0.9945143850588382,37,94
1994-06-13,10692,0.970769944325701,49,107
1994-06-14,12074,1.0089034443600424,61,120
1994-06-15,11954,1.0131012777686204,73,134
1994-06-16,11852,1.0002378006694892,86,148
1994-06-17,11744,0.9895525597282863,99,162
1994-06-18,8907,0.9898919310167231,112,176
1994-06-19,8302,1.006778844440731,126,190
1994-06-20,11337,1.0002261342985488,140,205
1994-06-21,12182,1.0048494079854953,153,219
1994-06-22,12213,1.028931365019856,167,234
1994-06-23,11939,1.0097268821558614,181,249
1994-06-24,11979,1.0054025467701615,194,263
1994-06-25,9047,0.9946574773830958,207,277
1994-06-26,8306,0.9920320934152144,220,291
1994-06-27,11309,0.9874800732095614,232,304
1994-06-28,12211,0.9896129252798572,244,317
1994-06-29,12245,1.0122683448296381,256,330
1994-06-30,12157,0.9994913554260578,267,342
1994-07-01,12454,1.0095915336442611,278,354
1994-07-02,9268,0.9877762812522328,289,6
1994-07-03,8298,0.9881795902038715,300,17
1994-07-04,8564,0.86460162613449,311,29
1994-07-05,11609,1.03947529319925,322,41
1994-07-06,13086,1.0901020993642658,333,53
1994-07-07,13049,1.0363166301322493,344,66
1994-07-08,12623,1.0020382713028406,356,78
1994-07-09,9325,0.9878431627585711,8,91
1994-07-10,8684,1.0014822303714714,20,104
1994-07-11,11567,0.9878984801381228,32,117
1994-07-12,12507,1.0008506755367,45,131
1994-07-13,12134,1.001938271271049,57,144
1994-07-14,12485,1.0147086041878648,70,158
1994-07-15,12691,1.0222150963360952,83,172
1994-07-16,9547,1.012421012599166,96,186
1994-07-17,8848,1.0204091649959488,110,201
1994-07-18,11561,0.9850552766497838,123,215
1994-07-19,12583,1.0051351880847852,136,229
1994-07-20,12378,1.0058859145204675,150,243
1994-07-21,12447,1.008895118934538,163,258
1994-07-22,12486,1.0067062587098474,176,272
1994-07-23,9463,1.0062470044319984,189,286
1994-07-24,8734,1.0147222692515285,201,299
1994-07-25,11757,1.0002632611777929,214,312
1994-07-26,12591,1.0042152252157888,226,325
1994-07-27,12423,1.0085550194802486,237,337
1994-07-28,12539,1.0134328964891628,248,350
1994-07-29,12231,0.9904568064257632,259,2
1994-07-30,9340,0.9967706259933297,270,14
1994-07-31,8590,1.0001622840778752,281,25
1994-08-01,11428,0.9720319669567123,292,37
1994-08-02,12622,1.0033578844977555,303,49
1994-08-03,12147,0.988088317394424,314,61
1994-08-04,12601,1.0273099093765052,326,74
1994-08-05,12251,0.9929148935139165,338,87
1994-08-06,9336,0.9978288144653411,350,100
1994-08-07,8517,0.9854779306548128,2,113
1994-08-08,11528,0.9720278397202536,15,127
1994-08-09,12643,0.9904088895009067,28,141
1994-08-10,12525,1.0088664795461997,41,155
1994-08-11,12147,0.9848852444413071,54,169
1994-08-12,12479,1.0020486183387916,67,183
1994-08-13,9474,1.0153699538900487,81,197
1994-08-14,8926,1.0310833474330516,94,211
1994-08-15,11391,0.9580539455946564,107,226
1994-08-16,12605,0.9902874709740739,120,240
1994-08-17,12344,0.9910875467448816,133,253
1994-08-18,12313,0.9935384916137123,146,267
1994-08-19,12227,0.98403667025329,158,281
1994-08-20,9646,1.018754177842938,171,294
1994-08-21,8663,1.0005980935368841,183,308
1994-08-22,11489,0.9746998102530373,195,320
1994-08-23,12284,0.9714241882661622,207,333
1994-08-24,12176,0.9893150220607949,218,345
1994-08-25,12076,0.979778199122561,229,358
1994-08-26,12122,0.9791840757300755,240,10
1994-08-27,9171,0.9717457160168113,251,21
1994-08-28,8779,1.0051378853548418,262,33
1994-08-29,11560,0.9724415358523177,273,45
1994-08-30,12431,0.9776176830264481,284,57
1994-08-31,12272,0.9890625494558011,295,69
1994-09-01,12183,1.0224510461617824,307,82
1994-09-02,12099,1.0279977378308538,319,95
1994-09-03,9042,0.9924919223871598,331,108
1994-09-04,8420,1.0030472478083587,344,122
1994-09-05,8378,0.7347727919734686,357,136
1994-09-06,11448,0.9247710359448147,10,150
1994-09-07,12660,1.0454861039166807,24,165
1994-09-08,12693,1.009438884470389,37,179
1994-09-09,12811,0.9929010956066897,51,194
1994-09-10,9424,0.9710583940174458,64,208
1994-09-11,8373,0.959117993222824,78,222
1994-09-12,11500,0.9549714711779288,91,236
1994-09-13,12560,0.9814939506871592,104,250
1994-09-14,12566,0.990431973071052,116,264
1994-09-15,12655,0.9901192492749163,129,277
1994-09-16,12884,1.002657620768529,141,291
1994-09-17,9779,1.0027024787236836,153,304
1994-09-18,8603,0.9602118320198181,165,317
1994-09-19,11659,0.9532981211701662,177,329
1994-09-20,12584,0.9581226032516319,188,342
1994-09-21,12468,0.9717995460439559,199,354
1994-09-22,12590,0.9868219907200878,210,6
1994-09-23,12522,0.980831133305635,221,18
1994-09-24,9597,0.9926085279351697,232,30
1994-09-25,8754,0.9848307904666109,243,41
1994-09-26,11597,0.9583104844193151,254,53
1994-09-27,12591,0.973589772306738,265,65
1994-09-28,12405,0.9864551081546322,276,77
1994-09-29,12288,0.9874715602832403,287,90
1994-09-30,12090,0.9751438846530439,299,103
1994-10-01,9351,0.9873435654269217,312,116
1994-10-02,8477,0.9779214150069127,325,130
1994-10-03,11437,0.9738939192821328,338,144
1994-10-04,12378,0.9909263991176082,351,159
1994-10-05,12061,0.9854401167730816,5,173
1994-10-06,12017,0.990634295564848,19,188
1994-10-07,12050,0.996522442716076,33,203
1994-10-08,8981,0.9830001574115649,47,218
1994-10-09,8038,0.9601252247863008,60,233
1994-10-10,11110,0.9645343544331569,74,247
1994-10-11,12236,1.000618678919738,87,261
1994-10-12,11846,0.9936316301299432,99,274
1994-10-13,11398,0.9758382180301762,112,288
1994-10-14,11959,1.013556858763605,124,301
1994-10-15,9077,1.0053795943709023,135,313
1994-10-16,8022,0.9678479906974653,147,326
1994-10-17,11127,0.9891899115241635,158,338
1994-10-18,11888,0.9882387490683189,169,350
1994-10-19,11533,0.9826216883239355,180,2
1994-10-20,11876,1.0154022571353019,191,14
1994-10-21,11562,0.9827735136875121,202,26
1994-10-22,9086,1.0206196515938828,213,38
1994-10-23,7914,0.9679119073607334,224,50
1994-10-24,11068,0.9901254844936885,235,62
1994-10-25,12019,1.0001973284468868,246,74
1994-10-26,11683,0.9936116421299322,257,86
1994-10-27,11420,0.9755762863360075,268,98
1994-10-28,11608,0.9913587144646395,280,111
1994-10-29,8855,1.0002206902475048,292,124
1994-10-30,8262,1.0215365153228173,305,138
1994-10-31,9833,0.9340878761570955,318,152
1994-11-01,12316,1.0386595517901362,332,167
1994-11-02,11736,0.9946211216574105,345,181
1994-11-03,11703,0.9964652351400175,360,197
1994-11-04,11956,1.01515357969796,14,212
1994-11-05,8826,0.9877268082271505,28,227
1994-11-06,8100,0.9881909435307299,42,242
1994-11-07,11283,1.0082101460337873,55,256
1994-11-08,11999,0.9970633653691066,68,270
1994-11-09,11811,1.0049702598981785,81,284
1994-11-10,11728,0.9996707423838442,93,297
1994-11-11,11533,0.9810503086343918,105,310
1994-11-12,8672,0.9749955281125628,117,323
1994-11-13,8093,1.0032208721283684,128,335
1994-11-14,11044,0.9936164993692835,139,347
1994-11-15,11985,0.9947022384123269,150,359
1994-11-16,11634,0.9868736895456387,161,11
1994-11-17,11703,0.9943531889841177,172,23
1994-11-18,11826,0.9999419135675087,183,35
1994-11-19,8771,0.9782442068184446,194,47
1994-11-20,8133,0.9713966219479742,204,59
1994-11-21,11807,1.0353266813212136,215,71
1994-11-22,12764,1.0842132559936566,226,83
1994-11-23,11332,1.0215336405298174,238,95
1994-11-24,8036,0.7426829929909499,249,107
1994-11-25,9419,0.8638024820888172,261,120
1994-11-26,8427,1.0319111700865662,273,133
1994-11-27,7937,1.0546540028646232,285,147
1994-11-28,11003,1.0657603712719284,298,161
1994-11-29,12177,1.053389600806257,312,175
1994-11-30,11643,1.002021027339655,325,190
1994-12-01,11681,0.9880834207816452,339,205
1994-12-02,11379,0.9642907155037924,353,220
1994-12-03,8585,0.9656251414543779,8,235
1994-12-04,7980,0.9819773069955086,22,250
1994-12-05,10772,0.972868328193768,35,265
1994-12-06,11923,1.0081364587500476,49,279
1994-12-07,11335,0.9817615356003053,62,293
1994-12-08,11337,0.978675241004207,74,306
1994-12-09,11205,0.9677820914720041,86,319
1994-12-10,8461,0.9619028919090943,98,332
1994-12-11,7936,0.9794258292373965,109,344
1994-12-12,11106,0.9925451325208023,120,356
1994-12-13,11884,0.9978318771006363,131,8
1994-12-14,11716,1.0004211502431375,142,20
1994-12-15,11962,1.0083044657226716,152,32
1994-12-16,12144,1.0124733024918544,163,44
1994-12-17,8726,0.9496151186389948,174,56
1994-12-18,8130,0.9537185273925658,185,68
1994-12-19,11502,0.9785356140100832,196,80
1994-12-20,12880,1.0202883331380128,207,92
1994-12-21,12391,1.0067976047365734,219,104
1994-12-22,11504,0.9717216413242854,230,117
1994-12-23,10087,0.9109393485387599,242,130
1994-12-24,7898,1.079092126617829,254,143
1994-12-25,7192,1.230105635523684,267,156
1994-12-26,8454,0.9120424397721381,279,170
1994-12-27,11131,0.9312604048656687,292,184
1994-12-28,12398,0.9918395014112904,306,199
1994-12-29,12189,0.9712309755342154,319,213
1994-12-30,12051,0.9575618147486583,333,228
1994-12-31,8809,0.9945733955623426,347,243
1995-01-01,7828,1.2652414643001337,1,258
1995-01-02,7883,0.8320982823497817,15,273
1995-01-03,9999,0.8787646524633647,28,287
1995-01-04,11315,0.9993032806757265,41,301
1995-01-05,11243,1.000720825032201,54,315
1995-01-06,11506,1.0230473737934753,66,328
1995-01-07,8681,0.9995787425790191,77,340
1995-01-08,7821,1.0037748232388917,89,353
1995-01-09,10434,0.9947988580272135,100,5
1995-01-10,11665,1.0057365151864657,111,17
1995-01-11,11279,0.9884771377728387,121,28
1995-01-12,11416,1.0074762181842576,132,40
1995-01-13,11071,0.9927045391354411,143,52
1995-01-14,8887,1.0100703835283817,154,64
1995-01-15,7988,1.0183157036260442,165,76
1995-01-16,10417,0.9810153271361641,176,89
1995-01-17,11345,0.9780644062296961,188,101
1995-01-18,11252,0.9876735324158709,200,114
1995-01-19,11331,1.009339196382661,212,127
1995-01-20,11481,1.015128613127866,224,140
1995-01-21,8746,1.003968608680612,236,153
1995-01-22,7956,1.0066810790151184,249,167
1995-01-23,10640,0.9895414203591788,261,181
1995-01-24,11344,0.9711534473632535,274,195
1995-01-25,11096,0.971517468789728,287,209
1995-01-26,11380,1.007913908640549,301,223
1995-01-27,11340,1.004931418687484,314,237
1995-01-28,8781,1.0093399605593392,328,252
1995-01-29,8009,1.0229730503969876,341,266
1995-01-30,10515,0.985965925019707,355,281
1995-01-31,11364,0.9863877584406373,8,295
1995-02-01,11279,0.9922667325306995,21,309
1995-02-02,11490,1.0087669134950104,33,322
1995-02-03,11264,0.9957825863762539,45,336
1995-02-04,8769,1.0055357363899964,57,348
1995-02-05,8017,1.0153835002363485,68,1
1995-02-06,10587,0.9873023685222758,79,13
1995-02-07,11483,0.978582231099293,90,25
1995-02-08,11205,0.9784677795130341,101,36
1995-02-09,11282,0.9968104335500262,112,48
1995-02-10,11615,1.0142153792871949,123,60
1995-02-11,8949,1.0152733081081118,134,72
1995-02-12,8007,0.9939857807665201,145,84
1995-02-13,10351,0.9783495988777854,156,97
1995-02-14,12454,1.0158351891093003,168,110
1995-02-15,11828,1.0228137811263662,180,123
1995-02-16,11657,1.0253541231874825,193,136
1995-02-17,11625,1.0241075802225161,205,150
1995-02-18,8788,1.000281039724484,218,164
1995-02-19,8038,1.0166693789817796,231,177
1995-02-20,10258,0.9453935644976735,244,191
1995-02-21,11582,0.9918952930466215,257,205
1995-02-22,11716,1.0127107728255016,270,220
1995-02-23,11786,1.0352439808661222,283,234
1995-02-24,11671,1.0220598043583131,296,248
1995-02-25,8829,0.9996305571817907,309,262
1995-02-26,8183,1.0279814248332606,322,276
1995-02-27,10702,0.993436935772061,335,290
1995-02-28,11679,0.9955856530896124,348,304
1995-03-01,11540,1.0170141559810517,1,317
1995-03-02,11377,0.9936992879236999,13,330
1995-03-03,11649,1.0080452362891643,25,343
1995-03-04,8807,0.9939054677944346,36,356
1995-03-05,7984,0.9966441583498226,48,8
1995-03-06,10810,0.9994631373925729,59,20
1995-03-07,12115,1.0318139985732102,70,32
1995-03-08,11618,1.0142380152710677,80,44
1995-03-09,11380,1.0047961324723615,91,56
1995-03-10,11827,1.0376989472116953,102,68
1995-03-11,8744,0.9960162219436138,113,80
1995-03-12,7859,0.9856161207786969,125,92
1995-03-13,10609,0.9950406348350139,136,105
1995-03-14,11750,1.0038774918987268,148,118
1995-03-15,11736,1.0285599900145863,161,131
1995-03-16,11751,1.0368545829433797,173,145
1995-03-17,11953,1.0384746499983428,186,159
1995-03-18,8538,0.9670603382915752,199,173
1995-03-19,7787,0.9815562433100662,213,187
1995-03-20,10588,0.9744669600152768,226,202
1995-03-21,11837,1.0032865156012545,240,216
1995-03-22,11485,1.0071131946313225,253,230
1995-03-23,11435,1.0107493020105374,266,245
1995-03-24,11329,1.0010771847714408,279,259
1995-03-25,8628,0.9836421905396385,292,273
1995-03-26,7614,0.9606908158293741,305,286
1995-03-27,10541,0.9784494787828587,317,300
1995-03-28,11563,0.9911599321830944,330,313
1995-03-29,11125,0.9797175669987516,342,326
1995-03-30,11205,0.9953716121029603,354,339
1995-03-31,11319,1.0053342186089524,5,352
1995-04-01,8398,0.9964226179676431,17,4
1995-04-02,7547,0.9564955590820765,28,16
1995-04-03,10651,0.9876667565510503,39,28
1995-04-04,11960,1.0240183439524908,50,40
1995-04-05,11475,1.010880017793787,61,52
1995-04-06,11429,1.021948114718086,71,64
1995-04-07,11587,1.029448612413672,82,76
1995-04-08,8588,0.9881571423279514,93,88
1995-04-09,7839,0.9971099639702443,105,100
1995-04-10,10930,1.0271757021261883,116,113
1995-04-11,11939,1.0304794775871522,128,126
1995-04-12,11750,1.041901613028136,141,139
1995-04-13,11411,1.0348692763662914,154,153
1995-04-14,10687,0.9583953588472887,167,167
1995-04-15,8492,0.9774635562039798,180,182
1995-04-16,7503,0.9533015645299655,194,196
1995-04-17,10640,0.9947203492951316,208,211
1995-04-18,11652,1.0066910346036935,222,226
1995-04-19,11680,1.0349887664578166,236,241
1995-04-20,11504,1.0306179595527283,249,255
1995-04-21,11445,1.0197610525497809,262,269
1995-04-22,8560,0.9897564159682948,275,283
1995-04-23,7749,0.9884408078153865,288,297
1995-04-24,11014,1.0346172757395957,300,310
1995-04-25,11811,1.022634209305424,312,323
1995-04-26,11551,1.0242978970888812,324,336
1995-04-27,11601,1.0420857788784754,335,348
1995-04-28,11457,1.0264014874494207,347,1
1995-04-29,8492,0.9897520936671826,358,13
1995-04-30,7777,1.0036447200815395,9,25
1995-05-01,11090,1.032549444757057,20,37
1995-05-02,12119,1.0398725141683858,31,49
1995-05-03,11502,1.0188563615689792,42,60
1995-05-04,11800,1.057587416415206,52,72
1995-05-05,11718,1.0338202801815524,63,84
1995-05-06,8565,0.9834279063575366,75,96
1995-05-07,7965,1.0089533226283778,86,109
1995-05-08,10790,1.0050676051528058,97,121
1995-05-09,11728,1.0110686649913017,109,134
1995-05-10,11723,1.0316344029080042,122,147
1995-05-11,11723,1.0411240907611559,135,161
1995-05-12,11625,1.0240466792938614,148,175
1995-05-13,8802,1.021896322884369,161,190
1995-05-14,8165,1.032892006229677,175,205
1995-05-15,11143,1.0228857462026257,189,220
1995-05-16,12101,1.0275486543216026,204,235
1995-05-17,12085,1.054376535259261,218,250
1995-05-18,11872,1.0448428725283163,232,265
1995-05-19,11692,1.0277314077620194,245,279
1995-05-20,8721,0.9825272249220974,258,293
1995-05-21,8096,1.0027526400260782,271,307
1995-05-22,11250,1.0238087481901657,283,320
1995-05-23,12539,1.0471108865285446,295,333
1995-05-24,12193,1.0456550867230163,306,345
1995-05-25,12285,1.0873126390854058,318,358
1995-05-26,12246,1.0975850290339983,329,10
1995-05-27,8795,1.0265915894028408,340,22
1995-05-28,8167,1.0367482323578314,351,34
1995-05-29,8379,0.7830867157648013,2,46
1995-05-30,11271,0.9876326407903817,13,57
1995-05-31,12393,1.101352196778046,23,69
1995-06-01,12243,1.0695835101328321,34,81
1995-06-02,11991,1.0283813475593555,45,93
1995-06-03,9069,1.0141536358665266,56,105
1995-06-04,8059,0.9998640148179925,68,117
1995-06-05,11152,1.0161360256948018,79,130
1995-06-06,12119,1.0230537380316085,91,143
1995-06-07,11774,1.0202590214153382,104,156
1995-06-08,12031,1.0524441456629108,116,170
1995-06-09,11645,1.0131822327826796,129,184
1995-06-10,8719,0.9770822366454769,143,198
1995-06-11,8149,1.0092980487041139,157,213
1995-06-12,11169,1.0153072336374371,171,228
1995-06-13,11790,1.0067747777447982,185,243
1995-06-14,11958,1.0350414820656038,200,259
1995-06-15,11906,1.0302150143952729,214,274
1995-06-16,11856,1.016885797323303,227,288
1995-06-17,8821,0.98036467303589,240,303
1995-06-18,8203,1.006478902753835,253,316
1995-06-19,11223,1.0165006146317954,266,329
1995-06-20,12395,1.0285081377007073,277,342
1995-06-21,12049,1.02951852009146,289,355
1995-06-22,11799,1.0149195898562478,300,7
1995-06-23,11942,1.0264443392361726,311,19
1995-06-24,9065,1.003538946449796,322,31
1995-06-25,8279,1.0048991446533464,333,43
1995-06-26,11127,0.992565587909819,344,54
1995-06-27,12349,1.0141380490041625,355,66
1995-06-28,12162,1.0209862661199776,6,78
1995-06-29,12423,1.048541772760039,17,90
1995-06-30,12338,1.0309076492561282,28,102
1995-07-01,9283,0.9925952583670768,39,115
1995-07-02,8256,0.9714442571119436,51,127
1995-07-03,10623,0.9448371508781784,62,140
1995-07-04,9374,0.8900727161211988,74,152
1995-07-05,11399,1.0572723804366124,86,166
1995-07-06,12855,1.0933387138390196,99,179
1995-07-07,12954,1.0455420392633958,112,193
1995-07-08,9438,0.9882087774703447,125,207
1995-07-09,8506,0.9948100605435666,139,222
1995-07-10,11618,1.0006959355100717,153,237
1995-07-11,12552,1.008244037259943,167,252
1995-07-12,12167,1.0085569308891258,181,267
1995-07-13,12253,1.0330035020831712,195,282
1995-07-14,12659,1.0456216496187012,209,297
1995-07-15,9391,0.9977122259581743,222,311
1995-07-16,8516,0.997023771207964,235,325
1995-07-17,11461,0.9871862094368222,247,338
1995-07-18,12495,1.001296299202462,259,351
1995-07-19,12129,1.0036124727147153,271,3
1995-07-20,12598,1.045254961258867,282,16
1995-07-21,12428,1.0237760051929545,293,28
1995-07-22,9328,0.992007561793761,304,39
1995-07-23,8483,0.9958658958259821,315,51
1995-07-24,11501,0.9979687405032699,326,63
1995-07-25,12580,1.006606176168244,337,75
1995-07-26,12316,1.0175061227911493,348,87
1995-07-27,12309,1.0202774001172776,359,99
1995-07-28,12442,1.0219853323365873,10,112
1995-07-29,9277,0.990896144149632,22,124
1995-07-30,8384,0.9878141821773069,34,137
1995-07-31,11298,0.9824856379293071,45,149
1995-08-01,12442,0.9953175525730829,58,162
1995-08-02,12249,1.0086235402861448,70,176
1995-08-03,12193,1.0126507576407082,82,189
1995-08-04,12186,1.009671296635121,95,203
1995-08-05,9267,0.9906646252570742,108,217
1995-08-06,8346,0.984802655054287,122,232
1995-08-07,11223,0.9698767514956217,135,246
1995-08-08,12441,0.9866001472698281,149,261
1995-08-09,12217,0.9913562274652016,163,276
1995-08-10,12243,1.0068532879235532,177,291
1995-08-11,12154,1.001516715178597,190,305
1995-08-12,9153,0.969436748247483,204,319
1995-08-13,8421,0.9963919894991455,216,333
1995-08-14,11297,0.9746469984713456,229,346
1995-08-15,12760,1.0093456979780624,241,359
1995-08-16,12244,0.9964202126500203,252,12
1995-08-17,12345,1.0119745381797758,264,24
1995-08-18,12362,1.0137524750932558,275,36
1995-08-19,9265,0.9835213716018121,286,48
1995-08-20,8434,0.983402650173279,296,60
1995-08-21,11436,0.986535764010207,307,71
1995-08-22,12612,1.0063145780114644,318,83
1995-08-23,12083,0.9897936293575731,329,96
1995-08-24,12381,1.027088988048015,341,108
1995-08-25,12208,1.006633915757057,352,120
1995-08-26,9155,0.9754284496221365,4,133
1995-08-27,8509,0.9953827207757999,16,146
1995-08-28,11473,0.9810811190068395,28,159
1995-08-29,12522,0.9906962427839494,41,173
1995-08-30,12631,1.0289671037274293,53,186
1995-08-31,12485,1.027352171012661,66,200
1995-09-01,12439,1.0609529332093723,79,214
1995-09-02,9079,1.0174842739103038,92,228
1995-09-03,8438,1.0225337036860032,105,242
1995-09-04,8441,0.7510183180725767,119,256
1995-09-05,11682,0.9635872885674873,132,271
1995-09-06,12951,1.0836990061828498,146,285
1995-09-07,12924,1.0896923289309568,159,300
1995-09-08,12939,1.0457763918891827,172,314
1995-09-09,9714,0.9930430244203404,185,328
1995-09-10,8568,0.9746869684502475,198,341
1995-09-11,11480,0.9821553031605865,210,354
1995-09-12,12583,0.9827383495263593,222,7
1995-09-13,12173,0.9853633007992219,233,20
1995-09-14,12789,1.0291686984939028,244,32
1995-09-15,13023,1.0355206539531525,255,44
1995-09-16,9535,0.9787452052045807,266,56
1995-09-17,8757,0.9913080310055369,277,68
1995-09-18,11729,0.9777446475095672,288,79
1995-09-19,12692,0.9760198452894175,299,91
1995-09-20,12571,0.9914549284847602,310,104
1995-09-21,12663,1.0077177082293554,322,116
1995-09-22,12813,1.0206721987401213,334,129
1995-09-23,9341,0.9650746822760362,346,142
1995-09-24,8659,0.988748595071986,358,155
1995-09-25,11552,0.9706431338886831,11,169
1995-09-26,12814,0.9958787191743749,23,182
1995-09-27,12605,1.0096233877999437,36,196
1995-09-28,12845,1.0428865134954821,49,211
1995-09-29,12316,1.0058551519415717,63,225
1995-09-30,8988,0.9562082175310513,76,239
1995-10-01,8545,0.9960885380832054,89,253
1995-10-02,11650,1.003771890148976,102,267
1995-10-03,12375,0.9910735613820965,115,281
1995-10-04,12016,0.9964410558143645,128,295
1995-10-05,12245,1.0214758312142347,141,309
1995-10-06,12081,1.0121445777173932,154,323
1995-10-07,9048,0.9869601918119818,166,336
1995-10-08,7997,0.9663436996302222,179,349
1995-10-09,10892,0.9717059034184999,190,2
1995-10-10,12273,1.0021103002500376,202,15
1995-10-11,11843,1.003209509266641,214,27
1995-10-12,12002,1.0278498745241251,225,40
1995-10-13,11078,0.96390204511043,236,52
1995-10-14,8920,0.9971606053557065,247,64
1995-10-15,7996,0.9777687408982702,258,75
1995-10-16,10840,0.9767897821019695,268,87
1995-10-17,11974,1.0011565527083917,279,99
1995-10-18,11693,1.006884847667978,291,112
1995-10-19,11463,0.9971597296469114,302,124
1995-10-20,11610,1.0088405398522695,314,137
1995-10-21,8673,0.9723818234133059,326,150
1995-10-22,7827,0.9706488851210532,339,163
1995-10-23,10770,0.9837909442996421,351,177
1995-10-24,11916,1.0025654472936212,5,191
1995-10-25,11573,0.997617552138204,18,206
1995-10-26,11534,1.0015315319489722,32,220
1995-10-27,11449,0.9939969625295727,45,235
1995-10-28,8633,0.9724833563095511,59,250
1995-10-29,7876,0.982174395879224,72,264
1995-10-30,10480,0.9677815044520619,85,278
1995-10-31,10740,0.9595489343623186,98,292
1995-11-01,11702,1.0222671525448574,111,306
1995-11-02,11746,1.0163656024005965,124,319
1995-11-03,11368,0.9837197302673174,136,333
1995-11-04,8438,0.945001226757478,148,346
1995-11-05,7868,0.9721043843572672,160,358
1995-11-06,10809,0.9848921999091165,171,11
1995-11-07,12038,1.0116772045970683,183,23
1995-11-08,11702,1.0072530086702196,194,36
1995-11-09,11441,0.9939233903930169,205,48
1995-11-10,11246,0.9742119986495961,216,60
1995-11-11,8522,0.9561753066408272,227,72
1995-11-12,7891,0.9794697560553152,238,84
1995-11-13,10534,0.9752762836599307,249,95
1995-11-14,11455,0.9692786350436098,260,107
1995-11-15,11629,0.999765626125342,271,119
1995-11-16,11436,0.990441987720634,282,132
1995-11-17,11410,0.9852614278785687,294,145
1995-11-18,8493,0.9472072843972762,306,158
1995-11-19,7772,0.9569882336519264,318,171
1995-11-20,11476,1.023725890067084,331,185
1995-11-21,12503,1.0311295292554137,345,200
1995-11-22,11304,0.9946283630901763,358,214
1995-11-23,7754,0.713664820555855,12,229
1995-11-24,9125,0.8570749353037562,26,244
1995-11-25,8115,0.981624031821796,40,259
1995-11-26,7500,1.0139258966967601,54,274
1995-11-27,10979,1.0895915855430462,68,289
1995-11-28,12002,1.0933601149647478,81,303
1995-11-29,11344,1.0165194945097737,93,316
1995-11-30,11215,0.9854477469841847,106,330
1995-12-01,11206,0.963355490774387,118,343
1995-12-02,8429,0.9421649610931057,129,355
1995-12-03,7703,0.9565414531459596,141,8
1995-12-04,10346,0.9508639117936983,152,20
1995-12-05,11676,0.9917745433156332,163,32
1995-12-06,11188,0.9799118468715291,174,44
1995-12-07,11242,0.994146652690406,185,56
1995-12-08,11166,0.9796263289472646,196,68
1995-12-09,8201,0.9342853513310821,207,80
1995-12-10,7595,0.9532634596851097,218,92
1995-12-11,10429,0.9613021018549118,229,104
1995-12-12,11784,0.9904817515914316,240,116
1995-12-13,11191,0.9733396158902532,251,128
1995-12-14,11403,0.9941341923611635,262,140
1995-12-15,11458,0.9815650381451103,274,153
1995-12-16,8509,0.9357231036049226,286,166
1995-12-17,7759,0.9322100829250365,298,179
1995-12-18,11139,0.9759402024046766,311,193
1995-12-19,12501,1.0002514242426594,324,207
1995-12-20,12043,0.9881946931704048,338,222
1995-12-21,11944,0.9908501890599952,352,237
1995-12-22,11204,0.9618081942044697,6,253
1995-12-23,8058,0.9598463362422539,21,268
1995-12-24,6999,1.0557303831137943,35,283
1995-12-25,7027,0.8976561560104551,48,298
1995-12-26,9447,0.9585347664635151,62,312
1995-12-27,11897,1.0310392306323852,75,326
1995-12-28,12530,1.0234419747561379,87,339
1995-12-29,12207,0.9885206886505226,99,352
1995-12-30,9093,0.9530110384638717,110,5
1995-12-31,7596,0.946827397884011,122,17
1996-01-01,7683,0.9194096904391148,133,29
1996-01-02,9408,0.9258696999983876,144,41
1996-01-03,10954,0.9885481666553709,155,53
1996-01-04,11308,1.0107860832681035,166,65
1996-01-05,11631,1.0429859716658096,176,77
1996-01-06,8680,1.0091283831343647,187,89
1996-01-07,7735,0.9747461306643276,198,101
1996-01-08,10044,0.9544130328559938,209,113
1996-01-09,11018,0.979392282771397,220,125
1996-01-10,11144,0.9866194343366258,231,137
1996-01-11,11304,1.0026719840875207,243,149
1996-01-12,11274,1.0023734574577772,254,162
1996-01-13,8488,0.9951621482852028,266,175
1996-01-14,7685,0.9559260028395941,278,188
1996-01-15,9912,0.9355377637547956,291,202
1996-01-16,11181,0.9817100567363474,304,216
1996-01-17,11148,0.9868905751415258,318,230
1996-01-18,11579,1.0286921963434617,331,245
1996-01-19,11292,1.0133756236132263,346,261
1996-01-20,8492,0.9817629961085456,360,276
1996-01-21,7701,0.9674794089513084,14,291
1996-01-22,10593,0.9923657076296303,28,306
1996-01-23,11451,0.9928993544024767,42,321
1996-01-24,11336,0.9965304254691945,55,335
1996-01-25,11405,1.0106718153605898,67,348
1996-01-26,11195,0.9989320758882407,79,1
1996-01-27,8487,0.9834060894388894,91,14
1996-01-28,7533,0.9476444082843154,102,26
1996-01-29,10374,0.9810424213563717,113,38
1996-01-30,11359,0.9930295963139583,124,50
1996-01-31,10889,0.970540211627933,135,62
1996-02-01,11030,0.9821188486300383,146,74
1996-02-02,11335,1.0025891714672575,157,86
1996-02-03,8390,0.9698156040385957,168,98
1996-02-04,7531,0.9451136460968689,179,110
1996-02-05,10364,0.9718545385930087,190,122
1996-02-06,11360,0.9877000166671573,201,134
1996-02-07,11204,0.9804470593919988,212,147
1996-02-08,11529,1.0189596967187733,224,159
1996-02-09,11577,1.030512341949613,236,172
1996-02-10,8578,0.979382502447517,248,185
1996-02-11,7710,0.9572971918494048,260,198
1996-02-12,10542,0.9689224075742631,272,212
1996-02-13,11322,0.9977101194947432,285,225
1996-02-14,12094,1.0129626752469352,298,240
1996-02-15,11820,1.0345069930879518,312,254
1996-02-16,11666,1.0338076517670185,326,269
1996-02-17,8465,0.9750679973635665,340,284
1996-02-18,7763,0.9670424111665004,354,299
1996-02-19,10036,0.9398272618300837,8,314
1996-02-20,11598,0.9965578517421805,21,328
1996-02-21,11554,1.0160702117252796,34,343
1996-02-22,11697,1.0233195139220774,47,356
1996-02-23,11415,1.010143044255107,59,9
1996-02-24,8692,0.9952754195745875,71,22
1996-02-25,7917,0.9810081104240557,82,35
1996-02-26,10693,0.9945529900302155,93,47
1996-02-27,11761,1.0178623963379239,104,59
1996-02-28,11428,1.000350722526976,115,71
1996-02-29,10692,0.9536979263873772,126,82
1996-03-01,11785,1.0370208586752825,137,94
1996-03-02,8719,0.9865369933669402,148,106
1996-03-03,7885,0.9738739015836331,159,118
1996-03-04,10586,0.9783790204218361,170,131
1996-03-05,11475,0.9891524820641914,182,143
1996-03-06,11535,1.008799093530724,193,156
1996-03-07,11446,1.0113301462701225,205,169
1996-03-08,11272,1.0026915553102993,217,182
1996-03-09,8611,0.9878834043214267,230,195
1996-03-10,7512,0.9364741384941865,242,208
1996-03-11,10668,0.9905562920722142,255,222
1996-03-12,11623,1.0163752218384725,268,236
1996-03-13,11338,0.994691462340958,281,250
1996-03-14,11578,1.027007866599104,294,264
1996-03-15,11860,1.054285901387834,308,279
1996-03-16,8691,0.9872884379944307,321,293
1996-03-17,8010,0.9929191437756048,335,308
1996-03-18,10812,1.009036082558628,348,322
1996-03-19,11764,1.0094333889765443,1,337
1996-03-20,11482,0.9993323754211547,14,350
1996-03-21,11653,1.0342266676730305,27,4
1996-03-22,11727,1.0442990689702998,39,17
1996-03-23,8534,0.9860159641851283,51,30
1996-03-24,8002,0.9984113404719229,62,42
1996-03-25,10662,0.9960131885824152,73,55
1996-03-26,11764,1.0180780467141946,84,67
1996-03-27,11532,1.0150488246856417,95,79
1996-03-28,11728,1.045335097102558,106,90
1996-03-29,11659,1.0434349430435592,117,102
1996-03-30,8712,1.0117555441126214,128,114
1996-03-31,7956,1.0331096725020197,139,127
1996-04-01,10173,0.954582123403929,151,139
1996-04-02,12055,1.0422135860642534,162,152
1996-04-03,11622,1.021801451532559,174,165
1996-04-04,11881,1.0593283927382797,187,178
1996-04-05,10985,0.9895810265133701,199,191
1996-04-06,8354,0.9704730010944578,212,205
1996-04-07,7372,0.9283318507885041,225,219
1996-04-08,10659,1.0038168892006867,238,233
1996-04-09,11631,1.0190866098993177,251,247
1996-04-10,11429,1.012951646920969,264,261
1996-04-11,11489,1.0311023397072179,277,275
1996-04-12,11462,1.0472560474004322,291,290
1996-04-13,8565,1.004318773581769,304,304
1996-04-14,7687,0.9683479022907245,317,318
1996-04-15,10548,0.9922500397337899,330,332
1996-04-16,11754,1.024506044077337,342,345
1996-04-17,11554,1.0250314142012555,355,359
1996-04-18,11282,1.0118347436196267,7,12
1996-04-19,11438,1.0323562939732323,19,25
1996-04-20,8451,0.9845687492034778,31,38
1996-04-21,7789,0.9856442921324906,42,50
1996-04-22,10957,1.0347902123307582,54,62
1996-04-23,11979,1.0491188313500421,65,74
1996-04-24,11342,1.008398932983117,76,86
1996-04-25,11340,1.017771887791646,87,98
1996-04-26,11070,1.0018122729274128,97,110
1996-04-27,8444,0.9891220999731052,109,122
1996-04-28,7567,0.9652151366929083,120,134
1996-04-29,10325,0.9865375271212921,131,147
1996-04-30,11391,0.9888049392446142,143,160
1996-05-01,11390,1.0035664290837567,155,173
1996-05-02,11397,1.0217881120238468,168,186
1996-05-03,11011,0.9942411058215883,181,200
1996-05-04,8483,0.9785800142447248,194,214
1996-05-05,7821,0.9827915028061449,207,229
1996-05-06,10585,0.9927314978771955,221,243
1996-05-07,11567,1.0045325875942417,234,258
1996-05-08,11403,1.0094502159796503,248,272
1996-05-09,11404,1.0157222342654766,261,286
1996-05-10,11471,1.0263504926167162,274,301
1996-05-11,8495,0.9784654527794785,287,315
1996-05-12,7758,0.985732768289508,300,328
1996-05-13,10291,0.9638555445893764,313,342
1996-05-14,11757,1.0062154429636843,325,355
1996-05-15,11619,1.0131155305233426,337,8
1996-05-16,11637,1.0275922282070993,349,21
1996-05-17,11370,1.0081339625997416,1,34
1996-05-18,8696,0.9994605909494225,12,46
1996-05-19,7906,0.9748079514247312,23,58
1996-05-20,11073,1.0154166000970775,35,71
1996-05-21,11962,1.0149381463225984,46,83
1996-05-22,11733,1.006115710259828,57,94
1996-05-23,11511,0.9991291588156365,68,106
1996-05-24,11835,1.05530555039518,78,118
1996-05-25,8666,1.0155888528654464,89,130
1996-05-26,7746,0.9895170849988449,101,142
1996-05-27,8034,0.755089132680166,112,155
1996-05-28,11151,0.9716300680253834,124,168
1996-05-29,12119,1.090457785928577,136,181
1996-05-30,11964,1.0761105177774262,149,194
1996-05-31,11853,1.043243813900694,162,208
1996-06-01,8866,0.9942184909000149,175,223
1996-06-02,7962,0.974429604044134,189,238
1996-06-03,10916,1.0027183301613445,203,253
1996-06-04,11783,1.0009777634179569,217,268
1996-06-05,11695,1.0137735931888134,231,282
1996-06-06,11849,1.0391992167310615,245,297
1996-06-07,11750,1.035537619972961,258,311
1996-06-08,8739,0.994180253718514,271,325
1996-06-09,8013,0.9827510790888783,284,339
1996-06-10,10927,1.0020091870209524,296,352
1996-06-11,11978,1.0151657619917571,308,5
1996-06-12,11710,1.0267967943178116,320,18
1996-06-13,11521,1.0092995562505547,331,30
1996-06-14,11644,1.0150673951374358,343,43
1996-06-15,8783,0.9849908471429101,354,55
1996-06-16,8004,0.9735558204228231,5,67
1996-06-17,10981,0.9975381189942086,16,79
1996-06-18,12105,1.0221930889271162,27,91
1996-06-19,11779,1.0036417296887032,38,103
1996-06-20,12052,1.0422525859049228,49,115
1996-06-21,11759,1.0190312654512839,60,127
1996-06-22,8946,1.005408498915187,71,139
1996-06-23,8128,0.984768310354837,82,151
1996-06-24,11080,0.9957263473233613,94,163
1996-06-25,12150,1.010478012703678,105,176
1996-06-26,12154,1.024928585373124,118,189
1996-06-27,11957,1.0159394609797372,130,203
1996-06-28,12057,1.025248628900525,143,217
1996-06-29,8956,0.978462987581725,157,231
1996-06-30,8281,0.9690597976404549,171,246
1996-07-01,11779,1.0261533498483226,185,261
1996-07-02,13167,1.0918577959762634,200,277
1996-07-03,12563,1.2249066332166558,214,292
1996-07-04,9358,0.878484035189828,228,307
1996-07-05,10823,0.9273869668955637,241,321
1996-07-06,9044,0.9544506581291551,254,335
1996-07-07,8248,0.9451512928457255,267,349
1996-07-08,11385,0.9858332678924696,279,2
1996-07-09,12623,1.0136845092683837,291,15
1996-07-10,12362,1.0196486727514475,303,27
1996-07-11,12256,1.0282444204619248,314,40
1996-07-12,11976,1.0171894149841447,325,52
1996-07-13,9152,0.9884313227559134,337,64
1996-07-14,8358,0.9718064266157259,348,76
1996-07-15,11421,0.9899873294980873,359,88
1996-07-16,12619,1.0133768329779715,9,100
1996-07-17,12660,1.0417635154554268,20,112
1996-07-18,12247,1.0256554000342524,31,124
1996-07-19,12049,1.0071689361232872,42,135
1996-07-20,9107,0.9809217396088389,53,147
1996-07-21,8349,0.9717283037545955,64,160
1996-07-22,11164,0.9703465480575936,76,172
1996-07-23,12731,1.0299432997294022,88,185
1996-07-24,12214,1.0035660306288048,100,198
1996-07-25,12307,1.029082637037349,112,211
1996-07-26,12082,1.008939235237823,125,225
1996-07-27,9012,0.9679010700232572,139,240
1996-07-28,8227,0.9617141933143378,153,255
1996-07-29,11232,0.9797984018980322,167,270
1996-07-30,12519,1.0149946275223385,181,285
1996-07-31,12128,0.9962532279881666,196,300
1996-08-01,12153,1.0128442392897994,210,315
1996-08-02,12088,1.0114263271553072,223,330
1996-08-03,9174,0.9938775786757607,237,344
1996-08-04,8327,0.9742266453839318,249,358
1996-08-05,11268,0.9844038719849685,262,11
1996-08-06,12508,1.0077781145291682,274,24
1996-08-07,12277,0.99974036893828,285,37
1996-08-08,12385,1.0171660943791128,297,49
1996-08-09,12167,1.0080742832117995,308,61
1996-08-10,9175,0.9885539233298716,319,73
1996-08-11,8310,0.963254366186863,330,85
1996-08-12,11499,1.0073543786361574,341,97
1996-08-13,12407,0.9979768499105417,352,109
1996-08-14,12294,0.9985999915106938,3,121
1996-08-15,12180,1.0032223414935322,13,133
1996-08-16,12419,1.0256420141781806,25,145
1996-08-17,9290,0.9961258798453279,36,157
1996-08-18,8305,0.9648547983004849,47,169
1996-08-19,11392,0.9834525221996834,59,181
1996-08-20,12270,0.9868535640672852,70,194
1996-08-21,12338,1.0108894294766708,82,207
1996-08-22,12291,1.0190319400055483,95,221
1996-08-23,12213,1.020717100996665,108,235
1996-08-24,9130,0.984358139428857,121,249
1996-08-25,8212,0.9575687326063063,135,264
1996-08-26,11201,0.9701167775411956,149,278
1996-08-27,12573,1.0023890265176925,163,294
1996-08-28,12339,1.0024341837976016,177,309
1996-08-29,12509,1.0313760612572698,191,324
1996-08-30,12479,1.0345256560482956,205,338
1996-08-31,9144,1.0197698989450852,218,353
1996-09-01,8250,1.0118766736131617,231,7
1996-09-02,8331,0.7474650481272089,243,20
1996-09-03,11506,0.9544440245766365,255,33
1996-09-04,12970,1.0985578296452867,267,46
1996-09-05,12657,1.071931049684767,278,58
1996-09-06,12629,1.0727699309834673,290,70
1996-09-07,9396,0.9929707368729989,301,82
1996-09-08,8354,0.9346486505335706,311,94
1996-09-09,11543,0.972209906217095,322,106
1996-09-10,12662,1.009973667983228,333,118
1996-09-11,12420,0.9960574553644561,344,129
1996-09-12,12486,1.022946194202341,355,142
1996-09-13,12019,0.9744263092200159,7,154
1996-09-14,9323,0.9693011552023829,18,166
1996-09-15,8561,0.9617393672744017,29,179
1996-09-16,12107,1.014718227731164,41,191
1996-09-17,13063,1.015259008331789,53,204
1996-09-18,12630,0.997334913693347,65,218
1996-09-19,12535,1.0005946742634093,78,231
1996-09-20,12754,1.0225378214907699,91,245
1996-09-21,9492,0.9886635207916085,104,259
1996-09-22,8694,0.9830398709914181,117,273
1996-09-23,11605,0.9811127714227679,131,288
1996-09-24,12910,1.011342161444136,145,303
1996-09-25,12768,1.018951924118411,158,317
1996-09-26,12684,1.0282612857806939,172,332
1996-09-27,12756,1.043393526035589,186,346
1996-09-28,9359,0.9994257456652454,199,1
1996-09-29,8393,0.9772160187453669,212,14
1996-09-30,11491,0.9917434591467487,224,28
1996-10-01,12851,1.0323227340622012,236,41
1996-10-02,12347,1.0153861109605236,248,54
1996-10-03,12248,1.0279868764374782,259,66
1996-10-04,12224,1.027337950881947,270,78
1996-10-05,8900,0.9749559550298235,281,90
1996-10-06,7960,0.9502635222938389,292,102
1996-10-07,11186,1.0007716243760119,303,114
1996-10-08,12311,1.0239765329388015,314,126
1996-10-09,12069,1.011917639427975,325,138
1996-10-10,12157,1.0422862934875754,336,150
1996-10-11,11582,0.99928716632793,348,162
1996-10-12,8710,0.9909346554786771,359,175
1996-10-13,7970,0.9750851131098882,11,188
1996-10-14,10770,0.9750675673699315,23,201
1996-10-15,12272,1.0309951831872124,36,214
1996-10-16,11894,1.0211740308945676,48,228
1996-10-17,11764,1.025273117979546,61,242
1996-10-18,11495,1.0074096319681571,74,256
1996-10-19,8459,0.9610913138938405,87,270
1996-10-20,7786,0.9553573109708516,100,284
1996-10-21,10790,0.9907039976390535,114,298
1996-10-22,11857,1.009790780200873,127,312
1996-10-23,11807,1.0200721459306923,140,327
1996-10-24,11538,1.0066520033082569,153,341
1996-10-25,11618,1.0163580624272788,166,355
1996-10-26,8695,0.9870574013702774,179,9
1996-10-27,8061,0.9937869830506184,192,22
1996-10-28,10846,1.0014012877881058,204,36
1996-10-29,12054,1.0378072166210701,216,49
1996-10-30,11812,1.0836658106173593,228,62
1996-10-31,10313,0.9118429178861291,239,74
1996-11-01,11717,1.0214263950083364,251,86
1996-11-02,8614,0.974647348575579,262,98
1996-11-03,7753,0.9502690433710815,272,110
1996-11-04,10846,0.9921419095241832,283,122
1996-11-05,12019,1.0210358245486642,294,134
1996-11-06,11575,0.9988901083018187,305,146
1996-11-07,11854,1.0326998205206404,316,158
1996-11-08,11880,1.0397670502007612,328,171
1996-11-09,8780,0.9945010180110172,340,183
1996-11-10,7666,0.9413448592662609,352,197
1996-11-11,10586,0.9728514291904383,5,210
1996-11-12,11687,1.0088041433571933,17,224
1996-11-13,11065,0.9614219919238665,30,238
1996-11-14,11516,1.0020472155848603,44,252
1996-11-15,11523,1.005428386910922,57,266
1996-11-16,8562,0.9667103783508777,70,281
1996-11-17,7808,0.9530323797514407,83,295
1996-11-18,10712,0.9765624355084066,96,309
1996-11-19,12001,0.9981137692584128,109,323
1996-11-20,11557,0.9787081248409731,122,337
1996-11-21,11617,1.034554512055152,135,351
1996-11-22,11713,1.0860937643546715,148,4
1996-11-23,8535,1.0482014787251903,160,18
1996-11-24,7452,0.9865371646884489,172,31
1996-11-25,11352,1.1362476005068933,184,44
1996-11-26,12451,1.152058818659924,196,57
1996-11-27,11169,1.0447995644734098,208,69
1996-11-28,7770,0.7046950354151922,219,82
1996-11-29,9302,0.8234577905784352,230,94
1996-11-30,8315,0.9346597346819168,241,106
1996-12-01,7929,0.9699587369036878,252,118
1996-12-02,10969,1.0084783488256857,263,130
1996-12-03,12123,1.0387844979385272,274,141
1996-12-04,11837,1.0324513710040772,285,153
1996-12-05,11587,1.0271556433662061,296,166
1996-12-06,11547,1.0287425992833161,307,178
1996-12-07,8505,0.9756464406658988,319,191
1996-12-08,7730,0.963776134791705,332,205
1996-12-09,10642,0.9889266189577961,345,218
1996-12-10,11900,1.0226656050913276,358,233
1996-12-11,11521,0.994381437819056,11,247
1996-12-12,11845,1.0427045493461244,25,262
1996-12-13,10623,0.9330474985472583,39,277
1996-12-14,8618,0.9653217111456458,52,291
1996-12-15,7717,0.9287552369299704,66,306
1996-12-16,11193,0.995658011079647,79,320
1996-12-17,12379,1.011188289416458,92,334
1996-12-18,12116,0.9954805412012045,105,348
1996-12-19,12181,1.011629472022697,117,1
1996-12-20,12552,1.0490635967219917,129,14
1996-12-21,8684,0.9747438607181996,141,27
1996-12-22,7749,1.0101923044056944,153,40
1996-12-23,10604,1.184247265179322,165,53
1996-12-24,9114,1.085471807519215,176,66
1996-12-25,7092,0.7389103816721889,188,78
1996-12-26,10321,0.9052951754437784,199,90
1996-12-27,12260,1.0088655877263524,210,102
1996-12-28,9103,0.9638660474354516,221,114
1996-12-29,8193,0.9397614831402716,232,126
1996-12-30,11911,1.0992329283062725,242,138
1996-12-31,11924,1.0439553043945478,253,149
1997-01-01,8349,0.9473407838249231,264,161
1997-01-02,9914,1.0042833032944194,275,174
1997-01-03,11196,1.0203856687683552,287,186
1997-01-04,8617,1.00491778198305,299,199
1997-01-05,7657,0.9731377152757471,311,212
1997-01-06,10456,0.9755439509125455,324,226
1997-01-07,11615,1.0006691315602747,337,241
1997-01-08,10872,0.9795635818617202,351,255
1997-01-09,10981,1.0047327672052693,5,270
1997-01-10,11545,1.032235668526832,19,286
1997-01-11,8368,0.9683879734268337,33,301
1997-01-12,7524,0.9481009038560981,47,315
1997-01-13,10267,0.9660210934928235,60,330
1997-01-14,11502,0.9781238614919715,74,344
1997-01-15,11319,1.0129817453818735,86,358
1997-01-16,11311,1.0222529201552553,99,11
1997-01-17,11321,1.0121227666046662,111,24
1997-01-18,8340,0.9666770902589052,123,37
1997-01-19,7527,0.9573610313890053,134,50
1997-01-20,10444,0.9689873469510848,146,62
1997-01-21,11536,0.9908089970981847,157,75
1997-01-22,11508,1.0222242019216545,168,87
1997-01-23,11511,1.0273765117420184,179,99
1997-01-24,11410,1.0129610169386778,190,111
1997-01-25,8634,0.9982237386390207,201,123
1997-01-26,7526,0.9517662944141294,212,134
1997-01-27,10527,0.9788989967292806,222,146
1997-01-28,11661,1.0028900422868179,233,158
1997-01-29,11084,0.9938745969911229,244,170
1997-01-30,11171,1.0052380282605309,255,182
1997-01-31,11518,1.03676176509744,267,195
1997-02-01,8488,0.9860408074001694,279,207
1997-02-02,7706,0.9660169260052103,291,221
1997-02-03,10596,0.9829325696739751,304,234
1997-02-04,11621,0.997045492284929,317,249
1997-02-05,11291,1.0039216036218812,330,263
1997-02-06,11228,1.0048561587187859,344,278
1997-02-07,11538,1.0196660154773967,359,294
1997-02-08,8411,0.9698710240297577,13,309
1997-02-09,7566,0.9545039878914168,27,324
1997-02-10,10778,0.9875498957517437,41,339
1997-02-11,11734,0.9960441239501858,54,353
1997-02-12,11548,1.0063899535792198,67,7
1997-02-13,11288,1.023889271271472,80,21
1997-02-14,12321,1.0421873528196828,92,34
1997-02-15,8805,1.0054171724922127,104,47
1997-02-16,7670,0.9633129091266625,115,59
1997-02-17,10023,0.9265316090915707,127,72
1997-02-18,11126,0.9475346000630402,138,84
1997-02-19,11574,1.0276953552561396,149,96
1997-02-20,11571,1.023399191076798,160,108
1997-02-21,11458,1.0175986827577106,170,119
1997-02-22,8845,1.0095680254986636,181,131
1997-02-23,7553,0.9472850701865112,192,143
1997-02-24,10481,0.9631209973264897,203,155
1997-02-25,11566,0.9797950203446463,214,167
1997-02-26,11573,1.0206288573397317,225,179
1997-02-27,11666,1.0392536470607803,236,191
1997-02-28,11516,1.0180288291600337,248,204
1997-03-01,8589,0.999529175064871,260,217
1997-03-02,7681,0.9579214897192259,272,230
1997-03-03,10837,0.984034534789386,284,243
1997-03-04,11909,1.0055795022110543,297,257
1997-03-05,11570,1.0139163596793936,311,272
1997-03-06,11523,1.022423628779786,324,287
1997-03-07,11571,1.0219610413990092,339,302
1997-03-08,8700,1.0029041959749276,353,317
1997-03-09,7649,0.9643291261672317,7,332
1997-03-10,10691,0.9842943664206336,21,347
1997-03-11,11944,1.017958541725129,34,2
1997-03-12,11661,1.0266572516353358,48,16
1997-03-13,11397,1.025843578602798,60,30
1997-03-14,11573,1.0253549985444461,73,43
1997-03-15,8521,0.9861245580425285,85,56
1997-03-16,7617,0.9596478872523018,96,68
1997-03-17,10881,0.9919680421894709,107,81
1997-03-18,11726,0.9937367358156443,119,93
1997-03-19,11550,1.0220594864957555,129,105
1997-03-20,11634,1.0275583065559024,140,116
1997-03-21,11846,1.0412152142817943,151,128
1997-03-22,8641,1.0005596266130634,162,140
1997-03-23,7594,0.9584353082591904,173,152
1997-03-24,10903,1.0109551511819064,184,164
1997-03-25,12160,1.0372528103032221,195,176
1997-03-26,11845,1.0491920851979173,206,188
1997-03-27,11745,1.0462460777226803,218,201
1997-03-28,11184,0.9941589336580621,230,214
1997-03-29,8329,0.9685575280980989,242,227
1997-03-30,7458,0.9459772656377384,254,240
1997-03-31,10283,0.9583676187245672,266,253
1997-04-01,10799,0.9586835631107736,279,267
1997-04-02,11662,1.0376020457802182,292,281
1997-04-03,11669,1.0384316594085,306,296
1997-04-04,11657,1.0350201451914127,320,311
1997-04-05,8576,0.9976159252132175,333,325
1997-04-06,7207,0.9201530430551144,347,340
1997-04-07,10726,0.9999570549652353,1,355
1997-04-08,11840,1.0193180483529025,15,9
1997-04-09,11356,1.0140443504408074,28,24
1997-04-10,11499,1.0370719274524982,41,38
1997-04-11,11348,1.0157250691643933,53,51
1997-04-12,8444,0.9887096015458913,65,64
1997-04-13,7559,0.9788385480709112,77,77
1997-04-14,10620,0.9993630773031964,88,89
1997-04-15,11714,1.0088343046641175,99,101
1997-04-16,11652,1.0393097692303388,110,113
1997-04-17,11743,1.053568225551969,121,125
1997-04-18,11560,1.0357120008422482,132,137
1997-04-19,8497,0.9942373976393846,143,148
1997-04-20,7673,0.9815195671644125,154,160
1997-04-21,10793,1.009101128119166,165,173
1997-04-22,11979,1.036332598300536,176,185
1997-04-23,11783,1.0551399288713708,188,198
1997-04-24,11755,1.0596965392845896,200,210
1997-04-25,11295,1.0141573252585898,212,224
1997-04-26,8285,0.9701321410986078,224,237
1997-04-27,7410,0.950410402130692,237,250
1997-04-28,10265,0.9649730933380948,250,264
1997-04-29,11518,1.0044250866568936,263,278
1997-04-30,11346,1.027921284433913,276,292
1997-05-01,11608,1.0371962541409665,289,306
1997-05-02,11686,1.0398355117314655,302,320
1997-05-03,8502,0.9944715931265343,316,335
1997-05-04,7868,1.006893527814035,329,349
1997-05-05,10982,1.0166767305387279,342,4
1997-05-06,11855,1.018452438409292,356,18
1997-05-07,11781,1.0476509834202574,9,32
1997-05-08,11861,1.0602770603811777,21,46
1997-05-09,11701,1.0460805384782812,34,59
1997-05-10,8568,0.9956305009289343,46,72
1997-05-11,7493,0.9501767381557326,58,85
1997-05-12,11247,1.039617012504997,69,97
1997-05-13,12031,1.045084080650978,80,109
1997-05-14,11703,1.0393100014081258,91,121
1997-05-15,12109,1.0667373571316208,102,133
1997-05-16,11749,1.0345881199426599,113,145
1997-05-17,8493,0.9784573161742186,124,156
1997-05-18,7845,0.9858366848600028,135,169
1997-05-19,11189,1.0320292031895708,146,181
1997-05-20,12346,1.0407073280530341,158,193
1997-05-21,11910,1.0355814210268246,170,206
1997-05-22,12023,1.0500340676509647,182,220
1997-05-23,12212,1.0575526980327292,194,233
1997-05-24,8756,0.9915515935780628,207,247
1997-05-25,7873,0.9949573338452246,220,261
1997-05-26,8079,0.7598212201327077,233,275
1997-05-27,11045,0.9646096707633899,246,289
1997-05-28,12545,1.117971128057946,260,303
1997-05-29,12357,1.108293897191211,273,317
1997-05-30,12061,1.0959777864630338,286,331
1997-05-31,8853,1.0388956317329816,299,345
1997-06-01,7763,0.9683700878581007,312,359
1997-06-02,10716,0.9643648745044958,325,13
1997-06-03,12037,1.007132576955881,338,27
1997-06-04,11794,1.0272356434483898,351,41
1997-06-05,11826,1.0340967940660732,3,54
1997-06-06,11938,1.0450779508900376,15,67
1997-06-07,8678,0.9929736893196964,27,80
1997-06-08,7578,0.9465354007286183,39,93
1997-06-09,10854,0.9909409605074656,50,105
1997-06-10,12251,1.0272118325908455,61,117
1997-06-11,12075,1.0499084462377348,72,129
1997-06-12,11882,1.03656601602626,83,141
1997-06-13,11214,0.9930349251638648,94,152
1997-06-14,8835,1.0098048301284595,105,164
1997-06-15,7777,0.9608575927745965,116,176
1997-06-16,11212,1.0090831882170936,127,189
1997-06-17,12190,1.0136722795071922,139,202
1997-06-18,11875,1.0228566120193834,151,215
1997-06-19,12012,1.0440907183770254,164,228
1997-06-20,12192,1.0491113959915548,177,242
1997-06-21,8751,0.987353173333754,190,256
1997-06-22,8199,1.007006447368217,203,270
1997-06-23,11031,0.9949084335763821,217,285
1997-06-24,12511,1.0362928000073217,230,299
1997-06-25,12264,1.0450231470646498,244,314
1997-06-26,12291,1.0521861326522606,257,328
1997-06-27,11916,1.0148018037778135,270,342
1997-06-28,9184,1.0180719207880737,283,356
1997-06-29,7823,0.9427955251846276,296,10
1997-06-30,11198,0.9818052496175302,309,23
1997-07-01,13003,1.0402828569205744,321,37
1997-07-02,12820,1.0589742510675852,333,50
1997-07-03,12433,1.0612310355602712,345,63
1997-07-04,9445,0.9300107125401639,357,76
1997-07-05,8255,1.0110412950671732,9,89
1997-07-06,7860,0.9545311856286295,20,101
1997-07-07,11501,0.974054149902487,31,113
1997-07-08,12927,1.0127226335576696,42,125
1997-07-09,12292,1.0092215515377223,53,137
1997-07-10,12451,1.0291986921841885,64,149
1997-07-11,12132,1.0105797295042178,75,160
1997-07-12,8841,0.9677205955400543,86,172
1997-07-13,8092,0.9740924226151927,97,184
1997-07-14,11198,0.9705669993799075,109,197
1997-07-15,12625,1.0035727807173198,120,210
1997-07-16,12474,1.025238187524582,133,223
1997-07-17,12552,1.0375612094792253,145,236
1997-07-18,12101,1.0056180522507019,158,250
1997-07-19,9055,0.989375591575849,172,265
1997-07-20,7973,0.9445551673211176,185,279
1997-07-21,11410,0.9862777527495804,199,294
1997-07-22,12928,1.0286836141935785,213,309
1997-07-23,12319,1.0152570697438572,227,324
1997-07-24,11988,0.9982798330820982,241,338
1997-07-25,12178,1.010509425643828,254,353
1997-07-26,8939,0.9751871536057798,267,7
1997-07-27,8213,0.9720357737608093,280,20
1997-07-28,11465,0.9881853598201034,292,34
1997-07-29,12482,0.9975364952293562,304,47
1997-07-30,12356,1.0220003896043268,316,60
1997-07-31,12198,1.017975903683667,328,73
1997-08-01,12084,1.0024613377289646,340,85
1997-08-02,8775,0.9541293902542247,351,97
1997-08-03,8044,0.9539071645257082,2,110
1997-08-04,11189,0.9727920231943845,13,122
1997-08-05,12585,1.006618124317583,24,133
1997-08-06,12046,0.9978444899892752,35,145
1997-08-07,12141,1.006899845512707,46,157
1997-08-08,12110,0.9958994177547231,57,169
1997-08-09,8876,0.9510736336802135,68,181
1997-08-10,8174,0.9598379279477464,79,193
1997-08-11,11274,0.9748255222100732,90,205
1997-08-12,12632,1.0010416938411675,102,218
1997-08-13,11963,0.9937012520425655,114,231
1997-08-14,12342,1.0218661000326128,127,245
1997-08-15,12240,1.0040518234313287,140,259
1997-08-16,9066,0.9742414561023569,153,273
1997-08-17,8125,0.9510137398940597,167,288
1997-08-18,11387,0.9798563231529359,181,303
1997-08-19,12479,0.9911564142957011,195,318
1997-08-20,12394,1.01451493253118,209,333
1997-08-21,12121,1.0034630085442975,223,348
1997-08-22,12081,0.9996273634908306,237,3
1997-08-23,8950,0.9681097574189855,250,17
1997-08-24,8053,0.9538827146940015,263,31
1997-08-25,11094,0.9598980074659714,275,44
1997-08-26,12577,1.0026241561804865,288,57
1997-08-27,12270,1.0076397946761964,299,70
1997-08-28,12475,1.023747153747113,311,82
1997-08-29,12422,1.019163333996288,322,94
1997-08-30,9078,0.9765300612811205,333,107
1997-08-31,8075,0.9487641321389007,344,119
1997-09-01,8116,0.7263778274464182,355,130
1997-09-02,11307,0.9481152127412846,6,142
1997-09-03,12720,1.0821174394905495,17,154
1997-09-04,12462,1.064066095726788,28,166
1997-09-05,12454,1.065290787170416,38,178
1997-09-06,9074,1.002618768052016,49,190
1997-09-07,8281,0.9969529424124798,61,202
1997-09-08,11244,0.9536057216507281,72,214
1997-09-09,12457,0.952812538848457,84,227
1997-09-10,12182,0.9728669977473086,96,240
1997-09-11,12467,1.02358630406601,108,253
1997-09-12,12394,1.0038079908437771,121,267
1997-09-13,9053,0.9676603917016459,134,281
1997-09-14,8265,0.9496810454261647,148,296
1997-09-15,11584,0.9665318378744916,162,311
1997-09-16,12891,0.9900556166235346,176,326
1997-09-17,12793,1.0166579218654408,191,341
1997-09-18,12372,0.9897570435599589,205,357
1997-09-19,12560,1.0016215817685812,219,11
1997-09-20,8968,0.9339646364348424,232,26
1997-09-21,8253,0.9377758817516415,245,40
1997-09-22,11474,0.9590918389190889,258,53
1997-09-23,12621,0.9756304591970096,270,66
1997-09-24,12193,0.9774124977097484,281,79
1997-09-25,12132,0.9782706793093113,293,91
1997-09-26,12057,0.9717318615341962,304,104
1997-09-27,9119,0.9644849414395701,315,116
1997-09-28,8104,0.9394794947647978,326,127
1997-09-29,11453,0.9815104227262998,337,139
1997-09-30,12550,0.9989808592043029,347,151
1997-10-01,12161,0.9951861846311828,358,163
1997-10-02,11903,0.9842145170445998,9,175
1997-10-03,11939,0.9915487805843199,20,187
1997-10-04,8787,0.962197010527463,31,199
1997-10-05,7726,0.9202565988565183,43,211
1997-10-06,11123,0.9778483253187277,54,224
1997-10-07,12261,1.0006840325610618,66,236
1997-10-08,11689,0.9915875296459847,78,249
1997-10-09,11623,0.9951067570118834,90,263
1997-10-10,11627,0.9845049719945204,103,276
1997-10-11,8489,0.9495506331509029,116,290
1997-10-12,7358,0.8997477697769114,129,305
1997-10-13,10180,0.9294568008090623,143,320
1997-10-14,11859,0.9919102100784911,157,335
1997-10-15,11450,0.9829196658406897,171,350
1997-10-16,11481,0.9928320115872766,185,5
1997-10-17,11451,0.9928682077318087,199,19
1997-10-18,8393,0.9543391977198659,213,34
1997-10-19,7604,0.9444815476632392,226,48
1997-10-20,10782,0.9831041382228065,239,62
1997-10-21,11957,1.0030295971557053,251,75
1997-10-22,11490,1.0003132678578104,262,88
1997-10-23,11561,1.0134603151450121,274,100
1997-10-24,11607,1.012716001721372,285,112
1997-10-25,8438,0.9604822264669284,296,124
1997-10-26,8000,0.9918810601457122,307,136
1997-10-27,10824,0.986086869952591,318,148
1997-10-28,11753,0.9905883267476129,328,160
1997-10-29,11593,1.0149108866386063,339,171
1997-10-30,11406,1.0108195464722067,350,184
1997-10-31,10142,0.9396625137651778,1,196
1997-11-01,8706,1.0042796408785843,13,208
1997-11-02,7884,0.9740730060529765,24,221
1997-11-03,10909,0.9905631082985874,36,233
1997-11-04,12210,1.0231340742358332,48,246
1997-11-05,11704,1.0151542520199242,60,260
1997-11-06,11608,1.0150438621352085,73,273
1997-11-07,11624,1.0130448573051916,85,287
1997-11-08,8577,0.9748674566796216,98,300
1997-11-09,7794,0.9667946925209224,111,315
1997-11-10,10796,0.9813595688095443,125,329
1997-11-11,12022,1.0092453356079152,138,344
1997-11-12,11485,1.0007812517878611,152,358
1997-11-13,11233,0.9980546837686707,166,13
1997-11-14,11615,1.0191971724504862,179,28
1997-11-15,8483,0.9630237117791182,193,42
1997-11-16,7757,0.9592539990200589,206,56
1997-11-17,10945,0.9917255288964686,218,70
1997-11-18,12014,1.00252581887429,231,83
1997-11-19,11529,0.9965856275314195,242,96
1997-11-20,11754,1.0062434407575243,254,108
1997-11-21,11930,1.0202929509934853,265,120
1997-11-22,8769,1.018850455722293,276,132
1997-11-23,7803,1.0254512762946795,287,144
1997-11-24,11583,1.1416076447921883,298,156
1997-11-25,12618,1.1420134383503369,308,168
1997-11-26,11216,1.0644668156660422,319,180
1997-11-27,7680,0.7314529647070794,330,192
1997-11-28,9172,0.8664811119530297,342,204
1997-11-29,8269,0.9784399329386381,353,217
1997-11-30,7593,0.9526484242491527,5,230
1997-12-01,11195,1.0098804093432359,17,243
1997-12-02,12509,1.046158579264353,30,256
1997-12-03,11997,1.0458411623238046,42,270
1997-12-04,11810,1.0416456806007568,55,284
1997-12-05,11385,1.0028531772897198,68,297
1997-12-06,8316,0.9617910124302562,81,311
1997-12-07,7608,0.9606436317842025,94,325
1997-12-08,10696,0.9846777174423965,107,339
1997-12-09,11825,1.0079474964198818,120,354
1997-12-10,11555,1.0181324790806061,133,8
1997-12-11,11431,1.0111734967014057,146,22
1997-12-12,11380,0.9919309843813299,160,36
1997-12-13,8178,0.9392350557815432,173,50
1997-12-14,7504,0.9341220910731809,185,64
1997-12-15,11054,0.9936641331319365,198,78
1997-12-16,12506,1.0289903138903813,210,91
1997-12-17,12199,1.0289196225287105,222,104
1997-12-18,12543,1.0546361548869305,233,116
1997-12-19,12543,1.0407616836029672,244,128
1997-12-20,8997,0.9748487400205728,255,140
1997-12-21,7675,0.9091206374939174,266,152
1997-12-22,12021,1.0828439149220772,277,164
1997-12-23,12061,1.0749339988100948,288,176
1997-12-24,9129,0.9666948573764597,299,188
1997-12-25,7055,0.8648908587890786,310,200
1997-12-26,10075,1.0600942001325886,321,212
1997-12-27,8679,0.9932054646439846,333,225
1997-12-28,7864,0.9171504621909355,345,238
1997-12-29,12206,1.0371941884272249,358,252
1997-12-30,13521,1.0602873647983826,11,266
1997-12-31,11818,1.0341392464094368,24,280
1998-01-01,8213,0.9242256411353545,37,294
1998-01-02,9784,0.9784264265867567,50,308
1998-01-03,8437,0.985186718973408,63,322
1998-01-04,7807,0.9763741702560302,76,336
1998-01-05,10556,0.9732947960852405,89,350
1998-01-06,11843,1.0094531712988102,102,4
1998-01-07,11428,0.9906593108095809,115,18
1998-01-08,11526,1.029926467606743,128,32
1998-01-09,11469,1.03594960602538,141,46
1998-01-10,8612,0.986547464435514,153,60
1998-01-11,7642,0.9484018954150526,166,73
1998-01-12,10553,0.964741751797192,178,86
1998-01-13,11850,1.018602129022927,190,99
1998-01-14,11542,0.9876074686028369,201,112
1998-01-15,11491,1.019895794033696,213,124
1998-01-16,11535,1.0291516119472892,224,136
1998-01-17,8698,0.9963154059355981,235,148
1998-01-18,7690,0.955871206246058,245,160
1998-01-19,10325,0.9527374846912036,256,172
1998-01-20,11806,1.0006845706167546,267,183
1998-01-21,11650,1.0068005048957824,278,195
1998-01-22,11680,1.0289483272096014,289,208
1998-01-23,11389,1.0034750384806075,301,220
1998-01-24,8525,0.9696846355599604,313,233
1998-01-25,7586,0.9405596678190304,325,246
1998-01-26,10771,0.9882151212329172,337,260
1998-01-27,11813,1.0035445255540716,351,274
1998-01-28,11483,0.9937009243477642,4,288
1998-01-29,11513,1.0238303391097516,17,303
1998-01-30,11616,1.03190059648277,31,318
1998-01-31,8507,0.9810866585978559,45,332
1998-02-01,7650,0.9530344882534882,58,347
1998-02-02,10867,0.988313574982976,71,1
1998-02-03,11659,0.9880666937962137,85,15
1998-02-04,11745,1.0139284271822175,98,29
1998-02-05,11529,1.016631234691307,110,43
1998-02-06,11573,1.0224730035206957,123,56
1998-02-07,8567,0.9700301123130236,135,69
1998-02-08,7952,0.983332486193297,147,82
1998-02-09,11113,1.0171197490253465,158,95
1998-02-10,12166,1.0183846909443177,170,108
1998-02-11,11752,1.0037535210895303,181,120
1998-02-12,12329,1.0655940504016963,192,132
1998-02-13,11203,1.0031704477249128,203,144
1998-02-14,9112,0.987512475843366,214,156
1998-02-15,7957,0.9743701272219021,225,168
1998-02-16,10471,0.9540904266863156,236,180
1998-02-17,11923,1.0069113479396334,247,192
1998-02-18,12022,1.0301857796322145,258,203
1998-02-19,11802,1.039300037359506,269,216
1998-02-20,11879,1.0371903332090624,280,228
1998-02-21,8759,0.9966697645508623,292,241
1998-02-22,7779,0.9521802865475746,304,254
1998-02-23,10871,0.9891452412958595,317,268
1998-02-24,12185,1.0229321901577795,330,282
1998-02-25,11815,1.0070906664274426,344,296
1998-02-26,11817,1.0335548821321208,357,311
1998-02-27,11536,1.0145167805494995,11,326
1998-02-28,8678,0.9828949536183749,25,341
1998-03-01,7798,0.9731813274833165,39,356
1998-03-02,11019,0.996973687684269,53,11
1998-03-03,12180,1.0103962761916874,66,25
1998-03-04,11740,0.9974520307214453,80,39
1998-03-05,12046,1.0469261490678563,92,53
1998-03-06,11811,1.0345616787703895,105,66
1998-03-07,8510,0.9629905950077412,117,79
1998-03-08,7699,0.95177036800486,128,92
1998-03-09,10801,0.9879021979526429,140,105
1998-03-10,12150,1.0219417206964796,151,117
1998-03-11,11752,1.0078012300327617,162,129
1998-03-12,11883,1.0375766693377462,173,141
1998-03-13,11120,0.9880974660546364,184,153
1998-03-14,8697,0.9872492416599468,195,165
1998-03-15,7808,0.9690332476071611,206,176
1998-03-16,10836,0.990435765245479,216,188
1998-03-17,12343,1.027999210960076,227,200
1998-03-18,11918,1.0162665734011709,238,212
1998-03-19,11728,1.0292540002394162,249,224
1998-03-20,11703,1.0204201412796747,261,237
1998-03-21,8730,0.9831325151263526,273,249
1998-03-22,7625,0.9468397494971149,285,263
1998-03-23,10779,0.9869611232059036,297,276
1998-03-24,11960,1.0131184835383906,310,290
1998-03-25,11757,1.0090910831563251,324,304
1998-03-26,11983,1.0526643542146719,337,319
1998-03-27,11715,1.0302141651449819,351,334
1998-03-28,8399,0.9565667510119622,6,349
1998-03-29,7831,0.9765791483448562,20,5
1998-03-30,10990,1.0113124994585798,34,20
1998-03-31,12125,1.0323743948958957,48,34
1998-04-01,10992,0.9818638373644291,61,49
1998-04-02,11944,1.0539305510361034,74,63
1998-04-03,11976,1.0521083566418121,86,76
1998-04-04,8715,0.9914217372265229,98,89
1998-04-05,7240,0.903181080011401,110,102
1998-04-06,10904,1.0099985489035679,121,114
1998-04-07,12255,1.0437585678884258,132,126
1998-04-08,11992,1.0388011855334913,143,138
1998-04-09,11868,1.0510261473472287,154,150
1998-04-10,11118,0.989873907209293,165,162
1998-04-11,8437,0.967551147536177,176,173
1998-04-12,7330,0.9204117747015604,187,185
1998-04-13,10383,0.9754363487795005,198,197
1998-04-14,12207,1.0494238000609608,209,209
1998-04-15,11898,1.0310302124890147,220,221
1998-04-16,11931,1.055421158007863,231,234
1998-04-17,11820,1.046900680950362,243,246
1998-04-18,8595,0.9866340384209309,254,259
1998-04-19,7557,0.9482690213901502,266,272
1998-04-20,10848,1.0067295179469162,279,285
1998-04-21,12213,1.0431771208211162,292,299
1998-04-22,11730,1.0210791580767509,305,313
1998-04-23,11729,1.0416446402447748,318,328
1998-04-24,11511,1.024415966649666,332,343
1998-04-25,8469,0.9742721056606136,346,358
1998-04-26,7774,0.9762039958958854,1,13
1998-04-27,10832,1.0079314271652027,15,28
1998-04-28,12175,1.045606806908488,29,43
1998-04-29,11565,1.0147730367853125,42,57
1998-04-30,11750,1.0557458016939443,55,71
1998-05-01,11776,1.0387373299892904,68,85
1998-05-02,8595,0.9798817814057236,80,98
1998-05-03,7750,0.9721441076724371,91,110
1998-05-04,11071,1.0278634214897029,103,123
1998-05-05,12440,1.0521193460424443,114,135
1998-05-06,12177,1.0525974296005685,125,147
1998-05-07,12037,1.0615908006720072,136,158
1998-05-08,11868,1.047321452540999,146,170
1998-05-09,8701,0.9966446750221524,157,182
1998-05-10,7716,0.9615427950804545,168,194
1998-05-11,10760,0.9898976541169385,179,206
1998-05-12,12225,1.0323542075117484,191,218
1998-05-13,11511,1.0061097660210025,202,231
1998-05-14,11913,1.0492366695355133,214,243
1998-05-15,12113,1.053429181299559,225,256
1998-05-16,8778,0.9903556846884863,237,269
1998-05-17,7810,0.9649158913332779,249,282
1998-05-18,11228,1.023631857174186,262,295
1998-05-19,12567,1.058950133874017,274,309
1998-05-20,12241,1.0382502468530757,287,323
1998-05-21,12482,1.07636875869588,301,337
1998-05-22,12312,1.0615086847913775,314,352
1998-05-23,8764,0.9724037606568476,328,7
1998-05-24,7888,0.9579307843296316,342,22
1998-05-25,7953,0.7291628787932756,356,36
1998-05-26,11573,0.994358395725722,10,51
1998-05-27,12590,1.1063548057598318,23,66
1998-05-28,12674,1.120154794169104,36,79
1998-05-29,12255,1.085074639034951,49,93
1998-05-30,8837,1.028850631133003,61,106
1998-05-31,7914,0.9959445653454313,73,119
1998-06-01,11005,0.9959354450034447,84,131
1998-06-02,11762,0.9670146094157525,95,143
1998-06-03,11898,1.0016711216406846,106,155
1998-06-04,11778,1.0173840477988432,117,167
1998-06-05,11752,1.0144706857939396,128,179
1998-06-06,8892,0.9973454333901387,139,191
1998-06-07,7558,0.9274332183829961,150,203
1998-06-08,10791,0.9778524208811321,161,215
1998-06-09,12122,1.0110564974629628,173,227
1998-06-10,12007,1.0129914722853854,184,240
1998-06-11,11996,1.0344396629358739,196,253
1998-06-12,11830,1.0188178966768169,208,266
1998-06-13,8769,0.9949083601077169,220,279
1998-06-14,7836,0.9604681799516378,233,292
1998-06-15,11280,1.011079696353854,245,306
1998-06-16,12519,1.029334911402406,258,320
1998-06-17,12038,1.007235464262912,271,334
1998-06-18,11968,1.0223677372469353,284,348
1998-06-19,11877,1.0191405229543988,298,2
1998-06-20,8819,0.9722882382530544,311,16
1998-06-21,7794,0.9430460669319531,325,31
1998-06-22,11218,0.9995767886156839,338,45
1998-06-23,12351,1.0176853697318233,352,60
1998-06-24,12246,1.0206280898829536,5,74
1998-06-25,12258,1.0358999263205364,18,88
1998-06-26,12050,1.0183493821617373,30,101
1998-06-27,8840,0.9645662010037696,42,114
1998-06-28,7930,0.9427085281181401,54,127
1998-06-29,11025,0.9639447509492198,65,139
1998-06-30,12882,1.0318376328786667,76,151
1998-07-01,12680,1.0207277874642913,87,163
1998-07-02,12517,1.0254206152744594,98,175
1998-07-03,10371,0.8738945789895572,109,187
1998-07-04,8372,1.0561953410442828,120,199
1998-07-05,7694,1.0105589736100005,131,211
1998-07-06,11030,0.9717900556185921,143,223
1998-07-07,12753,0.9867406933269017,154,236
1998-07-08,12535,0.9880977510630863,166,249
1998-07-09,12463,1.0148245771807916,178,262
1998-07-10,12288,1.0027221246004718,191,275
1998-07-11,8996,0.9601004358649412,203,289
1998-07-12,8096,0.9503350720378502,216,302
1998-07-13,11149,0.9736650220942523,229,316
1998-07-14,13034,1.0320623992385218,242,330
1998-07-15,12593,1.0072319546071586,256,344
1998-07-16,12467,1.0162145548708275,269,359
1998-07-17,12345,1.0073868854383057,282,13
1998-07-18,8905,0.9481450078254047,295,27
1998-07-19,8018,0.9394992837718793,308,41
1998-07-20,11598,0.9968229560264987,322,55
1998-07-21,12686,1.0018010471726906,334,69
1998-07-22,12785,1.0236088123110527,347,83
1998-07-23,12536,1.0246226865857044,360,96
1998-07-24,12287,1.0100801210788735,12,109
1998-07-25,8888,0.944925314684909,24,122
1998-07-26,8069,0.9440096068184832,35,135
1998-07-27,11350,0.9745534192503673,47,147
1998-07-28,12919,1.0172704668015926,58,159
1998-07-29,12556,1.0096683144067702,69,171
1998-07-30,12375,1.0151326264254896,80,183
1998-07-31,12296,1.0130179149342042,90,195
1998-08-01,8784,0.9336374880490922,101,207
1998-08-02,7876,0.918382332323628,113,219
1998-08-03,11277,0.9701904413669431,124,231
1998-08-04,12758,1.0133384142411617,136,244
1998-08-05,12244,0.9854115579339016,148,257
1998-08-06,12535,1.029790212705745,160,270
1998-08-07,12258,1.00358886580516,173,284
1998-08-08,9256,0.9752674287233941,186,298
1998-08-09,8168,0.9385777222818217,199,312
1998-08-10,11622,0.9900873395092065,213,326
1998-08-11,12857,1.0156210327444464,226,341
1998-08-12,12577,1.0028590902546233,239,355
1998-08-13,12487,1.0286751839544335,253,10
1998-08-14,12486,1.0205544545887104,266,24
1998-08-15,9296,0.9770119268028851,279,38
1998-08-16,8176,0.9422137507492412,292,52
1998-08-17,11565,0.9820609022783908,305,66
1998-08-18,12878,1.012382621237716,318,79
1998-08-19,12491,0.9982571387734566,330,92
1998-08-20,12467,1.0120764708503136,342,105
1998-08-21,12496,1.0212647334095064,354,118
1998-08-22,9106,0.9653658609824401,5,131
1998-08-23,8252,0.9572347264621528,17,143
1998-08-24,11627,0.999158332907768,28,155
1998-08-25,12908,1.020326266851972,39,167
1998-08-26,12459,0.9993718078049576,50,179
1998-08-27,12595,1.0258015164743983,61,191
1998-08-28,12447,1.008373084336891,72,203
1998-08-29,9230,0.9702485578777996,83,215
1998-08-30,8162,0.9415636705924102,94,227
1998-08-31,11396,0.9713987265414267,105,239
1998-09-01,12677,1.0365260294235088,117,252
1998-09-02,12289,1.0368431723311407,129,265
1998-09-03,12474,1.052440231707755,141,278
1998-09-04,12820,1.0806207089868165,154,292
1998-09-05,9057,0.9925964473895731,167,306
1998-09-06,7979,0.9454600535404633,181,321
1998-09-07,8428,0.7361151636591284,195,336
1998-09-08,12092,0.9368915704715486,209,350
1998-09-09,13501,1.0390650608822116,222,5
1998-09-10,13306,1.0538694424383972,236,20
1998-09-11,12920,1.0471994917002023,250,34
1998-09-12,9463,0.9819673225801797,263,49
1998-09-13,8434,0.9667667501506448,276,63
1998-09-14,11694,0.9748265837351502,288,76
1998-09-15,12975,0.9890270364110356,301,89
1998-09-16,12768,0.9866853105195686,313,102
1998-09-17,12905,1.0171028587120088,324,115
1998-09-18,13030,1.029052442392449,336,127
1998-09-19,9541,0.9748481436580938,347,140
1998-09-20,8431,0.9416111366526934,358,152
1998-09-21,11647,0.9601313530837644,9,164
1998-09-22,12774,0.9754734276767763,20,176
1998-09-23,12805,0.9959876922027471,31,187
1998-09-24,12708,1.0102967062535666,42,199
1998-09-25,12501,0.9951207747136162,53,211
1998-09-26,9230,0.9530987980055843,64,223
1998-09-27,8279,0.9390393303310729,75,235
1998-09-28,11744,0.9877187044847998,86,247
1998-09-29,12716,0.995564394419459,98,260
1998-09-30,12196,0.9768180185360726,110,273
1998-10-01,12410,1.0071896363308694,122,286
1998-10-02,12247,0.9996948460400104,135,300
1998-10-03,8895,0.9465011019781397,148,314
1998-10-04,7927,0.9308718543098382,162,329
1998-10-05,11235,0.970860150489611,176,344
1998-10-06,12555,1.0083457168181014,190,359
1998-10-07,12119,0.9952236049453602,204,14
1998-10-08,12128,1.0203456162574527,218,29
1998-10-09,11750,0.9931016565738192,232,44
1998-10-10,8610,0.9340764692446382,245,59
1998-10-11,7785,0.9338516172195448,258,73
1998-10-12,10645,0.9443566076976354,271,86
1998-10-13,11815,0.9855038816137345,283,99
1998-10-14,12063,1.015225282265177,295,112
1998-10-15,12049,1.0258124341300703,306,124
1998-10-16,11792,1.006671856980781,317,137
1998-10-17,8475,0.9414926537815507,329,149
1998-10-18,7795,0.9505157612782548,340,161
1998-10-19,10797,0.9729350139264481,350,173
1998-10-20,12404,1.033249338703795,1,184
1998-10-21,11721,0.9893250144643638,12,196
1998-10-22,11866,1.0245301925294912,23,208
1998-10-23,11644,1.0076691093938774,34,220
1998-10-24,8447,0.944276585416477,45,232
1998-10-25,7768,0.9482365532940696,56,244
1998-10-26,10967,0.9864766646021106,67,256
1998-10-27,11996,0.9984056529241218,79,269
1998-10-28,11841,1.0041894536693756,91,282
1998-10-29,11667,1.0129679158608609,103,295
1998-10-30,11213,0.9809943105230927,115,308
1998-10-31,8164,0.9691261906302763,128,322
1998-11-01,7849,0.9709748679507685,142,337
1998-11-02,11139,0.9984365221089346,156,352
1998-11-03,12235,1.0149493344254374,170,7
1998-11-04,11726,0.9886659554955574,185,23
1998-11-05,12007,1.0328485697500305,199,38
1998-11-06,11773,1.0162930516005118,213,53
1998-11-07,8623,0.9628541352815422,226,67
1998-11-08,7615,0.9281918156099908,240,82
1998-11-09,11171,1.0052990456035769,252,95
1998-11-10,12312,1.0224382165372548,264,108
1998-11-11,11662,0.985089907175552,276,121
1998-11-12,11904,1.0287396916673626,287,134
1998-11-13,10968,0.9620340027614299,299,146
1998-11-14,8689,0.9768723835676322,310,158
1998-11-15,7759,0.9446064998119522,320,170
1998-11-16,11103,0.9961151126764587,331,181
1998-11-17,12348,1.022152110227511,342,193
1998-11-18,11729,0.9848083675284485,353,205
1998-11-19,11815,1.0128872941873606,4,217
1998-11-20,12095,1.0221806396413595,15,229
1998-11-21,8687,0.9518824132829868,26,241
1998-11-22,7649,0.9530653908898099,37,253
1998-11-23,11942,1.1385703034327297,49,266
1998-11-24,13143,1.1834052773235413,60,278
1998-11-25,11311,1.0300646870295578,72,291
1998-11-26,7658,0.7207985516772032,84,304
1998-11-27,9185,0.8635922722438617,97,318
1998-11-28,8295,1.0040156523393187,109,332
1998-11-29,7732,0.9811393336401594,123,346
1998-11-30,11117,1.0118967977740034,136,1
1998-12-01,12612,1.0393767392509832,150,16
1998-12-02,12003,1.010060853412071,164,31
1998-12-03,11990,1.036613050224675,179,46
1998-12-04,11661,1.0153372448096625,193,61
1998-12-05,8368,0.9443979383012499,206,76
1998-12-06,7614,0.9443582320725163,219,90
1998-12-07,10872,0.9959341176807075,232,104
1998-12-08,12354,1.0390190128732508,244,117
1998-12-09,11824,1.014107482729912,256,130
1998-12-10,11685,1.0210981180706584,268,142
1998-12-11,11284,0.9853917753602501,279,154
1998-12-12,8418,0.9401067145670309,290,166
1998-12-13,7460,0.9188056966146719,301,178
1998-12-14,11063,0.9991095085675129,312,190
1998-12-15,12430,1.0207854335811184,322,202
1998-12-16,12256,1.0146690645947833,333,214
1998-12-17,12572,1.0516373634527385,344,226
1998-12-18,12634,1.0486885066426064,355,238
1998-12-19,8804,0.935963570588378,7,250
1998-12-20,7792,0.9054117417375895,18,263
1998-12-21,12414,1.0668030184027084,30,275
1998-12-22,13286,1.0933587704538585,42,288
1998-12-23,11149,0.9998093696592117,54,301
1998-12-24,8464,0.888886423008754,66,315
1998-12-25,7020,0.8495829797825509,78,328
1998-12-26,7735,1.0427705579766022,91,342
1998-12-27,7829,0.960800829390575,104,356
1998-12-28,11980,1.0136388903850329,118,10
1998-12-29,13637,1.0586410525464627,131,25
1998-12-30,13297,1.0491830049868685,145,40
1998-12-31,11389,0.9883824935672347,159,54
1999-01-01,8163,0.9168580578517044,172,69
1999-01-02,7637,0.9893165554195259,186,83
1999-01-03,7416,0.9389221873937349,199,98
1999-01-04,10396,0.9536729238510402,211,111
1999-01-05,12004,1.0223177594085262,224,125
1999-01-06,11718,1.0160906693134284,236,137
1999-01-07,11901,1.0344599543667161,247,150
1999-01-08,11772,1.049914603703267,258,162
1999-01-09,8466,0.9905857973754069,269,174
1999-01-10,7704,0.9568847184674097,280,186
1999-01-11,10816,0.9845848249468191,291,198
1999-01-12,12190,1.0293278903091325,302,210
1999-01-13,11626,1.0166490753551503,313,222
1999-01-14,11767,1.009590331826217,324,234
1999-01-15,11704,1.0368320385174172,335,246
1999-01-16,8444,0.9759121846187878,347,259
1999-01-17,7679,0.9536993602781207,359,272
1999-01-18,10508,0.9580632536614917,11,285
1999-01-19,11812,1.0067497472323506,23,298
1999-01-20,11901,1.0262009254511744,35,311
1999-01-21,12027,1.0421997009676995,48,325
1999-01-22,11677,1.0267344218536043,61,339
1999-01-23,8587,0.9800837752907794,73,353
1999-01-24,7597,0.9369310555663752,87,7
1999-01-25,10973,0.9979297548615977,100,21
1999-01-26,11915,1.0097280349125024,113,35
1999-01-27,11548,0.9980165415827107,126,49
1999-01-28,11745,1.0191297606152794,139,64
1999-01-29,11571,1.0270379774799663,153,78
1999-01-30,8473,0.9750327931515149,166,92
1999-01-31,7445,0.9309471366043557,178,106
1999-02-01,10718,0.9794043171115493,191,119
1999-02-02,12037,1.0111562087511317,203,132
1999-02-03,11747,1.0127597869406733,215,145
1999-02-04,11811,1.0223911505631267,226,158
1999-02-05,11693,1.0291386258804425,238,170
1999-02-06,8394,0.960673072829299,249,182
1999-02-07,7675,0.9422458093841015,260,194
1999-02-08,11022,0.999736392838419,271,206
1999-02-09,12157,1.027737227171882,281,218
1999-02-10,11849,1.0090211547300916,292,230
1999-02-11,12086,1.0350802518831153,304,242
1999-02-12,11709,1.0100895074009553,315,254
1999-02-13,8298,0.9625306780037077,327,267
1999-02-14,7902,0.9285286029431226,338,280
1999-02-15,10431,0.936918096407868,351,293
1999-02-16,11987,1.0088504281949426,3,307
1999-02-17,11868,1.0196186045028608,16,321
1999-02-18,11909,1.0232700342216947,29,335
1999-02-19,11818,1.0387366078345046,43,349
1999-02-20,8604,0.9731498852480703,56,3
1999-02-21,7664,0.9455437633839654,69,18
1999-02-22,10958,0.9838475076823416,82,32
1999-02-23,11875,0.9980196387253176,96,46
1999-02-24,11761,1.0044309445782105,109,60
1999-02-25,11716,1.0013602369559558,121,74
1999-02-26,11615,1.0139619097859394,134,88
1999-02-27,8458,0.9635459365614226,147,101
1999-02-28,7806,0.9586175766599477,159,115
1999-03-01,10958,1.0030969550616153,171,128
1999-03-02,12288,1.026922371012893,183,141
1999-03-03,11998,1.0125298338333928,195,153
1999-03-04,11767,1.0024571305018397,206,166
1999-03-05,11841,1.0271590310491172,217,178
1999-03-06,8616,0.9776337015501517,228,190
1999-03-07,7578,0.9297720094526682,239,202
1999-03-08,10749,0.9746911037243756,250,214
1999-03-09,11896,1.0049994865358858,261,226
1999-03-10,11823,1.0116541404995165,272,238
1999-03-11,11832,1.0174132663662105,283,250
1999-03-12,11834,1.031339817028596,294,262
1999-03-13,8436,0.9710292793667511,306,275
1999-03-14,7549,0.9291292777843531,318,288
1999-03-15,10830,0.9858898814404273,331,301
1999-03-16,12134,1.0244156571624536,343,315
1999-03-17,11928,1.0106346984055252,357,329
1999-03-18,11915,1.0187659958017312,10,344
1999-03-19,11554,1.0120619304720402,24,359
1999-03-20,8621,0.9737337391634321,38,13
1999-03-21,7582,0.9257867853194617,52,28
1999-03-22,10743,0.9785055401867323,65,43
1999-03-23,12132,1.0260508262671633,78,57
1999-03-24,11764,1.0137680436226761,91,71
1999-03-25,11879,1.0223270843015342,104,85
1999-03-26,11543,1.0120900903802674,117,98
1999-03-27,8592,0.978769096158597,129,111
1999-03-28,7389,0.9124367056644764,141,124
1999-03-29,11259,1.029890664865308,152,137
1999-03-30,12071,1.0259963865757495,164,150
1999-03-31,11838,1.025388246583551,175,162
1999-04-01,11313,1.013277656727686,187,174
1999-04-02,11354,0.9999705467148634,198,186
1999-04-03,8059,0.9171293553724402,209,198
1999-04-04,7067,0.8716768613843763,220,210
1999-04-05,10820,0.9900670456400493,231,222
1999-04-06,12063,1.0320604451773072,242,234
1999-04-07,11941,1.0346225943073424,252,246
1999-04-08,11724,1.0183399002186269,264,258
1999-04-09,11550,1.0209255821880245,275,270
1999-04-10,8364,0.9646460425150143,286,283
1999-04-11,7510,0.9338028637682343,298,296
1999-04-12,10849,0.9992380882639955,311,309
1999-04-13,11884,1.0312254510386574,324,323
1999-04-14,11669,1.0205402239309644,337,337
1999-04-15,11818,1.0268749193948192,351,352
1999-04-16,11546,1.019428152823554,5,7
1999-04-17,8633,0.9904909290837897,19,22
1999-04-18,7394,0.9202780017083064,33,38
1999-04-19,10767,0.99100976347592,47,52
1999-04-20,12067,1.0343733854109984,61,67
1999-04-21,11636,1.0110995825290843,74,81
1999-04-22,11763,1.0267285309548149,87,95
1999-04-23,11533,1.022296817108715,99,108
1999-04-24,8301,0.9569614755623939,111,121
1999-04-25,7370,0.9192740584848134,123,134
1999-04-26,10806,0.9953185249921848,135,147
1999-04-27,12013,1.0324967924258621,146,159
1999-04-28,11915,1.0409934592799777,157,171
1999-04-29,11743,1.0331859148507923,168,183
1999-04-30,11417,1.0238813133792641,179,195
1999-05-01,8522,0.9737561831118919,190,207
1999-05-02,7537,0.9316562430772233,201,219
1999-05-03,10972,1.0095220842118617,212,231
1999-05-04,12455,1.068088381695585,223,243
1999-05-05,12278,1.0563960707322586,234,255
1999-05-06,12267,1.063252710061268,245,267
1999-05-07,11857,1.0437339859096373,256,279
1999-05-08,8314,0.9504149034929487,268,291
1999-05-09,7630,0.9476001073233772,280,304
1999-05-10,11158,1.0199146628222004,292,318
1999-05-11,12316,1.0465563152370516,305,331
1999-05-12,12111,1.040433651919986,318,346
1999-05-13,11801,1.0342541089975799,332,360
1999-05-14,11874,1.0438196840391023,346,16
1999-05-15,8492,0.956674876369137,360,31
1999-05-16,7600,0.929690933780611,15,46
1999-05-17,11106,1.0064615161861523,29,61
1999-05-18,12438,1.0473861835835925,43,76
1999-05-19,11758,1.007933483098008,56,90
1999-05-20,11944,1.0158067017966272,69,104
1999-05-21,11895,1.0238055310434577,82,118
1999-05-22,8558,0.9558021058024202,94,131
1999-05-23,7700,0.9263270949029884,105,143
1999-05-24,11340,1.0101395190600506,117,156
1999-05-25,12833,1.0867675480147636,128,168
1999-05-26,12346,1.0791399900814238,139,180
1999-05-27,12640,1.1137607386838662,150,192
1999-05-28,12405,1.094302086083062,161,204
1999-05-29,8875,1.0179241432498702,172,216
1999-05-30,7661,0.9670798109119625,183,228
1999-05-31,7843,0.7239730745278787,194,240
1999-06-01,11583,0.968226794954389,205,252
1999-06-02,12961,1.084038965388008,216,264
1999-06-03,12796,1.0801934858767555,227,276
1999-06-04,12340,1.0639094166175027,239,288
1999-06-05,8814,0.9856018761182672,250,301
1999-06-06,7691,0.9353159534052905,262,314
1999-06-07,11105,0.9995290063315218,274,327
1999-06-08,12338,1.0326931288736565,287,341
1999-06-09,12010,1.0190574641649666,300,355
1999-06-10,12259,1.0370565950503357,314,9
1999-06-11,12028,1.035233329628407,328,24
1999-06-12,8654,0.9654492898519716,342,39
1999-06-13,7648,0.9408280794253621,356,55
1999-06-14,11145,1.0020045790879635,10,70
1999-06-15,12525,1.0369765202606496,24,84
1999-06-16,12089,1.0111881302855925,38,99
1999-06-17,12069,1.0125677495252448,51,113
1999-06-18,11861,1.011306924202815,64,127
1999-06-19,8621,0.9582651958826478,76,140
1999-06-20,7675,0.9174522179397222,88,152
1999-06-21,11492,1.019927269069867,99,165
1999-06-22,12527,1.0310095859917736,110,177
1999-06-23,12130,1.0167793850616944,121,189
1999-06-24,12343,1.0315021195740912,132,201
1999-06-25,11768,0.9926061558255621,143,213
1999-06-26,8922,0.9767259631422601,154,225
1999-06-27,7968,0.9426673854191088,165,237
1999-06-28,11506,1.003297425035623,176,249
1999-06-29,12853,1.0379894775197829,187,261
1999-06-30,12480,1.0169443223111498,198,273
1999-07-01,12828,1.035441981982105,210,285
1999-07-02,12525,1.024131315395382,222,298
1999-07-03,8764,0.9566245805259056,233,311
1999-07-04,7973,1.0906017070144771,245,324
1999-07-05,8413,0.810515732623302,258,337
1999-07-06,11799,0.9601896891058606,271,351
1999-07-07,13343,1.0502645030904942,284,5
1999-07-08,13245,1.0468963101579434,297,19
1999-07-09,12566,1.0212723082410704,311,34
1999-07-10,9196,0.9720735214406725,324,48
1999-07-11,7882,0.9120802083051173,338,63
1999-07-12,11489,0.9892124336211325,352,78
1999-07-13,12646,1.0200976086541504,6,93
1999-07-14,12631,1.0174673842739996,19,107
1999-07-15,12795,1.0261638619496296,32,121
1999-07-16,12582,1.0236447221387526,45,135
1999-07-17,9034,0.954961890616107,57,148
1999-07-18,8025,0.9264356554196583,69,161
1999-07-19,11556,0.9932052670020779,81,173
1999-07-20,12849,1.0200445841531232,92,185
1999-07-21,12685,1.0190647232215628,103,197
1999-07-22,12945,1.0392295147128376,114,209
1999-07-23,12674,1.0339387358809202,125,221
1999-07-24,9258,0.9858887211395364,136,233
1999-07-25,8182,0.9431533125574837,147,245
1999-07-26,11687,1.0029073679271585,158,257
1999-07-27,12903,1.0233292411347037,169,269
1999-07-28,12803,1.0255900663908644,181,282
1999-07-29,12840,1.0353056354842947,193,295
1999-07-30,12537,1.026472511999393,204,307
1999-07-31,9157,0.9772535156364031,217,321
1999-08-01,8167,0.9411912720748855,229,334
1999-08-02,11663,0.9975373549717449,242,348
1999-08-03,12660,1.0060325107026646,254,1
1999-08-04,12564,1.0152064270399437,268,15
1999-08-05,12587,1.015763719895816,281,30
1999-08-06,12448,1.020704714204777,294,44
1999-08-07,9070,0.9619317520882984,308,58
1999-08-08,8074,0.9223983142189254,321,73
1999-08-09,11408,0.9615350161651723,335,87
1999-08-10,13035,1.0256957836876572,348,101
1999-08-11,12572,1.010301358097584,1,116
1999-08-12,13103,1.047634349505914,14,129
1999-08-13,11924,0.9804337163966613,26,143
1999-08-14,9143,0.9680601165272609,38,156
1999-08-15,8190,0.9332909043651356,50,169
1999-08-16,11753,0.9934782663850064,62,181
1999-08-17,13201,1.035415147114728,73,193
1999-08-18,12833,1.0263109842141114,84,205
1999-08-19,12783,1.024363603274311,95,217
1999-08-20,12764,1.0342232189232379,106,229
1999-08-21,9114,0.9648884297243587,117,241
1999-08-22,7964,0.9154295410396925,128,253
1999-08-23,11673,0.9932139051082588,139,265
1999-08-24,13035,1.034647890217163,151,278
1999-08-25,12595,1.0128212491521706,162,290
1999-08-26,12628,1.0156746548560927,174,303
1999-08-27,12570,1.0218250894494565,187,317
1999-08-28,9387,0.9851086424307823,199,330
1999-08-29,8203,0.9349392612654118,212,344
1999-08-30,11568,0.9788416989710593,225,358
1999-08-31,12692,0.9992865716136722,238,12
1999-09-01,12572,1.0457373429301176,252,26
1999-09-02,12896,1.0910073749963998,265,41
1999-09-03,12914,1.087498341329269,278,55
1999-09-04,8953,0.9775851625344811,291,69
1999-09-05,8203,0.9747437103177617,304,83
1999-09-06,8249,0.7169635916094435,317,97
1999-09-07,11969,0.9655927647454271,330,111
1999-09-08,13437,1.0591269823455551,343,124
1999-09-09,14540,1.1220632664546553,355,138
1999-09-10,13181,1.0419905309209343,8,151
1999-09-11,9634,1.0115196107344917,20,164
1999-09-12,8463,0.9521862763826605,31,177
1999-09-13,11481,0.9653146671834261,43,189
1999-09-14,12770,0.9832638454984204,54,201
1999-09-15,12880,0.9987830936040972,65,213
1999-09-16,12843,0.9951725884835907,76,225
1999-09-17,13142,1.033818854098838,87,237
1999-09-18,9599,0.9820188850088051,98,249
1999-09-19,8559,0.9481902402155438,109,261
1999-09-20,11961,0.9798533162543265,120,273
1999-09-21,13384,1.0191014113532988,131,286
1999-09-22,12994,1.0094525658443092,143,299
1999-09-23,13149,1.0255179071403928,156,312
1999-09-24,13009,1.0322663348520895,168,325
1999-09-25,9568,0.9866269186132219,181,339
1999-09-26,8290,0.9281541964821592,194,354
1999-09-27,12103,1.0069316978541039,208,8
1999-09-28,13358,1.037704197411827,221,23
1999-09-29,12785,1.0182961253709628,235,37
1999-09-30,12523,1.0057285085938077,248,51
1999-10-01,12544,1.0161355170463846,262,66
1999-10-02,9099,0.9621264548008095,275,80
1999-10-03,7888,0.9100629934166679,288,94
1999-10-04,11506,0.991074929165748,300,107
1999-10-05,12871,1.0273319334946664,313,121
1999-10-06,12534,1.0240872362466986,325,134
1999-10-07,12306,1.013320730166012,337,147
1999-10-08,12341,1.036297824200187,349,160
1999-10-09,8804,0.9639103190007549,1,173
1999-10-10,7835,0.9216110267420777,12,185
1999-10-11,11203,0.9857225086673833,24,197
1999-10-12,12442,1.0195193042889317,35,210
1999-10-13,12041,1.0217430487506822,46,221
1999-10-14,12115,1.022366590934958,56,233
1999-10-15,12187,1.0355948572038303,67,245
1999-10-16,8594,0.9503784110171046,78,257
1999-10-17,7562,0.9108424925041604,89,269
1999-10-18,11021,0.9857465933731596,100,281
1999-10-19,12354,1.0282606762796096,112,294
1999-10-20,11830,1.0024959925233485,124,306
1999-10-21,11960,1.012235671075262,136,320
1999-10-22,11912,1.026552633609349,149,333
1999-10-23,8404,0.9421120273309435,162,348
1999-10-24,7465,0.9048069337383058,175,2
1999-10-25,11077,0.9918150885725922,189,17
1999-10-26,12221,1.0153613216639144,203,32
1999-10-27,11654,0.9867340388906584,217,47
1999-10-28,11693,0.9943272885750216,231,62
1999-10-29,11534,0.9995224624546428,244,76
1999-10-30,8488,0.9619462220286953,258,90
1999-10-31,7495,0.9646690674706758,270,104
1999-11-01,10839,0.9835217208043927,283,118
1999-11-02,12098,1.0016194142012471,295,131
1999-11-03,11803,0.996064171296624,307,144
1999-11-04,11806,0.998110449939613,319,157
1999-11-05,11868,1.0189568630956947,330,169
1999-11-06,8533,0.9541887984016939,342,182
1999-11-07,7481,0.9057141438320485,353,194
1999-11-08,11049,0.9878519920049926,4,206
1999-11-09,12092,1.0051161604135013,15,218
1999-11-10,11632,0.9826919149818829,26,230
1999-11-11,11802,0.9996191712010801,37,242
1999-11-12,11556,0.9967729201522035,48,254
1999-11-13,8349,0.9486329327293873,59,265
1999-11-14,7526,0.9174061140380152,69,277
1999-11-15,10928,0.9758587115440606,81,289
1999-11-16,12263,1.0162038040209471,92,302
1999-11-17,11665,0.9823317339519451,104,314
1999-11-18,11908,1.0025492203823687,116,328
1999-11-19,12128,1.0377499114028705,128,341
1999-11-20,8630,0.9447857407582031,142,355
1999-11-21,7514,0.8927175104327433,155,10
1999-11-22,12104,1.1062366241407589,169,25
1999-11-23,12804,1.1275695768711596,183,40
1999-11-24,11409,1.0450596889368398,198,56
1999-11-25,7529,0.6875066883477369,212,71
1999-11-26,8892,0.8353608479147516,226,86
1999-11-27,8024,0.9772850670469524,239,100
1999-11-28,7418,0.9735097450510202,252,114
1999-11-29,11095,1.0326834747533111,265,128
1999-11-30,12544,1.0546286373807348,277,141
1999-12-01,12282,1.0297045846789885,289,154
1999-12-02,11976,1.0105217251157799,300,166
1999-12-03,11591,1.0002176503733666,312,179
1999-12-04,8333,0.9398892011340977,323,191
1999-12-05,7503,0.9181162760142155,334,203
1999-12-06,10956,0.9967287856608908,345,215
1999-12-07,12329,1.0431912072124745,356,227
1999-12-08,11849,1.0137996088967909,7,239
1999-12-09,11728,1.0086016108004559,17,250
1999-12-10,11459,0.9994512093094768,28,262
1999-12-11,8442,0.9549749052708382,39,274
1999-12-12,7528,0.9115431353187643,50,286
1999-12-13,10830,0.9783953673610923,61,298
1999-12-14,12667,1.0566443839281776,72,311
1999-12-15,12623,1.054582207562392,84,323
1999-12-16,12441,1.0327782695658334,96,336
1999-12-17,12453,1.0397088549782565,109,350
1999-12-18,8979,0.9654601734495801,122,4
1999-12-19,7732,0.8912512218281256,135,18
1999-12-20,12497,1.065133459568473,149,33
1999-12-21,13508,1.0722065241226149,163,48
1999-12-22,12166,1.018522856057257,177,64
1999-12-23,10591,0.9523451818336317,191,79
1999-12-24,8046,0.8433867342528446,205,94
1999-12-25,6674,1.0462986127264493,219,109
1999-12-26,7432,1.086334381543149,232,123
1999-12-27,11579,1.0423155322096582,245,137
1999-12-28,13158,1.028326973202694,258,150
1999-12-29,12629,0.9973632833361222,269,163
1999-12-30,11935,0.9442698772425073,281,176
1999-12-31,9335,0.808592843307521,292,188
2000-01-01,9083,1.2701636835512164,303,200
2000-01-02,8006,1.0807736918142075,314,212
2000-01-03,11363,1.0142179164293044,325,224
2000-01-04,13032,1.0612958432194495,336,236
2000-01-05,12558,1.045712334899883,347,247
2000-01-06,12466,1.0417404733658597,358,259
2000-01-07,12516,1.0436363882429442,9,271
2000-01-08,8934,0.9920366992346252,20,283
2000-01-09,7949,0.969243779580703,31,295
2000-01-10,11668,1.021687678984307,42,308
2000-01-11,12611,1.0191267360775684,53,320
2000-01-12,12398,1.0236075968580622,65,333
2000-01-13,11815,0.995698660159691,77,346
2000-01-14,12180,1.002490229544657,90,359
2000-01-15,8525,0.9402569463764535,102,13
2000-01-16,7657,0.9222058131788455,116,27
2000-01-17,10824,0.9477046207226166,129,42
2000-01-18,12350,0.9996162025209107,143,57
2000-01-19,12405,1.0337765896424833,157,72
2000-01-20,12506,1.0392518744922845,171,87
2000-01-21,11953,0.9936283713445186,185,102
2000-01-22,8855,0.9693787048077241,198,116
2000-01-23,7856,0.9343937058157152,212,131
2000-01-24,11449,0.9954316705652808,225,145
2000-01-25,12593,1.0167074510794911,237,158
2000-01-26,12143,1.0061626609144751,249,171
2000-01-27,12408,1.0334422066533528,261,184
2000-01-28,11934,0.9933811785354157,272,196
2000-01-29,8805,0.9730228456844082,284,209
2000-01-30,7764,0.9310526391709458,294,220
2000-01-31,11133,0.9814109928951167,305,232
2000-02-01,12614,1.023277201390631,316,244
2000-02-02,12465,1.0238211779489264,327,256
2000-02-03,12062,1.0021950411049165,338,268
2000-02-04,12035,0.9993783517038379,349,280
2000-02-05,8624,0.9450063877528113,360,292
2000-02-06,7862,0.9376621491947923,11,305
2000-02-07,11630,1.0065698922966784,23,317
2000-02-08,12879,1.0370494093485705,35,330
2000-02-09,12315,1.017939392388568,47,343
2000-02-10,12612,1.0350372491517217,59,356
2000-02-11,12411,1.019651210894692,72,10
2000-02-12,8836,0.9490166421700215,84,24
2000-02-13,7933,0.9589264475665412,97,38
2000-02-14,12152,1.0066637104154874,111,52
2000-02-15,13017,1.0379556493225277,124,66
2000-02-16,12504,1.0289566443959024,137,81
2000-02-17,12520,1.0366161910308445,151,95
2000-02-18,12406,1.0225867676964773,165,110
2000-02-19,8861,0.9696661964011349,178,124
2000-02-20,7943,0.9362042089469597,191,139
2000-02-21,10610,0.9228261936029117,204,152
2000-02-22,12664,1.0093914128054537,217,166
2000-02-23,12252,1.0068025125881999,229,179
2000-02-24,12423,1.0224822197238532,241,192
2000-02-25,12204,1.0006140777731947,252,204
2000-02-26,9026,0.9810153958851032,263,217
2000-02-27,7836,0.9302632476951277,274,229
2000-02-28,11455,0.9917228620567352,285,240
2000-02-29,11895,0.9666478126884201,296,252
2000-03-01,12672,1.0354601986523488,307,264
2000-03-02,12524,1.01858077552883,318,276
2000-03-03,12390,1.0125693865695664,329,288
2000-03-04,9054,0.9778401500332529,340,301
2000-03-05,7734,0.9144949983415941,352,313
2000-03-06,11375,0.9839015911614001,4,326
2000-03-07,12420,0.9997991088270306,16,339
2000-03-08,12338,1.0191579201615852,29,353
2000-03-09,12615,1.0402676042337915,41,7
2000-03-10,12152,1.0023985433434064,54,20
2000-03-11,8822,0.9572278834039192,67,34
2000-03-12,7937,0.952047961047593,80,48
2000-03-13,11157,0.9680828887162711,93,63
2000-03-14,12773,1.0322504361708302,106,77
2000-03-15,12428,1.0259006268043578,120,91
2000-03-16,12431,1.0150468465308593,133,105
2000-03-17,12385,1.0158505866771081,146,119
2000-03-18,8677,0.9462859468226551,159,133
2000-03-19,7782,0.9159684023308512,172,147
2000-03-20,11595,0.9981052524964088,184,161
2000-03-21,12689,1.0260235302904095,197,174
2000-03-22,12272,1.0148074643646485,209,187
2000-03-23,12396,1.0294816127565247,220,200
2000-03-24,12327,1.017702428964378,232,212
2000-03-25,9155,0.9993943571876733,243,224
2000-03-26,7815,0.9277301163601739,254,236
2000-03-27,11291,0.9829419708009789,265,248
2000-03-28,12650,1.0272450050785176,276,260
2000-03-29,12077,1.0036758655707898,287,272
2000-03-30,12071,1.007643005823672,298,284
2000-03-31,11820,1.015597414439013,309,296
2000-04-01,8388,0.9197606128448009,320,309
2000-04-02,7540,0.8941851997343286,332,322
2000-04-03,11397,0.991035851183073,345,335
2000-04-04,12797,1.0395316693165146,357,348
2000-04-05,12209,1.0213197566072492,10,2
2000-04-06,12192,1.0180512920563924,23,16
2000-04-07,12213,1.0176366475650351,37,31
2000-04-08,8743,0.9621674218961349,50,45
2000-04-09,7759,0.9325377196201566,63,59
2000-04-10,11333,0.9934329123687746,77,74
2000-04-11,12850,1.050690023288998,90,88
2000-04-12,12545,1.064372092919194,103,102
2000-04-13,11907,1.0035806659159914,116,116
2000-04-14,12053,1.0046670255379133,128,129
2000-04-15,8887,0.9769184628384868,141,143
2000-04-16,7859,0.9396426979383788,153,156
2000-04-17,11322,0.993438841164775,166,170
2000-04-18,12783,1.044499458727608,178,183
2000-04-19,12562,1.052855202518798,189,195
2000-04-20,12301,1.0301111366011753,201,208
2000-04-21,11257,0.9425700376317626,212,220
2000-04-22,8367,0.9233844422207549,224,232
2000-04-23,7483,0.8989726492338252,235,244
2000-04-24,11309,0.9944434960614348,245,256
2000-04-25,12488,1.0211327949757019,256,268
2000-04-26,12245,1.0290295756124663,267,280
2000-04-27,12235,1.0301758701633703,278,292
2000-04-28,11989,1.0118958319226066,289,304
2000-04-29,8703,0.9717278876528714,301,317
2000-04-30,7641,0.9098411830545076,313,330
2000-05-01,11621,1.012695954930606,325,343
2000-05-02,12934,1.0564649467548966,338,357
2000-05-03,12259,1.0278987495599206,351,11
2000-05-04,12434,1.031011374369181,5,25
2000-05-05,12539,1.0425921873529922,19,40
2000-05-06,8814,0.9659755162075844,32,55
2000-05-07,7797,0.9288325889136618,46,70
2000-05-08,11604,1.0159835452294061,60,84
2000-05-09,12744,1.0341307482598674,73,98
2000-05-10,12607,1.0474577367324107,86,112
2000-05-11,12442,1.0300967783087955,99,126
2000-05-12,12132,1.0199861555389493,112,140
2000-05-13,8747,0.9573387359418015,124,153
2000-05-14,7617,0.894221343902363,136,166
2000-05-15,11587,0.9992505622163298,148,179
2000-05-16,12898,1.0376576380359044,160,192
2000-05-17,12729,1.0480509796858106,171,204
2000-05-18,12580,1.0392798405965502,183,217
2000-05-19,12174,0.9932258343076218,194,229
2000-05-20,8673,0.9293952293746804,205,241
2000-05-21,7887,0.9179398718151989,216,253
2000-05-22,11582,0.9822806603091395,227,264
2000-05-23,13097,1.0356961103704536,237,276
2000-05-24,12669,1.049017267278236,248,288
2000-05-25,13026,1.0972763864972843,259,300
2000-05-26,12726,1.0756975517658598,271,312
2000-05-27,8991,0.9874759418541317,282,325
2000-05-28,7873,0.9410094775506036,294,338
2000-05-29,8272,0.736149075676707,306,351
2000-05-30,11954,0.9795929732707378,319,5
2000-05-31,12941,1.057683456987295,333,19
2000-06-01,13363,1.0771192714700744,346,34
2000-06-02,12695,1.0280481562047161,360,49
2000-06-03,8940,0.9596327905359775,14,64
2000-06-04,7983,0.9302534669933603,29,79
2000-06-05,11647,0.9985458175620553,42,94
2000-06-06,12765,1.0199758012313445,56,108
2000-06-07,12474,1.0208550812540074,69,123
2000-06-08,12751,1.042685557561084,82,136
2000-06-09,12504,1.0147283835378789,95,150
2000-06-10,9134,0.9787773281368248,107,163
2000-06-11,8116,0.943542153970654,119,176
2000-06-12,11848,1.0275094568805807,131,189
2000-06-13,12683,1.012287411349041,142,201
2000-06-14,12849,1.0401413246029347,154,213
2000-06-15,12798,1.0316612934275369,165,226
2000-06-16,12727,1.024312042283487,176,238
2000-06-17,9143,0.9705735729432167,187,249
2000-06-18,8162,0.9454342969935132,198,261
2000-06-19,11649,0.9816848909091005,208,273
2000-06-20,13017,1.0255969038300183,219,285
2000-06-21,12729,1.0243343719317188,230,297
2000-06-22,12809,1.0347480165485812,241,309
2000-06-23,12603,1.010361438978298,253,321
2000-06-24,9094,0.9550086864097905,264,333
2000-06-25,8178,0.9329627671586901,276,346
2000-06-26,12164,1.0145278148706358,288,360
2000-06-27,13354,1.0337342603410928,301,13
2000-06-28,13033,1.0291168100903119,314,28
2000-06-29,13462,1.0571719275152156,328,42
2000-06-30,13225,1.0240376627317271,342,57
2000-07-01,9376,0.9544948237288319,356,72
2000-07-02,8100,0.9213632347514902,10,87
2000-07-03,11345,1.0940251352542676,25,103
2000-07-04,9550,0.8167819694010985,38,117
2000-07-05,12346,0.9823583548340963,52,132
2000-07-06,13853,1.050854240322865,65,146
2000-07-07,13658,1.0356004861722883,78,160
2000-07-08,9631,0.9745271683095048,90,173
2000-07-09,8586,0.9457965546944745,102,186
2000-07-10,12420,1.013203282141636,114,198
2000-07-11,13584,1.0383104384275983,125,211
2000-07-12,12827,1.0116853947541906,136,223
2000-07-13,12980,1.007652760923119,147,235
2000-07-14,13230,1.0178638746390154,158,246
2000-07-15,9627,0.9751436789922854,169,258
2000-07-16,8423,0.9278535801145686,180,270
2000-07-17,12053,0.9809429889891029,191,282
2000-07-18,13663,1.042484866937769,201,294
2000-07-19,13001,1.009156256584453,213,306
2000-07-20,13173,1.0198808414686162,224,318
2000-07-21,13027,1.0032455951810384,235,330
2000-07-22,9463,0.961143007954923,247,343
2000-07-23,8166,0.9062057009415079,259,356
2000-07-24,12128,0.9855766331677221,271,9
2000-07-25,13176,1.003768526744087,284,23
2000-07-26,12931,1.00274067530535,297,37
2000-07-27,13155,1.0155618032035254,310,51
2000-07-28,12890,0.9970338482890724,324,66
2000-07-29,9465,0.9648335210933326,338,81
2000-07-30,8444,0.9390937379264,352,96
2000-07-31,11860,0.9635592289574403,6,111
2000-08-01,13356,1.0141157150373792,20,126
2000-08-02,12835,0.9972545269147643,34,140
2000-08-03,13092,1.0194968137538787,47,155
2000-08-04,12940,1.0017472801780556,60,168
2000-08-05,9398,0.9594316677987128,72,182
2000-08-06,8350,0.9228479281798158,84,195
2000-08-07,11864,0.955518905648948,96,207
2000-08-08,13693,1.024581265168489,107,219
2000-08-09,13170,1.0132699035918282,118,231
2000-08-10,12953,1.0031603894012693,129,243
2000-08-11,12729,0.9763076802260127,140,255
2000-08-12,9305,0.9525564353822775,151,267
2000-08-13,8313,0.9172296418138667,162,279
2000-08-14,11927,0.9581703805765504,173,291
2000-08-15,13374,1.0036058027709465,184,303
2000-08-16,13174,1.0103158716482366,195,315
2000-08-17,13099,1.009583793269154,206,327
2000-08-18,13124,1.008883461377212,218,340
2000-08-19,9276,0.9357639186351951,230,353
2000-08-20,8346,0.9207742118159437,242,6
2000-08-21,12003,0.9726618195583503,254,19
2000-08-22,13406,1.0126321946922614,267,33
2000-08-23,12929,1.003409734624995,280,47
2000-08-24,13021,1.0090958423091643,293,61
2000-08-25,12926,0.9973271097143246,306,75
2000-08-26,9341,0.9453937432629161,320,90
2000-08-27,8240,0.9011378171822444,334,104
2000-08-28,12074,0.9701530389636455,348,119
2000-08-29,13237,0.9943424059420641,1,134
2000-08-30,13111,1.00931711803774,15,149
2000-08-31,13287,1.065120209063009,28,163
2000-09-01,13145,1.0668090299816462,41,177
2000-09-02,9265,0.97138481963211,54,190
2000-09-03,8248,0.9385153103591067,66,203
2000-09-04,8603,0.7206859304739894,77,216
2000-09-05,12200,0.9413428742130432,88,228
2000-09-06,13917,1.0977756585293312,99,240
2000-09-07,13512,1.0264050899945159,110,252
2000-09-08,13487,0.9984394368455662,121,263
2000-09-09,9860,0.9704438109767248,132,275
2000-09-10,8552,0.9357116785868355,143,287
2000-09-11,12405,0.9839493345391714,154,299
2000-09-12,13649,1.01878427273454,165,311
2000-09-13,13299,1.0012210985397842,177,324
2000-09-14,13739,1.0267480538341527,189,337
2000-09-15,13552,1.0073693809356514,200,350
2000-09-16,9780,0.9578553022141009,213,3
2000-09-17,8683,0.9257001662378945,225,16
2000-09-18,12554,0.9804669740571794,238,30
2000-09-19,13850,1.007246020031176,250,43
2000-09-20,13775,1.0255454595810447,263,57
2000-09-21,13350,0.99948841573936,276,71
2000-09-22,13189,0.9867697373315333,289,85
2000-09-23,9494,0.9379401892642891,303,100
2000-09-24,8539,0.9175832981515368,316,114
2000-09-25,12432,0.9812620304228296,330,128
2000-09-26,13540,1.0000411106598517,343,143
2000-09-27,13467,1.0229038848279792,356,157
2000-09-28,13515,1.0373919039476531,9,171
2000-09-29,13045,1.0050088694877706,22,185
2000-09-30,9335,0.9414732303835913,34,198
2000-10-01,8453,0.9314425059352647,46,211
2000-10-02,12223,0.9941702324527303,58,223
2000-10-03,13245,1.0128060646877528,69,236
2000-10-04,13154,1.0265690549739637,80,248
2000-10-05,13288,1.046309883702163,91,260
2000-10-06,12774,1.0090445922571576,102,271
2000-10-07,9131,0.9546202533853262,113,283
2000-10-08,8119,0.9263302143370565,124,295
2000-10-09,11343,0.9406216799232231,135,307
2000-10-10,13124,1.0251295903076267,146,320
2000-10-11,12907,1.0340996712459876,158,332
2000-10-12,13038,1.0662119787170903,170,345
2000-10-13,11723,0.9490201341468196,182,359
2000-10-14,9163,0.9694129743323604,195,12
2000-10-15,8156,0.9399075164293801,207,26
2000-10-16,12001,1.0190662921471445,220,40
2000-10-17,13106,1.0406547150791876,233,54
2000-10-18,12816,1.0429895634771473,246,68
2000-10-19,12502,1.021011986198973,260,82
2000-10-20,12471,1.0125236314909762,273,96
2000-10-21,8956,0.9609232225842749,286,110
2000-10-22,7938,0.9273299612451159,299,124
2000-10-23,11810,1.0091469138108655,312,138
2000-10-24,12995,1.0329446468410877,325,152
2000-10-25,12780,1.0381893250660434,338,166
2000-10-26,12787,1.0433912897861373,350,180
2000-10-27,12333,1.0060639123358237,3,193
2000-10-28,8978,0.9686575770165777,15,206
2000-10-29,8124,0.959449298886123,26,219
2000-10-30,11558,1.0487399128361585,38,231
2000-10-31,11372,0.9160597481237677,49,244
2000-11-01,12927,1.046450611288254,60,256
2000-11-02,13066,1.06265186999081,71,267
2000-11-03,12630,1.0243128123475524,82,279
2000-11-04,9084,0.9710318031645745,93,291
2000-11-05,8078,0.9413326226419797,103,303
2000-11-06,11862,1.0124365274843443,115,315
2000-11-07,12822,1.0176932385301085,126,328
2000-11-08,12829,1.0426601034080518,138,340
2000-11-09,12778,1.0403496337388827,150,354
2000-11-10,12554,1.0200337027597788,163,7
2000-11-11,9318,1.000666754073242,175,21
2000-11-12,8070,0.9555292015208935,189,35
2000-11-13,11480,0.9865468063800481,202,50
2000-11-14,13153,1.042709396896365,215,64
2000-11-15,12953,1.0495092898638203,229,78
2000-11-16,13061,1.0599937528993748,242,93
2000-11-17,12888,1.0408923957925602,256,107
2000-11-18,9137,0.9733862542059446,269,121
2000-11-19,8077,0.921465988341599,282,135
2000-11-20,12974,1.0866636684898052,294,149
2000-11-21,13991,1.1351678544310102,307,163
2000-11-22,12420,1.0694269235100249,319,176
2000-11-23,8144,0.7189268874521458,331,189
2000-11-24,9805,0.858896156217465,343,202
2000-11-25,8537,0.9985228588837909,355,215
2000-11-26,7950,1.0090301985039534,7,227
2000-11-27,12175,1.1264212502384399,18,240
2000-11-28,13799,1.1401966106013213,29,252
2000-11-29,13114,1.0780292075674314,40,264
2000-11-30,12818,1.0356601503727398,51,275
2000-12-01,12545,1.0154486438174666,61,287
2000-12-02,8914,0.9576885727569464,72,299
2000-12-03,7930,0.9320842252541753,83,311
2000-12-04,11501,0.9921486236918152,94,323
2000-12-05,12997,1.0496881790661514,106,335
2000-12-06,12697,1.0504346000183218,117,348
2000-12-07,12820,1.0570898198532375,130,1
2000-12-08,12548,1.0351985164439963,142,15
2000-12-09,8853,0.9613541601718102,155,29
2000-12-10,8022,0.9456620521994095,169,43
2000-12-11,11811,1.0082371014364864,182,58
2000-12-12,13627,1.0928948945584482,196,73
2000-12-13,12567,1.0249874011890958,210,88
2000-12-14,12640,1.0176967250368159,224,103
2000-12-15,12656,1.0078634556953572,237,117
2000-12-16,9184,0.9546577381242062,251,132
2000-12-17,8026,0.8993158335361572,264,146
2000-12-18,12590,1.0230866407844312,276,159
2000-12-19,13829,1.046360278073326,289,173
2000-12-20,13762,1.0680726163639056,301,186
2000-12-21,13524,1.0911427579419024,313,199
2000-12-22,12248,1.0565158805972776,324,211
2000-12-23,8484,1.1071984386375928,336,224
2000-12-24,6971,1.138862315576404,347,236
2000-12-25,6719,0.6923741670801944,358,248
2000-12-26,10395,0.8307012413454592,9,260
2000-12-27,13252,1.0126388993965665,20,272
2000-12-28,13900,1.0579195883538985,31,284
2000-12-29,13607,1.0327365031631652,41,296
2000-12-30,9405,1.0142673329911696,52,307
2000-12-31,7892,0.9477932914849884,63,319
2001-01-01,7663,0.8656884943181956,74,331
2001-01-02,10635,0.9880402419527029,85,344
2001-01-03,12449,1.06058173017482,97,356
2001-01-04,12678,1.0698152334816724,109,9
2001-01-05,12647,1.070615449565865,122,23
2001-01-06,9180,1.0075206444251277,134,37
2001-01-07,7883,0.9377936865905114,148,51
2001-01-08,11447,1.0268474197733068,162,66
2001-01-09,12386,1.0393685261185048,176,81
2001-01-10,12455,1.0409667808296725,190,96
2001-01-11,12433,1.04108752240542,204,111
2001-01-12,12735,1.068895018803047,218,126
2001-01-13,8836,0.9779772708956681,232,141
2001-01-14,7818,0.9180379739207867,245,155
2001-01-15,10926,0.9735220707927176,258,169
2001-01-16,12327,1.0217498078644336,270,183
2001-01-17,12344,1.0316028438637876,282,196
2001-01-18,12648,1.0607690125294666,294,209
2001-01-19,12339,1.0453557785079917,305,221
2001-01-20,8771,0.9572609892750562,317,233
2001-01-21,7850,0.9309981976260209,328,245
2001-01-22,11444,1.012080835819278,338,257
2001-01-23,12446,1.018770091098664,349,269
2001-01-24,12244,1.016105080375923,360,281
2001-01-25,12570,1.0515616010945932,11,293
2001-01-26,12191,1.0269180044920823,22,304
2001-01-27,8795,0.9620532499709201,32,316
2001-01-28,7761,0.9216790088112224,43,328
2001-01-29,11513,1.0278142258276735,55,340
2001-01-30,12488,1.0306223568036958,66,353
2001-01-31,12477,1.0498331627290867,78,5
2001-02-01,12477,1.0487773147084292,89,18
2001-02-02,12470,1.0412440073259508,102,32
2001-02-03,8650,0.9439041387974056,114,45
2001-02-04,7716,0.9141304620589887,128,59
2001-02-05,11825,1.0467900562571444,141,74
2001-02-06,12536,1.0289405655022204,155,89
2001-02-07,12343,1.0196622787672716,169,104
2001-02-08,12390,1.033763633018582,183,119
2001-02-09,12343,1.0371999076241278,198,134
2001-02-10,8791,0.9475216785611971,211,149
2001-02-11,7563,0.8864843715582225,225,164
2001-02-12,11670,1.0125615223511237,238,178
2001-02-13,12267,1.0204792259142177,251,192
2001-02-14,13191,1.043003523228636,263,205
2001-02-15,12632,1.0436927038609505,275,218
2001-02-16,12355,1.0335823778406068,286,230
2001-02-17,8609,0.9361495315859173,297,242
2001-02-18,7555,0.8884540673705884,308,254
2001-02-19,10522,0.9301869870810074,319,266
2001-02-20,12373,1.0036423993132269,330,278
2001-02-21,12492,1.0370696096702428,340,289
2001-02-22,12482,1.030873843713902,351,301
2001-02-23,12242,1.0226897736247098,2,313
2001-02-24,8656,0.9356757731874931,13,325
2001-02-25,7794,0.911710445696266,24,337
2001-02-26,11332,0.9949918023682887,36,350
2001-02-27,12334,1.0077048308649663,47,2
2001-02-28,12209,1.0088967625132315,59,15
2001-03-01,12530,1.0550852106901625,71,28
2001-03-02,12383,1.028651714283852,83,41
2001-03-03,8935,0.9543898909500688,96,55
2001-03-04,7799,0.9093362964458802,109,69
2001-03-05,11411,0.9955968718977433,122,83
2001-03-06,12339,1.0040956632900901,135,98
2001-03-07,12351,1.0197032005289384,149,112
2001-03-08,12440,1.037633938741789,163,127
2001-03-09,12461,1.0464147421519585,177,142
2001-03-10,8807,0.9538161530755266,191,157
2001-03-11,7697,0.9058291075427071,205,172
2001-03-12,11595,1.0163691706007256,218,186
2001-03-13,12534,1.0346896328398099,231,200
2001-03-14,12578,1.041713048774196,243,213
2001-03-15,12525,1.0488238045608085,255,226
2001-03-16,12460,1.0456258910812704,266,238
2001-03-17,9006,0.9658080479917334,278,251
2001-03-18,7526,0.8807043840870086,288,263
2001-03-19,11352,1.0001326798323555,299,274
2001-03-20,12868,1.0423612989288071,310,286
2001-03-21,12690,1.042650157807531,321,298
2001-03-22,12472,1.044957587798022,332,310
2001-03-23,12432,1.0451137061997562,343,322
2001-03-24,8830,0.9631115425869666,354,334
2001-03-25,7800,0.918734737000285,6,347
2001-03-26,11290,0.9956459444721082,17,359
2001-03-27,12570,1.026941987446091,29,12
2001-03-28,12469,1.0360924288113067,41,25
2001-03-29,12366,1.040507926956379,53,38
2001-03-30,12059,1.0188258267351649,66,52
2001-03-31,8770,0.9614836328466551,78,65
2001-04-01,7212,0.8840807767739678,91,79
2001-04-02,11673,1.0340256554484357,104,93
2001-04-03,12864,1.0499052881111477,118,107
2001-04-04,12655,1.0503459614180692,131,122
2001-04-05,12438,1.046918189594581,145,137
2001-04-06,12407,1.0551219480273448,158,151
2001-04-07,8755,0.9601292784476665,172,166
2001-04-08,7718,0.917502539843744,185,180
2001-04-09,11617,1.0328008859147482,198,194
2001-04-10,13031,1.0778451220230574,211,208
2001-04-11,12912,1.0803353220513006,223,221
2001-04-12,12733,1.0787848982609007,235,234
2001-04-13,10881,0.9385250294899992,247,246
2001-04-14,8262,0.9145637437278885,258,259
2001-04-15,7230,0.859799936189471,269,271
2001-04-16,11220,0.996387881922776,280,282
2001-04-17,12867,1.0587433991268762,291,294
2001-04-18,12381,1.036919667859645,301,306
2001-04-19,12257,1.0377488355890239,313,318
2001-04-20,12296,1.0476782993020903,324,330
2001-04-21,8849,0.9732327537831177,335,343
2001-04-22,7758,0.92677190327201,347,355
2001-04-23,11672,1.040616015829803,359,8
2001-04-24,12981,1.0732399831699617,11,21
2001-04-25,12728,1.0682858534724977,23,35
2001-04-26,12560,1.06417147123691,36,48
2001-04-27,12335,1.0538103434700006,49,62
2001-04-28,8574,0.9481340340092639,62,76
2001-04-29,7602,0.9154040541766739,75,90
2001-04-30,11416,1.0297269663607114,88,104
2001-05-01,13037,1.068343758289023,101,118
2001-05-02,12542,1.043214881428217,114,132
2001-05-03,12596,1.0660744267358775,127,147
2001-05-04,12276,1.046420906756105,141,161
2001-05-05,8795,0.9577833760329758,154,175
2001-05-06,8001,0.9491349236897276,167,189
2001-05-07,11635,1.0301296868961358,180,203
2001-05-08,13032,1.0684124546569,192,216
2001-05-09,12477,1.0427027820476482,204,229
2001-05-10,12632,1.0621220961666702,216,242
2001-05-11,12296,1.0385869135177086,227,254
2001-05-12,8692,0.9451188108143228,239,266
2001-05-13,7479,0.8970931242596768,250,278
2001-05-14,11577,1.023611087283992,260,290
2001-05-15,13124,1.0603402764423469,271,302
2001-05-16,12625,1.0392168605270133,282,314
2001-05-17,12630,1.0528529139661693,293,326
2001-05-18,12313,1.030638203507236,305,338
2001-05-19,8803,0.9551276583397149,316,351
2001-05-20,7732,0.8999920530252224,328,4
2001-05-21,11680,1.0111285613925076,340,17
2001-05-22,13047,1.0450354338765957,353,30
2001-05-23,12936,1.047185072862405,5,44
2001-05-24,13179,1.0798802887962462,18,58
2001-05-25,12722,1.0709024879529636,32,72
2001-05-26,8911,0.9858486830076677,45,86
2001-05-27,7529,0.9079620105341535,58,101
2001-05-28,7993,0.7091870256316178,72,115
2001-05-29,12013,0.9881507019621728,85,129
2001-05-30,13334,1.1326274928586773,98,143
2001-05-31,13051,1.1081762484965805,111,157
2001-06-01,12677,1.0533158038021282,124,171
2001-06-02,8920,0.944285975741927,137,185
2001-06-03,7887,0.9112230847798246,149,198
2001-06-04,11500,0.9972357604156782,162,212
2001-06-05,12683,1.0171268544050758,174,225
2001-06-06,12804,1.0477821368199403,186,238
2001-06-07,12566,1.040396165454828,197,250
2001-06-08,12451,1.0358975924512546,208,262
2001-06-09,8756,0.9403590807740937,220,274
2001-06-10,7674,0.8884945285527408,231,286
2001-06-11,11776,1.0194199620063946,242,298
2001-06-12,13218,1.0575550346604201,252,310
2001-06-13,12342,1.021639621168601,263,322
2001-06-14,12655,1.0465901219537703,274,334
2001-06-15,12394,1.019973173274954,286,346
2001-06-16,8780,0.9295406875055499,297,359
2001-06-17,7722,0.8866825286152078,309,12
2001-06-18,11756,1.0081653396882941,321,25
2001-06-19,12785,1.0191860136253137,334,39
2001-06-20,12704,1.0218692951068813,347,53
2001-06-21,12615,1.0298777829007755,1,67
2001-06-22,12299,1.0061703062095722,14,81
2001-06-23,8452,0.8967217895535506,28,96
2001-06-24,7639,0.8737183480259177,42,111
2001-06-25,11575,0.9819871718172276,55,125
2001-06-26,12939,1.0158647228464404,69,140
2001-06-27,12809,1.0197041239275422,82,154
2001-06-28,13059,1.047466393974877,95,168
2001-06-29,12922,1.037299692591813,108,182
2001-06-30,9247,0.9537087148245276,120,195
2001-07-01,8145,0.8997947545382514,133,208
2001-07-02,12390,1.0189660820662179,145,221
2001-07-03,13364,1.0461652423475394,156,234
2001-07-04,9608,0.8843561438746886,168,246
2001-07-05,12531,1.1105065866214472,179,259
2001-07-06,13151,1.0637919112793022,190,271
2001-07-07,9544,0.9508410763233777,201,283
2001-07-08,8249,0.892356846968991,212,295
2001-07-09,12036,0.9838688033150019,223,307
2001-07-10,13614,1.032073317175994,234,318
2001-07-11,13026,1.0142790824237382,245,330
2001-07-12,13188,1.044506444801267,256,342
2001-07-13,12187,0.9771729406761996,267,355
2001-07-14,9269,0.9450351157962088,279,7
2001-07-15,8047,0.8832750794427424,291,20
2001-07-16,12383,1.0132951264577268,303,33
2001-07-17,13657,1.035346970026273,316,47
2001-07-18,13241,1.0285864518450503,329,61
2001-07-19,13293,1.0509434167492435,342,75
2001-07-20,12950,1.0218935612005307,356,90
2001-07-21,9410,0.9568265613317372,10,105
2001-07-22,8116,0.8917374506300714,24,120
2001-07-23,12099,0.9927527308099328,38,135
2001-07-24,13532,1.0334687854254359,52,150
2001-07-25,12988,1.0074300317173386,66,164
2001-07-26,13022,1.027922369876903,79,178
2001-07-27,12677,0.9993721583591192,91,192
2001-07-28,9102,0.922850165263116,104,205
2001-07-29,7892,0.8709158231733165,116,218
2001-07-30,12150,1.000553893160478,128,231
2001-07-31,13218,1.011682942965422,139,243
2001-08-01,12960,1.0050094168058106,150,256
2001-08-02,13097,1.0304230573861202,161,268
2001-08-03,12859,1.015714319674663,172,280
2001-08-04,9143,0.9350771693399961,183,292
2001-08-05,8062,0.8904280014389632,194,303
2001-08-06,12008,0.9903340934344518,205,315
2001-08-07,13488,1.0259098124099795,216,327
2001-08-08,13185,1.0135838534333639,227,339
2001-08-09,13339,1.0341980464869764,238,351
2001-08-10,13094,1.0241555915555747,249,3
2001-08-11,9275,0.9433932958756517,261,16
2001-08-12,8261,0.903976542160822,273,29
2001-08-13,11682,0.9661042278675984,285,42
2001-08-14,13325,1.0118251702916952,297,55
2001-08-15,13332,1.0222996932142994,310,69
2001-08-16,13372,1.0397546015858965,324,83
2001-08-17,13102,1.0214834794336396,337,98
2001-08-18,9294,0.9407749692402779,352,113
2001-08-19,7945,0.871366384928161,6,129
2001-08-20,12313,1.0034641881175914,20,144
2001-08-21,13590,1.0318395832134761,34,159
2001-08-22,13146,1.0168036430793188,48,174
2001-08-23,13158,1.0298525202685846,61,188
2001-08-24,12996,1.0253622227714656,74,202
2001-08-25,9229,0.9393373289816199,87,215
2001-08-26,8115,0.8932933816762528,98,228
2001-08-27,12080,0.9876856154150659,110,240
2001-08-28,13792,1.0380283450952807,121,253
2001-08-29,13160,1.0092909272741306,132,265
2001-08-30,13520,1.052339137002269,143,277
2001-08-31,13461,1.0534729320840353,154,289
2001-09-01,9248,0.9736399120577603,165,300
2001-09-02,8239,0.9539656013689635,176,312
2001-09-03,8115,0.6873324618101391,187,324
2001-09-04,12501,0.9789385364072579,198,336
2001-09-05,14055,1.1238241845786432,209,348
2001-09-06,13925,1.1133093357832526,220,360
2001-09-07,13721,1.100292035593355,232,13
2001-09-08,9344,0.9322037546219948,243,25
2001-09-09,8347,0.8815945608758434,255,38
2001-09-10,12459,0.9906245995952547,267,51
2001-09-11,13590,1.0233207366513601,279,64
2001-09-12,13149,0.9954973223756363,292,78
2001-09-13,13186,1.0198284141191116,305,92
2001-09-14,13444,1.0289487552482068,319,107
2001-09-15,9662,0.94831944448347,333,122
2001-09-16,8319,0.8822437634834804,347,137
2001-09-17,12664,1.001992330862239,1,152
2001-09-18,13526,0.9924025787739162,16,167
2001-09-19,13575,1.0119570645480922,29,182
2001-09-20,13750,1.0361464016220834,43,196
2001-09-21,13341,1.0097315545293524,56,210
2001-09-22,9607,0.9446330744474011,68,224
2001-09-23,8495,0.9067748293152647,80,237
2001-09-24,12564,1.0027352636746416,92,249
2001-09-25,14063,1.0400025962798731,103,262
2001-09-26,13441,1.012621110527348,114,274
2001-09-27,13199,1.01011973607803,125,285
2001-09-28,13174,1.0172691226690538,136,297
2001-09-29,9243,0.9317912220831529,147,309
2001-09-30,8042,0.8839383967377876,158,321
2001-10-01,12425,1.0123309012878257,169,333
2001-10-02,13523,1.025501245731239,180,345
2001-10-03,13056,1.0135950666181435,191,357
2001-10-04,13182,1.0444514958456859,202,10
2001-10-05,12851,1.0195804283925405,214,22
2001-10-06,8872,0.917489492091997,225,35
2001-10-07,7744,0.8727320217908842,237,48
2001-10-08,11531,0.9738940586193162,250,61
2001-10-09,12886,1.0118109513993716,262,74
2001-10-10,12858,1.0177283602342617,275,88
2001-10-11,12568,1.017211726732956,288,102
2001-10-12,12676,1.0324607631194584,301,116
2001-10-13,8659,0.9299919255800124,315,131
2001-10-14,7753,0.895444276347043,328,146
2001-10-15,11649,0.995616830125614,342,161
2001-10-16,12770,1.012783840092303,356,176
2001-10-17,12599,1.0211569085918288,10,190
2001-10-18,12579,1.0349401800261744,23,205
2001-10-19,12359,1.0225040379625567,36,218
2001-10-20,8747,0.9381868254017688,49,232
2001-10-21,7506,0.8694499130186994,61,245
2001-10-22,11705,1.014561703449075,72,258
2001-10-23,12896,1.0368028490212686,84,270
2001-10-24,12676,1.0338514290730605,95,282
2001-10-25,12516,1.0308582672886535,106,294
2001-10-26,12296,1.0154622784192493,116,306
2001-10-27,8458,0.9064108177969014,127,318
2001-10-28,7676,0.8933546968291173,138,329
2001-10-29,11389,0.9926787259757854,149,342
2001-10-30,12534,1.0187315720060428,161,354
2001-10-31,10913,0.9451498393392795,172,6
2001-11-01,12879,1.0749833335847128,184,19
2001-11-02,12374,1.0183224876298118,195,32
2001-11-03,8572,0.9156075746496573,207,45
2001-11-04,7533,0.8716243238436471,220,58
2001-11-05,11668,1.007593116363243,232,71
2001-11-06,12662,1.0154523066698238,245,85
2001-11-07,12419,1.01173766004278,257,99
2001-11-08,12519,1.0295878154298848,270,113
2001-11-09,12416,1.0258547889782967,283,127
2001-11-10,8665,0.9265393306421277,297,141
2001-11-11,7599,0.8808885421112793,310,155
2001-11-12,11670,1.0124417920534123,324,170
2001-11-13,12382,1.0089721739715565,337,184
2001-11-14,12602,1.0336813611913023,350,199
2001-11-15,12936,1.0626031830530092,3,213
2001-11-16,12979,1.0690829160280124,16,226
2001-11-17,8774,0.9351975575175187,28,240
2001-11-18,7495,0.8636227316999832,40,253
2001-11-19,12709,1.0937684870556101,52,265
2001-11-20,13603,1.0680261478355364,63,278
2001-11-21,12167,0.9726938381048245,74,290
2001-11-22,7513,0.6316221547206418,85,302
2001-11-23,9594,0.8398146906130224,96,314
2001-11-24,8100,0.9390978314890565,107,325
2001-11-25,7456,0.9318179666146539,118,337
2001-11-26,11732,1.1085549542173825,129,350
2001-11-27,13249,1.1572790623432143,140,2
2001-11-28,12516,1.1052711208168249,152,14
2001-11-29,12474,1.0679981712583377,164,27
2001-11-30,12019,1.0044259371615034,176,40
2001-12-01,8255,0.875977465068566,188,54
2001-12-02,7385,0.8528446262667261,201,67
2001-12-03,11548,1.0022842218748624,214,81
2001-12-04,12605,1.0196304132320746,227,95
2001-12-05,12609,1.0382290553621656,240,109
2001-12-06,12188,1.0199579594200079,253,124
2001-12-07,11693,0.9834404878314356,266,138
2001-12-08,8372,0.9066338764126975,279,152
2001-12-09,7498,0.882524328541597,292,166
2001-12-10,11655,1.0224396110911715,306,180
2001-12-11,12798,1.038277327104258,318,194
2001-12-12,12884,1.0497795889852124,331,208
2001-12-13,12230,1.0163358302048713,344,221
2001-12-14,12405,1.0285796227949626,356,235
2001-12-15,8615,0.910972867977689,8,248
2001-12-16,7432,0.8443899440223288,20,261
2001-12-17,12392,1.0406140125506496,31,273
2001-12-18,13657,1.0531405960511193,43,285
2001-12-19,13404,1.0396628027191115,54,298
2001-12-20,13871,1.0875040375499978,65,310
2001-12-21,13530,1.0675082970659155,76,321
2001-12-22,9062,0.9602389712798669,86,333
2001-12-23,7245,0.89162320128131,97,345
2001-12-24,7626,0.8039962971439185,108,357
2001-12-25,6603,0.7423956140165859,120,10
2001-12-26,11040,1.0858671405393248,131,22
2001-12-27,14151,1.1717639567497935,143,35
2001-12-28,14235,1.105821134901662,156,48
2001-12-29,9563,0.9558965003903639,168,62
2001-12-30,7840,0.8489367321273759,181,76
2001-12-31,10272,0.894913566458642,195,91
2002-01-01,7927,0.833264611333704,208,105
2002-01-02,10723,1.0209496584684274,222,120
2002-01-03,12465,1.0726905443407144,235,134
2002-01-04,12671,1.0750815318294589,249,149
2002-01-05,8902,0.9834011107718903,262,163
2002-01-06,7647,0.9167018438779122,275,177
2002-01-07,11548,1.015126098831423,288,191
2002-01-08,12515,1.0446152146761667,300,204
2002-01-09,11654,1.0022230404400403,313,218
2002-01-10,12596,1.0634039901816323,325,231
2002-01-11,12276,1.0335718388082173,337,244
2002-01-12,8591,0.9409725184838011,348,257
2002-01-13,7471,0.9031866982946646,360,269
2002-01-14,11530,1.0004415659359835,11,281
2002-01-15,12369,1.025487698227867,22,294
2002-01-16,11996,1.0190007623280088,33,306
2002-01-17,12412,1.0477818699172012,44,318
2002-01-18,12251,1.0331014896022737,55,329
2002-01-19,8434,0.9324270705743866,66,341
2002-01-20,7462,0.8895333530264369,77,353
2002-01-21,10921,0.9570597034873833,88,5
2002-01-22,12361,1.0171903194734828,99,17
2002-01-23,12252,1.0277897000257965,111,30
2002-01-24,12549,1.0519544037844093,122,43
2002-01-25,12069,1.0151803640037267,135,56
2002-01-26,8530,0.9376539446802608,147,70
2002-01-27,7510,0.8972819809854737,161,84
2002-01-28,11354,0.9963417827035139,174,99
2002-01-29,12215,1.0146840898731029,188,114
2002-01-30,12146,1.0272847214063134,202,129
2002-01-31,12125,1.0305388160570501,216,144
2002-02-01,12130,1.0251947912083967,230,159
2002-02-02,9021,0.9829645627262307,244,173
2002-02-03,7442,0.887007293287011,257,187
2002-02-04,11412,0.9990222612292259,270,201
2002-02-05,12488,1.0286380588246575,282,215
2002-02-06,12210,1.027064818534944,294,228
2002-02-07,12418,1.0362386215010546,306,241
2002-02-08,12444,1.043956556791933,318,253
2002-02-09,8706,0.9546793311211829,329,266
2002-02-10,7569,0.8910767710123777,340,278
2002-02-11,11547,1.000100372988277,351,290
2002-02-12,12779,1.031712503424665,2,302
2002-02-13,12069,1.028935077953699,13,314
2002-02-14,13062,1.0432544105141863,24,326
2002-02-15,12548,1.0424314866422744,35,338
2002-02-16,8710,0.9508622772636381,46,350
2002-02-17,7484,0.8888982220105099,57,2
2002-02-18,10907,0.9477706698122675,68,14
2002-02-19,12262,1.008659384790439,79,26
2002-02-20,12817,1.0654700699078092,90,38
2002-02-21,12384,1.0385068620577003,102,51
2002-02-22,12667,1.051883379563745,114,64
2002-02-23,8639,0.9417857805329392,127,78
2002-02-24,7488,0.8840965887698403,140,92
2002-02-25,11547,0.9980749032145197,154,107
2002-02-26,12487,1.0201929269508765,168,122
2002-02-27,12303,1.0301282647511887,182,137
2002-02-28,12370,1.0325446224240147,196,152
2002-03-01,12388,1.0488421726405879,211,168
2002-03-02,8507,0.9221807046775785,225,182
2002-03-03,7624,0.8894876110640497,238,197
2002-03-04,11661,1.0046593761997815,251,211
2002-03-05,12678,1.0292522502722714,264,225
2002-03-06,12372,1.0317771877630029,276,238
2002-03-07,12525,1.0445323383523692,288,250
2002-03-08,12244,1.0268797483556051,299,263
2002-03-09,8606,0.9430819050563831,310,275
2002-03-10,7633,0.9029374815170035,321,287
2002-03-11,11197,0.97369716149915,332,299
2002-03-12,12667,1.0331556628283785,343,311
2002-03-13,12031,1.0178247733406711,354,323
2002-03-14,12583,1.052672324998089,5,335
2002-03-15,12472,1.0501065893470665,16,347
2002-03-16,8696,0.9523025211162335,27,359
2002-03-17,7680,0.8995925281243563,38,11
2002-03-18,11621,1.0048630702273198,49,23
2002-03-19,12674,1.03898720267054,60,35
2002-03-20,12577,1.0440833501234508,72,47
2002-03-21,12502,1.0375976528413595,83,60
2002-03-22,12252,1.0321481301295172,95,73
2002-03-23,8569,0.9400475061978413,108,87
2002-03-24,7419,0.883867158825934,121,101
2002-03-25,11507,1.0015095338194107,134,115
2002-03-26,12840,1.0536279203693761,148,130
2002-03-27,12568,1.0522712096377296,162,145
2002-03-28,12454,1.0453175248963535,177,160
2002-03-29,11449,0.9686261436307824,191,176
2002-03-30,8270,0.9117825512916915,205,191
2002-03-31,7083,0.8481746462568718,219,205
2002-04-01,10264,0.9297160172599459,232,220
2002-04-02,12884,1.0619664695801927,245,233
2002-04-03,12372,1.0348201725657702,257,247
2002-04-04,12262,1.0280258306971362,269,259
2002-04-05,12006,1.0160919538284328,280,272
2002-04-06,8301,0.9212201008369763,292,284
2002-04-07,7109,0.8515454237658203,303,296
2002-04-08,11706,1.028273067653874,314,308
2002-04-09,12741,1.0539921779545929,324,320
2002-04-10,12418,1.0526431154156812,335,332
2002-04-11,12236,1.0341344872155587,346,344
2002-04-12,12272,1.0454227481658347,357,356
2002-04-13,8448,0.9508851632127434,8,8
2002-04-14,7578,0.9162397580305619,19,20
2002-04-15,11412,1.0028092113596914,31,32
2002-04-16,12847,1.0615698216780078,42,44
2002-04-17,12575,1.0604062811327042,54,57
2002-04-18,12490,1.0566333688440155,65,70
2002-04-19,12297,1.046838585540866,78,83
2002-04-20,8224,0.9144170442382411,90,96
2002-04-21,7298,0.8767022529864863,103,110
2002-04-22,11576,1.0218309247544624,116,124
2002-04-23,12457,1.0334035544100797,130,139
2002-04-24,12297,1.0419304972423074,144,154
2002-04-25,12469,1.0571373823827472,158,169
2002-04-26,11917,1.0152228691606857,172,184
2002-04-27,8243,0.9189792807500488,186,199
2002-04-28,7502,0.9061269742855536,199,213
2002-04-29,11422,1.016306170437772,213,228
2002-04-30,12666,1.0630626736240776,225,242
2002-05-01,12297,1.0327219494872462,238,255
2002-05-02,12405,1.042260408013917,250,268
2002-05-03,12130,1.0322577560235435,261,280
2002-05-04,8215,0.9138064368276853,273,293
2002-05-05,7447,0.8858058560528651,284,305
2002-05-06,11362,0.9959462678819709,295,317
2002-05-07,12505,1.0301974516471104,306,329
2002-05-08,12334,1.0362933181302318,317,340
2002-05-09,12219,1.0314745499607831,328,352
2002-05-10,12329,1.0423238129292056,339,4
2002-05-11,8329,0.9180555714377875,350,16
2002-05-12,7487,0.8892016598670044,1,29
2002-05-13,11404,1.010761389501049,13,41
2002-05-14,12909,1.0620447306633785,24,54
2002-05-15,12705,1.0519729892989529,36,67
2002-05-16,12609,1.0484022324408624,48,80
2002-05-17,12218,1.0240872378018582,61,93
2002-05-18,8528,0.9315081647839935,73,107
2002-05-19,7470,0.8852726834815081,86,121
2002-05-20,11788,1.01387495874223,99,135
2002-05-21,12916,1.0404059599069353,113,149
2002-05-22,12670,1.0400347536096928,126,164
2002-05-23,13123,1.0730724865120618,140,178
2002-05-24,12775,1.05251076173711,154,193
2002-05-25,8515,0.9353546411213134,167,207
2002-05-26,7282,0.8799545347224109,181,222
2002-05-27,7765,0.6919413444672425,194,236
2002-05-28,12148,1.0029216619766177,206,249
2002-05-29,13436,1.1326417987146353,219,263
2002-05-30,12963,1.112255762335625,231,276
2002-05-31,12568,1.0730098293384611,242,288
2002-06-01,8547,0.9267293783778595,254,301
2002-06-02,7662,0.8859446199662154,265,313
2002-06-03,11433,0.9760465181268293,276,325
2002-06-04,12616,1.0179652277623414,287,337
2002-06-05,12663,1.0407360978859395,298,349
2002-06-06,12745,1.053507566873355,309,1
2002-06-07,12280,1.0222862855643695,320,13
2002-06-08,8524,0.9254504022980354,331,25
2002-06-09,7485,0.8780222403116583,343,37
2002-06-10,11863,1.0149039284393848,355,50
2002-06-11,12713,1.0240346294069222,7,63
2002-06-12,12758,1.046093998374415,19,76
2002-06-13,12457,1.0415932207779073,32,90
2002-06-14,12562,1.0445897289569324,44,104
2002-06-15,8708,0.935174798653876,57,118
2002-06-16,7685,0.8886761040254703,70,132
2002-06-17,11738,0.9959324873599343,84,146
2002-06-18,13139,1.0484452523333327,97,160
2002-06-19,12598,1.0292128738264041,110,174
2002-06-20,12847,1.0438283397438994,123,189
2002-06-21,12377,1.0159826833105148,137,203
2002-06-22,8676,0.9262289586974816,150,217
2002-06-23,7661,0.8877883444773031,163,231
2002-06-24,11972,1.0118102960124344,175,244
2002-06-25,13425,1.0597669435617403,188,258
2002-06-26,13167,1.0594315081040688,200,271
2002-06-27,13310,1.0703097962130945,212,284
2002-06-28,12996,1.0481232610422533,224,296
2002-06-29,8994,0.9421596758559319,235,309
2002-06-30,7831,0.8821813245229366,246,321
2002-07-01,12584,1.02723194890749,257,333
2002-07-02,14187,1.0856510334387888,268,345
2002-07-03,13626,1.0931583783468113,279,357
2002-07-04,9481,0.8814970117699498,290,8
2002-07-05,11326,1.0092167417748998,301,21
2002-07-06,8816,0.9306076202518284,313,33
2002-07-07,8080,0.8792545153132667,324,46
2002-07-08,12253,0.9794384078371422,336,59
2002-07-09,13814,1.0507169115745765,349,72
2002-07-10,13264,1.030505229749234,1,86
2002-07-11,13215,1.0394080059062314,14,99
2002-07-12,12760,1.0161441943571428,28,114
2002-07-13,8896,0.9308217276959002,41,128
2002-07-14,7884,0.8779856586441483,54,142
2002-07-15,12370,1.0032960816198142,68,157
2002-07-16,13606,1.0359810400650553,81,171
2002-07-17,13396,1.040774467322283,94,185
2002-07-18,13395,1.051078679870043,108,199
2002-07-19,12900,1.0254595167234817,120,213
2002-07-20,8799,0.9060795507045638,133,227
2002-07-21,7954,0.8833949823346059,146,240
2002-07-22,12194,0.9900077602874964,158,254
2002-07-23,13630,1.040635720302916,170,267
2002-07-24,13231,1.0355687282196029,182,279
2002-07-25,13345,1.0455954535675442,194,292
2002-07-26,12914,1.0249811740326935,205,305
2002-07-27,9073,0.9333806294207374,216,317
2002-07-28,7915,0.8765385570489289,227,329
2002-07-29,12148,0.990584043561096,238,341
2002-07-30,13593,1.0415755694662632,249,353
2002-07-31,13311,1.0440955548948558,260,4
2002-08-01,13267,1.0392268372764903,271,16
2002-08-02,13127,1.0384407117712675,282,29
2002-08-03,8963,0.9238785674138342,294,41
2002-08-04,7833,0.8750091660161937,305,54
2002-08-05,12191,0.9949305964025071,318,67
2002-08-06,13407,1.028854402446509,330,80
2002-08-07,13035,1.0160698039754923,343,94
2002-08-08,13420,1.042088396537542,356,108
2002-08-09,12893,1.0050945162138438,10,123
2002-08-10,9078,0.9265756846318574,24,138
2002-08-11,7970,0.8854477341770326,38,153
2002-08-12,12311,0.9954405092580042,52,167
2002-08-13,13603,1.046773545721236,65,182
2002-08-14,13302,1.0351566767289118,78,196
2002-08-15,13551,1.04960711412939,91,210
2002-08-16,13132,1.0266864669435918,104,224
2002-08-17,9298,0.9459766372833455,117,237
2002-08-18,7925,0.8762097848404846,129,250
2002-08-19,12299,0.9967222248185831,141,263
2002-08-20,13820,1.0479903922610954,153,276
2002-08-21,13356,1.0392499706330576,164,288
2002-08-22,13232,1.0338117233372948,176,301
2002-08-23,13133,1.0335264096948136,187,313
2002-08-24,9086,0.9354863597845894,198,325
2002-08-25,7961,0.8850347058790462,209,337
2002-08-26,12182,0.9908812890813861,220,349
2002-08-27,13788,1.0489730461232196,231,1
2002-08-28,13398,1.033410383343618,242,13
2002-08-29,13426,1.0401108284163805,253,25
2002-08-30,13300,1.040885963299352,264,37
2002-08-31,9122,0.9316080699285991,275,49
2002-09-01,7947,0.9138596508358259,287,62
2002-09-02,8297,0.7098665997713683,299,75
2002-09-03,12613,0.9940494441924328,311,88
2002-09-04,13969,1.1210548717477085,324,102
2002-09-05,14021,1.1324499269105626,338,117
2002-09-06,13680,1.0997126600237572,352,131
2002-09-07,9354,0.9788512223786469,6,147
2002-09-08,8077,0.880144223703201,20,162
2002-09-09,12875,1.0048081907571287,34,177
2002-09-10,13940,1.0313354737864304,48,192
2002-09-11,12655,0.9765744341212506,61,206
2002-09-12,14247,1.0895402785397417,75,220
2002-09-13,13028,1.013127879959556,87,234
2002-09-14,9388,0.9376385188566748,100,247
2002-09-15,8433,0.904056274782332,112,260
2002-09-16,12793,1.0025067672594428,123,273
2002-09-17,14241,1.0484440075068022,135,285
2002-09-18,13953,1.0491485345626692,146,298
2002-09-19,13899,1.0465941385350848,158,310
2002-09-20,13721,1.0396248924167906,169,322
2002-09-21,9613,0.949453289301155,180,334
2002-09-22,8222,0.8830363292568056,191,346
2002-09-23,12795,1.0091920103174377,201,358
2002-09-24,14205,1.0548989457032243,212,10
2002-09-25,13518,1.0245184219936148,223,21
2002-09-26,13469,1.024998532881669,234,33
2002-09-27,13298,1.0232709303621554,245,45
2002-09-28,9250,0.9320882924632853,256,58
2002-09-29,7968,0.8773658564935048,268,70
2002-09-30,12232,0.9934656217946576,280,83
2002-10-01,13625,1.0329370781725593,292,97
2002-10-02,13512,1.050107266915749,305,110
2002-10-03,13044,1.0229104884563063,319,125
2002-10-04,12814,1.020855255330892,332,140
2002-10-05,8922,0.9237275626177089,347,155
2002-10-06,7801,0.8811616469068227,1,170
2002-10-07,11970,0.9967979991205805,15,185
2002-10-08,13066,1.0268302581609017,29,200
2002-10-09,12658,1.0185848752116855,43,215
2002-10-10,12684,1.014114946608258,56,230
2002-10-11,12467,1.0145644154966598,69,243
2002-10-12,8451,0.8982485899510527,82,257
2002-10-13,7416,0.8699752581585991,94,270
2002-10-14,11559,0.9864759116711869,105,282
2002-10-15,12788,1.016991847339801,117,295
2002-10-16,12642,1.0275253259707433,128,307
2002-10-17,12507,1.0239577766672066,139,319
2002-10-18,12197,1.0090080592591537,150,331
2002-10-19,8534,0.9213644575577736,161,343
2002-10-20,7405,0.8675230215412767,172,355
2002-10-21,11690,1.0005711114520524,183,7
2002-10-22,13214,1.065743295357332,194,19
2002-10-23,12656,1.0427699483079238,204,30
2002-10-24,12679,1.044560018062347,215,42
2002-10-25,12523,1.0370847893564503,227,55
2002-10-26,8414,0.9067750569974747,238,67
2002-10-27,7690,0.9001387981716679,250,80
2002-10-28,11853,1.0193297125632348,262,93
2002-10-29,12833,1.0407887174456916,274,106
2002-10-30,12274,1.0223675993531476,287,120
2002-10-31,10850,0.9492022144022377,300,134
2002-11-01,12591,1.0567014225290672,313,148
2002-11-02,8561,0.9193837781654033,327,163
2002-11-03,7502,0.8752457618302315,341,178
2002-11-04,11761,1.0055485964522564,355,193
2002-11-05,12906,1.037030887522428,10,209
2002-11-06,12602,1.0357324417120026,23,223
2002-11-07,12653,1.0412314850121906,37,238
2002-11-08,12472,1.03134112888817,50,252
2002-11-09,8615,0.9288735256526587,62,265
2002-11-10,7691,0.8982636922393624,75,279
2002-11-11,11509,0.9858243632516228,86,291
2002-11-12,12725,1.0272313343914847,98,304
2002-11-13,12097,1.0102223050704642,109,316
2002-11-14,12485,1.0344470171896587,120,328
2002-11-15,12273,1.0136646936814508,131,340
2002-11-16,8295,0.891627930467737,142,352
2002-11-17,7353,0.8560439099640121,152,3
2002-11-18,11790,1.0038380958833062,163,15
2002-11-19,12716,1.0183001455655825,174,27
2002-11-20,12574,1.011746070761398,185,39
2002-11-21,12716,1.0268704838308251,197,52
2002-11-22,12978,1.0970444284985934,208,64
2002-11-23,8581,0.980209194858593,220,77
2002-11-24,7650,0.9687528566286244,231,90
2002-11-25,12470,1.151566637759856,243,103
2002-11-26,13377,1.176129544550168,256,116
2002-11-27,11544,1.0333851038826039,268,130
2002-11-28,7392,0.6593829623149936,281,144
2002-11-29,9341,0.8041380671426569,295,158
2002-11-30,8159,0.8897820367081485,308,172
2002-12-01,7402,0.857927678377876,322,187
2002-12-02,11929,1.017936991023031,336,202
2002-12-03,13314,1.0752363322625496,349,217
2002-12-04,12684,1.0514946017835722,3,231
2002-12-05,12596,1.0476535303203331,16,246
2002-12-06,11775,0.9907936669009231,29,260
2002-12-07,8513,0.934333422885041,42,273
2002-12-08,7339,0.8680911978914267,54,287
2002-12-09,11547,1.0042639114205045,66,299
2002-12-10,12867,1.0503014118147131,78,312
2002-12-11,12632,1.0502538075013583,89,324
2002-12-12,12850,1.0576038689033345,100,336
2002-12-13,11600,0.969262139603874,111,348
2002-12-14,8420,0.9110670835607141,121,360
2002-12-15,7516,0.8680858439390137,132,12
2002-12-16,12344,1.0363124243742925,143,24
2002-12-17,13454,1.0512619557278093,154,36
2002-12-18,13580,1.073202554477339,166,48
2002-12-19,13665,1.0706319948226481,177,61
2002-12-20,14015,1.104812778326881,189,73
2002-12-21,9092,0.9361167293078617,201,86
2002-12-22,7607,0.8804291810153057,213,99
2002-12-23,11396,1.0363175475830666,225,113
2002-12-24,9131,0.8957500686489454,238,127
2002-12-25,6774,0.780531034435168,251,140
2002-12-26,11242,1.1169241815693642,264,154
2002-12-27,13650,1.1364704182759071,277,168
2002-12-28,9114,0.9239182713382109,290,183
2002-12-29,8035,0.8772600234893337,303,197
2002-12-30,13158,1.0528017178100828,317,211
2002-12-31,12582,1.0199691156251995,330,226
2003-01-01,7908,0.8364838197370189,343,240
2003-01-02,11124,1.050479105978722,356,254
2003-01-03,12252,1.0409444629086728,9,268
2003-01-04,8519,0.9261517829166109,21,281
2003-01-05,7495,0.8879865860122523,33,294
2003-01-06,11364,0.988397416356556,45,307
2003-01-07,12657,1.0165322926509481,57,320
2003-01-08,12167,1.0219409584285974,68,332
2003-01-09,12081,1.0304588881167458,79,344
2003-01-10,12517,1.0432881812364785,90,356
2003-01-11,8471,0.9138638710437486,101,8
2003-01-12,7297,0.8571744761152451,112,20
2003-01-13,11197,0.9821183746332073,123,32
2003-01-14,12918,1.0240823504733256,134,44
2003-01-15,12140,1.0128178730365336,145,56
2003-01-16,12136,1.0224734409994818,157,69
2003-01-17,12110,1.0092799769599063,169,82
2003-01-18,8431,0.910989928274734,181,95
2003-01-19,7498,0.8890340129119765,194,109
2003-01-20,11045,0.9552918526593933,207,123
2003-01-21,12288,0.9838638589454263,220,137
2003-01-22,12097,1.0017125090127446,233,151
2003-01-23,12185,1.0138208598670497,246,165
2003-01-24,12107,1.0019885087323197,259,179
2003-01-25,8379,0.903081925639333,272,194
2003-01-26,7389,0.8711057571859545,285,208
2003-01-27,11418,0.989788514228742,298,222
2003-01-28,12595,1.0097986980055573,311,235
2003-01-29,12100,1.0114386709694136,324,249
2003-01-30,12289,1.0308904413076845,336,263
2003-01-31,11989,1.006013871601421,349,276
2003-02-01,8667,0.9385932465301201,1,289
2003-02-02,7685,0.8980876283863946,13,302
2003-02-03,11498,0.9943131684044482,25,315
2003-02-04,12566,1.0050499336739827,36,328
2003-02-05,12011,0.9955559453908382,47,340
2003-02-06,12352,1.030523472710227,58,352
2003-02-07,12381,1.020004868320555,69,4
2003-02-08,8573,0.9215486896775974,80,15
2003-02-09,7482,0.8799302029837512,91,27
2003-02-10,11996,1.024652103654889,102,39
2003-02-11,12961,1.0256285820268753,113,51
2003-02-12,12595,1.0232383295610705,124,64
2003-02-13,12340,1.0434466809242473,136,77
2003-02-14,13051,1.0291122347294497,148,90
2003-02-15,8850,0.9420616394693229,161,103
2003-02-16,7669,0.8979039141028833,174,117
2003-02-17,10707,0.9226764225778818,187,132
2003-02-18,12637,1.0032729848778152,201,146
2003-02-19,12626,1.045119164106688,214,161
2003-02-20,12545,1.0343415053857803,228,176
2003-02-21,12689,1.0505439506268224,242,190
2003-02-22,8883,0.9451843517357161,255,204
2003-02-23,7723,0.9029555119868437,268,218
2003-02-24,11874,1.0171717394521225,281,232
2003-02-25,12882,1.0173126513594868,293,246
2003-02-26,12356,1.0158250089015752,306,259
2003-02-27,12657,1.051113165918717,318,273
2003-02-28,12533,1.0328388630746466,330,286
2003-03-01,8587,0.9315656066555784,342,298
2003-03-02,7545,0.8771836049949192,354,311
2003-03-03,12774,1.0813027050780137,5,324
2003-03-04,12871,1.0131471284037428,16,336
2003-03-05,12483,1.0197808511313886,27,348
2003-03-06,12604,1.0425402259628533,38,360
2003-03-07,12503,1.0294299242164693,49,12
2003-03-08,8649,0.92944822745801,60,24
2003-03-09,7387,0.8681761140121902,71,35
2003-03-10,11671,1.0016911797056283,82,47
2003-03-11,12935,1.0276987775553583,93,59
2003-03-12,12520,1.0275740383671963,104,72
2003-03-13,12333,1.0348524643213455,116,84
2003-03-14,12770,1.054722735593724,128,98
2003-03-15,8601,0.9279172909066884,141,111
2003-03-16,7472,0.8775743677109815,154,125
2003-03-17,11990,1.0189835297836813,167,140
2003-03-18,12960,1.0238717660879606,181,155
2003-03-19,12587,1.0383303112641311,195,170
2003-03-20,12755,1.0502120294534911,209,185
2003-03-21,12653,1.0367675504284357,223,200
2003-03-22,8488,0.9162277711169529,237,214
2003-03-23,7420,0.873001977979321,250,229
2003-03-24,11654,1.0073490979142345,263,243
2003-03-25,13054,1.0380392238657428,276,256
2003-03-26,12549,1.036210934164467,288,270
2003-03-27,12601,1.0464173794384282,300,283
2003-03-28,12493,1.0352482660582178,312,295
2003-03-29,8691,0.9421529657628059,323,308
2003-03-30,7493,0.8859988609250011,335,320
2003-03-31,11481,0.9974959090192334,346,333
2003-04-01,12000,0.9930979763230606,357,345
2003-04-02,12994,1.0777542779765983,8,357
2003-04-03,12599,1.0452001589341642,19,8
2003-04-04,12669,1.0486328370878153,30,20
2003-04-05,8440,0.9152508866181959,41,32
2003-04-06,7265,0.8646896765311249,51,44
2003-04-07,11750,1.0211758451891597,62,56
2003-04-08,13020,1.0449321861226846,73,68
2003-04-09,12397,1.0319704885027514,85,80
2003-04-10,12689,1.0668302278114907,97,93
2003-04-11,12397,1.0344096328206294,109,106
2003-04-12,8517,0.9296645805213105,121,120
2003-04-13,7234,0.8732615409391652,134,134
2003-04-14,11800,1.03514193099614,148,148
2003-04-15,13055,1.0481190362573503,162,163
2003-04-16,12947,1.076546497424613,176,178
2003-04-17,12926,1.0811024852640574,190,193
2003-04-18,11680,0.9755356117395393,204,209
2003-04-19,8155,0.8895442416130669,218,223
2003-04-20,7155,0.8532229184430741,232,238
2003-04-21,11465,0.9992765234090474,245,252
2003-04-22,12696,1.0239166822262569,258,266
2003-04-23,12616,1.0531614926545965,270,279
2003-04-24,12530,1.0530016804636373,282,292
2003-04-25,12255,1.0257736126698118,294,305
2003-04-26,8343,0.9107092229760048,305,317
2003-04-27,7453,0.8911343919530783,317,330
2003-04-28,11666,1.0223446603247488,328,342
2003-04-29,12672,1.0301601642343576,339,354
2003-04-30,12306,1.0393291330410475,350,5
2003-05-01,12727,1.060104541445745,360,17
2003-05-02,12549,1.0409431055791856,11,29
2003-05-03,8488,0.9255412152333385,22,41
2003-05-04,7551,0.9008298716082346,33,53
2003-05-05,12001,1.0357095736884319,44,65
2003-05-06,13165,1.0543363216973913,55,77
2003-05-07,12667,1.0500920009201467,67,89
2003-05-08,12902,1.0751627456517787,78,102
2003-05-09,12710,1.0592703212972483,91,115
2003-05-10,8706,0.9430973148646227,103,129
2003-05-11,7576,0.8955869117126195,116,142
2003-05-12,12118,1.0442073396064466,129,157
2003-05-13,12685,1.0272096432476174,143,171
2003-05-14,12833,1.062417477457392,157,186
2003-05-15,13074,1.0736848286040361,171,202
2003-05-16,12840,1.0540245289711352,185,217
2003-05-17,8687,0.9329743265242498,200,232
2003-05-18,7606,0.8910200133242951,213,247
2003-05-19,12035,1.0348226314024827,227,261
2003-05-20,13239,1.0403432000459432,240,275
2003-05-21,13380,1.0845453408097359,252,288
2003-05-22,13393,1.090404216269079,264,301
2003-05-23,13176,1.0636969618136647,276,314
2003-05-24,8769,0.9257180774551894,287,326
2003-05-25,7690,0.9059613215358867,299,339
2003-05-26,7933,0.6955212047776851,310,351
2003-05-27,12390,1.0087331854023331,321,2
2003-05-28,13854,1.150944061009784,331,14
2003-05-29,13497,1.1284913998787416,342,26
2003-05-30,13224,1.1202124256544985,353,38
2003-05-31,8850,0.968152647388939,4,50
2003-06-01,7650,0.8895949844221595,15,62
2003-06-02,12041,1.010160414459892,26,74
2003-06-03,13090,1.0210032880887547,38,86
2003-06-04,12853,1.0435964068004595,49,99
2003-06-05,12850,1.0474795559211973,61,112
2003-06-06,12869,1.0502217834792384,74,125
2003-06-07,8670,0.9248180631039078,86,138
2003-06-08,7606,0.8856409562799129,99,152
2003-06-09,11917,1.0142476570202075,112,166
2003-06-10,13326,1.0416154024441824,125,181
2003-06-11,13154,1.0662062851777863,139,195
2003-06-12,13092,1.0647129236197685,153,210
2003-06-13,12013,0.9916868603685687,167,225
2003-06-14,8696,0.9265514320550269,181,240
2003-06-15,7680,0.8845599216073617,195,255
2003-06-16,12388,1.039355668522919,208,269
2003-06-17,13443,1.042099467292922,221,283
2003-06-18,13082,1.0504476022936609,234,297
2003-06-19,12975,1.051355010382622,246,310
2003-06-20,12693,1.018192846132995,258,323
2003-06-21,8734,0.9186437840733164,269,335
2003-06-22,7742,0.8864283603520271,280,347
2003-06-23,12236,1.0287901717753527,291,359
2003-06-24,13578,1.0484443211518217,302,11
2003-06-25,13468,1.0698329918143592,313,23
2003-06-26,13330,1.063786844225083,324,35
2003-06-27,12862,1.021123689966609,335,46
2003-06-28,8862,0.9157932554962717,346,59
2003-06-29,7723,0.8676595032209804,357,71
2003-06-30,12261,1.002143444455835,9,83
2003-07-01,13930,1.0389104298642668,21,96
2003-07-02,13823,1.0644341363679135,33,109
2003-07-03,13487,1.0731698845457864,45,122
2003-07-04,9504,0.8723917043477274,57,135
2003-07-05,8269,0.9441128731299984,70,149
2003-07-06,7871,0.8910798004358046,83,163
2003-07-07,12630,0.9971717325284155,96,177
2003-07-08,13906,1.015579914700344,109,191
2003-07-09,13508,1.0338895059121327,122,205
2003-07-10,13600,1.0479800413023261,136,220
2003-07-11,13096,1.016941470935847,149,234
2003-07-12,8908,0.9089665731468259,163,249
2003-07-13,7946,0.8916860294075791,176,263
2003-07-14,12281,0.9922883659669295,190,277
2003-07-15,13711,1.0160281214685192,203,291
2003-07-16,13480,1.032828081357346,215,305
2003-07-17,13729,1.0579345776228124,227,318
2003-07-18,13225,1.0245345095920826,239,331
2003-07-19,8926,0.9091776067984942,251,343
2003-07-20,8058,0.8899219890928276,262,355
2003-07-21,12419,1.0007355556057556,273,7
2003-07-22,13775,1.0217889384545775,284,19
2003-07-23,13539,1.040174651632801,294,31
2003-07-24,13569,1.0533495562116586,305,43
2003-07-25,12977,1.0038245537746129,316,55
2003-07-26,8978,0.9130566966188871,328,67
2003-07-27,7830,0.863895672404856,339,79
2003-07-28,12434,0.9990663466592742,351,92
2003-07-29,13825,1.0299801759219158,3,105
2003-07-30,13557,1.045335906835496,15,118
2003-07-31,13445,1.045993019514618,28,132
2003-08-01,13242,1.0240699197069185,41,146
2003-08-02,8882,0.9003057588104643,54,160
2003-08-03,7838,0.8664797521071655,67,174
2003-08-04,12233,0.9914728206702234,80,188
2003-08-05,13735,1.024139932704331,93,202
2003-08-06,13363,1.0319130002109327,106,216
2003-08-07,13539,1.0467368510374147,119,230
2003-08-08,13352,1.023615302399383,133,244
2003-08-09,9226,0.9215722934150095,146,258
2003-08-10,7954,0.870698850360752,159,272
2003-08-11,12282,0.9900042621544066,172,286
2003-08-12,13995,1.0338845916255404,184,300
2003-08-13,13202,1.0222910847702829,197,313
2003-08-14,13391,1.0335716072522658,209,326
2003-08-15,13206,1.0098691724772717,220,339
2003-08-16,9316,0.933253186909122,232,351
2003-08-17,8181,0.8926658594153766,243,3
2003-08-18,12437,0.9976720922129563,254,15
2003-08-19,13831,1.0240828734974372,265,27
2003-08-20,13464,1.0274014293717173,276,39
2003-08-21,13528,1.04403635423555,286,51
2003-08-22,13478,1.0396324203476344,298,63
2003-08-23,9240,0.9317355023558839,309,75
2003-08-24,7936,0.8763105692046452,321,88
2003-08-25,12631,1.0188113498229163,333,101
2003-08-26,14008,1.0410134644365974,345,114
2003-08-27,13854,1.0606083502048846,358,127
2003-08-28,14099,1.0785979096284726,11,141
2003-08-29,13769,1.0531100966491822,24,156
2003-08-30,9344,0.9370168034199077,37,170
2003-08-31,7865,0.861456921115586,50,184
2003-09-01,8164,0.6811498217952868,64,199
2003-09-02,12684,0.9914916632398422,77,213
2003-09-03,14427,1.1441485838707417,90,227
2003-09-04,14161,1.1271816033713482,103,241
2003-09-05,13897,1.1081523658955281,116,255
2003-09-06,9400,0.9682422272576051,129,269
2003-09-07,8188,0.9189435197456627,142,282
2003-09-08,12701,1.0041649027156132,154,296
2003-09-09,13869,0.9889133918957161,166,309
2003-09-10,14180,1.0556749530200586,178,322
2003-09-11,13196,1.010005931621645,190,334
2003-09-12,13848,1.0455512421739206,201,347
2003-09-13,9574,0.9539881460537888,213,359
2003-09-14,8500,0.9104853213041131,224,11
2003-09-15,13068,1.0164496064502846,235,23
2003-09-16,14399,1.030918720071165,246,35
2003-09-17,14018,1.0385026653686267,256,47
2003-09-18,14066,1.0490070658833206,267,59
2003-09-19,13560,1.0080749767404913,278,71
2003-09-20,9688,0.9405633969489487,290,83
2003-09-21,8500,0.9003787786769171,301,96
2003-09-22,12987,1.0119831962525916,313,109
2003-09-23,14376,1.0359737676748022,326,122
2003-09-24,13841,1.0343175491885803,339,136
2003-09-25,13865,1.042234919903613,352,150
2003-09-26,13846,1.0402808883055028,6,165
2003-09-27,9177,0.9048322640831885,19,179
2003-09-28,8206,0.8868261618112462,33,194
2003-09-29,12522,1.0003879806850553,47,209
2003-09-30,13413,0.9953102499237095,60,223
2003-10-01,13398,1.0221017552657323,74,238
2003-10-02,13638,1.0512430309905025,87,252
2003-10-03,13284,1.0284758781062362,99,265
2003-10-04,8983,0.9169884958457913,112,279
2003-10-05,7744,0.8598816705167766,124,292
2003-10-06,12104,0.9919678227064823,136,305
2003-10-07,13523,1.0288764726514967,148,318
2003-10-08,13509,1.06830684266823,160,331
2003-10-09,13285,1.060308167706975,171,343
2003-10-10,13306,1.0503084780747345,183,355
2003-10-11,8721,0.9093833351448329,194,8
2003-10-12,7816,0.8909732325366292,205,19
2003-10-13,11455,0.9749798399483071,215,31
2003-10-14,13274,1.0350115960697703,226,43
2003-10-15,12949,1.0362579591142826,237,55
2003-10-16,12711,1.0246956298496066,248,67
2003-10-17,12676,1.0245886275002514,259,79
2003-10-18,8564,0.9077814590074637,270,91
2003-10-19,7561,0.8754870330908882,282,104
2003-10-20,12073,1.026205901909967,294,117
2003-10-21,13300,1.040069283971653,306,130
2003-10-22,13054,1.059445741320933,319,144
2003-10-23,12817,1.0474103020279895,332,158
2003-10-24,12566,1.0220775612612263,346,173
2003-10-25,8568,0.9091768736251026,360,188
2003-10-26,7818,0.9036169885807869,14,203
2003-10-27,11956,1.01538889547897,28,218
2003-10-28,13426,1.0548974032760337,42,233
2003-10-29,12950,1.0568685009617964,56,247
2003-10-30,12600,1.0409501208829746,69,262
2003-10-31,11005,0.9505116695874495,82,276
2003-11-01,8491,0.9130907587259712,94,289
2003-11-02,7716,0.8887021323451747,107,302
2003-11-03,12443,1.05327413516179,118,315
2003-11-04,13374,1.0447137583321673,130,328
2003-11-05,12998,1.0509773784284153,141,340
2003-11-06,12801,1.043495110083494,153,352
2003-11-07,12535,1.0183956226049076,164,4
2003-11-08,8719,0.9238382747544375,175,16
2003-11-09,7481,0.8650727294816571,185,28
2003-11-10,12117,1.0267849730088692,196,40
2003-11-11,13166,1.0303694860135544,207,52
2003-11-12,12680,1.030022058787621,218,64
2003-11-13,12438,1.0302158834677342,229,75
2003-11-14,12433,1.0170306476591158,240,88
2003-11-15,8309,0.8793370724776575,251,100
2003-11-16,7486,0.862995955633005,263,112
2003-11-17,12006,1.0141289411340848,274,125
2003-11-18,13330,1.0369485261982616,287,138
2003-11-19,12879,1.0378252537599169,299,152
2003-11-20,12988,1.036522578384824,312,166
2003-11-21,13036,1.0393166984041997,326,181
2003-11-22,8623,0.9339806329217134,340,196
2003-11-23,7383,0.9044933999042859,354,211
2003-11-24,13035,1.1976390779695578,8,226
2003-11-25,13732,1.1586001937022148,22,241
2003-11-26,12069,1.0677867424524727,36,256
2003-11-27,7340,0.6516889468768587,50,271
2003-11-28,9407,0.8284481049045357,63,285
2003-11-29,8043,0.8871935109468319,76,299
2003-11-30,7330,0.8573187832207052,88,312
2003-12-01,12213,1.0270399029261617,100,325
2003-12-02,13454,1.0489274780006699,111,337
2003-12-03,13199,1.072638081590392,122,349
2003-12-04,12631,1.0385489369510947,133,1
2003-12-05,12180,1.0001628494029753,144,13
2003-12-06,8247,0.8891629110925083,155,25
2003-12-07,7383,0.8690480377601619,166,37
2003-12-08,11708,1.0047882330663085,177,49
2003-12-09,13001,1.033076850977785,187,61
2003-12-10,12739,1.046378458651015,198,72
2003-12-11,12502,1.0309558292173622,209,85
2003-12-12,12484,1.014406597039053,221,97
2003-12-13,8303,0.8889581913352165,232,109
2003-12-14,7462,0.8659347592175586,244,122
2003-12-15,12319,1.032320899222643,255,135
2003-12-16,13649,1.0469183373865327,268,148
2003-12-17,13454,1.0578589200900406,280,161
2003-12-18,13865,1.086776447873721,293,175
2003-12-19,13693,1.0591746832491493,306,189
2003-12-20,8953,0.9043305646502952,320,204
2003-12-21,7657,0.8455141697508126,334,219
2003-12-22,13249,1.1125703299474472,348,234
2003-12-23,12939,1.0750243598463765,2,249
2003-12-24,9272,0.9152900364842845,16,264
2003-12-25,6744,0.7707276882378212,30,279
2003-12-26,10431,1.023162135626257,43,293
2003-12-27,8785,0.937195702660592,56,307
2003-12-28,7763,0.8440064805597548,68,320
2003-12-29,13125,1.0396930283747903,80,333
2003-12-30,14700,1.074610843863222,91,346
2003-12-31,12540,1.0229435817880241,103,358
2004-01-01,8205,0.8716088211882647,114,10
2004-01-02,10586,0.9993335339937875,124,22
2004-01-03,8337,0.9189822903358088,135,34
2004-01-04,7359,0.8687958675300792,146,45
2004-01-05,11489,0.9999863928146635,157,57
2004-01-06,12755,1.0262939095345516,168,69
2004-01-07,12716,1.0405703678114167,179,81
2004-01-08,12781,1.0781005803618708,190,94
2004-01-09,12469,1.063191615386415,202,106
2004-01-10,8337,0.9015516369549869,213,119
2004-01-11,7316,0.8570889932394584,225,132
2004-01-12,11813,1.0194411997857962,237,145
2004-01-13,12639,1.025571123857789,249,158
2004-01-14,12965,1.0472314056341638,262,171
2004-01-15,12837,1.0755444375597127,274,185
2004-01-16,12424,1.0463814781914633,287,199
2004-01-17,8442,0.9128294259006398,301,213
2004-01-18,7512,0.8814454903891851,314,228
2004-01-19,11152,0.9714105015414717,328,243
2004-01-20,12810,1.0249682097405255,342,257
2004-01-21,12753,1.0403912720503257,355,272
2004-01-22,12675,1.0540604831688407,9,287
2004-01-23,12643,1.0515694487052858,22,301
2004-01-24,8632,0.9268605540951467,35,315
2004-01-25,7556,0.8843665424559309,47,328
2004-01-26,11611,1.0056154459492441,59,341
2004-01-27,12892,1.0338643978851667,71,354
2004-01-28,12373,1.010746353310187,82,6
2004-01-29,12313,1.0336421502682336,93,18
2004-01-30,12375,1.0377513546077648,104,30
2004-01-31,8310,0.9046879424499571,115,42
2004-02-01,7270,0.8549651924954128,126,54
2004-02-02,11686,1.0032699785278067,136,66
2004-02-03,13211,1.0568844097497494,148,78
2004-02-04,12580,1.0251838608394395,159,90
2004-02-05,12572,1.0465091336071757,170,102
2004-02-06,12371,1.031757287536515,182,115
2004-02-07,8533,0.9120634161751074,194,128
2004-02-08,7440,0.8684879407036263,206,141
2004-02-09,11654,1.0068913908005246,219,155
2004-02-10,13139,1.0382291154467287,231,168
2004-02-11,12966,1.0454136284655755,244,182
2004-02-12,12957,1.0571466414978918,257,196
2004-02-13,11749,0.9931346600546429,270,210
2004-02-14,8944,0.9150135212196351,283,224
2004-02-15,7603,0.8788736306532214,296,238
2004-02-16,11280,0.9702358539372827,309,252
2004-02-17,12790,1.0196311084961187,323,267
2004-02-18,12954,1.0478751974686191,336,281
2004-02-19,12709,1.0564855307788277,349,295
2004-02-20,12720,1.0484133214947005,2,309
2004-02-21,8481,0.910983815884625,15,323
2004-02-22,7552,0.8726181399224094,27,336
2004-02-23,11565,0.9933517210144898,39,349
2004-02-24,13009,1.030936858056077,50,2
2004-02-25,12800,1.0299393611835213,62,14
2004-02-26,12621,1.0420460583772992,73,26
2004-02-27,12403,1.029668845037131,84,38
2004-02-28,8488,0.9075272443817559,94,50
2004-02-29,7301,0.8601213468179294,105,62
2004-03-01,12017,1.0263711020863406,116,73
2004-03-02,12943,1.0135524809597887,127,86
2004-03-03,12696,1.0182576390702824,139,98
2004-03-04,12611,1.0346406927982523,150,111
2004-03-05,12407,1.025896012016539,162,124
2004-03-06,8532,0.9114024118630318,175,137
2004-03-07,7304,0.8523647199927358,187,151
2004-03-08,11816,1.0202046745184166,200,164
2004-03-09,12988,1.0312381540072908,213,178
2004-03-10,12777,1.0343293236886129,226,192
2004-03-11,12797,1.0547975485702368,239,207
2004-03-12,12519,1.0501019838561414,252,221
2004-03-13,8398,0.8999120149816392,266,235
2004-03-14,7401,0.8670739102262119,279,249
2004-03-15,11903,1.0270240012287022,292,263
2004-03-16,12873,1.0120889022971926,305,277
2004-03-17,12979,1.0447498891504376,318,291
2004-03-18,12710,1.052957877525517,330,305
2004-03-19,12480,1.0272194730456732,343,318
2004-03-20,8329,0.8854367009754783,355,331
2004-03-21,7548,0.8847801415260531,7,344
2004-03-22,11842,1.023560392113773,19,357
2004-03-23,12978,1.0377761131262675,30,10
2004-03-24,12765,1.0342404292937832,42,22
2004-03-25,12835,1.0643563899079702,53,34
2004-03-26,12372,1.0270509215617876,63,46
2004-03-27,8602,0.9248131139484025,74,58
2004-03-28,7549,0.8886822168427421,85,69
2004-03-29,11788,1.023987490085419,96,81
2004-03-30,13078,1.0511474752812677,107,93
2004-03-31,12542,1.0575677114597113,119,106
2004-04-01,12138,1.0110582412989366,130,119
2004-04-02,12776,1.059523093555874,143,132
2004-04-03,8479,0.9105473226857729,155,145
2004-04-04,7559,0.8901587223338513,168,159
2004-04-05,12013,1.0503964015335978,181,173
2004-04-06,13122,1.05500280065523,194,188
2004-04-07,12929,1.0572375836095806,208,202
2004-04-08,12836,1.0730810671652196,222,217
2004-04-09,11695,0.9829247578138784,235,231
2004-04-10,8148,0.8820714079153966,249,246
2004-04-11,6969,0.8260674257199953,262,260
2004-04-12,11751,1.0421200427473678,275,274
2004-04-13,12613,1.0235927514416987,288,288
2004-04-14,12732,1.0415038945200588,300,301
2004-04-15,12785,1.0676195652297367,313,315
2004-04-16,12482,1.0436119062579174,325,328
2004-04-17,8584,0.9301794989580008,337,341
2004-04-18,7447,0.8821254171844795,348,353
2004-04-19,11792,1.0330407130413943,360,6
2004-04-20,13128,1.0585249660271208,11,18
2004-04-21,12787,1.0507439688304459,22,30
2004-04-22,12866,1.0786212833467868,33,42
2004-04-23,12442,1.0452503535002873,44,54
2004-04-24,8595,0.9333850871817724,55,66
2004-04-25,7507,0.8898756062053754,66,77
2004-04-26,12020,1.0558291404670692,77,89
2004-04-27,13147,1.0658422608192175,88,102
2004-04-28,12756,1.0565854695825783,99,114
2004-04-29,12617,1.0701494699888174,111,127
2004-04-30,12364,1.0295176110603987,123,140
2004-05-01,8259,0.8888369682401898,136,153
2004-05-02,7433,0.8801565386640421,149,167
2004-05-03,11839,1.037601096735805,162,181
2004-05-04,12824,1.0238467983235666,176,196
2004-05-05,12852,1.048720016286575,189,211
2004-05-06,12707,1.0579100844883258,204,226
2004-05-07,12582,1.048139248414583,217,241
2004-05-08,8599,0.92979235762696,231,256
2004-05-09,7380,0.868159660139295,245,270
2004-05-10,12243,1.0632434462066493,258,284
2004-05-11,13229,1.054565895036707,271,298
2004-05-12,12989,1.0717040419889228,283,312
2004-05-13,12373,1.02871286848188,296,325
2004-05-14,12688,1.0416303816319132,308,338
2004-05-15,8498,0.9050637907391561,319,350
2004-05-16,7614,0.8880105771585117,331,3
2004-05-17,12172,1.0475389362419345,342,15
2004-05-18,13294,1.0574659938295938,353,27
2004-05-19,12576,1.0069189517161936,4,39
2004-05-20,13036,1.0611776603605352,15,51
2004-05-21,12625,1.0275268352727558,26,62
2004-05-22,8614,0.9022273113450556,36,74
2004-05-23,7628,0.8744696753920644,47,86
2004-05-24,12341,1.068097164069624,58,98
2004-05-25,13451,1.090984061157597,69,110
2004-05-26,12891,1.0693555952861538,81,122
2004-05-27,13470,1.1238252255343275,92,135
2004-05-28,12941,1.081635607553951,104,148
2004-05-29,8720,0.9583646795848761,117,161
2004-05-30,7511,0.8922852694204458,130,175
2004-05-31,7869,0.6722449194109892,143,190
2004-06-01,12440,0.9654706631969149,157,204
2004-06-02,13785,1.0955313254531598,171,219
2004-06-03,13644,1.1125561165896742,185,234
2004-06-04,13059,1.0641540015390378,199,250
2004-06-05,8706,0.921789280663151,213,265
2004-06-06,7451,0.8630921452141583,227,280
2004-06-07,12173,1.0413005216817333,241,294
2004-06-08,13339,1.0502465378764134,254,308
2004-06-09,12806,1.0198859697958322,266,321
2004-06-10,13141,1.069704846626465,279,335
2004-06-11,12691,1.0317500673844353,290,347
2004-06-12,8581,0.9190470667992734,302,360
2004-06-13,7649,0.885034205917153,313,12
2004-06-14,12200,1.032292950520098,324,24
2004-06-15,13317,1.033618572423455,335,36
2004-06-16,13141,1.0379392283246625,346,48
2004-06-17,13165,1.061630189837897,357,59
2004-06-18,12785,1.0356067856013402,8,71
2004-06-19,8492,0.8837969861397107,18,83
2004-06-20,7629,0.8713787460644702,29,95
2004-06-21,12093,1.017188920630893,41,107
2004-06-22,13237,1.029598306308314,52,119
2004-06-23,13096,1.030335750949418,63,132
2004-06-24,13267,1.0583705713169773,75,144
2004-06-25,13074,1.0430018510035737,87,157
2004-06-26,8786,0.9049775694558777,99,170
2004-06-27,7715,0.8657789454978342,112,184
2004-06-28,12383,1.0220361534172713,125,198
2004-06-29,13587,1.0273501414802775,139,213
2004-06-30,13444,1.0216121027933087,153,228
2004-07-01,13887,1.0739327061210941,167,243
2004-07-02,13271,1.0556231393439617,181,258
2004-07-03,8900,1.0599170433889853,195,273
2004-07-04,7820,0.9695787200354317,209,288
2004-07-05,8978,0.7466952358812484,223,303
2004-07-06,13221,0.9656546267757941,236,317
2004-07-07,14496,1.078674952027373,249,330
2004-07-08,14056,1.0804308372429487,261,344
2004-07-09,13874,1.0687298172155073,273,356
2004-07-10,9040,0.9107569452486929,284,9
2004-07-11,7862,0.8711764730205019,295,21
2004-07-12,12621,1.0404812566555248,306,33
2004-07-13,13214,0.9877098455436497,317,45
2004-07-14,13610,1.0276027514399557,328,56
2004-07-15,13601,1.046552774050936,339,68
2004-07-16,13411,1.0330782119472848,350,80
2004-07-17,9067,0.9113208275854966,1,92
2004-07-18,7797,0.8624318302036531,12,104
2004-07-19,12286,0.9968097532081125,23,116
2004-07-20,13804,1.0290312554554009,35,129
2004-07-21,13370,1.0104888649958945,46,141
2004-07-22,13574,1.04732065854248,58,154
2004-07-23,12974,1.0068173723438767,70,167
2004-07-24,9046,0.9078557794092151,82,180
2004-07-25,7549,0.8337060730343634,95,194
2004-07-26,12266,0.9942133480934092,108,208
2004-07-27,13454,1.000059414550421,121,222
2004-07-28,13258,1.0064038192372269,135,237
2004-07-29,13281,1.028431088659689,149,252
2004-07-30,12934,1.0058957405211806,163,267
2004-07-31,8858,0.8887681269552907,177,282
2004-08-01,7837,0.8626497499355102,191,296
2004-08-02,12428,1.009326083975409,204,311
2004-08-03,13249,0.9933947259472324,218,325
2004-08-04,13498,1.0254880311244257,230,339
2004-08-05,13234,1.0263190570784875,243,352
2004-08-06,12935,0.9996995386418672,254,5
2004-08-07,8860,0.8812536674039078,266,17
2004-08-08,7773,0.8431600512718742,277,29
2004-08-09,12310,0.9899597336632467,288,41
2004-08-10,13571,1.011977214232635,299,53
2004-08-11,13405,1.009012424708852,310,65
2004-08-12,13448,1.0457905011427242,321,77
2004-08-13,12275,0.9471116835511824,332,89
2004-08-14,8884,0.8814123703480329,343,101
2004-08-15,7885,0.857782326977446,354,113
2004-08-16,12328,0.9882168417340956,6,126
2004-08-17,13551,1.005621261921127,17,138
2004-08-18,13274,1.0014144891379846,29,151
2004-08-19,13088,1.0029782063871167,41,164
2004-08-20,13228,1.0205360389901434,53,177
2004-08-21,8944,0.8950822032517807,66,191
2004-08-22,7950,0.8705489500825161,79,204
2004-08-23,12285,0.9965719158643257,91,218
2004-08-24,13556,1.0115294039917366,105,232
2004-08-25,13116,0.9931438491880472,118,247
2004-08-26,13196,1.0145520039029812,132,261
2004-08-27,12971,0.9919661577872703,145,276
2004-08-28,9049,0.8979429277946173,159,291
2004-08-29,7783,0.8475532128344614,172,305
2004-08-30,12342,0.9931102687464956,186,319
2004-08-31,13582,1.0483210095785662,199,333
2004-09-01,13418,1.0686885508058663,211,347
2004-09-02,13539,1.0783137206092923,224,360
2004-09-03,13245,1.05391130902492,235,13
2004-09-04,8881,0.91879169302581,247,25
2004-09-05,7875,0.880870615578379,258,37
2004-09-06,8281,0.6827643913841389,269,49
2004-09-07,12884,0.9423424390637181,280,61
2004-09-08,14492,1.0528632597076149,291,73
2004-09-09,14526,1.086055886858803,302,85
2004-09-10,14081,1.0773758808040892,313,97
2004-09-11,9253,0.9063952043949981,324,109
2004-09-12,8281,0.8960613279807752,336,122
2004-09-13,12644,0.9949828677506651,347,134
2004-09-14,14172,1.0197619003977545,359,147
2004-09-15,13641,0.9951048403548384,11,161
2004-09-16,13432,0.999342575824845,24,174
2004-09-17,13577,1.0121939828813733,36,187
2004-09-18,9387,0.905392165683165,49,201
2004-09-19,8251,0.8698931788296416,62,215
2004-09-20,12963,1.008762521561319,75,229
2004-09-21,13932,1.0043124319935468,88,243
2004-09-22,13749,1.0095139905551367,102,257
2004-09-23,13969,1.0483441824445368,115,272
2004-09-24,13722,1.031134443210067,128,286
2004-09-25,9142,0.8911365958257834,141,300
2004-09-26,8143,0.8718809241605989,154,314
2004-09-27,12674,1.0062312005809015,167,328
2004-09-28,13882,1.0259772197505859,180,342
2004-09-29,13416,1.0143460379520342,192,355
2004-09-30,13443,1.0299176639084,204,8
2004-10-01,13256,1.0214499038115308,216,21
2004-10-02,8886,0.8925824051017481,227,33
2004-10-03,7719,0.8556751569572819,239,45
2004-10-04,12591,1.0270951157233894,250,57
2004-10-05,13707,1.0392068357485542,260,69
2004-10-06,13317,1.032350383960733,271,81
2004-10-07,13383,1.06286580222601,282,93
2004-10-08,13122,1.0469422209940957,293,105
2004-10-09,8716,0.8926132783313242,305,117
2004-10-10,7709,0.8729394993666802,316,130
2004-10-11,11758,0.9846698827320998,328,143
2004-10-12,13405,1.0555000852820118,340,156
2004-10-13,13069,1.0382843210279544,353,169
2004-10-14,13259,1.0656008699687831,5,183
2004-10-15,13111,1.056581775598683,18,197
2004-10-16,8802,0.9230504412405551,32,211
2004-10-17,7661,0.8818515988996997,45,226
2004-10-18,12252,1.0422083803906717,58,240
2004-10-19,13271,1.0435514570909858,72,254
2004-10-20,12967,1.0331911469132313,85,269
2004-10-21,12959,1.0562306078707187,98,283
2004-10-22,12887,1.0527722241641326,111,297
2004-10-23,8627,0.9103813788334797,124,310
2004-10-24,7699,0.8871736549131907,137,324
2004-10-25,12341,1.0478911352068578,149,337
2004-10-26,13464,1.0578193776762181,161,351
2004-10-27,13178,1.0549785249377603,173,4
2004-10-28,13287,1.0890059894189141,185,16
2004-10-29,12473,1.0301072172971826,196,29
2004-10-30,8616,0.9654946374977519,208,41
2004-10-31,7556,0.8823734874483115,219,53
2004-11-01,12173,1.0300035418172142,230,65
2004-11-02,13212,1.034607912857002,241,77
2004-11-03,13004,1.0350074878722644,251,89
2004-11-04,13075,1.061721667705126,262,101
2004-11-05,12900,1.051207289499426,273,113
2004-11-06,8789,0.9264210608054999,285,125
2004-11-07,7734,0.889895142035534,296,138
2004-11-08,12420,1.0550952199240626,308,150
2004-11-09,13351,1.0466201805546695,320,164
2004-11-10,13017,1.03795990699912,333,177
2004-11-11,12976,1.0585716439536121,346,191
2004-11-12,12783,1.0584311447236996,359,206
2004-11-13,8626,0.9154704488540522,13,220
2004-11-14,7503,0.8622773242908192,27,235
2004-11-15,12293,1.041103513449665,40,250
2004-11-16,13528,1.0571079636254939,54,265
2004-11-17,13124,1.040216663575143,68,279
2004-11-18,13348,1.0802155792290378,81,293
2004-11-19,13063,1.0421531520326155,94,307
2004-11-20,8694,0.8992904025406664,106,321
2004-11-21,7742,0.9106218071060191,119,334
2004-11-22,13463,1.211689856765983,131,347
2004-11-23,14238,1.2101935211049353,143,360
2004-11-24,12430,1.0685662823223776,154,13
2004-11-25,7614,0.6765162876008717,165,25
2004-11-26,9370,0.8316412430786255,177,37
2004-11-27,8118,0.9275556629199024,188,50
2004-11-28,7540,0.9031856494381977,199,62
2004-11-29,12315,1.0581564250051627,210,73
2004-11-30,13916,1.0826056579843502,221,85
2004-12-01,13385,1.0632685059693365,231,97
2004-12-02,12989,1.0600834317848025,242,109
2004-12-03,12604,1.0359761509845773,253,121
2004-12-04,8616,0.9179222356297836,264,133
2004-12-05,7606,0.8905269361004289,276,146
2004-12-06,12054,1.04236349852014,288,158
2004-12-07,13372,1.0616444821088629,300,171
2004-12-08,13179,1.0670109231078158,312,185
2004-12-09,12872,1.061821784956515,325,199
2004-12-10,12719,1.0484933108962544,339,214
2004-12-11,8550,0.901366035010062,353,228
2004-12-12,7649,0.8893165076070265,7,244
2004-12-13,11809,1.006746535163297,21,259
2004-12-14,13360,1.035706340155944,35,274
2004-12-15,13380,1.045679567641612,49,289
2004-12-16,13418,1.059537333780313,62,303
2004-12-17,13090,1.0256805580564625,75,317
2004-12-18,8623,0.8653745901958697,88,331
2004-12-19,7552,0.8283731256403671,100,344
2004-12-20,13587,1.102206356660449,112,357
2004-12-21,14390,1.117882300658799,124,10
2004-12-22,13006,1.101011557405976,135,22
2004-12-23,11043,1.0947741430081028,146,34
2004-12-24,7813,0.8925927535302987,157,46
2004-12-25,6259,0.7965265114106174,168,58
2004-12-26,7087,0.8210249408574328,179,70
2004-12-27,12276,0.9805058016394848,190,82
2004-12-28,13965,1.0233817596801897,201,94
2004-12-29,13642,1.0161140694104873,212,106
2004-12-30,13314,1.0907239397592106,223,118
2004-12-31,10130,0.8507371377917247,234,130
2005-01-01,7317,1.0053075814882577,245,142
2005-01-02,6871,0.9113278721824155,256,154
2005-01-03,11153,0.9780600036177163,268,167
2005-01-04,12644,1.0116852187662029,280,180
2005-01-05,12671,1.0366643618178586,292,193
2005-01-06,12733,1.0454389575934568,305,207
2005-01-07,12581,1.0307049142431077,318,222
2005-01-08,8376,0.9138059570738638,332,236
2005-01-09,7169,0.8588446834319504,346,252
2005-01-10,11803,1.0154292478100715,360,267
2005-01-11,12949,1.028135668214113,15,282
2005-01-12,12842,1.0417177390012022,29,297
2005-01-13,12357,1.0231581526621274,43,312
2005-01-14,12562,1.0158443631001,56,326
2005-01-15,8502,0.9213163729899695,69,340
2005-01-16,7192,0.851048700295763,81,354
2005-01-17,11059,0.9513418418387786,93,7
2005-01-18,12677,1.0081341936607335,104,19
2005-01-19,12726,1.0419751679632745,116,31
2005-01-20,12847,1.0489134201852062,127,43
2005-01-21,12579,1.0273743219739173,138,55
2005-01-22,8255,0.88788662260876,149,67
2005-01-23,7376,0.8619555359153739,159,79
2005-01-24,11716,1.0008264799151843,170,91
2005-01-25,13295,1.0546070502409095,181,103
2005-01-26,12733,1.0365934640592236,192,115
2005-01-27,12680,1.0376220423347917,203,127
2005-01-28,12578,1.0286722157563246,214,139
2005-01-29,8303,0.901496905984172,226,151
2005-01-30,7402,0.8721141143999275,237,164
2005-01-31,11530,0.9986275477443054,249,176
2005-02-01,13263,1.0571041232574439,261,189
2005-02-02,12966,1.0463413030016548,273,203
2005-02-03,12638,1.0316842537015989,286,216
2005-02-04,12671,1.033785079156461,299,230
2005-02-05,8539,0.9193238677026542,312,245
2005-02-06,7432,0.8708724909057709,326,260
2005-02-07,11867,1.0091150639240645,340,275
2005-02-08,12927,1.0227054722676092,354,290
2005-02-09,12469,1.0126390141697408,8,305
2005-02-10,12865,1.0373309450594521,22,320
2005-02-11,12517,1.0103704629484433,36,335
2005-02-12,8462,0.8929490259237841,49,349
2005-02-13,7395,0.8782568515305198,61,2
2005-02-14,12386,1.0080991611313599,73,15
2005-02-15,13378,1.0480804242791284,85,28
2005-02-16,13029,1.0534034119242013,96,40
2005-02-17,12718,1.0345893543159193,107,52
2005-02-18,12589,1.0195185944261955,118,64
2005-02-19,8318,0.8943220961361347,129,76
2005-02-20,7342,0.8502290363714883,140,88
2005-02-21,11087,0.9474452054884938,151,100
2005-02-22,12699,0.9944747317299996,162,112
2005-02-23,12685,1.024149364408315,173,124
2005-02-24,12733,1.0296640364251815,184,136
2005-02-25,12495,1.006551953171907,195,148
2005-02-26,8293,0.8855797659273507,207,161
2005-02-27,7449,0.8688502613151656,218,173
2005-02-28,11678,0.9933429827557623,230,186
2005-03-01,13042,1.0413184128112096,242,200
2005-03-02,12765,1.0248129166416986,255,213
2005-03-03,13018,1.0402367892787403,267,227
2005-03-04,12772,1.0255289440820414,280,241
2005-03-05,8499,0.9018425669598992,294,255
2005-03-06,7382,0.857603872352084,307,269
2005-03-07,11801,1.0028929852071413,321,284
2005-03-08,12969,1.0257302543378441,335,299
2005-03-09,12700,1.03070875393711,349,314
2005-03-10,12920,1.0467810657478327,2,328
2005-03-11,12777,1.0355166505363735,15,342
2005-03-12,8511,0.9073281885317954,28,356
2005-03-13,7239,0.8531326229521465,41,10
2005-03-14,12086,1.0303463248879223,53,23
2005-03-15,13144,1.0436508688159538,65,36
2005-03-16,12718,1.031474264975928,76,48
2005-03-17,13118,1.0524056526764303,87,60
2005-03-18,12690,1.0226593010575755,98,72
2005-03-19,8557,0.9168744078448966,109,84
2005-03-20,7454,0.8620137234283434,120,96
2005-03-21,12108,1.0240319950849066,131,108
2005-03-22,13386,1.063448026730706,142,120
2005-03-23,12910,1.0488903125648015,153,132
2005-03-24,12912,1.053576486864888,164,144
2005-03-25,12111,0.9823787167081893,176,157
2005-03-26,7980,0.8558880472922438,188,170
2005-03-27,6923,0.8074628122614482,200,183
2005-03-28,11820,1.0109937581998019,212,196
2005-03-29,13028,1.0394336882097386,225,210
2005-03-30,12947,1.0571560233065294,238,223
2005-03-31,12834,1.0525942795425225,250,237
2005-04-01,11760,0.992766142393437,263,251
2005-04-02,8574,0.9237094587160135,277,266
2005-04-03,7065,0.8231970838529707,290,280
2005-04-04,12457,1.0642601662513174,303,294
2005-04-05,13274,1.059416892893161,317,309
2005-04-06,13200,1.084903464880735,330,323
2005-04-07,12996,1.0662030825217776,343,337
2005-04-08,12747,1.0435515151528094,356,351
2005-04-09,8355,0.9033834905810025,9,4
2005-04-10,7443,0.8789095838201428,21,18
2005-04-11,12143,1.0458157450668055,33,31
2005-04-12,13146,1.0560892804109319,45,43
2005-04-13,12452,1.0380002334231742,56,56
2005-04-14,12976,1.0745491746321674,67,68
2005-04-15,13063,1.0698070224140999,78,80
2005-04-16,8291,0.8954587367207267,89,92
2005-04-17,7214,0.8474364072204532,100,104
2005-04-18,12023,1.0364929635535454,111,116
2005-04-19,13197,1.0594639231671628,122,128
2005-04-20,13120,1.0803866749155797,134,140
2005-04-21,12978,1.0677927293185865,145,153
2005-04-22,12543,1.0318769520276456,157,165
2005-04-23,8244,0.893894556946475,169,179
2005-04-24,7267,0.8577513680677522,181,192
2005-04-25,12002,1.0369195333585506,194,206
2005-04-26,13157,1.0570164220308615,207,220
2005-04-27,12929,1.0675040436591525,220,234
2005-04-28,12822,1.0607149689416147,234,248
2005-04-29,12342,1.0234671660574275,247,262
2005-04-30,8280,0.9083255817756465,260,277
2005-05-01,7230,0.8458419377628335,274,291
2005-05-02,11980,1.02571786047248,287,305
2005-05-03,13079,1.0496204913653187,300,319
2005-05-04,12841,1.057863577074555,313,333
2005-05-05,14357,1.1696389428434133,325,346
2005-05-06,12496,1.020841004178001,338,360
2005-05-07,8204,0.8833936030269741,350,13
2005-05-08,7349,0.8601489894502072,2,26
2005-05-09,12155,1.0456093134636057,14,39
2005-05-10,13299,1.0602888644120887,26,52
2005-05-11,12762,1.0417872117324696,37,64
2005-05-12,13251,1.0778839657321904,48,76
2005-05-13,11803,0.9749667574479138,59,88
2005-05-14,8610,0.9258597030338751,70,100
2005-05-15,7515,0.8668133406955217,81,112
2005-05-16,12307,1.0427762244635004,92,124
2005-05-17,13659,1.079657846315803,103,136
2005-05-18,13378,1.0822182143596966,114,148
2005-05-19,13114,1.064443384188898,126,161
2005-05-20,13007,1.0426231791749567,138,173
2005-05-21,8490,0.8938698902312892,150,187
2005-05-22,7386,0.8445925038397131,163,200
2005-05-23,12445,1.0370088423163968,176,214
2005-05-24,13740,1.0675366063356375,189,229
2005-05-25,13793,1.1221077520017033,203,243
2005-05-26,13654,1.130057087883434,217,258
2005-05-27,13378,1.1110279346928882,230,273
2005-05-28,8688,0.9375055854814528,244,287
2005-05-29,7270,0.8537361723196688,257,302
2005-05-30,7886,0.6895210733961494,271,316
2005-05-31,12610,1.0152734329374742,283,330
2005-06-01,14054,1.1285566115135348,296,343
2005-06-02,13666,1.0822728650638558,308,357
2005-06-03,13483,1.0727605975182377,321,10
2005-06-04,8686,0.9160578722959519,332,23
2005-06-05,7791,0.8919980357810862,344,35
2005-06-06,12363,1.0413897923053967,356,48
2005-06-07,13481,1.0583435894334547,7,60
2005-06-08,13138,1.0563872194041315,18,72
2005-06-09,13422,1.0783552883715493,29,84
2005-06-10,13230,1.054863373710109,40,96
2005-06-11,8621,0.907645093981112,51,108
2005-06-12,7487,0.855190027882747,62,120
2005-06-13,11843,1.009108901404962,73,132
2005-06-14,13815,1.0833486801104544,84,144
2005-06-15,13261,1.0547142720246259,96,156
2005-06-16,13033,1.0322263750391032,107,169
2005-06-17,12821,1.0138265499240762,119,181
2005-06-18,8573,0.8941452868759571,131,195
2005-06-19,7522,0.8560588418091045,144,208
2005-06-20,12332,1.0210629159234825,157,223
2005-06-21,13439,1.040323181226482,171,237
2005-06-22,13342,1.0548820961622478,185,252
2005-06-23,13458,1.068157825607804,199,267
2005-06-24,13032,1.026477474591673,213,282
2005-06-25,8737,0.9014678306472753,227,297
2005-06-26,7603,0.8521925282775427,241,312
2005-06-27,12488,1.0233306044958586,254,326
2005-06-28,13813,1.0505605190691933,267,340
2005-06-29,14039,1.089160735902736,280,354
2005-06-30,14003,1.0804200884010506,292,7
2005-07-01,13759,1.0467492185199967,304,20
2005-07-02,8862,0.8863867393493909,315,32
2005-07-03,7668,0.8569657984908957,327,45
2005-07-04,7733,0.7326665018574151,338,57
2005-07-05,12847,1.0795431854128645,349,69
2005-07-06,14562,1.1384139866427165,360,81
2005-07-07,14627,1.0901579691152783,11,93
2005-07-08,14136,1.0530941480599951,22,105
2005-07-09,9189,0.91353742832009,33,117
2005-07-10,7829,0.8473223504297587,44,129
2005-07-11,12626,1.0119901905113067,55,140
2005-07-12,13884,1.0426767219432602,66,152
2005-07-13,13431,1.0407927548744105,77,165
2005-07-14,14038,1.0707226023149363,89,177
2005-07-15,13685,1.0344516202621092,101,190
2005-07-16,9036,0.8992685104692301,113,203
2005-07-17,7793,0.8434373889109824,126,217
2005-07-18,12698,1.0153586182074206,139,231
2005-07-19,13791,1.0338439131386241,153,246
2005-07-20,13603,1.0374134697121364,167,261
2005-07-21,13870,1.055058956333297,181,276
2005-07-22,13390,1.013162136545523,195,291
2005-07-23,8916,0.8897433614215355,210,306
2005-07-24,7762,0.8463043604139828,224,321
2005-07-25,12651,1.0100935350275613,237,336
2005-07-26,13671,1.023259527531867,250,350
2005-07-27,13528,1.0306842524778903,263,3
2005-07-28,13621,1.033142016873518,275,16
2005-07-29,13260,1.0077110824743842,287,29
2005-07-30,8987,0.9000819089747096,298,42
2005-07-31,7743,0.8460684586544069,310,54
2005-08-01,12415,0.9910052973279906,321,66
2005-08-02,13730,1.0242763973021465,332,78
2005-08-03,13350,1.0191237784765057,343,90
2005-08-04,13511,1.0337199450793282,354,102
2005-08-05,13413,1.0202000627280043,5,114
2005-08-06,8820,0.8846728905336563,15,126
2005-08-07,7662,0.8319961936146244,26,138
2005-08-08,12553,0.9933246223061691,37,149
2005-08-09,13893,1.0213612187978458,48,162
2005-08-10,13593,1.0275198273928325,60,174
2005-08-11,14011,1.0661165091342584,71,186
2005-08-12,13610,1.0256190293240244,83,199
2005-08-13,9049,0.9101447155564033,95,212
2005-08-14,7867,0.8528349239452749,108,226
2005-08-15,12740,1.0055796502840733,121,240
2005-08-16,13998,1.0320562297536986,135,254
2005-08-17,13801,1.039885680939756,148,269
2005-08-18,14009,1.0608326774766086,163,284
2005-08-19,13365,1.0094371171520937,177,300
2005-08-20,9118,0.9037340991955584,191,315
2005-08-21,7776,0.8428815444049308,205,330
2005-08-22,12487,0.9941815514957314,219,344
2005-08-23,13739,1.019631314748942,232,359
2005-08-24,13569,1.034657815735983,245,12
2005-08-25,13824,1.0525853682732926,257,25
2005-08-26,13327,1.0102791639451678,269,38
2005-08-27,8952,0.8901740933096786,280,51
2005-08-28,7743,0.8319721505185963,292,63
2005-08-29,12711,1.0034698338061137,303,75
2005-08-30,13933,1.0283159099482628,314,87
2005-08-31,13898,1.0511862091222655,325,99
2005-09-01,14160,1.115245472615231,336,111
2005-09-02,13904,1.1086676553359112,346,123
2005-09-03,9128,0.9402796687764247,357,135
2005-09-04,7931,0.886658098410488,8,147
2005-09-05,8116,0.6679957276089536,20,159
2005-09-06,13124,0.9949236538685508,31,171
2005-09-07,14744,1.142664716685057,42,183
2005-09-08,14740,1.1001000127171396,54,196
2005-09-09,14505,1.0550174136517168,66,209
2005-09-10,9565,0.924940891058213,78,222
2005-09-11,8041,0.8644103246481756,91,236
2005-09-12,13189,1.0278349039248538,104,250
2005-09-13,13951,1.0231098424226472,117,264
2005-09-14,14160,1.047393286462185,131,278
2005-09-15,14263,1.047261583518891,144,293
2005-09-16,14189,1.0362693848474496,158,308
2005-09-17,9459,0.9102104221410735,172,323
2005-09-18,8262,0.8654087002948542,186,338
2005-09-19,13460,1.0328361515110858,200,353
2005-09-20,14590,1.0425012975545982,213,7
2005-09-21,14203,1.0389123797992397,226,20
2005-09-22,13973,1.0278309333369267,238,34
2005-09-23,13776,1.0126575696650222,250,47
2005-09-24,9207,0.8936749538163872,262,59
2005-09-25,8028,0.847581318494898,273,72
2005-09-26,12952,1.0044223184952723,284,84
2005-09-27,13955,1.0126620990430892,295,96
2005-09-28,13785,1.0287415097767096,306,107
2005-09-29,13540,1.0211299029332352,317,119
2005-09-30,13454,1.0183867968069389,328,131
2005-10-01,8820,0.873972493733948,339,143
2005-10-02,7841,0.8488914578654329,350,155
2005-10-03,12816,1.0241674475433231,1,168
2005-10-04,13449,1.0104151512429913,13,180
2005-10-05,13488,1.0342211481161936,25,193
2005-10-06,13552,1.048430452807785,36,206
2005-10-07,13056,1.0132791689927017,49,219
2005-10-08,8846,0.9086460900301015,61,232
2005-10-09,7508,0.8416336247633286,74,246
2005-10-10,12298,1.0019754175105637,87,260
2005-10-11,13256,1.0173269954927255,100,274
2005-10-12,13191,1.0383657053578006,113,288
2005-10-13,12922,1.0382402063341283,127,303
2005-10-14,13087,1.040907863721392,140,317
2005-10-15,8733,0.907758088125262,154,332
2005-10-16,7432,0.841490335007743,167,346
2005-10-17,12230,1.0203448658653365,180,1
2005-10-18,13442,1.0486629139758212,193,15
2005-10-19,12932,1.0340193968340716,206,28
2005-10-20,13267,1.06453415666873,218,42
2005-10-21,12828,1.0232891417575622,230,55
2005-10-22,8568,0.9032117685786486,242,67
2005-10-23,7371,0.8460287741390355,253,80
2005-10-24,12012,1.008452270173946,264,92
2005-10-25,13351,1.0426777042154651,275,104
2005-10-26,12798,1.0214646387137187,286,115
2005-10-27,13273,1.0641017607592493,297,127
2005-10-28,12619,1.011386856858707,308,139
2005-10-29,8509,0.9019962421648438,319,151
2005-10-30,7459,0.8655023430796757,330,164
2005-10-31,10207,0.9099525512550545,342,176
2005-11-01,13682,1.0828593761557619,354,189
2005-11-02,13275,1.055822815780867,6,202
2005-11-03,13284,1.0614822823162655,18,215
2005-11-04,12928,1.0301396976978667,31,229
2005-11-05,8675,0.9110901212805121,44,243
2005-11-06,7565,0.8661312714590232,57,257
2005-11-07,12176,1.0210571503745263,70,271
2005-11-08,13678,1.0666433783654043,83,285
2005-11-09,13208,1.0546844349003268,96,299
2005-11-10,13227,1.0580673523669724,109,313
2005-11-11,12584,1.0045848687123258,122,328
2005-11-12,8333,0.8792323775540443,135,342
2005-11-13,7420,0.8631968763959973,148,356
2005-11-14,12164,1.0270409123162627,161,9
2005-11-15,13549,1.055312872861861,174,23
2005-11-16,13113,1.0438870465324752,186,36
2005-11-17,13280,1.0589134802001563,198,50
2005-11-18,13153,1.0437119457893023,210,62
2005-11-19,8481,0.8876958161467243,222,75
2005-11-20,7594,0.8512073117204396,233,87
2005-11-21,13399,1.1026283798294028,244,99
2005-11-22,14175,1.129977825311569,255,111
2005-11-23,12202,1.0322765556106532,266,123
2005-11-24,7267,0.6302859804604595,277,135
2005-11-25,9090,0.7823344775492637,288,147
2005-11-26,7848,0.901876872483678,299,159
2005-11-27,7197,0.8974785214934601,310,171
2005-11-28,12716,1.1558937354027794,322,184
2005-11-29,13743,1.1157045474324583,334,197
2005-11-30,13176,1.06417845003789,346,211
2005-12-01,13210,1.0486615439523974,359,224
2005-12-02,12599,1.0019796469623015,12,238
2005-12-03,8241,0.8698955625820077,25,253
2005-12-04,7297,0.8426783623464603,39,267
2005-12-05,12106,1.0260707940276574,52,282
2005-12-06,13249,1.0513221470441505,65,296
2005-12-07,13017,1.0580698260297818,79,310
2005-12-08,13048,1.0570690054435414,92,324
2005-12-09,12391,1.0043637130326188,105,338
2005-12-10,8401,0.8963125062614806,117,352
2005-12-11,7368,0.8533721139669306,130,6
2005-12-12,12494,1.047883573559516,142,19
2005-12-13,13323,1.049822061030137,155,32
2005-12-14,13768,1.103299179332357,167,45
2005-12-15,13586,1.0747276911598151,178,58
2005-12-16,13320,1.042185394850626,190,71
2005-12-17,8701,0.8886290701675759,201,83
2005-12-18,7617,0.8385569555757687,213,95
2005-12-19,13410,1.0706585443403775,224,107
2005-12-20,14659,1.0897586840540856,235,119
2005-12-21,14159,1.079660802757876,245,131
2005-12-22,12877,1.020767029056408,256,143
2005-12-23,10642,0.9019233528411361,267,155
2005-12-24,7256,0.9303740843145047,278,167
2005-12-25,6224,0.9990362560685847,289,179
2005-12-26,8505,0.8610850680151729,301,192
2005-12-27,13056,1.025099526392222,313,205
2005-12-28,14381,1.079686798113814,326,218
2005-12-29,13972,1.0447971059654764,338,232
2005-12-30,13208,0.9849172164762486,352,247
2005-12-31,8635,0.9149376637797209,6,262
2006-01-01,7137,1.0376540913276253,19,276
2006-01-02,8198,0.7784044675374172,33,291
2006-01-03,11992,0.948029688332556,47,306
2006-01-04,12966,1.0300613196276096,61,321
2006-01-05,13117,1.05021822929202,74,335
2006-01-06,13071,1.0454288881711136,87,349
2006-01-07,8546,0.8851654433603973,99,3
2006-01-08,7409,0.855357985532391,112,16
2006-01-09,11809,1.012772441259224,124,29
2006-01-10,12992,1.0076037936771,136,42
2006-01-11,12844,1.0125363800800153,147,55
2006-01-12,13309,1.0565269391952548,159,67
2006-01-13,11994,0.9674120849788058,170,80
2006-01-14,8628,0.8821062524723191,182,92
2006-01-15,7312,0.8384841829996971,193,104
2006-01-16,11477,0.9722452210752333,204,116
2006-01-17,13018,1.0095353438595347,214,128
2006-01-18,13079,1.0326961048020658,225,139
2006-01-19,13125,1.0516773443400307,236,151
2006-01-20,13040,1.0371301284499566,247,163
2006-01-21,8408,0.8681957803795184,258,175
2006-01-22,7442,0.8470345086252268,269,187
2006-01-23,12102,1.012427201768957,281,200
2006-01-24,12983,0.9997950962151362,292,213
2006-01-25,12911,1.0168534208045756,305,226
2006-01-26,13044,1.039217073498781,318,240
2006-01-27,12917,1.0296730272665546,331,255
2006-01-28,8439,0.8725670001897339,345,270
2006-01-29,7572,0.8699830898271098,359,285
2006-01-30,12150,1.0248096678227925,13,300
2006-01-31,12945,1.0107245402266034,28,315
2006-02-01,12960,1.025597947170113,41,330
2006-02-02,13231,1.044907333087931,55,345
2006-02-03,13089,1.0408608175407035,68,359
2006-02-04,8647,0.8919226764642303,81,13
2006-02-05,7506,0.8551476080921446,93,26
2006-02-06,12302,1.0319705301691178,105,39
2006-02-07,13555,1.0390962790776475,117,52
2006-02-08,13057,1.0256339288647056,129,64
2006-02-09,13232,1.0516380199160946,140,77
2006-02-10,13298,1.0445076212569333,151,89
2006-02-11,8702,0.8880590539407032,162,101
2006-02-12,7404,0.8267820899455067,173,113
2006-02-13,11955,1.0164257293280798,184,124
2006-02-14,13886,1.0188397002300156,195,136
2006-02-15,13424,1.0441947503734978,205,148
2006-02-16,13303,1.0525699901219403,216,160
2006-02-17,13218,1.0474484865134583,227,172
2006-02-18,8738,0.8946606494925862,238,184
2006-02-19,7577,0.8620715951818393,249,196
2006-02-20,11466,0.9505526813253123,261,209
2006-02-21,13172,1.0147248536988296,273,222
2006-02-22,13341,1.0373104616056383,285,235
2006-02-23,13280,1.0492733903630425,298,249
2006-02-24,12832,1.0108271482119786,311,263
2006-02-25,8557,0.8714928842548294,325,278
2006-02-26,7400,0.8362165192382487,339,293
2006-02-27,12080,1.0086874037092122,353,308
2006-02-28,13223,1.0139517193043692,7,323
2006-03-01,13422,1.0640272011091767,21,338
2006-03-02,13210,1.0378733130475417,35,353
2006-03-03,13212,1.028428843097751,49,8
2006-03-04,8682,0.8813556072254363,62,22
2006-03-05,7440,0.8354237927029635,74,35
2006-03-06,12361,1.0280376028912868,86,48
2006-03-07,13248,1.014945268942957,98,61
2006-03-08,13427,1.0543912864848715,110,73
2006-03-09,13305,1.0567320475615696,121,86
2006-03-10,13162,1.0388024677908887,132,98
2006-03-11,8602,0.8813938339151329,143,110
2006-03-12,7558,0.8526321489415486,154,121
2006-03-13,11742,0.990655716806671,164,133
2006-03-14,13358,1.026593703819613,175,145
2006-03-15,13183,1.039293197778629,186,157
2006-03-16,13125,1.041733533384388,197,169
2006-03-17,13003,1.0161945220774047,208,181
2006-03-18,8757,0.8922099828727097,219,193
2006-03-19,7355,0.8339538136626572,231,206
2006-03-20,12335,1.0211902196451794,243,218
2006-03-21,13378,1.0199733536722164,254,231
2006-03-22,13027,1.0275571993824895,267,245
2006-03-23,13042,1.0369690250534975,279,258
2006-03-24,12874,1.0233019424502834,292,272
2006-03-25,8381,0.8594827394859116,306,287
2006-03-26,7403,0.8402196279977111,320,301
2006-03-27,12095,1.0098962800775086,333,316
2006-03-28,13246,1.0213445346072154,347,331
2006-03-29,13114,1.0388440624213582,2,346
2006-03-30,13067,1.0441516706115561,15,1
2006-03-31,12406,0.9911707760797879,29,16
2006-04-01,8268,0.8824345051638809,42,30
2006-04-02,7271,0.828928476785896,55,43
2006-04-03,12398,1.0341558440527832,67,57
2006-04-04,13287,1.0233349309583373,79,70
2006-04-05,13348,1.0577363330333291,90,82
2006-04-06,13069,1.0511804590396423,102,94
2006-04-07,12922,1.0327083991296857,113,106
2006-04-08,8333,0.8624812590144659,124,118
2006-04-09,7314,0.8368577734209142,134,130
2006-04-10,12233,1.0341221924753667,145,142
2006-04-11,13504,1.0484509825572772,156,154
2006-04-12,13120,1.0464945856156473,167,166
2006-04-13,12853,1.0485293768604231,178,178
2006-04-14,12139,0.9792331581597472,190,190
2006-04-15,8227,0.8518171758109532,201,203
2006-04-16,7030,0.803461352032747,213,215
2006-04-17,11897,1.0004862930382574,225,228
2006-04-18,13415,1.0425591610958471,237,241
2006-04-19,12979,1.034542490543258,250,255
2006-04-20,13157,1.0602786458689462,262,269
2006-04-21,12776,1.0239808484140722,275,282
2006-04-22,8397,0.8733594445617469,288,297
2006-04-23,7141,0.819366768467493,302,311
2006-04-24,12164,1.0278396619259185,315,325
2006-04-25,13238,1.031027694027187,329,340
2006-04-26,13011,1.0378430491129635,343,355
2006-04-27,13120,1.060122822943948,356,9
2006-04-28,12562,1.012323819268345,10,24
2006-04-29,8287,0.8688165583971329,23,38
2006-04-30,7127,0.8273494279724979,35,51
2006-05-01,12248,1.0257907911047066,48,65
2006-05-02,13242,1.022071325222835,60,78
2006-05-03,13059,1.0405520926667051,71,90
2006-05-04,12941,1.043317306656413,83,102
2006-05-05,12983,1.030340847634321,94,115
2006-05-06,8297,0.8569402810703574,105,126
2006-05-07,7343,0.8367064749403065,115,138
2006-05-08,12355,1.0352157890224691,126,150
2006-05-09,13100,1.0158797331405325,137,162
2006-05-10,13079,1.0353230861436855,148,174
2006-05-11,12921,1.032224503103096,160,186
2006-05-12,12685,1.005151605091265,171,199
2006-05-13,8260,0.862620602408932,183,212
2006-05-14,7288,0.8293185852157441,195,225
2006-05-15,12476,1.0301836887554872,208,238
2006-05-16,13630,1.0410972435520396,220,252
2006-05-17,13444,1.0550957854224352,233,265
2006-05-18,13274,1.0508560206196742,246,279
2006-05-19,12731,1.0066248496730175,259,293
2006-05-20,8624,0.8739797322076366,272,307
2006-05-21,7473,0.8325927094882316,285,322
2006-05-22,12775,1.0457828835972034,298,336
2006-05-23,13827,1.038656736561844,312,350
2006-05-24,13544,1.0448143593472714,325,4
2006-05-25,14074,1.1204981120922874,338,18
2006-05-26,13355,1.076718360477549,351,32
2006-05-27,8883,0.9326867929243853,4,46
2006-05-28,7651,0.873661618571044,17,60
2006-05-29,8099,0.6808687036109572,29,73
2006-05-30,13051,1.0287055466610158,41,86
2006-05-31,14189,1.1342684919609067,52,98
2006-06-01,14257,1.1203902111931818,64,110
2006-06-02,13772,1.0624539339042494,75,122
2006-06-03,8878,0.893045934397637,85,134
2006-06-04,7834,0.874294319547028,96,146
2006-06-05,13004,1.065835928577243,107,158
2006-06-06,11661,0.8854861307995485,118,170
2006-06-07,13693,1.067331500752491,129,182
2006-06-08,14137,1.1124202724905685,141,195
2006-06-09,13203,1.0333203983037806,153,207
2006-06-10,8619,0.8688316394252277,165,220
2006-06-11,7653,0.852631034056077,177,234
2006-06-12,12652,1.0345623741391823,190,248
2006-06-13,13378,1.0275998217355606,203,262
2006-06-14,13800,1.0744658082088556,216,276
2006-06-15,13765,1.0714021645107104,230,290
2006-06-16,13461,1.0385457245190284,243,304
2006-06-17,8892,0.8889628091680101,256,318
2006-06-18,7902,0.8721341583520862,269,332
2006-06-19,12869,1.048474302026417,282,347
2006-06-20,14021,1.0465367832352368,295,1
2006-06-21,13586,1.0442129535158322,308,14
2006-06-22,13722,1.0617399432003671,321,28
2006-06-23,13136,1.0156306151937993,334,42
2006-06-24,8740,0.8703464511769052,346,55
2006-06-25,7727,0.8436645738390373,358,68
2006-06-26,12660,1.0158489562942141,10,81
2006-06-27,14119,1.0429981344342658,22,94
2006-06-28,14246,1.0757767352803438,34,106
2006-06-29,14218,1.0794737068657763,45,118
2006-06-30,14010,1.0529977382092748,56,130
2006-07-01,9285,0.89305881334221,67,142
2006-07-02,7817,0.827375429931152,78,154
2006-07-03,11867,0.9494345444200218,88,166
2006-07-04,9083,0.7757899701163002,99,178
2006-07-05,13124,1.0949660706664355,111,190
2006-07-06,15007,1.1481293912260158,122,202
2006-07-07,14580,1.0585452746998962,134,215
2006-07-08,9526,0.8972089932630305,146,229
2006-07-09,8088,0.8508837697549616,159,242
2006-07-10,13306,1.0309380993202661,172,256
2006-07-11,14413,1.0414092365244134,186,271
2006-07-12,13919,1.037861141639372,199,285
2006-07-13,13926,1.0560878788804275,213,300
2006-07-14,14174,1.0531298004766054,226,314
2006-07-15,9477,0.9056880573726843,240,329
2006-07-16,8150,0.8583052635222981,253,343
2006-07-17,13454,1.0424189494696539,267,357
2006-07-18,14456,1.042050573625122,280,11
2006-07-19,14019,1.0434518096726224,292,25
2006-07-20,14239,1.0627091759160676,305,38
2006-07-21,14195,1.0518490177028093,317,52
2006-07-22,9219,0.8819106092442406,329,65
2006-07-23,8156,0.8612771331616117,341,78
2006-07-24,13075,1.0205571718868403,353,90
2006-07-25,14387,1.0355319430897,4,103
2006-07-26,14093,1.047333776722691,15,115
2006-07-27,14270,1.0639807611697434,26,127
2006-07-28,13912,1.0279176936488614,37,139
2006-07-29,9332,0.8966224709876552,48,150
2006-07-30,8105,0.858996340265931,59,162
2006-07-31,12791,1.000560712192508,70,174
2006-08-01,14537,1.0460695569716454,81,186
2006-08-02,14114,1.0454250091917616,92,198
2006-08-03,14093,1.052850910384935,104,211
2006-08-04,13899,1.0358972929572015,115,223
2006-08-05,9441,0.9078619133593202,128,237
2006-08-06,7881,0.8365010006579388,140,250
2006-08-07,13112,1.0192737359445905,154,265
2006-08-08,14507,1.034850952684441,167,279
2006-08-09,14277,1.042116882491904,181,294
2006-08-10,14331,1.0601544631310442,195,309
2006-08-11,13975,1.0358696132940883,209,324
2006-08-12,9401,0.8956624675636594,223,339
2006-08-13,7979,0.8492378300949167,237,353
2006-08-14,13313,1.0331763582176778,250,8
2006-08-15,14570,1.0367239238404562,263,22
2006-08-16,14330,1.049010185617641,276,35
2006-08-17,14355,1.0585125098478363,288,49
2006-08-18,13864,1.0226947933252601,300,62
2006-08-19,9509,0.9080035198944114,312,74
2006-08-20,8217,0.8618374692010033,324,87
2006-08-21,13236,1.0270929605188082,335,99
2006-08-22,14433,1.0359068874993616,346,111
2006-08-23,14360,1.0581290203103682,357,124
2006-08-24,14109,1.0528412441435349,8,135
2006-08-25,13921,1.032551634294712,19,147
2006-08-26,9313,0.8925673151657101,30,159
2006-08-27,8144,0.8569661064128034,41,171
2006-08-28,13433,1.0332733917067738,52,183
2006-08-29,14688,1.045306827994208,63,195
2006-08-30,14466,1.0600504214269528,74,207
2006-08-31,14391,1.0652120641077796,85,219
2006-09-01,14458,1.1092595523537159,97,232
2006-09-02,9426,0.9502358949649106,109,245
2006-09-03,8162,0.889711098197487,122,259
2006-09-04,8298,0.6641166478481761,135,273
2006-09-05,13654,1.013090086796349,148,287
2006-09-06,15391,1.1584746016955683,162,302
2006-09-07,15454,1.1720932343415504,177,317
2006-09-08,15018,1.0918538945987897,191,333
2006-09-09,9759,0.897407285196341,205,348
2006-09-10,8407,0.8602824357744978,219,3
2006-09-11,12868,0.9902928354365802,232,17
2006-09-12,15078,1.0592823918306373,246,31
2006-09-13,14769,1.0753854560412281,259,45
2006-09-14,15099,1.0929806506972586,271,58
2006-09-15,14762,1.0558621768911172,283,71
2006-09-16,9648,0.890841728287426,295,84
2006-09-17,8701,0.8860061785429317,306,96
2006-09-18,13958,1.0466511663972886,317,109
2006-09-19,15205,1.0517906751139001,328,121
2006-09-20,14850,1.053522730201043,339,132
2006-09-21,14965,1.0712561088647234,350,144
2006-09-22,14708,1.0539096655009987,1,156
2006-09-23,9815,0.9121623893384962,11,168
2006-09-24,8371,0.8598244460821061,22,180
2006-09-25,13740,1.038492695544834,33,192
2006-09-26,14912,1.0424900878463252,44,204
2006-09-27,14465,1.0421957486778144,56,216
2006-09-28,14281,1.0429797313544922,67,228
2006-09-29,13828,1.0158730572734078,79,241
2006-09-30,9154,0.8760212131575983,91,254
2006-10-01,8263,0.8664388860513359,103,268
2006-10-02,13109,1.0159982840013289,116,282
2006-10-03,14550,1.048185103490086,130,296
2006-10-04,14214,1.0602842532907817,143,311
2006-10-05,14212,1.066445857616401,157,325
2006-10-06,13829,1.042184841350532,171,341
2006-10-07,9015,0.8845595632786478,186,356
2006-10-08,7940,0.8630567087677401,200,11
2006-10-09,12796,1.0268706637514866,214,26
2006-10-10,14480,1.0635248957048282,227,40
2006-10-11,14086,1.0733266229263647,240,54
2006-10-12,13985,1.0773401427226474,252,67
2006-10-13,12628,0.9883719713790711,264,80
2006-10-14,8804,0.8853084286560956,276,93
2006-10-15,7757,0.8532405003728454,287,105
2006-10-16,12873,1.0434362053593096,298,117
2006-10-17,14304,1.0758074532270925,309,129
2006-10-18,13877,1.0748893275104283,320,141
2006-10-19,13648,1.0679471460634895,331,153
2006-10-20,13327,1.0416864397808445,342,165
2006-10-21,8803,0.8877945903947642,353,177
2006-10-22,7805,0.8706709221164185,4,189
2006-10-23,12836,1.0547053102848525,15,201
2006-10-24,14153,1.0711370755155123,26,213
2006-10-25,13751,1.0662688388973662,37,225
2006-10-26,13974,1.0914899111444354,49,238
2006-10-27,13374,1.0444631633356916,61,251
2006-10-28,8789,0.8905826040981022,73,264
2006-10-29,7974,0.8944857766082228,86,278
2006-10-30,12465,1.0354344850258865,98,291
2006-10-31,12064,0.969546139673841,111,305
2006-11-01,13969,1.0977006888780643,125,320
2006-11-02,13920,1.0834615512642292,138,334
2006-11-03,13589,1.0577648293652813,152,349
2006-11-04,8787,0.8852130026662466,166,4
2006-11-05,7957,0.8843256369913789,180,19
2006-11-06,12893,1.0567480878984212,194,34
2006-11-07,13779,1.0416447576553018,207,48
2006-11-08,13798,1.068338617023688,220,62
2006-11-09,13783,1.0770775866989455,233,76
2006-11-10,13571,1.057502864333191,245,89
2006-11-11,8807,0.8888700991982302,256,101
2006-11-12,7650,0.8541511483712763,268,114
2006-11-13,12546,1.044849981681213,279,126
2006-11-14,14229,1.083034354220409,290,138
2006-11-15,13881,1.0734724212461733,301,150
2006-11-16,14073,1.096366838167085,311,161
2006-11-17,14158,1.0997198175417426,322,173
2006-11-18,8844,0.8872519162768961,333,185
2006-11-19,7577,0.8392385027598722,344,197
2006-11-20,14053,1.127655650249391,356,210
2006-11-21,14835,1.100527376972275,7,222
2006-11-22,13181,1.0432571206229484,19,235
2006-11-23,7521,0.6226706393943229,31,248
2006-11-24,9640,0.8144740696229671,43,261
2006-11-25,8217,0.8940962056277951,55,274
2006-11-26,7585,0.9223905483729049,68,288
2006-11-27,13150,1.1739267944560148,81,302
2006-11-28,14575,1.1943523680581551,93,316
2006-11-29,13997,1.128232909358868,107,330
2006-11-30,13411,1.060009585170081,120,344
2006-12-01,13451,1.0401712324074264,133,358
2006-12-02,8740,0.8787728577031307,147,13
2006-12-03,7607,0.84971174421659,160,27
2006-12-04,12498,1.0332388278326874,174,42
2006-12-05,13859,1.0589246840897715,187,56
2006-12-06,13840,1.0903977521224955,200,70
2006-12-07,13619,1.0833440449641158,212,84
2006-12-08,12945,1.0215960077217292,224,97
2006-12-09,8769,0.898622119838173,236,109
2006-12-10,7520,0.849018816249892,247,122
2006-12-11,12803,1.0615568982322638,258,134
2006-12-12,14301,1.081270758673955,269,146
2006-12-13,13794,1.079195268907665,280,158
2006-12-14,13993,1.0973648066836885,291,169
2006-12-15,13489,1.039451726035228,302,181
2006-12-16,9012,0.8914650451450958,313,193
2006-12-17,7741,0.836603001741258,324,206
2006-12-18,13597,1.0716042046616456,336,218
2006-12-19,14900,1.072420231736851,347,231
2006-12-20,14900,1.0997865554295436,359,244
2006-12-21,14452,1.0784511096893767,12,257
2006-12-22,12998,1.0037052877908919,24,271
2006-12-23,8318,0.8912666813488748,37,285
2006-12-24,6708,0.9101739212175747,50,299
2006-12-25,6409,0.7364523265636704,63,313
2006-12-26,11087,1.0119109805946305,76,327
2006-12-27,14795,1.1533656292919483,89,341
2006-12-28,14997,1.1018712515835953,102,355
2006-12-29,14402,1.0490928616314097,115,9
2006-12-30,9498,0.8954414871611223,128,23
2006-12-31,7569,0.8486696523382719,141,37
2007-01-01,7322,0.7762190055868206,154,51
2007-01-02,11807,1.0293627070797562,167,65
2007-01-03,13687,1.0942326510304554,179,78
2007-01-04,13564,1.07408224869057,192,92
2007-01-05,13960,1.1089785183494898,204,104
2007-01-06,8865,0.9130230466768224,215,117
2007-01-07,7580,0.8462071907012083,227,129
2007-01-08,12315,1.0366696335927104,238,142
2007-01-09,13237,1.042364908748515,249,153
2007-01-10,13264,1.0403018711985783,259,165
2007-01-11,13517,1.0621438756510453,270,177
2007-01-12,13400,1.0554377655636444,281,189
2007-01-13,8670,0.9005003366231382,292,201
2007-01-14,7653,0.8433122729679574,303,213
2007-01-15,11820,0.9883114115657307,315,226
2007-01-16,12825,0.9975536688886997,327,239
2007-01-17,13244,1.0386459152312004,339,252
2007-01-18,13495,1.062095537757068,352,266
2007-01-19,12921,1.0272402177979805,5,280
2007-01-20,8600,0.8807880802564804,18,294
2007-01-21,7563,0.8417148931799674,31,308
2007-01-22,12454,1.0335653501856088,45,323
2007-01-23,13418,1.0306848802191046,58,337
2007-01-24,13320,1.0373164245060162,71,352
2007-01-25,13448,1.0557202926287936,85,6
2007-01-26,13110,1.0363127856775818,98,20
2007-01-27,8633,0.8861693722697443,110,34
2007-01-28,7633,0.8506462724238986,123,47
2007-01-29,12402,1.0389857101842015,136,61
2007-01-30,13486,1.0444353250865723,148,74
2007-01-31,13308,1.050786857339274,160,87
2007-02-01,13557,1.0693710767973075,172,100
2007-02-02,13305,1.042539858755845,184,113
2007-02-03,8821,0.9032777918383156,195,125
2007-02-04,7628,0.8480439779802239,206,137
2007-02-05,12369,1.0275069221899154,217,149
2007-02-06,13495,1.0394316162872854,228,161
2007-02-07,13466,1.0439169812382734,239,173
2007-02-08,13451,1.0531645788128192,250,185
2007-02-09,13419,1.0581655564853598,260,197
2007-02-10,8732,0.883194446955969,271,209
2007-02-11,7833,0.861582436876199,283,221
2007-02-12,12792,1.0415514850237946,294,234
2007-02-13,13437,1.04896222256566,306,247
2007-02-14,13647,1.0125977881313777,319,260
2007-02-15,13642,1.0577189942695377,331,274
2007-02-16,13517,1.061144159220726,345,288
2007-02-17,8940,0.9122665754653311,358,303
2007-02-18,7791,0.85977624820036,12,317
2007-02-19,11752,0.9749345755098018,26,332
2007-02-20,13466,1.0250246863659673,39,347
2007-02-21,13470,1.0493859754515031,53,2
2007-02-22,13748,1.0654978884608612,67,16
2007-02-23,13347,1.0463257810204714,80,30
2007-02-24,8732,0.8857549575273753,93,44
2007-02-25,7725,0.8479822174665438,105,58
2007-02-26,12578,1.036373393457375,118,71
2007-02-27,13591,1.0420115591208052,130,84
2007-02-28,13366,1.0364773577346311,141,97
2007-03-01,13572,1.0724376274817795,153,109
2007-03-02,13244,1.0324128017274552,164,122
2007-03-03,8739,0.8759609396853368,175,134
2007-03-04,7566,0.8278347842413192,186,146
2007-03-05,12480,1.0218005476659655,197,158
2007-03-06,13551,1.034804241461403,208,170
2007-03-07,13520,1.047466349867113,219,181
2007-03-08,13751,1.0763407864531445,230,193
2007-03-09,13508,1.0644707523151307,241,205
2007-03-10,8729,0.887141504341014,252,217
2007-03-11,7390,0.8161330241468819,263,229
2007-03-12,12524,1.0301856993610337,274,242
2007-03-13,13147,1.0184478553055047,286,255
2007-03-14,13311,1.034520080791549,299,268
2007-03-15,13471,1.0585621592100014,311,282
2007-03-16,13286,1.0462711782478744,324,296
2007-03-17,8791,0.8846854509736006,338,311
2007-03-18,7681,0.8434812580120865,352,325
2007-03-19,12366,1.0223655472303061,6,341
2007-03-20,13844,1.0523508217479751,20,356
2007-03-21,13710,1.0570759052317902,34,11
2007-03-22,13388,1.0526160630486734,48,26
2007-03-23,13464,1.0621561610880126,62,40
2007-03-24,8762,0.8968315142560004,75,54
2007-03-25,7785,0.8604901020409581,87,68
2007-03-26,12462,1.0313129278554727,100,81
2007-03-27,13664,1.0475631529700224,111,94
2007-03-28,13420,1.046432257339387,123,106
2007-03-29,13171,1.0399839298238287,134,119
2007-03-30,13138,1.0416207808131157,145,131
2007-03-31,8453,0.8696507965125584,156,143
2007-04-01,7372,0.84803403720373,167,155
2007-04-02,12450,1.0349274541912752,178,167
2007-04-03,13504,1.034256475653259,189,178
2007-04-04,13729,1.0693031671973372,200,190
2007-04-05,13360,1.055262192942198,211,202
2007-04-06,12308,0.9822342872349391,222,214
2007-04-07,8253,0.8493313128748574,233,226
2007-04-08,6903,0.7700733642690103,244,238
2007-04-09,12120,1.0111531985571796,256,251
2007-04-10,13564,1.0528296924441063,267,264
2007-04-11,13430,1.0544665288299555,280,277
2007-04-12,13609,1.0819870452156568,292,290
2007-04-13,12168,0.9848905666592097,305,304
2007-04-14,8237,0.855637053733618,319,319
2007-04-15,7225,0.8062852043784345,332,334
2007-04-16,12502,1.041853853477537,346,349
2007-04-17,13604,1.0504412449096914,1,4
2007-04-18,13386,1.0520392351734311,15,19
2007-04-19,13358,1.0613075054163015,29,34
2007-04-20,13000,1.0394393980820509,43,49
2007-04-21,8302,0.8568345658429077,56,63
2007-04-22,7590,0.8508570217966954,69,77
2007-04-23,12431,1.0400231849534756,81,90
2007-04-24,13519,1.0488780322966977,93,103
2007-04-25,13368,1.0528959989813838,105,116
2007-04-26,13001,1.033690342070108,116,128
2007-04-27,12795,1.0257825837372374,127,140
2007-04-28,8302,0.861510775417654,138,152
2007-04-29,7409,0.8372136273752416,149,164
2007-04-30,12182,1.0311419340644001,160,175
2007-05-01,13902,1.0690606969648022,170,187
2007-05-02,13325,1.0400780298284305,181,199
2007-05-03,13155,1.0448103201142456,192,211
2007-05-04,12773,1.0217253484205315,204,223
2007-05-05,8374,0.8557681824633556,215,235
2007-05-06,7476,0.832232561379251,226,248
2007-05-07,12250,1.0177786394672517,238,261
2007-05-08,13267,1.0206863987719543,250,273
2007-05-09,13111,1.0282007168669947,262,287
2007-05-10,13504,1.0655074335129253,274,300
2007-05-11,13070,1.0359679193281868,287,314
2007-05-12,8489,0.8661935604584869,300,328
2007-05-13,7260,0.8171886823808014,314,342
2007-05-14,12552,1.0414624267088861,328,357
2007-05-15,13995,1.0610690990107994,342,12
2007-05-16,13723,1.0600237321795,356,27
2007-05-17,13408,1.0488661795741532,10,42
2007-05-18,12782,1.0039981168897238,24,57
2007-05-19,8560,0.8715578361787353,37,71
2007-05-20,7577,0.8276292751072413,50,85
2007-05-21,12816,1.0411367148438575,63,99
2007-05-22,14143,1.0630498315043786,75,112
2007-05-23,13906,1.0563732342981416,86,124
2007-05-24,14010,1.077266163488677,97,136
2007-05-25,13670,1.079828482435566,109,148
2007-05-26,8764,0.9098669993295733,119,160
2007-05-27,7607,0.8608659386644144,130,172
2007-05-28,7917,0.6591789668712272,141,184
2007-05-29,13291,1.0259379435108564,152,196
2007-05-30,14569,1.1613098763741474,163,208
2007-05-31,14245,1.1350610718774121,174,220
2007-06-01,13714,1.0692961000400611,186,232
2007-06-02,8977,0.8917880289939305,197,245
2007-06-03,7813,0.8470760928735669,209,258
2007-06-04,12711,1.0343593624761829,221,270
2007-06-05,13848,1.0421540267990699,233,284
2007-06-06,13703,1.0522833774674618,245,297
2007-06-07,13674,1.0624022719861441,258,310
2007-06-08,13595,1.061410868256962,271,324
2007-06-09,8810,0.8878827244936527,284,338
2007-06-10,7596,0.8252958222245157,297,352
2007-06-11,12826,1.0419294173961668,311,7
2007-06-12,13969,1.0488038542145524,324,22
2007-06-13,13534,1.0513082806700471,338,36
2007-06-14,14139,1.0972987996774621,352,51
2007-06-15,13563,1.0474293691354057,5,65
2007-06-16,8967,0.8908668236509678,19,80
2007-06-17,7837,0.8444616438260838,32,93
2007-06-18,13178,1.0605066985704197,44,107
2007-06-19,14017,1.0485750598233312,56,120
2007-06-20,13904,1.0495094454220153,68,132
2007-06-21,13837,1.0600640419629819,79,145
2007-06-22,13697,1.051523246793432,90,157
2007-06-23,9105,0.9065043914911888,101,169
2007-06-24,7710,0.8275248643065861,112,180
2007-06-25,12972,1.032722127455475,123,192
2007-06-26,14395,1.06056810752037,134,204
2007-06-27,14318,1.069628671849335,145,216
2007-06-28,14224,1.0706404507718716,156,229
2007-06-29,13837,1.04233706455221,168,241
2007-06-30,9016,0.8726106804563308,180,254
2007-07-01,7937,0.8228117339582178,192,267
2007-07-02,13794,1.0645605568925791,204,280
2007-07-03,14814,1.0882480260419962,216,294
2007-07-04,9746,0.8418066218986789,229,307
2007-07-05,13367,1.1116321138139988,242,321
2007-07-06,14143,1.0735719976109668,255,335
2007-07-07,10499,0.9815607137927926,268,349
2007-07-08,8322,0.8448054285281061,281,3
2007-07-09,13473,1.033501350692677,294,17
2007-07-10,14927,1.061913310295204,308,32
2007-07-11,14594,1.0663811629350803,321,46
2007-07-12,14115,1.0490707921931075,334,60
2007-07-13,13228,0.9953149676159523,348,74
2007-07-14,9327,0.8923778227936853,360,88
2007-07-15,7983,0.8222802006418101,13,102
2007-07-16,13483,1.0353527543746075,25,115
2007-07-17,14828,1.054884503625015,37,128
2007-07-18,14349,1.0460040773306223,49,140
2007-07-19,14169,1.0512046112935503,60,153
2007-07-20,14070,1.0418896395821695,71,165
2007-07-21,9356,0.8927411224291723,82,177
2007-07-22,7963,0.8210382899374946,93,188
2007-07-23,13293,1.0235435977429979,104,200
2007-07-24,14783,1.059472477730292,115,212
2007-07-25,14510,1.0561649560687758,126,224
2007-07-26,14212,1.0527604302874654,138,237
2007-07-27,14354,1.0618799617487533,149,250
2007-07-28,9258,0.8808526542705771,161,263
2007-07-29,8116,0.8404712663815849,174,276
2007-07-30,13439,1.0385391907076789,186,289
2007-07-31,14409,1.0349139699512149,199,303
2007-08-01,14627,1.0644177757457387,212,317
2007-08-02,14241,1.0514193244402847,226,331
2007-08-03,13961,1.0348386333347455,239,346
2007-08-04,9083,0.8717255508466296,252,360
2007-08-05,8160,0.8457420060693841,265,14
2007-08-06,13318,1.0307225782016416,279,28
2007-08-07,14670,1.0470886884095993,292,42
2007-08-08,14477,1.044359090953075,305,56
2007-08-09,14314,1.041437426822755,318,70
2007-08-10,13836,1.0155373129975565,330,84
2007-08-11,9200,0.8781292074130058,343,97
2007-08-12,7945,0.8158497183826617,355,110
2007-08-13,13199,1.02432916290114,7,123
2007-08-14,14695,1.0471275334875734,19,136
2007-08-15,14629,1.0526628422302464,30,148
2007-08-16,14674,1.0707170678181022,41,161
2007-08-17,14136,1.0342178192643983,52,173
2007-08-18,9332,0.8864404050688253,63,184
2007-08-19,8115,0.8351935895965026,74,196
2007-08-20,13496,1.0321309369492868,85,208
2007-08-21,14541,1.0360452635313684,96,220
2007-08-22,14344,1.0411312205209935,107,232
2007-08-23,14447,1.0610957000050525,119,245
2007-08-24,14162,1.048537404985936,131,258
2007-08-25,9234,0.8819592782152229,143,271
2007-08-26,8025,0.8289767705636278,155,284
2007-08-27,13187,1.0117880096117366,168,298
2007-08-28,14959,1.0565164276557772,181,312
2007-08-29,14517,1.0447901862031144,195,327
2007-08-30,14668,1.071375374044495,208,341
2007-08-31,14163,1.0401429743144481,222,356
2007-09-01,9465,0.9351104135728684,236,10
2007-09-02,7957,0.8645682803004755,249,25
2007-09-03,8397,0.6674123094226881,263,39
2007-09-04,13600,0.9994045123967995,276,53
2007-09-05,15440,1.1585280348785578,288,67
2007-09-06,15010,1.1261417693340603,301,81
2007-09-07,14818,1.1150735728510914,313,94
2007-09-08,9745,0.9123292296300859,325,107
2007-09-09,8389,0.831458180729532,337,120
2007-09-10,13844,1.0329498594339515,349,132
2007-09-11,14063,0.9937154051439695,360,145
2007-09-12,14960,1.062846855799435,11,157
2007-09-13,14525,1.0541973140378411,22,169
2007-09-14,14603,1.0488153992567792,33,181
2007-09-15,9807,0.9032657133690625,44,193
2007-09-16,8283,0.8243219451994519,55,204
2007-09-17,13798,1.0244749978736118,66,216
2007-09-18,15194,1.0461220371060125,77,228
2007-09-19,14783,1.0341333713044378,88,240
2007-09-20,15139,1.0705509510793159,100,253
2007-09-21,14473,1.0279401610229357,111,266
2007-09-22,9604,0.8861744734464302,123,279
2007-09-23,8512,0.8526276566758908,136,292
2007-09-24,13534,1.013622542293914,149,306
2007-09-25,14788,1.0262605065986077,162,320
2007-09-26,14417,1.0192530557487078,176,335
2007-09-27,14519,1.0427021299962123,190,350
2007-09-28,13926,1.009104916105807,204,5
2007-09-29,9198,0.8701433286147532,218,20
2007-09-30,7983,0.8234093373608411,232,35
2007-10-01,13244,1.0125978390664692,246,49
2007-10-02,14231,1.012722107448235,259,64
2007-10-03,14021,1.0214687005899197,271,77
2007-10-04,13756,1.0228003401739019,284,91
2007-10-05,13649,1.0161951742369129,296,104
2007-10-06,8901,0.8637938241389623,308,117
2007-10-07,7858,0.8310350077859915,319,129
2007-10-08,12582,0.997208915884499,331,141
2007-10-09,14033,1.0340070542729545,342,154
2007-10-10,14086,1.0462557726226964,353,166
2007-10-11,13580,1.03142269652978,4,178
2007-10-12,13400,1.0242072638765707,15,189
2007-10-13,8756,0.8824882241333237,25,201
2007-10-14,7579,0.821433509829087,36,213
2007-10-15,12987,1.0416076296850512,47,225
2007-10-16,14039,1.044849568408536,58,237
2007-10-17,13783,1.0483152119860637,69,249
2007-10-18,13581,1.048558361872183,81,261
2007-10-19,13437,1.0432196154298816,92,274
2007-10-20,8607,0.8663108110904737,104,287
2007-10-21,7723,0.8394866050202177,116,300
2007-10-22,12730,1.03544534109595,129,314
2007-10-23,13681,1.0321688019989148,143,328
2007-10-24,13771,1.0539817910121727,156,343
2007-10-25,13874,1.072325964147893,170,358
2007-10-26,13223,1.0247588234342455,185,13
2007-10-27,8806,0.8855800168943148,199,29
2007-10-28,7560,0.8256623517143457,213,44
2007-10-29,12648,1.0345147956865948,227,59
2007-10-30,13389,1.021197974488663,240,73
2007-10-31,11757,0.9555309433879371,253,87
2007-11-01,13926,1.0907813564952855,266,101
2007-11-02,13803,1.065958847086176,278,114
2007-11-03,8837,0.8857757720963081,289,126
2007-11-04,7975,0.8659320085849378,301,138
2007-11-05,13023,1.0553379111410315,312,151
2007-11-06,14159,1.0655688857578969,323,163
2007-11-07,13905,1.0630263013272117,334,175
2007-11-08,13734,1.0599430356242094,345,186
2007-11-09,13542,1.049974431554072,356,198
2007-11-10,8755,0.8785028413978788,6,210
2007-11-11,7920,0.8615518630030016,17,222
2007-11-12,12746,1.0376833531510714,28,234
2007-11-13,13640,1.0430244464234408,39,246
2007-11-14,13850,1.0660773373406989,50,258
2007-11-15,14432,1.1124726777557081,62,271
2007-11-16,14156,1.0942144326997298,73,283
2007-11-17,9123,0.9125047554355691,85,296
2007-11-18,7898,0.8540067138902159,97,309
2007-11-19,13944,1.126141929337372,110,323
2007-11-20,14808,1.0910265539833586,123,337
2007-11-21,13230,0.9925313392846719,137,351
2007-11-22,7567,0.5969795134995882,151,6
2007-11-23,9598,0.7884174474790233,165,22
2007-11-24,8380,0.9117201749798421,179,37
2007-11-25,7668,0.8992884436423398,193,52
2007-11-26,13192,1.1697351575441066,207,67
2007-11-27,14707,1.2055099961855595,221,82
2007-11-28,14030,1.1626598276911324,234,96
2007-11-29,13821,1.1104422157751206,246,109
2007-11-30,12966,1.0168276067209683,258,122
2007-12-01,8761,0.8724112641614636,270,135
2007-12-02,7676,0.831852088809956,281,147
2007-12-03,12581,1.0246864859135416,293,160
2007-12-04,13878,1.0534611930086146,303,171
2007-12-05,13695,1.0581964451620074,314,183
2007-12-06,13514,1.0612689746643988,325,195
2007-12-07,13168,1.039282656737298,336,207
2007-12-08,8676,0.8816860995466892,347,219
2007-12-09,7603,0.8397653838971842,358,231
2007-12-10,12759,1.0503493082955133,9,243
2007-12-11,13962,1.062944590264537,20,255
2007-12-12,13906,1.0632646152859855,32,268
2007-12-13,13418,1.0463820833034656,43,280
2007-12-14,13267,1.0322992326611395,55,293
2007-12-15,8654,0.858734238861302,67,306
2007-12-16,7636,0.8141323256883537,79,319
2007-12-17,13455,1.0602876301493716,91,333
2007-12-18,14983,1.0842303299476383,104,346
2007-12-19,14941,1.0875005375144795,117,1
2007-12-20,15214,1.119330263339543,131,15
2007-12-21,14808,1.0963812407423932,145,30
2007-12-22,9194,0.9142216402568354,159,45
2007-12-23,7398,0.8543759716251171,173,60
2007-12-24,7727,0.764469015137535,187,75
2007-12-25,6624,0.6988856956381677,200,89
2007-12-26,12306,1.1358376393342082,213,104
2007-12-27,15590,1.2114091426428437,226,117
2007-12-28,15555,1.1339376041051716,238,130
2007-12-29,9961,0.9343538591121937,250,143
2007-12-30,8191,0.8323153729883253,261,156
2007-12-31,11102,0.9076512954295192,272,168
2008-01-01,8014,0.8032878372495323,283,180
2008-01-02,11729,1.0648704659003458,294,192
2008-01-03,13691,1.1234793998390136,305,204
2008-01-04,13799,1.1164156061252801,316,215
2008-01-05,9113,0.9599580357596311,327,227
2008-01-06,7610,0.86990022881012,338,240
2008-01-07,12335,1.033951448129321,349,252
2008-01-08,13336,1.0614483186574515,1,264
2008-01-09,13022,1.0678612651679582,12,277
2008-01-10,13617,1.0962127389901966,24,290
2008-01-11,13412,1.0767753536380478,36,303
2008-01-12,8712,0.9099108865825797,48,316
2008-01-13,7407,0.8538644152092976,61,330
2008-01-14,12566,1.0396980968402696,73,343
2008-01-15,13344,1.0549446458271043,86,357
2008-01-16,13183,1.0678249830705357,99,11
2008-01-17,13332,1.073179062576075,113,25
2008-01-18,13473,1.0833867785975073,126,40
2008-01-19,8480,0.8939740302160396,140,54
2008-01-20,7481,0.8503827074440848,153,69
2008-01-21,11883,0.9930028489011798,166,83
2008-01-22,13297,1.0433981306284257,180,98
2008-01-23,13458,1.0765285959400084,193,111
2008-01-24,13485,1.077919977941279,205,125
2008-01-25,13305,1.0671723739478947,217,138
2008-01-26,8717,0.9137099903414756,229,151
2008-01-27,7643,0.870764354698686,241,163
2008-01-28,12592,1.053663514902215,252,176
2008-01-29,13412,1.0623770928148788,263,188
2008-01-30,13233,1.0672437945496973,274,200
2008-01-31,13187,1.0687506379541456,284,212
2008-02-01,13191,1.0630925728620502,295,223
2008-02-02,8646,0.8983512638898427,306,235
2008-02-03,7616,0.8655900071430754,318,248
2008-02-04,12592,1.0511286930504369,329,260
2008-02-05,13447,1.0561920087745085,341,273
2008-02-06,13338,1.0698445428085452,353,286
2008-02-07,13636,1.0850328462972834,5,299
2008-02-08,13582,1.0865104897787694,17,312
2008-02-09,8862,0.9266556469334598,30,326
2008-02-10,7637,0.8573283425857349,43,340
2008-02-11,12578,1.0388044166057144,56,354
2008-02-12,13867,1.0675595571196013,69,8
2008-02-13,13125,1.0669984084135828,82,22
2008-02-14,14207,1.0820085786384632,95,36
2008-02-15,13696,1.0849620101485637,108,51
2008-02-16,8780,0.913990649702287,121,65
2008-02-17,7646,0.8659649733197113,134,79
2008-02-18,12032,0.99697334769991,147,93
2008-02-19,13548,1.0626889957115593,160,106
2008-02-20,13418,1.0636296400943277,173,120
2008-02-21,13507,1.080077951712171,185,133
2008-02-22,13183,1.0438926701997835,197,146
2008-02-23,8973,0.93276898323086,208,159
2008-02-24,7505,0.8449526051716233,220,171
2008-02-25,12621,1.0402446953591125,231,183
2008-02-26,13500,1.0517335756212458,242,196
2008-02-27,13316,1.0631678609359387,253,207
2008-02-28,13674,1.0883848270044596,264,219
2008-02-29,11631,0.9390176903535306,275,231
2008-03-01,8832,0.9129488211135437,286,243
2008-03-02,7535,0.8382779567308981,297,255
2008-03-03,12621,1.036870662781099,309,268
2008-03-04,13622,1.0545319131800672,320,281
2008-03-05,13160,1.0465251580844162,332,294
2008-03-06,13279,1.055983907981933,345,307
2008-03-07,13104,1.0479677696196432,358,321
2008-03-08,8409,0.8786991300611277,11,335
2008-03-09,7216,0.8139668481627014,24,349
2008-03-10,12648,1.0487980139174815,38,4
2008-03-11,13571,1.055483902132309,51,19
2008-03-12,13353,1.0772038897710714,65,33
2008-03-13,13037,1.0400026547497006,78,47
2008-03-14,13321,1.0695026952409914,91,61
2008-03-15,8806,0.9195637818587353,104,75
2008-03-16,7626,0.8517834432118917,117,89
2008-03-17,13006,1.072395314546082,129,103
2008-03-18,13766,1.0760985206440983,142,116
2008-03-19,13356,1.0572611969067887,154,129
2008-03-20,13614,1.0774149711183212,166,142
2008-03-21,12606,1.012651751875137,177,155
2008-03-22,8477,0.8867671890327932,189,167
2008-03-23,7174,0.8149871707969223,200,179
2008-03-24,12352,1.0251278478235237,211,192
2008-03-25,13572,1.0619739688339052,222,204
2008-03-26,13116,1.0471543416931663,233,215
2008-03-27,13224,1.058400373006823,244,227
2008-03-28,12886,1.0395719000976902,255,239
2008-03-29,8616,0.9058144223321446,266,251
2008-03-30,7368,0.8413281792457785,277,263
2008-03-31,12211,1.0547090549787017,289,276
2008-04-01,12771,1.003766660906967,300,288
2008-04-02,13491,1.0760114449771285,312,302
2008-04-03,13340,1.0664642914143838,325,315
2008-04-04,13405,1.0818056995185632,338,329
2008-04-05,8600,0.9100792586231682,351,344
2008-04-06,7606,0.8687671677828867,5,358
2008-04-07,12312,1.0312793499065436,19,13
2008-04-08,13526,1.0669671016605988,33,28
2008-04-09,13009,1.0515288344444156,47,43
2008-04-10,13236,1.0666994848820401,61,58
2008-04-11,13053,1.060314525657206,74,72
2008-04-12,8531,0.9156339380345963,87,86
2008-04-13,7384,0.8513222686396923,100,100
2008-04-14,12386,1.03785193846703,112,113
2008-04-15,13274,1.0459150847672674,124,126
2008-04-16,13120,1.0549840809250042,136,139
2008-04-17,13164,1.0619340115473204,147,151
2008-04-18,13090,1.0625954919277147,159,164
2008-04-19,8695,0.9218888678831327,170,176
2008-04-20,7504,0.8595850677584835,181,188
2008-04-21,12376,1.0417142335781455,192,200
2008-04-22,13428,1.0622227355073965,203,212
2008-04-23,13284,1.073287861001651,214,224
2008-04-24,13317,1.0765990170772373,225,236
2008-04-25,12851,1.0439486813646353,236,248
2008-04-26,8304,0.8827861972811483,247,260
2008-04-27,7439,0.856789886558485,258,272
2008-04-28,12325,1.0457240785823347,269,284
2008-04-29,13313,1.0654745763568685,281,297
2008-04-30,13210,1.057876149495983,293,310
2008-05-01,13520,1.0831882424280515,306,323
2008-05-02,12872,1.044530578726746,319,337
2008-05-03,8329,0.8834607930550276,332,352
2008-05-04,7135,0.8092802545633797,346,7
2008-05-05,12480,1.0431421219384838,360,22
2008-05-06,13416,1.0539198841902744,15,37
2008-05-07,13059,1.0462523567405593,29,52
2008-05-08,13387,1.077590835128691,43,67
2008-05-09,12934,1.0426905497239347,56,82
2008-05-10,8554,0.8990692165306637,70,96
2008-05-11,7293,0.8259360431110159,82,110
2008-05-12,12613,1.066000981241652,95,123
2008-05-13,13238,1.038533136338814,107,136
2008-05-14,13405,1.0583870355772724,118,148
2008-05-15,13521,1.072022446003908,130,161
2008-05-16,13062,1.0439850659827765,141,173
2008-05-17,8246,0.8588762196463103,152,185
2008-05-18,7573,0.8557998226942982,163,197
2008-05-19,12614,1.034534241703932,174,209
2008-05-20,13912,1.0685925390645228,185,221
2008-05-21,13853,1.0843334237488662,196,233
2008-05-22,13732,1.070723905999788,207,245
2008-05-23,13342,1.0481763252015297,218,257
2008-05-24,8529,0.8933827060269751,229,269
2008-05-25,7441,0.8574101833008027,240,281
2008-05-26,7948,0.6753570737294607,251,293
2008-05-27,13181,1.0376678520036775,263,306
2008-05-28,14397,1.1572904458034892,275,319
2008-05-29,13783,1.127692450814916,288,332
2008-05-30,13602,1.107358063500979,300,346
2008-05-31,8864,0.9164668234041637,314,360
2008-06-01,7651,0.8435880190022493,328,15
2008-06-02,12590,1.0249054835248188,342,30
2008-06-03,13459,1.0355518044764185,356,45
2008-06-04,13597,1.0656016457747117,10,61
2008-06-05,13438,1.0592055064203765,25,76
2008-06-06,13159,1.0445875089373506,38,91
2008-06-07,8708,0.9015211117879369,52,105
2008-06-08,7727,0.8643156920476152,65,119
2008-06-09,12450,1.0156580807272144,77,132
2008-06-10,13789,1.0591248099055268,89,145
2008-06-11,13609,1.0640501574861139,101,158
2008-06-12,13796,1.0999821544973054,112,170
2008-06-13,12394,0.9827571848950158,123,182
2008-06-14,8603,0.88099221544342,134,194
2008-06-15,7779,0.857770637309976,145,206
2008-06-16,12732,1.0301019224183459,156,218
2008-06-17,13756,1.046702799022615,167,230
2008-06-18,13638,1.062434257022491,178,242
2008-06-19,13452,1.0422262127858206,189,254
2008-06-20,13403,1.0491092253487073,200,266
2008-06-21,8857,0.9016401240494629,211,278
2008-06-22,7651,0.8454539396670432,223,290
2008-06-23,12794,1.0310660955071906,234,303
2008-06-24,13983,1.0525535628898035,246,315
2008-06-25,13728,1.0532733444688316,258,328
2008-06-26,13547,1.0387770577955955,270,342
2008-06-27,13411,1.031363108621313,283,355
2008-06-28,8991,0.8981055923096233,296,10
2008-06-29,7840,0.8421791241748909,310,24
2008-06-30,12898,1.0039681950663948,324,39
2008-07-01,14350,1.047126995388222,338,54
2008-07-02,14189,1.085461103207678,352,69
2008-07-03,14182,1.2573377429245451,6,84
2008-07-04,9449,0.8028631252867514,20,99
2008-07-05,8061,0.8113938612697487,33,113
2008-07-06,7725,0.8015848643415332,46,127
2008-07-07,13340,1.0168064680490405,59,141
2008-07-08,14771,1.0713316676204867,71,154
2008-07-09,14098,1.0444339171805193,83,166
2008-07-10,13952,1.0464130117710386,94,179
2008-07-11,13697,1.0401067029061408,105,191
2008-07-12,9084,0.9063514568249065,116,203
2008-07-13,7885,0.8373177112878998,127,215
2008-07-14,12881,0.9962234728792413,138,226
2008-07-15,14221,1.0325218495063055,149,238
2008-07-16,14016,1.038372918637301,160,250
2008-07-17,13987,1.0465617487108305,171,262
2008-07-18,13542,1.0265010374676455,182,275
2008-07-19,8978,0.8815772736431939,194,287
2008-07-20,7999,0.8471353639266493,205,300
2008-07-21,13053,1.010533045088847,217,312
2008-07-22,14241,1.036790796549478,229,325
2008-07-23,13994,1.0444217346301505,242,339
2008-07-24,13622,1.0177327676641328,254,352
2008-07-25,13417,1.0154494296909355,267,6
2008-07-26,8898,0.872866945982337,280,20
2008-07-27,7940,0.8384716467535405,293,34
2008-07-28,13054,1.0150277759178767,307,49
2008-07-29,14259,1.0418670673441233,321,63
2008-07-30,13883,1.0383903910083905,334,78
2008-07-31,13939,1.041158900472976,348,93
2008-08-01,13684,1.032231385910133,1,107
2008-08-02,9018,0.8863790860151672,15,121
2008-08-03,7911,0.8426818382935085,28,135
2008-08-04,13155,1.023745678192239,40,149
2008-08-05,13981,1.0230769973280203,52,162
2008-08-06,13800,1.0257449074414986,64,174
2008-08-07,13859,1.026199296659501,75,187
2008-08-08,15374,1.142845627810261,87,199
2008-08-09,9233,0.8986308625886072,98,211
2008-08-10,7951,0.8423142278586163,109,223
2008-08-11,13186,1.016676590893524,120,235
2008-08-12,14336,1.0519468715413038,131,247
2008-08-13,13933,1.0339071884609174,142,259
2008-08-14,14248,1.0523424762594515,153,271
2008-08-15,13890,1.0355164032010788,164,283
2008-08-16,9180,0.8905971966112186,176,296
2008-08-17,7848,0.8274001509889617,188,309
2008-08-18,13404,1.0358253453932023,200,322
2008-08-19,14348,1.0375007031258292,212,335
2008-08-20,14083,1.0449284731877204,225,349
2008-08-21,14010,1.0437629321223179,238,3
2008-08-22,13923,1.0448121903602627,251,17
2008-08-23,8997,0.8833040487231061,264,31
2008-08-24,8008,0.8489156024336081,277,45
2008-08-25,13051,1.0122658735510854,291,59
2008-08-26,14260,1.0344996624619385,304,73
2008-08-27,14213,1.045361200991698,317,88
2008-08-28,14718,1.0872503273594492,330,102
2008-08-29,14260,1.0641891092516798,343,116
2008-08-30,9182,0.8941867619018872,356,130
2008-08-31,8002,0.8774504684997629,9,143
2008-09-01,8105,0.66123593166304,21,157
2008-09-02,13488,1.0136427581500154,33,170
2008-09-03,14657,1.121642390728323,45,182
2008-09-04,14980,1.1537178334378153,56,195
2008-09-05,14475,1.109582180081884,68,207
2008-09-06,9450,0.942972231809978,79,219
2008-09-07,8209,0.8529857766560849,90,231
2008-09-08,13437,0.9999678095260628,100,243
2008-09-09,14567,1.0276733065851893,111,255
2008-09-10,14474,1.0650734113508202,122,267
2008-09-11,13391,0.9765188913045311,134,279
2008-09-12,14312,1.0612913339869587,145,291
2008-09-13,9552,0.9097130957236002,157,304
2008-09-14,8405,0.8592090759237211,169,317
2008-09-15,13775,1.0293292027355823,182,331
2008-09-16,14736,1.0345039226963455,195,345
2008-09-17,14316,1.0264524778307853,208,359
2008-09-18,14512,1.042004960696035,221,13
2008-09-19,14151,1.0224116978060638,234,27
2008-09-20,9227,0.8690063607359932,248,42
2008-09-21,8183,0.8380335849206478,261,56
2008-09-22,13246,0.9962447314167341,274,70
2008-09-23,14464,1.0242496092613673,287,84
2008-09-24,14016,1.012929436441372,300,98
2008-09-25,14176,1.0287014902604326,313,112
2008-09-26,13705,1.0056135613985238,326,125
2008-09-27,9168,0.880922491663881,338,139
2008-09-28,7892,0.8286406878546813,350,152
2008-09-29,12819,0.9927897666842725,2,165
2008-09-30,13737,0.993063518888787,14,178
2008-10-01,13761,1.019792457989147,26,190
2008-10-02,13742,1.027601097313826,37,203
2008-10-03,13189,1.0019339462119008,48,215
2008-10-04,8788,0.8675999242710903,59,227
2008-10-05,7609,0.8195598338890426,70,239
2008-10-06,12557,0.9971182726901623,81,251
2008-10-07,13728,1.028752842072636,92,262
2008-10-08,13499,1.0358133467381037,103,274
2008-10-09,13301,1.014058517784148,114,287
2008-10-10,13264,1.0292952136694513,126,299
2008-10-11,8624,0.874067482837894,138,312
2008-10-12,7590,0.8490372214133833,150,326
2008-10-13,11616,0.9453020464525738,163,339
2008-10-14,13396,1.015869113663764,176,354
2008-10-15,13299,1.0307266582542007,190,8
2008-10-16,13163,1.027617647129662,203,23
2008-10-17,12957,1.022101071653641,217,37
2008-10-18,8373,0.86200082450164,231,52
2008-10-19,7205,0.8048921733814189,244,67
2008-10-20,12384,1.0107463123775413,258,81
2008-10-21,13478,1.0365530463114125,271,95
2008-10-22,13256,1.0414832977114281,283,109
2008-10-23,13239,1.0400431369771708,296,122
2008-10-24,12872,1.0164819911834728,308,136
2008-10-25,8409,0.8641500983472886,320,149
2008-10-26,7318,0.8168142771271131,332,161
2008-10-27,12358,1.0134034157257383,344,174
2008-10-28,13528,1.0462024905891185,355,187
2008-10-29,12954,1.0288987150037048,7,199
2008-10-30,12950,1.0803053989703506,18,211
2008-10-31,11013,0.8813440582046638,29,223
2008-11-01,8395,0.8596878991250536,40,235
2008-11-02,7807,0.8685301711004927,50,247
2008-11-03,12887,1.050650850199824,61,259
2008-11-04,13244,1.0147684980821425,72,271
2008-11-05,13041,1.0220373632619113,83,283
2008-11-06,13153,1.0321109308909653,94,295
2008-11-07,13203,1.041086061585083,106,307
2008-11-08,8538,0.877819506402987,118,320
2008-11-09,7305,0.8135589523496942,130,333
2008-11-10,12333,1.007345526097825,143,347
2008-11-11,13323,1.0255580998107148,156,2
2008-11-12,12852,1.0234291037480163,170,16
2008-11-13,12541,0.9908311382048455,184,31
2008-11-14,12824,1.009984872147348,198,47
2008-11-15,8377,0.8586250666156162,212,62
2008-11-16,7225,0.8020789172880531,226,76
2008-11-17,12251,0.994647468404138,240,91
2008-11-18,13202,1.0081212949481757,253,105
2008-11-19,12874,0.9877779990169241,266,119
2008-11-20,13436,1.0346248858195595,278,133
2008-11-21,13189,1.0631048223820532,290,146
2008-11-22,8449,0.9203096032548068,302,158
2008-11-23,7301,0.8816205059146951,313,171
2008-11-24,13493,1.1881709086490988,325,183
2008-11-25,13929,1.1677883666699487,336,196
2008-11-26,12242,1.044975305872397,347,208
2008-11-27,7126,0.6061349895651986,358,220
2008-11-28,9247,0.7590770844501208,9,232
2008-11-29,7803,0.8114393809642995,20,244
2008-11-30,7315,0.8084696153848625,31,255
2008-12-01,13029,1.0601705003766326,42,267
2008-12-02,14138,1.0887574232370212,52,279
2008-12-03,13317,1.0527008834560243,63,291
2008-12-04,13250,1.0508692416996415,75,303
2008-12-05,12734,1.0217271296846646,86,316
2008-12-06,8422,0.8814187036023015,98,328
2008-12-07,7282,0.8213474500211307,110,342
2008-12-08,12322,1.0218982811980464,123,355
2008-12-09,13112,1.0205948263616684,136,10
2008-12-10,13113,1.0396136724274723,149,24
2008-12-11,12851,1.0085666430834355,163,39
2008-12-12,12903,1.0280677380676726,178,55
2008-12-13,8436,0.8704074693039915,192,70
2008-12-14,7380,0.8127931561642107,206,85
2008-12-15,12377,0.9908272825531986,220,100
2008-12-16,13900,1.0356716743711871,234,114
2008-12-17,13814,1.040996221228905,247,128
2008-12-18,14324,1.0701451008692207,259,142
2008-12-19,14007,1.0529033047765057,271,155
2008-12-20,8665,0.8507205429795918,283,168
2008-12-21,7635,0.8426317655476373,295,181
2008-12-22,13831,1.1993384754453351,306,193
2008-12-23,13374,1.2510584476985438,317,205
2008-12-24,9235,1.014681299982846,328,217
2008-12-25,6471,0.6130547843090417,339,229
2008-12-26,10890,0.8645719429549653,350,241
2008-12-27,8728,0.8436980448549816,360,252
2008-12-28,7677,0.7992483938976414,11,264
2008-12-29,13951,1.0644121300603417,22,276
2008-12-30,15645,1.2093741511551344,33,288
2008-12-31,12906,1.042401029506786,44,300
2009-01-01,8145,0.8620211497982418,55,312
2009-01-02,10995,1.0340882568735463,67,325
2009-01-03,8338,0.9156785329300654,78,338
2009-01-04,7283,0.8566295563180355,91,351
2009-01-05,12125,1.051422846273791,103,4
2009-01-06,13222,1.0599179393872005,116,18
2009-01-07,13119,1.0695607779834073,129,33
2009-01-08,13019,1.0940971159816042,143,48
2009-01-09,12647,1.0743634814564014,157,63
2009-01-10,8233,0.8869981651421526,171,78
2009-01-11,7122,0.8312621223673767,186,93
2009-01-12,12178,1.0470363231914683,199,108
2009-01-13,12597,1.0183662576504302,213,123
2009-01-14,13013,1.047204181825499,226,137
2009-01-15,12800,1.0684607876683105,239,151
2009-01-16,12542,1.0523960240673476,251,164
2009-01-17,8175,0.8806753614234536,263,177
2009-01-18,7151,0.8359695530521517,275,189
2009-01-19,11353,0.9852455284991636,286,202
2009-01-20,12935,1.0311254357833222,297,214
2009-01-21,12822,1.0421348378859825,308,226
2009-01-22,13125,1.0874284152536906,319,238
2009-01-23,12995,1.0768318866543327,330,249
2009-01-24,8357,0.8939992847420855,341,261
2009-01-25,7261,0.8466825179185083,351,273
2009-01-26,12156,1.048906563417902,2,285
2009-01-27,13107,1.0472018097606255,13,297
2009-01-28,12703,1.0338493749845676,25,309
2009-01-29,12729,1.064594992633996,36,322
2009-01-30,12527,1.0465957818014864,48,335
2009-01-31,8201,0.8895049956438401,60,348
2009-02-01,7255,0.850031933194934,72,1
2009-02-02,12525,1.0713058356045293,85,14
2009-02-03,13330,1.0624432697050923,97,28
2009-02-04,12894,1.0468695954109115,110,42
2009-02-05,12817,1.0629402100157181,124,57
2009-02-06,12517,1.0400561626512383,138,71
2009-02-07,8451,0.8999433940269502,151,86
2009-02-08,7462,0.8678204958126805,165,101
2009-02-09,12484,1.0745958896102898,179,116
2009-02-10,13612,1.0716096919633407,192,130
2009-02-11,13219,1.0618533561202352,206,145
2009-02-12,13635,1.1083316088024593,219,158
2009-02-13,11832,0.9964355128092939,231,172
2009-02-14,8550,0.871456346706315,243,185
2009-02-15,7434,0.8561459405918355,255,198
2009-02-16,11731,1.005280031169553,266,210
2009-02-17,13151,1.0445160354706005,277,222
2009-02-18,13324,1.073801715786855,288,234
2009-02-19,13171,1.0908241010064805,299,246
2009-02-20,12995,1.0671009447080875,310,258
2009-02-21,8628,0.9233312534280692,320,269
2009-02-22,7286,0.8387551962118456,331,281
2009-02-23,12363,1.0579498515100854,343,294
2009-02-24,13110,1.035081737255874,354,306
2009-02-25,13084,1.048880527889782,6,319
2009-02-26,13134,1.0803735960857184,17,331
2009-02-27,12732,1.0530554979157905,29,344
2009-02-28,8396,0.8943562203415544,42,358
2009-03-01,7342,0.8617386247378881,54,11
2009-03-02,12276,1.0445976287356447,67,25
2009-03-03,13265,1.0349094329360384,80,39
2009-03-04,12903,1.0310156597316873,93,53
2009-03-05,13176,1.0769794513929296,106,67
2009-03-06,13081,1.0776092391763896,119,81
2009-03-07,8556,0.9105711870143772,133,96
2009-03-08,7314,0.8503612435826956,146,110
2009-03-09,12400,1.0666509223343394,159,124
2009-03-10,13568,1.073288136620236,173,139
2009-03-11,12999,1.0483919739694694,186,153
2009-03-12,13134,1.0785536553788284,198,166
2009-03-13,12087,1.010099515715654,211,180
2009-03-14,8396,0.8963557548414824,223,193
2009-03-15,7130,0.8322217189789385,234,205
2009-03-16,12264,1.0542414864608647,246,218
2009-03-17,13542,1.060731593270954,257,230
2009-03-18,12987,1.0415107169068454,268,242
2009-03-19,12706,1.0487164968757792,279,254
2009-03-20,12927,1.0600594170935782,290,266
2009-03-21,8286,0.8775934788856947,300,277
2009-03-22,7168,0.8371152871484618,311,289
2009-03-23,12056,1.038186687810652,323,302
2009-03-24,13309,1.0602911260485819,334,314
2009-03-25,13027,1.0515475260237814,346,327
2009-03-26,12785,1.0562719146297967,358,340
2009-03-27,12692,1.04970177111564,11,354
2009-03-28,8381,0.8977061142500377,24,8
2009-03-29,7348,0.8618069919237771,37,22
2009-03-30,12330,1.0670908639193222,50,36
2009-03-31,13136,1.0518874159292309,63,50
2009-04-01,12247,1.0288567367269499,76,64
2009-04-02,13233,1.098173992060253,89,78
2009-04-03,13078,1.0805395267974716,102,92
2009-04-04,8389,0.897536010457168,115,106
2009-04-05,7238,0.8491912026776006,128,120
2009-04-06,12200,1.0627849117134682,141,134
2009-04-07,13589,1.088491091505833,154,148
2009-04-08,13177,1.0735147232477191,167,161
2009-04-09,13278,1.1059087383024504,179,175
2009-04-10,12007,1.0053987939464144,191,188
2009-04-11,7906,0.8526942525852228,203,201
2009-04-12,6864,0.8105990838618058,215,213
2009-04-13,11617,1.0264096180332896,226,226
2009-04-14,13415,1.0846341752713269,237,238
2009-04-15,12804,1.0435030794547577,248,250
2009-04-16,13095,1.0894444624510602,259,262
2009-04-17,12481,1.0396520910489722,270,273
2009-04-18,8364,0.9029732398586091,281,285
2009-04-19,7309,0.8625628414452844,292,297
2009-04-20,12252,1.0693521739289114,303,310
2009-04-21,13273,1.066241134654189,315,322
2009-04-22,12958,1.0608403192717881,327,335
2009-04-23,12872,1.0751158655573456,339,349
2009-04-24,12231,1.0237075199193695,352,3
2009-04-25,8191,0.8862080771465102,5,17
2009-04-26,7198,0.8500775159752263,19,31
2009-04-27,12199,1.0675720845259635,32,46
2009-04-28,13243,1.0696370891625693,46,60
2009-04-29,12701,1.0481220089253502,59,75
2009-04-30,12413,1.0489357668150863,73,89
2009-05-01,12930,1.0726477098626217,86,103
2009-05-02,8169,0.8758855075908818,99,117
2009-05-03,7220,0.8517591069552828,112,131
2009-05-04,12126,1.058806909473779,124,144
2009-05-05,13358,1.0625190066675627,137,158
2009-05-06,12686,1.0313292820462507,149,171
2009-05-07,13088,1.085582452497248,161,184
2009-05-08,12738,1.0571931701151756,173,197
2009-05-09,8180,0.8812012979940989,184,209
2009-05-10,7339,0.8601296707513338,196,222
2009-05-11,12410,1.073743252460383,207,234
2009-05-12,13415,1.0654208310358613,218,246
2009-05-13,12920,1.0620512313542199,229,258
2009-05-14,13033,1.079561420717168,240,270
2009-05-15,12874,1.0529743078952745,251,281
2009-05-16,8327,0.8835575238169123,262,293
2009-05-17,7256,0.8431140789903915,273,305
2009-05-18,12467,1.0689416309026092,284,318
2009-05-19,13543,1.0732710510324326,296,330
2009-05-20,13694,1.0923608107203229,308,343
2009-05-21,13569,1.100462861877389,320,357
2009-05-22,13314,1.0795782838836527,333,11
2009-05-23,8618,0.8992933730597374,347,25
2009-05-24,7481,0.8544320398914527,360,40
2009-05-25,8058,0.6948186610379303,14,55
2009-05-26,13239,1.0698005491781175,28,70
2009-05-27,14350,1.1859632733499457,42,84
2009-05-28,14057,1.1684432565535399,56,99
2009-05-29,13290,1.1066796418023326,69,113
2009-05-30,8602,0.9418842917336516,82,127
2009-05-31,7480,0.8853018270496018,95,141
2009-06-01,12541,1.0673920220656747,108,155
2009-06-02,13408,1.036732000617702,120,168
2009-06-03,13080,1.0356418099232054,132,181
2009-06-04,13036,1.0590302564226166,144,194
2009-06-05,12648,1.0268339488946108,155,206
2009-06-06,8428,0.8890400358533452,166,218
2009-06-07,7221,0.8333429143071607,178,231
2009-06-08,12472,1.0629145875429535,189,243
2009-06-09,13368,1.0486202113729157,200,254
2009-06-10,13248,1.0511682641237183,211,266
2009-06-11,13079,1.0607032248934207,221,278
2009-06-12,12780,1.0351262375829509,232,290
2009-06-13,8376,0.8937587801435928,243,302
2009-06-14,7380,0.8507374641062398,254,314
2009-06-15,12465,1.0507979455231684,266,326
2009-06-16,13542,1.047178013603732,277,339
2009-06-17,13440,1.0576125139470847,289,352
2009-06-18,13611,1.093518744750098,302,5
2009-06-19,12846,1.0366827544664463,315,19
2009-06-20,8603,0.8920234159045218,328,33
2009-06-21,7559,0.8601763435802682,342,48
2009-06-22,12396,1.0388023826695878,356,63
2009-06-23,13700,1.0616530677819462,10,78
2009-06-24,13268,1.0399904878485808,24,93
2009-06-25,13362,1.061989676538139,38,108
2009-06-26,12981,1.0317359173842593,52,123
2009-06-27,8474,0.8695986903669766,65,137
2009-06-28,7471,0.83528297093818,78,151
2009-06-29,12776,1.0505557163969388,91,165
2009-06-30,14061,1.0592413329996972,103,178
2009-07-01,14311,1.083456073540359,115,191
2009-07-02,13931,1.0733336047531152,126,203
2009-07-03,10630,0.8424076809580919,138,215
2009-07-04,7978,0.9465851832123591,149,228
2009-07-05,7333,0.9058197975845621,160,240
2009-07-06,12415,1.0287131809508236,171,251
2009-07-07,14208,1.0338898461919033,182,263
2009-07-08,14252,1.0565791314927062,193,275
2009-07-09,13566,1.0388930397895573,203,287
2009-07-10,13276,1.0188664954371074,214,299
2009-07-11,8769,0.8801727781307962,225,311
2009-07-12,7627,0.8419971985139433,236,323
2009-07-13,12570,1.0324275223366237,248,335
2009-07-14,14086,1.0489784487385123,260,348
2009-07-15,13939,1.0485340845530478,272,1
2009-07-16,14012,1.0741729766925623,284,14
2009-07-17,13258,1.0174986826520473,297,28
2009-07-18,8626,0.8637756065971233,310,42
2009-07-19,7536,0.8304661471067644,324,57
2009-07-20,12612,1.019458452456262,338,72
2009-07-21,13974,1.0378346244935461,352,87
2009-07-22,13657,1.0283459348836133,6,102
2009-07-23,13880,1.0669525179360035,20,117
2009-07-24,13132,1.01529321125947,34,132
2009-07-25,8887,0.8885855788599248,48,146
2009-07-26,7716,0.8489841062549235,61,160
2009-07-27,12684,1.0242752147396483,73,174
2009-07-28,14163,1.0488501284084446,86,187
2009-07-29,13619,1.0299669347586755,97,200
2009-07-30,13537,1.0443610110780897,109,212
2009-07-31,13307,1.031060313235574,120,225
2009-08-01,8684,0.8680733262268984,131,237
2009-08-02,7492,0.8216109599881827,142,248
2009-08-03,12642,1.0228921354360443,153,260
2009-08-04,13937,1.0410985728749065,164,272
2009-08-05,13510,1.0225871297059512,175,284
2009-08-06,13377,1.0335554732352978,186,296
2009-08-07,13122,1.0103850073929503,197,308
2009-08-08,8830,0.8750073887310263,208,320
2009-08-09,7683,0.8303018170193129,219,332
2009-08-10,12759,1.0222565829112258,231,345
2009-08-11,14021,1.0416496543338258,242,357
2009-08-12,13764,1.0321864675034638,255,10
2009-08-13,13391,1.0374897236435447,267,24
2009-08-14,13398,1.0299199436283146,280,37
2009-08-15,8566,0.8467056598560363,293,51
2009-08-16,7750,0.8399644394608862,306,66
2009-08-17,13104,1.0465194663254165,320,80
2009-08-18,14226,1.0517916227215713,334,95
2009-08-19,13634,1.0247528819918326,348,110
2009-08-20,13994,1.068424604896397,2,125
2009-08-21,13291,1.0215876143354685,15,140
2009-08-22,8952,0.8925550395705402,29,155
2009-08-23,7650,0.8345864008576119,42,169
2009-08-24,12664,1.023500800257745,55,182
2009-08-25,13928,1.0354270605378637,67,196
2009-08-26,13770,1.0387917474211676,79,209
2009-08-27,13861,1.0617209107033647,91,221
2009-08-28,13530,1.0308725950909976,102,233
2009-08-29,8805,0.870485031650712,113,245
2009-08-30,7702,0.8356169861642543,124,257
2009-08-31,12758,1.0227708212915758,135,269
2009-09-01,14107,1.0847983879007896,145,281
2009-09-02,13659,1.0838422472392801,156,292
2009-09-03,13900,1.1029533510908633,167,305
2009-09-04,13622,1.079883186366672,179,317
2009-09-05,8959,0.9234184079814349,190,329
2009-09-06,7587,0.8455035701045556,202,342
2009-09-07,7947,0.652792404599008,213,354
2009-09-08,13555,0.9877370793330021,225,7
2009-09-09,16081,1.1639665474676661,238,21
2009-09-10,14887,1.1089121037026035,250,34
2009-09-11,13032,0.9934102182456062,263,48
2009-09-12,9264,0.9041019054561213,276,62
2009-09-13,7871,0.848532856550429,289,76
2009-09-14,13393,1.050008429901685,302,90
2009-09-15,14558,1.0436458602907532,316,105
2009-09-16,14130,1.026948329778766,329,119
2009-09-17,14095,1.0447745591725421,343,134
2009-09-18,13951,1.0362130876317168,357,148
2009-09-19,9032,0.8679158999032964,10,163
2009-09-20,8014,0.8417681273508977,23,177
2009-09-21,13415,1.0400588068563927,36,191
2009-09-22,14318,1.0283040167521076,48,204
2009-09-23,13973,1.0221501352313647,60,217
2009-09-24,14048,1.0503568497837046,72,229
2009-09-25,13449,1.0068659953748027,83,241
2009-09-26,9013,0.8752986010309459,94,253
2009-09-27,7817,0.8338667449473224,105,265
2009-09-28,12723,1.0063693587012756,115,277
2009-09-29,13829,1.0182636858046268,126,289
2009-09-30,13465,1.0142692210057758,137,301
2009-10-01,13628,1.0402128974566198,148,313
2009-10-02,13264,1.018269864094056,160,325
2009-10-03,8548,0.8554415238896919,171,338
2009-10-04,7443,0.822014924212586,183,351
2009-10-05,12559,1.0206792873884964,196,4
2009-10-06,13674,1.0328540548780367,208,17
2009-10-07,13078,1.0100569427989579,221,31
2009-10-08,13174,1.04238083092406,233,45
2009-10-09,12706,1.0099859520212127,246,58
2009-10-10,8577,0.8751154127121646,259,72
2009-10-11,7268,0.8199451841166852,272,86
2009-10-12,12105,1.009963767925135,285,101
2009-10-13,12941,1.015180092847781,299,115
2009-10-14,12882,1.019626311587604,312,129
2009-10-15,13115,1.0501126543571757,325,143
2009-10-16,12605,1.0120313113364778,338,157
2009-10-17,8155,0.8520240164906107,351,171
2009-10-18,7356,0.8435980480076176,4,185
2009-10-19,12056,1.0217263960966674,16,199
2009-10-20,13142,1.0295690619469997,29,212
2009-10-21,12924,1.0259398895669811,40,225
2009-10-22,12935,1.050358351586356,52,237
2009-10-23,12621,1.0272121737387423,63,249
2009-10-24,8353,0.8781927564265098,74,261
2009-10-25,7120,0.8174065472586339,85,273
2009-10-26,12238,1.0352853397787953,96,285
2009-10-27,13230,1.0355738157526868,106,297
2009-10-28,13043,1.0402923661917953,117,309
2009-10-29,12683,1.0356407416350444,129,321
2009-10-30,11978,0.9855521680857219,140,333
2009-10-31,7658,0.8549551623032007,152,346
2009-11-01,7519,0.8747911631317071,164,359
2009-11-02,12212,1.0294652536526634,177,13
2009-11-03,13205,1.0302187206901965,189,27
2009-11-04,12743,1.0104667219065924,202,41
2009-11-05,12805,1.0359346678277583,216,55
2009-11-06,12314,0.9997274203336681,229,69
2009-11-07,8044,0.8447434212816838,242,83
2009-11-08,7260,0.8322524650617178,255,97
2009-11-09,11874,1.0049649275347983,268,112
2009-11-10,13287,1.0377339968865744,281,126
2009-11-11,12889,1.0239357316330078,294,140
2009-11-12,12751,1.0363524214360447,307,153
2009-11-13,11739,0.9683775790128607,320,167
2009-11-14,8281,0.8755913490720679,332,181
2009-11-15,7232,0.8280455692855483,345,194
2009-11-16,11940,1.0074515248575644,357,207
2009-11-17,12950,1.0081828829134543,9,220
2009-11-18,12866,1.0159794723603046,20,233
2009-11-19,12822,1.0337935360680865,32,245
2009-11-20,13002,1.0334336116046499,43,257
2009-11-21,8335,0.8589536472461631,54,269
2009-11-22,7230,0.8472410268914207,65,281
2009-11-23,13125,1.176881510573838,75,293
2009-11-24,13907,1.1776685869715124,86,304
2009-11-25,11986,1.026569630702091,97,316
2009-11-26,6864,0.6076121654751296,108,329
2009-11-27,8750,0.773727944262892,120,341
2009-11-28,7604,0.8655991946496896,132,354
2009-11-29,7169,0.8555552572702649,144,7
2009-11-30,12542,1.0736582233554839,157,21
2009-12-01,13900,1.0773441900984428,170,35
2009-12-02,13267,1.049980189591533,183,49
2009-12-03,12952,1.053137232671144,197,64
2009-12-04,12131,0.9933945366786191,210,79
2009-12-05,7855,0.8337391412183958,224,93
2009-12-06,7103,0.8285454851358184,237,108
2009-12-07,11732,1.0107502636423995,251,122
2009-12-08,12823,1.0142760775707254,264,136
2009-12-09,12497,1.0080358517205505,277,150
2009-12-10,12299,1.0107859650151412,289,164
2009-12-11,11834,0.9719145035626899,302,177
2009-12-12,8082,0.848863229948012,314,191
2009-12-13,7027,0.8139644692278343,326,204
2009-12-14,12254,1.0408033903927953,338,216
2009-12-15,13347,1.030855134505056,349,229
2009-12-16,12961,1.0091711361388922,360,241
2009-12-17,13425,1.0561523560129342,12,253
2009-12-18,13478,1.0521598619770194,23,265
2009-12-19,8436,0.8434631727318235,33,277
2009-12-20,7225,0.7895609707393156,44,289
2009-12-21,13512,1.092050630131962,55,301
2009-12-22,14102,1.0914398280989037,66,313
2009-12-23,11819,0.9968106332049586,77,325
2009-12-24,8441,0.8337102881539329,88,337
2009-12-25,6160,0.70113241468609,99,349
2009-12-26,7172,0.9093254913329524,111,2
2009-12-27,7480,0.8633349379543804,123,15
2009-12-28,13354,1.0626456313379298,136,29
2009-12-29,14600,1.0659415447468719,149,43
2009-12-30,13829,1.0262165101478533,162,57
2009-12-31,11667,0.952246295622046,176,72
2010-01-01,7871,0.8630147055022769,190,87
2010-01-02,6990,0.8839457983297034,204,102
2010-01-03,6988,0.8636718227786381,218,117
2010-01-04,11844,1.0606389077085183,232,132
2010-01-05,12995,1.0803691548752268,245,147
2010-01-06,12520,1.0597886705247868,259,161
2010-01-07,12541,1.0641390235404586,271,174
2010-01-08,12183,1.0607033519991433,284,188
2010-01-09,7809,0.8919596934833106,295,201
2010-01-10,6963,0.8442590290220383,307,213
2010-01-11,11892,1.0567623543606,319,226
2010-01-12,12921,1.0650797686095101,330,238
2010-01-13,12307,1.0505795091814227,341,250
2010-01-14,12543,1.0505502386524568,352,262
2010-01-15,12278,1.0617877206198931,3,274
2010-01-16,8032,0.9061961015030555,13,286
2010-01-17,7131,0.8645562090446947,24,298
2010-01-18,11220,0.9986261860585065,35,309
2010-01-19,12510,1.040857736548367,46,321
2010-01-20,12514,1.0533703053901973,57,333
2010-01-21,12762,1.0795638849276323,68,345
2010-01-22,12364,1.061260041200977,79,358
2010-01-23,7996,0.8909031536729987,91,10
2010-01-24,7014,0.8444369791344484,103,23
2010-01-25,11623,1.0318790723508764,116,37
2010-01-26,12821,1.060640586939271,128,51
2010-01-27,12441,1.049596148491714,142,65
2010-01-28,12342,1.0454372706406065,156,80
2010-01-29,11838,1.0257225871839453,170,95
2010-01-30,8035,0.9026177531054365,184,110
2010-01-31,6832,0.8339579441041273,198,126
2010-02-01,11445,1.0209395595941069,212,141
2010-02-02,12831,1.0521955756117625,226,155
2010-02-03,12453,1.0480679539200384,239,170
2010-02-04,12369,1.045203789686896,252,184
2010-02-05,12362,1.0621176896186493,265,197
2010-02-06,7948,0.8879744816926083,277,210
2010-02-07,6893,0.826095169961694,288,223
2010-02-08,11912,1.0547408191061316,299,235
2010-02-09,12747,1.0519609802783039,311,247
2010-02-10,12535,1.042026789410009,321,259
2010-02-11,12389,1.0357707914665037,332,271
2010-02-12,12281,1.0342124441291776,343,283
2010-02-13,7947,0.8998711672665147,354,294
2010-02-14,7167,0.8221132345732659,5,306
2010-02-15,11156,0.9781831140442095,16,318
2010-02-16,12363,1.015724950162085,26,330
2010-02-17,12734,1.0679748686430521,38,342
2010-02-18,12764,1.070625863337821,49,355
2010-02-19,12401,1.0640306381595177,60,7
2010-02-20,8201,0.9054867922378809,72,20
2010-02-21,7211,0.8684755731084975,84,33
2010-02-22,11996,1.051402304886482,96,46
2010-02-23,12628,1.0360387904300112,109,60
2010-02-24,12438,1.0369608509347807,122,74
2010-02-25,12449,1.0386791644046456,136,88
2010-02-26,12046,1.0265527231290998,149,103
2010-02-27,7832,0.8709904560268705,164,118
2010-02-28,6895,0.8265841727215492,178,134
2010-03-01,11984,1.0709011632684424,192,149
2010-03-02,12868,1.0497924338675781,206,164
2010-03-03,12525,1.031840759623479,219,178
2010-03-04,12549,1.0436266222652113,232,192
2010-03-05,12272,1.0392035661257055,245,206
2010-03-06,7832,0.8675192628629199,257,219
2010-03-07,6887,0.8248745866332728,269,232
2010-03-08,11514,1.0192040443941959,280,244
2010-03-09,12839,1.0588441881673445,291,256
2010-03-10,12740,1.0641669717671047,302,268
2010-03-11,12481,1.0476702034123753,313,280
2010-03-12,12347,1.0504312710240986,324,291
2010-03-13,7893,0.8868983175841412,334,303
2010-03-14,6808,0.8179791635883926,345,315
2010-03-15,11548,1.026225263487964,356,327
2010-03-16,12700,1.0466751465747997,7,339
2010-03-17,12781,1.0571275307153585,19,352
2010-03-18,12054,1.0061148407771892,30,4
2010-03-19,12119,1.0362808795862797,42,17
2010-03-20,8005,0.8826324360443022,54,30
2010-03-21,6992,0.8334212908200034,66,43
2010-03-22,11657,1.0364789434672508,78,56
2010-03-23,12752,1.0528118167676417,91,70
2010-03-24,12473,1.0492777835020555,104,84
2010-03-25,12591,1.0578063802806041,117,98
2010-03-26,12088,1.034643901505314,131,112
2010-03-27,7995,0.8890791427707542,144,127
2010-03-28,6922,0.8344198946358645,158,142
2010-03-29,11745,1.0487701006669314,172,157
2010-03-30,12868,1.067700896853604,186,172
2010-03-31,12619,1.0670159557746408,199,186
2010-04-01,11994,1.048698622858226,213,200
2010-04-02,11666,1.0029892183378657,225,214
2010-04-03,7854,0.8725218462293114,237,227
2010-04-04,6721,0.8092641389674555,249,240
2010-04-05,11571,1.0335802737213058,260,252
2010-04-06,12888,1.0763940963037648,272,264
2010-04-07,12228,1.0342669905912938,283,276
2010-04-08,12312,1.0439544058262622,293,288
2010-04-09,11988,1.0344150020121667,304,300
2010-04-10,7844,0.8831358640099913,315,312
2010-04-11,6907,0.8383795849821672,326,324
2010-04-12,11964,1.0757011897005575,337,336
2010-04-13,12549,1.0630068745942787,349,348
2010-04-14,12708,1.0849498574831897,360,1
2010-04-15,12614,1.0699472372491334,12,14
2010-04-16,12136,1.0460118669415641,24,27
2010-04-17,7878,0.882349638616385,36,40
2010-04-18,6978,0.8478256150894194,49,53
2010-04-19,11845,1.0642759766796983,61,67
2010-04-20,13010,1.0886575663734759,74,80
2010-04-21,12594,1.0682917670017977,87,94
2010-04-22,12485,1.0638050658244205,100,108
2010-04-23,12095,1.0465899577340603,113,123
2010-04-24,7964,0.8962543286123363,127,137
2010-04-25,6965,0.8480756844807827,140,152
2010-04-26,12034,1.0820394755030815,154,166
2010-04-27,12619,1.0587615190831108,167,180
2010-04-28,12500,1.0661049039945725,180,194
2010-04-29,12374,1.0627852091838443,193,208
2010-04-30,11852,1.0375886981466427,206,222
2010-05-01,7911,0.8824214510739569,218,235
2010-05-02,6922,0.8352659012292929,230,248
2010-05-03,11995,1.0773734063401605,241,260
2010-05-04,12770,1.0690310767543854,252,272
2010-05-05,12801,1.0751746585564985,263,284
2010-05-06,12410,1.050040109333491,274,296
2010-05-07,11914,1.023784558711803,285,308
2010-05-08,7877,0.879022592014107,296,320
2010-05-09,6823,0.8272026337838413,307,332
2010-05-10,12286,1.0962862406010145,318,344
2010-05-11,12845,1.065523432711047,330,356
2010-05-12,12637,1.0597766486764189,342,9
2010-05-13,12246,1.0477041729511802,354,22
2010-05-14,12337,1.0587025923607283,6,36
2010-05-15,7963,0.8757236391132834,19,49
2010-05-16,7022,0.83853617407304,32,63
2010-05-17,11953,1.0574318757860526,45,77
2010-05-18,12854,1.0566485410907984,58,91
2010-05-19,12411,1.0385828963359134,71,105
2010-05-20,12559,1.0426830495355903,84,119
2010-05-21,12302,1.0336290860380122,97,134
2010-05-22,8093,0.882350660702652,110,148
2010-05-23,7094,0.8331070319478414,124,162
2010-05-24,11893,1.034178965729615,137,176
2010-05-25,13421,1.1095051374461342,150,190
2010-05-26,12972,1.1068644216449135,162,203
2010-05-27,13115,1.1281038967888297,175,217
2010-05-28,12519,1.078067793292262,187,230
2010-05-29,8159,0.9135239977534327,199,243
2010-05-30,7111,0.8762812259544335,211,256
2010-05-31,7436,0.6700628722009645,222,268
2010-06-01,12591,1.0274299910892526,233,280
2010-06-02,13812,1.1277138806919271,244,292
2010-06-03,13150,1.0836500349021663,255,304
2010-06-04,12640,1.0638307539417071,266,316
2010-06-05,8260,0.9016635148523957,277,328
2010-06-06,7374,0.8754163184065549,288,340
2010-06-07,11924,1.0476947804930594,299,352
2010-06-08,12874,1.0519037425006494,311,5
2010-06-09,12419,1.0286751959939782,323,17
2010-06-10,12824,1.059026666723621,335,31
2010-06-11,11965,1.005294955430477,348,44
2010-06-12,8011,0.8724394238384934,1,58
2010-06-13,6963,0.8361703438231695,14,73
2010-06-14,11929,1.0469589309929281,28,87
2010-06-15,12805,1.034919917502289,41,101
2010-06-16,12654,1.0332499419672632,55,116
2010-06-17,12836,1.0512802026595163,68,130
2010-06-18,12331,1.0263510869467514,81,145
2010-06-19,8085,0.8772917958780446,95,159
2010-06-20,7164,0.8359814136839541,108,173
2010-06-21,11922,1.0329009515231626,120,186
2010-06-22,12838,1.0314518784449695,133,200
2010-06-23,12878,1.0537809088673005,145,213
2010-06-24,12671,1.0337041518440002,157,226
2010-06-25,12552,1.0335302897515881,169,239
2010-06-26,8294,0.8863607540765892,181,252
2010-06-27,7234,0.8354561003669418,192,264
2010-06-28,12157,1.0348269216015713,203,276
2010-06-29,13042,1.0281787249894894,214,288
2010-06-30,12767,1.015564293421911,225,300
2010-07-01,13181,1.0386067773134344,236,312
2010-07-02,12486,0.9966374813697279,247,324
2010-07-03,7932,0.8451968046959714,258,336
2010-07-04,7279,0.9719683031078327,269,348
2010-07-05,8444,0.7941357711650731,281,360
2010-07-06,12772,1.0146277141854927,292,13
2010-07-07,13940,1.0711343556325412,304,26
2010-07-08,13421,1.0355535380574818,317,39
2010-07-09,12843,1.0189361191214916,329,53
2010-07-10,8485,0.8755641508004179,343,67
2010-07-11,7382,0.8338858724329624,356,81
2010-07-12,12408,1.0429058313484292,10,96
2010-07-13,12697,0.9998288072272,24,111
2010-07-14,13031,1.0246993956780124,38,126
2010-07-15,13118,1.0270226614737588,52,140
2010-07-16,12888,1.02357830446183,65,155
2010-07-17,8370,0.8637088833706087,79,169
2010-07-18,7352,0.828536589886745,91,183
2010-07-19,11865,0.9954860930681158,104,197
2010-07-20,13291,1.0300147814665144,116,210
2010-07-21,13158,1.0318989069609423,128,223
2010-07-22,12939,1.0140190278430663,140,236
2010-07-23,12542,0.9988122814595782,152,248
2010-07-24,8396,0.8728088186615272,163,261
2010-07-25,7392,0.831803515344507,174,273
2010-07-26,12262,1.0272001250996377,185,285
2010-07-27,13264,1.0269165993329632,196,297
2010-07-28,12877,1.006961184136953,207,308
2010-07-29,12952,1.0194744922608447,218,320
2010-07-30,12320,0.984691932473172,229,332
2010-07-31,8361,0.8710603083680049,240,344
2010-08-01,7370,0.8291226844603314,251,356
2010-08-02,12092,1.00960851472116,262,8
2010-08-03,13136,1.019007601110882,274,21
2010-08-04,12911,1.018409134181408,286,34
2010-08-05,12929,1.0185242516649047,298,47
2010-08-06,12556,1.0050503564781597,311,61
2010-08-07,8516,0.8816751494851498,324,75
2010-08-08,7361,0.8209232336752093,338,89
2010-08-09,12923,1.0632977877985716,352,104
2010-08-10,13514,1.0380718718430377,6,120
2010-08-11,13084,1.0264151977792673,20,135
2010-08-12,13365,1.0431431860554383,34,150
2010-08-13,12092,0.9705778659974321,48,165
2010-08-14,8445,0.8728693339721038,62,179
2010-08-15,7352,0.8178517812637568,75,193
2010-08-16,12409,1.023958588875791,87,207
2010-08-17,13286,1.0172739069856496,100,220
2010-08-18,13102,1.0228792103366422,111,233
2010-08-19,12964,1.0141363429682682,123,245
2010-08-20,12910,1.021150382654959,134,258
2010-08-21,8404,0.8685405354849164,145,270
2010-08-22,7461,0.8371951151533418,156,282
2010-08-23,12195,1.0129268521273729,167,294
2010-08-24,13226,1.0248163211534542,178,305
2010-08-25,13328,1.046250287960104,189,317
2010-08-26,13008,1.0213310708983174,200,329
2010-08-27,12966,1.0289239481081334,211,341
2010-08-28,8553,0.8762171662246678,222,353
2010-08-29,7496,0.8340195635059173,233,5
2010-08-30,12246,1.0115431449081616,244,17
2010-08-31,13527,1.0396746430981134,256,30
2010-09-01,13409,1.0888062601564705,268,43
2010-09-02,13420,1.1083097445511862,280,56
2010-09-03,13047,1.0725423695938447,293,69
2010-09-04,8414,0.8968596770882573,306,83
2010-09-05,7586,0.8799673170982144,319,98
2010-09-06,7815,0.663072100513257,333,113
2010-09-07,13033,1.0263996733390353,347,128
2010-09-08,14239,1.0956230969814593,1,143
2010-09-09,14135,1.0648409032789723,16,158
2010-09-10,13641,1.052682965379668,30,173
2010-09-11,8775,0.899395611520028,43,188
2010-09-12,7749,0.8510972980809594,57,202
2010-09-13,12559,1.0308137962777815,69,216
2010-09-14,13949,1.048475342654398,82,229
2010-09-15,13893,1.051688994188571,94,242
2010-09-16,13964,1.0562767892309435,105,254
2010-09-17,13605,1.044762330564337,116,267
2010-09-18,8979,0.8967219355076056,127,279
2010-09-19,7899,0.8542412562721667,138,291
2010-09-20,12992,1.0389761116564724,149,302
2010-09-21,13919,1.0346071701864796,160,314
2010-09-22,13640,1.0344116381210917,171,326
2010-09-23,13717,1.0443489524727168,182,338
2010-09-24,13280,1.0286837971650251,193,350
2010-09-25,8780,0.8838168630962011,204,2
2010-09-26,7543,0.824414617844299,215,15
2010-09-27,12652,1.0275480429382378,227,27
2010-09-28,13208,1.001625029429461,238,40
2010-09-29,13080,1.0169909233706809,250,52
2010-09-30,12965,1.0164379588491235,262,66
2010-10-01,13141,1.039154147875122,275,79
2010-10-02,8412,0.868307853780564,288,93
2010-10-03,7380,0.8311834524863302,301,107
2010-10-04,12326,1.0364306739342963,314,122
2010-10-05,13146,1.0243021858507178,328,136
2010-10-06,12691,1.012229712056564,342,152
2010-10-07,12889,1.0360607333927012,357,167
2010-10-08,12536,1.02761205751208,11,182
2010-10-09,8194,0.875766904964866,24,196
2010-10-10,8490,0.9748826149340256,38,211
2010-10-11,12134,1.042222158172618,50,224
2010-10-12,12913,1.0329240310015169,63,238
2010-10-13,12358,1.0236778356918521,75,251
2010-10-14,12668,1.043583633120744,86,263
2010-10-15,12507,1.0374858871114858,97,275
2010-10-16,8081,0.8723731565645463,108,287
2010-10-17,7181,0.8443597268596931,119,299
2010-10-18,11888,1.0379801609609969,130,311
2010-10-19,12693,1.0313258049669267,141,323
2010-10-20,12838,1.062016455213532,152,335
2010-10-21,12747,1.0531601503965542,163,347
2010-10-22,12235,1.0292869924016912,174,359
2010-10-23,8033,0.8790837363442076,185,11
2010-10-24,7242,0.8568811761503646,197,24
2010-10-25,12190,1.0654871952441953,209,37
2010-10-26,13176,1.0686449351517513,221,49
2010-10-27,12700,1.0496990188713933,233,63
2010-10-28,12408,1.0300093511626685,245,76
2010-10-29,11679,0.9879938560214228,257,89
2010-10-30,7996,0.8846147608970246,270,103
2010-10-31,6895,0.8663172462108025,283,117
2010-11-01,12044,1.066845329207245,296,131
2010-11-02,13035,1.0535039374074981,310,146
2010-11-03,12608,1.038668798544639,324,161
2010-11-04,12821,1.0581170143383323,337,175
2010-11-05,12495,1.0472503051862856,351,190
2010-11-06,8126,0.8870444035352901,4,204
2010-11-07,7251,0.8569695172827991,18,219
2010-11-08,12023,1.0493436226213364,30,232
2010-11-09,12889,1.0458594258332083,43,246
2010-11-10,12671,1.044984513480236,55,259
2010-11-11,12773,1.056106832954106,66,271
2010-11-12,12090,1.0180074878644652,77,283
2010-11-13,8115,0.9000947624861128,88,295
2010-11-14,7120,0.8472535237865739,99,307
2010-11-15,12163,1.0602857822059941,110,319
2010-11-16,13205,1.0682144968953293,121,331
2010-11-17,12710,1.0448524260075847,132,343
2010-11-18,13025,1.0704849935300444,143,355
2010-11-19,12634,1.0553107526145988,154,7
2010-11-20,8511,0.9095762224914139,166,20
2010-11-21,7285,0.8449059972149159,178,33
2010-11-22,13195,1.177238579631462,190,46
2010-11-23,13762,1.1830829936592269,202,59
2010-11-24,11964,1.0698081305836267,214,73
2010-11-25,7162,0.638425052722236,227,86
2010-11-26,8689,0.7968570766845254,240,100
2010-11-27,7526,0.894809385573484,253,114
2010-11-28,7217,0.9245835313559249,266,128
2010-11-29,12430,1.1293980236769596,279,142
2010-11-30,13445,1.1034694020466849,292,156
2010-12-01,13107,1.072711228937771,305,171
2010-12-02,12982,1.0693292493482955,319,185
2010-12-03,12288,1.0351202026850252,332,199
2010-12-04,7881,0.8677459181625609,345,213
2010-12-05,7122,0.850747503460297,358,227
2010-12-06,11749,1.0434264826261415,10,240
2010-12-07,12833,1.0599862544137801,22,253
2010-12-08,12462,1.0408643660946493,34,266
2010-12-09,12364,1.0379840271203247,46,279
2010-12-10,12351,1.0516058032189148,57,291
2010-12-11,8142,0.899111771369411,68,303
2010-12-12,7134,0.8432700837544895,79,315
2010-12-13,11721,1.033681088886337,90,327
2010-12-14,12981,1.0570589372137906,100,339
2010-12-15,12962,1.0571237953688133,111,351
2010-12-16,12975,1.0514657769869762,123,3
2010-12-17,12829,1.0456023093867566,134,15
2010-12-18,8470,0.8890491600449856,146,28
2010-12-19,7257,0.8165849847840917,158,41
2010-12-20,13280,1.1049237451205167,170,54
2010-12-21,14255,1.104563248573733,183,68
2010-12-22,13029,1.064804861037285,195,82
2010-12-23,11237,0.9863789049675248,208,96
2010-12-24,7532,0.7707136002194804,222,110
2010-12-25,6159,0.9425743673135911,235,125
2010-12-26,6796,0.9697218201507621,248,139
2010-12-27,12231,1.074796134244828,262,153
2010-12-28,13654,1.0416869368995363,275,167
2010-12-29,13441,1.0362199944457138,288,181
2010-12-30,13272,1.025052382288609,301,195
2010-12-31,9751,0.8245190634444007,313,209
2011-01-01,7254,1.0476503491095337,326,222
2011-01-02,6540,0.9118121204193785,338,236
2011-01-03,11143,1.0271853950333134,350,249
2011-01-04,12599,1.0596681999528255,2,262
2011-01-05,11933,1.0262420989174537,14,274
2011-01-06,12143,1.0480134196414292,25,287
2011-01-07,12044,1.03720079085809,36,299
2011-01-08,7840,0.8990964583893257,47,311
2011-01-09,6933,0.8730721992004996,58,323
2011-01-10,11093,1.0031807324856319,69,335
2011-01-11,13222,1.1035302842211674,80,347
2011-01-12,11950,1.0189625142583405,91,359
2011-01-13,11813,1.0281650440197785,102,11
2011-01-14,12114,1.0297430355109602,113,23
2011-01-15,7810,0.8896345287130812,125,36
2011-01-16,7046,0.8764361470835177,137,49
2011-01-17,10969,0.991883543213884,149,62
2011-01-18,12298,1.02803819807267,162,76
2011-01-19,12271,1.0561322742095773,175,90
2011-01-20,12382,1.062677843035199,189,105
2011-01-21,12035,1.0332409079580605,203,120
2011-01-22,7895,0.8926176653936695,216,134
2011-01-23,7005,0.8604883659102008,230,149
2011-01-24,11616,1.0430591467371493,244,164
2011-01-25,12692,1.0582914809668962,257,178
2011-01-26,12174,1.04179899126695,270,192
2011-01-27,12026,1.0344608115875304,283,206
2011-01-28,11814,1.0156294697155763,295,219
2011-01-29,7808,0.8911317458074896,307,232
2011-01-30,6888,0.8530810227775542,319,245
2011-01-31,11495,1.046540689867955,331,258
2011-02-01,12498,1.047103052312707,342,271
2011-02-02,11954,1.0140363215298565,354,283
2011-02-03,11917,1.0226059102663896,5,295
2011-02-04,11962,1.025878846537625,16,307
2011-02-05,8070,0.9132884487524169,27,319
2011-02-06,7109,0.8756494789452861,38,331
2011-02-07,11873,1.0612876801579403,49,343
2011-02-08,12764,1.0614817567709258,60,355
2011-02-09,11880,1.0141737823225438,70,7
2011-02-10,12078,1.0237065368975422,81,19
2011-02-11,12029,1.020664059584826,93,31
2011-02-12,8086,0.8969335969048842,104,44
2011-02-13,6853,0.8555334768614843,116,57
2011-02-14,12111,1.0361558656377818,129,70
2011-02-15,12863,1.0592990810205816,141,84
2011-02-16,12396,1.0535086655727335,155,98
2011-02-17,12399,1.0602511512822586,168,113
2011-02-18,12328,1.049468605304193,183,128
2011-02-19,7969,0.900641137668454,197,143
2011-02-20,7056,0.8589206272521379,211,158
2011-02-21,10757,0.9662825384653713,225,173
2011-02-22,12601,1.0372946768039562,239,188
2011-02-23,12232,1.0381096035333293,252,202
2011-02-24,12129,1.031009600214256,265,216
2011-02-25,11945,1.0114839539887184,277,229
2011-02-26,7919,0.88891302673145,289,242
2011-02-27,6989,0.8569094067227796,301,255
2011-02-28,11160,0.9978559698069607,312,268
2011-03-01,12530,1.051630881728449,323,280
2011-03-02,12149,1.0252675488184746,335,292
2011-03-03,12172,1.022404597217644,346,304
2011-03-04,11842,0.9995096170331056,357,316
2011-03-05,7825,0.8728108878007778,7,328
2011-03-06,6950,0.8487316644348801,18,340
2011-03-07,11490,1.0264285419970944,29,352
2011-03-08,12254,1.0187730765408336,40,4
2011-03-09,12119,1.0338842922193003,51,16
2011-03-10,11921,1.0152638923373642,62,28
2011-03-11,11989,1.0213722635671953,73,40
2011-03-12,7897,0.8849502558152659,85,52
2011-03-13,6557,0.8122992726520133,97,65
2011-03-14,11275,1.0103924562635063,109,78
2011-03-15,12191,1.0175129093153257,122,92
2011-03-16,11880,1.0128122020641022,135,106
2011-03-17,12192,1.0281664008581886,148,121
2011-03-18,11682,0.9895994846729764,162,136
2011-03-19,7786,0.8769516027247574,177,151
2011-03-20,7024,0.8538512183902989,191,167
2011-03-21,11794,1.048516200912265,205,182
2011-03-22,12462,1.0407013167248662,219,197
2011-03-23,12050,1.029114712492102,233,211
2011-03-24,12062,1.0345816817117304,246,225
2011-03-25,11854,1.0107337592798562,258,239
2011-03-26,7658,0.8633807077093109,270,252
2011-03-27,6871,0.8424052310243881,282,265
2011-03-28,11489,1.032966257496381,294,277
2011-03-29,12279,1.029804880661919,305,289
2011-03-30,12022,1.0318571367584917,316,301
2011-03-31,12173,1.0494687244759253,327,313
2011-04-01,11264,0.9995515237244339,338,325
2011-04-02,8102,0.9175232086933172,348,337
2011-04-03,7028,0.8607882259272086,359,349
2011-04-04,11772,1.0572008520072762,10,1
2011-04-05,12387,1.0392119354872815,21,13
2011-04-06,11858,1.0244753637105257,32,25
2011-04-07,12330,1.0633254676500217,43,37
2011-04-08,11904,1.024405103500861,55,49
2011-04-09,7840,0.8910758345823808,66,62
2011-04-10,6861,0.8516408966569116,78,75
2011-04-11,11711,1.0602201891623582,90,88
2011-04-12,12320,1.0403767121881535,103,101
2011-04-13,11671,1.0226789486005725,116,115
2011-04-14,12349,1.074954684730451,130,130
2011-04-15,11964,1.0299397739035598,143,145
2011-04-16,7683,0.8722528641678376,158,160
2011-04-17,6939,0.8568420579340695,172,175
2011-04-18,11681,1.0585379752202284,186,190
2011-04-19,12564,1.060258570684397,200,205
2011-04-20,12216,1.0574195028384195,214,220
2011-04-21,12276,1.0617175039237958,227,234
2011-04-22,11113,0.9610162079765882,239,247
2011-04-23,7524,0.8575708387233761,252,261
2011-04-24,6570,0.8151631461678976,263,273
2011-04-25,11427,1.0377591439513048,275,286
2011-04-26,12563,1.0609407429304074,286,298
2011-04-27,12007,1.0421062774736798,297,310
2011-04-28,12180,1.0591637815670851,308,322
2011-04-29,11456,0.998606263023848,319,334
2011-04-30,7665,0.8838860428286615,330,346
2011-05-01,6926,0.8517385658690665,341,358
2011-05-02,11595,1.043553600368276,352,10
2011-05-03,12299,1.0375295397856021,3,22
2011-05-04,11984,1.037780549670898,14,34
2011-05-05,12055,1.0323530423077523,26,46
2011-05-06,11824,1.0153702127182138,37,59
2011-05-07,7919,0.896338084136692,49,72
2011-05-08,6972,0.8577796179052115,61,85
2011-05-09,11511,1.0408794676287982,73,98
2011-05-10,12578,1.0541191732126025,86,111
2011-05-11,12464,1.069524235397085,99,125
2011-05-12,12203,1.0434289375281043,112,140
2011-05-13,11125,0.9659848801804628,126,154
2011-05-14,7854,0.887780978988689,139,169
2011-05-15,7061,0.8561221260818501,153,184
2011-05-16,11899,1.0597960404046771,167,199
2011-05-17,12819,1.0651095921454243,181,213
2011-05-18,12387,1.053325730294324,194,228
2011-05-19,12222,1.0428037281643239,208,242
2011-05-20,12011,1.01205079540103,220,255
2011-05-21,7934,0.8780752224197829,233,269
2011-05-22,7257,0.872304173525935,244,282
2011-05-23,11896,1.041984892201791,256,294
2011-05-24,12851,1.0495566267128438,267,306
2011-05-25,12715,1.0873393347749671,278,318
2011-05-26,12822,1.1154989496274739,289,330
2011-05-27,12379,1.0806679162353594,300,342
2011-05-28,8276,0.9387445780709386,311,354
2011-05-29,7145,0.8819915268299838,322,6
2011-05-30,7492,0.6885911675880091,333,18
2011-05-31,12192,1.0318481680411915,345,30
2011-06-01,13446,1.1349831529142458,356,43
2011-06-02,13258,1.1036878870991216,8,55
2011-06-03,12680,1.0604945490594286,20,68
2011-06-04,8398,0.9310046810046028,32,81
2011-06-05,7261,0.8738563340212436,44,95
2011-06-06,11934,1.0566919251721447,57,108
2011-06-07,12629,1.0421889067792187,70,122
2011-06-08,12660,1.0700411871165136,83,136
2011-06-09,12471,1.053219339884098,96,150
2011-06-10,12279,1.029134829601241,109,165
2011-06-11,8091,0.8954338927232608,123,179
2011-06-12,7314,0.8781782142645612,136,193
2011-06-13,11744,1.0518777251572398,150,208
2011-06-14,12841,1.0584957614740231,163,222
2011-06-15,12681,1.0601930631702672,176,236
2011-06-16,12990,1.0814653659405888,189,250
2011-06-17,12463,1.0359463466160088,201,263
2011-06-18,8498,0.9316759883502301,214,277
2011-06-19,7344,0.8785689780119216,226,289
2011-06-20,12045,1.0483316546522607,237,302
2011-06-21,13143,1.0694703233484626,248,314
2011-06-22,13017,1.0818493736549168,260,326
2011-06-23,12681,1.0579893919771617,271,338
2011-06-24,12504,1.0352857237013713,282,350
2011-06-25,8351,0.9057311187885526,292,2
2011-06-26,7140,0.8412476256682831,304,14
2011-06-27,12344,1.0632904021552447,315,26
2011-06-28,13234,1.0580278563018324,326,39
2011-06-29,13002,1.060324685610355,338,51
2011-06-30,13194,1.0700915865117118,350,64
2011-07-01,13392,1.0709621527939448,2,77
2011-07-02,8510,0.8947340654754891,15,91
2011-07-03,7489,0.8797881822228601,27,105
2011-07-04,7541,0.7510349960535769,41,119
2011-07-05,12751,1.126303542189072,54,133
2011-07-06,13950,1.1463739583476913,67,147
2011-07-07,14200,1.1124882300173309,80,161
2011-07-08,13363,1.0464477280052957,94,176
2011-07-09,8845,0.9243338108126294,107,190
2011-07-10,7635,0.868608987381451,120,204
2011-07-11,12617,1.0630153331352947,133,218
2011-07-12,13392,1.0571909131742432,146,232
2011-07-13,12900,1.0507962872121108,158,245
2011-07-14,13278,1.0645775531949384,171,259
2011-07-15,13097,1.0406630100254102,183,272
2011-07-16,8534,0.8927681956777694,195,285
2011-07-17,7637,0.8688481314403438,207,298
2011-07-18,12414,1.0434431341770134,218,310
2011-07-19,13156,1.0367069011005066,230,322
2011-07-20,13219,1.0597140567073762,241,334
2011-07-21,13262,1.0604304724531834,252,346
2011-07-22,12777,1.016249107032935,263,358
2011-07-23,8671,0.9095713886463042,274,10
2011-07-24,7351,0.8425045808654612,285,22
2011-07-25,12126,1.017717418604436,296,34
2011-07-26,13270,1.0440693451347305,307,47
2011-07-27,13023,1.042980033883284,319,59
2011-07-28,13152,1.0486142122113993,331,72
2011-07-29,12501,0.9986427972258696,344,86
2011-07-30,8338,0.8778131650705285,357,100
2011-07-31,7450,0.8557076733501614,10,114
2011-08-01,12546,1.0527068364833134,24,128
2011-08-02,13491,1.0579464323646572,37,143
2011-08-03,13164,1.0563466290624413,51,158
2011-08-04,13031,1.0480115155307992,64,172
2011-08-05,12848,1.027230385364107,78,187
2011-08-06,8567,0.903266303275637,91,201
2011-08-07,7605,0.8680631454835726,104,215
2011-08-08,12505,1.0401603051267945,117,228
2011-08-09,13360,1.0324349410580322,129,242
2011-08-10,13160,1.0456917733667594,141,255
2011-08-11,13092,1.047163365434665,154,268
2011-08-12,12978,1.0280367093573668,165,281
2011-08-13,8448,0.8931752431491873,177,294
2011-08-14,7470,0.8512347338249765,189,306
2011-08-15,12756,1.05836255646899,200,318
2011-08-16,13576,1.0521607769527652,211,330
2011-08-17,13267,1.0508014887155261,222,342
2011-08-18,13150,1.0467390217783814,233,354
2011-08-19,12900,1.024172062749721,244,6
2011-08-20,8572,0.8930919024807479,255,18
2011-08-21,7493,0.853766152892381,266,30
2011-08-22,12286,1.0282317434423986,277,42
2011-08-23,13422,1.0470759487199053,289,55
2011-08-24,12986,1.0408717145792084,300,67
2011-08-25,13046,1.0441764301738676,313,80
2011-08-26,12910,1.028745974370696,325,94
2011-08-27,8700,0.9093834329958421,338,108
2011-08-28,7633,0.8621199600259969,352,123
2011-08-29,12281,1.0191338859352534,6,137
2011-08-30,13561,1.0520746156266063,20,152
2011-08-31,13390,1.0645862002617827,34,167
2011-09-01,13723,1.1361330325056838,48,182
2011-09-02,13224,1.1084021689875183,61,197
2011-09-03,8588,0.9299216482937215,75,211
2011-09-04,7399,0.86950917820193,87,225
2011-09-05,7770,0.6722418927101191,100,239
2011-09-06,12892,1.0273460118174143,112,252
2011-09-07,14234,1.1595870716893517,124,265
2011-09-08,13544,1.0625626336525615,136,278
2011-09-09,13537,1.0349925692875814,148,290
2011-09-10,9115,0.9265280811869688,159,303
2011-09-11,7501,0.8476214859909953,171,315
2011-09-12,12770,1.046105050248162,182,327
2011-09-13,13205,1.0179541975390634,193,339
2011-09-14,13590,1.0566688315760644,204,351
2011-09-15,13583,1.0483659312373386,215,3
2011-09-16,13322,1.022735230231837,225,15
2011-09-17,8792,0.8893181706954394,236,26
2011-09-18,7724,0.8504548056287164,247,38
2011-09-19,12818,1.033902406506768,258,51
2011-09-20,13648,1.025092920438143,270,63
2011-09-21,13138,1.0101851964415294,281,76
2011-09-22,13157,1.0173298971031308,294,89
2011-09-23,13062,1.0093041682050892,306,102
2011-09-24,8496,0.8668597837516564,319,116
2011-09-25,7609,0.8444510970092919,333,131
2011-09-26,12719,1.0368248412612708,347,146
2011-09-27,13455,1.0263401655822566,1,161
2011-09-28,12815,1.005289189002962,15,176
2011-09-29,12813,1.015748206526003,29,191
2011-09-30,12419,0.9881454424628499,43,206
2011-10-01,8506,0.8859872369729433,57,221
2011-10-02,7419,0.844304275875604,70,235
2011-10-03,12310,1.0340687891698246,83,249
2011-10-04,12924,1.020656753789163,95,262
2011-10-05,12748,1.0274976084479674,107,275
2011-10-06,12744,1.0363701717798461,118,287
2011-10-07,12195,0.9948868390609709,130,300
2011-10-08,8206,0.8860377952971529,141,312
2011-10-09,7160,0.843693580013038,152,324
2011-10-10,11839,1.0139359148671603,163,336
2011-10-11,12865,1.0378408771965002,174,348
2011-10-12,12581,1.0410238661047275,185,360
2011-10-13,12201,1.0304725836445254,196,12
2011-10-14,12065,1.0087241568131107,207,23
2011-10-15,8043,0.8788153697496592,218,35
2011-10-16,7145,0.8503908378228896,229,47
2011-10-17,11803,1.0351084208708319,240,59
2011-10-18,12819,1.0512332136788758,251,72
2011-10-19,12605,1.059445810073599,263,85
2011-10-20,12536,1.0573499842556697,275,98
2011-10-21,11936,1.0008549299293772,287,111
2011-10-22,7899,0.8752964190895929,300,125
2011-10-23,7104,0.8571060953710795,314,139
2011-10-24,11773,1.038962987961459,327,154
2011-10-25,12672,1.0402898554796343,342,169
2011-10-26,12085,1.013913238704415,356,184
2011-10-27,12390,1.044138914172211,10,200
2011-10-28,12049,1.0151174132247809,24,215
2011-10-29,7812,0.8704851109948052,38,229
2011-10-30,6870,0.8379484189967263,51,244
2011-10-31,9828,0.9209980020418252,64,258
2011-11-01,13632,1.1341094277274142,76,271
2011-11-02,12657,1.0581815888773665,88,284
2011-11-03,12310,1.0339864406753942,100,297
2011-11-04,11965,1.0021907526650355,111,309
2011-11-05,8045,0.8881591835215893,122,321
2011-11-06,7236,0.8708558084728936,133,333
2011-11-07,11574,1.020238710233366,144,345
2011-11-08,12300,1.008264930331085,155,357
2011-11-09,11990,1.0064160812025968,166,9
2011-11-10,11978,1.0071848332419677,177,20
2011-11-11,14392,1.2077081058887655,188,32
2011-11-12,8087,0.8969384501742489,199,44
2011-11-13,6877,0.840964933971216,210,57
2011-11-14,11590,1.0286501095329865,221,69
2011-11-15,12676,1.037836956649218,233,81
2011-11-16,12433,1.0403998693943626,244,94
2011-11-17,12461,1.0444513270769817,256,107
2011-11-18,12424,1.0363111833458198,269,121
2011-11-19,8042,0.8848182803851394,282,134
2011-11-20,7218,0.8504612657346068,295,149
2011-11-21,12929,1.118393470044011,308,163
2011-11-22,13415,1.1241142117466014,322,178
2011-11-23,11775,1.047125816851131,336,193
2011-11-24,6894,0.6285309588259967,350,208
2011-11-25,8618,0.7796649029414221,4,223
2011-11-26,7512,0.9074375427794362,18,237
2011-11-27,6879,0.9017180820714699,31,252
2011-11-28,12410,1.1858017318809217,44,266
2011-11-29,13204,1.1267980335880352,56,279
2011-11-30,12584,1.0683719855205664,68,292
2011-12-01,12716,1.061099113557946,80,305
2011-12-02,11853,0.9908867392067995,91,317
2011-12-03,7895,0.8760164141423189,103,330
2011-12-04,6957,0.8445248006145096,114,342
2011-12-05,11622,1.035453107130495,124,353
2011-12-06,12477,1.040724542707464,135,5
2011-12-07,12119,1.0354833452045515,146,17
2011-12-08,12024,1.0239559326164627,157,29
2011-12-09,11565,0.9853787713347065,168,41
2011-12-10,7658,0.8588488560733519,179,53
2011-12-11,6832,0.8317821489803899,191,66
2011-12-12,12087,1.0656214675847966,202,78
2011-12-13,12592,1.0429927509743322,214,91
2011-12-14,12632,1.0640632961407126,226,104
2011-12-15,12506,1.0399157625495004,238,118
2011-12-16,12211,1.0043033171622682,251,131
2011-12-17,7941,0.8525099408176151,264,145
2011-12-18,6876,0.7957147088585681,277,159
2011-12-19,12708,1.0665281520742311,290,173
2011-12-20,13640,1.065892170305821,303,187
2011-12-21,13227,1.0602029648115996,317,202
2011-12-22,12215,1.0178371953832215,330,216
2011-12-23,10017,0.8923946524679398,344,231
2011-12-24,6688,0.9014248016298777,357,245
2011-12-25,5728,0.9664682311751679,10,260
2011-12-26,8039,0.8555525242909356,23,273
2011-12-27,12475,1.0296019438022461,36,287
2011-12-28,13478,1.063670378156063,48,300
2011-12-29,12985,1.0206768062278584,60,313
2011-12-30,12434,0.9746449566836625,71,325
2011-12-31,8035,0.8949277050529191,82,338
2012-01-01,6629,1.0471850965153886,93,350
2012-01-02,7821,0.8068600623134694,104,1
2012-01-03,11324,0.9726771338279095,115,13
2012-01-04,12075,1.0422759791714298,126,25
2012-01-05,12171,1.0587899830831564,137,37
2012-01-06,11920,1.0358585740602055,148,49
2012-01-07,7783,0.8758850637662271,159,62
2012-01-08,6887,0.8638869830601095,171,74
2012-01-09,11248,1.0481238125631802,183,87
2012-01-10,11939,1.006051613608724,195,101
2012-01-11,11860,1.0158592887888231,207,114
2012-01-12,12391,1.0687596147086391,220,128
2012-01-13,11380,0.9973055906002256,233,142
2012-01-14,7901,0.8776702014166654,246,156
2012-01-15,6899,0.8595741856728567,259,170
2012-01-16,10707,0.985493503825487,272,184
2012-01-17,12175,1.025852115960029,285,198
2012-01-18,11981,1.027849656318763,298,212
2012-01-19,11997,1.0444662058020524,311,226
2012-01-20,11914,1.02956028797124,324,240
2012-01-21,7948,0.8917053121165655,337,254
2012-01-22,6816,0.8429067813596983,350,268
2012-01-23,11464,1.042032733444205,3,282
2012-01-24,12356,1.0338377175966964,15,295
2012-01-25,11692,1.000520075565047,27,308
2012-01-26,12003,1.039019783623064,39,321
2012-01-27,11648,1.0088522488842577,50,333
2012-01-28,7827,0.8793092846466284,61,345
2012-01-29,6733,0.8405186378625785,72,357
2012-01-30,11253,1.0312733203047617,83,9
2012-01-31,11919,1.011134905848639,94,21
2012-02-01,11916,1.0245688870966112,105,33
2012-02-02,12135,1.0412701434603795,116,45
2012-02-03,11826,1.0217922274819866,127,57
2012-02-04,7833,0.8778663475413817,139,70
2012-02-05,6733,0.8334502235150005,150,82
2012-02-06,11229,1.0234607269487874,163,96
2012-02-07,12310,1.0253044643225921,175,109
2012-02-08,11946,1.0195534844697673,188,123
2012-02-09,11862,1.0243237301163954,201,137
2012-02-10,11981,1.0224848465910223,215,152
2012-02-11,7895,0.8754138824296047,228,166
2012-02-12,7012,0.8507561265151152,241,180
2012-02-13,11023,1.018273413383574,255,195
2012-02-14,12708,1.013081611024888,268,209
2012-02-15,12250,1.0353189862121976,281,223
2012-02-16,12376,1.063947555222674,294,237
2012-02-17,11985,1.0319139703596407,306,250
2012-02-18,7818,0.8697220669014657,319,264
2012-02-19,6905,0.8535879172361335,331,277
2012-02-20,10837,0.976139427585358,343,291
2012-02-21,12125,1.0148850395929443,355,304
2012-02-22,12436,1.050605366400909,7,316
2012-02-23,12045,1.0340366125352431,19,329
2012-02-24,11802,1.0101286393802045,30,341
2012-02-25,7842,0.8677760887048598,41,353
2012-02-26,6707,0.8234815190434243,52,5
2012-02-27,11475,1.04107228517662,63,17
2012-02-28,12208,1.017115625720429,74,29
2012-02-29,11042,0.9510903309803791,84,41
2012-03-01,12519,1.0686849528551157,95,53
2012-03-02,11789,0.9970597360802119,107,65
2012-03-03,8010,0.8834916191725802,118,77
2012-03-04,7021,0.8565868537902124,130,90
2012-03-05,11391,1.0293327087437605,142,104
2012-03-06,12076,1.0052033704114398,155,117
2012-03-07,11972,1.0214757366396492,168,132
2012-03-08,11985,1.034252467421366,182,146
2012-03-09,11817,1.013343881107269,196,161
2012-03-10,7691,0.8562328951858097,209,176
2012-03-11,6497,0.7963540824816644,223,191
2012-03-12,11571,1.0606939587658326,237,205
2012-03-13,11779,0.983567356861104,250,220
2012-03-14,11797,1.010494466972014,263,234
2012-03-15,11783,1.0161357652081084,276,247
2012-03-16,11608,0.9856647244303813,289,261
2012-03-17,8066,0.892911618233062,301,274
2012-03-18,6918,0.8522723664077205,313,287
2012-03-19,11578,1.0414527374065858,325,300
2012-03-20,12338,1.0220706758424851,336,313
2012-03-21,12056,1.0332451139545706,348,325
2012-03-22,11925,1.0301927838141196,359,338
2012-03-23,11816,1.0204677958764479,10,350
2012-03-24,7893,0.8794718623006019,21,2
2012-03-25,6915,0.8527383315271765,32,14
2012-03-26,11474,1.0409365859936652,43,25
2012-03-27,12245,1.0258522981177176,54,37
2012-03-28,12035,1.0358569991436246,65,49
2012-03-29,11864,1.0300477606612073,76,61
2012-03-30,11834,1.0272752019219298,87,73
2012-03-31,7860,0.9114714869797649,98,85
2012-04-01,6909,0.8558085780809794,110,98
2012-04-02,11647,1.0555698125406785,122,112
2012-04-03,12273,1.0270228960149075,135,125
2012-04-04,12307,1.0596244063325035,149,140
2012-04-05,11986,1.0474847816413728,162,154
2012-04-06,10955,0.9512592264034742,176,169
2012-04-07,7384,0.830383098226327,190,184
2012-04-08,6545,0.8136635799238644,204,200
2012-04-09,11237,1.0321142900974116,218,214
2012-04-10,12179,1.0273912435507988,232,229
2012-04-11,11635,1.0083424851608225,246,244
2012-04-12,12050,1.0680748030601241,259,257
2012-04-13,10910,0.956239055889239,271,271
2012-04-14,7699,0.8661193530765834,283,284
2012-04-15,6951,0.8631682999839296,295,297
2012-04-16,11536,1.054065154396482,307,310
2012-04-17,12240,1.033546396964663,318,322
2012-04-18,11850,1.02627554018899,330,334
2012-04-19,11583,1.014197940027556,341,347
2012-04-20,11608,1.0108642975155058,352,359
2012-04-21,7757,0.8765994363074413,3,10
2012-04-22,6843,0.8531087191399812,13,22
2012-04-23,11297,1.0371716017139092,24,34
2012-04-24,12191,1.0316343946343147,35,46
2012-04-25,11765,1.0196507977327538,46,58
2012-04-26,11871,1.0421930723273876,57,70
2012-04-27,11226,0.9829337157526404,68,82
2012-04-28,7590,0.8645916842077856,80,94
2012-04-29,6713,0.8467152601851795,92,107
2012-04-30,11381,1.0356489501787238,104,120
2012-05-01,12470,1.0457613858548072,116,134
2012-05-02,12095,1.0471244624091423,130,148
2012-05-03,11804,1.0339899149595977,143,163
2012-05-04,11488,0.9905783119701009,157,177
2012-05-05,7634,0.8566830039104182,171,193
2012-05-06,6868,0.8502926319694489,186,208
2012-05-07,11424,1.0400275878616365,200,223
2012-05-08,12158,1.0244049475283836,214,238
2012-05-09,11749,1.0105104055634433,227,252
2012-05-10,11825,1.026402532260767,240,267
2012-05-11,11683,1.0058518136521288,253,280
2012-05-12,7751,0.8795004047802158,266,294
2012-05-13,6909,0.8542141368828792,278,307
2012-05-14,11763,1.0553485745889737,289,319
2012-05-15,12565,1.0427890482740485,301,332
2012-05-16,12199,1.0402222607917215,312,344
2012-05-17,12048,1.0363224107748068,323,356
2012-05-18,11771,1.0112464650765913,334,7
2012-05-19,7914,0.871419325640625,344,19
2012-05-20,7202,0.8718248950550256,355,31
2012-05-21,11919,1.0601296181112858,6,43
2012-05-22,12601,1.0284605051960785,17,55
2012-05-23,12649,1.0601978223311548,28,67
2012-05-24,12414,1.0738505679985055,39,79
2012-05-25,12350,1.0818416857353967,51,91
2012-05-26,7921,0.9036384583292199,62,104
2012-05-27,7015,0.8703446377271066,74,117
2012-05-28,7532,0.6879879191007438,86,130
2012-05-29,12307,1.053993712464816,99,143
2012-05-30,13194,1.1459854061283112,112,157
2012-05-31,12686,1.0831893738423934,125,171
2012-06-01,12623,1.058069522458153,139,186
2012-06-02,8040,0.8787255079467415,153,201
2012-06-03,7075,0.8579047282158594,167,216
2012-06-04,12011,1.0696238787743226,181,231
2012-06-05,12424,1.0250520968583134,195,246
2012-06-06,12410,1.051020115854151,209,261
2012-06-07,12305,1.0520388611722435,222,275
2012-06-08,12145,1.0327576633186677,235,289
2012-06-09,8293,0.9082992178071375,247,302
2012-06-10,7131,0.8632138241706521,259,315
2012-06-11,11700,1.0394937578901453,271,328
2012-06-12,12892,1.0759489180417878,282,340
2012-06-13,11999,1.0150725755425327,294,352
2012-06-14,12626,1.0677771339839774,305,4
2012-06-15,12278,1.0292347827208101,315,16
2012-06-16,8213,0.892122491514639,326,28
2012-06-17,7316,0.8773209409106071,337,40
2012-06-18,12028,1.0647433508901842,348,52
2012-06-19,12767,1.0353874441477309,359,64
2012-06-20,12674,1.0583996719769795,10,76
2012-06-21,12713,1.0687775327732423,22,88
2012-06-22,12370,1.0391562914259551,33,101
2012-06-23,8141,0.8808399683337257,45,114
2012-06-24,7246,0.859598716303086,57,127
2012-06-25,12091,1.0541348753453597,70,140
2012-06-26,12950,1.0394123902718055,82,153
2012-06-27,12545,1.029291535553815,95,167
2012-06-28,12994,1.0719016730020503,108,181
2012-06-29,12462,1.0176901653989883,122,196
2012-06-30,8323,0.869794335488484,135,210
2012-07-01,7550,0.8682563878342662,149,225
2012-07-02,12837,1.1159022561856828,163,240
2012-07-03,13752,1.2762014615667605,177,255
2012-07-04,9296,0.8426924114784666,190,269
2012-07-05,12618,1.0488804794838125,203,283
2012-07-06,12804,1.0100342643261135,216,297
2012-07-07,8952,0.9160973822889186,229,311
2012-07-08,7541,0.8619787622558794,241,324
2012-07-09,12333,1.038227026014938,253,336
2012-07-10,13527,1.061957304069469,264,349
2012-07-11,13024,1.0551498276092048,275,1
2012-07-12,12787,1.0536123682406922,286,13
2012-07-13,12109,0.9775439239823837,297,24
2012-07-14,8657,0.8989048127467069,308,36
2012-07-15,7559,0.864942107459414,319,48
2012-07-16,12380,1.0421975468268183,330,60
2012-07-17,13318,1.0430813867149011,341,72
2012-07-18,12865,1.040407990748459,353,85
2012-07-19,12798,1.03780455854326,4,97
2012-07-20,12503,1.0066320824530302,16,110
2012-07-21,8611,0.8950202657768833,28,123
2012-07-22,7531,0.864085813692195,41,137
2012-07-23,12553,1.0645883223323147,53,150
2012-07-24,13390,1.0471583526770718,66,164
2012-07-25,13045,1.053329552510023,79,178
2012-07-26,13056,1.0576901773649674,92,192
2012-07-27,12785,1.0263796500720876,105,206
2012-07-28,8493,0.8866139098161913,119,220
2012-07-29,7550,0.8694082833999109,132,235
2012-07-30,12061,1.0250871564678024,145,249
2012-07-31,13187,1.0310276368192342,159,263
2012-08-01,12976,1.0442924466316197,172,278
2012-08-02,13006,1.0557125939554906,185,292
2012-08-03,12743,1.0319136423017627,198,305
2012-08-04,8786,0.9179764206105094,210,319
2012-08-05,7693,0.8871956370972331,222,332
2012-08-06,12671,1.070215685204995,234,344
2012-08-07,13316,1.0320779674651006,245,357
2012-08-08,13204,1.047185247724089,256,9
2012-08-09,13179,1.0592869834524798,267,21
2012-08-10,12898,1.0387575112515568,278,32
2012-08-11,8602,0.8904474383359544,289,44
2012-08-12,7630,0.8823561814825838,300,56
2012-08-13,12126,1.0224795234009383,311,68
2012-08-14,13788,1.065966045607176,323,81
2012-08-15,13391,1.0650869228344844,334,93
2012-08-16,13361,1.070459621090819,346,106
2012-08-17,12913,1.0349590676812308,358,119
2012-08-18,8678,0.9003489411643167,11,133
2012-08-19,7678,0.8749811964402688,24,147
2012-08-20,12580,1.0606501628499632,37,161
2012-08-21,13239,1.0324233513087508,50,175
2012-08-22,12973,1.0386354257388821,63,189
2012-08-23,12889,1.045019531759643,76,203
2012-08-24,13114,1.0568541375027372,89,217
2012-08-25,8653,0.9010660106519203,103,231
2012-08-26,7629,0.872232014895078,116,245
2012-08-27,12533,1.0474560231952357,129,259
2012-08-28,13674,1.0573413741453959,142,273
2012-08-29,12968,1.0324988861081965,154,287
2012-08-30,13323,1.0714839223334571,167,301
2012-08-31,13287,1.1076190576830942,179,314
2012-09-01,8967,0.9821768505682208,192,327
2012-09-02,7817,0.9258295904847946,203,340
2012-09-03,8030,0.6982726141560852,215,352
2012-09-04,12941,1.043264746446515,226,5
2012-09-05,13991,1.1442132244556398,237,17
2012-09-06,13709,1.1297063119996011,248,29
2012-09-07,13841,1.0933480227643382,259,40
2012-09-08,8987,0.8979197874681821,270,52
2012-09-09,7930,0.8816814907219245,281,64
2012-09-10,12853,1.0747207153694351,292,76
2012-09-11,12543,0.9574320561469967,303,89
2012-09-12,13653,1.0801390965755064,315,101
2012-09-13,13396,1.0536053204510123,327,114
2012-09-14,13529,1.0513958448423775,340,128
2012-09-15,9094,0.9123400386255657,353,142
2012-09-16,7867,0.870392739507567,6,156
2012-09-17,12960,1.0558988016665436,19,170
2012-09-18,13628,1.0242678572911597,33,185
2012-09-19,13490,1.0398433861062089,46,199
2012-09-20,13524,1.0518656674791476,60,214
2012-09-21,13174,1.0256659854578738,73,228
2012-09-22,8899,0.8985900218742813,86,242
2012-09-23,8007,0.8935951497707169,99,256
2012-09-24,12748,1.0468809473340253,112,270
2012-09-25,13533,1.027942089603231,125,283
2012-09-26,13100,1.0255118488927135,137,297
2012-09-27,13159,1.0441879188294245,149,310
2012-09-28,12661,1.0106170196220001,161,323
2012-09-29,8695,0.9040903397862756,173,336
2012-09-30,7607,0.8666667330574264,185,348
2012-10-01,12537,1.0557365676787924,196,1
2012-10-02,13293,1.0404866742209986,207,13
2012-10-03,12900,1.0455245584274464,218,25
2012-10-04,12785,1.0423723263353595,229,37
2012-10-05,12521,1.0252541092970555,240,48
2012-10-06,8333,0.8883850891150317,251,60
2012-10-07,7367,0.8700576459867213,261,72
2012-10-08,11711,1.0211135144212575,273,84
2012-10-09,12692,1.012855964416737,284,97
2012-10-10,12597,1.0429173075680056,296,109
2012-10-11,13705,1.1471175897694377,308,122
2012-10-12,12349,1.050161677871567,320,136
2012-10-13,8153,0.8907801590073146,333,150
2012-10-14,7408,0.8853544441889859,347,164
2012-10-15,12347,1.087391937206216,360,179
2012-10-16,12888,1.053176360511964,14,194
2012-10-17,12752,1.0732107007761185,28,209
2012-10-18,12604,1.0715875713401553,42,224
2012-10-19,12367,1.0502858186144974,56,238
2012-10-20,8365,0.9166135342818479,69,253
2012-10-21,7279,0.8822494173143386,82,267
2012-10-22,12260,1.0945369368069682,95,280
2012-10-23,12923,1.0626699925955823,107,294
2012-10-24,12610,1.0623950770318915,120,307
2012-10-25,12769,1.0836633898289907,131,320
2012-10-26,11989,1.017309960471445,143,333
2012-10-27,8127,0.8947537571436572,155,345
2012-10-28,7362,0.8972873573247125,166,357
2012-10-29,11957,1.079173069563727,177,9
2012-10-30,12011,1.048805237985525,188,21
2012-10-31,11012,0.9402067176051095,199,33
2012-11-01,13042,1.102952964799265,210,45
2012-11-02,12692,1.0734213156896684,220,57
2012-11-03,8224,0.9001788140492717,231,69
2012-11-04,7436,0.8979264534404566,242,80
2012-11-05,11885,1.058413088520526,253,93
2012-11-06,12690,1.0423224266174833,264,105
2012-11-07,12536,1.0546061450451427,276,118
2012-11-08,12386,1.051653897769247,288,131
2012-11-09,12374,1.0476551235660836,301,144
2012-11-10,8172,0.8961427311727046,313,158
2012-11-11,7219,0.8757675788730457,327,172
2012-11-12,12036,1.0891040248255013,341,187
2012-11-13,12364,1.0225048520556805,355,202
2012-11-14,12728,1.0694705539118115,9,217
2012-11-15,12812,1.0844877755506412,23,232
2012-11-16,12555,1.0595839911709897,37,247
2012-11-17,8503,0.9268488573716882,51,262
2012-11-18,7390,0.8893466615403891,64,276
2012-11-19,12916,1.1260923758387449,77,290
2012-11-20,13427,1.082258029428132,89,304
2012-11-21,12083,1.0390975019730864,101,317
2012-11-22,7267,0.6536969930491635,113,330
2012-11-23,9171,0.8418901909463947,124,342
2012-11-24,7651,0.904539828768633,136,354
2012-11-25,7191,0.9501388483616482,147,6
2012-11-26,12403,1.2030412920704956,158,18
2012-11-27,13296,1.1838139290287757,168,30
2012-11-28,12614,1.1047274750442737,179,42
2012-11-29,12503,1.0737455791697395,190,54
2012-11-30,11740,0.9864086917920358,201,66
2012-12-01,8248,0.9010572427773336,212,77
2012-12-02,7204,0.8743200472897547,223,89
2012-12-03,11833,1.0629028950058825,234,102
2012-12-04,12566,1.0432028391707584,245,114
2012-12-05,12313,1.0540258560158298,257,127
2012-12-06,12084,1.04440856517869,269,139
2012-12-07,11733,1.0060619655331249,281,153
2012-12-08,7995,0.890192703745189,294,166
2012-12-09,7003,0.8590572922896331,307,181
2012-12-10,11529,1.0386319981482446,320,195
2012-12-11,12234,1.005020812671602,334,210
2012-12-12,14667,1.24677943669424,348,225
2012-12-13,11893,1.0133748934830962,2,240
2012-12-14,11872,0.9940013762335349,17,255
2012-12-15,7913,0.8504775014769047,31,270
2012-12-16,7146,0.8391196487370202,44,285
2012-12-17,11979,1.0257709699077049,57,299
2012-12-18,13305,1.0404761669103177,70,313
2012-12-19,12849,1.0304572867619795,82,326
2012-12-20,13109,1.0628711033998774,94,339
2012-12-21,13186,1.1063213118820712,105,351
2012-12-22,8396,0.977461618015911,116,3
2012-12-23,6845,1.0091211624769818,127,15
2012-12-24,7614,0.9506174170423078,138,27
2012-12-25,6325,0.6272307169727404,149,39
2012-12-26,11362,0.9623772506052574,160,51
2012-12-27,14126,1.1276756177909364,170,62
2012-12-28,13888,1.0991813749818682,181,74
2012-12-29,9030,0.9249778324787205,192,86
2012-12-30,7545,0.919174439714634,203,99
2012-12-31,10634,0.9759778572029888,215,111
2013-01-01,7537,0.8173880294048442,226,124
2013-01-02,10887,1.069428917928763,238,136
2013-01-03,12616,1.1201070435666831,250,149
2013-01-04,12431,1.0881587417839913,262,162
2013-01-05,8332,0.9496160454470345,275,176
2013-01-06,7271,0.8992632337599368,288,190
2013-01-07,11463,1.0396021982711934,301,204
2013-01-08,12040,1.0368302472939805,314,219
2013-01-09,11598,1.0290302735536045,328,233
2013-01-10,11887,1.0353652262080346,342,248
2013-01-11,12082,1.0494899831241635,356,263
2013-01-12,8140,0.9198421450352813,10,278
2013-01-13,7092,0.8845516597969462,23,293
2013-01-14,11401,1.0206128783229256,37,307
2013-01-15,11953,1.0224179446579267,49,321
2013-01-16,11678,1.0234395621820596,62,334
2013-01-17,12113,1.0549612508471555,74,347
2013-01-18,11846,1.0306206846447696,85,360
2013-01-19,7708,0.879181743606676,96,12
2013-01-20,7001,0.861038851309893,107,24
2013-01-21,10777,0.9743840920238118,118,35
2013-01-22,11835,1.0047836338698675,129,47
2013-01-23,11917,1.0313828144990913,139,59
2013-01-24,12016,1.0392101856570963,150,71
2013-01-25,11638,1.0099641374414785,161,83
2013-01-26,8047,0.9126058188449451,173,95
2013-01-27,6916,0.8525103737312123,184,108
2013-01-28,11520,1.0429598999979335,196,120
2013-01-29,12168,1.042826980318298,207,133
2013-01-30,11752,1.025474849234044,220,146
2013-01-31,11690,1.02506828451857,232,159
2013-02-01,11995,1.0459273529470274,244,173
2013-02-02,7881,0.8859723823668404,257,186
2013-02-03,6876,0.8455300976817715,269,200
2013-02-04,11237,1.0148911419306048,282,214
2013-02-05,12114,1.029468225022968,296,228
2013-02-06,11617,1.008165558509636,309,243
2013-02-07,12025,1.035258685227572,323,257
2013-02-08,11959,1.0350777381132474,336,272
2013-02-09,7776,0.8797328062436556,350,287
2013-02-10,6735,0.8180312517562824,3,301
2013-02-11,11460,1.0240348089711016,16,315
2013-02-12,12243,1.019777326048384,29,329
2013-02-13,11648,1.0245277505185435,41,342
2013-02-14,12422,1.0235940512723138,53,355
2013-02-15,11914,1.0211423423107477,64,7
2013-02-16,7902,0.8900044273191131,76,20
2013-02-17,7044,0.8631639312665029,87,32
2013-02-18,10863,0.9738754307165148,97,43
2013-02-19,12137,1.030030897180362,108,55
2013-02-20,11941,1.0241209416136146,119,67
2013-02-21,11899,1.0294720736697833,130,79
2013-02-22,11778,1.0090694334943295,141,91
2013-02-23,7866,0.8847045797189822,153,104
2013-02-24,6914,0.8422071667202244,164,116
2013-02-25,11358,1.012864878824389,176,129
2013-02-26,11982,1.0099716659210962,188,142
2013-02-27,11695,1.0102670392849442,201,156
2013-02-28,11601,0.9990569255339345,213,169
2013-03-01,12075,1.0547554123009864,226,183
2013-03-02,7836,0.8763744425200476,239,197
2013-03-03,7098,0.8543753095682347,252,211
2013-03-04,11667,1.0370457657596102,265,225
2013-03-05,12172,1.0195034500300204,278,239
2013-03-06,11800,1.0152750083422357,291,253
2013-03-07,11918,1.0254233794217171,305,268
2013-03-08,11787,1.0198944534687238,318,282
2013-03-09,7946,0.8983639363963747,331,296
2013-03-10,6610,0.8067139308865469,344,310
2013-03-11,11591,1.0399173162265052,356,323
2013-03-12,12102,1.018368170595108,9,337
2013-03-13,11937,1.0418907026429745,21,350
2013-03-14,11831,1.021142005217697,33,3
2013-03-15,11811,1.025981735017228,44,15
2013-03-16,7906,0.8932394415373731,55,27
2013-03-17,7134,0.8621312807829206,66,39
2013-03-18,11825,1.054921666852905,77,51
2013-03-19,12070,1.0208441491056885,88,63
2013-03-20,12024,1.029823398577821,99,75
2013-03-21,12096,1.035730922461806,110,87
2013-03-22,11949,1.0385377358048549,121,99
2013-03-23,7876,0.8914172719159814,133,112
2013-03-24,6956,0.8549818158647439,144,124
2013-03-25,11619,1.0433196928838167,157,138
2013-03-26,12199,1.0327665340303123,169,151
2013-03-27,12204,1.0541912167556904,182,165
2013-03-28,12006,1.0396649129249453,195,179
2013-03-29,10986,0.9589233729778097,208,193
2013-03-30,7863,0.89439573866304,221,207
2013-03-31,6735,0.8320727953124224,235,222
2013-04-01,10440,0.9756405598890106,248,236
2013-04-02,12389,1.0535424028915732,261,250
2013-04-03,12081,1.042517940786547,275,264
2013-04-04,12019,1.0396010963698337,288,278
2013-04-05,11858,1.0353848301288973,300,292
2013-04-06,7789,0.891805967198153,313,306
2013-04-07,6796,0.8398628158491207,326,319
2013-04-08,11423,1.0352274909277612,338,333
2013-04-09,12074,1.0304827400218914,350,346
2013-04-10,11759,1.0283846074031207,2,358
2013-04-11,11765,1.0258530716064829,13,11
2013-04-12,11494,1.0101909432203042,25,23
2013-04-13,7643,0.8875517892563377,36,35
2013-04-14,6898,0.8604653777680643,47,47
2013-04-15,11318,1.0260816466110605,58,59
2013-04-16,12168,1.0373414199927764,68,71
2013-04-17,11765,1.0235567052705445,79,83
2013-04-18,11665,1.0181278206770477,90,95
2013-04-19,11511,1.0109956366111807,101,107
2013-04-20,7718,0.8853636011788922,113,119
2013-04-21,6722,0.8331101969191215,125,132
2013-04-22,11410,1.0391107713769747,137,145
2013-04-23,11956,1.023288447733998,150,159
2013-04-24,11537,1.0085284361209197,163,173
2013-04-25,11620,1.0163928752307079,176,187
2013-04-26,11442,1.005662079886248,190,202
2013-04-27,7651,0.8800235623378171,203,217
2013-04-28,6852,0.8538567811477136,217,232
2013-04-29,11259,1.0335652613449682,231,246
2013-04-30,11825,1.0239440188259603,245,261
2013-05-01,11948,1.0352258950670732,258,275
2013-05-02,11787,1.0217353843547128,271,289
2013-05-03,11805,1.0364515935304155,284,303
2013-05-04,7714,0.8852826604306937,296,316
2013-05-05,6609,0.8110518578508624,308,329
2013-05-06,11316,1.0233630703157053,320,342
2013-05-07,12275,1.0433114036068456,332,355
2013-05-08,11867,1.0286683424907648,343,7
2013-05-09,11628,1.0127063975434403,355,20
2013-05-10,11813,1.0303640310565665,6,32
2013-05-11,7727,0.8787041936297553,17,44
2013-05-12,7060,0.8650731068491977,28,56
2013-05-13,11289,1.0322920590506424,39,67
2013-05-14,12345,1.0478448430163088,49,79
2013-05-15,12184,1.0408196629027482,60,91
2013-05-16,12145,1.0418387100328388,71,103
2013-05-17,11945,1.032948491229339,83,115
2013-05-18,7764,0.8749448501699085,94,128
2013-05-19,7049,0.861865805984242,106,140
2013-05-20,11968,1.0619926925724532,118,154
2013-05-21,12685,1.0541949827325445,131,167
2013-05-22,12366,1.0472639582525378,144,181
2013-05-23,12523,1.0564768617044011,157,196
2013-05-24,12265,1.0425307346954162,171,210
2013-05-25,8156,0.9243246790705325,185,225
2013-05-26,6880,0.8577360740358385,199,240
2013-05-27,7351,0.6758182604390369,213,256
2013-05-28,12462,1.061464939129941,227,270
2013-05-29,13062,1.1360251529700909,241,285
2013-05-30,12798,1.1329139580843062,254,299
2013-05-31,12082,1.064221523354723,267,313
2013-06-01,8320,0.9307182536259072,279,326
2013-06-02,7015,0.836850309796614,291,339
2013-06-03,11718,1.0320945507231543,303,352
2013-06-04,12315,1.0251829094964833,314,4
2013-06-05,12343,1.0465992490271097,326,17
2013-06-06,11935,1.0178315793000214,337,29
2013-06-07,12203,1.048084883949477,348,41
2013-06-08,8184,0.9167079686881452,359,53
2013-06-09,7306,0.884197043224257,10,64
2013-06-10,11852,1.0461108928890823,20,76
2013-06-11,12304,1.0225124322374042,31,88
2013-06-12,11924,1.0087086809423704,42,100
2013-06-13,12096,1.0434752118336155,53,112
2013-06-14,12046,1.033440552532287,65,124
2013-06-15,8235,0.9124176049296121,76,137
2013-06-16,7267,0.8669827750212229,88,149
2013-06-17,12166,1.0649746852914819,100,162
2013-06-18,12754,1.0499909015161235,112,176
2013-06-19,12217,1.0297311678144556,125,190
2013-06-20,12417,1.040877735555383,139,204
2013-06-21,12175,1.0310875977992355,152,219
2013-06-22,8301,0.9142919669420511,166,234
2013-06-23,7435,0.8889158046094691,181,249
2013-06-24,12033,1.0492089372522797,195,264
2013-06-25,12819,1.0440129851102617,209,279
2013-06-26,12526,1.0398103479498815,223,294
2013-06-27,12733,1.0563743861919017,237,309
2013-06-28,12585,1.0471564086470884,250,322
2013-06-29,8325,0.8997286500458092,262,336
2013-06-30,7319,0.8506444272962812,274,349
2013-07-01,12558,1.0576110161312855,286,1
2013-07-02,13437,1.060859028676882,297,14
2013-07-03,13247,1.0964476921678092,308,26
2013-07-04,8883,0.8520832698791492,319,38
2013-07-05,11318,1.0404788508936296,330,50
2013-07-06,8420,0.9169861849559836,341,61
2013-07-07,7454,0.8368513349669318,352,73
2013-07-08,12493,1.0302843793466439,3,85
2013-07-09,13408,1.052170086147608,14,97
2013-07-10,12915,1.0352036051896725,25,109
2013-07-11,12806,1.039173506522323,36,121
2013-07-12,12535,1.0298753950737574,47,134
2013-07-13,8485,0.9159658096563015,59,146
2013-07-14,7536,0.8658394599648614,71,159
2013-07-15,12506,1.0464862325393913,83,172
2013-07-16,13083,1.0277426046373208,95,185
2013-07-17,12912,1.0349769703881957,108,199
2013-07-18,12824,1.0381777015849727,121,213
2013-07-19,12528,1.027463097515504,134,227
2013-07-20,8389,0.891248647865679,148,242
2013-07-21,7564,0.8667154533786149,163,257
2013-07-22,12544,1.0507130635468755,177,273
2013-07-23,13316,1.0488957801289711,191,288
2013-07-24,12804,1.0339215839302012,205,303
2013-07-25,12860,1.0395413164827099,218,317
2013-07-26,12249,1.0030242190845453,231,331
2013-07-27,8328,0.8839023074736384,244,345
2013-07-28,7492,0.855999581583781,256,358
2013-07-29,12096,1.0176161746228747,268,10
2013-07-30,12880,1.018232627853776,279,23
2013-07-31,12625,1.02168408544807,290,35
2013-08-01,12971,1.0482545643440986,301,47
2013-08-02,12561,1.025170533852068,312,58
2013-08-03,8539,0.9080801611550586,323,70
2013-08-04,7600,0.8758984272312116,334,82
2013-08-05,12434,1.046935669760129,345,94
2013-08-06,13055,1.0336056279800692,356,106
2013-08-07,13109,1.054235778884873,7,118
2013-08-08,13207,1.0580639085703514,19,131
2013-08-09,12756,1.025942709709014,30,143
2013-08-10,8777,0.9242564659006531,42,156
2013-08-11,7797,0.8936919008322178,54,169
2013-08-12,12391,1.0336750037407787,66,182
2013-08-13,12975,1.0301040278900973,78,195
2013-08-14,13049,1.0476640790595964,91,209
2013-08-15,13101,1.0469249390496622,104,223
2013-08-16,12702,1.024553756994276,117,237
2013-08-17,8747,0.9181331617796832,131,252
2013-08-18,7612,0.8682869740245992,145,266
2013-08-19,12426,1.0389421556150313,159,281
2013-08-20,13051,1.021054035544987,173,296
2013-08-21,12903,1.035833580331707,186,311
2013-08-22,12873,1.0376512369596762,200,325
2013-08-23,12805,1.0396637352880147,213,339
2013-08-24,8801,0.934872589324364,225,353
2013-08-25,7638,0.8760482168831824,237,6
2013-08-26,12293,1.0316124920356253,249,18
2013-08-27,13131,1.0306626401962788,260,31
2013-08-28,13129,1.0447687502929217,272,43
2013-08-29,12873,1.0288887592559812,283,55
2013-08-30,12814,1.034646300006511,293,67
2013-08-31,8759,0.9228973069257288,304,79
2013-09-01,7620,0.9040385275244323,315,90
2013-09-02,7896,0.696977037944713,326,102
2013-09-03,12910,1.049715262420188,338,115
2013-09-04,13680,1.1326698195554072,349,127
2013-09-05,13337,1.1113576627946182,1,140
2013-09-06,12876,1.067898001400084,13,153
2013-09-07,8800,0.9500745233030867,25,166
2013-09-08,7737,0.8698252997763983,37,179
2013-09-09,12653,1.0187910364020218,49,192
2013-09-10,13440,1.025869526567233,62,206
2013-09-11,12074,0.9612803195478679,75,220
2013-09-12,13460,1.0619904319918563,88,234
2013-09-13,12669,1.0164465153936015,101,248
2013-09-14,8795,0.9062622320255042,114,262
2013-09-15,7865,0.8698968732645556,128,276
2013-09-16,12842,1.0382531489908657,141,291
2013-09-17,13542,1.0285922390729685,155,305
2013-09-18,13242,1.0272559040857454,168,320
2013-09-19,13333,1.035805709747418,181,334
2013-09-20,13040,1.019351989701526,194,347
2013-09-21,8863,0.9031317050709765,206,1
2013-09-22,7817,0.866157537866566,218,14
2013-09-23,12715,1.0346788131272278,230,26
2013-09-24,13173,1.009276102948638,241,39
2013-09-25,13042,1.0197816759337113,252,51
2013-09-26,13044,1.0241282812937962,263,63
2013-09-27,12774,1.0141142800483929,274,75
2013-09-28,8704,0.904877690635759,285,87
2013-09-29,7618,0.8654222379952263,296,98
2013-09-30,12115,1.0151599312694257,307,111
2013-10-01,13195,1.0320540181473472,318,123
2013-10-02,12614,1.011399028953747,330,135
2013-10-03,12880,1.042073574467509,342,148
2013-10-04,12493,1.0268378472181623,354,161
2013-10-05,8593,0.917872109868454,6,175
2013-10-06,7471,0.8706422185485677,19,188
2013-10-07,11877,1.020411729147286,32,202
2013-10-08,12765,1.034981296117944,45,216
2013-10-09,12393,1.0288788974682814,58,230
2013-10-10,12804,1.0561662711787678,71,245
2013-10-11,12192,1.023642476468397,84,259
2013-10-12,8223,0.9017256240152153,98,273
2013-10-13,7172,0.8680268112608633,111,287
2013-10-14,11736,1.0333370479912962,124,301
2013-10-15,12582,1.0323339333123778,137,315
2013-10-16,12227,1.0253032630803947,150,329
2013-10-17,12220,1.032180816117024,162,342
2013-10-18,12169,1.038609237022457,175,356
2013-10-19,7995,0.89053903954423,187,9
2013-10-20,7121,0.8607015990105618,199,22
2013-10-21,11687,1.032029641266439,210,34
2013-10-22,12462,1.0369593501984573,221,47
2013-10-23,12223,1.0390238837174894,232,59
2013-10-24,12320,1.0471641918833932,243,71
2013-10-25,12210,1.0432231752040655,254,82
2013-10-26,8077,0.8980547594937311,265,94
2013-10-27,7139,0.8621368368703766,276,106
2013-10-28,12199,1.0823464797153932,287,118
2013-10-29,12519,1.0475136699584242,299,131
2013-10-30,11752,1.0099233644350512,310,143
2013-10-31,10975,0.9905792166386199,322,156
2013-11-01,12653,1.095572833128789,334,170
2013-11-02,8407,0.9314704146690099,347,183
2013-11-03,7368,0.8868665036631194,360,197
2013-11-04,12164,1.0729782139233697,13,211
2013-11-05,12785,1.059879377037317,27,226
2013-11-06,12113,1.0271065527329113,40,241
2013-11-07,12566,1.0668577529893697,54,255
2013-11-08,12026,1.025989964937915,67,270
2013-11-09,8092,0.9001457921379158,81,284
2013-11-10,7258,0.8745681894181095,94,298
2013-11-11,11418,1.0090383530897578,107,312
2013-11-12,13669,1.1384209763523567,119,325
2013-11-13,12130,1.0450949562876708,132,339
2013-11-14,12206,1.0433949945305898,144,352
2013-11-15,12339,1.0514272499555282,156,5
2013-11-16,8305,0.9210062750956214,167,18
2013-11-17,7348,0.8825845120272078,179,30
2013-11-18,12154,1.0676398571435317,190,43
2013-11-19,12413,1.0255520813474683,201,55
2013-11-20,12503,1.0379297971150399,212,67
2013-11-21,12499,1.0413485051327498,223,79
2013-11-22,12459,1.0865639964982425,234,91
2013-11-23,8239,0.970981714446058,245,102
2013-11-24,7362,0.9618404836134264,256,114
2013-11-25,12658,1.205989122245809,267,126
2013-11-26,13211,1.1983613774478121,278,139
2013-11-27,11782,1.0881294777463577,290,151
2013-11-28,7175,0.6603183203789317,302,164
2013-11-29,9077,0.8061860211095488,314,177
2013-11-30,7778,0.8751254577380604,327,191
2013-12-01,7449,0.8907488105394906,340,205
2013-12-02,12512,1.1015374631957817,353,220
2013-12-03,13352,1.1124932387046669,7,235
2013-12-04,12947,1.10732636502582,21,250
2013-12-05,12437,1.0672258634356713,35,265
2013-12-06,11861,1.0296729182982096,49,280
2013-12-07,8068,0.9135678743122003,63,294
2013-12-08,7226,0.8818243776824327,76,308
2013-12-09,11824,1.0609594612589488,89,322
2013-12-10,12597,1.0608633745859135,101,336
2013-12-11,12413,1.0647669967994797,113,349
2013-12-12,12485,1.0601422143415509,125,2
2013-12-13,11484,0.9899929959107713,137,14
2013-12-14,8163,0.9112630051126932,148,27
2013-12-15,7305,0.8704659777538195,160,39
2013-12-16,12316,1.066743856739258,171,51
2013-12-17,13252,1.0683083678989818,182,63
2013-12-18,13132,1.0707016703404195,193,75
2013-12-19,13320,1.0766895175970554,203,87
2013-12-20,13248,1.0774610621959244,214,99
2013-12-21,8836,0.9386030585413836,225,111
2013-12-22,7535,0.8997460467709292,236,123
2013-12-23,12140,1.1389765339039566,247,135
2013-12-24,9194,0.93052637018385,258,147
2013-12-25,6620,0.78697085907617,270,159
2013-12-26,11375,1.1659695167033333,281,172
2013-12-27,13588,1.1671769463074222,294,185
2013-12-28,9203,0.9625197108132935,306,199
2013-12-29,7896,0.8894166925986947,319,213
2013-12-30,13096,1.0810631094344583,333,228
2013-12-31,12525,1.0475403336695304,347,243
2014-01-01,8018,0.8803748355613135,1,258
2014-01-02,11171,1.095037960367226,15,273
2014-01-03,12317,1.0862660264265982,29,288
2014-01-04,8199,0.9252628378237872,43,303
2014-01-05,7174,0.882280792809495,57,318
2014-01-06,11400,1.0292382366127708,70,332
2014-01-07,12310,1.0262640993335916,83,346
2014-01-08,11829,1.0313379853941353,95,359
2014-01-09,11827,1.0471600527329121,106,12
2014-01-10,11989,1.0372840018926348,118,24
2014-01-11,8292,0.9285746089459045,129,36
2014-01-12,7298,0.8898963546101845,140,48
2014-01-13,11714,1.0665422448428283,151,60
2014-01-14,12598,1.0366971137841017,162,72
2014-01-15,11785,1.0205938360622493,173,84
2014-01-16,11822,1.0338989813137454,184,96
2014-01-17,11932,1.032265572405422,195,108
2014-01-18,8143,0.9133339583207684,206,120
2014-01-19,6924,0.852198340260393,216,132
2014-01-20,11024,0.9897379944341617,228,144
2014-01-21,12177,1.0120565855039012,239,156
2014-01-22,11936,1.0259705881004932,250,169
2014-01-23,12162,1.0503919206927523,262,181
2014-01-24,11840,1.0171583885972486,274,194
2014-01-25,8190,0.9162828246455851,286,208
2014-01-26,7424,0.9085186877529351,299,222
2014-01-27,11561,1.0402996601709276,313,236
2014-01-28,12031,1.0012650237424559,326,251
2014-01-29,11381,0.9875186163973608,340,266
2014-01-30,11651,1.0145415897636694,355,281
2014-01-31,11843,1.03155745602585,9,297
2014-02-01,8206,0.9224669713762961,23,312
2014-02-02,7265,0.8812946726754101,37,326
2014-02-03,11825,1.061482211288663,50,341
2014-02-04,12519,1.0393717475932278,63,354
2014-02-05,11914,1.0250729735919408,75,8
2014-02-06,11807,1.0225177433128312,87,21
2014-02-07,12246,1.047252631600578,98,33
2014-02-08,8129,0.9070542656424202,110,45
2014-02-09,7060,0.8618782204116532,121,57
2014-02-10,11886,1.053868416094741,132,69
2014-02-11,12311,1.0112432136905907,142,81
2014-02-12,12154,1.0249638410170536,153,93
2014-02-13,11384,0.9992189772581841,164,105
2014-02-14,12494,1.0226596895970623,175,117
2014-02-15,8391,0.9271723132043515,186,129
2014-02-16,7259,0.882223470789023,197,141
2014-02-17,11144,0.9968582515332242,208,153
2014-02-18,12331,1.016211521944063,220,166
2014-02-19,11932,1.0252362544779505,231,178
2014-02-20,12142,1.0391881823041227,243,191
2014-02-21,11988,1.0302538531337562,255,204
2014-02-22,8049,0.8890157856010578,268,217
2014-02-23,7092,0.8607157098241008,280,231
2014-02-24,11621,1.0333594759718843,294,245
2014-02-25,12291,1.007555675148848,307,260
2014-02-26,11932,1.0182746449855942,321,275
2014-02-27,11856,1.022039240977501,335,290
2014-02-28,11671,0.9983809475176268,349,305
2014-03-01,8186,0.9218375777505707,3,320
2014-03-02,7267,0.876994977610299,16,334
2014-03-03,11793,1.0362280888311142,30,349
2014-03-04,12065,0.9858213921562418,43,2
2014-03-05,12129,1.0285456282252743,55,16
2014-03-06,12069,1.0362544250243053,67,29
2014-03-07,12035,1.0285829857520576,79,41
2014-03-08,8140,0.908017869885778,90,54
2014-03-09,6789,0.8282400494180022,101,66
2014-03-10,11620,1.0352436919983594,112,78
2014-03-11,12084,0.9965998277057968,123,89
2014-03-12,11819,1.006932158845676,134,101
2014-03-13,11623,1.0123685121569173,144,113
2014-03-14,11841,1.0151880007664726,156,125
2014-03-15,8080,0.904862030456767,167,137
2014-03-16,6973,0.8501144849010772,178,150
2014-03-17,11936,1.052973582885515,190,162
2014-03-18,12231,1.0030283681411407,201,175
2014-03-19,11953,1.0235307714562585,213,188
2014-03-20,12266,1.0483593435046743,225,201
2014-03-21,11987,1.019551287485872,238,214
2014-03-22,8109,0.9086069721306452,250,228
2014-03-23,7147,0.8728624057267522,263,242
2014-03-24,11542,1.0356112088693497,276,256
2014-03-25,12342,1.0187470925032835,289,270
2014-03-26,11809,1.0121919015779626,303,284
2014-03-27,11823,1.0191504634722093,316,299
2014-03-28,11730,1.0089890850289984,330,314
2014-03-29,8153,0.9174444889577862,343,328
2014-03-30,7215,0.8855731705875712,357,342
2014-03-31,11511,1.0381381343571172,10,356
2014-04-01,11710,1.0059547141949712,23,10
2014-04-02,12003,1.0334212398478622,35,24
2014-04-03,11984,1.031990919117423,47,37
2014-04-04,12319,1.0584424673759365,59,49
2014-04-05,7926,0.8922005033144252,70,62
2014-04-06,7127,0.8805258259841711,81,74
2014-04-07,11508,1.038181305693475,92,86
2014-04-08,12187,1.015277163447593,103,98
2014-04-09,11875,1.026112502449235,114,109
2014-04-10,12026,1.049541942871258,125,121
2014-04-11,12018,1.0409235614174055,136,133
2014-04-12,7980,0.9041764959627964,147,146
2014-04-13,7181,0.8998320143844376,159,158
2014-04-14,11912,1.0847090480661716,171,171
2014-04-15,12274,1.0228937756139451,183,184
2014-04-16,11858,1.0234951159431653,195,197
2014-04-17,12070,1.0479019981974547,208,211
2014-04-18,11132,0.9651263368105542,220,225
2014-04-19,7641,0.8651760152120251,233,239
2014-04-20,6877,0.8512606984016665,246,253
2014-04-21,11664,1.0552851349159262,260,267
2014-04-22,12528,1.0487938548835014,273,281
2014-04-23,12014,1.0410500345934566,286,295
2014-04-24,12178,1.0623427227951665,299,309
2014-04-25,11811,1.0262083902972818,312,324
2014-04-26,7949,0.9007010571487688,325,338
2014-04-27,7184,0.8916390728624749,338,351
2014-04-28,11681,1.0625908432989752,351,5
2014-04-29,12121,1.0228424013955182,3,18
2014-04-30,11591,1.016173301708908,16,32
2014-05-01,12412,1.073186255848931,27,44
2014-05-02,12011,1.0342076002864864,39,57
2014-05-03,8015,0.9072032620064352,50,69
2014-05-04,7171,0.888032203962479,62,82
2014-05-05,11788,1.0560181107083555,73,93
2014-05-06,12487,1.038071100660419,84,105
2014-05-07,12127,1.043560522498155,94,117
2014-05-08,12166,1.052387464910585,105,129
2014-05-09,11949,1.0337213812386021,117,141
2014-05-10,8100,0.9108220768856583,128,154
2014-05-11,7145,0.8767599222815146,140,166
2014-05-12,11671,1.0439376158572193,152,179
2014-05-13,12057,1.0134878846168707,164,193
2014-05-14,12234,1.0513472248545177,177,206
2014-05-15,12387,1.0559543843046453,190,220
2014-05-16,12065,1.0280724105970935,203,234
2014-05-17,8051,0.8975535778325006,216,249
2014-05-18,7200,0.8755366260795348,230,263
2014-05-19,11925,1.0643608592917506,243,278
2014-05-20,12854,1.0485048182222332,257,292
2014-05-21,12545,1.0555357558772946,270,306
2014-05-22,12634,1.0677294218654823,283,320
2014-05-23,12631,1.0584802330100174,296,334
2014-05-24,8456,0.9266256829571694,309,348
2014-05-25,7393,0.904096332009022,321,1
2014-05-26,7657,0.696854729973071,333,14
2014-05-27,12490,1.0555483344057026,345,27
2014-05-28,13411,1.1565139608929815,357,40
2014-05-29,12753,1.1068379715665617,9,53
2014-05-30,12257,1.0777856959136372,20,65
2014-05-31,8462,0.9609134492030053,32,78
2014-06-01,7474,0.9021830601455061,43,90
2014-06-02,11885,1.034993588783178,54,102
2014-06-03,12246,0.9914993493152947,65,113
2014-06-04,12320,1.0383636100624407,76,125
2014-06-05,12256,1.0370551781194814,87,137
2014-06-06,11965,1.013583678125014,98,149
2014-06-07,8164,0.9039634821547058,109,162
2014-06-08,7359,0.8894690855468929,121,174
2014-06-09,11886,1.0500826525862925,133,187
2014-06-10,12513,1.015265697671256,145,201
2014-06-11,12090,1.0172328718050585,158,214
2014-06-12,12442,1.050333966505173,171,229
2014-06-13,11651,0.9983825194956203,185,243
2014-06-14,8199,0.9068210048982162,199,258
2014-06-15,7375,0.8817363537062362,213,273
2014-06-16,12068,1.0510151543638884,227,288
2014-06-17,12555,1.0102767921197027,240,303
2014-06-18,12524,1.0438882099159679,254,317
2014-06-19,12217,1.027583874356475,267,331
2014-06-20,12532,1.0435105201613433,280,345
2014-06-21,8299,0.9060880485663283,292,358
2014-06-22,7414,0.8811579043651148,304,11
2014-06-23,11939,1.0419958153860605,316,24
2014-06-24,12704,1.0182648132386434,328,37
2014-06-25,12499,1.030620629434612,340,49
2014-06-26,12621,1.0455117469050206,351,62
2014-06-27,12236,1.0083701920721426,2,74
2014-06-28,8441,0.9054621060140963,13,86
2014-06-29,7563,0.8819989694086363,24,98
2014-06-30,12243,1.0387296564406754,35,110
2014-07-01,13575,1.050939008514777,46,122
2014-07-02,13183,1.0537593041338138,57,134
2014-07-03,13043,1.077311505294369,68,146
2014-07-04,9278,0.8840364094365568,79,158
2014-07-05,7778,0.9218272678396525,91,170
2014-07-06,7568,0.8893618461772359,102,182
2014-07-07,13038,1.0685338118602257,114,195
2014-07-08,13500,1.0234257287977624,127,209
2014-07-09,12577,0.9992423232241886,139,223
2014-07-10,13146,1.0515221259394865,153,237
2014-07-11,12699,1.0236170220842384,167,252
2014-07-12,8650,0.9162088783194112,181,267
2014-07-13,7626,0.888322959175145,195,282
2014-07-14,12394,1.0395044294218003,209,297
2014-07-15,13207,1.0159011681840069,223,312
2014-07-16,12881,1.0244680288230794,237,327
2014-07-17,12817,1.025219777218892,250,341
2014-07-18,12439,1.000292615686839,263,355
2014-07-19,8720,0.9219747285202695,276,8
2014-07-20,7567,0.8674792455242977,288,21
2014-07-21,12497,1.045319753369892,299,34
2014-07-22,13239,1.0193784676903355,311,47
2014-07-23,12692,1.0121862318157122,322,59
2014-07-24,12929,1.0418382399735744,334,71
2014-07-25,12662,1.0167086143068658,345,83
2014-07-26,8740,0.9226569594370186,356,95
2014-07-27,7822,0.8958350125644365,7,107
2014-07-28,12532,1.045236429049105,17,119
2014-07-29,13252,1.0248394563297676,28,131
2014-07-30,12752,1.0206603896274022,39,142
2014-07-31,12673,1.0234298950258822,50,154
2014-08-01,12782,1.026090161834863,61,166
2014-08-02,8814,0.9273912409122881,73,179
2014-08-03,7679,0.881187872147732,84,191
2014-08-04,12511,1.052568929332277,96,204
2014-08-05,13415,1.0383218608682279,108,217
2014-08-06,12900,1.0340451690132981,121,231
2014-08-07,13152,1.0554882677330668,135,245
2014-08-08,12887,1.0255408373935988,148,260
2014-08-09,8958,0.9288331384391082,162,275
2014-08-10,7832,0.889950286996223,177,291
2014-08-11,12589,1.0533431833459248,191,306
2014-08-12,13413,1.0285745371987771,205,321
2014-08-13,12817,1.0302245945279564,219,336
2014-08-14,13031,1.044037239140087,233,350
2014-08-15,13048,1.0357345278516437,246,4
2014-08-16,8885,0.9239279774933323,258,18
2014-08-17,7783,0.8815363950832726,270,31
2014-08-18,12582,1.047689411438642,282,43
2014-08-19,13198,1.0143791878238755,294,56
2014-08-20,13167,1.0429502257990546,305,68
2014-08-21,13153,1.053701337283173,316,80
2014-08-22,12891,1.0321710047254449,327,92
2014-08-23,8912,0.932838656528957,338,104
2014-08-24,7630,0.8745640331991777,349,116
2014-08-25,12346,1.0336963820320657,359,128
2014-08-26,13278,1.0242914845003233,10,140
2014-08-27,13113,1.0420597086722787,21,151
2014-08-28,13418,1.0655399458352377,32,164
2014-08-29,13099,1.0399685432347188,44,176
2014-08-30,8899,0.9263315167477536,55,188
2014-08-31,7884,0.8963799576222278,67,201
2014-09-01,8043,0.6965758350693108,79,214
2014-09-02,13071,1.060601733088442,91,227
2014-09-03,13863,1.1412329522939209,104,240
2014-09-04,13556,1.1200623879409255,117,255
2014-09-05,13457,1.1138773095836285,130,269
2014-09-06,8806,0.9415546468558298,144,284
2014-09-07,7770,0.905196130141523,158,299
2014-09-08,12743,1.0458020512295094,172,314
2014-09-09,13629,1.008759843964878,187,329
2014-09-10,13230,1.0224086501404959,200,344
2014-09-11,12104,0.9616592575349084,214,359
2014-09-12,13415,1.051379800016431,227,13
2014-09-13,8903,0.9208663699805716,240,26
2014-09-14,8109,0.9016375859137189,252,39
2014-09-15,13018,1.0510700901270011,264,52
2014-09-16,13661,1.015278687769971,275,65
2014-09-17,13341,1.0259368477459327,286,77
2014-09-18,13451,1.041293260155796,297,89
2014-09-19,13129,1.013154032977903,308,101
2014-09-20,9202,0.9273567912576071,319,113
2014-09-21,8002,0.8798640147734114,330,125
2014-09-22,12713,1.0283079464915594,341,136
2014-09-23,13149,0.9835899987541795,352,148
2014-09-24,13033,1.0109775328074415,3,160
2014-09-25,12908,1.0071992347319538,14,173
2014-09-26,12478,0.9731548650483717,26,185
2014-09-27,8797,0.9003525990706508,37,198
2014-09-28,7639,0.8569474251413335,49,211
2014-09-29,12318,1.0215171205349043,61,224
2014-09-30,12959,0.9981934737565884,74,237
2014-10-01,13082,1.0359504650766687,86,251
2014-10-02,12841,1.0274530220577212,99,265
2014-10-03,12539,1.0077175680924202,113,279
2014-10-04,8425,0.8927360680435072,126,293
2014-10-05,7484,0.8626165979004143,140,308
2014-10-06,11893,1.011744315415828,154,323
2014-10-07,12860,1.0156447808688764,168,338
2014-10-08,12363,1.014862866149525,181,352
2014-10-09,12130,1.0049443972007297,195,7
2014-10-10,12155,0.995944183188935,208,21
2014-10-11,8262,0.894286304289029,220,34
2014-10-12,7283,0.8617893053272736,233,48
2014-10-13,11241,0.9931530353564341,244,60
2014-10-14,12658,1.0245170206346639,256,73
2014-10-15,12405,1.0304788943189247,267,85
2014-10-16,12506,1.0465121477144639,278,97
2014-10-17,12087,1.0141367175395941,289,109
2014-10-18,8305,0.9138080313070613,300,121
2014-10-19,7279,0.8748888539734273,311,133
2014-10-20,11744,1.0362058367284552,322,145
2014-10-21,12565,1.019961565648857,333,157
2014-10-22,12282,1.0347010469461295,344,169
2014-10-23,12162,1.031682681405635,356,182
2014-10-24,12119,1.0232088038698137,7,194
2014-10-25,8256,0.9093881504513458,19,207
2014-10-26,7576,0.9089486972093422,32,220
2014-10-27,12007,1.0585020369207176,44,234
2014-10-28,12831,1.0464892457567074,57,248
2014-10-29,12102,1.0252246008362844,69,261
2014-10-30,12192,1.0455504977316075,82,275
2014-10-31,10837,0.9715992343272292,96,289
2014-11-01,8367,0.9339756629051481,109,304
2014-11-02,7736,0.9248922675272093,122,318
2014-11-03,12309,1.081557901191863,135,332
2014-11-04,12748,1.0336862381319694,149,347
2014-11-05,12461,1.0458765265678853,162,1
2014-11-06,12489,1.0567806936841264,175,15
2014-11-07,12422,1.0475973587576974,188,29
2014-11-08,8268,0.9093695873785613,200,42
2014-11-09,7479,0.8977329885888399,212,55
2014-11-10,11898,1.0465718401753608,224,68
2014-11-11,12794,1.039336474368988,236,81
2014-11-12,12244,1.0324315727890845,247,93
2014-11-13,12103,1.0405942132645143,258,105
2014-11-14,12234,1.0388127398773326,269,117
2014-11-15,8305,0.9123404813134025,280,129
2014-11-16,7219,0.8638665616025967,291,141
2014-11-17,11784,1.03323296993984,302,153
2014-11-18,12822,1.0353650626978614,313,165
2014-11-19,12100,1.0121343067393453,324,177
2014-11-20,12541,1.0389133784192106,336,190
2014-11-21,12638,1.0459058413650606,348,203
2014-11-22,8647,0.9722000250097457,360,216
2014-11-23,7497,0.9533902996535311,13,230
2014-11-24,12791,1.2199165014908064,26,244
2014-11-25,13349,1.1691203481971253,39,258
2014-11-26,11747,1.0788247221875982,52,272
2014-11-27,7351,0.6774876802511897,65,286
2014-11-28,9049,0.8272284024512421,78,300
2014-11-29,8035,0.9200191206474223,92,315
2014-11-30,7228,0.8775405472466499,105,329
2014-12-01,12584,1.0984855644118452,118,343
2014-12-02,13083,1.0587954462272924,130,357
2014-12-03,12427,1.0483086402093553,143,10
2014-12-04,12384,1.0569656121864022,156,24
2014-12-05,11964,1.01978946035582,168,37
2014-12-06,8280,0.9266726930510759,180,50
2014-12-07,7196,0.879250762920831,192,63
2014-12-08,11773,1.0487926979486255,204,76
2014-12-09,12419,1.0243613483446905,215,89
2014-12-10,12203,1.0404728406740755,227,101
2014-12-11,12042,1.0307892273073171,238,113
2014-12-12,12001,1.0122468289543909,248,125
2014-12-13,8596,0.9553299412021806,259,137
2014-12-14,7291,0.8782693171205948,270,148
2014-12-15,12013,1.0449642332620004,281,160
2014-12-16,12748,1.0149968912753804,292,173
2014-12-17,12684,1.0352452505607523,304,185
2014-12-18,12816,1.0427579920481846,315,198
2014-12-19,12714,1.0208498628558196,327,211
2014-12-20,8465,0.8875570369671595,340,224
2014-12-21,7382,0.8461492391290375,353,238
2014-12-22,12799,1.1156580340742819,6,253
2014-12-23,12604,1.08701783891575,20,267
2014-12-24,9308,0.9537891346535758,33,282
2014-12-25,6749,0.8006330467891084,47,297
2014-12-26,10386,1.0574930379649132,61,311
2014-12-27,8656,0.958553715126807,74,326
2014-12-28,7724,0.8717042120856325,87,340
2014-12-29,12811,1.053415089887032,100,353
2014-12-30,13634,1.0345890031335263,112,7
2014-12-31,11990,1.0152757489710103,125,20
